"rgn_id","year","population"
5,1950,64000
5,1951,65000
5,1952,66000
5,1953,67000
5,1954,68000
5,1955,69000
5,1956,71000
5,1957,73000
5,1958,75000
5,1959,77000
5,1960,80000
5,1961,83000
5,1962,85000
5,1963,88000
5,1964,91000
5,1965,93000
5,1966,96000
5,1967,99000
5,1968,101000
5,1969,105000
5,1970,109000
5,1971,115000
5,1972,120000
5,1973,126000
5,1974,131000
5,1975,137000
5,1976,142000
5,1977,145000
5,1978,146000
5,1979,148000
5,1980,150000
5,1981,151000
5,1982,153000
5,1983,155000
5,1984,158000
5,1985,160000
5,1986,163000
5,1987,166000
5,1988,169000
5,1989,172000
5,1990,176000
5,1991,181000
5,1992,186000
5,1993,191000
5,1994,196000
5,1995,2e+05
5,1996,205000
5,1997,210000
5,1998,214000
5,1999,219000
5,2000,223000
5,2001,228000
5,2002,232000
5,2003,237000
5,2004,241000
5,2005,244000
5,2006,248000
5,2007,251000
5,2008,254000
5,2009,257000
5,2010,262000
5,2011,267000
5,2012,272000
5,2013,277000
5,2014,281000
5,2015,283000
5,2016,283000
5,2017,284000
5,2018,284000
5,2019,284000
5,2020,284000
5,2021,285000
5,2022,287000
5,2023,290000
6,1950,52000
6,1951,52000
6,1952,53000
6,1953,54000
6,1954,55000
6,1955,57000
6,1956,58000
6,1957,59000
6,1958,61000
6,1959,63000
6,1960,64000
6,1961,66000
6,1962,68000
6,1963,70000
6,1964,72000
6,1965,74000
6,1966,77000
6,1967,79000
6,1968,81000
6,1969,84000
6,1970,86000
6,1971,89000
6,1972,92000
6,1973,94000
6,1974,97000
6,1975,1e+05
6,1976,103000
6,1977,107000
6,1978,110000
6,1979,113000
6,1980,116000
6,1981,118000
6,1982,121000
6,1983,124000
6,1984,127000
6,1985,130000
6,1986,134000
6,1987,137000
6,1988,141000
6,1989,144000
6,1990,148000
6,1991,152000
6,1992,156000
6,1993,159000
6,1994,163000
6,1995,167000
6,1996,171000
6,1997,175000
6,1998,178000
6,1999,182000
6,2000,186000
6,2001,191000
6,2002,196000
6,2003,201000
6,2004,206000
6,2005,211000
6,2006,216000
6,2007,221000
6,2008,227000
6,2009,233000
6,2010,238000
6,2011,243000
6,2012,249000
6,2013,254000
6,2014,260000
6,2015,266000
6,2016,272000
6,2017,279000
6,2018,285000
6,2019,292000
6,2020,299000
6,2021,306000
6,2022,313000
6,2023,320000
7,1950,109000
7,1951,111000
7,1952,113000
7,1953,116000
7,1954,119000
7,1955,122000
7,1956,125000
7,1957,129000
7,1958,132000
7,1959,136000
7,1960,140000
7,1961,143000
7,1962,146000
7,1963,150000
7,1964,153000
7,1965,157000
7,1966,160000
7,1967,164000
7,1968,168000
7,1969,172000
7,1970,177000
7,1971,181000
7,1972,185000
7,1973,190000
7,1974,195000
7,1975,201000
7,1976,207000
7,1977,214000
7,1978,222000
7,1979,230000
7,1980,238000
7,1981,247000
7,1982,255000
7,1983,264000
7,1984,273000
7,1985,282000
7,1986,292000
7,1987,301000
7,1988,311000
7,1989,321000
7,1990,331000
7,1991,342000
7,1992,352000
7,1993,363000
7,1994,374000
7,1995,385000
7,1996,396000
7,1997,407000
7,1998,419000
7,1999,431000
7,2000,440000
7,2001,449000
7,2002,458000
7,2003,466000
7,2004,475000
7,2005,483000
7,2006,492000
7,2007,5e+05
7,2008,509000
7,2009,518000
7,2010,533000
7,2011,553000
7,2012,574000
7,2013,595000
7,2014,617000
7,2015,639000
7,2016,662000
7,2017,686000
7,2018,709000
7,2019,728000
7,2020,744000
7,2021,763000
7,2022,781000
7,2023,8e+05
8,1950,7000
8,1951,8000
8,1952,8000
8,1953,8000
8,1954,8000
8,1955,8000
8,1956,9000
8,1957,9000
8,1958,9000
8,1959,9000
8,1960,9000
8,1961,10000
8,1962,10000
8,1963,10000
8,1964,10000
8,1965,11000
8,1966,11000
8,1967,11000
8,1968,11000
8,1969,11000
8,1970,11000
8,1971,12000
8,1972,12000
8,1973,13000
8,1974,13000
8,1975,13000
8,1976,13000
8,1977,13000
8,1978,12000
8,1979,12000
8,1980,12000
8,1981,12000
8,1982,13000
8,1983,13000
8,1984,13000
8,1985,14000
8,1986,14000
8,1987,14000
8,1988,15000
8,1989,15000
8,1990,15000
8,1991,16000
8,1992,16000
8,1993,16000
8,1994,17000
8,1995,17000
8,1996,18000
8,1997,18000
8,1998,19000
8,1999,19000
8,2000,19000
8,2001,19000
8,2002,20000
8,2003,20000
8,2004,20000
8,2005,20000
8,2006,20000
8,2007,19000
8,2008,19000
8,2009,19000
8,2010,18000
8,2011,18000
8,2012,18000
8,2013,18000
8,2014,18000
8,2015,18000
8,2016,18000
8,2017,18000
8,2018,18000
8,2019,18000
8,2020,18000
8,2021,18000
8,2022,18000
8,2023,18000
9,1950,32000
9,1951,33000
9,1952,34000
9,1953,35000
9,1954,36000
9,1955,37000
9,1956,38000
9,1957,39000
9,1958,40000
9,1959,42000
9,1960,43000
9,1961,45000
9,1962,46000
9,1963,48000
9,1964,49000
9,1965,51000
9,1966,52000
9,1967,54000
9,1968,55000
9,1969,57000
9,1970,59000
9,1971,61000
9,1972,62000
9,1973,64000
9,1974,66000
9,1975,67000
9,1976,69000
9,1977,71000
9,1978,73000
9,1979,75000
9,1980,77000
9,1981,80000
9,1982,82000
9,1983,85000
9,1984,87000
9,1985,90000
9,1986,92000
9,1987,95000
9,1988,97000
9,1989,99000
9,1990,101000
9,1991,103000
9,1992,105000
9,1993,107000
9,1994,109000
9,1995,110000
9,1996,111000
9,1997,111000
9,1998,111000
9,1999,112000
9,2000,112000
9,2001,112000
9,2002,112000
9,2003,112000
9,2004,112000
9,2005,111000
9,2006,111000
9,2007,110000
9,2008,109000
9,2009,108000
9,2010,108000
9,2011,108000
9,2012,108000
9,2013,108000
9,2014,108000
9,2015,109000
9,2016,109000
9,2017,109000
9,2018,110000
9,2019,110000
9,2020,111000
9,2021,112000
9,2022,112000
9,2023,113000
10,1950,3000
10,1951,4000
10,1952,4000
10,1953,4000
10,1954,4000
10,1955,4000
10,1956,4000
10,1957,4000
10,1958,4000
10,1959,4000
10,1960,5000
10,1961,5000
10,1962,5000
10,1963,5000
10,1964,6000
10,1965,6000
10,1966,6000
10,1967,6000
10,1968,6000
10,1969,7000
10,1970,7000
10,1971,7000
10,1972,7000
10,1973,7000
10,1974,7000
10,1975,7000
10,1976,7000
10,1977,7000
10,1978,7000
10,1979,7000
10,1980,8000
10,1981,8000
10,1982,8000
10,1983,8000
10,1984,8000
10,1985,9000
10,1986,9000
10,1987,9000
10,1988,9000
10,1989,9000
10,1990,10000
10,1991,10000
10,1992,10000
10,1993,10000
10,1994,10000
10,1995,10000
10,1996,10000
10,1997,10000
10,1998,10000
10,1999,10000
10,2000,10000
10,2001,10000
10,2002,10000
10,2003,10000
10,2004,10000
10,2005,10000
10,2006,10000
10,2007,10000
10,2008,10000
10,2009,10000
10,2010,10000
10,2011,10000
10,2012,10000
10,2013,11000
10,2014,11000
10,2015,11000
10,2016,11000
10,2017,11000
10,2018,11000
10,2019,12000
10,2020,12000
10,2021,12000
10,2022,12000
10,2023,12000
11,1950,13000
11,1951,13000
11,1952,13000
11,1953,13000
11,1954,13000
11,1955,13000
11,1956,14000
11,1957,14000
11,1958,14000
11,1959,14000
11,1960,15000
11,1961,15000
11,1962,16000
11,1963,16000
11,1964,17000
11,1965,17000
11,1966,18000
11,1967,19000
11,1968,20000
11,1969,21000
11,1970,23000
11,1971,23000
11,1972,24000
11,1973,25000
11,1974,25000
11,1975,26000
11,1976,27000
11,1977,28000
11,1978,29000
11,1979,30000
11,1980,31000
11,1981,32000
11,1982,33000
11,1983,35000
11,1984,36000
11,1985,38000
11,1986,39000
11,1987,41000
11,1988,42000
11,1989,44000
11,1990,45000
11,1991,46000
11,1992,46000
11,1993,47000
11,1994,48000
11,1995,48000
11,1996,49000
11,1997,49000
11,1998,50000
11,1999,50000
11,2000,51000
11,2001,51000
11,2002,51000
11,2003,52000
11,2004,52000
11,2005,52000
11,2006,52000
11,2007,52000
11,2008,52000
11,2009,52000
11,2010,52000
11,2011,52000
11,2012,51000
11,2013,51000
11,2014,50000
11,2015,49000
11,2016,48000
11,2017,47000
11,2018,45000
11,2019,44000
11,2020,43000
11,2021,41000
11,2022,40000
11,2023,39000
13,1950,68000
13,1951,68000
13,1952,69000
13,1953,70000
13,1954,71000
13,1955,72000
13,1956,73000
13,1957,74000
13,1958,75000
13,1959,76000
13,1960,79000
13,1961,80000
13,1962,82000
13,1963,85000
13,1964,87000
13,1965,89000
13,1966,92000
13,1967,94000
13,1968,95000
13,1969,96000
13,1970,98000
13,1971,101000
13,1972,106000
13,1973,109000
13,1974,112000
13,1975,114000
13,1976,116000
13,1977,119000
13,1978,121000
13,1979,124000
13,1980,128000
13,1981,133000
13,1982,138000
13,1983,144000
13,1984,149000
13,1985,154000
13,1986,160000
13,1987,166000
13,1988,172000
13,1989,177000
13,1990,182000
13,1991,185000
13,1992,188000
13,1993,192000
13,1994,195000
13,1995,198000
13,1996,204000
13,1997,211000
13,1998,217000
13,1999,224000
13,2000,228000
13,2001,229000
13,2002,229000
13,2003,228000
13,2004,228000
13,2005,226000
13,2006,226000
13,2007,224000
13,2008,223000
13,2009,221000
13,2010,221000
13,2011,221000
13,2012,219000
13,2013,219000
13,2014,217000
13,2015,217000
13,2016,215000
13,2017,213000
13,2018,212000
13,2019,210000
13,2020,210000
13,2021,211000
13,2022,211000
13,2023,212000
14,1950,7597000
14,1951,7863000
14,1952,8149000
14,1953,8451000
14,1954,8768000
14,1955,9104000
14,1956,9466000
14,1957,9851000
14,1958,10246000
14,1959,10644000
14,1960,11046000
14,1961,11454000
14,1962,11867000
14,1963,12286000
14,1964,12707000
14,1965,13125000
14,1966,13538000
14,1967,13901000
14,1968,14216000
14,1969,14524000
14,1970,14816000
14,1971,15121000
14,1972,15451000
14,1973,15773000
14,1974,16082000
14,1975,16365000
14,1976,16671000
14,1977,17020000
14,1978,17374000
14,1979,17736000
14,1980,18087000
14,1981,18413000
14,1982,18724000
14,1983,19023000
14,1984,19307000
14,1985,19572000
14,1986,19806000
14,1987,20016000
14,1988,20224000
14,1989,20419000
14,1990,20595000
14,1991,20782000
14,1992,20982000
14,1993,21175000
14,1994,21357000
14,1995,21534000
14,1996,21709000
14,1997,21885000
14,1998,22049000
14,1999,22204000
14,2000,22333000
14,2001,22446000
14,2002,22567000
14,2003,22664000
14,2004,22745000
14,2005,22825000
14,2006,22915000
14,2007,23007000
14,2008,23086000
14,2009,23164000
14,2010,23224000
14,2011,23273000
14,2012,23346000
14,2013,23417000
14,2014,23473000
14,2015,23529000
14,2016,23586000
14,2017,23633000
14,2018,23659000
14,2019,23674000
14,2020,23663000
14,2021,23558000
14,2022,23420000
14,2023,23317000
15,1950,18850000
15,1951,19568000
15,1952,20329000
15,1953,21133000
15,1954,21983000
15,1955,22881000
15,1956,23826000
15,1957,24816000
15,1958,25843000
15,1959,26908000
15,1960,27892000
15,1961,28793000
15,1962,29724000
15,1963,30675000
15,1964,31643000
15,1965,32625000
15,1966,33617000
15,1967,34621000
15,1968,35638000
15,1969,36661000
15,1970,37622000
15,1971,38519000
15,1972,39409000
15,1973,40294000
15,1974,41174000
15,1975,42121000
15,1976,43201000
15,1977,44368000
15,1978,45575000
15,1979,46807000
15,1980,48044000
15,1981,49312000
15,1982,50696000
15,1983,52195000
15,1984,53726000
15,1985,55213000
15,1986,56645000
15,1987,58157000
15,1988,59739000
15,1989,61265000
15,1990,62855000
15,1991,64382000
15,1992,65926000
15,1993,67531000
15,1994,69019000
15,1995,70546000
15,1996,72190000
15,1997,73909000
15,1998,75791000
15,1999,77753000
15,2000,79625000
15,2001,81401000
15,2002,83069000
15,2003,84732000
15,2004,86395000
15,2005,88016000
15,2006,89509000
15,2007,91075000
15,2008,92699000
15,2009,94384000
15,2010,96337000
15,2011,98249000
15,2012,100176000
15,2013,102076000
15,2014,103767000
15,2015,105313000
15,2016,106736000
15,2017,108120000
15,2018,109465000
15,2019,110805000
15,2020,112081000
15,2021,113101000
15,2022,113964000
15,2023,114891000
16,1950,8177000
16,1951,8419000
16,1952,8631000
16,1953,8816000
16,1954,8999000
16,1955,9205000
16,1956,9425000
16,1957,9639000
16,1958,9848000
16,1959,10060000
16,1960,10281000
16,1961,10500000
16,1962,10707000
16,1963,10913000
16,1964,11128000
16,1965,11357000
16,1966,11592000
16,1967,11811000
16,1968,12030000
16,1969,12272000
16,1970,12599000
16,1971,12998000
16,1972,13305000
16,1973,13519000
16,1974,13719000
16,1975,13894000
16,1976,14047000
16,1977,14204000
16,1978,14367000
16,1979,14533000
16,1980,14721000
16,1981,14949000
16,1982,15192000
16,1983,15415000
16,1984,15621000
16,1985,15836000
16,1986,16070000
16,1987,16322000
16,1988,16594000
16,1989,16869000
16,1990,17126000
16,1991,17353000
16,1992,17549000
16,1993,17723000
16,1994,17897000
16,1995,18095000
16,1996,18305000
16,1997,18505000
16,1998,18702000
16,1999,18910000
16,2000,19132000
16,2001,19365000
16,2002,19595000
16,2003,19819000
16,2004,20047000
16,2005,20294000
16,2006,20591000
16,2007,20955000
16,2008,21371000
16,2009,21783000
16,2010,22142000
16,2011,22480000
16,2012,22853000
16,2013,23236000
16,2014,23596000
16,2015,23948000
16,2016,24330000
16,2017,24731000
16,2018,25120000
16,2019,25483000
16,2020,25744000
16,2021,25956000
16,2022,26201000
16,2023,26451000
17,1950,1543000
17,1951,1575000
17,1952,1610000
17,1953,1650000
17,1954,1694000
17,1955,1739000
17,1956,1787000
17,1957,1838000
17,1958,1889000
17,1959,1942000
17,1960,1995000
17,1961,2046000
17,1962,2094000
17,1963,2141000
17,1964,2188000
17,1965,2236000
17,1966,2286000
17,1967,2338000
17,1968,2391000
17,1969,2447000
17,1970,2506000
17,1971,2566000
17,1972,2628000
17,1973,2691000
17,1974,2753000
17,1975,2815000
17,1976,2877000
17,1977,2940000
17,1978,3004000
17,1979,3067000
17,1980,3132000
17,1981,3197000
17,1982,3264000
17,1983,3334000
17,1984,3405000
17,1985,3479000
17,1986,3555000
17,1987,3633000
17,1988,3712000
17,1989,3796000
17,1990,3896000
17,1991,4022000
17,1992,4167000
17,1993,4321000
17,1994,4480000
17,1995,4644000
17,1996,4813000
17,1997,4988000
17,1998,5166000
17,1999,5349000
17,2000,5537000
17,2001,5728000
17,2002,5924000
17,2003,6124000
17,2004,6328000
17,2005,6536000
17,2006,6748000
17,2007,6963000
17,2008,7183000
17,2009,7406000
17,2010,7634000
17,2011,7859000
17,2012,8081000
17,2013,8303000
17,2014,8523000
17,2015,8743000
17,2016,8962000
17,2017,9179000
17,2018,9395000
17,2019,9609000
17,2020,9816000
17,2021,10013000
17,2022,10203000
17,2023,10390000
18,1950,310000
18,1951,316000
18,1952,323000
18,1953,331000
18,1954,340000
18,1955,349000
18,1956,359000
18,1957,370000
18,1958,381000
18,1959,393000
18,1960,405000
18,1961,417000
18,1962,431000
18,1963,444000
18,1964,458000
18,1965,473000
18,1966,486000
18,1967,499000
18,1968,510000
18,1969,521000
18,1970,531000
18,1971,541000
18,1972,550000
18,1973,559000
18,1974,567000
18,1975,576000
18,1976,586000
18,1977,598000
18,1978,612000
18,1979,627000
18,1980,642000
18,1981,657000
18,1982,673000
18,1983,690000
18,1984,707000
18,1985,724000
18,1986,739000
18,1987,751000
18,1988,759000
18,1989,766000
18,1990,773000
18,1991,780000
18,1992,785000
18,1993,790000
18,1994,795000
18,1995,799000
18,1996,804000
18,1997,812000
18,1998,822000
18,1999,832000
18,2000,841000
18,2001,850000
18,2002,858000
18,2003,866000
18,2004,874000
18,2005,882000
18,2006,890000
18,2007,898000
18,2008,903000
18,2009,907000
18,2010,910000
18,2011,913000
18,2012,915000
18,2013,916000
18,2014,918000
18,2015,919000
18,2016,919000
18,2017,919000
18,2018,917000
18,2019,915000
18,2020,915000
18,2021,917000
18,2022,919000
18,2023,924000
19,1950,5000
19,1951,5000
19,1952,5000
19,1953,5000
19,1954,5000
19,1955,5000
19,1956,5000
19,1957,5000
19,1958,5000
19,1959,6000
19,1960,6000
19,1961,6000
19,1962,6000
19,1963,6000
19,1964,6000
19,1965,6000
19,1966,6000
19,1967,6000
19,1968,6000
19,1969,6000
19,1970,6000
19,1971,6000
19,1972,6000
19,1973,6000
19,1974,6000
19,1975,6000
19,1976,6000
19,1977,7000
19,1978,7000
19,1979,7000
19,1980,7000
19,1981,8000
19,1982,8000
19,1983,8000
19,1984,8000
19,1985,8000
19,1986,8000
19,1987,8000
19,1988,9000
19,1989,9000
19,1990,9000
19,1991,9000
19,1992,9000
19,1993,9000
19,1994,9000
19,1995,9000
19,1996,9000
19,1997,9000
19,1998,9000
19,1999,9000
19,2000,10000
19,2001,10000
19,2002,10000
19,2003,10000
19,2004,10000
19,2005,10000
19,2006,10000
19,2007,10000
19,2008,10000
19,2009,10000
19,2010,11000
19,2011,11000
19,2012,11000
19,2013,11000
19,2014,11000
19,2015,11000
19,2016,11000
19,2017,11000
19,2018,11000
19,2019,11000
19,2020,10000
19,2021,10000
19,2022,10000
19,2023,10000
20,1950,19757000
20,1951,19869000
20,1952,20230000
20,1953,20775000
20,1954,21416000
20,1955,22125000
20,1956,22874000
20,1957,23661000
20,1958,24474000
20,1959,25298000
20,1960,26115000
20,1961,26853000
20,1962,27509000
20,1963,28146000
20,1964,28745000
20,1965,29284000
20,1966,29846000
20,1967,30496000
20,1968,31175000
20,1969,31853000
20,1970,32542000
20,1971,33240000
20,1972,33936000
20,1973,34626000
20,1974,35288000
20,1975,35876000
20,1976,36380000
20,1977,36844000
20,1978,37282000
20,1979,37711000
20,1980,38141000
20,1981,38689000
20,1982,39356000
20,1983,40001000
20,1984,40598000
20,1985,41149000
20,1986,41719000
20,1987,42322000
20,1988,42923000
20,1989,43525000
20,1990,44081000
20,1991,44439000
20,1992,44654000
20,1993,44888000
20,1994,45131000
20,1995,45368000
20,1996,45639000
20,1997,45942000
20,1998,46231000
20,1999,46500000
20,2000,46767000
20,2001,47043000
20,2002,47299000
20,2003,47514000
20,2004,47697000
20,2005,47852000
20,2006,48007000
20,2007,48178000
20,2008,48356000
20,2009,48547000
20,2010,48769000
20,2011,49128000
20,2012,49600000
20,2013,50071000
20,2014,50539000
20,2015,50984000
20,2016,51298000
20,2017,51486000
20,2018,51641000
20,2019,51768000
20,2020,51858000
20,2021,51848000
20,2022,51783000
20,2023,51749000
21,1950,11117000
21,1951,10584000
21,1952,10254000
21,1953,10177000
21,1954,10243000
21,1955,10403000
21,1956,10600000
21,1957,10855000
21,1958,11164000
21,1959,11453000
21,1960,11723000
21,1961,11991000
21,1962,12263000
21,1963,12567000
21,1964,12890000
21,1965,13219000
21,1966,13569000
21,1967,13958000
21,1968,14366000
21,1969,14768000
21,1970,15173000
21,1971,15572000
21,1972,15975000
21,1973,16350000
21,1974,16673000
21,1975,16971000
21,1976,17243000
21,1977,17493000
21,1978,17736000
21,1979,17983000
21,1980,18237000
21,1981,18501000
21,1982,18776000
21,1983,19054000
21,1984,19335000
21,1985,19620000
21,1986,19911000
21,1987,20205000
21,1988,20503000
21,1989,20804000
21,1990,21112000
21,1991,21429000
21,1992,21751000
21,1993,22073000
21,1994,22394000
21,1995,22669000
21,1996,22896000
21,1997,23111000
21,1998,23312000
21,1999,23498000
21,2000,23666000
21,2001,23815000
21,2002,23944000
21,2003,24090000
21,2004,24255000
21,2005,24396000
21,2006,24525000
21,2007,24646000
21,2008,24765000
21,2009,24878000
21,2010,24987000
21,2011,25098000
21,2012,25212000
21,2013,25329000
21,2014,25451000
21,2015,25575000
21,2016,25698000
21,2017,25818000
21,2018,25931000
21,2019,26038000
21,2020,26136000
21,2021,26233000
21,2022,26329000
21,2023,26418000
24,1950,4375000
24,1951,4476000
24,1952,4578000
24,1953,4680000
24,1954,4784000
24,1955,4890000
24,1956,4999000
24,1957,5110000
24,1958,5221000
24,1959,5333000
24,1960,5450000
24,1961,5571000
24,1962,5698000
24,1963,5823000
24,1964,5946000
24,1965,6072000
24,1966,6201000
24,1967,6333000
24,1968,6467000
24,1969,6605000
24,1970,6639000
24,1971,6621000
24,1972,6674000
24,1973,6740000
24,1974,6783000
24,1975,6581000
24,1976,6135000
24,1977,5669000
24,1978,5212000
24,1979,5089000
24,1980,5200000
24,1981,5284000
24,1982,5436000
24,1983,5636000
24,1984,5845000
24,1985,6044000
24,1986,6286000
24,1987,6558000
24,1988,6812000
24,1989,7073000
24,1990,7375000
24,1991,7687000
24,1992,8113000
24,1993,8616000
24,1994,9239000
24,1995,10018000
24,1996,10801000
24,1997,11571000
24,1998,12058000
24,1999,12266000
24,2000,12462000
24,2001,12658000
24,2002,12855000
24,2003,13051000
24,2004,13245000
24,2005,13439000
24,2006,13639000
24,2007,13842000
24,2008,14053000
24,2009,14277000
24,2010,14501000
24,2011,14723000
24,2012,14945000
24,2013,15170000
24,2014,15397000
24,2015,15623000
24,2016,15853000
24,2017,16073000
24,2018,16275000
24,2019,16481000
24,2020,16725000
24,2021,16974000
24,2022,17202000
24,2023,17424000
25,1950,20428000
25,1951,20965000
25,1952,21528000
25,1953,22109000
25,1954,22713000
25,1955,23343000
25,1956,23997000
25,1957,24675000
25,1958,25367000
25,1959,26088000
25,1960,26852000
25,1961,27650000
25,1962,28481000
25,1963,29342000
25,1964,30232000
25,1965,31149000
25,1966,32086000
25,1967,33038000
25,1968,34003000
25,1969,34974000
25,1970,35954000
25,1971,36937000
25,1972,37934000
25,1973,38948000
25,1974,39953000
25,1975,40940000
25,1976,41897000
25,1977,42844000
25,1978,43789000
25,1979,44718000
25,1980,45650000
25,1981,46576000
25,1982,47495000
25,1983,48423000
25,1984,49352000
25,1985,50271000
25,1986,51178000
25,1987,52074000
25,1988,52970000
25,1989,53849000
25,1990,54738000
25,1991,55637000
25,1992,56529000
25,1993,57408000
25,1994,58261000
25,1995,59098000
25,1996,59920000
25,1997,60725000
25,1998,61523000
25,1999,62299000
25,2000,63008000
25,2001,63651000
25,2002,64266000
25,2003,64868000
25,2004,65452000
25,2005,66017000
25,2006,66568000
25,2007,67102000
25,2008,67620000
25,2009,68121000
25,2010,68579000
25,2011,69007000
25,2012,69436000
25,2013,69845000
25,2014,70216000
25,2015,70541000
25,2016,70860000
25,2017,71160000
25,2018,71376000
25,2019,71522000
25,2020,71641000
25,2021,71727000
25,2022,71735000
25,2023,71702000
28,1950,162000
28,1951,166000
28,1952,169000
28,1953,173000
28,1954,176000
28,1955,180000
28,1956,183000
28,1957,187000
28,1958,191000
28,1959,194000
28,1960,198000
28,1961,201000
28,1962,205000
28,1963,208000
28,1964,212000
28,1965,215000
28,1966,219000
28,1967,224000
28,1968,230000
28,1969,237000
28,1970,244000
28,1971,252000
28,1972,260000
28,1973,269000
28,1974,278000
28,1975,288000
28,1976,298000
28,1977,308000
28,1978,318000
28,1979,328000
28,1980,338000
28,1981,347000
28,1982,357000
28,1983,367000
28,1984,378000
28,1985,388000
28,1986,399000
28,1987,410000
28,1988,422000
28,1989,433000
28,1990,445000
28,1991,456000
28,1992,465000
28,1993,474000
28,1994,482000
28,1995,491000
28,1996,499000
28,1997,508000
28,1998,517000
28,1999,526000
28,2000,536000
28,2001,547000
28,2002,559000
28,2003,570000
28,2004,581000
28,2005,593000
28,2006,605000
28,2007,617000
28,2008,629000
28,2009,642000
28,2010,655000
28,2011,668000
28,2012,682000
28,2013,696000
28,2014,712000
28,2015,727000
28,2016,742000
28,2017,757000
28,2018,772000
28,2019,787000
28,2020,802000
28,2021,818000
28,2022,834000
28,2023,850000
29,1950,21000
29,1951,21000
29,1952,21000
29,1953,22000
29,1954,22000
29,1955,23000
29,1956,23000
29,1957,24000
29,1958,25000
29,1959,25000
29,1960,26000
29,1961,27000
29,1962,28000
29,1963,28000
29,1964,29000
29,1965,30000
29,1966,31000
29,1967,32000
29,1968,33000
29,1969,34000
29,1970,35000
29,1971,36000
29,1972,37000
29,1973,38000
29,1974,40000
29,1975,41000
29,1976,42000
29,1977,44000
29,1978,45000
29,1979,48000
29,1980,50000
29,1981,53000
29,1982,56000
29,1983,59000
29,1984,62000
29,1985,66000
29,1986,70000
29,1987,74000
29,1988,79000
29,1989,84000
29,1990,90000
29,1991,95000
29,1992,101000
29,1993,108000
29,1994,115000
29,1995,123000
29,1996,130000
29,1997,137000
29,1998,144000
29,1999,150000
29,2000,156000
29,2001,163000
29,2002,168000
29,2003,172000
29,2004,175000
29,2005,180000
29,2006,185000
29,2007,191000
29,2008,196000
29,2009,202000
29,2010,207000
29,2011,213000
29,2012,219000
29,2013,227000
29,2014,236000
29,2015,246000
29,2016,256000
29,2017,265000
29,2018,270000
29,2019,275000
29,2020,284000
29,2021,294000
29,2022,305000
29,2023,316000
31,1950,38000
31,1951,39000
31,1952,39000
31,1953,39000
31,1954,40000
31,1955,40000
31,1956,41000
31,1957,41000
31,1958,42000
31,1959,42000
31,1960,43000
31,1961,44000
31,1962,45000
31,1963,46000
31,1964,47000
31,1965,48000
31,1966,49000
31,1967,51000
31,1968,52000
31,1969,53000
31,1970,54000
31,1971,56000
31,1972,57000
31,1973,58000
31,1974,60000
31,1975,61000
31,1976,63000
31,1977,64000
31,1978,65000
31,1979,66000
31,1980,66000
31,1981,67000
31,1982,68000
31,1983,68000
31,1984,69000
31,1985,70000
31,1986,71000
31,1987,71000
31,1988,72000
31,1989,73000
31,1990,74000
31,1991,75000
31,1992,76000
31,1993,76000
31,1994,77000
31,1995,78000
31,1996,79000
31,1997,80000
31,1998,81000
31,1999,82000
31,2000,83000
31,2001,85000
31,2002,86000
31,2003,87000
31,2004,88000
31,2005,89000
31,2006,90000
31,2007,91000
31,2008,93000
31,2009,94000
31,2010,95000
31,2011,97000
31,2012,1e+05
31,2013,102000
31,2014,105000
31,2015,107000
31,2016,110000
31,2017,112000
31,2018,115000
31,2019,118000
31,2020,120000
31,2021,123000
31,2022,126000
31,2023,128000
32,1950,249000
32,1951,259000
32,1952,268000
32,1953,278000
32,1954,289000
32,1955,3e+05
32,1956,312000
32,1957,323000
32,1958,335000
32,1959,347000
32,1960,360000
32,1961,372000
32,1962,384000
32,1963,395000
32,1964,407000
32,1965,419000
32,1966,430000
32,1967,440000
32,1968,450000
32,1969,460000
32,1970,469000
32,1971,478000
32,1972,486000
32,1973,494000
32,1974,503000
32,1975,511000
32,1976,520000
32,1977,529000
32,1978,537000
32,1979,545000
32,1980,553000
32,1981,561000
32,1982,570000
32,1983,579000
32,1984,590000
32,1985,6e+05
32,1986,611000
32,1987,621000
32,1988,631000
32,1989,641000
32,1990,653000
32,1991,664000
32,1992,676000
32,1993,688000
32,1994,699000
32,1995,710000
32,1996,721000
32,1997,733000
32,1998,744000
32,1999,754000
32,2000,763000
32,2001,772000
32,2002,781000
32,2003,791000
32,2004,797000
32,2005,8e+05
32,2006,807000
32,2007,819000
32,2008,830000
32,2009,838000
32,2010,844000
32,2011,847000
32,2012,845000
32,2013,848000
32,2014,859000
32,2015,865000
32,2016,863000
32,2017,859000
32,2018,857000
32,2019,857000
32,2020,861000
32,2021,868000
32,2022,872000
32,2023,875000
37,1950,526000
37,1951,541000
37,1952,557000
37,1953,572000
37,1954,585000
37,1955,6e+05
37,1956,615000
37,1957,630000
37,1958,647000
37,1959,665000
37,1960,680000
37,1961,693000
37,1962,705000
37,1963,720000
37,1964,737000
37,1965,753000
37,1966,769000
37,1967,784000
37,1968,799000
37,1969,814000
37,1970,828000
37,1971,841000
37,1972,854000
37,1973,865000
37,1974,876000
37,1975,888000
37,1976,9e+05
37,1977,912000
37,1978,925000
37,1979,939000
37,1980,954000
37,1981,969000
37,1982,984000
37,1983,997000
37,1984,1011000
37,1985,1025000
37,1986,1038000
37,1987,1051000
37,1988,1064000
37,1989,1076000
37,1990,1089000
37,1991,1103000
37,1992,1118000
37,1993,1132000
37,1994,1147000
37,1995,1160000
37,1996,1172000
37,1997,1184000
37,1998,1195000
37,1999,1206000
37,2000,1217000
37,2001,1226000
37,2002,1234000
37,2003,1242000
37,2004,1250000
37,2005,1257000
37,2006,1264000
37,2007,1270000
37,2008,1275000
37,2009,1279000
37,2010,1283000
37,2011,1286000
37,2012,1289000
37,2013,1291000
37,2014,1292000
37,2015,1292000
37,2016,1292000
37,2017,1291000
37,2018,1289000
37,2019,1286000
37,2020,1283000
37,2021,1280000
37,2022,1276000
37,2023,1274000
39,1950,74000
39,1951,76000
39,1952,77000
39,1953,78000
39,1954,80000
39,1955,82000
39,1956,83000
39,1957,85000
39,1958,87000
39,1959,89000
39,1960,91000
39,1961,93000
39,1962,96000
39,1963,98000
39,1964,101000
39,1965,104000
39,1966,109000
39,1967,113000
39,1968,116000
39,1969,120000
39,1970,123000
39,1971,127000
39,1972,131000
39,1973,135000
39,1974,139000
39,1975,143000
39,1976,148000
39,1977,152000
39,1978,156000
39,1979,160000
39,1980,165000
39,1981,170000
39,1982,174000
39,1983,179000
39,1984,184000
39,1985,190000
39,1986,197000
39,1987,204000
39,1988,211000
39,1989,218000
39,1990,225000
39,1991,232000
39,1992,239000
39,1993,245000
39,1994,251000
39,1995,257000
39,1996,262000
39,1997,268000
39,1998,273000
39,1999,277000
39,2000,282000
39,2001,287000
39,2002,292000
39,2003,296000
39,2004,301000
39,2005,306000
39,2006,314000
39,2007,324000
39,2008,336000
39,2009,348000
39,2010,361000
39,2011,374000
39,2012,387000
39,2013,4e+05
39,2014,414000
39,2015,428000
39,2016,443000
39,2017,458000
39,2018,473000
39,2019,488000
39,2020,502000
39,2021,516000
39,2022,524000
39,2023,526000
40,1950,7811000
40,1951,7956000
40,1952,8112000
40,1953,8275000
40,1954,8446000
40,1955,8623000
40,1956,8807000
40,1957,9001000
40,1958,9209000
40,1959,9430000
40,1960,9661000
40,1961,9899000
40,1962,10144000
40,1963,10395000
40,1964,10653000
40,1965,10917000
40,1966,11184000
40,1967,11457000
40,1968,11736000
40,1969,12014000
40,1970,12287000
40,1971,12552000
40,1972,12809000
40,1973,13061000
40,1974,13306000
40,1975,13549000
40,1976,13797000
40,1977,14049000
40,1978,14310000
40,1979,14580000
40,1980,14848000
40,1981,15099000
40,1982,15287000
40,1983,15389000
40,1984,15442000
40,1985,15544000
40,1986,15731000
40,1987,15917000
40,1988,16079000
40,1989,16249000
40,1990,16352000
40,1991,16475000
40,1992,16739000
40,1993,17026000
40,1994,17276000
40,1995,17564000
40,1996,17905000
40,1997,18248000
40,1998,18596000
40,1999,18945000
40,2000,19293000
40,2001,19600000
40,2002,19806000
40,2003,19952000
40,2004,20088000
40,2005,20217000
40,2006,20352000
40,2007,20493000
40,2008,20629000
40,2009,20756000
40,2010,20879000
40,2011,21009000
40,2012,21169000
40,2013,21359000
40,2014,21547000
40,2015,21730000
40,2016,21911000
40,2017,22088000
40,2018,22253000
40,2019,22411000
40,2020,22562000
40,2021,22700000
40,2022,22835000
40,2023,22972000
41,1950,5910000
41,1951,5978000
41,1952,6051000
41,1953,6123000
41,1954,6197000
41,1955,6274000
41,1956,6355000
41,1957,6438000
41,1958,6522000
41,1959,6610000
41,1960,6714000
41,1961,6835000
41,1962,6969000
41,1963,7110000
41,1964,7255000
41,1965,7406000
41,1966,7563000
41,1967,7725000
41,1968,7893000
41,1969,8067000
41,1970,8251000
41,1971,8456000
41,1972,8693000
41,1973,8954000
41,1974,9236000
41,1975,9541000
41,1976,9867000
41,1977,10225000
41,1978,10618000
41,1979,11029000
41,1980,11336000
41,1981,11568000
41,1982,11824000
41,1983,12074000
41,1984,12316000
41,1985,12549000
41,1986,12771000
41,1987,12823000
41,1988,12801000
41,1989,12907000
41,1990,13095000
41,1991,13352000
41,1992,13613000
41,1993,14051000
41,1994,15034000
41,1995,15961000
41,1996,16492000
41,1997,16950000
41,1998,17340000
41,1999,17735000
41,2000,18130000
41,2001,18538000
41,2002,18958000
41,2003,19392000
41,2004,19840000
41,2005,20305000
41,2006,20787000
41,2007,21288000
41,2008,21819000
41,2009,22392000
41,2010,22999000
41,2011,23649000
41,2012,24338000
41,2013,25052000
41,2014,25788000
41,2015,26548000
41,2016,27337000
41,2017,28166000
41,2018,29019000
41,2019,29884000
41,2020,30784000
41,2021,31708000
41,2022,32656000
41,2023,33635000
42,1950,3956000
42,1951,4057000
42,1952,4161000
42,1953,4268000
42,1954,4377000
42,1955,4490000
42,1956,4606000
42,1957,4727000
42,1958,4851000
42,1959,4979000
42,1960,5111000
42,1961,5246000
42,1962,5384000
42,1963,5525000
42,1964,5670000
42,1965,5819000
42,1966,5974000
42,1967,6136000
42,1968,6306000
42,1969,6485000
42,1970,6672000
42,1971,6869000
42,1972,7074000
42,1973,7288000
42,1974,7510000
42,1975,7739000
42,1976,7977000
42,1977,8222000
42,1978,8476000
42,1979,8738000
42,1980,9006000
42,1981,9279000
42,1982,9558000
42,1983,9843000
42,1984,10135000
42,1985,10433000
42,1986,10737000
42,1987,11047000
42,1988,11369000
42,1989,11705000
42,1990,12056000
42,1991,12421000
42,1992,12801000
42,1993,13197000
42,1994,13614000
42,1995,14051000
42,1996,14511000
42,1997,14991000
42,1998,15489000
42,1999,16001000
42,2000,16516000
42,2001,17033000
42,2002,17550000
42,2003,18072000
42,2004,18607000
42,2005,19160000
42,2006,19731000
42,2007,20319000
42,2008,20924000
42,2009,21547000
42,2010,22183000
42,2011,22822000
42,2012,23462000
42,2013,24109000
42,2014,24764000
42,2015,25427000
42,2016,26100000
42,2017,26788000
42,2018,27495000
42,2019,28220000
42,2020,28954000
42,2021,29691000
42,2022,30437000
42,2023,31196000
43,1950,5769000
43,1951,5894000
43,1952,6033000
43,1953,6184000
43,1954,6348000
43,1955,6529000
43,1956,6728000
43,1957,6945000
43,1958,7175000
43,1959,7423000
43,1960,7695000
43,1961,7988000
43,1962,8299000
43,1963,8628000
43,1964,8974000
43,1965,9338000
43,1966,9718000
43,1967,10111000
43,1968,10519000
43,1969,10940000
43,1970,11369000
43,1971,11789000
43,1972,12206000
43,1973,12635000
43,1974,13070000
43,1975,13512000
43,1976,13958000
43,1977,14429000
43,1978,14934000
43,1979,15461000
43,1980,16018000
43,1981,16602000
43,1982,17206000
43,1983,17846000
43,1984,18515000
43,1985,19202000
43,1986,19902000
43,1987,20616000
43,1988,21356000
43,1989,22118000
43,1990,22893000
43,1991,23647000
43,1992,24382000
43,1993,25117000
43,1994,25857000
43,1995,26602000
43,1996,27344000
43,1997,28102000
43,1998,28888000
43,1999,29733000
43,2000,30643000
43,2001,31619000
43,2002,32630000
43,2003,33652000
43,2004,34713000
43,2005,35796000
43,2006,36904000
43,2007,38036000
43,2008,39206000
43,2009,40409000
43,2010,41599000
43,2011,42758000
43,2012,43888000
43,2013,44987000
43,2014,46051000
43,2015,47089000
43,2016,48140000
43,2017,49198000
43,2018,50207000
43,2019,51203000
43,2020,52217000
43,2021,53219000
43,2022,54252000
43,2023,55339000
44,1950,2213000
44,1951,2277000
44,1952,2340000
44,1953,2404000
44,1954,2467000
44,1955,2532000
44,1956,2598000
44,1957,2666000
44,1958,2733000
44,1959,2803000
44,1960,2876000
44,1961,2952000
44,1962,3030000
44,1963,3110000
44,1964,3193000
44,1965,3278000
44,1966,3365000
44,1967,3455000
44,1968,3547000
44,1969,3641000
44,1970,3738000
44,1971,3838000
44,1972,3939000
44,1973,4046000
44,1974,4152000
44,1975,4258000
44,1976,4366000
44,1977,4484000
44,1978,4815000
44,1979,5449000
44,1980,5936000
44,1981,5983000
44,1982,6004000
44,1983,6198000
44,1984,6428000
44,1985,6693000
44,1986,6975000
44,1987,7228000
44,1988,7235000
44,1989,7115000
44,1990,7083000
44,1991,6814000
44,1992,6495000
44,1993,6681000
44,1994,7027000
44,1995,7285000
44,1996,7554000
44,1997,7825000
44,1998,8155000
44,1999,8492000
44,2000,8839000
44,2001,9198000
44,2002,9550000
44,2003,9909000
44,2004,10281000
44,2005,10644000
44,2006,10976000
44,2007,11323000
44,2008,11663000
44,2009,11961000
44,2010,12262000
44,2011,12349000
44,2012,12461000
44,2013,12870000
44,2014,13339000
44,2015,13807000
44,2016,14349000
44,2017,14917000
44,2018,15452000
44,2019,16031000
44,2020,16651000
44,2021,17271000
44,2022,17802000
44,2023,18359000
45,1950,815000
45,1951,827000
45,1952,840000
45,1953,855000
45,1954,870000
45,1955,886000
45,1956,903000
45,1957,919000
45,1958,933000
45,1959,951000
45,1960,973000
45,1961,996000
45,1962,1020000
45,1963,1045000
45,1964,1071000
45,1965,1098000
45,1966,1125000
45,1967,1152000
45,1968,1182000
45,1969,1212000
45,1970,1243000
45,1971,1276000
45,1972,1309000
45,1973,1343000
45,1974,1376000
45,1975,1408000
45,1976,1444000
45,1977,1483000
45,1978,1522000
45,1979,1563000
45,1980,1606000
45,1981,1650000
45,1982,1695000
45,1983,1736000
45,1984,1772000
45,1985,1808000
45,1986,1845000
45,1987,1889000
45,1988,1938000
45,1989,1987000
45,1990,2033000
45,1991,1920000
45,1992,1799000
45,1993,1856000
45,1994,1914000
45,1995,2025000
45,1996,2128000
45,1997,2152000
45,1998,2180000
45,1999,2213000
45,2000,2247000
45,2001,2312000
45,2002,2393000
45,2003,2494000
45,2004,2598000
45,2005,2661000
45,2006,2704000
45,2007,2743000
45,2008,2816000
45,2009,2888000
45,2010,2945000
45,2011,2998000
45,2012,3037000
45,2013,3074000
45,2014,3095000
45,2015,3106000
45,2016,3125000
45,2017,3150000
45,2018,3193000
45,2019,3240000
45,2020,3291000
45,2021,3350000
45,2022,3409000
45,2023,3470000
46,1950,62000
46,1951,64000
46,1952,66000
46,1953,68000
46,1954,71000
46,1955,73000
46,1956,75000
46,1957,78000
46,1958,80000
46,1959,83000
46,1960,86000
46,1961,89000
46,1962,93000
46,1963,98000
46,1964,103000
46,1965,109000
46,1966,115000
46,1967,122000
46,1968,128000
46,1969,136000
46,1970,145000
46,1971,155000
46,1972,166000
46,1973,178000
46,1974,193000
46,1975,210000
46,1976,231000
46,1977,255000
46,1978,280000
46,1979,305000
46,1980,326000
46,1981,343000
46,1982,357000
46,1983,370000
46,1984,384000
46,1985,403000
46,1986,426000
46,1987,454000
46,1988,485000
46,1989,523000
46,1990,580000
46,1991,631000
46,1992,626000
46,1993,614000
46,1994,627000
46,1995,633000
46,1996,648000
46,1997,672000
46,1998,699000
46,1999,724000
46,2000,747000
46,2001,771000
46,2002,796000
46,2003,814000
46,2004,826000
46,2005,839000
46,2006,856000
46,2007,875000
46,2008,893000
46,2009,912000
46,2010,930000
46,2011,949000
46,2012,967000
46,2013,985000
46,2014,1003000
46,2015,1020000
46,2016,1038000
46,2017,1055000
46,2018,1072000
46,2019,1089000
46,2020,1105000
46,2021,1121000
46,2022,1137000
46,2023,1153000
47,1950,4617000
47,1951,4684000
47,1952,4758000
47,1953,4837000
47,1954,4921000
47,1955,5010000
47,1956,5103000
47,1957,5202000
47,1958,5306000
47,1959,5416000
47,1960,5532000
47,1961,5655000
47,1962,5782000
47,1963,5911000
47,1964,6048000
47,1965,6196000
47,1966,6351000
47,1967,6516000
47,1968,6691000
47,1969,6876000
47,1970,7065000
47,1971,7257000
47,1972,7460000
47,1973,7673000
47,1974,7897000
47,1975,8134000
47,1976,8384000
47,1977,8648000
47,1978,8927000
47,1979,9224000
47,1980,9543000
47,1981,9882000
47,1982,10241000
47,1983,10621000
47,1984,11026000
47,1985,11454000
47,1986,11901000
47,1987,12370000
47,1988,12860000
47,1989,13364000
47,1990,13888000
47,1991,14430000
47,1992,14989000
47,1993,15564000
47,1994,16149000
47,1995,16740000
47,1996,17313000
47,1997,17874000
47,1998,18446000
47,1999,19029000
47,2000,19624000
47,2001,20226000
47,2002,20835000
47,2003,21456000
47,2004,22095000
47,2005,22790000
47,2006,23543000
47,2007,24318000
47,2008,25112000
47,2009,25928000
47,2010,26754000
47,2011,27583000
47,2012,28434000
47,2013,29313000
47,2014,30226000
47,2015,31159000
47,2016,32109000
47,2017,33091000
47,2018,34085000
47,2019,35111000
47,2020,36135000
47,2021,37140000
47,2022,38223000
47,2023,39391000
48,1950,457000
48,1951,463000
48,1952,469000
48,1953,475000
48,1954,482000
48,1955,489000
48,1956,496000
48,1957,504000
48,1958,512000
48,1959,521000
48,1960,530000
48,1961,540000
48,1962,550000
48,1963,561000
48,1964,573000
48,1965,585000
48,1966,599000
48,1967,613000
48,1968,629000
48,1969,645000
48,1970,663000
48,1971,681000
48,1972,701000
48,1973,721000
48,1974,747000
48,1975,779000
48,1976,815000
48,1977,855000
48,1978,9e+05
48,1979,949000
48,1980,1001000
48,1981,1057000
48,1982,1118000
48,1983,1181000
48,1984,1248000
48,1985,1325000
48,1986,1413000
48,1987,1501000
48,1988,1589000
48,1989,1676000
48,1990,1764000
48,1991,1851000
48,1992,1938000
48,1993,2022000
48,1994,2082000
48,1995,2121000
48,1996,2157000
48,1997,2191000
48,1998,2222000
48,1999,2253000
48,2000,2282000
48,2001,2310000
48,2002,2337000
48,2003,2364000
48,2004,2405000
48,2005,2460000
48,2006,2515000
48,2007,2570000
48,2008,2627000
48,2009,2685000
48,2010,2757000
48,2011,3077000
48,2012,3547000
48,2013,3834000
48,2014,4002000
48,2015,4185000
48,2016,4391000
48,2017,4537000
48,2018,4598000
48,2019,4591000
48,2020,4522000
48,2021,4500000
48,2022,4730000
48,2023,5049000
49,1950,6190000
49,1951,6376000
49,1952,6569000
49,1953,6766000
49,1954,6970000
49,1955,7182000
49,1956,7402000
49,1957,7629000
49,1958,7863000
49,1959,8106000
49,1960,8364000
49,1961,8635000
49,1962,8919000
49,1963,9218000
49,1964,9531000
49,1965,9858000
49,1966,10198000
49,1967,10551000
49,1968,10918000
49,1969,11299000
49,1970,11696000
49,1971,12106000
49,1972,12528000
49,1973,13049000
49,1974,13581000
49,1975,14065000
49,1976,14570000
49,1977,15087000
49,1978,15695000
49,1979,16355000
49,1980,17059000
49,1981,17781000
49,1982,18487000
49,1983,19110000
49,1984,19547000
49,1985,19906000
49,1986,20288000
49,1987,20705000
49,1988,21138000
49,1989,21578000
49,1990,22021000
49,1991,22471000
49,1992,22927000
49,1993,23446000
49,1994,24044000
49,1995,24672000
49,1996,25232000
49,1997,25800000
49,1998,26459000
49,1999,27131000
49,2000,27817000
49,2001,28517000
49,2002,29229000
49,2003,29896000
49,2004,30557000
49,2005,31262000
49,2006,31992000
49,2007,32764000
49,2008,33624000
49,2009,34569000
49,2010,35414000
49,2011,36141000
49,2012,36923000
49,2013,37786000
49,2014,38823000
49,2015,40024000
49,2016,41260000
49,2017,42714000
49,2018,44231000
49,2019,45548000
49,2020,46789000
49,2021,48067000
49,2022,49383000
49,2023,50043000
50,1950,1703000
50,1951,1764000
50,1952,1827000
50,1953,1892000
50,1954,1961000
50,1955,2032000
50,1956,2106000
50,1957,2184000
50,1958,2264000
50,1959,2348000
50,1960,2435000
50,1961,2526000
50,1962,2621000
50,1963,2719000
50,1964,2822000
50,1965,2929000
50,1966,3040000
50,1967,3157000
50,1968,3283000
50,1969,3417000
50,1970,3562000
50,1971,3724000
50,1972,3906000
50,1973,4106000
50,1974,4324000
50,1975,4556000
50,1976,4808000
50,1977,5083000
50,1978,5382000
50,1979,5704000
50,1980,6048000
50,1981,6421000
50,1982,6824000
50,1983,7253000
50,1984,7697000
50,1985,8152000
50,1986,8629000
50,1987,9130000
50,1988,9629000
50,1989,10128000
50,1990,10641000
50,1991,11161000
50,1992,11687000
50,1993,12216000
50,1994,12750000
50,1995,13289000
50,1996,13831000
50,1997,14375000
50,1998,14922000
50,1999,15472000
50,2000,16178000
50,2001,17041000
50,2002,17911000
50,2003,18787000
50,2004,19669000
50,2005,20560000
50,2006,21459000
50,2007,22368000
50,2008,23288000
50,2009,24218000
50,2010,25157000
50,2011,26106000
50,2012,27062000
50,2013,28027000
50,2014,28998000
50,2015,29975000
50,2016,30718000
50,2017,30782000
50,2018,30365000
50,2019,30473000
50,2020,30991000
50,2021,31328000
50,2022,32175000
50,2023,33264000
51,1950,154000
51,1951,158000
51,1952,163000
51,1953,168000
51,1954,173000
51,1955,186000
51,1956,207000
51,1957,227000
51,1958,250000
51,1959,280000
51,1960,311000
51,1961,346000
51,1962,385000
51,1963,428000
51,1964,473000
51,1965,521000
51,1966,573000
51,1967,628000
51,1968,688000
51,1969,749000
51,1970,809000
51,1971,865000
51,1972,920000
51,1973,978000
51,1974,1038000
51,1975,1105000
51,1976,1179000
51,1977,1258000
51,1978,1340000
51,1979,1424000
51,1980,1505000
51,1981,1583000
51,1982,1662000
51,1983,1744000
51,1984,1821000
51,1985,1894000
51,1986,1973000
51,1987,2053000
51,1988,2135000
51,1989,2217000
51,1990,1685000
51,1991,1351000
51,1992,1635000
51,1993,1672000
51,1994,1664000
51,1995,1682000
51,1996,1730000
51,1997,1788000
51,1998,1844000
51,1999,1900000
51,2000,1955000
51,2001,2008000
51,2002,2060000
51,2003,2110000
51,2004,2157000
51,2005,2237000
51,2006,2365000
51,2007,2508000
51,2008,2651000
51,2009,2795000
51,2010,2943000
51,2011,3133000
51,2012,3337000
51,2013,3508000
51,2014,3666000
51,2015,3834000
51,2016,4004000
51,2017,4155000
51,2018,4323000
51,2019,4442000
51,2020,4400000
51,2021,4361000
51,2022,4590000
51,2023,4839000
52,1950,117000
52,1951,121000
52,1952,124000
52,1953,128000
52,1954,133000
52,1955,137000
52,1956,142000
52,1957,147000
52,1958,153000
52,1959,159000
52,1960,165000
52,1961,172000
52,1962,179000
52,1963,187000
52,1964,194000
52,1965,201000
52,1966,208000
52,1967,214000
52,1968,219000
52,1969,222000
52,1970,225000
52,1971,231000
52,1972,242000
52,1973,255000
52,1974,269000
52,1975,283000
52,1976,298000
52,1977,313000
52,1978,328000
52,1979,343000
52,1980,359000
52,1981,374000
52,1982,387000
52,1983,401000
52,1984,415000
52,1985,430000
52,1986,446000
52,1987,463000
52,1988,480000
52,1989,497000
52,1990,515000
52,1991,532000
52,1992,548000
52,1993,563000
52,1994,578000
52,1995,593000
52,1996,609000
52,1997,624000
52,1998,639000
52,1999,655000
52,2000,670000
52,2001,7e+05
52,2002,752000
52,2003,811000
52,2004,871000
52,2005,933000
52,2006,995000
52,2007,1057000
52,2008,1121000
52,2009,1184000
52,2010,1213000
52,2011,1207000
52,2012,1216000
52,2013,1257000
52,2014,1313000
52,2015,1370000
52,2016,1430000
52,2017,1482000
52,2018,1498000
52,2019,1486000
52,2020,1483000
52,2021,1502000
52,2022,1533000
52,2023,1570000
53,1950,35849000
53,1951,36582000
53,1952,37377000
53,1953,38230000
53,1954,39137000
53,1955,40098000
53,1956,41114000
53,1957,42185000
53,1958,43312000
53,1959,44495000
53,1960,45709000
53,1961,46921000
53,1962,48156000
53,1963,49448000
53,1964,50800000
53,1965,52209000
53,1966,53679000
53,1967,55215000
53,1968,56811000
53,1969,58461000
53,1970,60167000
53,1971,61848000
53,1972,63583000
53,1973,65462000
53,1974,67415000
53,1975,69461000
53,1976,71620000
53,1977,73902000
53,1978,76307000
53,1979,78997000
53,1980,82291000
53,1981,85802000
53,1982,89089000
53,1983,92228000
53,1984,95165000
53,1985,98229000
53,1986,101607000
53,1987,105131000
53,1988,108725000
53,1989,112337000
53,1990,116156000
53,1991,120060000
53,1992,123547000
53,1993,127020000
53,1994,130748000
53,1995,134582000
53,1996,138557000
53,1997,142532000
53,1998,146522000
53,1999,150565000
53,2000,154879000
53,2001,159271000
53,2002,163223000
53,2003,167110000
53,2004,171286000
53,2005,175453000
53,2006,179683000
53,2007,184493000
53,2008,189499000
53,2009,194377000
53,2010,199239000
53,2011,203746000
53,2012,207667000
53,2013,211074000
53,2014,214265000
53,2015,217291000
53,2016,220139000
53,2017,223274000
53,2018,226929000
53,2019,230801000
53,2020,235002000
53,2021,239478000
53,2022,243701000
53,2023,247504000
54,1950,75000
54,1951,80000
54,1952,85000
54,1953,90000
54,1954,96000
54,1955,101000
54,1956,107000
54,1957,113000
54,1958,119000
54,1959,125000
54,1960,131000
54,1961,138000
54,1962,145000
54,1963,152000
54,1964,160000
54,1965,167000
54,1966,174000
54,1967,180000
54,1968,199000
54,1969,240000
54,1970,287000
54,1971,335000
54,1972,385000
54,1973,436000
54,1974,489000
54,1975,543000
54,1976,616000
54,1977,710000
54,1978,809000
54,1979,912000
54,1980,1016000
54,1981,1100000
54,1982,1166000
54,1983,1235000
54,1984,1306000
54,1985,1378000
54,1986,1467000
54,1987,1574000
54,1988,1682000
54,1989,1790000
54,1990,1898000
54,1991,2007000
54,1992,2115000
54,1993,2222000
54,1994,2328000
54,1995,2435000
54,1996,2598000
54,1997,2817000
54,1998,3040000
54,1999,3266000
54,2000,3494000
54,2001,3724000
54,2002,3957000
54,2003,4192000
54,2004,4429000
54,2005,4665000
54,2006,5009000
54,2007,5625000
54,2008,6303000
54,2009,6707000
54,2010,6938000
54,2011,7199000
54,2012,7497000
54,2013,7832000
54,2014,8237000
54,2015,8675000
54,2016,9031000
54,2017,9234000
54,2018,9347000
54,2019,9378000
54,2020,9449000
54,2021,9789000
54,2022,10242000
54,2023,10642000
56,1950,185000
56,1951,187000
56,1952,189000
56,1953,192000
56,1954,194000
56,1955,196000
56,1956,198000
56,1957,2e+05
56,1958,203000
56,1959,206000
56,1960,210000
56,1961,215000
56,1962,222000
56,1963,229000
56,1964,237000
56,1965,245000
56,1966,253000
56,1967,261000
56,1968,270000
56,1969,279000
56,1970,288000
56,1971,294000
56,1972,297000
56,1973,3e+05
56,1974,303000
56,1975,306000
56,1976,309000
56,1977,313000
56,1978,316000
56,1979,319000
56,1980,323000
56,1981,328000
56,1982,333000
56,1983,338000
56,1984,343000
56,1985,347000
56,1986,352000
56,1987,357000
56,1988,362000
56,1989,368000
56,1990,375000
56,1991,385000
56,1992,393000
56,1993,402000
56,1994,410000
56,1995,418000
56,1996,426000
56,1997,433000
56,1998,440000
56,1999,447000
56,2000,453000
56,2001,460000
56,2002,467000
56,2003,473000
56,2004,479000
56,2005,485000
56,2006,491000
56,2007,496000
56,2008,501000
56,2009,506000
56,2010,510000
56,2011,511000
56,2012,512000
56,2013,512000
56,2014,512000
56,2015,512000
56,2016,513000
56,2017,513000
56,2018,513000
56,2019,514000
56,2020,515000
56,2021,517000
56,2022,520000
56,2023,522000
59,1950,8617000
59,1951,8656000
59,1952,8697000
59,1953,8742000
59,1954,8788000
59,1955,8835000
59,1956,8882000
59,1957,8932000
59,1958,8986000
59,1959,9046000
59,1960,9102000
59,1961,9158000
59,1962,9218000
59,1963,9275000
59,1964,9338000
59,1965,9400000
59,1966,9455000
59,1967,9506000
59,1968,9550000
59,1969,9589000
59,1970,9631000
59,1971,9667000
59,1972,9695000
59,1973,9718000
59,1974,9736000
59,1975,9748000
59,1976,9759000
59,1977,9774000
59,1978,9792000
59,1979,9811000
59,1980,9833000
59,1981,9851000
59,1982,9862000
59,1983,9869000
59,1984,9875000
59,1985,9880000
59,1986,9887000
59,1987,9899000
59,1988,9917000
59,1989,9937000
59,1990,9961000
59,1991,9999000
59,1992,10046000
59,1993,10085000
59,1994,10116000
59,1995,10137000
59,1996,10157000
59,1997,10181000
59,1998,10203000
59,1999,10227000
59,2000,10252000
59,2001,10287000
59,2002,10333000
59,2003,10376000
59,2004,10421000
59,2005,10479000
59,2006,10548000
59,2007,10625000
59,2008,10710000
59,2009,10813000
59,2010,10937000
59,2011,11039000
59,2012,11108000
59,2013,11160000
59,2014,11210000
59,2015,11275000
59,2016,11333000
59,2017,11377000
59,2018,11429000
59,2019,11491000
59,2020,11540000
59,2021,11571000
59,2022,11642000
59,2023,11713000
60,1950,22000
60,1951,21000
60,1952,21000
60,1953,22000
60,1954,22000
60,1955,22000
60,1956,22000
60,1957,22000
60,1958,22000
60,1959,22000
60,1960,22000
60,1961,22000
60,1962,22000
60,1963,23000
60,1964,23000
60,1965,24000
60,1966,24000
60,1967,25000
60,1968,26000
60,1969,26000
60,1970,27000
60,1971,27000
60,1972,27000
60,1973,28000
60,1974,28000
60,1975,28000
60,1976,28000
60,1977,28000
60,1978,28000
60,1979,29000
60,1980,29000
60,1981,29000
60,1982,29000
60,1983,29000
60,1984,29000
60,1985,29000
60,1986,28000
60,1987,28000
60,1988,28000
60,1989,28000
60,1990,27000
60,1991,27000
60,1992,27000
60,1993,27000
60,1994,27000
60,1995,27000
60,1996,27000
60,1997,28000
60,1998,28000
60,1999,28000
60,2000,28000
60,2001,28000
60,2002,28000
60,2003,28000
60,2004,29000
60,2005,29000
60,2006,30000
60,2007,30000
60,2008,30000
60,2009,31000
60,2010,31000
60,2011,32000
60,2012,32000
60,2013,32000
60,2014,33000
60,2015,33000
60,2016,34000
60,2017,34000
60,2018,35000
60,2019,35000
60,2020,36000
60,2021,37000
60,2022,38000
60,2023,38000
61,1950,3609000
61,1951,3682000
61,1952,3758000
61,1953,3837000
61,1954,3920000
61,1955,4005000
61,1956,4083000
61,1957,4137000
61,1958,4178000
61,1959,4221000
61,1960,4267000
61,1961,4316000
61,1962,4369000
61,1963,4427000
61,1964,4490000
61,1965,4561000
61,1966,4652000
61,1967,4761000
61,1968,4880000
61,1969,5005000
61,1970,5131000
61,1971,5262000
61,1972,5397000
61,1973,5537000
61,1974,5685000
61,1975,5839000
61,1976,5997000
61,1977,6156000
61,1978,6309000
61,1979,6456000
61,1980,6606000
61,1981,6758000
61,1982,6909000
61,1983,7054000
61,1984,7220000
61,1985,7410000
61,1986,7600000
61,1987,7790000
61,1988,7974000
61,1989,8152000
61,1990,8325000
61,1991,8502000
61,1992,8683000
61,1993,8858000
61,1994,9018000
61,1995,9161000
61,1996,9294000
61,1997,9421000
61,1998,9542000
61,1999,9656000
61,2000,9765000
61,2001,9870000
61,2002,9972000
61,2003,10072000
61,2004,10166000
61,2005,10255000
61,2006,10346000
61,2007,10442000
61,2008,10543000
61,2009,10651000
61,2010,10766000
61,2011,10886000
61,2012,11010000
61,2013,11141000
61,2014,11274000
61,2015,11402000
61,2016,11529000
61,2017,11650000
61,2018,11766000
61,2019,11875000
61,2020,11974000
61,2021,12049000
61,2022,12119000
61,2023,12200000
62,1950,8935000
62,1951,9159000
62,1952,9395000
62,1953,9640000
62,1954,9893000
62,1955,10158000
62,1956,10434000
62,1957,10721000
62,1958,11014000
62,1959,11317000
62,1960,11625000
62,1961,11931000
62,1962,12253000
62,1963,12578000
62,1964,12899000
62,1965,13239000
62,1966,13597000
62,1967,13968000
62,1968,14348000
62,1969,14734000
62,1970,15129000
62,1971,15527000
62,1972,15925000
62,1973,16326000
62,1974,16734000
62,1975,17151000
62,1976,17574000
62,1977,18015000
62,1978,18477000
62,1979,18956000
62,1980,19460000
62,1981,19985000
62,1982,20520000
62,1983,21061000
62,1984,21594000
62,1985,22114000
62,1986,22601000
62,1987,23054000
62,1988,23501000
62,1989,23939000
62,1990,24376000
62,1991,24799000
62,1992,25212000
62,1993,25615000
62,1994,26001000
62,1995,26399000
62,1996,26808000
62,1997,27213000
62,1998,27622000
62,1999,28027000
62,2000,28423000
62,2001,28815000
62,2002,29198000
62,2003,29571000
62,2004,29953000
62,2005,30358000
62,2006,30771000
62,2007,31186000
62,2008,31607000
62,2009,32031000
62,2010,32467000
62,2011,32913000
62,2012,33355000
62,2013,33788000
62,2014,34205000
62,2015,34608000
62,2016,35023000
62,2017,35446000
62,2018,35840000
62,2019,36211000
62,2020,36584000
62,2021,36954000
62,2022,37329000
62,2023,37713000
63,1950,13000
63,1951,14000
63,1952,16000
63,1953,17000
63,1954,19000
63,1955,20000
63,1956,22000
63,1957,24000
63,1958,26000
63,1959,28000
63,1960,30000
63,1961,33000
63,1962,35000
63,1963,38000
63,1964,41000
63,1965,44000
63,1966,47000
63,1967,51000
63,1968,56000
63,1969,62000
63,1970,72000
63,1971,79000
63,1972,78000
63,1973,78000
63,1974,76000
63,1975,67000
63,1976,64000
63,1977,77000
63,1978,91000
63,1979,105000
63,1980,117000
63,1981,127000
63,1982,134000
63,1983,141000
63,1984,146000
63,1985,152000
63,1986,157000
63,1987,163000
63,1988,168000
63,1989,174000
63,1990,180000
63,1991,185000
63,1992,191000
63,1993,196000
63,1994,202000
63,1995,210000
63,1996,221000
63,1997,234000
63,1998,246000
63,1999,259000
63,2000,272000
63,2001,285000
63,2002,298000
63,2003,312000
63,2004,325000
63,2005,339000
63,2006,353000
63,2007,367000
63,2008,381000
63,2009,395000
63,2010,410000
63,2011,425000
63,2012,441000
63,2013,457000
63,2014,473000
63,2015,486000
63,2016,5e+05
63,2017,513000
63,2018,526000
63,2019,538000
63,2020,549000
63,2021,559000
63,2022,569000
63,2023,580000
64,1950,658000
64,1951,671000
64,1952,685000
64,1953,699000
64,1954,715000
64,1955,731000
64,1956,748000
64,1957,765000
64,1958,784000
64,1959,804000
64,1960,824000
64,1961,846000
64,1962,869000
64,1963,893000
64,1964,919000
64,1965,946000
64,1966,974000
64,1967,1004000
64,1968,1035000
64,1969,1067000
64,1970,1100000
64,1971,1134000
64,1972,1168000
64,1973,1204000
64,1974,1240000
64,1975,1277000
64,1976,1315000
64,1977,1354000
64,1978,1393000
64,1979,1433000
64,1980,1474000
64,1981,1517000
64,1982,1561000
64,1983,1607000
64,1984,1654000
64,1985,1702000
64,1986,1752000
64,1987,1803000
64,1988,1856000
64,1989,1903000
64,1990,1952000
64,1991,2010000
64,1992,2088000
64,1993,2174000
64,1994,2249000
64,1995,2312000
64,1996,2358000
64,1997,2411000
64,1998,2475000
64,1999,2542000
64,2000,2613000
64,2001,2679000
64,2002,2739000
64,2003,2802000
64,2004,2869000
64,2005,2939000
64,2006,3014000
64,2007,3093000
64,2008,3183000
64,2009,3284000
64,2010,3391000
64,2011,3503000
64,2012,3619000
64,2013,3734000
64,2014,3849000
64,2015,3966000
64,2016,4087000
64,2017,4211000
64,2018,4338000
64,2019,4468000
64,2020,4600000
64,2021,4735000
64,2022,4876000
64,2023,5022000
65,1950,307000
65,1951,314000
65,1952,323000
65,1953,331000
65,1954,340000
65,1955,349000
65,1956,358000
65,1957,368000
65,1958,377000
65,1959,388000
65,1960,398000
65,1961,409000
65,1962,420000
65,1963,432000
65,1964,444000
65,1965,456000
65,1966,469000
65,1967,482000
65,1968,495000
65,1969,509000
65,1970,524000
65,1971,539000
65,1972,555000
65,1973,572000
65,1974,589000
65,1975,607000
65,1976,626000
65,1977,646000
65,1978,667000
65,1979,690000
65,1980,714000
65,1981,739000
65,1982,766000
65,1983,795000
65,1984,826000
65,1985,859000
65,1986,894000
65,1987,931000
65,1988,970000
65,1989,1011000
65,1990,1055000
65,1991,1100000
65,1992,1146000
65,1993,1188000
65,1994,1227000
65,1995,1264000
65,1996,1301000
65,1997,1339000
65,1998,1377000
65,1999,1416000
65,2000,1455000
65,2001,1495000
65,2002,1536000
65,2003,1578000
65,2004,1621000
65,2005,1667000
65,2006,1715000
65,2007,1766000
65,2008,1818000
65,2009,1871000
65,2010,1927000
65,2011,1984000
65,2012,2043000
65,2013,2104000
65,2014,2165000
65,2015,2225000
65,2016,2284000
65,2017,2342000
65,2018,2400000
65,2019,2457000
65,2020,2516000
65,2021,2576000
65,2022,2636000
65,2023,2698000
66,1950,2555000
66,1951,2620000
66,1952,2687000
66,1953,2758000
66,1954,2831000
66,1955,2909000
66,1956,2989000
66,1957,3072000
66,1958,3159000
66,1959,3248000
66,1960,3341000
66,1961,3436000
66,1962,3535000
66,1963,3636000
66,1964,3741000
66,1965,3850000
66,1966,3964000
66,1967,4084000
66,1968,4208000
66,1969,4335000
66,1970,4466000
66,1971,4602000
66,1972,4742000
66,1973,4885000
66,1974,5029000
66,1975,5171000
66,1976,5309000
66,1977,5440000
66,1978,5568000
66,1979,5703000
66,1980,5846000
66,1981,5997000
66,1982,6157000
66,1983,6325000
66,1984,6499000
66,1985,6683000
66,1986,6878000
66,1987,7082000
66,1988,7290000
66,1989,7502000
66,1990,7721000
66,1991,7943000
66,1992,8168000
66,1993,8396000
66,1994,8624000
66,1995,8848000
66,1996,9067000
66,1997,9283000
66,1998,9503000
66,1999,9731000
66,2000,9968000
66,2001,10213000
66,2002,10466000
66,2003,10721000
66,2004,10976000
66,2005,11235000
66,2006,11500000
66,2007,11770000
66,2008,12049000
66,2009,12337000
66,2010,12635000
66,2011,12959000
66,2012,13310000
66,2013,13711000
66,2014,14152000
66,2015,14593000
66,2016,15035000
66,2017,15475000
66,2018,15914000
66,2019,16353000
66,2020,16789000
66,2021,17221000
66,2022,17651000
66,2023,18078000
67,1950,1131000
67,1951,1145000
67,1952,1162000
67,1953,1183000
67,1954,1208000
67,1955,1241000
67,1956,1283000
67,1957,1329000
67,1958,1379000
67,1959,1434000
67,1960,1493000
67,1961,1556000
67,1962,1622000
67,1963,1690000
67,1964,1754000
67,1965,1804000
67,1966,1849000
67,1967,1898000
67,1968,1953000
67,1969,2014000
67,1970,2083000
67,1971,2154000
67,1972,2226000
67,1973,2314000
67,1974,2432000
67,1975,2572000
67,1976,2721000
67,1977,2882000
67,1978,3053000
67,1979,3234000
67,1980,3424000
67,1981,3621000
67,1982,3725000
67,1983,3719000
67,1984,3774000
67,1985,3899000
67,1986,4017000
67,1987,4130000
67,1988,4238000
67,1989,4343000
67,1990,4445000
67,1991,4544000
67,1992,4640000
67,1993,4733000
67,1994,4822000
67,1995,4907000
67,1996,4987000
67,1997,5065000
67,1998,5141000
67,1999,5218000
67,2000,5305000
67,2001,5404000
67,2002,5508000
67,2003,5619000
67,2004,5737000
67,2005,5859000
67,2006,5980000
67,2007,6104000
67,2008,6235000
67,2009,6367000
67,2010,6498000
67,2011,6343000
67,2012,6179000
67,2013,6305000
67,2014,6427000
67,2015,6532000
67,2016,6632000
67,2017,6739000
67,2018,6849000
67,2019,6951000
67,2020,7045000
67,2021,7135000
67,2022,7224000
67,2023,7306000
68,1950,295000
68,1951,3e+05
68,1952,305000
68,1953,309000
68,1954,314000
68,1955,318000
68,1956,322000
68,1957,327000
68,1958,329000
68,1959,330000
68,1960,331000
68,1961,331000
68,1962,330000
68,1963,330000
68,1964,329000
68,1965,327000
68,1966,326000
68,1967,324000
68,1968,324000
68,1969,325000
68,1970,326000
68,1971,327000
68,1972,329000
68,1973,330000
68,1974,332000
68,1975,333000
68,1976,335000
68,1977,337000
68,1978,339000
68,1979,341000
68,1980,343000
68,1981,345000
68,1982,347000
68,1983,349000
68,1984,351000
68,1985,353000
68,1986,355000
68,1987,358000
68,1988,361000
68,1989,365000
68,1990,368000
68,1991,371000
68,1992,375000
68,1993,378000
68,1994,381000
68,1995,385000
68,1996,388000
68,1997,391000
68,1998,394000
68,1999,397000
68,2000,4e+05
68,2001,403000
68,2002,406000
68,2003,408000
68,2004,411000
68,2005,413000
68,2006,415000
68,2007,417000
68,2008,419000
68,2009,421000
68,2010,423000
68,2011,425000
68,2012,427000
68,2013,428000
68,2014,434000
68,2015,445000
68,2016,455000
68,2017,468000
68,2018,485000
68,2019,504000
68,2020,518000
68,2021,524000
68,2022,528000
68,2023,533000
69,1950,1919000
69,1951,1934000
69,1952,1950000
69,1953,1965000
69,1954,1982000
69,1955,2e+06
69,1956,2020000
69,1957,2040000
69,1958,2063000
69,1959,2097000
69,1960,2131000
69,1961,2157000
69,1962,2182000
69,1963,2206000
69,1964,2230000
69,1965,2253000
69,1966,2274000
69,1967,2296000
69,1968,2317000
69,1969,2338000
69,1970,2358000
69,1971,2377000
69,1972,2396000
69,1973,2416000
69,1974,2437000
69,1975,2456000
69,1976,2471000
69,1977,2485000
69,1978,2497000
69,1979,2506000
69,1980,2512000
69,1981,2520000
69,1982,2532000
69,1983,2547000
69,1984,2563000
69,1985,2579000
69,1986,2600000
69,1987,2626000
69,1988,2652000
69,1989,2665000
69,1990,2660000
69,1991,2649000
69,1992,2615000
69,1993,2564000
69,1994,2521000
69,1995,2486000
69,1996,2458000
69,1997,2433000
69,1998,2410000
69,1999,2391000
69,2000,2368000
69,2001,2338000
69,2002,2311000
69,2003,2289000
69,2004,2264000
69,2005,2240000
69,2006,2219000
69,2007,2201000
69,2008,2178000
69,2009,2142000
69,2010,2098000
69,2011,2060000
69,2012,2035000
69,2013,2013000
69,2014,1994000
69,2015,1978000
69,2016,1960000
69,2017,1943000
69,2018,1928000
69,2019,1914000
69,2020,1901000
69,2021,1886000
69,2022,1881000
69,2023,1882000
70,1950,1102000
70,1951,1116000
70,1952,1130000
70,1953,1143000
70,1954,1155000
70,1955,1167000
70,1956,1178000
70,1957,1189000
70,1958,1200000
70,1959,1210000
70,1960,1220000
70,1961,1235000
70,1962,1250000
70,1963,1264000
70,1964,1278000
70,1965,1293000
70,1966,1306000
70,1967,1320000
70,1968,1334000
70,1969,1349000
70,1970,1362000
70,1971,1375000
70,1972,1387000
70,1973,1399000
70,1974,1412000
70,1975,1424000
70,1976,1435000
70,1977,1447000
70,1978,1458000
70,1979,1468000
70,1980,1476000
70,1981,1485000
70,1982,1495000
70,1983,1505000
70,1984,1516000
70,1985,1525000
70,1986,1536000
70,1987,1547000
70,1988,1559000
70,1989,1568000
70,1990,1570000
70,1991,1565000
70,1992,1540000
70,1993,1504000
70,1994,1476000
70,1995,1453000
70,1996,1435000
70,1997,1421000
70,1998,1411000
70,1999,1404000
70,2000,1397000
70,2001,1388000
70,2002,1379000
70,2003,1371000
70,2004,1363000
70,2005,1355000
70,2006,1347000
70,2007,1341000
70,2008,1337000
70,2009,1335000
70,2010,1331000
70,2011,1327000
70,2012,1323000
70,2013,1318000
70,2014,1314000
70,2015,1315000
70,2016,1316000
70,2017,1317000
70,2018,1322000
70,2019,1327000
70,2020,1330000
70,2021,1332000
70,2022,1350000
70,2023,1367000
71,1950,7249000
71,1951,7314000
71,1952,7362000
71,1953,7416000
71,1954,7476000
71,1955,7534000
71,1956,7587000
71,1957,7650000
71,1958,7725000
71,1959,7794000
71,1960,7863000
71,1961,7938000
71,1962,8008000
71,1963,8074000
71,1964,8140000
71,1965,8202000
71,1966,8259000
71,1967,8311000
71,1968,8371000
71,1969,8435000
71,1970,8491000
71,1971,8539000
71,1972,8580000
71,1973,8625000
71,1974,8683000
71,1975,8723000
71,1976,8759000
71,1977,8805000
71,1978,8814000
71,1979,8825000
71,1980,8860000
71,1981,8888000
71,1982,8913000
71,1983,8933000
71,1984,8953000
71,1985,8959000
71,1986,8963000
71,1987,8976000
71,1988,8986000
71,1989,8936000
71,1990,8822000
71,1991,8696000
71,1992,8559000
71,1993,8467000
71,1994,8417000
71,1995,8358000
71,1996,8291000
71,1997,8217000
71,1998,8138000
71,1999,8067000
71,2000,8001000
71,2001,7928000
71,2002,7862000
71,2003,7804000
71,2004,7749000
71,2005,7695000
71,2006,7640000
71,2007,7587000
71,2008,7536000
71,2009,7488000
71,2010,7438000
71,2011,7380000
71,2012,7317000
71,2013,7265000
71,2014,7223000
71,2015,7178000
71,2016,7127000
71,2017,7076000
71,2018,7025000
71,2019,6975000
71,2020,6934000
71,2021,6877000
71,2022,6826000
71,2023,6796000
72,1950,16397000
72,1951,16626000
72,1952,16846000
72,1953,17058000
72,1954,17267000
72,1955,17475000
72,1956,17691000
72,1957,17887000
72,1958,18046000
72,1959,18188000
72,1960,18313000
72,1961,18423000
72,1962,18512000
72,1963,18587000
72,1964,18655000
72,1965,18713000
72,1966,18776000
72,1967,18999000
72,1968,19361000
72,1969,19702000
72,1970,20012000
72,1971,20293000
72,1972,20556000
72,1973,20798000
72,1974,21034000
72,1975,21268000
72,1976,21498000
72,1977,21700000
72,1978,21868000
72,1979,22020000
72,1980,22155000
72,1981,22273000
72,1982,22374000
72,1983,22459000
72,1984,22534000
72,1985,22606000
72,1986,22675000
72,1987,22746000
72,1988,22815000
72,1989,22888000
72,1990,22940000
72,1991,22947000
72,1992,22912000
72,1993,22842000
72,1994,22756000
72,1995,22658000
72,1996,22542000
72,1997,22412000
72,1998,22285000
72,1999,22166000
72,2000,22046000
72,2001,21920000
72,2002,21770000
72,2003,21593000
72,2004,21403000
72,2005,21213000
72,2006,21036000
72,2007,20871000
72,2008,20719000
72,2009,20577000
72,2010,20433000
72,2011,20282000
72,2012,20158000
72,2013,20063000
72,2014,19968000
72,2015,19871000
72,2016,19777000
72,2017,19689000
72,2018,19598000
72,2019,19502000
72,2020,19392000
72,2021,19248000
72,2022,19167000
72,2023,19118000
73,1950,103392000
73,1951,104845000
73,1952,106326000
73,1953,107852000
73,1954,109463000
73,1955,111161000
73,1956,112909000
73,1957,114730000
73,1958,116589000
73,1959,118294000
73,1960,119934000
73,1961,121604000
73,1962,123112000
73,1963,124450000
73,1964,125630000
73,1965,126634000
73,1966,127534000
73,1967,128343000
73,1968,129065000
73,1969,129762000
73,1970,130367000
73,1971,130987000
73,1972,131726000
73,1973,132475000
73,1974,133259000
73,1975,134136000
73,1976,135081000
73,1977,136041000
73,1978,136979000
73,1979,137817000
73,1980,138573000
73,1981,139351000
73,1982,140248000
73,1983,141331000
73,1984,142464000
73,1985,143569000
73,1986,144808000
73,1987,146147000
73,1988,147364000
73,1989,148282000
73,1990,148980000
73,1991,149448000
73,1992,148916000
73,1993,148135000
73,1994,148201000
73,1995,148291000
73,1996,148085000
73,1997,147854000
73,1998,147636000
73,1999,147242000
73,2000,146718000
73,2001,146117000
73,2002,145940000
73,2003,145794000
73,2004,145180000
73,2005,144598000
73,2006,144103000
73,2007,143860000
73,2008,143812000
73,2009,143869000
73,2010,143934000
73,2011,144044000
73,2012,144291000
73,2013,144604000
73,2014,144926000
73,2015,145308000
73,2016,145779000
73,2017,146187000
73,2018,146430000
73,2019,146533000
73,2020,146371000
73,2021,145836000
73,2022,145580000
73,2023,145441000
74,1950,3497000
74,1951,3541000
74,1952,3587000
74,1953,3634000
74,1954,3683000
74,1955,3734000
74,1956,3790000
74,1957,3850000
74,1958,3914000
74,1959,3982000
74,1960,4054000
74,1961,4129000
74,1962,4206000
74,1963,4283000
74,1964,4358000
74,1965,4429000
74,1966,4503000
74,1967,4583000
74,1968,4664000
74,1969,4743000
74,1970,4804000
74,1971,4843000
74,1972,4877000
74,1973,4911000
74,1974,4945000
74,1975,4979000
74,1976,5016000
74,1977,5054000
74,1978,5092000
74,1979,5129000
74,1980,5166000
74,1981,5205000
74,1982,5246000
74,1983,5290000
74,1984,5334000
74,1985,5377000
74,1986,5419000
74,1987,5461000
74,1988,5500000
74,1989,5500000
74,1990,5449000
74,1991,5380000
74,1992,5294000
74,1993,5179000
74,1994,5046000
74,1995,4926000
74,1996,4813000
74,1997,4695000
74,1998,4576000
74,1999,4456000
74,2000,4328000
74,2001,4210000
74,2002,4128000
74,2003,4085000
74,2004,4056000
74,2005,4026000
74,2006,3997000
74,2007,3968000
74,2008,3941000
74,2009,3919000
74,2010,3896000
74,2011,3869000
74,2012,3839000
74,2013,3809000
74,2014,3793000
74,2015,3792000
74,2016,3792000
74,2017,3793000
74,2018,3795000
74,2019,3797000
74,2020,3796000
74,2021,3788000
74,2022,3795000
74,2023,3807000
75,1950,37311000
75,1951,37808000
75,1952,38307000
75,1953,38806000
75,1954,39320000
75,1955,39860000
75,1956,40419000
75,1957,40999000
75,1958,41627000
75,1959,42244000
75,1960,42824000
75,1961,43400000
75,1962,43944000
75,1963,44462000
75,1964,44951000
75,1965,45387000
75,1966,45803000
75,1967,46216000
75,1968,46614000
75,1969,46976000
75,1970,47261000
75,1971,47573000
75,1972,47947000
75,1973,48277000
75,1974,48577000
75,1975,48865000
75,1976,49121000
75,1977,49336000
75,1978,49521000
75,1979,49721000
75,1980,49955000
75,1981,50189000
75,1982,50403000
75,1983,50637000
75,1984,50888000
75,1985,51109000
75,1986,51319000
75,1987,51516000
75,1988,51725000
75,1989,51918000
75,1990,52054000
75,1991,52171000
75,1992,52324000
75,1993,52350000
75,1994,52076000
75,1995,51666000
75,1996,51226000
75,1997,50787000
75,1998,50380000
75,1999,49976000
75,2000,49557000
75,2001,49107000
75,2002,48677000
75,2003,48315000
75,2004,47980000
75,2005,47586000
75,2006,47279000
75,2007,47063000
75,2008,46819000
75,2009,46624000
75,2010,46456000
75,2011,46308000
75,2012,46210000
75,2013,46127000
75,2014,45972000
75,2015,45785000
75,2016,45617000
75,2017,45436000
75,2018,45209000
75,2019,44957000
75,2020,44680000
75,2021,44299000
75,2022,41049000
75,2023,37733000
76,1950,21021000
76,1951,21644000
76,1952,22290000
76,1953,22959000
76,1954,23636000
76,1955,24311000
76,1956,25058000
76,1957,25881000
76,1958,26705000
76,1959,27526000
76,1960,28330000
76,1961,29119000
76,1962,29916000
76,1963,30727000
76,1964,31543000
76,1965,32345000
76,1966,33178000
76,1967,34050000
76,1968,34922000
76,1969,35788000
76,1970,36638000
76,1971,37519000
76,1972,38430000
76,1973,39330000
76,1974,40210000
76,1975,41053000
76,1976,41900000
76,1977,42773000
76,1978,43645000
76,1979,44510000
76,1980,45409000
76,1981,46321000
76,1982,47322000
76,1983,48447000
76,1984,49574000
76,1985,50687000
76,1986,51778000
76,1987,52844000
76,1988,53910000
76,1989,54977000
76,1990,56016000
76,1991,57010000
76,1992,57990000
76,1993,58999000
76,1994,60034000
76,1995,61025000
76,1996,61951000
76,1997,62853000
76,1998,63734000
76,1999,64592000
76,2000,65426000
76,2001,66245000
76,2002,67049000
76,2003,67832000
76,2004,68593000
76,2005,69330000
76,2006,70045000
76,2007,70751000
76,2008,71562000
76,2009,72465000
76,2010,73347000
76,2011,74215000
76,2012,75197000
76,2013,76403000
76,2014,78036000
76,2015,80014000
76,2016,81652000
76,2017,83084000
76,2018,84416000
76,2019,85358000
76,2020,86092000
76,2021,86686000
76,2022,87058000
76,2023,87271000
77,1950,3612000
77,1951,3685000
77,1952,3765000
77,1953,3853000
77,1954,3948000
77,1955,4051000
77,1956,4161000
77,1957,4278000
77,1958,4402000
77,1959,4534000
77,1960,4674000
77,1961,4815000
77,1962,4959000
77,1963,5110000
77,1964,5269000
77,1965,5435000
77,1966,5609000
77,1967,5790000
77,1968,5979000
77,1969,6175000
77,1970,6381000
77,1971,6598000
77,1972,6826000
77,1973,7060000
77,1974,7302000
77,1975,7554000
77,1976,7817000
77,1977,8091000
77,1978,8373000
77,1979,8662000
77,1980,8958000
77,1981,9260000
77,1982,9573000
77,1983,9905000
77,1984,10258000
77,1985,10626000
77,1986,11003000
77,1987,11389000
77,1988,11782000
77,1989,12179000
77,1990,12579000
77,1991,12981000
77,1992,13386000
77,1993,13796000
77,1994,14209000
77,1995,14617000
77,1996,15018000
77,1997,15418000
77,1998,15820000
77,1999,16228000
77,2000,16638000
77,2001,17051000
77,2002,17468000
77,2003,17889000
77,2004,18337000
77,2005,18814000
77,2006,19637000
77,2007,20884000
77,2008,21637000
77,2009,21977000
77,2010,22482000
77,2011,22878000
77,2012,22760000
77,2013,21667000
77,2014,20274000
77,2015,19425000
77,2016,19194000
77,2017,19225000
77,2018,19578000
77,2019,20354000
77,2020,21049000
77,2021,21629000
77,2022,22462000
77,2023,23595000
78,1950,1349000
78,1951,1388000
78,1952,1427000
78,1953,1468000
78,1954,1510000
78,1955,1554000
78,1956,1599000
78,1957,1646000
78,1958,1694000
78,1959,1743000
78,1960,1794000
78,1961,1850000
78,1962,1910000
78,1963,1970000
78,1964,2031000
78,1965,2089000
78,1966,2148000
78,1967,2207000
78,1968,2266000
78,1969,2328000
78,1970,2386000
78,1971,2446000
78,1972,2510000
78,1973,2573000
78,1974,2635000
78,1975,2693000
78,1976,2726000
78,1977,2762000
78,1978,2823000
78,1979,2883000
78,1980,2945000
78,1981,3009000
78,1982,3055000
78,1983,3095000
78,1984,3153000
78,1985,3217000
78,1986,3300000
78,1987,3386000
78,1988,3455000
78,1989,3525000
78,1990,3595000
78,1991,3669000
78,1992,3747000
78,1993,3821000
78,1994,3890000
78,1995,3961000
78,1996,4035000
78,1997,4108000
78,1998,4181000
78,1999,4255000
78,2000,4329000
78,2001,4402000
78,2002,4464000
78,2003,4526000
78,2004,4599000
78,2005,4671000
78,2006,4751000
78,2007,4844000
78,2008,4925000
78,2009,4992000
78,2010,5041000
78,2011,5096000
78,2012,5236000
78,2013,5743000
78,2014,6347000
78,2015,6472000
78,2016,6323000
78,2017,6160000
78,2018,5984000
78,2019,5795000
78,2020,5702000
78,2021,5718000
78,2022,5744000
78,2023,5773000
79,1950,1289000
79,1951,1352000
79,1952,1414000
79,1953,1476000
79,1954,1538000
79,1955,1599000
79,1956,1661000
79,1957,1721000
79,1958,1779000
79,1959,1836000
79,1960,1892000
79,1961,1957000
79,1962,2041000
79,1963,2135000
79,1964,2232000
79,1965,2331000
79,1966,2434000
79,1967,2539000
79,1968,2645000
79,1969,2754000
79,1970,2865000
79,1971,2977000
79,1972,3079000
79,1973,3163000
79,1974,3240000
79,1975,3318000
79,1976,3398000
79,1977,3480000
79,1978,3560000
79,1979,3641000
79,1980,3722000
79,1981,3802000
79,1982,3884000
79,1983,3960000
79,1984,4034000
79,1985,4105000
79,1986,4169000
79,1987,4237000
79,1988,4307000
79,1989,4382000
79,1990,4545000
79,1991,4780000
79,1992,4957000
79,1993,5086000
79,1994,5217000
79,1995,5355000
79,1996,5500000
79,1997,5646000
79,1998,5790000
79,1999,5946000
79,2000,6111000
79,2001,6260000
79,2002,6388000
79,2003,6503000
79,2004,6615000
79,2005,6728000
79,2006,6844000
79,2007,6962000
79,2008,7083000
79,2009,7206000
79,2010,7337000
79,2011,7471000
79,2012,7608000
79,2013,7749000
79,2014,7897000
79,2015,8053000
79,2016,8210000
79,2017,8362000
79,2018,8510000
79,2019,8657000
79,2020,8800000
79,2021,8943000
79,2022,9103000
79,2023,9256000
80,1950,7651000
80,1951,7713000
80,1952,7776000
80,1953,7841000
80,1954,7911000
80,1955,7985000
80,1956,8061000
80,1957,8137000
80,1958,8215000
80,1959,8298000
80,1960,8384000
80,1961,8447000
80,1962,8473000
80,1963,8488000
80,1964,8504000
80,1965,8521000
80,1966,8580000
80,1967,8655000
80,1968,8718000
80,1969,8747000
80,1970,8748000
80,1971,8787000
80,1972,8849000
80,1973,8893000
80,1974,8929000
80,1975,9017000
80,1976,9160000
80,1977,9282000
80,1978,9390000
80,1979,9526000
80,1980,9653000
80,1981,9754000
80,1982,9837000
80,1983,9911000
80,1984,9979000
80,1985,10037000
80,1986,10089000
80,1987,10135000
80,1988,10177000
80,1989,10218000
80,1990,10258000
80,1991,10307000
80,1992,10360000
80,1993,10413000
80,1994,10466000
80,1995,10519000
80,1996,10570000
80,1997,10622000
80,1998,10675000
80,1999,10728000
80,2000,10783000
80,2001,10843000
80,2002,10890000
80,2003,10918000
80,2004,10947000
80,2005,10981000
80,2006,11016000
80,2007,11046000
80,2008,11077000
80,2009,11108000
80,2010,11125000
80,2011,11109000
80,2012,11048000
80,2013,10968000
80,2014,10893000
80,2015,10821000
80,2016,10776000
80,2017,10754000
80,2018,10731000
80,2019,10719000
80,2020,10699000
80,2021,10580000
80,2022,10412000
80,2023,10243000
81,1950,494000
81,1951,501000
81,1952,509000
81,1953,517000
81,1954,525000
81,1955,534000
81,1956,543000
81,1957,553000
81,1958,563000
81,1959,575000
81,1960,586000
81,1961,596000
81,1962,601000
81,1963,607000
81,1964,613000
81,1965,618000
81,1966,623000
81,1967,629000
81,1968,635000
81,1969,641000
81,1970,647000
81,1971,654000
81,1972,661000
81,1973,666000
81,1974,663000
81,1975,659000
81,1976,662000
81,1977,667000
81,1978,672000
81,1979,678000
81,1980,683000
81,1981,689000
81,1982,696000
81,1983,707000
81,1984,719000
81,1985,731000
81,1986,743000
81,1987,755000
81,1988,766000
81,1989,777000
81,1990,788000
81,1991,799000
81,1992,810000
81,1993,826000
81,1994,845000
81,1995,863000
81,1996,880000
81,1997,898000
81,1998,915000
81,1999,931000
81,2000,948000
81,2001,964000
81,2002,981000
81,2003,1e+06
81,2004,1018000
81,2005,1036000
81,2006,1054000
81,2007,1073000
81,2008,1091000
81,2009,1109000
81,2010,1128000
81,2011,1146000
81,2012,1165000
81,2013,1184000
81,2014,1202000
81,2015,1220000
81,2016,1237000
81,2017,1254000
81,2018,1271000
81,2019,1287000
81,2020,1302000
81,2021,1317000
81,2022,1331000
81,2023,1345000
82,1950,1248000
82,1951,1276000
82,1952,1308000
82,1953,1344000
82,1954,1381000
82,1955,1419000
82,1956,1457000
82,1957,1498000
82,1958,1544000
82,1959,1595000
82,1960,1649000
82,1961,1699000
82,1962,1744000
82,1963,1791000
82,1964,1841000
82,1965,1894000
82,1966,1950000
82,1967,2009000
82,1968,2069000
82,1969,2127000
82,1970,2181000
82,1971,2235000
82,1972,2289000
82,1973,2344000
82,1974,2399000
82,1975,2455000
82,1976,2511000
82,1977,2567000
82,1978,2625000
82,1979,2681000
82,1980,2735000
82,1981,2790000
82,1982,2847000
82,1983,2905000
82,1984,2965000
82,1985,3026000
82,1986,3088000
82,1987,3149000
82,1988,3213000
82,1989,3260000
82,1990,3278000
82,1991,3283000
82,1992,3283000
82,1993,3278000
82,1994,3269000
82,1995,3259000
82,1996,3246000
82,1997,3230000
82,1998,3210000
82,1999,3189000
82,2000,3166000
82,2001,3148000
82,2002,3134000
82,2003,3118000
82,2004,3099000
82,2005,3076000
82,2006,3051000
82,2007,3023000
82,2008,2993000
82,2009,2961000
82,2010,2929000
82,2011,2912000
82,2012,2910000
82,2013,2908000
82,2014,2904000
82,2015,2899000
82,2016,2898000
82,2017,2898000
82,2018,2894000
82,2019,2885000
82,2020,2872000
82,2021,2850000
82,2022,2828000
82,2023,2812000
84,1950,9018000
84,1951,9270000
84,1952,9521000
84,1953,9773000
84,1954,10014000
84,1955,10247000
84,1956,10482000
84,1957,10718000
84,1958,10954000
84,1959,11190000
84,1960,11425000
84,1961,11629000
84,1962,11801000
84,1963,11982000
84,1964,12180000
84,1965,12366000
84,1966,12590000
84,1967,12876000
84,1968,13173000
84,1969,13476000
84,1970,13784000
84,1971,14099000
84,1972,14427000
84,1973,14771000
84,1974,15134000
84,1975,15679000
84,1976,16409000
84,1977,17016000
84,1978,17507000
84,1979,18037000
84,1980,18607000
84,1981,19221000
84,1982,19872000
84,1983,20558000
84,1984,21272000
84,1985,22009000
84,1986,22745000
84,1987,23444000
84,1988,24110000
84,1989,24754000
84,1990,25376000
84,1991,25988000
84,1992,26629000
84,1993,27277000
84,1994,27887000
84,1995,28470000
84,1996,29033000
84,1997,29579000
84,1998,30054000
84,1999,30474000
84,2000,30904000
84,2001,31331000
84,2002,31751000
84,2003,32176000
84,2004,32628000
84,2005,33109000
84,2006,33624000
84,2007,34189000
84,2008,34817000
84,2009,35490000
84,2010,36188000
84,2011,36903000
84,2012,37646000
84,2013,38414000
84,2014,39205000
84,2015,40020000
84,2016,40851000
84,2017,41689000
84,2018,42505000
84,2019,43295000
84,2020,44042000
84,2021,44761000
84,2022,45477000
84,2023,46164000
86,1950,5000
86,1951,5000
86,1952,5000
86,1953,5000
86,1954,5000
86,1955,5000
86,1956,5000
86,1957,5000
86,1958,5000
86,1959,5000
86,1960,5000
86,1961,5000
86,1962,5000
86,1963,5000
86,1964,5000
86,1965,5000
86,1966,6000
86,1967,6000
86,1968,6000
86,1969,6000
86,1970,6000
86,1971,6000
86,1972,6000
86,1973,6000
86,1974,6000
86,1975,6000
86,1976,6000
86,1977,6000
86,1978,6000
86,1979,6000
86,1980,6000
86,1981,6000
86,1982,7000
86,1983,7000
86,1984,7000
86,1985,7000
86,1986,7000
86,1987,7000
86,1988,7000
86,1989,7000
86,1990,7000
86,1991,7000
86,1992,7000
86,1993,6000
86,1994,6000
86,1995,6000
86,1996,6000
86,1997,6000
86,1998,6000
86,1999,6000
86,2000,6000
86,2001,6000
86,2002,6000
86,2003,6000
86,2004,6000
86,2005,6000
86,2006,5000
86,2007,5000
86,2008,5000
86,2009,5000
86,2010,5000
86,2011,5000
86,2012,5000
86,2013,5000
86,2014,5000
86,2015,6000
86,2016,6000
86,2017,6000
86,2018,5000
86,2019,5000
86,2020,5000
86,2021,5000
86,2022,5000
86,2023,5000
95,1950,2000
95,1951,2000
95,1952,2000
95,1953,2000
95,1954,2000
95,1955,2000
95,1956,2000
95,1957,2000
95,1958,2000
95,1959,2000
95,1960,2000
95,1961,2000
95,1962,2000
95,1963,2000
95,1964,2000
95,1965,2000
95,1966,2000
95,1967,2000
95,1968,2000
95,1969,2000
95,1970,2000
95,1971,2000
95,1972,2000
95,1973,2000
95,1974,2000
95,1975,2000
95,1976,2000
95,1977,2000
95,1978,2000
95,1979,2000
95,1980,2000
95,1981,2000
95,1982,2000
95,1983,2000
95,1984,2000
95,1985,2000
95,1986,2000
95,1987,2000
95,1988,2000
95,1989,2000
95,1990,2000
95,1991,2000
95,1992,2000
95,1993,3000
95,1994,3000
95,1995,3000
95,1996,3000
95,1997,3000
95,1998,3000
95,1999,3000
95,2000,3000
95,2001,3000
95,2002,3000
95,2003,3000
95,2004,3000
95,2005,3000
95,2006,3000
95,2007,3000
95,2008,3000
95,2009,3000
95,2010,3000
95,2011,3000
95,2012,3000
95,2013,3000
95,2014,3000
95,2015,3000
95,2016,3000
95,2017,4000
95,2018,4000
95,2019,4000
95,2020,4000
95,2021,3000
95,2022,3000
95,2023,3000
96,1950,2e+06
96,1951,2023000
96,1952,2047000
96,1953,2071000
96,1954,2095000
96,1955,2121000
96,1956,2148000
96,1957,2176000
96,1958,2205000
96,1959,2235000
96,1960,2268000
96,1961,2304000
96,1962,2342000
96,1963,2382000
96,1964,2424000
96,1965,2469000
96,1966,2515000
96,1967,2562000
96,1968,2612000
96,1969,2661000
96,1970,2712000
96,1971,2763000
96,1972,2814000
96,1973,2867000
96,1974,2920000
96,1975,2975000
96,1976,3029000
96,1977,3085000
96,1978,3146000
96,1979,3207000
96,1980,3272000
96,1981,3339000
96,1982,3408000
96,1983,3482000
96,1984,3559000
96,1985,3638000
96,1986,3728000
96,1987,3830000
96,1988,3935000
96,1989,4034000
96,1990,4197000
96,1991,4246000
96,1992,4166000
96,1993,4157000
96,1994,4173000
96,1995,4179000
96,1996,4199000
96,1997,4254000
96,1998,4296000
96,1999,4318000
96,2000,4424000
96,2001,4693000
96,2002,4971000
96,2003,5178000
96,2004,5356000
96,2005,5502000
96,2006,5624000
96,2007,5749000
96,2008,5895000
96,2009,6056000
96,2010,6223000
96,2011,6387000
96,2012,6551000
96,2013,6714000
96,2014,6876000
96,2015,7038000
96,2016,7205000
96,2017,7379000
96,2018,7555000
96,2019,7732000
96,2020,7913000
96,2021,8095000
96,2022,8277000
96,2023,8461000
97,1950,919000
97,1951,936000
97,1952,955000
97,1953,974000
97,1954,995000
97,1955,1016000
97,1956,1039000
97,1957,1063000
97,1958,1087000
97,1959,1113000
97,1960,1140000
97,1961,1168000
97,1962,1197000
97,1963,1227000
97,1964,1259000
97,1965,1291000
97,1966,1324000
97,1967,1358000
97,1968,1394000
97,1969,1430000
97,1970,1467000
97,1971,1504000
97,1972,1543000
97,1973,1584000
97,1974,1626000
97,1975,1671000
97,1976,1717000
97,1977,1766000
97,1978,1818000
97,1979,1873000
97,1980,1929000
97,1981,1987000
97,1982,2045000
97,1983,2107000
97,1984,2173000
97,1985,2241000
97,1986,2309000
97,1987,2377000
97,1988,2447000
97,1989,2518000
97,1990,2224000
97,1991,1957000
97,1992,2072000
97,1993,2155000
97,1994,2150000
97,1995,2169000
97,1996,2232000
97,1997,2413000
97,1998,2670000
97,1999,2822000
97,2000,2928000
97,2001,3015000
97,2002,3095000
97,2003,3120000
97,2004,3157000
97,2005,3301000
97,2006,3491000
97,2007,3669000
97,2008,3821000
97,2009,3943000
97,2010,4059000
97,2011,4221000
97,2012,4373000
97,2013,4470000
97,2014,4564000
97,2015,4659000
97,2016,4756000
97,2017,4849000
97,2018,4945000
97,2019,5044000
97,2020,5149000
97,2021,5259000
97,2022,5373000
97,2023,5493000
98,1950,1400000
98,1951,1424000
98,1952,1450000
98,1953,1476000
98,1954,1503000
98,1955,1530000
98,1956,1558000
98,1957,1586000
98,1958,1615000
98,1959,1644000
98,1960,1673000
98,1961,1703000
98,1962,1733000
98,1963,1765000
98,1964,1803000
98,1965,1854000
98,1966,1919000
98,1967,1996000
98,1968,2080000
98,1969,2165000
98,1970,2245000
98,1971,2318000
98,1972,2385000
98,1973,2449000
98,1974,2512000
98,1975,2575000
98,1976,2638000
98,1977,2702000
98,1978,2768000
98,1979,2840000
98,1980,2921000
98,1981,3013000
98,1982,3115000
98,1983,3223000
98,1984,3333000
98,1985,3441000
98,1986,3548000
98,1987,3658000
98,1988,3770000
98,1989,3883000
98,1990,3999000
98,1991,4116000
98,1992,4234000
98,1993,4207000
98,1994,4223000
98,1995,4411000
98,1996,4578000
98,1997,4725000
98,1998,4861000
98,1999,5e+06
98,2000,5140000
98,2001,5277000
98,2002,5413000
98,2003,5552000
98,2004,5697000
98,2005,5845000
98,2006,6011000
98,2007,6188000
98,2008,6369000
98,2009,6552000
98,2010,6733000
98,2011,6916000
98,2012,7101000
98,2013,7285000
98,2014,7472000
98,2015,7663000
98,2016,7858000
98,2017,8057000
98,2018,8259000
98,2019,8463000
98,2020,8670000
98,2021,8878000
98,2022,9090000
98,2023,9304000
99,1950,2250000
99,1951,2267000
99,1952,2286000
99,1953,2306000
99,1954,2329000
99,1955,2354000
99,1956,2381000
99,1957,2411000
99,1958,2443000
99,1959,2479000
99,1960,2517000
99,1961,2559000
99,1962,2605000
99,1963,2653000
99,1964,2704000
99,1965,2758000
99,1966,2814000
99,1967,2873000
99,1968,2934000
99,1969,2998000
99,1970,3065000
99,1971,3135000
99,1972,3208000
99,1973,3283000
99,1974,3363000
99,1975,3445000
99,1976,3532000
99,1977,3623000
99,1978,3718000
99,1979,3819000
99,1980,3925000
99,1981,4038000
99,1982,4157000
99,1983,4279000
99,1984,4406000
99,1985,4538000
99,1986,4675000
99,1987,4818000
99,1988,4967000
99,1989,5122000
99,1990,5281000
99,1991,5447000
99,1992,5618000
99,1993,5873000
99,1994,6097000
99,1995,6227000
99,1996,6392000
99,1997,6583000
99,1998,6789000
99,1999,7003000
99,2000,7222000
99,2001,7446000
99,2002,7675000
99,2003,7913000
99,2004,8159000
99,2005,8426000
99,2006,8693000
99,2007,8954000
99,2008,9228000
99,2009,9509000
99,2010,9797000
99,2011,10094000
99,2012,10398000
99,2013,10709000
99,2014,11030000
99,2015,11361000
99,2016,11698000
99,2017,12040000
99,2018,12383000
99,2019,12727000
99,2020,13070000
99,2021,13413000
99,2022,13760000
99,2023,14111000
100,1950,835000
100,1951,854000
100,1952,873000
100,1953,892000
100,1954,913000
100,1955,934000
100,1956,957000
100,1957,980000
100,1958,1005000
100,1959,1030000
100,1960,1057000
100,1961,1084000
100,1962,1113000
100,1963,1143000
100,1964,1175000
100,1965,1208000
100,1966,1243000
100,1967,1279000
100,1968,1317000
100,1969,1356000
100,1970,1398000
100,1971,1441000
100,1972,1486000
100,1973,1534000
100,1974,1582000
100,1975,1627000
100,1976,1667000
100,1977,1708000
100,1978,1748000
100,1979,1789000
100,1980,1829000
100,1981,1870000
100,1982,1910000
100,1983,1950000
100,1984,2e+06
100,1985,2059000
100,1986,2121000
100,1987,2183000
100,1988,2248000
100,1989,2314000
100,1990,2381000
100,1991,2449000
100,1992,2519000
100,1993,2595000
100,1994,2673000
100,1995,2749000
100,1996,2827000
100,1997,2888000
100,1998,2952000
100,1999,3033000
100,2000,3151000
100,2001,3273000
100,2002,3351000
100,2003,3446000
100,2004,3566000
100,2005,3696000
100,2006,3837000
100,2007,3980000
100,2008,4114000
100,2009,4281000
100,2010,4462000
100,2011,4610000
100,2012,4740000
100,2013,4857000
100,2014,4976000
100,2015,5098000
100,2016,5223000
100,2017,5351000
100,2018,5483000
100,2019,5617000
100,2020,5753000
100,2021,5892000
100,2022,6035000
100,2023,6183000
101,1950,515000
101,1951,520000
101,1952,527000
101,1953,533000
101,1954,540000
101,1955,547000
101,1956,555000
101,1957,563000
101,1958,571000
101,1959,581000
101,1960,591000
101,1961,603000
101,1962,616000
101,1963,630000
101,1964,645000
101,1965,661000
101,1966,678000
101,1967,696000
101,1968,716000
101,1969,736000
101,1970,758000
101,1971,781000
101,1972,804000
101,1973,829000
101,1974,854000
101,1975,881000
101,1976,907000
101,1977,931000
101,1978,947000
101,1979,963000
101,1980,981000
101,1981,993000
101,1982,1010000
101,1983,1038000
101,1984,1066000
101,1985,1097000
101,1986,1131000
101,1987,1168000
101,1988,1210000
101,1989,1289000
101,1990,1369000
101,1991,1416000
101,1992,1461000
101,1993,1509000
101,1994,1556000
101,1995,1602000
101,1996,1646000
101,1997,1689000
101,1998,1733000
101,1999,1776000
101,2000,1819000
101,2001,1857000
101,2002,1890000
101,2003,1917000
101,2004,1942000
101,2005,1967000
101,2006,1992000
101,2007,2019000
101,2008,2047000
101,2009,2077000
101,2010,2110000
101,2011,2146000
101,2012,2195000
101,2013,2253000
101,2014,2312000
101,2015,2374000
101,2016,2439000
101,2017,2507000
101,2018,2577000
101,2019,2650000
101,2020,2729000
101,2021,2811000
101,2022,2890000
101,2023,2963000
102,1950,13038000
102,1951,13309000
102,1952,13596000
102,1953,13893000
102,1954,14204000
102,1955,14533000
102,1956,14881000
102,1957,15245000
102,1958,15620000
102,1959,16015000
102,1960,16440000
102,1961,16908000
102,1962,17419000
102,1963,17955000
102,1964,18511000
102,1965,19089000
102,1966,19690000
102,1967,20314000
102,1968,20957000
102,1969,21615000
102,1970,22280000
102,1971,22942000
102,1972,23609000
102,1973,24294000
102,1974,24989000
102,1975,25691000
102,1976,26395000
102,1977,27119000
102,1978,27870000
102,1979,28634000
102,1980,29519000
102,1981,30541000
102,1982,31615000
102,1983,32739000
102,1984,33893000
102,1985,35042000
102,1986,36181000
102,1987,37326000
102,1988,38481000
102,1989,39629000
102,1990,40746000
102,1991,41688000
102,1992,42444000
102,1993,43297000
102,1994,44004000
102,1995,44542000
102,1996,45123000
102,1997,45667000
102,1998,46224000
102,1999,46730000
102,2000,47160000
102,2001,47567000
102,2002,48019000
102,2003,48500000
102,2004,48991000
102,2005,49490000
102,2006,49998000
102,2007,50529000
102,2008,51115000
102,2009,51729000
102,2010,52344000
102,2011,52995000
102,2012,53783000
102,2013,54679000
102,2014,55595000
102,2015,56724000
102,2016,57260000
102,2017,57635000
102,2018,58613000
102,2019,59588000
102,2020,60562000
102,2021,61503000
102,2022,62378000
102,2023,63212000
103,1950,61000
103,1951,62000
103,1952,63000
103,1953,63000
103,1954,64000
103,1955,65000
103,1956,65000
103,1957,66000
103,1958,67000
103,1959,67000
103,1960,68000
103,1961,69000
103,1962,69000
103,1963,70000
103,1964,71000
103,1965,72000
103,1966,73000
103,1967,74000
103,1968,75000
103,1969,76000
103,1970,78000
103,1971,79000
103,1972,81000
103,1973,83000
103,1974,85000
103,1975,87000
103,1976,89000
103,1977,91000
103,1978,94000
103,1979,96000
103,1980,99000
103,1981,101000
103,1982,103000
103,1983,104000
103,1984,106000
103,1985,109000
103,1986,111000
103,1987,114000
103,1988,117000
103,1989,120000
103,1990,123000
103,1991,126000
103,1992,128000
103,1993,130000
103,1994,133000
103,1995,135000
103,1996,137000
103,1997,139000
103,1998,141000
103,1999,142000
103,2000,144000
103,2001,146000
103,2002,150000
103,2003,154000
103,2004,158000
103,2005,162000
103,2006,166000
103,2007,170000
103,2008,174000
103,2009,178000
103,2010,182000
103,2011,186000
103,2012,189000
103,2013,193000
103,2014,197000
103,2015,2e+05
103,2016,204000
103,2017,207000
103,2018,210000
103,2019,213000
103,2020,217000
103,2021,222000
103,2022,226000
103,2023,231000
104,1950,227000
104,1951,231000
104,1952,235000
104,1953,239000
104,1954,243000
104,1955,247000
104,1956,252000
104,1957,256000
104,1958,260000
104,1959,265000
104,1960,270000
104,1961,275000
104,1962,280000
104,1963,286000
104,1964,292000
104,1965,298000
104,1966,305000
104,1967,312000
104,1968,319000
104,1969,323000
104,1970,321000
104,1971,316000
104,1972,309000
104,1973,302000
104,1974,295000
104,1975,288000
104,1976,281000
104,1977,277000
104,1978,277000
104,1979,280000
104,1980,289000
104,1981,303000
104,1982,322000
104,1983,343000
104,1984,365000
104,1985,386000
104,1986,405000
104,1987,423000
104,1988,440000
104,1989,457000
104,1990,474000
104,1991,492000
104,1992,511000
104,1993,530000
104,1994,550000
104,1995,571000
104,1996,593000
104,1997,617000
104,1998,641000
104,1999,667000
104,2000,703000
104,2001,750000
104,2002,798000
104,2003,848000
104,2004,9e+05
104,2005,947000
104,2006,990000
104,2007,1036000
104,2008,1085000
104,2009,1136000
104,2010,1189000
104,2011,1242000
104,2012,1293000
104,2013,1346000
104,2014,1400000
104,2015,1454000
104,2016,1508000
104,2017,1562000
104,2018,1616000
104,2019,1670000
104,2020,1716000
104,2021,1759000
104,2022,1804000
104,2023,1848000
106,1950,5081000
106,1951,5229000
106,1952,5387000
106,1953,5554000
106,1954,5729000
106,1955,5915000
106,1956,6110000
106,1957,6313000
106,1958,6520000
106,1959,6736000
106,1960,6961000
106,1961,7163000
106,1962,7337000
106,1963,7515000
106,1964,7696000
106,1965,7883000
106,1966,8075000
106,1967,8272000
106,1968,8476000
106,1969,8690000
106,1970,8926000
106,1971,9176000
106,1972,9438000
106,1973,9715000
106,1974,10001000
106,1975,10294000
106,1976,10595000
106,1977,10912000
106,1978,11248000
106,1979,11597000
106,1980,11941000
106,1981,12282000
106,1982,12644000
106,1983,13030000
106,1984,13371000
106,1985,13661000
106,1986,13965000
106,1987,14289000
106,1988,14637000
106,1989,15007000
106,1990,15395000
106,1991,15787000
106,1992,16185000
106,1993,16590000
106,1994,16993000
106,1995,17399000
106,1996,17810000
106,1997,18239000
106,1998,18688000
106,1999,19150000
106,2000,19637000
106,2001,20167000
106,2002,20729000
106,2003,21297000
106,2004,21868000
106,2005,22449000
106,2006,23041000
106,2007,23642000
106,2008,24250000
106,2009,24863000
106,2010,25475000
106,2011,26095000
106,2012,26734000
106,2013,27386000
106,2014,28042000
106,2015,28696000
106,2016,29357000
106,2017,30008000
106,2018,30638000
106,2019,31259000
106,2020,31888000
106,2021,32519000
106,2022,33149000
106,2023,33788000
108,1950,37000
108,1951,38000
108,1952,38000
108,1953,39000
108,1954,39000
108,1955,40000
108,1956,40000
108,1957,41000
108,1958,41000
108,1959,42000
108,1960,42000
108,1961,43000
108,1962,44000
108,1963,45000
108,1964,46000
108,1965,47000
108,1966,49000
108,1967,50000
108,1968,50000
108,1969,51000
108,1970,52000
108,1971,53000
108,1972,53000
108,1973,53000
108,1974,53000
108,1975,53000
108,1976,53000
108,1977,53000
108,1978,53000
108,1979,54000
108,1980,54000
108,1981,54000
108,1982,54000
108,1983,55000
108,1984,55000
108,1985,56000
108,1986,56000
108,1987,56000
108,1988,57000
108,1989,57000
108,1990,58000
108,1991,58000
108,1992,58000
108,1993,59000
108,1994,59000
108,1995,60000
108,1996,60000
108,1997,60000
108,1998,61000
108,1999,61000
108,2000,62000
108,2001,62000
108,2002,62000
108,2003,62000
108,2004,63000
108,2005,63000
108,2006,63000
108,2007,63000
108,2008,63000
108,2009,64000
108,2010,64000
108,2011,64000
108,2012,64000
108,2013,64000
108,2014,64000
108,2015,63000
108,2016,63000
108,2017,64000
108,2018,64000
108,2019,64000
108,2020,64000
108,2021,65000
108,2022,65000
108,2023,65000
110,1950,83000
110,1951,85000
110,1952,86000
110,1953,88000
110,1954,91000
110,1955,94000
110,1956,98000
110,1957,102000
110,1958,106000
110,1959,111000
110,1960,116000
110,1961,122000
110,1962,128000
110,1963,135000
110,1964,142000
110,1965,148000
110,1966,155000
110,1967,162000
110,1968,170000
110,1969,178000
110,1970,185000
110,1971,191000
110,1972,196000
110,1973,201000
110,1974,205000
110,1975,210000
110,1976,215000
110,1977,219000
110,1978,224000
110,1979,228000
110,1980,233000
110,1981,237000
110,1982,241000
110,1983,245000
110,1984,249000
110,1985,253000
110,1986,258000
110,1987,262000
110,1988,266000
110,1989,271000
110,1990,276000
110,1991,281000
110,1992,286000
110,1993,291000
110,1994,297000
110,1995,301000
110,1996,306000
110,1997,311000
110,1998,315000
110,1999,320000
110,2000,324000
110,2001,328000
110,2002,332000
110,2003,336000
110,2004,340000
110,2005,344000
110,2006,348000
110,2007,353000
110,2008,358000
110,2009,363000
110,2010,367000
110,2011,372000
110,2012,375000
110,2013,379000
110,2014,382000
110,2015,385000
110,2016,388000
110,2017,390000
110,2018,393000
110,2019,395000
110,2020,396000
110,2021,396000
110,2022,398000
110,2023,399000
111,1950,5000
111,1951,5000
111,1952,5000
111,1953,5000
111,1954,5000
111,1955,5000
111,1956,5000
111,1957,5000
111,1958,5000
111,1959,6000
111,1960,6000
111,1961,6000
111,1962,6000
111,1963,6000
111,1964,6000
111,1965,6000
111,1966,6000
111,1967,6000
111,1968,6000
111,1969,6000
111,1970,6000
111,1971,6000
111,1972,6000
111,1973,6000
111,1974,6000
111,1975,6000
111,1976,7000
111,1977,7000
111,1978,7000
111,1979,7000
111,1980,8000
111,1981,8000
111,1982,8000
111,1983,9000
111,1984,9000
111,1985,10000
111,1986,10000
111,1987,10000
111,1988,11000
111,1989,11000
111,1990,12000
111,1991,12000
111,1992,13000
111,1993,14000
111,1994,14000
111,1995,15000
111,1996,16000
111,1997,16000
111,1998,17000
111,1999,18000
111,2000,19000
111,2001,20000
111,2002,21000
111,2003,22000
111,2004,23000
111,2005,24000
111,2006,25000
111,2007,26000
111,2008,27000
111,2009,29000
111,2010,30000
111,2011,31000
111,2012,32000
111,2013,34000
111,2014,35000
111,2015,37000
111,2016,38000
111,2017,40000
111,2018,42000
111,2019,43000
111,2020,44000
111,2021,45000
111,2022,46000
111,2023,46000
112,1950,5925000
112,1951,6042000
112,1952,6162000
112,1953,6286000
112,1954,6413000
112,1955,6543000
112,1956,6676000
112,1957,6812000
112,1958,6950000
112,1959,7092000
112,1960,7238000
112,1961,7387000
112,1962,7541000
112,1963,7702000
112,1964,7866000
112,1965,8031000
112,1966,8193000
112,1967,8353000
112,1968,8510000
112,1969,8667000
112,1970,8824000
112,1971,8979000
112,1972,9124000
112,1973,9255000
112,1974,9374000
112,1975,9480000
112,1976,9571000
112,1977,9648000
112,1978,9712000
112,1979,9763000
112,1980,9805000
112,1981,9849000
112,1982,9913000
112,1983,9991000
112,1984,10073000
112,1985,10157000
112,1986,10244000
112,1987,10335000
112,1988,10433000
112,1989,10533000
112,1990,10632000
112,1991,10718000
112,1992,10786000
112,1993,10841000
112,1994,10886000
112,1995,10925000
112,1996,10962000
112,1997,10998000
112,1998,11035000
112,1999,11072000
112,2000,11109000
112,2001,11144000
112,2002,11177000
112,2003,11209000
112,2004,11239000
112,2005,11263000
112,2006,11279000
112,2007,11287000
112,2008,11292000
112,2009,11295000
112,2010,11297000
112,2011,11302000
112,2012,11303000
112,2013,11298000
112,2014,11286000
112,2015,11275000
112,2016,11266000
112,2017,11248000
112,2018,11227000
112,2019,11203000
112,2020,11176000
112,2021,11122000
112,2022,11060000
112,2023,11020000
113,1950,7000
113,1951,7000
113,1952,7000
113,1953,7000
113,1954,8000
113,1955,8000
113,1956,8000
113,1957,8000
113,1958,8000
113,1959,8000
113,1960,8000
113,1961,9000
113,1962,9000
113,1963,9000
113,1964,9000
113,1965,9000
113,1966,10000
113,1967,10000
113,1968,10000
113,1969,10000
113,1970,11000
113,1971,11000
113,1972,12000
113,1973,12000
113,1974,13000
113,1975,14000
113,1976,14000
113,1977,15000
113,1978,16000
113,1979,16000
113,1980,17000
113,1981,18000
113,1982,19000
113,1983,20000
113,1984,20000
113,1985,21000
113,1986,22000
113,1987,23000
113,1988,24000
113,1989,25000
113,1990,26000
113,1991,27000
113,1992,29000
113,1993,30000
113,1994,31000
113,1995,33000
113,1996,34000
113,1997,36000
113,1998,37000
113,1999,38000
113,2000,40000
113,2001,41000
113,2002,43000
113,2003,44000
113,2004,45000
113,2005,47000
113,2006,48000
113,2007,50000
113,2008,51000
113,2009,53000
113,2010,54000
113,2011,56000
113,2012,57000
113,2013,59000
113,2014,60000
113,2015,62000
113,2016,63000
113,2017,65000
113,2018,66000
113,2019,67000
113,2020,69000
113,2021,70000
113,2022,72000
113,2023,73000
114,1950,3266000
114,1951,3315000
114,1952,3366000
114,1953,3420000
114,1954,3476000
114,1955,3534000
114,1956,3595000
114,1957,3658000
114,1958,3723000
114,1959,3790000
114,1960,3858000
114,1961,3929000
114,1962,4002000
114,1963,4073000
114,1964,4146000
114,1965,4224000
114,1966,4303000
114,1967,4383000
114,1968,4465000
114,1969,4549000
114,1970,4635000
114,1971,4723000
114,1972,4814000
114,1973,4907000
114,1974,5002000
114,1975,5099000
114,1976,5198000
114,1977,5299000
114,1978,5403000
114,1979,5508000
114,1980,5614000
114,1981,5724000
114,1982,5836000
114,1983,5951000
114,1984,6069000
114,1985,6191000
114,1986,6316000
114,1987,6445000
114,1988,6578000
114,1989,6715000
114,1990,6854000
114,1991,6995000
114,1992,7137000
114,1993,7278000
114,1994,7420000
114,1995,7563000
114,1996,7708000
114,1997,7854000
114,1998,8002000
114,1999,8151000
114,2000,8303000
114,2001,8456000
114,2002,8608000
114,2003,8760000
114,2004,8910000
114,2005,9061000
114,2006,9217000
114,2007,9373000
114,2008,9531000
114,2009,9690000
114,2010,9803000
114,2011,9915000
114,2012,10070000
114,2013,10222000
114,2014,10373000
114,2015,10523000
114,2016,10671000
114,2017,10818000
114,2018,10962000
114,2019,11105000
114,2020,11244000
114,2021,11375000
114,2022,11504000
114,2023,11637000
115,1950,2380000
115,1951,2450000
115,1952,2525000
115,1953,2605000
115,1954,2689000
115,1955,2778000
115,1956,2870000
115,1957,2966000
115,1958,3064000
115,1959,3165000
115,1960,3268000
115,1961,3373000
115,1962,3480000
115,1963,3588000
115,1964,3699000
115,1965,3809000
115,1966,3922000
115,1967,4039000
115,1968,4157000
115,1969,4277000
115,1970,4399000
115,1971,4524000
115,1972,4652000
115,1973,4782000
115,1974,4914000
115,1975,5047000
115,1976,5180000
115,1977,5315000
115,1978,5452000
115,1979,5590000
115,1980,5729000
115,1981,5868000
115,1982,6007000
115,1983,6147000
115,1984,6289000
115,1985,6430000
115,1986,6571000
115,1987,6713000
115,1988,6856000
115,1989,7002000
115,1990,7151000
115,1991,7300000
115,1992,7447000
115,1993,7595000
115,1994,7742000
115,1995,7888000
115,1996,8033000
115,1997,8174000
115,1998,8310000
115,1999,8446000
115,2000,8584000
115,2001,8720000
115,2002,8852000
115,2003,8981000
115,2004,9105000
115,2005,9225000
115,2006,9341000
115,2007,9456000
115,2008,9573000
115,2009,9695000
115,2010,9820000
115,2011,9946000
115,2012,10070000
115,2013,10194000
115,2014,10316000
115,2015,10435000
115,2016,10551000
115,2017,10667000
115,2018,10782000
115,2019,10894000
115,2020,11008000
115,2021,11123000
115,2022,11231000
115,2023,11331000
116,1950,2256000
116,1951,2276000
116,1952,2292000
116,1953,2307000
116,1954,2320000
116,1955,2333000
116,1956,2345000
116,1957,2356000
116,1958,2364000
116,1959,2374000
116,1960,2397000
116,1961,2436000
116,1962,2479000
116,1963,2522000
116,1964,2564000
116,1965,2605000
116,1966,2646000
116,1967,2686000
116,1968,2724000
116,1969,2759000
116,1970,2798000
116,1971,2846000
116,1972,2896000
116,1973,2947000
116,1974,2997000
116,1975,3049000
116,1976,3101000
116,1977,3153000
116,1978,3206000
116,1979,3259000
116,1980,3311000
116,1981,3355000
116,1982,3395000
116,1983,3432000
116,1984,3467000
116,1985,3500000
116,1986,3530000
116,1987,3559000
116,1988,3587000
116,1989,3614000
116,1990,3643000
116,1991,3677000
116,1992,3710000
116,1993,3742000
116,1994,3772000
116,1995,3801000
116,1996,3828000
116,1997,3854000
116,1998,3879000
116,1999,3903000
116,2000,3919000
116,2001,3922000
116,2002,3919000
116,2003,3914000
116,2004,3907000
116,2005,3896000
116,2006,3883000
116,2007,3870000
116,2008,3856000
116,2009,3842000
116,2010,3821000
116,2011,3789000
116,2012,3750000
116,2013,3710000
116,2014,3667000
116,2015,3622000
116,2016,3574000
116,2017,3467000
116,2018,3382000
116,2019,3377000
116,2020,3364000
116,2021,3340000
116,2022,3328000
116,2023,3328000
117,1950,7000
117,1951,7000
117,1952,7000
117,1953,7000
117,1954,7000
117,1955,7000
117,1956,8000
117,1957,8000
117,1958,8000
117,1959,8000
117,1960,8000
117,1961,8000
117,1962,8000
117,1963,8000
117,1964,8000
117,1965,8000
117,1966,8000
117,1967,9000
117,1968,9000
117,1969,10000
117,1970,10000
117,1971,10000
117,1972,10000
117,1973,10000
117,1974,10000
117,1975,11000
117,1976,11000
117,1977,11000
117,1978,11000
117,1979,11000
117,1980,11000
117,1981,11000
117,1982,12000
117,1983,12000
117,1984,13000
117,1985,13000
117,1986,14000
117,1987,14000
117,1988,15000
117,1989,15000
117,1990,16000
117,1991,16000
117,1992,17000
117,1993,17000
117,1994,17000
117,1995,18000
117,1996,18000
117,1997,19000
117,1998,19000
117,1999,20000
117,2000,20000
117,2001,21000
117,2002,21000
117,2003,22000
117,2004,23000
117,2005,24000
117,2006,24000
117,2007,25000
117,2008,26000
117,2009,27000
117,2010,28000
117,2011,29000
117,2012,30000
117,2013,32000
117,2014,33000
117,2015,34000
117,2016,34000
117,2017,33000
117,2018,35000
117,2019,36000
117,2020,37000
117,2021,38000
117,2022,38000
117,2023,39000
118,1950,5000
118,1951,5000
118,1952,5000
118,1953,6000
118,1954,6000
118,1955,6000
118,1956,6000
118,1957,6000
118,1958,6000
118,1959,6000
118,1960,6000
118,1961,6000
118,1962,6000
118,1963,6000
118,1964,6000
118,1965,6000
118,1966,6000
118,1967,6000
118,1968,6000
118,1969,6000
118,1970,6000
118,1971,6000
118,1972,6000
118,1973,6000
118,1974,6000
118,1975,6000
118,1976,7000
118,1977,7000
118,1978,7000
118,1979,7000
118,1980,7000
118,1981,7000
118,1982,7000
118,1983,7000
118,1984,7000
118,1985,7000
118,1986,7000
118,1987,7000
118,1988,8000
118,1989,8000
118,1990,8000
118,1991,9000
118,1992,9000
118,1993,9000
118,1994,9000
118,1995,10000
118,1996,10000
118,1997,10000
118,1998,11000
118,1999,11000
118,2000,11000
118,2001,11000
118,2002,12000
118,2003,12000
118,2004,12000
118,2005,12000
118,2006,12000
118,2007,13000
118,2008,13000
118,2009,13000
118,2010,13000
118,2011,14000
118,2012,13000
118,2013,13000
118,2014,14000
118,2015,14000
118,2016,14000
118,2017,14000
118,2018,15000
118,2019,15000
118,2020,15000
118,2021,14000
118,2022,14000
118,2023,14000
119,1950,47000
119,1951,48000
119,1952,49000
119,1953,50000
119,1954,51000
119,1955,52000
119,1956,53000
119,1957,54000
119,1958,55000
119,1959,55000
119,1960,56000
119,1961,55000
119,1962,54000
119,1963,53000
119,1964,52000
119,1965,51000
119,1966,50000
119,1967,49000
119,1968,47000
119,1969,46000
119,1970,45000
119,1971,44000
119,1972,44000
119,1973,44000
119,1974,44000
119,1975,44000
119,1976,43000
119,1977,43000
119,1978,43000
119,1979,43000
119,1980,43000
119,1981,43000
119,1982,43000
119,1983,42000
119,1984,42000
119,1985,42000
119,1986,42000
119,1987,41000
119,1988,41000
119,1989,41000
119,1990,40000
119,1991,40000
119,1992,41000
119,1993,41000
119,1994,42000
119,1995,42000
119,1996,43000
119,1997,43000
119,1998,44000
119,1999,45000
119,2000,45000
119,2001,46000
119,2002,46000
119,2003,46000
119,2004,46000
119,2005,46000
119,2006,47000
119,2007,47000
119,2008,47000
119,2009,47000
119,2010,47000
119,2011,47000
119,2012,47000
119,2013,47000
119,2014,47000
119,2015,47000
119,2016,47000
119,2017,47000
119,2018,47000
119,2019,47000
119,2020,47000
119,2021,47000
119,2022,47000
119,2023,47000
120,1950,45000
120,1951,46000
120,1952,47000
120,1953,48000
120,1954,49000
120,1955,50000
120,1956,51000
120,1957,52000
120,1958,53000
120,1959,55000
120,1960,56000
120,1961,57000
120,1962,57000
120,1963,58000
120,1964,59000
120,1965,60000
120,1966,61000
120,1967,62000
120,1968,63000
120,1969,64000
120,1970,65000
120,1971,65000
120,1972,65000
120,1973,64000
120,1974,64000
120,1975,64000
120,1976,64000
120,1977,64000
120,1978,64000
120,1979,64000
120,1980,65000
120,1981,65000
120,1982,65000
120,1983,65000
120,1984,65000
120,1985,65000
120,1986,64000
120,1987,64000
120,1988,64000
120,1989,63000
120,1990,63000
120,1991,63000
120,1992,64000
120,1993,66000
120,1994,67000
120,1995,68000
120,1996,70000
120,1997,71000
120,1998,72000
120,1999,74000
120,2000,75000
120,2001,76000
120,2002,77000
120,2003,78000
120,2004,79000
120,2005,80000
120,2006,81000
120,2007,82000
120,2008,83000
120,2009,84000
120,2010,85000
120,2011,86000
120,2012,87000
120,2013,88000
120,2014,89000
120,2015,89000
120,2016,90000
120,2017,90000
120,2018,91000
120,2019,91000
120,2020,92000
120,2021,92000
120,2022,93000
120,2023,93000
121,1950,13000
121,1951,13000
121,1952,13000
121,1953,13000
121,1954,13000
121,1955,12000
121,1956,12000
121,1957,12000
121,1958,12000
121,1959,12000
121,1960,12000
121,1961,12000
121,1962,12000
121,1963,12000
121,1964,12000
121,1965,12000
121,1966,12000
121,1967,12000
121,1968,11000
121,1969,11000
121,1970,11000
121,1971,11000
121,1972,11000
121,1973,11000
121,1974,11000
121,1975,11000
121,1976,11000
121,1977,11000
121,1978,11000
121,1979,11000
121,1980,11000
121,1981,11000
121,1982,11000
121,1983,11000
121,1984,11000
121,1985,11000
121,1986,11000
121,1987,11000
121,1988,11000
121,1989,11000
121,1990,11000
121,1991,10000
121,1992,10000
121,1993,9000
121,1994,9000
121,1995,8000
121,1996,8000
121,1997,7000
121,1998,6000
121,1999,6000
121,2000,5000
121,2001,5000
121,2002,4000
121,2003,4000
121,2004,5000
121,2005,5000
121,2006,5000
121,2007,5000
121,2008,5000
121,2009,5000
121,2010,5000
121,2011,5000
121,2012,5000
121,2013,5000
121,2014,5000
121,2015,5000
121,2016,5000
121,2017,5000
121,2018,5000
121,2019,5000
121,2020,5000
121,2021,4000
121,2022,4000
121,2023,4000
122,1950,93000
122,1951,94000
122,1952,94000
122,1953,94000
122,1954,94000
122,1955,94000
122,1956,93000
122,1957,93000
122,1958,93000
122,1959,92000
122,1960,93000
122,1961,93000
122,1962,95000
122,1963,96000
122,1964,97000
122,1965,97000
122,1966,98000
122,1967,1e+05
122,1968,101000
122,1969,102000
122,1970,103000
122,1971,105000
122,1972,106000
122,1973,107000
122,1974,109000
122,1975,111000
122,1976,112000
122,1977,114000
122,1978,116000
122,1979,118000
122,1980,119000
122,1981,121000
122,1982,123000
122,1983,125000
122,1984,127000
122,1985,129000
122,1986,131000
122,1987,133000
122,1988,135000
122,1989,137000
122,1990,138000
122,1991,140000
122,1992,142000
122,1993,144000
122,1994,146000
122,1995,148000
122,1996,150000
122,1997,153000
122,1998,155000
122,1999,157000
122,2000,159000
122,2001,160000
122,2002,162000
122,2003,163000
122,2004,164000
122,2005,165000
122,2006,167000
122,2007,168000
122,2008,169000
122,2009,170000
122,2010,171000
122,2011,172000
122,2012,173000
122,2013,173000
122,2014,174000
122,2015,175000
122,2016,176000
122,2017,176000
122,2018,177000
122,2019,178000
122,2020,178000
122,2021,179000
122,2022,179000
122,2023,179000
123,1950,50000
123,1951,50000
123,1952,51000
123,1953,51000
123,1954,52000
123,1955,53000
123,1956,54000
123,1957,55000
123,1958,57000
123,1959,58000
123,1960,59000
123,1961,60000
123,1962,61000
123,1963,62000
123,1964,63000
123,1965,64000
123,1966,65000
123,1967,66000
123,1968,67000
123,1969,68000
123,1970,69000
123,1971,70000
123,1972,70000
123,1973,71000
123,1974,71000
123,1975,72000
123,1976,72000
123,1977,72000
123,1978,73000
123,1979,73000
123,1980,73000
123,1981,73000
123,1982,73000
123,1983,72000
123,1984,72000
123,1985,72000
123,1986,71000
123,1987,71000
123,1988,71000
123,1989,70000
123,1990,70000
123,1991,69000
123,1992,69000
123,1993,69000
123,1994,69000
123,1995,69000
123,1996,69000
123,1997,69000
123,1998,69000
123,1999,69000
123,2000,69000
123,2001,68000
123,2002,68000
123,2003,69000
123,2004,69000
123,2005,69000
123,2006,69000
123,2007,69000
123,2008,69000
123,2009,69000
123,2010,69000
123,2011,69000
123,2012,69000
123,2013,70000
123,2014,70000
123,2015,70000
123,2016,70000
123,2017,68000
123,2018,68000
123,2019,68000
123,2020,68000
123,2021,67000
123,2022,67000
123,2023,67000
124,1950,210000
124,1951,213000
124,1952,217000
124,1953,219000
124,1954,222000
124,1955,223000
124,1956,225000
124,1957,226000
124,1958,227000
124,1959,229000
124,1960,231000
124,1961,233000
124,1962,235000
124,1963,238000
124,1964,240000
124,1965,242000
124,1966,245000
124,1967,247000
124,1968,249000
124,1969,249000
124,1970,249000
124,1971,249000
124,1972,250000
124,1973,250000
124,1974,251000
124,1975,251000
124,1976,251000
124,1977,252000
124,1978,252000
124,1979,251000
124,1980,252000
124,1981,252000
124,1982,253000
124,1983,254000
124,1984,255000
124,1985,256000
124,1986,257000
124,1987,257000
124,1988,258000
124,1989,258000
124,1990,259000
124,1991,259000
124,1992,260000
124,1993,261000
124,1994,262000
124,1995,262000
124,1996,262000
124,1997,262000
124,1998,262000
124,1999,263000
124,2000,262000
124,2001,262000
124,2002,264000
124,2003,266000
124,2004,267000
124,2005,269000
124,2006,270000
124,2007,271000
124,2008,273000
124,2009,274000
124,2010,275000
124,2011,276000
124,2012,277000
124,2013,278000
124,2014,278000
124,2015,279000
124,2016,280000
124,2017,280000
124,2018,281000
124,2019,281000
124,2020,282000
124,2021,282000
124,2022,282000
124,2023,282000
125,1950,77000
125,1951,78000
125,1952,79000
125,1953,80000
125,1954,82000
125,1955,84000
125,1956,86000
125,1957,88000
125,1958,90000
125,1959,92000
125,1960,94000
125,1961,95000
125,1962,96000
125,1963,97000
125,1964,98000
125,1965,98000
125,1966,98000
125,1967,98000
125,1968,98000
125,1969,98000
125,1970,98000
125,1971,99000
125,1972,99000
125,1973,99000
125,1974,98000
125,1975,98000
125,1976,98000
125,1977,97000
125,1978,96000
125,1979,95000
125,1980,95000
125,1981,94000
125,1982,94000
125,1983,95000
125,1984,95000
125,1985,96000
125,1986,97000
125,1987,98000
125,1988,98000
125,1989,99000
125,1990,1e+05
125,1991,101000
125,1992,102000
125,1993,102000
125,1994,103000
125,1995,104000
125,1996,105000
125,1997,105000
125,1998,106000
125,1999,107000
125,2000,107000
125,2001,108000
125,2002,108000
125,2003,109000
125,2004,109000
125,2005,110000
125,2006,110000
125,2007,111000
125,2008,111000
125,2009,111000
125,2010,112000
125,2011,112000
125,2012,113000
125,2013,113000
125,2014,114000
125,2015,115000
125,2016,115000
125,2017,115000
125,2018,116000
125,2019,116000
125,2020,116000
125,2021,117000
125,2022,117000
125,2023,117000
126,1950,649000
126,1951,666000
126,1952,683000
126,1953,702000
126,1954,721000
126,1955,741000
126,1956,762000
126,1957,783000
126,1958,804000
126,1959,825000
126,1960,845000
126,1961,863000
126,1962,880000
126,1963,897000
126,1964,913000
126,1965,928000
126,1966,943000
126,1967,956000
126,1968,969000
126,1969,981000
126,1970,991000
126,1971,1003000
126,1972,1015000
126,1973,1028000
126,1974,1041000
126,1975,1053000
126,1976,1066000
126,1977,1080000
126,1978,1093000
126,1979,1108000
126,1980,1122000
126,1981,1135000
126,1982,1148000
126,1983,1161000
126,1984,1173000
126,1985,1187000
126,1986,1203000
126,1987,1217000
126,1988,1230000
126,1989,1242000
126,1990,1252000
126,1991,1262000
126,1992,1272000
126,1993,1280000
126,1994,1288000
126,1995,1295000
126,1996,1301000
126,1997,1306000
126,1998,1310000
126,1999,1315000
126,2000,1320000
126,2001,1326000
126,2002,1332000
126,2003,1339000
126,2004,1345000
126,2005,1352000
126,2006,1359000
126,2007,1365000
126,2008,1372000
126,2009,1379000
126,2010,1387000
126,2011,1395000
126,2012,1404000
126,2013,1413000
126,2014,1421000
126,2015,1429000
126,2016,1437000
126,2017,1445000
126,2018,1471000
126,2019,1485000
126,2020,1481000
126,2021,1488000
126,2022,1496000
126,2023,1503000
127,1950,62000
127,1951,63000
127,1952,65000
127,1953,67000
127,1954,69000
127,1955,72000
127,1956,74000
127,1957,77000
127,1958,79000
127,1959,82000
127,1960,84000
127,1961,86000
127,1962,87000
127,1963,89000
127,1964,90000
127,1965,91000
127,1966,92000
127,1967,93000
127,1968,94000
127,1969,95000
127,1970,96000
127,1971,97000
127,1972,98000
127,1973,99000
127,1974,1e+05
127,1975,1e+05
127,1976,101000
127,1977,102000
127,1978,103000
127,1979,103000
127,1980,104000
127,1981,105000
127,1982,106000
127,1983,107000
127,1984,108000
127,1985,109000
127,1986,109000
127,1987,110000
127,1988,111000
127,1989,111000
127,1990,112000
127,1991,112000
127,1992,113000
127,1993,113000
127,1994,113000
127,1995,113000
127,1996,113000
127,1997,113000
127,1998,113000
127,1999,113000
127,2000,114000
127,2001,114000
127,2002,113000
127,2003,113000
127,2004,113000
127,2005,112000
127,2006,112000
127,2007,112000
127,2008,111000
127,2009,111000
127,2010,110000
127,2011,109000
127,2012,109000
127,2013,108000
127,2014,108000
127,2015,107000
127,2016,106000
127,2017,106000
127,2018,105000
127,2019,104000
127,2020,104000
127,2021,103000
127,2022,102000
127,2023,101000
129,1950,861000
129,1951,882000
129,1952,904000
129,1953,928000
129,1954,953000
129,1955,979000
129,1956,1006000
129,1957,1034000
129,1958,1063000
129,1959,1094000
129,1960,1126000
129,1961,1160000
129,1962,1195000
129,1963,1232000
129,1964,1270000
129,1965,1309000
129,1966,1348000
129,1967,1389000
129,1968,1429000
129,1969,1471000
129,1970,1513000
129,1971,1556000
129,1972,1600000
129,1973,1644000
129,1974,1688000
129,1975,1732000
129,1976,1777000
129,1977,1822000
129,1978,1866000
129,1979,1912000
129,1980,1958000
129,1981,2004000
129,1982,2052000
129,1983,2101000
129,1984,2151000
129,1985,2201000
129,1986,2251000
129,1987,2302000
129,1988,2353000
129,1989,2404000
129,1990,2456000
129,1991,2508000
129,1992,2561000
129,1993,2615000
129,1994,2670000
129,1995,2725000
129,1996,2780000
129,1997,2837000
129,1998,2894000
129,1999,2952000
129,2000,3010000
129,2001,3070000
129,2002,3129000
129,2003,3190000
129,2004,3251000
129,2005,3313000
129,2006,3375000
129,2007,3437000
129,2008,3501000
129,2009,3564000
129,2010,3629000
129,2011,3694000
129,2012,3759000
129,2013,3825000
129,2014,3892000
129,2015,3960000
129,2016,4029000
129,2017,4099000
129,2018,4168000
129,2019,4235000
129,2020,4293000
129,2021,4345000
129,2022,4401000
129,2023,4459000
130,1950,927000
130,1951,958000
130,1952,992000
130,1953,1027000
130,1954,1064000
130,1955,1103000
130,1956,1144000
130,1957,1187000
130,1958,1232000
130,1959,1279000
130,1960,1327000
130,1961,1378000
130,1962,1429000
130,1963,1482000
130,1964,1534000
130,1965,1586000
130,1966,1638000
130,1967,1690000
130,1968,1740000
130,1969,1789000
130,1970,1839000
130,1971,1889000
130,1972,1938000
130,1973,1988000
130,1974,2040000
130,1975,2093000
130,1976,2148000
130,1977,2205000
130,1978,2265000
130,1979,2326000
130,1980,2391000
130,1981,2457000
130,1982,2525000
130,1983,2595000
130,1984,2668000
130,1985,2742000
130,1986,2817000
130,1987,2893000
130,1988,2968000
130,1989,3044000
130,1990,3122000
130,1991,3202000
130,1992,3284000
130,1993,3367000
130,1994,3451000
130,1995,3535000
130,1996,3619000
130,1997,3702000
130,1998,3783000
130,1999,3862000
130,2000,3938000
130,2001,4009000
130,2002,4076000
130,2003,4139000
130,2004,4200000
130,2005,4261000
130,2006,4321000
130,2007,4380000
130,2008,4440000
130,2009,4500000
130,2010,4556000
130,2011,4610000
130,2012,4664000
130,2013,4716000
130,2014,4767000
130,2015,4818000
130,2016,4867000
130,2017,4913000
130,2018,4958000
130,2019,5e+06
130,2020,5034000
130,2021,5060000
130,2022,5082000
130,2023,5106000
131,1950,1331000
131,1951,1370000
131,1952,1409000
131,1953,1450000
131,1954,1492000
131,1955,1536000
131,1956,1582000
131,1957,1629000
131,1958,1679000
131,1959,1730000
131,1960,1782000
131,1961,1836000
131,1962,1892000
131,1963,1950000
131,1964,2010000
131,1965,2073000
131,1966,2138000
131,1967,2206000
131,1968,2276000
131,1969,2348000
131,1970,2423000
131,1971,2500000
131,1972,2574000
131,1973,2649000
131,1974,2732000
131,1975,2817000
131,1976,2904000
131,1977,2993000
131,1978,3080000
131,1979,3165000
131,1980,3252000
131,1981,3346000
131,1982,3439000
131,1983,3530000
131,1984,3619000
131,1985,3706000
131,1986,3794000
131,1987,3882000
131,1988,3972000
131,1989,4066000
131,1990,4163000
131,1991,4260000
131,1992,4357000
131,1993,4454000
131,1994,4549000
131,1995,4643000
131,1996,4730000
131,1997,4810000
131,1998,4884000
131,1999,4954000
131,2000,5023000
131,2001,5088000
131,2002,5150000
131,2003,5211000
131,2004,5273000
131,2005,5342000
131,2006,5419000
131,2007,5497000
131,2008,5577000
131,2009,5657000
131,2010,5737000
131,2011,5819000
131,2012,5901000
131,2013,5984000
131,2014,6066000
131,2015,6149000
131,2016,6233000
131,2017,6316000
131,2018,6400000
131,2019,6484000
131,2020,6565000
131,2021,6645000
131,2022,6731000
131,2023,6824000
132,1950,11767000
132,1951,12079000
132,1952,12406000
132,1953,12746000
132,1954,13101000
132,1955,13473000
132,1956,13862000
132,1957,14270000
132,1958,14693000
132,1959,15136000
132,1960,15606000
132,1961,16095000
132,1962,16599000
132,1963,17114000
132,1964,17637000
132,1965,18169000
132,1966,18703000
132,1967,19236000
132,1968,19767000
132,1969,20292000
132,1970,20812000
132,1971,21319000
132,1972,21820000
132,1973,22325000
132,1974,22833000
132,1975,23345000
132,1976,23859000
132,1977,24393000
132,1978,24950000
132,1979,25516000
132,1980,26104000
132,1981,26713000
132,1982,27338000
132,1983,27988000
132,1984,28643000
132,1985,29268000
132,1986,29879000
132,1987,30499000
132,1988,31131000
132,1989,31776000
132,1990,32440000
132,1991,33098000
132,1992,33761000
132,1993,34441000
132,1994,35127000
132,1995,35805000
132,1996,36463000
132,1997,37121000
132,1998,37792000
132,1999,38455000
132,2000,39090000
132,2001,39709000
132,2002,40325000
132,2003,40937000
132,2004,41543000
132,2005,42129000
132,2006,42691000
132,2007,43235000
132,2008,43759000
132,2009,44272000
132,2010,44777000
132,2011,45260000
132,2012,45716000
132,2013,46152000
132,2014,46565000
132,2015,46970000
132,2016,47438000
132,2017,48131000
132,2018,49024000
132,2019,49908000
132,2020,50630000
132,2021,51188000
132,2022,51738000
132,2023,52321000
133,1950,1559000
133,1951,1601000
133,1952,1646000
133,1953,1692000
133,1954,1740000
133,1955,1789000
133,1956,1841000
133,1957,1894000
133,1958,1948000
133,1959,2004000
133,1960,2062000
133,1961,2121000
133,1962,2182000
133,1963,2245000
133,1964,2310000
133,1965,2377000
133,1966,2447000
133,1967,2519000
133,1968,2593000
133,1969,2670000
133,1970,2751000
133,1971,2835000
133,1972,2922000
133,1973,3011000
133,1974,3100000
133,1975,3193000
133,1976,3294000
133,1977,3399000
133,1978,3505000
133,1979,3615000
133,1980,3727000
133,1981,3842000
133,1982,3959000
133,1983,4078000
133,1984,4200000
133,1985,4323000
133,1986,4449000
133,1987,4577000
133,1988,4708000
133,1989,4842000
133,1990,4980000
133,1991,5124000
133,1992,5271000
133,1993,5423000
133,1994,5579000
133,1995,5740000
133,1996,5904000
133,1997,6071000
133,1998,6234000
133,1999,6400000
133,2000,6578000
133,2001,6758000
133,2002,6939000
133,2003,7119000
133,2004,7299000
133,2005,7478000
133,2006,7657000
133,2007,7835000
133,2008,8013000
133,2009,8190000
133,2010,8366000
133,2011,8541000
133,2012,8715000
133,2013,8889000
133,2014,9063000
133,2015,9237000
133,2016,9412000
133,2017,9588000
133,2018,9765000
133,2019,9944000
133,2020,10120000
133,2021,10290000
133,2022,10464000
133,2023,10645000
134,1950,2184000
134,1951,2235000
134,1952,2288000
134,1953,2342000
134,1954,2398000
134,1955,2457000
134,1956,2518000
134,1957,2583000
134,1958,2649000
134,1959,2718000
134,1960,2791000
134,1961,2870000
134,1962,2949000
134,1963,3029000
134,1964,3112000
134,1965,3199000
134,1966,3291000
134,1967,3385000
134,1968,3481000
134,1969,3576000
134,1970,3669000
134,1971,3758000
134,1972,3847000
134,1973,3938000
134,1974,4030000
134,1975,4120000
134,1976,4210000
134,1977,4301000
134,1978,4394000
134,1979,4480000
134,1980,4540000
134,1981,4571000
134,1982,4622000
134,1983,4707000
134,1984,4798000
134,1985,4895000
134,1986,4993000
134,1987,5092000
134,1988,5196000
134,1989,5299000
134,1990,5400000
134,1991,5495000
134,1992,5586000
134,1993,5660000
134,1994,5714000
134,1995,5762000
134,1996,5805000
134,1997,5845000
134,1998,5881000
134,1999,5914000
134,2000,5943000
134,2001,5968000
134,2002,5987000
134,2003,5999000
134,2004,6005000
134,2005,6006000
134,2006,6002000
134,2007,6010000
134,2008,6029000
134,2009,6048000
134,2010,6068000
134,2011,6090000
134,2012,6114000
134,2013,6139000
134,2014,6163000
134,2015,6184000
134,2016,6201000
134,2017,6214000
134,2018,6220000
134,2019,6222000
134,2020,6235000
134,2021,6256000
134,2022,6280000
134,2023,6310000
135,1950,27588000
135,1951,28320000
135,1952,29090000
135,1953,29899000
135,1954,30753000
135,1955,31651000
135,1956,32588000
135,1957,33563000
135,1958,34575000
135,1959,35627000
135,1960,36725000
135,1961,37890000
135,1962,39129000
135,1963,40424000
135,1964,41772000
135,1965,43174000
135,1966,44629000
135,1967,46130000
135,1968,47668000
135,1969,49233000
135,1970,50815000
135,1971,52413000
135,1972,54030000
135,1973,55667000
135,1974,57320000
135,1975,58982000
135,1976,60646000
135,1977,62308000
135,1978,63979000
135,1979,65649000
135,1980,67300000
135,1981,68892000
135,1982,70433000
135,1983,71971000
135,1984,73507000
135,1985,75043000
135,1986,76586000
135,1987,78137000
135,1988,79696000
135,1989,81247000
135,1990,82820000
135,1991,84431000
135,1992,86045000
135,1993,87654000
135,1994,89259000
135,1995,90862000
135,1996,92453000
135,1997,94021000
135,1998,95575000
135,1999,97116000
135,2000,98626000
135,2001,100099000
135,2002,101549000
135,2003,102979000
135,2004,104394000
135,2005,105812000
135,2006,107254000
135,2007,108774000
135,2008,110374000
135,2009,1.12e+08
135,2010,113624000
135,2011,115244000
135,2012,116818000
135,2013,118344000
135,2014,119784000
135,2015,121072000
135,2016,122251000
135,2017,123400000
135,2018,124574000
135,2019,125763000
135,2020,126799000
135,2021,127648000
135,2022,128613000
135,2023,129740000
136,1950,3097000
136,1951,3177000
136,1952,3262000
136,1953,3349000
136,1954,3439000
136,1955,3533000
136,1956,3631000
136,1957,3733000
136,1958,3837000
136,1959,3946000
136,1960,4064000
136,1961,4186000
136,1962,4312000
136,1963,4440000
136,1964,4571000
136,1965,4705000
136,1966,4841000
136,1967,4979000
136,1968,5118000
136,1969,5257000
136,1970,5397000
136,1971,5538000
136,1972,5683000
136,1973,5832000
136,1974,5981000
136,1975,6129000
136,1976,6262000
136,1977,6402000
136,1978,6562000
136,1979,6728000
136,1980,6900000
136,1981,7076000
136,1982,7240000
136,1983,7420000
136,1984,7631000
136,1985,7850000
136,1986,8071000
136,1987,8296000
136,1988,8532000
136,1989,8776000
136,1990,9025000
136,1991,9273000
136,1992,9522000
136,1993,9780000
136,1994,10044000
136,1995,10313000
136,1996,10584000
136,1997,10858000
136,1998,11139000
136,1999,11423000
136,2000,11698000
136,2001,11969000
136,2002,12247000
136,2003,12526000
136,2004,12807000
136,2005,13088000
136,2006,13367000
136,2007,13652000
136,2008,13935000
136,2009,14216000
136,2010,14500000
136,2011,14792000
136,2012,15090000
136,2013,15387000
136,2014,15682000
136,2015,15972000
136,2016,16269000
136,2017,16567000
136,2018,16846000
136,2019,17104000
136,2020,17357000
136,2021,17599000
136,2022,17848000
136,2023,18125000
137,1950,3517000
137,1951,3608000
137,1952,3702000
137,1953,3800000
137,1954,3902000
137,1955,4006000
137,1956,4115000
137,1957,4227000
137,1958,4343000
137,1959,4465000
137,1960,4591000
137,1961,4722000
137,1962,4859000
137,1963,5002000
137,1964,5150000
137,1965,5304000
137,1966,5464000
137,1967,5629000
137,1968,5800000
137,1969,5975000
137,1970,6155000
137,1971,6340000
137,1972,6529000
137,1973,6722000
137,1974,6919000
137,1975,7118000
137,1976,7321000
137,1977,7527000
137,1978,7736000
137,1979,7949000
137,1980,8166000
137,1981,8387000
137,1982,8611000
137,1983,8840000
137,1984,9075000
137,1985,9311000
137,1986,9546000
137,1987,9779000
137,1988,10011000
137,1989,10242000
137,1990,10474000
137,1991,10702000
137,1992,10930000
137,1993,11154000
137,1994,11372000
137,1995,11591000
137,1996,11811000
137,1997,12031000
137,1998,12251000
137,1999,12471000
137,2000,12689000
137,2001,12911000
137,2002,13138000
137,2003,13372000
137,2004,13609000
137,2005,13846000
137,2006,14086000
137,2007,14329000
137,2008,14575000
137,2009,14826000
137,2010,15077000
137,2011,15326000
137,2012,15572000
137,2013,15807000
137,2014,16035000
137,2015,16266000
137,2016,16505000
137,2017,16760000
137,2018,17050000
137,2019,17340000
137,2020,17546000
137,2021,17682000
137,2022,17824000
137,2023,17980000
138,1950,7677000
138,1951,7894000
138,1952,8117000
138,1953,8345000
138,1954,8579000
138,1955,8822000
138,1956,9073000
138,1957,9334000
138,1958,9604000
138,1959,9884000
138,1960,10174000
138,1961,10475000
138,1962,10785000
138,1963,11102000
138,1964,11428000
138,1965,11761000
138,1966,12101000
138,1967,12449000
138,1968,12804000
138,1969,13167000
138,1970,13501000
138,1971,13838000
138,1972,14210000
138,1973,14583000
138,1974,14957000
138,1975,15334000
138,1976,15717000
138,1977,16110000
138,1978,16516000
138,1979,16933000
138,1980,17361000
138,1981,17799000
138,1982,18247000
138,1983,18706000
138,1984,19175000
138,1985,19648000
138,1986,20117000
138,1987,20582000
138,1988,21055000
138,1989,21533000
138,1990,22015000
138,1991,22484000
138,1992,22946000
138,1993,23414000
138,1994,23881000
138,1995,24349000
138,1996,24811000
138,1997,25274000
138,1998,25738000
138,1999,26187000
138,2000,26598000
138,2001,26965000
138,2002,27288000
138,2003,27580000
138,2004,27852000
138,2005,28101000
138,2006,28324000
138,2007,28531000
138,2008,28719000
138,2009,28897000
138,2010,29086000
138,2011,29304000
138,2012,29550000
138,2013,29818000
138,2014,30116000
138,2015,30458000
138,2016,30866000
138,2017,31325000
138,2018,31898000
138,2019,32449000
138,2020,32839000
138,2021,33156000
138,2022,33475000
138,2023,33846000
139,1950,5489000
139,1951,5733000
139,1952,5981000
139,1953,6235000
139,1954,6493000
139,1955,6756000
139,1956,7024000
139,1957,7299000
139,1958,7582000
139,1959,7869000
139,1960,8160000
139,1961,8456000
139,1962,8757000
139,1963,9064000
139,1964,9378000
139,1965,9698000
139,1966,10025000
139,1967,10359000
139,1968,10698000
139,1969,11040000
139,1970,11388000
139,1971,11741000
139,1972,12099000
139,1973,12464000
139,1974,12835000
139,1975,13216000
139,1976,13606000
139,1977,14007000
139,1978,14417000
139,1979,14835000
139,1980,15258000
139,1981,15687000
139,1982,16122000
139,1983,16562000
139,1984,17009000
139,1985,17461000
139,1986,17924000
139,1987,18395000
139,1988,18871000
139,1989,19349000
139,1990,19827000
139,1991,20305000
139,1992,20781000
139,1993,21255000
139,1994,21725000
139,1995,22194000
139,1996,22662000
139,1997,23132000
139,1998,23601000
139,1999,24067000
139,2000,24527000
139,2001,24980000
139,2002,25436000
139,2003,25893000
139,2004,26341000
139,2005,26786000
139,2006,27225000
139,2007,27649000
139,2008,28054000
139,2009,28438000
139,2010,28813000
139,2011,29185000
139,2012,29554000
139,2013,29912000
139,2014,30254000
139,2015,30574000
139,2016,30766000
139,2017,30565000
139,2018,29808000
139,2019,28938000
139,2020,28444000
139,2021,28238000
139,2022,28213000
139,2023,28301000
140,1950,448000
140,1951,457000
140,1952,469000
140,1953,481000
140,1954,493000
140,1955,506000
140,1956,517000
140,1957,530000
140,1958,542000
140,1959,555000
140,1960,568000
140,1961,581000
140,1962,592000
140,1963,601000
140,1964,609000
140,1965,618000
140,1966,625000
140,1967,633000
140,1968,639000
140,1969,642000
140,1970,644000
140,1971,645000
140,1972,646000
140,1973,646000
140,1974,647000
140,1975,649000
140,1976,654000
140,1977,658000
140,1978,660000
140,1979,662000
140,1980,663000
140,1981,666000
140,1982,671000
140,1983,680000
140,1984,691000
140,1985,702000
140,1986,714000
140,1987,725000
140,1988,737000
140,1989,749000
140,1990,760000
140,1991,771000
140,1992,782000
140,1993,793000
140,1994,803000
140,1995,813000
140,1996,824000
140,1997,834000
140,1998,842000
140,1999,845000
140,2000,841000
140,2001,835000
140,2002,828000
140,2003,821000
140,2004,816000
140,2005,810000
140,2006,807000
140,2007,809000
140,2008,810000
140,2009,809000
140,2010,806000
140,2011,804000
140,2012,801000
140,2013,797000
140,2014,794000
140,2015,788000
140,2016,784000
140,2017,785000
140,2018,779000
140,2019,770000
140,2020,764000
140,2021,752000
140,2022,734000
140,2023,723000
141,1950,32000
141,1951,32000
141,1952,32000
141,1953,32000
141,1954,32000
141,1955,32000
141,1956,32000
141,1957,33000
141,1958,33000
141,1959,34000
141,1960,34000
141,1961,35000
141,1962,35000
141,1963,35000
141,1964,36000
141,1965,36000
141,1966,37000
141,1967,37000
141,1968,38000
141,1969,38000
141,1970,38000
141,1971,39000
141,1972,39000
141,1973,40000
141,1974,40000
141,1975,41000
141,1976,41000
141,1977,41000
141,1978,42000
141,1979,43000
141,1980,43000
141,1981,44000
141,1982,44000
141,1983,45000
141,1984,45000
141,1985,46000
141,1986,46000
141,1987,46000
141,1988,47000
141,1989,48000
141,1990,47000
141,1991,47000
141,1992,46000
141,1993,45000
141,1994,44000
141,1995,44000
141,1996,44000
141,1997,45000
141,1998,45000
141,1999,45000
141,2000,46000
141,2001,46000
141,2002,47000
141,2003,47000
141,2004,48000
141,2005,48000
141,2006,48000
141,2007,48000
141,2008,48000
141,2009,48000
141,2010,48000
141,2011,48000
141,2012,48000
141,2013,48000
141,2014,48000
141,2015,49000
141,2016,50000
141,2017,50000
141,2018,51000
141,2019,52000
141,2020,53000
141,2021,53000
141,2022,54000
141,2023,55000
143,1950,143000
143,1951,145000
143,1952,148000
143,1953,151000
143,1954,154000
143,1955,158000
143,1956,161000
143,1957,165000
143,1958,168000
143,1959,172000
143,1960,176000
143,1961,179000
143,1962,182000
143,1963,186000
143,1964,189000
143,1965,192000
143,1966,196000
143,1967,199000
143,1968,202000
143,1969,203000
143,1970,204000
143,1971,206000
143,1972,209000
143,1973,212000
143,1974,215000
143,1975,218000
143,1976,220000
143,1977,222000
143,1978,224000
143,1979,226000
143,1980,228000
143,1981,231000
143,1982,234000
143,1983,237000
143,1984,240000
143,1985,241000
143,1986,243000
143,1987,246000
143,1988,250000
143,1989,253000
143,1990,255000
143,1991,258000
143,1992,261000
143,1993,264000
143,1994,266000
143,1995,268000
143,1996,269000
143,1997,271000
143,1998,274000
143,1999,277000
143,2000,281000
143,2001,285000
143,2002,288000
143,2003,290000
143,2004,292000
143,2005,297000
143,2006,304000
143,2007,312000
143,2008,318000
143,2009,319000
143,2010,318000
143,2011,319000
143,2012,321000
143,2013,324000
143,2014,328000
143,2015,331000
143,2016,336000
143,2017,344000
143,2018,353000
143,2019,361000
143,2020,367000
143,2021,373000
143,2022,380000
143,2023,388000
145,1950,23000
145,1951,24000
145,1952,24000
145,1953,25000
145,1954,25000
145,1955,26000
145,1956,27000
145,1957,28000
145,1958,29000
145,1959,31000
145,1960,32000
145,1961,33000
145,1962,35000
145,1963,36000
145,1964,37000
145,1965,39000
145,1966,40000
145,1967,41000
145,1968,43000
145,1969,44000
145,1970,45000
145,1971,47000
145,1972,47000
145,1973,48000
145,1974,49000
145,1975,49000
145,1976,50000
145,1977,50000
145,1978,50000
145,1979,50000
145,1980,50000
145,1981,51000
145,1982,51000
145,1983,52000
145,1984,53000
145,1985,53000
145,1986,54000
145,1987,54000
145,1988,55000
145,1989,55000
145,1990,56000
145,1991,56000
145,1992,56000
145,1993,56000
145,1994,56000
145,1995,56000
145,1996,56000
145,1997,56000
145,1998,56000
145,1999,56000
145,2000,56000
145,2001,56000
145,2002,57000
145,2003,57000
145,2004,57000
145,2005,57000
145,2006,57000
145,2007,57000
145,2008,57000
145,2009,57000
145,2010,57000
145,2011,57000
145,2012,57000
145,2013,57000
145,2014,56000
145,2015,56000
145,2016,56000
145,2017,56000
145,2018,56000
145,2019,56000
145,2020,56000
145,2021,56000
145,2022,56000
145,2023,56000
147,1950,64000
147,1951,66000
147,1952,68000
147,1953,69000
147,1954,72000
147,1955,74000
147,1956,76000
147,1957,78000
147,1958,80000
147,1959,82000
147,1960,84000
147,1961,85000
147,1962,87000
147,1963,90000
147,1964,93000
147,1965,96000
147,1966,99000
147,1967,103000
147,1968,106000
147,1969,110000
147,1970,114000
147,1971,118000
147,1972,122000
147,1973,126000
147,1974,130000
147,1975,134000
147,1976,138000
147,1977,142000
147,1978,147000
147,1979,152000
147,1980,156000
147,1981,162000
147,1982,167000
147,1983,172000
147,1984,176000
147,1985,181000
147,1986,186000
147,1987,190000
147,1988,195000
147,1989,2e+05
147,1990,204000
147,1991,208000
147,1992,212000
147,1993,215000
147,1994,219000
147,1995,222000
147,1996,225000
147,1997,229000
147,1998,233000
147,1999,237000
147,2000,240000
147,2001,244000
147,2002,248000
147,2003,252000
147,2004,256000
147,2005,260000
147,2006,263000
147,2007,266000
147,2008,268000
147,2009,269000
147,2010,271000
147,2011,272000
147,2012,273000
147,2013,275000
147,2014,276000
147,2015,278000
147,2016,279000
147,2017,280000
147,2018,280000
147,2019,279000
147,2020,279000
147,2021,280000
147,2022,280000
147,2023,281000
151,1950,19000
151,1951,19000
151,1952,20000
151,1953,20000
151,1954,20000
151,1955,20000
151,1956,20000
151,1957,20000
151,1958,20000
151,1959,20000
151,1960,20000
151,1961,21000
151,1962,21000
151,1963,22000
151,1964,23000
151,1965,23000
151,1966,24000
151,1967,25000
151,1968,26000
151,1969,26000
151,1970,27000
151,1971,28000
151,1972,28000
151,1973,28000
151,1974,29000
151,1975,29000
151,1976,30000
151,1977,31000
151,1978,31000
151,1979,32000
151,1980,32000
151,1981,34000
151,1982,35000
151,1983,36000
151,1984,38000
151,1985,39000
151,1986,41000
151,1987,42000
151,1988,44000
151,1989,45000
151,1990,47000
151,1991,48000
151,1992,49000
151,1993,50000
151,1994,51000
151,1995,52000
151,1996,53000
151,1997,54000
151,1998,55000
151,1999,56000
151,2000,57000
151,2001,57000
151,2002,57000
151,2003,57000
151,2004,57000
151,2005,57000
151,2006,56000
151,2007,56000
151,2008,56000
151,2009,56000
151,2010,55000
151,2011,55000
151,2012,54000
151,2013,54000
151,2014,53000
151,2015,53000
151,2016,52000
151,2017,52000
151,2018,51000
151,2019,50000
151,2020,50000
151,2021,49000
151,2022,48000
151,2023,48000
152,1950,88000
152,1951,91000
152,1952,93000
152,1953,95000
152,1954,97000
152,1955,99000
152,1956,101000
152,1957,104000
152,1958,107000
152,1959,110000
152,1960,112000
152,1961,115000
152,1962,119000
152,1963,122000
152,1964,125000
152,1965,128000
152,1966,131000
152,1967,134000
152,1968,136000
152,1969,138000
152,1970,140000
152,1971,143000
152,1972,145000
152,1973,147000
152,1974,149000
152,1975,153000
152,1976,157000
152,1977,160000
152,1978,161000
152,1979,163000
152,1980,164000
152,1981,166000
152,1982,166000
152,1983,167000
152,1984,167000
152,1985,167000
152,1986,167000
152,1987,168000
152,1988,168000
152,1989,169000
152,1990,169000
152,1991,169000
152,1992,170000
152,1993,172000
152,1994,173000
152,1995,175000
152,1996,176000
152,1997,178000
152,1998,179000
152,1999,180000
152,2000,182000
152,2001,183000
152,2002,184000
152,2003,185000
152,2004,186000
152,2005,187000
152,2006,188000
152,2007,189000
152,2008,190000
152,2009,192000
152,2010,193000
152,2011,195000
152,2012,196000
152,2013,198000
152,2014,2e+05
152,2015,202000
152,2016,203000
152,2017,205000
152,2018,208000
152,2019,210000
152,2020,212000
152,2021,214000
152,2022,215000
152,2023,217000
153,1950,15000
153,1951,15000
153,1952,15000
153,1953,16000
153,1954,16000
153,1955,16000
153,1956,16000
153,1957,17000
153,1958,17000
153,1959,17000
153,1960,18000
153,1961,18000
153,1962,18000
153,1963,18000
153,1964,19000
153,1965,19000
153,1966,19000
153,1967,19000
153,1968,20000
153,1969,20000
153,1970,20000
153,1971,21000
153,1972,21000
153,1973,20000
153,1974,20000
153,1975,19000
153,1976,18000
153,1977,18000
153,1978,18000
153,1979,18000
153,1980,18000
153,1981,18000
153,1982,17000
153,1983,17000
153,1984,17000
153,1985,17000
153,1986,17000
153,1987,17000
153,1988,17000
153,1989,17000
153,1990,17000
153,1991,17000
153,1992,17000
153,1993,18000
153,1994,18000
153,1995,18000
153,1996,18000
153,1997,18000
153,1998,17000
153,1999,16000
153,2000,16000
153,2001,15000
153,2002,15000
153,2003,15000
153,2004,15000
153,2005,15000
153,2006,15000
153,2007,15000
153,2008,16000
153,2009,16000
153,2010,17000
153,2011,17000
153,2012,18000
153,2013,18000
153,2014,18000
153,2015,17000
153,2016,17000
153,2017,17000
153,2018,17000
153,2019,16000
153,2020,16000
153,2021,15000
153,2022,15000
153,2023,14000
154,1950,4000
154,1951,5000
154,1952,5000
154,1953,5000
154,1954,5000
154,1955,5000
154,1956,5000
154,1957,5000
154,1958,5000
154,1959,5000
154,1960,5000
154,1961,5000
154,1962,5000
154,1963,5000
154,1964,5000
154,1965,5000
154,1966,5000
154,1967,5000
154,1968,5000
154,1969,5000
154,1970,5000
154,1971,5000
154,1972,5000
154,1973,5000
154,1974,4000
154,1975,4000
154,1976,4000
154,1977,4000
154,1978,4000
154,1979,4000
154,1980,4000
154,1981,3000
154,1982,3000
154,1983,3000
154,1984,3000
154,1985,3000
154,1986,3000
154,1987,3000
154,1988,3000
154,1989,3000
154,1990,2000
154,1991,2000
154,1992,2000
154,1993,2000
154,1994,2000
154,1995,2000
154,1996,2000
154,1997,2000
154,1998,2000
154,1999,2000
154,2000,2000
154,2001,2000
154,2002,2000
154,2003,2000
154,2004,2000
154,2005,2000
154,2006,2000
154,2007,2000
154,2008,2000
154,2009,2000
154,2010,2000
154,2011,2000
154,2012,2000
154,2013,2000
154,2014,2000
154,2015,2000
154,2016,2000
154,2017,2000
154,2018,2000
154,2019,2000
154,2020,2000
154,2021,2000
154,2022,2000
154,2023,2000
155,1950,50000
155,1951,51000
155,1952,52000
155,1953,54000
155,1954,56000
155,1955,57000
155,1956,59000
155,1957,61000
155,1958,63000
155,1959,64000
155,1960,66000
155,1961,68000
155,1962,70000
155,1963,72000
155,1964,74000
155,1965,76000
155,1966,78000
155,1967,80000
155,1968,81000
155,1969,83000
155,1970,84000
155,1971,86000
155,1972,87000
155,1973,89000
155,1974,91000
155,1975,93000
155,1976,95000
155,1977,97000
155,1978,97000
155,1979,98000
155,1980,98000
155,1981,98000
155,1982,98000
155,1983,98000
155,1984,98000
155,1985,98000
155,1986,98000
155,1987,98000
155,1988,99000
155,1989,99000
155,1990,1e+05
155,1991,1e+05
155,1992,1e+05
155,1993,1e+05
155,1994,1e+05
155,1995,1e+05
155,1996,1e+05
155,1997,101000
155,1998,101000
155,1999,102000
155,2000,103000
155,2001,103000
155,2002,104000
155,2003,104000
155,2004,105000
155,2005,106000
155,2006,106000
155,2007,107000
155,2008,107000
155,2009,107000
155,2010,107000
155,2011,108000
155,2012,107000
155,2013,107000
155,2014,107000
155,2015,106000
155,2016,106000
155,2017,105000
155,2018,106000
155,2019,106000
155,2020,106000
155,2021,105000
155,2022,105000
155,2023,105000
156,1950,2000
156,1951,2000
156,1952,2000
156,1953,2000
156,1954,2000
156,1955,2000
156,1956,2000
156,1957,2000
156,1958,2000
156,1959,2000
156,1960,2000
156,1961,2000
156,1962,2000
156,1963,2000
156,1964,2000
156,1965,2000
156,1966,2000
156,1967,2000
156,1968,2000
156,1969,2000
156,1970,2000
156,1971,2000
156,1972,2000
156,1973,2000
156,1974,2000
156,1975,2000
156,1976,2000
156,1977,2000
156,1978,2000
156,1979,2000
156,1980,2000
156,1981,2000
156,1982,2000
156,1983,2000
156,1984,2000
156,1985,2000
156,1986,2000
156,1987,2000
156,1988,2000
156,1989,2000
156,1990,2000
156,1991,2000
156,1992,2000
156,1993,2000
156,1994,2000
156,1995,2000
156,1996,2000
156,1997,2000
156,1998,2000
156,1999,2000
156,2000,2000
156,2001,2000
156,2002,2000
156,2003,2000
156,2004,2000
156,2005,2000
156,2006,2000
156,2007,2000
156,2008,2000
156,2009,2000
156,2010,2000
156,2011,2000
156,2012,2000
156,2013,2000
156,2014,2000
156,2015,2000
156,2016,2000
156,2017,2000
156,2018,2000
156,2019,2000
156,2020,2000
156,2021,2000
156,2022,2000
156,2023,2000
161,1950,9000
161,1951,9000
161,1952,9000
161,1953,10000
161,1954,10000
161,1955,10000
161,1956,10000
161,1957,9000
161,1958,9000
161,1959,9000
161,1960,9000
161,1961,8000
161,1962,8000
161,1963,8000
161,1964,8000
161,1965,8000
161,1966,8000
161,1967,8000
161,1968,9000
161,1969,9000
161,1970,9000
161,1971,9000
161,1972,9000
161,1973,9000
161,1974,9000
161,1975,9000
161,1976,9000
161,1977,10000
161,1978,10000
161,1979,11000
161,1980,11000
161,1981,12000
161,1982,12000
161,1983,13000
161,1984,13000
161,1985,13000
161,1986,13000
161,1987,13000
161,1988,13000
161,1989,13000
161,1990,13000
161,1991,14000
161,1992,14000
161,1993,14000
161,1994,14000
161,1995,14000
161,1996,14000
161,1997,14000
161,1998,15000
161,1999,15000
161,2000,15000
161,2001,15000
161,2002,15000
161,2003,15000
161,2004,15000
161,2005,15000
161,2006,14000
161,2007,14000
161,2008,14000
161,2009,13000
161,2010,13000
161,2011,13000
161,2012,13000
161,2013,12000
161,2014,12000
161,2015,12000
161,2016,12000
161,2017,12000
161,2018,12000
161,2019,12000
161,2020,12000
161,2021,12000
161,2022,11000
161,2023,11000
162,1950,1911000
162,1951,1951000
162,1952,1998000
162,1953,2048000
162,1954,2095000
162,1955,2140000
162,1956,2185000
162,1957,2234000
162,1958,2285000
162,1959,2333000
162,1960,2379000
162,1961,2430000
162,1962,2484000
162,1963,2538000
162,1964,2589000
162,1965,2636000
162,1966,2683000
162,1967,2723000
162,1968,2755000
162,1969,2784000
162,1970,2822000
162,1971,2867000
162,1972,2919000
162,1973,2979000
162,1974,3041000
162,1975,3094000
162,1976,3127000
162,1977,3140000
162,1978,3142000
162,1979,3142000
162,1980,3146000
162,1981,3160000
162,1982,3185000
162,1983,3219000
162,1984,3250000
162,1985,3268000
162,1986,3282000
162,1987,3299000
162,1988,3316000
162,1989,3334000
162,1990,3397000
162,1991,3481000
162,1992,3532000
162,1993,3574000
162,1994,3621000
162,1995,3674000
162,1996,3729000
162,1997,3777000
162,1998,3811000
162,1999,3836000
162,2000,3858000
162,2001,3892000
162,2002,3951000
162,2003,4023000
162,2004,4084000
162,2005,4135000
162,2006,4182000
162,2007,4223000
162,2008,4262000
162,2009,4304000
162,2010,4348000
162,2011,4383000
162,2012,4412000
162,2013,4454000
162,2014,4523000
162,2015,4614000
162,2016,4715000
162,2017,4813000
162,2018,4901000
162,2019,4989000
162,2020,5070000
162,2021,5108000
162,2022,5132000
162,2023,5173000
163,1950,154203000
163,1951,156481000
163,1952,158794000
163,1953,161168000
163,1954,163636000
163,1955,166200000
163,1956,168825000
163,1957,171499000
163,1958,174215000
163,1959,177146000
163,1960,180275000
163,1961,183489000
163,1962,186724000
163,1963,189825000
163,1964,192819000
163,1965,195654000
163,1966,198265000
163,1967,200700000
163,1968,203011000
163,1969,205300000
163,1970,207796000
163,1971,210426000
163,1972,212843000
163,1973,215007000
163,1974,217076000
163,1975,219129000
163,1976,221169000
163,1977,223259000
163,1978,225396000
163,1979,227575000
163,1980,229859000
163,1981,232202000
163,1982,234583000
163,1983,236986000
163,1984,239354000
163,1985,241690000
163,1986,243954000
163,1987,246161000
163,1988,248393000
163,1989,250675000
163,1990,253373000
163,1991,256471000
163,1992,259606000
163,1993,262633000
163,1994,265475000
163,1995,268206000
163,1996,270861000
163,1997,273468000
163,1998,276119000
163,1999,278785000
163,2000,281484000
163,2001,284280000
163,2002,287084000
163,2003,289908000
163,2004,292786000
163,2005,295717000
163,2006,298730000
163,2007,301844000
163,2008,304970000
163,2009,308023000
163,2010,311063000
163,2011,314105000
163,2012,317115000
163,2013,320111000
163,2014,323115000
163,2015,326126000
163,2016,329179000
163,2017,332205000
163,2018,335056000
163,2019,337790000
163,2020,339436000
163,2021,340161000
163,2022,341534000
163,2023,343477000
164,1950,69000
164,1951,71000
164,1952,73000
164,1953,76000
164,1954,78000
164,1955,80000
164,1956,82000
164,1957,84000
164,1958,87000
164,1959,89000
164,1960,91000
164,1961,94000
164,1962,96000
164,1963,99000
164,1964,102000
164,1965,105000
164,1966,108000
164,1967,111000
164,1968,115000
164,1969,118000
164,1970,121000
164,1971,123000
164,1972,125000
164,1973,126000
164,1974,128000
164,1975,130000
164,1976,133000
164,1977,136000
164,1978,139000
164,1979,142000
164,1980,145000
164,1981,149000
164,1982,153000
164,1983,156000
164,1984,160000
164,1985,164000
164,1986,168000
164,1987,171000
164,1988,175000
164,1989,179000
164,1990,183000
164,1991,187000
164,1992,191000
164,1993,195000
164,1994,199000
164,1995,204000
164,1996,210000
164,1997,217000
164,1998,225000
164,1999,233000
164,2000,241000
164,2001,248000
164,2002,256000
164,2003,264000
164,2004,272000
164,2005,280000
164,2006,288000
164,2007,296000
164,2008,304000
164,2009,313000
164,2010,320000
164,2011,327000
164,2012,334000
164,2013,342000
164,2014,349000
164,2015,356000
164,2016,365000
164,2017,373000
164,2018,380000
164,2019,386000
164,2020,391000
164,2021,395000
164,2022,403000
164,2023,411000
166,1950,1407000
166,1951,1447000
166,1952,1481000
166,1953,1510000
166,1954,1533000
166,1955,1554000
166,1956,1572000
166,1957,1590000
166,1958,1608000
166,1959,1628000
166,1960,1650000
166,1961,1673000
166,1962,1697000
166,1963,1721000
166,1964,1746000
166,1965,1769000
166,1966,1791000
166,1967,1813000
166,1968,1834000
166,1969,1855000
166,1970,1878000
166,1971,1904000
166,1972,1932000
166,1973,1961000
166,1974,1991000
166,1975,2019000
166,1976,2046000
166,1977,2071000
166,1978,2095000
166,1979,2119000
166,1980,2146000
166,1981,2174000
166,1982,2204000
166,1983,2235000
166,1984,2265000
166,1985,2291000
166,1986,2312000
166,1987,2330000
166,1988,2346000
166,1989,2362000
166,1990,2380000
166,1991,2401000
166,1992,2425000
166,1993,2450000
166,1994,2475000
166,1995,2500000
166,1996,2524000
166,1997,2548000
166,1998,2570000
166,1999,2590000
166,2000,2608000
166,2001,2624000
166,2002,2641000
166,2003,2657000
166,2004,2672000
166,2005,2687000
166,2006,2701000
166,2007,2714000
166,2008,2726000
166,2009,2737000
166,2010,2749000
166,2011,2760000
166,2012,2772000
166,2013,2784000
166,2014,2794000
166,2015,2803000
166,2016,2810000
166,2017,2816000
166,2018,2820000
166,2019,2823000
166,2020,2831000
166,2021,2838000
166,2022,2839000
166,2023,2840000
167,1950,418000
167,1951,429000
167,1952,441000
167,1953,455000
167,1954,469000
167,1955,484000
167,1956,501000
167,1957,518000
167,1958,535000
167,1959,553000
167,1960,569000
167,1961,583000
167,1962,595000
167,1963,609000
167,1964,622000
167,1965,635000
167,1966,649000
167,1967,662000
167,1968,676000
167,1969,690000
167,1970,703000
167,1971,713000
167,1972,722000
167,1973,730000
167,1974,738000
167,1975,745000
167,1976,752000
167,1977,759000
167,1978,765000
167,1979,770000
167,1980,774000
167,1981,776000
167,1982,777000
167,1983,776000
167,1984,774000
167,1985,771000
167,1986,768000
167,1987,764000
167,1988,760000
167,1989,755000
167,1990,750000
167,1991,748000
167,1992,750000
167,1993,753000
167,1994,756000
167,1995,758000
167,1996,761000
167,1997,762000
167,1998,764000
167,1999,764000
167,2000,765000
167,2001,764000
167,2002,764000
167,2003,763000
167,2004,762000
167,2005,761000
167,2006,759000
167,2007,757000
167,2008,755000
167,2009,752000
167,2010,749000
167,2011,746000
167,2012,746000
167,2013,750000
167,2014,754000
167,2015,759000
167,2016,764000
167,2017,768000
167,2018,792000
167,2019,808000
167,2020,807000
167,2021,815000
167,2022,822000
167,2023,826000
168,1950,196000
168,1951,201000
168,1952,206000
168,1953,212000
168,1954,219000
168,1955,225000
168,1956,232000
168,1957,239000
168,1958,247000
168,1959,255000
168,1960,264000
168,1961,273000
168,1962,284000
168,1963,297000
168,1964,309000
168,1965,320000
168,1966,331000
168,1967,343000
168,1968,355000
168,1969,367000
168,1970,379000
168,1971,392000
168,1972,397000
168,1973,396000
168,1974,394000
168,1975,391000
168,1976,388000
168,1977,385000
168,1978,382000
168,1979,378000
168,1980,375000
168,1981,375000
168,1982,377000
168,1983,379000
168,1984,382000
168,1985,387000
168,1986,392000
168,1987,397000
168,1988,402000
168,1989,408000
168,1990,412000
168,1991,415000
168,1992,418000
168,1993,419000
168,1994,422000
168,1995,430000
168,1996,439000
168,1997,448000
168,1998,457000
168,1999,467000
168,2000,477000
168,2001,487000
168,2002,497000
168,2003,506000
168,2004,514000
168,2005,519000
168,2006,525000
168,2007,531000
168,2008,537000
168,2009,544000
168,2010,550000
168,2011,556000
168,2012,563000
168,2013,569000
168,2014,575000
168,2015,582000
168,2016,588000
168,2017,594000
168,2018,6e+05
168,2019,606000
168,2020,612000
168,2021,618000
168,2022,623000
168,2023,629000
169,1950,23000
169,1951,24000
169,1952,24000
169,1953,24000
169,1954,25000
169,1955,25000
169,1956,26000
169,1957,28000
169,1958,29000
169,1959,30000
169,1960,31000
169,1961,32000
169,1962,34000
169,1963,35000
169,1964,37000
169,1965,39000
169,1966,40000
169,1967,42000
169,1968,44000
169,1969,45000
169,1970,46000
169,1971,48000
169,1972,49000
169,1973,51000
169,1974,52000
169,1975,54000
169,1976,57000
169,1977,59000
169,1978,61000
169,1979,64000
169,1980,66000
169,1981,69000
169,1982,72000
169,1983,77000
169,1984,81000
169,1985,86000
169,1986,91000
169,1987,96000
169,1988,102000
169,1989,108000
169,1990,113000
169,1991,117000
169,1992,121000
169,1993,126000
169,1994,130000
169,1995,135000
169,1996,139000
169,1997,144000
169,1998,148000
169,1999,154000
169,2000,161000
169,2001,169000
169,2002,177000
169,2003,185000
169,2004,194000
169,2005,202000
169,2006,211000
169,2007,219000
169,2008,226000
169,2009,231000
169,2010,235000
169,2011,240000
169,2012,246000
169,2013,253000
169,2014,261000
169,2015,266000
169,2016,271000
169,2017,276000
169,2018,281000
169,2019,286000
169,2020,289000
169,2021,293000
169,2022,298000
169,2023,303000
171,1950,53409000
171,1951,55019000
171,1952,56695000
171,1953,58434000
171,1954,60235000
171,1955,62101000
171,1956,64034000
171,1957,66031000
171,1958,68092000
171,1959,70214000
171,1960,72388000
171,1961,74605000
171,1962,76865000
171,1963,79164000
171,1964,81489000
171,1965,83818000
171,1966,86139000
171,1967,88446000
171,1968,90741000
171,1969,93046000
171,1970,95376000
171,1971,97739000
171,1972,100147000
171,1973,102601000
171,1974,105090000
171,1975,107620000
171,1976,110213000
171,1977,112875000
171,1978,115601000
171,1979,118381000
171,1980,121207000
171,1981,124063000
171,1982,126923000
171,1983,129790000
171,1984,132659000
171,1985,135516000
171,1986,138336000
171,1987,141105000
171,1988,143826000
171,1989,146503000
171,1990,149143000
171,1991,151724000
171,1992,154275000
171,1993,156795000
171,1994,159265000
171,1995,161735000
171,1996,164203000
171,1997,166662000
171,1998,169160000
171,1999,171642000
171,2000,174018000
171,2001,176301000
171,2002,178503000
171,2003,180623000
171,2004,182675000
171,2005,184688000
171,2006,186653000
171,2007,188552000
171,2008,190367000
171,2009,192080000
171,2010,193702000
171,2011,195285000
171,2012,196876000
171,2013,198478000
171,2014,200085000
171,2015,201676000
171,2016,203218000
171,2017,204703000
171,2018,206107000
171,2019,207455000
171,2020,208661000
171,2021,209550000
171,2022,210306000
171,2023,211141000
172,1950,17018000
172,1951,17356000
172,1952,17699000
172,1953,18041000
172,1954,18381000
172,1955,18716000
172,1956,19050000
172,1957,19383000
172,1958,19714000
172,1959,20050000
172,1960,20386000
172,1961,20726000
172,1962,21073000
172,1963,21422000
172,1964,21769000
172,1965,22113000
172,1966,22454000
172,1967,22799000
172,1968,23151000
172,1969,23509000
172,1970,23878000
172,1971,24257000
172,1972,24644000
172,1973,25046000
172,1974,25461000
172,1975,25874000
172,1976,26282000
172,1977,26702000
172,1978,27132000
172,1979,27569000
172,1980,28012000
172,1981,28464000
172,1982,28924000
172,1983,29391000
172,1984,29863000
172,1985,30336000
172,1986,30812000
172,1987,31292000
172,1988,31781000
172,1989,32271000
172,1990,32756000
172,1991,33230000
172,1992,33694000
172,1993,34153000
172,1994,34613000
172,1995,35070000
172,1996,35514000
172,1997,35948000
172,1998,36373000
172,1999,36795000
172,2000,37214000
172,2001,37625000
172,2002,38029000
172,2003,38424000
172,2004,38816000
172,2005,39217000
172,2006,39622000
172,2007,40017000
172,2008,40424000
172,2009,40855000
172,2010,41289000
172,2011,41731000
172,2012,42162000
172,2013,42582000
172,2014,43024000
172,2015,43477000
172,2016,43900000
172,2017,44289000
172,2018,44655000
172,2019,44973000
172,2020,45192000
172,2021,45312000
172,2022,45408000
172,2023,45538000
173,1950,2234000
173,1951,2256000
173,1952,2281000
173,1953,2308000
173,1954,2337000
173,1955,2367000
173,1956,2398000
173,1957,2431000
173,1958,2464000
173,1959,2497000
173,1960,2530000
173,1961,2562000
173,1962,2593000
173,1963,2624000
173,1964,2653000
173,1965,2681000
173,1966,2708000
173,1967,2732000
173,1968,2755000
173,1969,2774000
173,1970,2791000
173,1971,2806000
173,1972,2822000
173,1973,2837000
173,1974,2854000
173,1975,2872000
173,1976,2891000
173,1977,2909000
173,1978,2926000
173,1979,2940000
173,1980,2952000
173,1981,2963000
173,1982,2975000
173,1983,2989000
173,1984,3002000
173,1985,3017000
173,1986,3033000
173,1987,3050000
173,1988,3068000
173,1989,3086000
173,1990,3104000
173,1991,3122000
173,1992,3140000
173,1993,3156000
173,1994,3173000
173,1995,3189000
173,1996,3206000
173,1997,3223000
173,1998,3239000
173,1999,3254000
173,2000,3266000
173,2001,3274000
173,2002,3279000
173,2003,3281000
173,2004,3283000
173,2005,3286000
173,2006,3290000
173,2007,3295000
173,2008,3302000
173,2009,3310000
173,2010,3319000
173,2011,3327000
173,2012,3335000
173,2013,3345000
173,2014,3356000
173,2015,3368000
173,2016,3379000
173,2017,3388000
173,2018,3395000
173,2019,3397000
173,2020,3399000
173,2021,3397000
173,2022,3391000
173,2023,3388000
174,1950,4008000
174,1951,4048000
174,1952,4091000
174,1953,4140000
174,1954,4187000
174,1955,4235000
174,1956,4282000
174,1957,4324000
174,1958,4360000
174,1959,4395000
174,1960,4430000
174,1961,4461000
174,1962,4492000
174,1963,4524000
174,1964,4549000
174,1965,4564000
174,1966,4581000
174,1967,4607000
174,1968,4627000
174,1969,4624000
174,1970,4606000
174,1971,4612000
174,1972,4640000
174,1973,4666000
174,1974,4690000
174,1975,4711000
174,1976,4725000
174,1977,4739000
174,1978,4752000
174,1979,4764000
174,1980,4779000
174,1981,4800000
174,1982,4827000
174,1983,4856000
174,1984,4882000
174,1985,4902000
174,1986,4918000
174,1987,4932000
174,1988,4947000
174,1989,4965000
174,1990,4987000
174,1991,5014000
174,1992,5042000
174,1993,5067000
174,1994,5088000
174,1995,5108000
174,1996,5125000
174,1997,5140000
174,1998,5154000
174,1999,5166000
174,2000,5176000
174,2001,5188000
174,2002,5201000
174,2003,5213000
174,2004,5228000
174,2005,5246000
174,2006,5266000
174,2007,5289000
174,2008,5313000
174,2009,5339000
174,2010,5363000
174,2011,5388000
174,2012,5414000
174,2013,5439000
174,2014,5462000
174,2015,5480000
174,2016,5495000
174,2017,5508000
174,2018,5516000
174,2019,5522000
174,2020,5530000
174,2021,5541000
174,2022,5569000
174,2023,5601000
175,1950,4268000
175,1951,4300000
175,1952,4332000
175,1953,4369000
175,1954,4406000
175,1955,4439000
175,1956,4466000
175,1957,4490000
175,1958,4516000
175,1959,4548000
175,1960,4579000
175,1961,4611000
175,1962,4647000
175,1963,4684000
175,1964,4722000
175,1965,4759000
175,1966,4797000
175,1967,4835000
175,1968,4865000
175,1969,4892000
175,1970,4929000
175,1971,4963000
175,1972,4992000
175,1973,5022000
175,1974,5046000
175,1975,5060000
175,1976,5073000
175,1977,5089000
175,1978,5104000
175,1979,5117000
175,1980,5123000
175,1981,5122000
175,1982,5118000
175,1983,5114000
175,1984,5112000
175,1985,5114000
175,1986,5121000
175,1987,5127000
175,1988,5130000
175,1989,5133000
175,1990,5141000
175,1991,5154000
175,1992,5171000
175,1993,5189000
175,1994,5206000
175,1995,5233000
175,1996,5263000
175,1997,5285000
175,1998,5304000
175,1999,5322000
175,2000,5340000
175,2001,5359000
175,2002,5376000
175,2003,5391000
175,2004,5405000
175,2005,5420000
175,2006,5437000
175,2007,5462000
175,2008,5494000
175,2009,5523000
175,2010,5548000
175,2011,5571000
175,2012,5592000
175,2013,5615000
175,2014,5644000
175,2015,5684000
175,2016,5728000
175,2017,5765000
175,2018,5794000
175,2019,5815000
175,2020,5832000
175,2021,5857000
175,2022,5903000
175,2023,5948000
176,1950,69848000
176,1951,69782000
176,1952,69827000
176,1953,69935000
176,1954,70105000
176,1955,70334000
176,1956,70614000
176,1957,71088000
176,1958,71695000
176,1959,72242000
176,1960,72812000
176,1961,73376000
176,1962,73997000
176,1963,74698000
176,1964,75313000
176,1965,75967000
176,1966,76611000
176,1967,76971000
176,1968,77321000
176,1969,77944000
176,1970,78205000
176,1971,78346000
176,1972,78720000
176,1973,78967000
176,1974,78997000
176,1975,78702000
176,1976,78365000
176,1977,78186000
176,1978,78115000
176,1979,78148000
176,1980,78315000
176,1981,78448000
176,1982,78394000
176,1983,78224000
176,1984,77998000
176,1985,77863000
176,1986,77924000
176,1987,78062000
176,1988,78386000
176,1989,79007000
176,1990,79708000
176,1991,80303000
176,1992,80935000
176,1993,81487000
176,1994,81774000
176,1995,82020000
176,1996,82263000
176,1997,82390000
176,1998,82012000
176,1999,81678000
176,2000,81797000
176,2001,81934000
176,2002,82068000
176,2003,82112000
176,2004,82093000
176,2005,82047000
176,2006,81702000
176,2007,81299000
176,2008,81111000
176,2009,80935000
176,2010,80831000
176,2011,80858000
176,2012,80916000
176,2013,81042000
176,2014,81376000
176,2015,82078000
176,2016,82760000
176,2017,83104000
176,2018,83369000
176,2019,83559000
176,2020,83629000
176,2021,83697000
176,2022,84086000
176,2023,84548000
177,1950,10114000
177,1951,10265000
177,1952,10382000
177,1953,10494000
177,1954,10616000
177,1955,10751000
177,1956,10890000
177,1957,11027000
177,1958,11187000
177,1959,11348000
177,1960,11487000
177,1961,11639000
177,1962,11808000
177,1963,11969000
177,1964,12132000
177,1965,12301000
177,1966,12464000
177,1967,12608000
177,1968,12741000
177,1969,12891000
177,1970,13052000
177,1971,13208000
177,1972,13343000
177,1973,13454000
177,1974,13560000
177,1975,13680000
177,1976,13787000
177,1977,13869000
177,1978,13954000
177,1979,14050000
177,1980,14163000
177,1981,14263000
177,1982,14334000
177,1983,14397000
177,1984,14463000
177,1985,14539000
177,1986,14626000
177,1987,14725000
177,1988,14826000
177,1989,14921000
177,1990,15031000
177,1991,15155000
177,1992,15277000
177,1993,15390000
177,1994,15485000
177,1995,15565000
177,1996,15640000
177,1997,15724000
177,1998,15827000
177,1999,15940000
177,2000,16059000
177,2001,16183000
177,2002,16288000
177,2003,16367000
177,2004,16426000
177,2005,16466000
177,2006,16494000
177,2007,16531000
177,2008,16597000
177,2009,16684000
177,2010,16771000
177,2011,16851000
177,2012,16915000
177,2013,16967000
177,2014,17030000
177,2015,17107000
177,2016,17205000
177,2017,17315000
177,2018,17421000
177,2019,17538000
177,2020,17637000
177,2021,17731000
177,2022,17904000
177,2023,18093000
178,1950,24780000
178,1951,25223000
178,1952,25672000
178,1953,26126000
178,1954,26590000
178,1955,27064000
178,1956,27536000
178,1957,28076000
178,1958,28644000
178,1959,29133000
178,1960,29576000
178,1961,29980000
178,1962,30338000
178,1963,30674000
178,1964,30993000
178,1965,31288000
178,1966,31568000
178,1967,31829000
178,1968,32078000
178,1969,32323000
178,1970,32543000
178,1971,32771000
178,1972,33042000
178,1973,33333000
178,1974,33642000
178,1975,33964000
178,1976,34297000
178,1977,34629000
178,1978,34934000
178,1979,35248000
178,1980,35577000
178,1981,35901000
178,1982,36233000
178,1983,36574000
178,1984,36906000
178,1985,37201000
178,1986,37453000
178,1987,37666000
178,1988,37818000
178,1989,37938000
178,1990,38055000
178,1991,38153000
178,1992,38234000
178,1993,38295000
178,1994,38344000
178,1995,38365000
178,1996,38359000
178,1997,38348000
178,1998,38326000
178,1999,38288000
178,2000,38258000
178,2001,38247000
178,2002,38229000
178,2003,38204000
178,2004,38168000
178,2005,38124000
178,2006,38071000
178,2007,38020000
178,2008,37996000
178,2009,38002000
178,2010,38095000
178,2011,38209000
178,2012,38248000
178,2013,38259000
178,2014,38265000
178,2015,38266000
178,2016,38263000
178,2017,38255000
178,2018,38241000
178,2019,38226000
178,2020,38171000
178,2021,38040000
178,2022,38386000
178,2023,38763000
179,1950,41883000
179,1951,42334000
179,1952,42780000
179,1953,43228000
179,1954,43677000
179,1955,44136000
179,1956,44589000
179,1957,45036000
179,1958,45493000
179,1959,45964000
179,1960,46428000
179,1961,46894000
179,1962,47353000
179,1963,47818000
179,1964,48319000
179,1965,48773000
179,1966,49185000
179,1967,49575000
179,1968,49947000
179,1969,50355000
179,1970,50813000
179,1971,51293000
179,1972,51744000
179,1973,52162000
179,1974,52505000
179,1975,52746000
179,1976,52959000
179,1977,53197000
179,1978,53430000
179,1979,53661000
179,1980,53941000
179,1981,54255000
179,1982,54582000
179,1983,54889000
179,1984,55177000
179,1985,55467000
179,1986,55753000
179,1987,56048000
179,1988,56362000
179,1989,56685000
179,1990,56990000
179,1991,57272000
179,1992,57555000
179,1993,57801000
179,1994,5.8e+07
179,1995,58192000
179,1996,58381000
179,1997,58569000
179,1998,58779000
179,1999,59084000
179,2000,59484000
179,2001,59905000
179,2002,60327000
179,2003,60741000
179,2004,61175000
179,2005,61625000
179,2006,62050000
179,2007,62432000
179,2008,62780000
179,2009,63106000
179,2010,63417000
179,2011,63734000
179,2012,64058000
179,2013,64388000
179,2014,64692000
179,2015,64916000
179,2016,65087000
179,2017,65285000
179,2018,65520000
179,2019,65729000
179,2020,65905000
179,2021,66084000
179,2022,66277000
179,2023,66439000
180,1950,50121000
180,1951,50347000
180,1952,50496000
180,1953,50727000
180,1954,50958000
180,1955,51177000
180,1956,51400000
180,1957,51656000
180,1958,51936000
180,1959,52226000
180,1960,52539000
180,1961,52885000
180,1962,53273000
180,1963,53653000
180,1964,54009000
180,1965,54359000
180,1966,54676000
180,1967,54974000
180,1968,55241000
180,1969,55456000
180,1970,55664000
180,1971,55890000
180,1972,56079000
180,1973,56189000
180,1974,56225000
180,1975,56220000
180,1976,56201000
180,1977,56176000
180,1978,56176000
180,1979,56219000
180,1980,56282000
180,1981,56305000
180,1982,56293000
180,1983,56332000
180,1984,56451000
180,1985,56606000
180,1986,56752000
180,1987,56886000
180,1988,57027000
180,1989,57182000
180,1990,57368000
180,1991,57555000
180,1992,57719000
180,1993,57861000
180,1994,58003000
180,1995,58155000
180,1996,58299000
180,1997,58447000
180,1998,58627000
180,1999,58839000
180,2000,59057000
180,2001,59288000
180,2002,59541000
180,2003,59820000
180,2004,60170000
180,2005,60596000
180,2006,61051000
180,2007,61536000
180,2008,62027000
180,2009,62506000
180,2010,63006000
180,2011,63509000
180,2012,63960000
180,2013,64389000
180,2014,64866000
180,2015,65382000
180,2016,65893000
180,2017,66354000
180,2018,66752000
180,2019,67111000
180,2020,67352000
180,2021,67669000
180,2022,68179000
180,2023,68683000
181,1950,2913000
181,1951,2937000
181,1952,2941000
181,1953,2929000
181,1954,2915000
181,1955,2900000
181,1956,2884000
181,1957,2869000
181,1958,2854000
181,1959,2839000
181,1960,2828000
181,1961,2825000
181,1962,2831000
181,1963,2843000
181,1964,2857000
181,1965,2873000
181,1966,2889000
181,1967,2905000
181,1968,2923000
181,1969,2941000
181,1970,2961000
181,1971,2993000
181,1972,3037000
181,1973,3084000
181,1974,3132000
181,1975,3180000
181,1976,3228000
181,1977,3278000
181,1978,3329000
181,1979,3376000
181,1980,3415000
181,1981,3449000
181,1982,3476000
181,1983,3498000
181,1984,3516000
181,1985,3531000
181,1986,3542000
181,1987,3540000
181,1988,3525000
181,1989,3511000
181,1990,3514000
181,1991,3534000
181,1992,3558000
181,1993,3576000
181,1994,3590000
181,1995,3611000
181,1996,3639000
181,1997,3672000
181,1998,3711000
181,1999,3753000
181,2000,3803000
181,2001,3863000
181,2002,3928000
181,2003,3993000
181,2004,4066000
181,2005,4155000
181,2006,4269000
181,2007,4394000
181,2008,4486000
181,2009,4534000
181,2010,4559000
181,2011,4580000
181,2012,4600000
181,2013,4625000
181,2014,4658000
181,2015,4702000
181,2016,4754000
181,2017,4810000
181,2018,4873000
181,2019,4933000
181,2020,4983000
181,2021,5028000
181,2022,5110000
181,2023,5197000
182,1950,28077000
182,1951,28215000
182,1952,28406000
182,1953,28633000
182,1954,28858000
182,1955,29090000
182,1956,29324000
182,1957,29570000
182,1958,29850000
182,1959,30141000
182,1960,30405000
182,1961,30700000
182,1962,31040000
182,1963,31380000
182,1964,31742000
182,1965,32111000
182,1966,32466000
182,1967,32821000
182,1968,33170000
182,1969,33497000
182,1970,33813000
182,1971,34157000
182,1972,34540000
182,1973,34927000
182,1974,35362000
182,1975,35796000
182,1976,36176000
182,1977,36551000
182,1978,36905000
182,1979,37230000
182,1980,37538000
182,1981,37813000
182,1982,38047000
182,1983,38253000
182,1984,38437000
182,1985,38601000
182,1986,38736000
182,1987,38852000
182,1988,38952000
182,1989,39030000
182,1990,39085000
182,1991,39202000
182,1992,39420000
182,1993,39652000
182,1994,39859000
182,1995,40053000
182,1996,40237000
182,1997,40424000
182,1998,40617000
182,1999,40813000
182,2000,41020000
182,2001,41246000
182,2002,41756000
182,2003,42507000
182,2004,43235000
182,2005,43959000
182,2006,44695000
182,2007,45517000
182,2008,46235000
182,2009,46635000
182,2010,46840000
182,2011,46998000
182,2012,47018000
182,2013,46860000
182,2014,46720000
182,2015,46684000
182,2016,46733000
182,2017,46869000
182,2018,47093000
182,2019,47435000
182,2020,47679000
182,2021,47736000
182,2022,47828000
182,2023,47912000
183,1950,8419000
183,1951,8474000
183,1952,8523000
183,1953,8573000
183,1954,8617000
183,1955,8663000
183,1956,8704000
183,1957,8743000
183,1958,8793000
183,1959,8840000
183,1960,8873000
183,1961,8888000
183,1962,8896000
183,1963,8898000
183,1964,8896000
183,1965,8890000
183,1966,8872000
183,1967,8846000
183,1968,8810000
183,1969,8754000
183,1970,8670000
183,1971,8686000
183,1972,8816000
183,1973,8939000
183,1974,9059000
183,1975,9182000
183,1976,9310000
183,1977,9438000
183,1978,9556000
183,1979,9663000
183,1980,9764000
183,1981,9838000
183,1982,9886000
183,1983,9925000
183,1984,9957000
183,1985,9979000
183,1986,9993000
183,1987,10002000
183,1988,10005000
183,1989,10001000
183,1990,9990000
183,1991,9969000
183,1992,9960000
183,1993,9972000
183,1994,9998000
183,1995,10032000
183,1996,10068000
183,1997,10111000
183,1998,10160000
183,1999,10215000
183,2000,10283000
183,2001,10354000
183,2002,10413000
183,2003,10454000
183,2004,10481000
183,2005,10503000
183,2006,10524000
183,2007,10547000
183,2008,10564000
183,2009,10576000
183,2010,10579000
183,2011,10557000
183,2012,10513000
183,2013,10458000
183,2014,10406000
183,2015,10370000
183,2016,10346000
183,2017,10331000
183,2018,10325000
183,2019,10343000
183,2020,10371000
183,2021,10391000
183,2022,10417000
183,2023,10431000
184,1950,46392000
184,1951,46752000
184,1952,47018000
184,1953,47411000
184,1954,47832000
184,1955,48131000
184,1956,48402000
184,1957,48657000
184,1958,48927000
184,1959,49219000
184,1960,49515000
184,1961,49815000
184,1962,50171000
184,1963,50571000
184,1964,51020000
184,1965,51481000
184,1966,51919000
184,1967,52338000
184,1968,52712000
184,1969,53060000
184,1970,53390000
184,1971,53708000
184,1972,54068000
184,1973,54451000
184,1974,54821000
184,1975,55166000
184,1976,55459000
184,1977,55715000
184,1978,55939000
184,1979,56132000
184,1980,56412000
184,1981,56647000
184,1982,56719000
184,1983,56766000
184,1984,56810000
184,1985,56856000
184,1986,56876000
184,1987,56892000
184,1988,56929000
184,1989,56977000
184,1990,57031000
184,1991,57075000
184,1992,57125000
184,1993,57171000
184,1994,57420000
184,1995,57403000
184,1996,57162000
184,1997,57189000
184,1998,57215000
184,1999,57241000
184,2000,57272000
184,2001,57306000
184,2002,57421000
184,2003,57740000
184,2004,58177000
184,2005,58520000
184,2006,58754000
184,2007,59109000
184,2008,59562000
184,2009,59904000
184,2010,60164000
184,2011,60368000
184,2012,60532000
184,2013,60654000
184,2014,60664000
184,2015,60575000
184,2016,60478000
184,2017,60390000
184,2018,60277000
184,2019,60130000
184,2020,59913000
184,2021,59729000
184,2022,59619000
184,2023,59499000
185,1950,20000
185,1951,20000
185,1952,21000
185,1953,21000
185,1954,21000
185,1955,21000
185,1956,21000
185,1957,21000
185,1958,21000
185,1959,22000
185,1960,22000
185,1961,22000
185,1962,22000
185,1963,22000
185,1964,23000
185,1965,23000
185,1966,23000
185,1967,23000
185,1968,23000
185,1969,24000
185,1970,24000
185,1971,25000
185,1972,25000
185,1973,25000
185,1974,25000
185,1975,26000
185,1976,26000
185,1977,26000
185,1978,27000
185,1979,27000
185,1980,27000
185,1981,27000
185,1982,28000
185,1983,28000
185,1984,28000
185,1985,29000
185,1986,29000
185,1987,29000
185,1988,30000
185,1989,30000
185,1990,30000
185,1991,31000
185,1992,31000
185,1993,31000
185,1994,31000
185,1995,32000
185,1996,32000
185,1997,32000
185,1998,32000
185,1999,32000
185,2000,32000
185,2001,32000
185,2002,32000
185,2003,32000
185,2004,32000
185,2005,32000
185,2006,32000
185,2007,32000
185,2008,32000
185,2009,32000
185,2010,33000
185,2011,34000
185,2012,35000
185,2013,35000
185,2014,36000
185,2015,37000
185,2016,37000
185,2017,38000
185,2018,38000
185,2019,38000
185,2020,38000
185,2021,39000
185,2022,39000
185,2023,39000
186,1950,403000
186,1951,410000
186,1952,419000
186,1953,427000
186,1954,434000
186,1955,441000
186,1956,447000
186,1957,453000
186,1958,459000
186,1959,465000
186,1960,471000
186,1961,478000
186,1962,484000
186,1963,491000
186,1964,497000
186,1965,503000
186,1966,509000
186,1967,514000
186,1968,519000
186,1969,524000
186,1970,530000
186,1971,535000
186,1972,541000
186,1973,546000
186,1974,552000
186,1975,557000
186,1976,563000
186,1977,568000
186,1978,574000
186,1979,579000
186,1980,585000
186,1981,590000
186,1982,594000
186,1983,597000
186,1984,6e+05
186,1985,604000
186,1986,607000
186,1987,610000
186,1988,614000
186,1989,617000
186,1990,620000
186,1991,624000
186,1992,626000
186,1993,628000
186,1994,630000
186,1995,631000
186,1996,633000
186,1997,634000
186,1998,634000
186,1999,634000
186,2000,634000
186,2001,634000
186,2002,634000
186,2003,634000
186,2004,634000
186,2005,634000
186,2006,634000
186,2007,633000
186,2008,633000
186,2009,632000
186,2010,632000
186,2011,633000
186,2012,634000
186,2013,633000
186,2014,631000
186,2015,628000
186,2016,624000
186,2017,620000
186,2018,616000
186,2019,612000
186,2020,608000
186,2021,604000
186,2022,615000
186,2023,634000
187,1950,3865000
187,1951,3912000
187,1952,3957000
187,1953,4006000
187,1954,4048000
187,1955,4081000
187,1956,4110000
187,1957,4137000
187,1958,4161000
187,1959,4182000
187,1960,4200000
187,1961,4223000
187,1962,4255000
187,1963,4287000
187,1964,4318000
187,1965,4347000
187,1966,4374000
187,1967,4400000
187,1968,4424000
187,1969,4444000
187,1970,4463000
187,1971,4480000
187,1972,4498000
187,1973,4516000
187,1974,4534000
187,1975,4553000
187,1976,4572000
187,1977,4591000
187,1978,4609000
187,1979,4627000
187,1980,4644000
187,1981,4664000
187,1982,4689000
187,1983,4713000
187,1984,4734000
187,1985,4755000
187,1986,4773000
187,1987,4790000
187,1988,4806000
187,1989,4821000
187,1990,4835000
187,1991,4825000
187,1992,4782000
187,1993,4730000
187,1994,4676000
187,1995,4619000
187,1996,4562000
187,1997,4505000
187,1998,4446000
187,1999,4386000
187,2000,4326000
187,2001,4301000
187,2002,4306000
187,2003,4307000
187,2004,4310000
187,2005,4314000
187,2006,4316000
187,2007,4316000
187,2008,4315000
187,2009,4311000
187,2010,4301000
187,2011,4281000
187,2012,4259000
187,2013,4242000
187,2014,4219000
187,2015,4184000
187,2016,4136000
187,2017,4079000
187,2018,4025000
187,2019,3986000
187,2020,3954000
187,2021,3925000
187,2022,3907000
187,2023,3896000
188,1950,1446000
188,1951,1463000
188,1952,1480000
188,1953,1498000
188,1954,1516000
188,1955,1533000
188,1956,1549000
188,1957,1564000
188,1958,1579000
188,1959,1592000
188,1960,1605000
188,1961,1619000
188,1962,1633000
188,1963,1647000
188,1964,1661000
188,1965,1675000
188,1966,1690000
188,1967,1704000
188,1968,1717000
188,1969,1729000
188,1970,1740000
188,1971,1753000
188,1972,1768000
188,1973,1785000
188,1974,1801000
188,1975,1818000
188,1976,1834000
188,1977,1851000
188,1978,1869000
188,1979,1886000
188,1980,1903000
188,1981,1915000
188,1982,1918000
188,1983,1923000
188,1984,1933000
188,1985,1941000
188,1986,1965000
188,1987,1988000
188,1988,1994000
188,1989,1995000
188,1990,1998000
188,1991,1999000
188,1992,1996000
188,1993,1991000
188,1994,1988000
188,1995,1988000
188,1996,1987000
188,1997,1984000
188,1998,1980000
188,1999,1981000
188,2000,1987000
188,2001,1990000
188,2002,1992000
188,2003,1992000
188,2004,1994000
188,2005,1997000
188,2006,2003000
188,2007,2014000
188,2008,2025000
188,2009,2036000
188,2010,2045000
188,2011,2049000
188,2012,2053000
188,2013,2056000
188,2014,2058000
188,2015,2060000
188,2016,2061000
188,2017,2062000
188,2018,2069000
188,2019,2083000
188,2020,2102000
188,2021,2113000
188,2022,2115000
188,2023,2118000
189,1950,2433000
189,1951,2459000
189,1952,2486000
189,1953,2515000
189,1954,2545000
189,1955,2575000
189,1956,2607000
189,1957,2642000
189,1958,2679000
189,1959,2723000
189,1960,2769000
189,1961,2813000
189,1962,2853000
189,1963,2891000
189,1964,2929000
189,1965,2965000
189,1966,3e+06
189,1967,3035000
189,1968,3070000
189,1969,3103000
189,1970,3136000
189,1971,3171000
189,1972,3205000
189,1973,3236000
189,1974,3266000
189,1975,3296000
189,1976,3325000
189,1977,3353000
189,1978,3380000
189,1979,3405000
189,1980,3428000
189,1981,3452000
189,1982,3478000
189,1983,3505000
189,1984,3534000
189,1985,3562000
189,1986,3594000
189,1987,3627000
189,1988,3673000
189,1989,3696000
189,1990,3695000
189,1991,3701000
189,1992,3698000
189,1993,3680000
189,1994,3655000
189,1995,3627000
189,1996,3600000
189,1997,3573000
189,1998,3548000
189,1999,3523000
189,2000,3500000
189,2001,3473000
189,2002,3444000
189,2003,3415000
189,2004,3377000
189,2005,3322000
189,2006,3270000
189,2007,3231000
189,2008,3198000
189,2009,3163000
189,2010,3098000
189,2011,3029000
189,2012,2988000
189,2013,2958000
189,2014,2933000
189,2015,2906000
189,2016,2869000
189,2017,2829000
189,2018,2802000
189,2019,2795000
189,2020,2796000
189,2021,2794000
189,2022,2817000
189,2023,2854000
190,1950,24000
190,1951,25000
190,1952,26000
190,1953,27000
190,1954,28000
190,1955,29000
190,1956,30000
190,1957,31000
190,1958,32000
190,1959,34000
190,1960,36000
190,1961,40000
190,1962,45000
190,1963,50000
190,1964,57000
190,1965,64000
190,1966,72000
190,1967,81000
190,1968,92000
190,1969,103000
190,1970,116000
190,1971,131000
190,1972,147000
190,1973,162000
190,1974,177000
190,1975,193000
190,1976,209000
190,1977,225000
190,1978,242000
190,1979,259000
190,1980,276000
190,1981,294000
190,1982,312000
190,1983,330000
190,1984,348000
190,1985,366000
190,1986,382000
190,1987,397000
190,1988,411000
190,1989,426000
190,1990,440000
190,1991,455000
190,1992,470000
190,1993,485000
190,1994,499000
190,1995,514000
190,1996,529000
190,1997,551000
190,1998,581000
190,1999,613000
190,2000,645000
190,2001,678000
190,2002,711000
190,2003,745000
190,2004,773000
190,2005,825000
190,2006,973000
190,2007,1209000
190,2008,1427000
190,2009,1586000
190,2010,1709000
190,2011,1811000
190,2012,1907000
190,2013,2033000
190,2014,2218000
190,2015,2427000
190,2016,2599000
190,2017,2707000
190,2018,2761000
190,2019,2798000
190,2020,2803000
190,2021,2815000
190,2022,2892000
190,2023,2979000
191,1950,16511000
191,1951,16921000
191,1952,17344000
191,1953,17778000
191,1954,18226000
191,1955,18701000
191,1956,19204000
191,1957,19727000
191,1958,20267000
191,1959,20847000
191,1960,21470000
191,1961,22126000
191,1962,22808000
191,1963,23519000
191,1964,24263000
191,1965,25037000
191,1966,25829000
191,1967,26628000
191,1968,27437000
191,1969,28273000
191,1970,29145000
191,1971,30029000
191,1972,30921000
191,1973,31840000
191,1974,32796000
191,1975,33803000
191,1976,34837000
191,1977,35933000
191,1978,37127000
191,1979,38425000
191,1980,39842000
191,1981,41989000
191,1982,44272000
191,1983,46030000
191,1984,47794000
191,1985,49582000
191,1986,51446000
191,1987,53323000
191,1988,55073000
191,1989,56705000
191,1990,58380000
191,1991,59987000
191,1992,61185000
191,1993,61404000
191,1994,61521000
191,1995,62206000
191,1996,62881000
191,1997,63640000
191,1998,64520000
191,1999,65445000
191,2000,66419000
191,2001,67452000
191,2002,68011000
191,2003,68769000
191,2004,70256000
191,2005,71828000
191,2006,73393000
191,2007,74603000
191,2008,75514000
191,2009,76458000
191,2010,77421000
191,2011,78384000
191,2012,79371000
191,2013,80415000
191,2014,81502000
191,2015,82619000
191,2016,83812000
191,2017,85027000
191,2018,86118000
191,2019,87052000
191,2020,87723000
191,2021,88455000
191,2022,89524000
191,2023,90609000
192,1950,5653000
192,1951,5774000
192,1952,5913000
192,1953,6064000
192,1954,6219000
192,1955,6366000
192,1956,6508000
192,1957,6633000
192,1958,6742000
192,1959,6870000
192,1960,7022000
192,1961,7195000
192,1962,7414000
192,1963,7668000
192,1964,7930000
192,1965,8202000
192,1966,8485000
192,1967,8779000
192,1968,9085000
192,1969,9403000
192,1970,9736000
192,1971,10078000
192,1972,10430000
192,1973,10796000
192,1974,11168000
192,1975,11544000
192,1976,11928000
192,1977,12331000
192,1978,12753000
192,1979,13170000
192,1980,13592000
192,1981,14006000
192,1982,14406000
192,1983,14841000
192,1984,15311000
192,1985,15683000
192,1986,16074000
192,1987,16521000
192,1988,16909000
192,1989,17365000
192,1990,17581000
192,1991,17767000
192,1992,18301000
192,1993,19201000
192,1994,20140000
192,1995,20826000
192,1996,21501000
192,1997,22177000
192,1998,22884000
192,1999,23637000
192,2000,24424000
192,2001,25198000
192,2002,26007000
192,2003,26803000
192,2004,27578000
192,2005,28407000
192,2006,28617000
192,2007,28392000
192,2008,28971000
192,2009,30058000
192,2010,31045000
192,2011,32161000
192,2012,33655000
192,2013,35282000
192,2014,36550000
192,2015,37561000
192,2016,38470000
192,2017,39337000
192,2018,40266000
192,2019,41192000
192,2020,42117000
192,2021,43071000
192,2022,44071000
192,2023,45074000
193,1950,544000
193,1951,550000
193,1952,554000
193,1953,558000
193,1954,561000
193,1955,564000
193,1956,567000
193,1957,570000
193,1958,572000
193,1959,575000
193,1960,578000
193,1961,583000
193,1962,589000
193,1963,594000
193,1964,589000
193,1965,575000
193,1966,567000
193,1967,569000
193,1968,578000
193,1969,582000
193,1970,584000
193,1971,586000
193,1972,587000
193,1973,593000
193,1974,613000
193,1975,651000
193,1976,694000
193,1977,742000
193,1978,792000
193,1979,820000
193,1980,829000
193,1981,842000
193,1982,856000
193,1983,870000
193,1984,884000
193,1985,898000
193,1986,912000
193,1987,927000
193,1988,942000
193,1989,958000
193,1990,974000
193,1991,995000
193,1992,1024000
193,1993,1059000
193,1994,1092000
193,1995,1120000
193,1996,1144000
193,1997,1166000
193,1998,1187000
193,1999,1210000
193,2000,1235000
193,2001,1261000
193,2002,1289000
193,2003,1319000
193,2004,1350000
193,2005,1382000
193,2006,1415000
193,2007,1451000
193,2008,1488000
193,2009,1526000
193,2010,1566000
193,2011,1608000
193,2012,1651000
193,2013,1696000
193,2014,1741000
193,2015,1786000
193,2016,1832000
193,2017,1877000
193,2018,1922000
193,2019,1968000
193,2020,2013000
193,2021,2059000
193,2022,2106000
193,2023,2153000
194,1950,3013000
194,1951,3062000
194,1952,3112000
194,1953,3163000
194,1954,3215000
194,1955,3268000
194,1956,3323000
194,1957,3379000
194,1958,3436000
194,1959,3496000
194,1960,3557000
194,1961,3620000
194,1962,3684000
194,1963,3751000
194,1964,3820000
194,1965,3891000
194,1966,3964000
194,1967,4040000
194,1968,4119000
194,1969,4198000
194,1970,4278000
194,1971,4355000
194,1972,4431000
194,1973,4506000
194,1974,4581000
194,1975,4654000
194,1976,4727000
194,1977,4801000
194,1978,4878000
194,1979,4959000
194,1980,5047000
194,1981,5143000
194,1982,5248000
194,1983,5360000
194,1984,5480000
194,1985,5610000
194,1986,5751000
194,1987,5900000
194,1988,6057000
194,1989,6216000
194,1990,6434000
194,1991,6697000
194,1992,6914000
194,1993,7128000
194,1994,7345000
194,1995,7553000
194,1996,7770000
194,1997,7931000
194,1998,8082000
194,1999,8265000
194,2000,8429000
194,2001,8540000
194,2002,8674000
194,2003,8871000
194,2004,9063000
194,2005,9246000
194,2006,9441000
194,2007,9662000
194,2008,9899000
194,2009,10144000
194,2010,10396000
194,2011,10657000
194,2012,10922000
194,2013,11192000
194,2014,11473000
194,2015,11767000
194,2016,12073000
194,2017,12386000
194,2018,12705000
194,2019,13034000
194,2020,13371000
194,2021,13711000
194,2022,14055000
194,2023,14405000
195,1950,2735000
195,1951,2809000
195,1952,2886000
195,1953,2965000
195,1954,3049000
195,1955,3137000
195,1956,3230000
195,1957,3329000
195,1958,3435000
195,1959,3549000
195,1960,3674000
195,1961,3810000
195,1962,3957000
195,1963,4112000
195,1964,4274000
195,1965,4442000
195,1966,4618000
195,1967,4800000
195,1968,4990000
195,1969,5192000
195,1970,5412000
195,1971,5651000
195,1972,5910000
195,1973,6185000
195,1974,6474000
195,1975,6776000
195,1976,7058000
195,1977,7322000
195,1978,7603000
195,1979,7902000
195,1980,8221000
195,1981,8557000
195,1982,8908000
195,1983,9273000
195,1984,9651000
195,1985,10040000
195,1986,10441000
195,1987,10851000
195,1988,11275000
195,1989,11720000
195,1990,12190000
195,1991,12684000
195,1992,13200000
195,1993,13736000
195,1994,14287000
195,1995,14856000
195,1996,15442000
195,1997,16047000
195,1998,16664000
195,1999,17216000
195,2000,17699000
195,2001,18179000
195,2002,18655000
195,2003,19126000
195,2004,19595000
195,2005,20068000
195,2006,20547000
195,2007,21031000
195,2008,21514000
195,2009,21998000
195,2010,22488000
195,2011,22982000
195,2012,23467000
195,2013,23940000
195,2014,24527000
195,2015,25246000
195,2016,25989000
195,2017,26733000
195,2018,27464000
195,2019,28193000
195,2020,28915000
195,2021,29640000
195,2022,30395000
195,2023,31166000
196,1950,37283000
196,1951,37994000
196,1952,38716000
196,1953,39440000
196,1954,40176000
196,1955,40936000
196,1956,41716000
196,1957,42517000
196,1958,43325000
196,1959,44162000
196,1960,45054000
196,1961,45989000
196,1962,46965000
196,1963,47974000
196,1964,49012000
196,1965,50087000
196,1966,51188000
196,1967,52293000
196,1968,53433000
196,1969,54632000
196,1970,55894000
196,1971,57215000
196,1972,58602000
196,1973,60082000
196,1974,61679000
196,1975,63411000
196,1976,65258000
196,1977,67235000
196,1978,69327000
196,1979,71498000
196,1980,73765000
196,1981,76068000
196,1982,78379000
196,1983,80438000
196,1984,82526000
196,1985,84898000
196,1986,87236000
196,1987,89592000
196,1988,92020000
196,1989,94531000
196,1990,97121000
196,1991,99720000
196,1992,102373000
196,1993,105122000
196,1994,107936000
196,1995,110819000
196,1996,113755000
196,1997,116755000
196,1998,119846000
196,1999,123047000
196,2000,126382000
196,2001,129863000
196,2002,133472000
196,2003,137203000
196,2004,141057000
196,2005,145017000
196,2006,149077000
196,2007,153267000
196,2008,157595000
196,2009,162049000
196,2010,166643000
196,2011,171380000
196,2012,176201000
196,2013,181049000
196,2014,185897000
196,2015,190672000
196,2016,195444000
196,2017,200255000
196,2018,204939000
196,2019,209486000
196,2020,213996000
196,2021,218529000
196,2022,223151000
196,2023,227883000
197,1950,4330000
197,1951,4395000
197,1952,4465000
197,1953,4538000
197,1954,4617000
197,1955,4700000
197,1956,4788000
197,1957,4879000
197,1958,4972000
197,1959,5070000
197,1960,5159000
197,1961,5239000
197,1962,5339000
197,1963,5457000
197,1964,5578000
197,1965,5705000
197,1966,5837000
197,1967,5977000
197,1968,6126000
197,1969,6283000
197,1970,6450000
197,1971,6624000
197,1972,6807000
197,1973,6997000
197,1974,7194000
197,1975,7397000
197,1976,7598000
197,1977,7797000
197,1978,8012000
197,1979,8240000
197,1980,8512000
197,1981,8816000
197,1982,9029000
197,1983,9215000
197,1984,9475000
197,1985,9762000
197,1986,10060000
197,1987,10371000
197,1988,10685000
197,1989,11003000
197,1990,11332000
197,1991,11667000
197,1992,12006000
197,1993,12353000
197,1994,12705000
197,1995,13059000
197,1996,13415000
197,1997,13775000
197,1998,14145000
197,1999,14525000
197,2000,14913000
197,2001,15309000
197,2002,15726000
197,2003,16160000
197,2004,16610000
197,2005,17075000
197,2006,17550000
197,2007,18050000
197,2008,18574000
197,2009,19114000
197,2010,19668000
197,2011,20232000
197,2012,20810000
197,2013,21402000
197,2014,22060000
197,2015,22763000
197,2016,23454000
197,2017,24129000
197,2018,24806000
197,2019,25506000
197,2020,26211000
197,2021,26916000
197,2022,27633000
197,2023,28373000
198,1950,473000
198,1951,476000
198,1952,479000
198,1953,482000
198,1954,485000
198,1955,489000
198,1956,493000
198,1957,497000
198,1958,502000
198,1959,507000
198,1960,512000
198,1961,518000
198,1962,525000
198,1963,531000
198,1964,539000
198,1965,546000
198,1966,554000
198,1967,563000
198,1968,572000
198,1969,583000
198,1970,596000
198,1971,608000
198,1972,621000
198,1973,634000
198,1974,648000
198,1975,662000
198,1976,678000
198,1977,694000
198,1978,711000
198,1979,729000
198,1980,748000
198,1981,768000
198,1982,789000
198,1983,811000
198,1984,834000
198,1985,857000
198,1986,881000
198,1987,905000
198,1988,931000
198,1989,957000
198,1990,984000
198,1991,1011000
198,1992,1038000
198,1993,1066000
198,1994,1095000
198,1995,1123000
198,1996,1152000
198,1997,1181000
198,1998,1212000
198,1999,1243000
198,2000,1276000
198,2001,1310000
198,2002,1345000
198,2003,1382000
198,2004,1422000
198,2005,1463000
198,2006,1508000
198,2007,1556000
198,2008,1607000
198,2009,1662000
198,2010,1720000
198,2011,1782000
198,2012,1847000
198,2013,1913000
198,2014,1978000
198,2015,2041000
198,2016,2100000
198,2017,2157000
198,2018,2212000
198,2019,2268000
198,2020,2323000
198,2021,2377000
198,2022,2431000
198,2023,2485000
199,1950,12294000
199,1951,12543000
199,1952,12804000
199,1953,13069000
199,1954,13343000
199,1955,13630000
199,1956,13930000
199,1957,14242000
199,1958,14558000
199,1959,14892000
199,1960,15265000
199,1961,15662000
199,1962,16076000
199,1963,16508000
199,1964,16955000
199,1965,17428000
199,1966,17932000
199,1967,18463000
199,1968,19012000
199,1969,19570000
199,1970,20137000
199,1971,20696000
199,1972,21251000
199,1973,21828000
199,1974,22419000
199,1975,23021000
199,1976,23624000
199,1977,24229000
199,1978,24993000
199,1979,25887000
199,1980,26711000
199,1981,27501000
199,1982,28338000
199,1983,29251000
199,1984,30245000
199,1985,31265000
199,1986,32265000
199,1987,33299000
199,1988,34383000
199,1989,35487000
199,1990,36684000
199,1991,37926000
199,1992,39229000
199,1993,40656000
199,1994,42627000
199,1995,44434000
199,1996,45296000
199,1997,46030000
199,1998,47298000
199,1999,48913000
199,2000,50507000
199,2001,52133000
199,2002,53751000
199,2003,55344000
199,2004,56998000
199,2005,58776000
199,2006,60616000
199,2007,62478000
199,2008,64391000
199,2009,66412000
199,2010,68563000
199,2011,70849000
199,2012,73255000
199,2013,75789000
199,2014,78403000
199,2015,81036000
199,2016,83956000
199,2017,87083000
199,2018,90048000
199,2019,92947000
199,2020,95990000
199,2021,99149000
199,2022,102397000
199,2023,105790000
200,1950,4552000
200,1951,4603000
200,1952,4652000
200,1953,4706000
200,1954,4767000
200,1955,4833000
200,1956,4904000
200,1957,4981000
200,1958,5061000
200,1959,5145000
200,1960,5232000
200,1961,5302000
200,1962,5354000
200,1963,5408000
200,1964,5464000
200,1965,5522000
200,1966,5581000
200,1967,5642000
200,1968,5703000
200,1969,5764000
200,1970,5853000
200,1971,5991000
200,1972,6174000
200,1973,6389000
200,1974,6613000
200,1975,6843000
200,1976,7075000
200,1977,7318000
200,1978,7577000
200,1979,7847000
200,1980,8134000
200,1981,8436000
200,1982,8752000
200,1983,9083000
200,1984,9426000
200,1985,9779000
200,1986,10139000
200,1987,10498000
200,1988,10861000
200,1989,11239000
200,1990,11626000
200,1991,12024000
200,1992,12424000
200,1993,12827000
200,1994,13250000
200,1995,13700000
200,1996,14171000
200,1997,14660000
200,1998,15159000
200,1999,15667000
200,2000,16195000
200,2001,16747000
200,2002,17328000
200,2003,17944000
200,2004,18600000
200,2005,19291000
200,2006,20015000
200,2007,20779000
200,2008,21579000
200,2009,22415000
200,2010,23295000
200,2011,24218000
200,2012,25177000
200,2013,26166000
200,2014,27161000
200,2015,28158000
200,2016,29183000
200,2017,30235000
200,2018,31297000
200,2019,32376000
200,2020,33451000
200,2021,34532000
200,2022,35635000
200,2023,36750000
202,1950,7625000
202,1951,7813000
202,1952,8009000
202,1953,8213000
202,1954,8425000
202,1955,8645000
202,1956,8875000
202,1957,9116000
202,1958,9368000
202,1959,9629000
202,1960,9901000
202,1961,10188000
202,1962,10488000
202,1963,10800000
202,1964,11128000
202,1965,11471000
202,1966,11827000
202,1967,12200000
202,1968,12602000
202,1969,13037000
202,1970,13493000
202,1971,13971000
202,1972,14479000
202,1973,15010000
202,1974,15562000
202,1975,16138000
202,1976,16736000
202,1977,17353000
202,1978,17977000
202,1979,18592000
202,1980,19190000
202,1981,19785000
202,1982,20399000
202,1983,21080000
202,1984,21779000
202,1985,22502000
202,1986,23259000
202,1987,24030000
202,1988,24770000
202,1989,25439000
202,1990,26110000
202,1991,26780000
202,1992,27458000
202,1993,28333000
202,1994,29442000
202,1995,30383000
202,1996,30946000
202,1997,31578000
202,1998,32420000
202,1999,33300000
202,2000,34260000
202,2001,35198000
202,2002,36121000
202,2003,37090000
202,2004,38110000
202,2005,39182000
202,2006,40295000
202,2007,41436000
202,2008,42571000
202,2009,43634000
202,2010,44758000
202,2011,46029000
202,2012,47374000
202,2013,48824000
202,2014,50352000
202,2015,52021000
202,2016,53824000
202,2017,55653000
202,2018,57437000
202,2019,59175000
202,2020,60973000
202,2021,62830000
202,2022,64712000
202,2023,66618000
203,1950,346279000
203,1951,353870000
203,1952,361875000
203,1953,370105000
203,1954,378687000
203,1955,387701000
203,1956,396989000
203,1957,406254000
203,1958,415777000
203,1959,425781000
203,1960,435990000
203,1961,446565000
203,1962,457283000
203,1963,468139000
203,1964,479230000
203,1965,490140000
203,1966,500740000
203,1967,511606000
203,1968,522717000
203,1969,533881000
203,1970,545864000
203,1971,558096000
203,1972,570482000
203,1973,583466000
203,1974,597041000
203,1975,611310000
203,1976,625862000
203,1977,640801000
203,1978,655728000
203,1979,671156000
203,1980,687354000
203,1981,703696000
203,1982,720313000
203,1983,737373000
203,1984,754875000
203,1985,772648000
203,1986,790690000
203,1987,808931000
203,1988,827343000
203,1989,846040000
203,1990,864972000
203,1991,883928000
203,1992,902957000
203,1993,922118000
203,1994,941164000
203,1995,960301000
203,1996,979678000
203,1997,999134000
203,1998,1018665000
203,1999,1038226000
203,2000,1057923000
203,2001,1077899000
203,2002,1097600000
203,2003,1116803000
203,2004,1135992000
203,2005,1154676000
203,2006,1172879000
203,2007,1190676000
203,2008,1207931000
203,2009,1225525000
203,2010,1243482000
203,2011,1261225000
203,2012,1278675000
203,2013,1295830000
203,2014,1312277000
203,2015,1328024000
203,2016,1343944000
203,2017,1359657000
203,2018,1374659000
203,2019,1389030000
203,2020,1402618000
203,2021,1414204000
203,2022,1425423000
203,2023,1438070000
204,1950,41207000
204,1951,42022000
204,1952,42893000
204,1953,43791000
204,1954,44741000
204,1955,45768000
204,1956,46854000
204,1957,48005000
204,1958,49184000
204,1959,50442000
204,1960,51829000
204,1961,53310000
204,1962,54881000
204,1963,56504000
204,1964,58178000
204,1965,59903000
204,1966,61670000
204,1967,63511000
204,1968,65408000
204,1969,67294000
204,1970,69059000
204,1971,70277000
204,1972,71642000
204,1973,73722000
204,1974,75839000
204,1975,77854000
204,1976,79855000
204,1977,81867000
204,1978,83890000
204,1979,85935000
204,1980,88016000
204,1981,90303000
204,1982,92815000
204,1983,95335000
204,1984,97815000
204,1985,100254000
204,1986,102636000
204,1987,104959000
204,1988,107216000
204,1989,109434000
204,1990,111634000
204,1991,113787000
204,1992,115952000
204,1993,118132000
204,1994,120343000
204,1995,122600000
204,1996,124862000
204,1997,127198000
204,1998,129622000
204,1999,132108000
204,2000,134544000
204,2001,136806000
204,2002,138934000
204,2003,140970000
204,2004,142903000
204,2005,144716000
204,2006,146406000
204,2007,147989000
204,2008,149474000
204,2009,150874000
204,2010,152202000
204,2011,153591000
204,2012,155070000
204,2013,156532000
204,2014,157965000
204,2015,159383000
204,2016,160812000
204,2017,162186000
204,2018,163523000
204,2019,164913000
204,2020,166298000
204,2021,167659000
204,2022,169385000
204,2023,171467000
205,1950,17737000
205,1951,18070000
205,1952,18418000
205,1953,18780000
205,1954,19157000
205,1955,19550000
205,1956,19959000
205,1957,20383000
205,1958,20816000
205,1959,21264000
205,1960,21730000
205,1961,22211000
205,1962,22705000
205,1963,23213000
205,1964,23737000
205,1965,24279000
205,1966,24836000
205,1967,25406000
205,1968,25990000
205,1969,26585000
205,1970,27193000
205,1971,27807000
205,1972,28428000
205,1973,29026000
205,1974,29598000
205,1975,30177000
205,1976,30759000
205,1977,31356000
205,1978,31973000
205,1979,32597000
205,1980,33227000
205,1981,33859000
205,1982,34483000
205,1983,35163000
205,1984,35899000
205,1985,36623000
205,1986,37315000
205,1987,37972000
205,1988,38601000
205,1989,39215000
205,1990,39817000
205,1991,40394000
205,1992,40950000
205,1993,41502000
205,1994,42055000
205,1995,42605000
205,1996,43155000
205,1997,43709000
205,1998,44258000
205,1999,44788000
205,2000,45291000
205,2001,45771000
205,2002,46233000
205,2003,46667000
205,2004,47069000
205,2005,47438000
205,2006,47785000
205,2007,48125000
205,2008,48391000
205,2009,48660000
205,2010,49024000
205,2011,49420000
205,2012,49837000
205,2013,50263000
205,2014,50682000
205,2015,51089000
205,2016,51496000
205,2017,51895000
205,2018,52272000
205,2019,52641000
205,2020,53017000
205,2021,53387000
205,2022,53757000
205,2023,54134000
206,1950,6098000
206,1951,6257000
206,1952,6423000
206,1953,6594000
206,1954,6772000
206,1955,6960000
206,1956,7157000
206,1957,7363000
206,1958,7563000
206,1959,7756000
206,1960,7956000
206,1961,8164000
206,1962,8380000
206,1963,8602000
206,1964,8828000
206,1965,9056000
206,1966,9285000
206,1967,9507000
206,1968,9725000
206,1969,9948000
206,1970,10179000
206,1971,10423000
206,1972,10677000
206,1973,10936000
206,1974,11201000
206,1975,11472000
206,1976,11750000
206,1977,12036000
206,1978,12328000
206,1979,12628000
206,1980,12983000
206,1981,13399000
206,1982,13833000
206,1983,14286000
206,1984,14759000
206,1985,15252000
206,1986,15760000
206,1987,16277000
206,1988,16797000
206,1989,17315000
206,1990,17833000
206,1991,18342000
206,1992,18835000
206,1993,19323000
206,1994,19820000
206,1995,20331000
206,1996,20850000
206,1997,21375000
206,1998,21907000
206,1999,22436000
206,2000,22968000
206,2001,23527000
206,2002,24102000
206,2003,24680000
206,2004,25257000
206,2005,25836000
206,2006,26418000
206,2007,26998000
206,2008,27570000
206,2009,28125000
206,2010,28656000
206,2011,29162000
206,2012,29663000
206,2013,30174000
206,2014,30696000
206,2015,31233000
206,2016,31790000
206,2017,32356000
206,2018,32911000
206,2019,33441000
206,2020,33890000
206,2021,34282000
206,2022,34695000
206,2023,35126000
207,1950,25101000
207,1951,25600000
207,1952,26144000
207,1953,26758000
207,1954,27428000
207,1955,28166000
207,1956,28922000
207,1957,29754000
207,1958,30658000
207,1959,31586000
207,1960,32532000
207,1961,33409000
207,1962,34289000
207,1963,35249000
207,1964,36202000
207,1965,37130000
207,1966,38025000
207,1967,38895000
207,1968,39735000
207,1969,40582000
207,1970,41475000
207,1971,42449000
207,1972,43429000
207,1973,44410000
207,1974,45414000
207,1975,46483000
207,1976,47685000
207,1977,48955000
207,1978,50250000
207,1979,51378000
207,1980,52490000
207,1981,53738000
207,1982,55011000
207,1983,56338000
207,1984,57706000
207,1985,59061000
207,1986,60347000
207,1987,61585000
207,1988,62843000
207,1989,64147000
207,1990,65505000
207,1991,66892000
207,1992,68260000
207,1993,69586000
207,1994,70854000
207,1995,72050000
207,1996,73156000
207,1997,74227000
207,1998,75300000
207,1999,76287000
207,2000,77154000
207,2001,77969000
207,2002,78772000
207,2003,79564000
207,2004,80339000
207,2005,81088000
207,2006,82168000
207,2007,83633000
207,2008,85176000
207,2009,86460000
207,2010,87455000
207,2011,88468000
207,2012,89510000
207,2013,90573000
207,2014,91680000
207,2015,92823000
207,2016,9.4e+07
207,2017,95177000
207,2018,96237000
207,2019,97174000
207,2020,98079000
207,2021,98935000
207,2022,99681000
207,2023,100352000
208,1950,1013000
208,1951,1068000
208,1952,1126000
208,1953,1188000
208,1954,1252000
208,1955,1320000
208,1956,1391000
208,1957,1458000
208,1958,1516000
208,1959,1568000
208,1960,1619000
208,1961,1670000
208,1962,1721000
208,1963,1772000
208,1964,1821000
208,1965,1871000
208,1966,1919000
208,1967,1966000
208,1968,2010000
208,1969,2052000
208,1970,2092000
208,1971,2128000
208,1972,2164000
208,1973,2200000
208,1974,2235000
208,1975,2269000
208,1976,2301000
208,1977,2332000
208,1978,2361000
208,1979,2388000
208,1980,2437000
208,1981,2532000
208,1982,2627000
208,1983,2686000
208,1984,2721000
208,1985,2735000
208,1986,2745000
208,1987,2782000
208,1988,2849000
208,1989,2939000
208,1990,3040000
208,1991,3136000
208,1992,3226000
208,1993,3318000
208,1994,3418000
208,1995,3534000
208,1996,3665000
208,1997,3797000
208,1998,3901000
208,1999,3967000
208,2000,4035000
208,2001,4116000
208,2002,4147000
208,2003,4138000
208,2004,4173000
208,2005,4268000
208,2006,4407000
208,2007,4597000
208,2008,4807000
208,2009,4969000
208,2010,5077000
208,2011,5182000
208,2012,5293000
208,2013,5386000
208,2014,5458000
208,2015,5525000
208,2016,5578000
208,2017,5604000
208,2018,5634000
208,2019,5670000
208,2020,5620000
208,2021,5546000
208,2022,5650000
208,2023,5789000
209,1950,546219000
209,1951,556027000
209,1952,567496000
209,1953,580021000
209,1954,592681000
209,1955,606220000
209,1956,619345000
209,1957,633261000
209,1958,647249000
209,1959,655861000
209,1960,658070000
209,1961,659023000
209,1962,668141000
209,1963,687398000
209,1964,708160000
209,1965,727537000
209,1966,746680000
209,1967,764760000
209,1968,784334000
209,1969,805791000
209,1970,827306000
209,1971,848322000
209,1972,868068000
209,1973,887050000
209,1974,904860000
209,1975,920779000
209,1976,935144000
209,1977,948428000
209,1978,961151000
209,1979,974387000
209,1980,988372000
209,1981,1003035000
209,1982,1018999000
209,1983,1034571000
209,1984,1049447000
209,1985,1065492000
209,1986,1082988000
209,1987,1102018000
209,1988,1121086000
209,1989,1139871000
209,1990,1159495000
209,1991,1176779000
209,1992,1190706000
209,1993,1203593000
209,1994,1215435000
209,1995,1226710000
209,1996,1237654000
209,1997,1247972000
209,1998,1257791000
209,1999,1267224000
209,2000,1276723000
209,2001,1285944000
209,2002,1294144000
209,2003,1301845000
209,2004,1309470000
209,2005,1317430000
209,2006,1325494000
209,2007,1333307000
209,2008,1341378000
209,2009,1350136000
209,2010,1359227000
209,2011,1367970000
209,2012,1377309000
209,2013,1386871000
209,2014,1395882000
209,2015,1404122000
209,2016,1412095000
209,2017,1420447000
209,2018,1427139000
209,2019,1431677000
209,2020,1434279000
209,2021,1434616000
209,2022,1433350000
209,2023,1430742000
210,1950,86443000
210,1951,87850000
210,1952,89135000
210,1953,90324000
210,1954,91408000
210,1955,92425000
210,1956,93342000
210,1957,94109000
210,1958,94847000
210,1959,95623000
210,1960,96400000
210,1961,97218000
210,1962,98076000
210,1963,98958000
210,1964,99890000
210,1965,100916000
210,1966,101888000
210,1967,102966000
210,1968,104237000
210,1969,105475000
210,1970,106712000
210,1971,107952000
210,1972,109239000
210,1973,110615000
210,1974,112010000
210,1975,113321000
210,1976,114503000
210,1977,115574000
210,1978,116577000
210,1979,117522000
210,1980,118359000
210,1981,118994000
210,1982,119486000
210,1983,119949000
210,1984,120384000
210,1985,120832000
210,1986,121367000
210,1987,121944000
210,1988,122477000
210,1989,122947000
210,1990,123400000
210,1991,123890000
210,1992,124384000
210,1993,124840000
210,1994,125287000
210,1995,125673000
210,1996,125975000
210,1997,126266000
210,1998,126549000
210,1999,126802000
210,2000,127028000
210,2001,127260000
210,2002,127485000
210,2003,127671000
210,2004,127816000
210,2005,127913000
210,2006,127997000
210,2007,128088000
210,2008,128156000
210,2009,128192000
210,2010,128185000
210,2011,128096000
210,2012,127928000
210,2013,127724000
210,2014,127487000
210,2015,127276000
210,2016,127160000
210,2017,127065000
210,2018,126913000
210,2019,126699000
210,2020,126305000
210,2021,125679000
210,2022,124998000
210,2023,124371000
212,1950,38000
212,1951,39000
212,1952,39000
212,1953,40000
212,1954,41000
212,1955,42000
212,1956,43000
212,1957,44000
212,1958,45000
212,1959,46000
212,1960,47000
212,1961,48000
212,1962,50000
212,1963,51000
212,1964,52000
212,1965,53000
212,1966,54000
212,1967,55000
212,1968,56000
212,1969,56000
212,1970,58000
212,1971,59000
212,1972,60000
212,1973,61000
212,1974,61000
212,1975,61000
212,1976,61000
212,1977,60000
212,1978,60000
212,1979,60000
212,1980,61000
212,1981,62000
212,1982,63000
212,1983,64000
212,1984,65000
212,1985,66000
212,1986,68000
212,1987,70000
212,1988,71000
212,1989,73000
212,1990,75000
212,1991,76000
212,1992,78000
212,1993,79000
212,1994,80000
212,1995,81000
212,1996,83000
212,1997,84000
212,1998,86000
212,1999,87000
212,2000,89000
212,2001,90000
212,2002,92000
212,2003,94000
212,2004,96000
212,2005,98000
212,2006,1e+05
212,2007,102000
212,2008,104000
212,2009,106000
212,2010,109000
212,2011,111000
212,2012,112000
212,2013,114000
212,2014,115000
212,2015,117000
212,2016,118000
212,2017,120000
212,2018,122000
212,2019,124000
212,2020,126000
212,2021,128000
212,2022,130000
212,2023,133000
214,1950,21148000
214,1951,21606000
214,1952,22105000
214,1953,22644000
214,1954,23213000
214,1955,23795000
214,1956,24387000
214,1957,24994000
214,1958,25600000
214,1959,26227000
214,1960,26896000
214,1961,27601000
214,1962,28337000
214,1963,29092000
214,1964,29859000
214,1965,30629000
214,1966,31407000
214,1967,32196000
214,1968,32998000
214,1969,33812000
214,1970,34624000
214,1971,35433000
214,1972,36258000
214,1973,37102000
214,1974,37970000
214,1975,38875000
214,1976,39796000
214,1977,40749000
214,1978,41761000
214,1979,42819000
214,1980,43950000
214,1981,45147000
214,1982,46408000
214,1983,47786000
214,1984,49247000
214,1985,50735000
214,1986,52206000
214,1987,53674000
214,1988,55188000
214,1989,56711000
214,1990,58397000
214,1991,60029000
214,1992,61481000
214,1993,62916000
214,1994,64286000
214,1995,65653000
214,1996,67028000
214,1997,68432000
214,1998,69943000
214,1999,71521000
214,2000,73083000
214,2001,74652000
214,2002,76239000
214,2003,77854000
214,2004,79477000
214,2005,81101000
214,2006,82700000
214,2007,84276000
214,2008,85865000
214,2009,87502000
214,2010,89196000
214,2011,91093000
214,2012,93161000
214,2013,95334000
214,2014,97529000
214,2015,99597000
214,2016,101645000
214,2017,103696000
214,2018,105682000
214,2019,107553000
214,2020,109315000
214,2021,110957000
214,2022,112618000
214,2023,114536000
215,1950,439000
215,1951,471000
215,1952,506000
215,1953,544000
215,1954,584000
215,1955,626000
215,1956,669000
215,1957,714000
215,1958,761000
215,1959,808000
215,1960,853000
215,1961,898000
215,1962,941000
215,1963,985000
215,1964,1036000
215,1965,1099000
215,1966,1178000
215,1967,1271000
215,1968,1372000
215,1969,1473000
215,1970,1565000
215,1971,1645000
215,1972,1715000
215,1973,1778000
215,1974,1839000
215,1975,1899000
215,1976,1958000
215,1977,2019000
215,1978,2084000
215,1979,2154000
215,1980,2234000
215,1981,2326000
215,1982,2427000
215,1983,2537000
215,1984,2655000
215,1985,2779000
215,1986,2910000
215,1987,3048000
215,1988,3193000
215,1989,3350000
215,1990,3622000
215,1991,3915000
215,1992,4128000
215,1993,4348000
215,1994,4561000
215,1995,4752000
215,1996,4913000
215,1997,5046000
215,1998,5164000
215,1999,5276000
215,2000,5387000
215,2001,5499000
215,2002,5616000
215,2003,5742000
215,2004,5882000
215,2005,6030000
215,2006,6427000
215,2007,6827000
215,2008,6990000
215,2009,7142000
215,2010,7297000
215,2011,7480000
215,2012,7587000
215,2013,7992000
215,2014,8792000
215,2015,9545000
215,2016,10006000
215,2017,10234000
215,2018,10462000
215,2019,10672000
215,2020,10865000
215,2021,11066000
215,2022,11256000
215,2023,11439000
216,1950,68799000
216,1951,70286000
216,1952,71876000
216,1953,73569000
216,1954,75367000
216,1955,77274000
216,1956,79283000
216,1957,81391000
216,1958,83593000
216,1959,85893000
216,1960,88296000
216,1961,90791000
216,1962,93376000
216,1963,96051000
216,1964,98834000
216,1965,101365000
216,1966,103793000
216,1967,106526000
216,1968,109450000
216,1969,112518000
216,1970,115657000
216,1971,118834000
216,1972,122040000
216,1973,125289000
216,1974,128555000
216,1975,131844000
216,1976,135174000
216,1977,138534000
216,1978,141953000
216,1979,145435000
216,1980,148951000
216,1981,152485000
216,1982,156052000
216,1983,159651000
216,1984,163251000
216,1985,166776000
216,1986,170175000
216,1987,173511000
216,1988,176855000
216,1989,180202000
216,1990,183501000
216,1991,186778000
216,1992,190044000
216,1993,193305000
216,1994,196592000
216,1995,199888000
216,1996,203204000
216,1997,206536000
216,1998,209827000
216,1999,213005000
216,2000,216078000
216,2001,219098000
216,2002,222088000
216,2003,225048000
216,2004,227927000
216,2005,230872000
216,2006,233952000
216,2007,237062000
216,2008,240158000
216,2009,243220000
216,2010,246305000
216,2011,249470000
216,2012,252699000
216,2013,255852000
216,2014,258877000
216,2015,261799000
216,2016,264627000
216,2017,267347000
216,2018,269952000
216,2019,272489000
216,2020,274815000
216,2021,276758000
216,2022,278831000
216,2023,281190000
218,1950,13742000
218,1951,14083000
218,1952,14483000
218,1953,14898000
218,1954,15319000
218,1955,15728000
218,1956,16160000
218,1957,16641000
218,1958,17104000
218,1959,17516000
218,1960,17899000
218,1961,18263000
218,1962,18614000
218,1963,18964000
218,1964,19322000
218,1965,19686000
218,1966,20054000
218,1967,20409000
218,1968,20734000
218,1969,21038000
218,1970,21440000
218,1971,21896000
218,1972,22231000
218,1973,22512000
218,1974,22824000
218,1975,23149000
218,1976,23456000
218,1977,23730000
218,1978,23979000
218,1979,24237000
218,1980,24534000
218,1981,24845000
218,1982,25140000
218,1983,25413000
218,1984,25670000
218,1985,25927000
218,1986,26211000
218,1987,26541000
218,1988,26928000
218,1989,27366000
218,1990,27789000
218,1991,28157000
218,1992,28500000
218,1993,28831000
218,1994,29147000
218,1995,29459000
218,1996,29767000
218,1997,30059000
218,1998,30330000
218,1999,30599000
218,2000,30892000
218,2001,31214000
218,2002,31536000
218,2003,31836000
218,2004,32133000
218,2005,32440000
218,2006,32759000
218,2007,33092000
218,2008,33449000
218,2009,33826000
218,2010,34197000
218,2011,34555000
218,2012,34923000
218,2013,35293000
218,2014,35634000
218,2015,35962000
218,2016,36353000
218,2017,36808000
218,2018,37295000
218,2019,37783000
218,2020,38172000
218,2021,38454000
218,2022,38821000
218,2023,39299000
219,1950,4000
219,1951,5000
219,1952,5000
219,1953,5000
219,1954,5000
219,1955,5000
219,1956,5000
219,1957,5000
219,1958,5000
219,1959,5000
219,1960,5000
219,1961,5000
219,1962,5000
219,1963,5000
219,1964,5000
219,1965,5000
219,1966,5000
219,1967,5000
219,1968,5000
219,1969,6000
219,1970,6000
219,1971,6000
219,1972,6000
219,1973,6000
219,1974,6000
219,1975,6000
219,1976,6000
219,1977,6000
219,1978,6000
219,1979,6000
219,1980,6000
219,1981,6000
219,1982,6000
219,1983,6000
219,1984,6000
219,1985,6000
219,1986,6000
219,1987,6000
219,1988,6000
219,1989,6000
219,1990,6000
219,1991,6000
219,1992,6000
219,1993,6000
219,1994,6000
219,1995,6000
219,1996,6000
219,1997,6000
219,1998,6000
219,1999,6000
219,2000,6000
219,2001,6000
219,2002,6000
219,2003,6000
219,2004,6000
219,2005,6000
219,2006,6000
219,2007,6000
219,2008,6000
219,2009,6000
219,2010,6000
219,2011,6000
219,2012,6000
219,2013,6000
219,2014,6000
219,2015,6000
219,2016,6000
219,2017,6000
219,2018,6000
219,2019,6000
219,2020,6000
219,2021,6000
219,2022,6000
219,2023,6000
220,1950,1000
220,1951,2000
220,1952,2000
220,1953,2000
220,1954,2000
220,1955,2000
220,1956,2000
220,1957,2000
220,1958,2000
220,1959,3000
220,1960,3000
220,1961,3000
220,1962,3000
220,1963,4000
220,1964,4000
220,1965,4000
220,1966,5000
220,1967,5000
220,1968,6000
220,1969,6000
220,1970,6000
220,1971,7000
220,1972,7000
220,1973,8000
220,1974,8000
220,1975,9000
220,1976,10000
220,1977,10000
220,1978,11000
220,1979,12000
220,1980,12000
220,1981,13000
220,1982,15000
220,1983,16000
220,1984,18000
220,1985,19000
220,1986,21000
220,1987,23000
220,1988,24000
220,1989,26000
220,1990,28000
220,1991,30000
220,1992,32000
220,1993,32000
220,1994,32000
220,1995,32000
220,1996,32000
220,1997,31000
220,1998,31000
220,1999,31000
220,2000,31000
220,2001,31000
220,2002,31000
220,2003,31000
220,2004,32000
220,2005,32000
220,2006,32000
220,2007,33000
220,2008,33000
220,2009,33000
220,2010,34000
220,2011,34000
220,2012,35000
220,2013,36000
220,2014,37000
220,2015,37000
220,2016,38000
220,2017,39000
220,2018,40000
220,2019,40000
220,2020,41000
220,2021,42000
220,2022,42000
220,2023,43000
221,1950,3000
221,1951,3000
221,1952,3000
221,1953,3000
221,1954,3000
221,1955,4000
221,1956,4000
221,1957,4000
221,1958,4000
221,1959,4000
221,1960,4000
221,1961,4000
221,1962,5000
221,1963,5000
221,1964,5000
221,1965,5000
221,1966,5000
221,1967,5000
221,1968,6000
221,1969,6000
221,1970,6000
221,1971,6000
221,1972,6000
221,1973,7000
221,1974,7000
221,1975,7000
221,1976,7000
221,1977,8000
221,1978,8000
221,1979,8000
221,1980,8000
221,1981,8000
221,1982,9000
221,1983,11000
221,1984,14000
221,1985,16000
221,1986,19000
221,1987,21000
221,1988,24000
221,1989,26000
221,1990,28000
221,1991,29000
221,1992,29000
221,1993,29000
221,1994,29000
221,1995,29000
221,1996,29000
221,1997,29000
221,1998,29000
221,1999,29000
221,2000,30000
221,2001,31000
221,2002,32000
221,2003,32000
221,2004,33000
221,2005,34000
221,2006,35000
221,2007,35000
221,2008,36000
221,2009,37000
221,2010,37000
221,2011,37000
221,2012,37000
221,2013,37000
221,2014,37000
221,2015,37000
221,2016,37000
221,2017,37000
221,2018,36000
221,2019,34000
221,2020,32000
221,2021,30000
221,2022,29000
221,2023,28000
222,1950,7017000
222,1951,7073000
222,1952,7125000
222,1953,7171000
222,1954,7213000
222,1955,7262000
222,1956,7316000
222,1957,7367000
222,1958,7414000
222,1959,7454000
222,1960,7485000
222,1961,7520000
222,1962,7562000
222,1963,7604000
222,1964,7661000
222,1965,7733000
222,1966,7806000
222,1967,7866000
222,1968,7912000
222,1969,7968000
222,1970,8043000
222,1971,8098000
222,1972,8122000
222,1973,8137000
222,1974,8161000
222,1975,8193000
222,1976,8222000
222,1977,8252000
222,1978,8276000
222,1979,8294000
222,1980,8310000
222,1981,8320000
222,1982,8325000
222,1983,8329000
222,1984,8336000
222,1985,8350000
222,1986,8370000
222,1987,8398000
222,1988,8436000
222,1989,8493000
222,1990,8559000
222,1991,8617000
222,1992,8668000
222,1993,8718000
222,1994,8780000
222,1995,8826000
222,1996,8840000
222,1997,8846000
222,1998,8851000
222,1999,8858000
222,2000,8872000
222,2001,8896000
222,2002,8925000
222,2003,8958000
222,2004,8994000
222,2005,9030000
222,2006,9081000
222,2007,9148000
222,2008,9220000
222,2009,9299000
222,2010,9378000
222,2011,9449000
222,2012,9519000
222,2013,9601000
222,2014,9696000
222,2015,9799000
222,2016,9923000
222,2017,10058000
222,2018,10175000
222,2019,10279000
222,2020,10354000
222,2021,10416000
222,2022,10487000
222,2023,10551000
223,1950,3265000
223,1951,3296000
223,1952,3328000
223,1953,3361000
223,1954,3394000
223,1955,3429000
223,1956,3461000
223,1957,3492000
223,1958,3523000
223,1959,3553000
223,1960,3581000
223,1961,3610000
223,1962,3639000
223,1963,3666000
223,1964,3694000
223,1965,3723000
223,1966,3753000
223,1967,3784000
223,1968,3816000
223,1969,3847000
223,1970,3875000
223,1971,3903000
223,1972,3933000
223,1973,3961000
223,1974,3985000
223,1975,4007000
223,1976,4026000
223,1977,4043000
223,1978,4059000
223,1979,4073000
223,1980,4086000
223,1981,4100000
223,1982,4115000
223,1983,4128000
223,1984,4140000
223,1985,4152000
223,1986,4167000
223,1987,4187000
223,1988,4209000
223,1989,4227000
223,1990,4241000
223,1991,4262000
223,1992,4286000
223,1993,4312000
223,1994,4336000
223,1995,4359000
223,1996,4381000
223,1997,4405000
223,1998,4431000
223,1999,4462000
223,2000,4491000
223,2001,4514000
223,2002,4538000
223,2003,4565000
223,2004,4592000
223,2005,4623000
223,2006,4660000
223,2007,4709000
223,2008,4768000
223,2009,4829000
223,2010,4889000
223,2011,4953000
223,2012,5018000
223,2013,5080000
223,2014,5137000
223,2015,5190000
223,2016,5236000
223,2017,5277000
223,2018,5312000
223,2019,5348000
223,2020,5379000
223,2021,5408000
223,2022,5457000
223,2023,5519000
224,1950,6629000
224,1951,6757000
224,1952,6892000
224,1953,7034000
224,1954,7181000
224,1955,7332000
224,1956,7490000
224,1957,7651000
224,1958,7816000
224,1959,7983000
224,1960,8153000
224,1961,8325000
224,1962,8497000
224,1963,8670000
224,1964,8843000
224,1965,9013000
224,1966,9182000
224,1967,9349000
224,1968,9515000
224,1969,9680000
224,1970,9845000
224,1971,10010000
224,1972,10175000
224,1973,10340000
224,1974,10506000
224,1975,10672000
224,1976,10838000
224,1977,11006000
224,1978,11173000
224,1979,11340000
224,1980,11509000
224,1981,11679000
224,1982,11850000
224,1983,12026000
224,1984,12208000
224,1985,12395000
224,1986,12589000
224,1987,12790000
224,1988,12999000
224,1989,13215000
224,1990,13437000
224,1991,13662000
224,1992,13885000
224,1993,14102000
224,1994,14316000
224,1995,14527000
224,1996,14734000
224,1997,14932000
224,1998,15128000
224,1999,15319000
224,2000,15504000
224,2001,15684000
224,2002,15858000
224,2003,16025000
224,2004,16187000
224,2005,16349000
224,2006,16509000
224,2007,16672000
224,2008,16839000
224,2009,17010000
224,2010,17181000
224,2011,17352000
224,2012,17519000
224,2013,17687000
224,2014,17864000
224,2015,18048000
224,2016,18267000
224,2017,18559000
224,2018,18893000
224,2019,19198000
224,2020,19371000
224,2021,19456000
224,2022,19553000
224,2023,19659000
227,1950,57000
227,1951,58000
227,1952,59000
227,1953,59000
227,1954,60000
227,1955,61000
227,1956,61000
227,1957,62000
227,1958,62000
227,1959,63000
227,1960,64000
227,1961,64000
227,1962,65000
227,1963,66000
227,1964,66000
227,1965,67000
227,1966,68000
227,1967,68000
227,1968,69000
227,1969,69000
227,1970,70000
227,1971,70000
227,1972,71000
227,1973,73000
227,1974,74000
227,1975,75000
227,1976,75000
227,1977,76000
227,1978,76000
227,1979,76000
227,1980,77000
227,1981,77000
227,1982,78000
227,1983,79000
227,1984,80000
227,1985,80000
227,1986,81000
227,1987,82000
227,1988,83000
227,1989,83000
227,1990,84000
227,1991,85000
227,1992,85000
227,1993,85000
227,1994,86000
227,1995,86000
227,1996,86000
227,1997,87000
227,1998,87000
227,1999,88000
227,2000,88000
227,2001,88000
227,2002,89000
227,2003,90000
227,2004,91000
227,2005,92000
227,2006,93000
227,2007,94000
227,2008,95000
227,2009,96000
227,2010,97000
227,2011,98000
227,2012,99000
227,2013,1e+05
227,2014,101000
227,2015,101000
227,2016,102000
227,2017,102000
227,2018,103000
227,2019,103000
227,2020,103000
227,2021,103000
227,2022,103000
227,2023,104000
228,1950,45000
228,1951,46000
228,1952,46000
228,1953,46000
228,1954,46000
228,1955,46000
228,1956,46000
228,1957,47000
228,1958,47000
228,1959,47000
228,1960,47000
228,1961,47000
228,1962,48000
228,1963,49000
228,1964,49000
228,1965,50000
228,1966,51000
228,1967,51000
228,1968,52000
228,1969,53000
228,1970,54000
228,1971,54000
228,1972,54000
228,1973,54000
228,1974,54000
228,1975,54000
228,1976,54000
228,1977,54000
228,1978,54000
228,1979,54000
228,1980,54000
228,1981,54000
228,1982,54000
228,1983,55000
228,1984,55000
228,1985,56000
228,1986,56000
228,1987,57000
228,1988,57000
228,1989,58000
228,1990,59000
228,1991,59000
228,1992,60000
228,1993,60000
228,1994,59000
228,1995,59000
228,1996,59000
228,1997,60000
228,1998,60000
228,1999,60000
228,2000,60000
228,2001,60000
228,2002,61000
228,2003,61000
228,2004,61000
228,2005,61000
228,2006,61000
228,2007,61000
228,2008,61000
228,2009,61000
228,2010,62000
228,2011,62000
228,2012,62000
228,2013,62000
228,2014,62000
228,2015,62000
228,2016,62000
228,2017,62000
228,2018,62000
228,2019,63000
228,2020,63000
228,2021,63000
228,2022,64000
228,2023,64000
231,1950,415000
231,1951,418000
231,1952,422000
231,1953,427000
231,1954,432000
231,1955,437000
231,1956,443000
231,1957,449000
231,1958,455000
231,1959,461000
231,1960,468000
231,1961,475000
231,1962,483000
231,1963,491000
231,1964,499000
231,1965,507000
231,1966,516000
231,1967,525000
231,1968,534000
231,1969,543000
231,1970,553000
231,1971,563000
231,1972,573000
231,1973,583000
231,1974,591000
231,1975,598000
231,1976,608000
231,1977,618000
231,1978,629000
231,1979,639000
231,1980,650000
231,1981,660000
231,1982,669000
231,1983,678000
231,1984,687000
231,1985,697000
231,1986,707000
231,1987,718000
231,1988,731000
231,1989,745000
231,1990,760000
231,1991,778000
231,1992,799000
231,1993,821000
231,1994,844000
231,1995,868000
231,1996,892000
231,1997,917000
231,1998,943000
231,1999,835000
231,2000,745000
231,2001,812000
231,2002,879000
231,2003,917000
231,2004,929000
231,2005,948000
231,2006,977000
231,2007,1005000
231,2008,1032000
231,2009,1059000
231,2010,1085000
231,2011,1110000
231,2012,1135000
231,2013,1159000
231,2014,1182000
231,2015,1205000
231,2016,1228000
231,2017,1252000
231,2018,1276000
231,2019,1301000
231,2020,1326000
231,2021,1350000
231,2022,1369000
231,2023,1384000
232,1950,2690000
232,1951,2730000
232,1952,2775000
232,1953,2829000
232,1954,2890000
232,1955,2952000
232,1956,3016000
232,1957,3080000
232,1958,3145000
232,1959,3212000
232,1960,3281000
232,1961,3348000
232,1962,3408000
232,1963,3462000
232,1964,3513000
232,1965,3563000
232,1966,3611000
232,1967,3656000
232,1968,3699000
232,1969,3738000
232,1970,3773000
232,1971,3809000
232,1972,3848000
232,1973,3887000
232,1974,3926000
232,1975,3966000
232,1976,4005000
232,1977,4042000
232,1978,4078000
232,1979,4113000
232,1980,4148000
232,1981,4184000
232,1982,4221000
232,1983,4259000
232,1984,4296000
232,1985,4330000
232,1986,4362000
232,1987,4390000
232,1988,4414000
232,1989,4434000
232,1990,4449000
232,1991,4458000
232,1992,4235000
232,1993,3904000
232,1994,3725000
232,1995,3716000
232,1996,3875000
232,1997,4018000
232,1998,4089000
232,1999,4130000
232,2000,4160000
232,2001,4179000
232,2002,4188000
232,2003,4179000
232,2004,4141000
232,2005,4096000
232,2006,4063000
232,2007,4013000
232,2008,3948000
232,2009,3880000
232,2010,3811000
232,2011,3742000
232,2012,3670000
232,2013,3611000
232,2014,3565000
232,2015,3519000
232,2016,3473000
232,2017,3429000
232,2018,3387000
232,2019,3346000
232,2020,3299000
232,2021,3245000
232,2022,3205000
232,2023,3185000
244,1950,102000
244,1951,104000
244,1952,107000
244,1953,110000
244,1954,113000
244,1955,116000
244,1956,119000
244,1957,123000
244,1958,126000
244,1959,129000
244,1960,132000
244,1961,134000
244,1962,136000
244,1963,139000
244,1964,141000
244,1965,142000
244,1966,144000
244,1967,146000
244,1968,148000
244,1969,149000
244,1970,151000
244,1971,152000
244,1972,153000
244,1973,154000
244,1974,155000
244,1975,155000
244,1976,156000
244,1977,156000
244,1978,156000
244,1979,156000
244,1980,157000
244,1981,157000
244,1982,157000
244,1983,157000
244,1984,157000
244,1985,157000
244,1986,157000
244,1987,156000
244,1988,156000
244,1989,156000
244,1990,156000
244,1991,155000
244,1992,155000
244,1993,154000
244,1994,154000
244,1995,153000
244,1996,152000
244,1997,150000
244,1998,149000
244,1999,147000
244,2000,146000
244,2001,145000
244,2002,146000
244,2003,148000
244,2004,150000
244,2005,151000
244,2006,153000
244,2007,154000
244,2008,155000
244,2009,156000
244,2010,157000
244,2011,159000
244,2012,161000
244,2013,163000
244,2014,165000
244,2015,167000
244,2016,168000
244,2017,169000
244,2018,182000
244,2019,190000
244,2020,185000
244,2021,185000
244,2022,185000
244,2023,185000
247,1950,48000
247,1951,51000
247,1952,54000
247,1953,58000
247,1954,61000
247,1955,65000
247,1956,70000
247,1957,74000
247,1958,79000
247,1959,84000
247,1960,88000
247,1961,93000
247,1962,97000
247,1963,101000
247,1964,106000
247,1965,111000
247,1966,116000
247,1967,121000
247,1968,126000
247,1969,131000
247,1970,135000
247,1971,138000
247,1972,142000
247,1973,147000
247,1974,153000
247,1975,158000
247,1976,164000
247,1977,169000
247,1978,175000
247,1979,180000
247,1980,186000
247,1981,192000
247,1982,198000
247,1983,205000
247,1984,212000
247,1985,219000
247,1986,226000
247,1987,234000
247,1988,241000
247,1989,248000
247,1990,255000
247,1991,263000
247,1992,270000
247,1993,277000
247,1994,284000
247,1995,291000
247,1996,298000
247,1997,305000
247,1998,312000
247,1999,319000
247,2000,326000
247,2001,333000
247,2002,340000
247,2003,347000
247,2004,353000
247,2005,359000
247,2006,365000
247,2007,371000
247,2008,378000
247,2009,385000
247,2010,392000
247,2011,399000
247,2012,406000
247,2013,411000
247,2014,417000
247,2015,422000
247,2016,428000
247,2017,433000
247,2018,438000
247,2019,443000
247,2020,447000
247,2021,452000
247,2022,455000
247,2023,459000
250,1950,43000
250,1951,44000
250,1952,45000
250,1953,46000
250,1954,47000
250,1955,49000
250,1956,50000
250,1957,51000
250,1958,53000
250,1959,54000
250,1960,55000
250,1961,56000
250,1962,56000
250,1963,57000
250,1964,58000
250,1965,58000
250,1966,59000
250,1967,59000
250,1968,59000
250,1969,59000
250,1970,59000
250,1971,59000
250,1972,59000
250,1973,59000
250,1974,60000
250,1975,61000
250,1976,61000
250,1977,62000
250,1978,62000
250,1979,62000
250,1980,62000
250,1981,62000
250,1982,63000
250,1983,63000
250,1984,63000
250,1985,64000
250,1986,64000
250,1987,63000
250,1988,63000
250,1989,63000
250,1990,64000
250,1991,67000
250,1992,69000
250,1993,71000
250,1994,73000
250,1995,76000
250,1996,78000
250,1997,81000
250,1998,84000
250,1999,86000
250,2000,89000
250,2001,90000
250,2002,91000
250,2003,92000
250,2004,93000
250,2005,94000
250,2006,95000
250,2007,97000
250,2008,98000
250,2009,99000
250,2010,1e+05
250,2011,101000
250,2012,102000
250,2013,103000
250,2014,103000
250,2015,104000
250,2016,105000
250,2017,106000
250,2018,106000
250,2019,107000
250,2020,107000
250,2021,108000
250,2022,108000
250,2023,108000
