iucn_sid,poly_range_km2
224,20911.104
225,502437.962
230,448704.657
233,574427.835
234,195738.627
235,603498.437
241,234236.567
244,5346634.505
245,1116638.134
903,1269845.759
904,550751.189
906,527038.743
907,470270.052
908,354972.834
1086,4724.888
1308,624921.716
1615,3286.816
1866,2175.118
2055,1590404.091
2057,106237.111
2058,17646049.104
2059,3789074.539
2060,757469.053
2061,1298127.865
2062,13406503.616
2113,5961.076
2467,3232248.01
2474,136060676.847
2475,168762748.491
2476,225096725.987
2477,207908026.9
2478,194660377.714
2480,171661499.705
2539,6251728.067
2621,131001.301
2636,1324072.164
2644,173302.877
2761,33181.311
2762,104013511.971
2763,22589548.954
2895,10503.12
2958,154.972
3381,38339376.719
3590,16894097.368
3764,71258.028
3778,72347636.066
3851,9993755.378
3852,13957199.054
3853,8381107.901
3854,8017583.412
3855,200289417.847
3897,153530878.972
3898,241334.84
4131,34849.599
4159,339803.304
4161,144991.014
4162,70759.484
4292,223337466.533
4360,95810.044
4361,37653.521
4362,303933.982
4363,30482.498
4364,853754.053
4615,256096698.189
4805,34561.344
4982,8743.402
5272,1089.946
5273,35478.043
5325,1656.132
5362,5519275.558
5363,3836322.449
5370,7918214.475
5659,1466956.176
5668,1209974.491
5675,209521.474
6204,7692755.903
6229,6914955.676
6335,9691441.876
6814,14422147.155
6909,6183832.035
7135,4123629.6
7750,2026050.496
7778,775549.223
7854,717008.86
7855,670774.526
7858,20438326.036
7859,4718680.075
7860,1692062.68
7861,3114078.236
7862,2623033.236
8005,307329877.134
8010,9537456.047
8097,2187311.173
8153,86853023.869
8239,5860521.533
8407,10871308.31
8408,411073.131
8551,208135368.89
8817,99380.132
9249,228614868.975
9250,133046654.154
9266,2346187.881
9461,236390599.362
9660,2052334.589
10030,9871492.565
10056,302.544
10057,988114.306
10060,373622.525
10063,659108.342
10064,524144.823
10065,478166.247
10066,15824272.43
10069,3350295.851
10070,14550832.914
10072,1443116.525
10074,584367.447
10077,77918.101
10082,3198649.413
10083,9810.483
10087,13330020.337
10088,129016.982
10089,750057.169
10097,6127099.506
10268,466785.95
10340,21451314.722
10707,24421371.058
10708,91323410.685
10724,806135.811
10939,186243.7
11047,254489752.267
11048,238621966.741
11060,23034.628
11130,3355619.267
11140,176015521.717
11141,10327851.4
11142,12456550.698
11143,1670845.78
11144,62373335.804
11145,15292544.631
11146,4206397.523
11150,9766166.368
11200,107235788.565
11206,2924270.225
11502,10507.425
11533,11322428.292
11534,79913232.515
11696,21451314.722
12125,10431934.397
12126,86196027.178
12137,227633.352
12246,20571070.058
12404,461428.337
12416,3734968.755
12417,4308124.685
12695,116194.195
13006,137032543.049
13145,4250.82
13232,128910.416
13241,14473718.684
13244,241514340.357
13245,45912565.478
13247,92510252.106
13249,86986565.822
13250,12250882.648
13251,21976519.153
13252,7768774.438
13581,10368262.187
13583,71054796.3
13653,449459.733
13654,284310.801
13704,3473855.211
13852,16151.493
14048,284494.158
14049,301343.988
14050,1038713.117
14051,235466.979
14052,234611.58
14053,293400.133
14054,1550318.571
14214,8708839.598
14264,137218.517
14521,329888.268
14524,697837.403
14549,426822.178
14562,1394.696
15106,3454882.166
15239,1225440.103
15269,20571070.058
15421,129501430.978
15873,5292541.74
15939,176162.032
16011,9230990.419
16012,2324172.165
16238,17539.785
16474,757466.964
16475,398846.714
16476,9913182.346
16503,253953.467
16564,176155488.408
16781,9038707.353
16870,5056.22
17023,7137928.434
17026,876091.013
17027,10241962.421
17028,8408.12
17029,951513.639
17032,21517116.678
17096,509220.737
17177,173344.813
17245,36135.754
17710,1098127.866
17977,79081.257
17978,281119.102
18145,75716.294
18374,19457.425
18383,61726.733
18510,72409.864
18546,1359.906
18596,194599621.058
18877,1772053.866
19387,169040.471
19388,3313899.154
19488,171596283.689
19735,304451.121
19798,6627.529
19855,12275880.656
19861,6298700.438
19896,15853.722
19897,14076.254
19898,3809.027
19899,3833.021
19950,2302317.967
20047,156777.596
20314,185618.839
20315,3617910.09
20316,2429843.572
20318,680381.814
20724,34561.344
20729,209877065.751
20730,29669470.479
20731,252079685.634
20732,48546485.905
20733,197673167.375
20738,209507959.705
20855,215396.093
20861,419326.701
21257,745967.894
21341,2055419.445
21342,1208010.321
21343,1681437.44
21500,57116074.178
21628,4565.77
21689,34849.599
21856,198892458.957
21857,210133369.583
21858,66269270.942
21859,219148072.203
21860,34523950.373
21994,3437157.948
22003,165264.196
22563,254238789.227
22823,22605413.562
23148,268008182.596
23211,291692193.058
23259,1113958.424
31382,6767371.904
33705,5371204.662
34364,3910095.869
39302,128284.03
39303,2369744.267
39324,4487893.604
39327,822195.94
39328,735119.321
39329,411932.033
39331,580736.423
39332,1765792.26
39333,479638.902
39334,1324887.048
39335,154612.432
39336,4358123.977
39337,154057577.739
39338,201492782.272
39339,18051420.725
39341,222991009.818
39342,31316460.229
39345,61581.363
39346,4262.549
39347,1088584.226
39348,43807.062
39349,303249.29
39350,246844.875
39351,782213.016
39352,5756182.085
39353,64885.433
39354,1107459.326
39355,848655.8
39356,816596.463
39357,1425045.625
39358,1701123.588
39359,2679555.395
39360,9668.578
39361,4834.536
39362,19509.22
39363,534576.395
39365,5939665.181
39366,4128512.949
39367,80734.146
39368,6230602.329
39369,1572173.759
39370,175677690.371
39371,527936.358
39372,9018406.081
39374,201875779.573
39375,5899794.757
39378,30121855.138
39379,238207.238
39380,2165480.948
39381,282702637.464
39382,1243057.089
39384,7786226.608
39385,31181693.392
39386,31444173.45
39387,1879082.268
39388,17880659.239
39389,1915039.505
39390,247556.699
39393,3514912.206
39394,522767.731
39396,429934.165
39399,3705490.543
39400,598780.869
39413,5850116.52
39414,115173.134
39416,534343.292
39771,578245.318
39773,12976639.267
39774,10978218.986
40635,107042398.734
40708,14520.019
40710,44920.014
40711,30482.479
40715,10866335.26
40773,74833.467
40797,3013963.875
40802,2156923.398
41006,3024641.97
41007,836845.766
41008,2600818.853
41010,12368650.127
41030,3.647
41064,498760.137
41664,11585916.211
41665,2397073.72
41666,1636417.127
41668,103083.934
41670,8048433.422
41671,9513331.132
41711,5990003.221
41712,16181808.719
41714,21799196.364
41715,36181118.961
41716,1716171.347
41718,202730.063
41719,1275143.867
41720,137538.8
41721,12501.321
41722,406186.473
41723,473400.276
41724,490728.446
41725,294798.93
41726,213001.777
41727,809446.922
41728,137011.608
41729,519038.101
41730,2307607.531
41731,171220.269
41732,85770.452
41733,410308.767
41735,1382652.498
41736,5793116.26
41737,5893650.039
41738,1200300.713
41739,1487187.746
41740,25936.328
41741,3017713.909
41743,621971.959
41745,2770335.792
41746,820702.352
41747,10919038.13
41749,3769529.548
41752,790603.715
41753,702176.844
41755,135354593.396
41759,2328162.388
41791,3350854.219
41792,709270.883
41793,15013.824
41794,3453350.598
41795,38946.386
41797,591270.185
41798,4441056.142
41799,683120.633
41800,810169.784
41801,4527557.363
41802,1884448.606
41804,44997.662
41805,52796.524
41806,553123.994
41807,376491.213
41808,124345.978
41809,55264.969
41810,9607300.886
41811,1248925.214
41812,281631.064
41814,505755.332
41816,3029324.492
41818,2857413.596
41819,1269.845
41820,1447893.453
41821,276239.109
41822,194325.07
41823,10589446.271
41824,106877.391
41826,1380547.596
41827,659127.612
41828,1078959.488
41829,2175856.075
41830,2127602.469
41831,5219752.176
41832,2776020.502
41835,4753666.866
41836,5391981.74
41837,890417.494
41838,360275.968
41839,581445.785
41840,1191598.969
41841,127259.002
41842,643198.444
41843,32215.671
41844,642376.734
41845,129020.297
41846,540963.929
41848,5182340.986
41850,7178991.375
41851,1361777.563
41852,1718601.89
41853,4194844.477
41855,843941.047
41856,534686.848
41857,1362144.466
41858,2522544.403
41860,3854.353
41861,16032.731
41862,779715.174
41863,382563.472
41864,449219.074
41866,115864.102
41870,17427.056
41871,7326764.077
41872,4043475.999
41873,724966.66
41874,5066754.86
41875,125181.834
41876,3321748.849
41878,5402440.705
41880,235923.587
42700,1497094.062
42701,586890.682
42703,10172.309
42704,855072.048
42706,366611.831
42707,316100.411
42709,18310.156
42710,165665.191
42711,198351.231
42712,205430.498
42713,472935.271
42716,202130.293
42717,222315.151
42718,6064.409
42720,281938.397
42721,543884.601
42722,281594.152
42723,311043.072
42725,493964.795
42726,410557.682
42727,362749.827
42728,419580.995
42729,613699.368
42730,16970.507
42838,713136.033
43972,8399329.347
43974,1345674.579
44170,778219.776
44171,14129.193
44183,1265571.044
44186,751330.995
44205,61246.638
44206,6311.797
44207,178532.731
44209,1130353.827
44210,47702.696
44211,10462.464
44212,63526.497
44214,5538.246
44215,435477.295
44216,1068925.351
44217,2520304.833
44218,55134.024
44219,261975.756
44221,124884.838
44222,767207.029
44223,647112.165
44224,191850.785
44225,1081366.377
44226,535167.329
44227,8914.279
44228,48457.299
44229,8127.923
44478,88452.147
44479,18973.531
44514,380831.902
44515,33863.763
44563,35271.627
44564,217.943
44565,2214736.503
44566,4890041.871
44567,15877.706
44568,129221.13
44570,110369.509
44571,183188.185
44572,20069.517
44573,101764.266
44574,247.25
44575,661911.349
44577,6055.132
44578,34525.841
44579,12741.868
44580,123859.914
44581,460576.021
44582,423491.057
44583,819808.546
44584,46061.869
44585,10000.571
44586,70910.761
44587,89716.431
44590,7092.518
44591,188252.81
44592,864881.522
44595,510681.242
44596,36159.006
44597,1094815.861
44598,230298.92
44599,28618.793
44600,7346.898
44601,8574.001
44602,103548.92
44603,233555.652
44604,51.403
44606,121804.348
44607,19967.788
44608,17196.356
44609,229290.243
44610,8308.97
44611,45125.23
44612,81239.051
44613,92049.251
44614,134336.043
44615,125229.836
44617,90749.206
44618,263993.802
44619,880885.123
44620,143851.982
44621,414341.416
44639,299344.011
44641,950651.181
44642,479106.845
44643,2003.962
44644,216495.133
44645,25735.037
44647,100961.268
44649,330062.186
44650,897720.907
44651,555608.074
44652,157366.889
44653,84261.787
44654,67883.289
44655,48291.04
44656,22592.535
44657,109352.174
44666,626529.905
44671,204947.836
44672,1364515.966
44673,16382449.459
44674,14288819.865
44675,412794.982
44676,129407.437
44677,158843.9
44678,201538.934
44681,3258885.569
44682,2984141.376
44683,3530050.683
44684,9874312.548
44686,585821.268
44993,1066642.045
44996,1483257.481
45925,107815.609
46864,2697977.888
46865,962199.986
60080,122343.147
60081,146002.885
60082,116284.531
60083,76592.368
60084,43993.645
60085,49887.481
60087,237610.291
60088,416189.65
60089,45642.138
60090,111139.058
60091,37221.358
60092,200589.603
60093,229216.502
60094,149399.764
60097,18166.164
60098,2811.223
60099,57879.004
60100,38374.83
60101,41329.725
60102,437307.604
60103,31884.846
60104,35586.31
60105,394259.484
60106,150776.043
60107,57050.553
60108,968785.493
60109,791782.882
60110,18213.673
60111,1189113.603
60112,385342.22
60113,1358848.87
60116,43075.654
60117,3332588.433
60118,5183.766
60120,866539.716
60121,4260213.486
60123,27620.612
60124,411746.068
60125,103685.855
60126,7028.151
60127,1064142.657
60128,1422570.735
60129,1954596.566
60130,140078.631
60131,10600.2
60132,270737.528
60134,411708.961
60135,824558.825
60136,709335.693
60138,260619.47
60139,1156652.734
60140,5102379.933
60141,82812.501
60142,144535.382
60143,373851.477
60144,444389.119
60145,1233329.508
60146,1090838.094
60147,370019.183
60148,950644.273
60150,522244.451
60151,40279.169
60152,197445.502
60153,104748.102
60154,276081.586
60155,7769.082
60156,187946.865
60157,118767.246
60158,292361.477
60159,1182017.598
60161,669136.872
60162,7077151.573
60163,31056.484
60164,892.143
60166,714857.047
60167,169389.537
60168,73929.88
60169,6308.064
60170,278339.709
60171,432101.509
60172,259496.724
60175,1293706.031
60176,5864.21
60177,419952.614
60178,176221.946
60179,3306.455
60180,126142.069
60181,17239.733
60182,275026.296
60183,99181.239
60184,1621.018
60185,228890.79
60186,58118.029
60187,2420852.681
60188,139431.126
60189,383161.148
60190,374772.445
60191,884744.936
60193,197816.581
60194,151884.521
60196,74175.859
60197,918362.596
60198,9516953.198
60199,205118890.878
60200,192890103.986
60201,1036418.892
60202,720095.385
60203,979124.383
60204,1370959.182
60205,16666.604
60206,104820.404
60208,75151.516
60209,457262.565
60210,230219207.813
60211,241696.911
60212,576738.862
60213,9169103.352
60214,1117086.869
60215,4170170.458
60217,2311061.386
60218,188330.383
60219,3259846.319
60225,186582964.802
60226,20796.482
60227,880739.802
60228,36319.163
60229,1442.2
60231,771459.579
60232,46870.84
60233,355999.122
60234,239836.037
60235,89389.365
60236,3267330.435
60237,192205.547
60238,258.927
60239,182829.293
60240,2962.799
60241,137730.932
60242,2101667.94
60243,39505.138
60244,76615.766
60245,555449.785
60246,206097.529
60247,299821.392
60324,2781308.249
60344,12102476.902
60447,516212.963
61207,4642866.523
61213,1166125.207
61250,17208888.147
61278,2618629.783
61314,27229.255
61333,228406.939
61334,238463.325
61336,1715738.364
61337,638485.064
61338,15262318.218
61339,16995088.08
61398,552468.744
61400,136848.772
61401,8989.022
61402,52444.996
61403,117170.041
61404,320798.929
61405,306690.232
61406,248669.865
61407,1790747.175
61408,1710718.529
61416,960642.322
61417,867546.395
61418,1102330.651
61419,505847.696
61743,515053.199
62222,111162.867
62224,1540324.777
62225,3620511.828
62256,2373393.855
63100,1434731.821
63101,461487.397
63102,1151621.363
63103,974001.33
63104,1302595.098
63106,516489.493
63107,1399647.171
63108,3599756.345
63109,649139.759
63110,738204.158
63111,1058332.979
63112,33184.777
63113,1255378.678
63114,1878979.369
63115,4651.791
63116,1176521.125
63117,846527.529
63119,10336447.724
63120,504244.478
63121,567045.181
63122,893282.011
63123,1942654.812
63124,51435.515
63125,367342.705
63126,1133296.508
63127,2871520.381
63128,28044.749
63129,64389.639
63130,69460.617
63131,971245.034
63133,2453.224
63135,17710.941
63137,65704.374
63140,102110.065
63141,2218479.713
63142,1463740.575
63143,650793.61
63144,1115234.036
63145,499716.947
63146,1422284.296
63148,82995.609
63149,44777.732
63151,5690.418
63153,1684271.398
63154,6316.363
63155,109190.135
63156,1236.559
63157,184227.598
63158,63396.373
63159,2902.427
63160,3313.951
63161,105725.374
63162,44.752
63164,920.072
63165,492474.906
63166,4387.531
63167,11575.105
63361,78694.27
63570,175283.003
63571,14366816.25
63852,50539.369
64398,170014.721
64399,9523.531
64400,2446462.332
64401,270327.351
64402,137193.188
64405,8681.001
64406,430096.492
64407,1197422.465
64408,339279.11
64409,537567.127
64410,3382463.823
64411,10583329.149
64412,14117763.989
64442,354.413
132722,2518502.117
132723,10082212.427
132724,3552781.603
132725,9611838.479
132726,3872323.733
132727,3483550.742
132728,728043.195
132729,1251246.72
132730,1108638.769
132731,3621179.285
132732,16564504.842
132733,1127710.267
132734,1388711.754
132735,3131600.55
132736,5624517.042
132737,14133686.657
132738,17718219.107
132739,8715448.165
132741,13724452.479
132742,909696.616
132743,6814529.286
132744,1316276.231
132745,8867960.014
132746,9806476.586
132747,11423249.076
132748,3496181.774
132749,863992.636
132750,1303460.255
132751,13098344.736
132752,1716955.77
132753,941580.705
132754,1260207.995
132755,3010534.837
132756,6421197.302
132757,15397154.367
132758,13392852.872
132759,1010442.144
132760,588293.469
132761,2777094.848
132762,3040351.525
132763,9740081.083
132764,3076945.01
132765,995852.657
132766,13597437.38
132767,1303624.564
132769,2326463.49
132770,2993519.225
132771,2609529.276
132772,7420341.362
132773,4260791.539
132774,15045917.674
132776,5962514.81
132777,1336235.356
132778,12172811.671
132779,404894.836
132780,8394020.497
132781,19858031.675
132782,2547231.206
132783,13317203.291
132784,2126638.458
132785,4259694.032
132786,2225999.386
132787,16809843.399
132788,18314518.142
132789,7848618.065
132790,1181535.237
132791,3793048.733
132792,3439793.781
132793,1079055.036
132794,2958100.05
132795,352518.082
132796,2811400.192
132797,368728.766
132798,4615998.343
132799,11145845.008
132800,11853885.655
132801,1932946.992
132802,3612683.69
132803,364493.314
132804,12563239.32
132805,5962440.943
132806,3490036.538
132807,1310985.876
132808,7861271.016
132809,1069373.79
132810,10843095.951
132811,1247490.2
132813,4965474.231
132814,16042143.925
132815,10077715.888
132816,2041261.447
132817,21452725.41
132818,8795831.381
132819,4252745.327
132820,1107394.299
132821,1168857.924
132822,1218288.127
132824,4575780.238
132825,12949701.763
132826,7320784.033
132827,2870621.508
132828,1638569.998
132829,6103149.712
132830,1251895.266
132859,9568981.259
132860,4597853.118
132861,264563.327
132862,8898767.189
132864,17899295.818
132865,502792.52
132866,14133453.858
132867,5030406.798
132868,801490.074
132869,18347675.098
132870,9655594.345
132871,4512863.788
132872,8898971.553
132873,10526791.586
132874,2501932.634
132875,6495482.196
132876,8584376.456
132877,5952964.747
132878,14690495.786
132879,6687214.528
132880,17727897.911
132881,15611051.427
132882,388983.758
132883,19677331.563
132884,2545607.362
132885,19470419.387
132886,5500742.529
132887,17727509.044
132888,18118677.903
132889,1814287.913
132890,12425724.017
132891,385024.167
132892,6830991.597
132893,2741567.207
132894,16144214.533
132895,13304074.536
132896,11020100.184
132897,7654904.906
132898,579837.88
132899,4205473.716
132900,16404124.53
132901,4760535.802
132902,1922136.87
132903,13368023.676
132904,14420982.856
132905,13931023.407
132907,8133101.899
132909,7919664.436
132910,18483594.556
132911,21309505.633
132912,90819.001
132913,1735173.317
132915,592796.02
132916,11012011.765
132917,21669538.258
132918,2492535.497
132919,8340676.765
132920,5659346.154
132921,977275.55
132922,21259021.753
132923,16291070.369
132924,9378801.615
132925,8356959.65
132926,396759.157
132927,8385853.044
132928,16713290.773
132929,7819568.425
132930,5559749.419
132931,11643357.693
132932,7766166.066
132933,9902012.466
132934,88576.908
132935,7008152.352
132936,21365034.32
132937,5136723.844
132938,11648155.29
132939,5841399.482
132940,16419225.76
132941,133549.983
132942,412811.101
132943,760275.103
132944,14245094.271
132945,116833.311
132947,9210802.402
132948,18058953.074
132949,8434547.522
132950,36595.478
132951,684785.926
132953,431638.501
132954,16917690.029
132955,576285.717
132956,12926033.295
132957,6846343.185
132958,1337425.91
132959,305318.069
132960,11380197.637
132961,98877.498
132962,1487847.728
132963,2595433.577
132964,3159596.031
132965,522178.622
132967,10573380.463
132968,4041118.53
132969,16829726.412
132970,2403423.798
132971,838693.06
132972,13729142.76
132973,7951627.903
132974,4452843.858
132975,19721460.873
132976,17808877.97
132977,2662022.204
132978,18061783.011
132979,20186227.728
132980,20059563.933
132981,3243070.37
132982,10345.616
132983,14302957.801
132984,5915462.538
132985,7497919.222
132986,19255418.185
132987,19289613.56
132988,17518301.407
132990,7908259.914
132991,10717739.875
132993,10154460.138
132994,7477593.24
132995,9995135.149
132996,1527905.389
132997,17678517.294
132999,142183.505
133001,13107052.4
133002,9774805.63
133003,10602431.408
133004,19958.717
133005,685104.244
133006,2447269.876
133007,7073791.483
133008,7300868.068
133009,704592.859
133010,15795881.529
133011,7518100.06
133012,2552415.52
133013,17321944.186
133014,7032252.398
133015,18185005.552
133016,16528450.819
133019,4182953.502
133022,6805603.782
133023,20245901.793
133024,16578623.798
133025,17865052.482
133026,6318725.964
133027,3898218.352
133028,16970255.105
133029,21364146.813
133031,13069943.903
133032,8067724.746
133033,18953529.077
133034,17939188.617
133036,10077993.099
133037,2233747.9
133038,18067591.915
133039,1947943.765
133040,9223637.985
133041,20029113.095
133042,2270535.73
133043,18000827.659
133044,6110197.039
133045,4942340.06
133046,8430866.957
133047,2391031.38
133048,12727172.512
133049,20353763.536
133051,9387576.269
133052,875393.019
133053,2679526.679
133054,16786065.158
133055,18793665.449
133056,724887.52
133057,5507648.968
133058,17679846.852
133059,11558466.094
133060,16258201.475
133062,2406189.615
133063,14922411.099
133064,6362536.108
133065,19253929.472
133066,20564261.673
133067,9472342.594
133068,20490010.478
133069,12537192.966
133070,10792024.804
133071,19562498.277
133072,431364.307
133074,2339638.168
133075,11352928.509
133076,12581015.244
133077,804582.992
133078,8454534.837
133079,1999960.47
133081,10500610.88
133082,22207455.609
133083,10530698.127
133084,18006261.95
133085,1736930.597
133086,2940989.799
133087,14232657.849
133088,20387976.891
133089,9066699.835
133091,19600473.292
133092,6636447.669
133093,8787906.966
133095,17598028.357
133096,1145333.158
133098,17143090.032
133099,11092297.036
133100,2348847.358
133101,10611564.323
133102,2604681.939
133104,18645.609
133105,18320395.396
133107,11405765.975
133108,1744097.014
133109,6299201.284
133110,15112019.573
133111,432708.468
133112,8389366.582
133113,7487772.076
133114,1962217.839
133115,10514134.193
133116,9011521.409
133117,6448850.657
133118,9823408.43
133119,95258.342
133120,19706250.413
133122,1964790.912
133123,7417935.866
133124,2298714.591
133125,4725453.354
133126,9264069.432
133127,18663307.418
133128,891838.033
133129,15959659.203
133131,9463061.208
133132,16231886.789
133133,10011630.296
133134,2503644.127
133135,5255506.022
133136,8902335.195
133137,3906552.144
133139,17609921.117
133141,657894.541
133142,1825039.661
133143,887701.85
133144,3760809.229
133145,6189287.446
133146,19091624.526
133147,15607984.958
133148,16780783.522
133149,1125374.917
133150,8816140.365
133151,904853.888
133152,13671834.004
133153,3045197.143
133154,5003969.565
133155,2526967.029
133156,15662620.856
133157,15740996.991
133158,16753652.219
133161,12115533.939
133162,9381672.963
133163,692374.286
133164,5885255.117
133165,2807986.486
133166,14631151.493
133167,21608848.849
133168,2366145.285
133169,866947.003
133170,203653.04
133171,16894241.877
133172,20560598.861
133173,12297712.276
133174,2758503.361
133175,20131053.485
133176,15159246.56
133177,12775822.199
133178,15603731.671
133179,11627723.877
133180,8884032.876
133181,4692953.794
133182,11985608.171
133183,19103501.06
133184,763135.438
133185,6589960.985
133186,17271104.653
133187,3186417.62
133188,16798385.484
133190,7017027.856
133191,7068465.02
133192,12346617.382
133193,19331652.921
133194,17085320.652
133195,2201205.252
133196,14532008.276
133198,11949187.588
133199,431435.56
133200,18731858.799
133201,19300292.767
133202,386985.765
133203,6983718.515
133204,3041896.443
133205,7982432.05
133206,934103.515
133209,19522850.833
133210,20858538.465
133211,7614745.074
133212,2540659.412
133213,11074578.928
133215,19346588.512
133216,23064253.93
133217,2404676.929
133218,5283892.969
133219,4404075.295
133220,16270161.294
133222,22381034.471
133223,14650739.084
133224,2640657.1
133225,11160641.635
133226,5683895.219
133227,15648740.908
133228,483599.734
133229,382177.058
133230,17868035.803
133231,17956792.587
133232,9411798.053
133233,7772980.795
133234,1303007.016
133235,2547796.889
133236,9013117.109
133237,3255160.828
133238,19340995.854
133239,21923114.016
133240,20414204.709
133241,2883637.533
133242,16616365.469
133243,11691649.374
133244,20662829.03
133245,17047969.235
133246,20253718.64
133247,3798300.282
133249,9364173.821
133251,1275702.132
133252,10779530.273
133253,13339702.813
133254,88661.09
133255,3266035.657
133256,18389241.518
133257,2533381.82
133258,17819395.583
133259,12603572.27
133260,15313866.439
133261,8915601.284
133262,15537592.336
133263,1227199.218
133264,319832.405
133267,16405915.836
133268,5470419.393
133269,10287926.122
133270,1372747.119
133272,13920369.465
133276,1632777.775
133277,17929521.849
133281,2527252.979
133282,294581.209
133283,6940510.774
133285,7037559.216
133287,2359311.252
133288,2292676.725
133289,8769088.196
133290,20151188.237
133291,11429142.196
133294,7431334.304
133295,1538631.996
133296,6277298.602
133297,432692.731
133298,19749182.879
133299,14766978.334
133300,1705302.538
133301,5178346.423
133302,14953620.703
133303,17801395.298
133304,16286168.186
133305,2145518.389
133306,10597164.896
133307,15159318.038
133308,17221627.184
133309,540052.748
133310,8904130.129
133311,3298157.424
133312,4689798.147
133313,20839854.101
133314,20892894.49
133315,19162211.604
133316,8104093.833
133317,12979678.465
133318,22523.351
133320,16461368.702
133321,11228111.207
133322,14743046.987
133323,12091252.114
133325,20066090.319
133326,8364951.07
133327,10473216.148
133329,14200383.569
133330,15266653.001
133332,18098917.342
133333,12515015.314
133334,848704.243
133335,3131453.711
133336,277798.917
133337,19471481.321
133339,3139238.592
133340,333908.781
133341,14025575.411
133342,1309976.78
133343,19722470.878
133344,292345.1
133345,21485232.743
133346,1763157.148
133347,145815.731
133348,1395328.229
133349,385024.171
133350,19815.534
133351,21251163.037
133352,5026819.977
133354,18585981.591
133356,2391037.597
133357,9524210.951
133358,6971742.632
133359,15375115.428
133360,14567170.421
133361,4901542.59
133362,433286.324
133363,35829.604
133364,7794449.502
133365,18522622.055
133366,12035472.525
133367,8233317.263
133368,7958975.522
133369,449039.281
133370,6077116.056
133371,19459981.012
133372,6716531.332
133373,2463368.977
133374,10734162.639
133375,10352815.456
133376,13717887.112
133377,2435772.129
133378,19672562.361
133380,14584087.103
133381,2437088.236
133382,20294120.397
133383,10999270.681
133384,218832.327
133386,11501475.859
133387,13001721.955
133389,3665053.172
133390,19060950.168
133391,8891369.666
133392,15220480.84
133393,10141999.112
133394,7377457.169
133395,2691324.295
133396,6915356.98
133397,10521276.732
133398,21904502.285
133399,597528.449
133400,2630152.373
133401,7157297.717
133402,2622642.211
133403,17840549.26
133404,9991330.484
133405,13340872.992
133406,20840048.325
133408,15858046.076
133409,7183787.568
133410,19961536.124
133412,2531621.522
133413,17230847.541
133414,20324055.623
133415,11633976.863
133416,981610.348
133417,13725816.057
133418,19820838.364
133419,19507638.782
133420,16859265.179
133422,12496896.452
133423,18976978.271
133424,2198736.364
133425,2622757.215
133426,13543900.656
133427,5741350.362
133428,20148855.839
133429,13090481.508
133430,3995941.084
133431,13694197.143
133432,13416359.811
133433,13896503.819
133434,6779469.826
133435,7258443
133437,14951086.485
133438,17900529.413
133439,1982868.155
133440,20078121.437
133441,2676580.17
133442,18693589.017
133443,14209052.411
133444,98268.048
133445,1352776.986
133446,649627.623
133447,6974380.051
133448,18768105.056
133449,1937082.101
133450,11507636.179
133451,19372407.288
133453,16800856.613
133454,431447.775
133455,81704.971
133456,16290346.585
133457,2395169.539
133458,20104765.228
133459,17949119.444
133460,6434545.965
133461,410023.618
133462,1742804.119
133463,16590325.331
133464,6698110.072
133465,76627.184
133466,408702.673
133467,6852491.747
133468,21822666.413
133469,1303675.758
133470,11287556.101
133471,3265455.254
133472,10245860.854
133473,15153172.227
133474,17644658.893
133476,1152610.133
133477,253541.263
133478,19774832.333
133480,2280783.698
133481,6500706.071
133482,19605365.148
133483,9074604.374
133484,2858929.137
133485,12521260.034
133486,11375565.155
133487,82021.811
133488,2316763.048
133489,6793724.391
133490,1012542.439
133491,8896215.775
133492,18962470.231
133493,15982563.745
133494,7869874.658
133495,13431602.866
133496,18656081.24
133497,9605088.871
133498,18121592.311
133499,5248993.154
133500,3529046.245
133501,6441142.031
133503,19525677.985
133504,2505208.724
133505,2707559.152
133506,432676.844
133508,10604150.448
133509,13788049.382
133510,16699617.257
133511,1733550.334
133512,20276.22
133513,16641364.406
133515,6483906.747
133516,13642488.845
133517,129737.832
133519,2391048.643
133520,1580746.705
133521,2900457.955
133522,2499978.451
133523,15422748.255
133524,6417386.899
133525,18994687.687
133526,9146238.137
133527,232121.799
133528,14685695.297
133529,1132140.445
133530,12961993.544
133531,15371304.983
133532,18371619.551
133533,129532.001
133534,5431025.166
133535,2496114.985
133537,3066531.413
133538,19489492.689
133539,16513618.301
133540,1957082.591
133541,134486.364
133542,8728182.211
133543,415658.213
133544,2389202.313
133545,10834936.694
133546,14283627.948
133547,15305726.34
133548,17741856.306
133549,878531.154
133550,10394099.629
133551,19529681.785
133552,1500782.564
133553,13697261.005
133554,1448740.082
133555,11164625.428
133556,18920870.52
133557,11561939.94
133558,19316467.004
133559,19801850.047
133560,17010860.472
133561,2630938.167
133562,432665.253
133563,16837139.095
133564,2431516.767
133565,8567710.837
133566,9039761.356
133567,2433943.935
133568,6522865.616
133569,21782894.543
133571,7801315.361
133572,1872171.192
133573,9417359.735
133574,215312.808
133575,2632656.641
133577,3949327.813
133579,804584.606
133581,1886369.039
133582,9671397.575
133583,5250145.632
133584,2422189.676
133585,16980398.623
133586,191889.731
133587,15091601.377
133588,13026882.13
133589,18229493.45
133590,11283183.965
133591,2538238.627
133592,12593469.032
133593,21383374.934
133594,2692578.756
133595,19823873.061
133596,954833.362
133597,431439.857
133598,5494190.429
133599,16537950.905
133600,7187795.928
133601,17446008.793
133604,1277046.118
133605,463888.618
133606,17603744.73
133608,432601.358
133609,13465571.833
133610,493047.055
133611,2242231.434
133612,1482308.409
133613,21036698.465
133614,8789884.401
133615,17133861.958
133616,20441531.964
133617,6548684.633
133618,2567166.222
133619,10790887.11
133620,8199198.8
133621,18241103.12
133622,11374181.194
133623,10706871.557
133624,8583589.486
133625,446715.628
133627,3432318.037
133628,9550354.982
133629,8011271.339
133630,8379628.683
133632,110599.19
133633,20617258.869
133634,19131195.717
133635,20430909.244
133636,13674310.547
133637,1494414.268
133638,15930702.571
133639,7368781.986
133640,13664082.728
133641,18413722.732
133642,14002264.867
133643,432634.02
133645,1137597.645
133646,20471463.669
133647,16727702.792
133648,20877438.198
133650,11509461.503
133651,18543994.401
133652,21094703.308
133654,18494918.71
133655,36671.742
133656,6232897.313
133657,2391040.657
133659,888011.223
133660,12089947.409
133661,13430189.751
133662,20260439.132
133663,3848572.26
133664,2466517.68
133665,855780.159
133667,969027.306
133668,17576686.19
133669,10966491.795
133670,6474765.98
133671,4195294.942
133673,18045710.041
133674,17872168.78
133675,16157753.746
133679,17464586.544
133680,3748186.095
133682,17404445.916
133683,5246466.726
133684,242530.794
133685,19331699.25
133686,2408545.745
133687,2641328.751
133688,4322586.674
133689,9196885.71
133690,8675006.383
133691,654697.041
133693,12722850.428
133694,347854.458
133695,11917989.554
133696,9868760.247
133697,19858379.72
133698,16122538.41
133699,17823.593
133700,16717234.334
133701,187392.518
133702,21313740.276
135491,591377.986
135509,262480.898
135525,777841.325
135526,10666.974
135545,15102666.714
135567,28873653.077
135574,606080.291
135579,3558645.282
135606,2942558.677
135612,145157.978
135622,482419.278
135644,116697.306
135658,1881048.654
135660,3050098.795
135665,2916699.288
135673,34779.62
135681,2707397.375
135689,3705596.263
135690,1716793.02
135708,1489541.199
135714,3558751.038
135719,22959098.762
136315,359477.062
136623,14859185.921
153534,246590.851
153535,2263703.72
153538,9798880.589
154612,298089.047
154613,10356523.063
154614,2698412.597
154615,2509035.64
154616,14439747.414
154617,171353.352
154618,813339.974
154619,243276.385
154620,3779336.955
154621,1404033.776
154623,18613737.375
154624,2412059.074
154626,8318964.361
154627,937644.378
154628,21783384.012
154629,3509455.111
154630,203687.959
154631,1487996.217
154632,2413597.061
154633,2752861.929
154635,5365254.941
154636,268265.81
154637,80734.067
154638,1926158.028
154640,359543.462
154641,11852937.993
154642,52677662.548
154643,11900237.822
154644,1818816.455
154645,315440.119
154647,1333649.48
154648,702503.2
154649,8980946.402
154651,57.362
154652,295045.033
154653,8769054.641
154654,2105669.113
154655,368780.795
154657,217508.278
154658,5302.995
154659,1437564.553
154660,276561.464
154661,2253176.571
154662,603437.849
154663,2399706.533
154664,3349919.797
154665,550098.246
154666,129680.105
154667,168919.828
154668,933140.873
154669,2798462.367
154670,15548599.054
154671,63808.44
154672,769726.406
154673,26718320.374
154674,8842602.824
154675,1303316.222
154676,9530344.252
154677,7896971.17
154678,4490141.017
154679,125217.805
154680,251475.341
154681,372355.285
154682,5636974.275
154683,4578862.363
154684,409383.824
154685,316288.038
154686,11337073.661
154687,3945370.902
154688,945325.749
154689,301315.723
154690,100537.281
154691,57683.665
154692,14320.043
154693,430955.325
154694,960109.389
154695,1326990.229
154696,3217148.581
154697,2987537.589
154698,101819649.677
154699,85392.631
154700,172472.326
154701,317342.988
154702,1403901.47
154703,168556.963
154704,683195.118
154705,496943.263
154706,443162.577
154707,1527363.204
154708,2567669.536
154709,1233061.414
154710,800.689
154711,7704117.362
154712,211256143.856
154713,152466.616
154714,669706.073
154715,4192560.546
154716,857.771
154717,32173.423
154718,613718.926
154719,59279.392
154720,283909.906
154721,17929691.396
154723,6620925.006
154724,71982.173
154725,12133.588
154726,6089601.409
154727,632695.202
154728,177909.04
154729,31758083.619
154730,13710.392
154731,429872.006
154732,289727.488
154733,30231.525
154734,2848596.958
154736,1790533.057
154737,197897.652
154738,12194.031
154739,361838.925
154740,7101268.714
154741,170352.107
154743,1371182.597
154744,306505.776
154745,58141.083
154746,104681.569
154747,1459118.203
154748,283718.093
154749,1370740.459
154750,23270660.822
154753,150309.46
154754,1218467.361
154755,373286.156
154756,108280.247
154757,106.105
154758,225483.269
154759,14030780.289
154760,28009750.172
154761,3138267.204
154762,35825.803
154763,44916.563
154764,543286.181
154765,995288.687
154767,464304.021
154769,1285544.077
154770,657100.543
154771,183440.867
154772,2382.949
154773,120182.322
154774,3908388.966
154775,904657.165
154776,258546.923
154777,336102.09
154778,435918.933
154779,9167.543
154780,686889.724
154781,407967.838
154782,233109.374
154783,5819.34
154784,4217.851
154786,294179.178
154787,11336.522
154788,2525003.007
154789,12786159.512
154790,2407324.842
154791,55353.898
154792,2797686.751
154793,2486968.747
154794,508031.742
154795,9610.696
154796,132382.764
154797,38597.979
154798,8918107.552
154799,1325067.894
154801,10449742.435
154802,783101.348
154803,1474922.149
154804,140392.535
154805,2165.353
154806,5175593.46
154807,6749657.945
154808,24035839.591
154809,175440.003
154811,11417.115
154812,5989553.431
154813,6699263.25
154814,521068.821
154815,28776137.582
154816,6295015.218
154817,170306.765
154818,779757.409
154819,3489886.855
154820,249963153.732
154822,1384552.84
154823,17276.979
154825,1778474.759
154827,930592.875
154828,385294.187
154829,1292892.423
154830,12280890.979
154831,113217.745
154833,19486722.888
154834,404927.613
154835,1783234.884
154836,195946.646
154837,187218.472
154838,2083101.635
154840,823218.484
154841,178639.916
154842,31050.144
154843,22970.538
154844,28922568.781
154845,983343.278
154846,8830371.834
154847,582237.171
154849,6713196.668
154850,14608431.852
154851,225418.92
154853,1355868.501
154854,283336.958
154855,2029531.478
154856,1769968.055
154857,7072.082
154858,303.347
154859,861223.025
154860,461811.765
154861,8413644.453
154862,152325.041
154863,2987600.282
154865,6436119.481
154866,98034.676
154867,1180449.798
154868,829014.159
154869,249797631.12
154870,341601.745
154871,236793.842
154872,8300990.627
154873,25068.778
154874,126861.628
154875,1120482.102
154876,53072.992
154877,11232.679
154878,3129751.797
154879,992303.463
154880,558926.414
154881,123208.657
154882,18924909.116
154883,387130.446
154884,152744.522
154885,362863.696
154886,158764.814
154888,291446.521
154889,1504093.281
154890,4474694.788
154891,740102.573
154892,269940.384
154893,738680.052
154894,299971.402
154895,4387092.203
154896,19869.046
154898,7083736.038
154899,54935.874
154900,2445804.405
154901,2229239.225
154903,200070.175
154904,411073.132
154905,169143.546
154906,138765395.205
154907,1467857.137
154908,1664901.05
154909,8336.271
154910,4301134.02
154911,96266.067
154913,311655.786
154914,167867.449
154915,1326686.942
154916,214012040.196
154917,362976.72
154918,17221783.685
154919,3228043.314
154920,735528.635
154921,113814.081
154922,3403656.742
154923,48749.143
154924,136125.309
154926,49930.138
154927,129410.83
154928,13963641.662
154929,2004782.695
154930,1037350.521
154931,189659.658
154932,68032.784
154933,11051519.052
154934,8979.524
154935,8214918.728
154936,67222.611
154937,556822.047
154938,13317.074
154939,2092396.85
154940,104333.359
154942,1103403.733
154943,112232.654
154944,864979.259
154945,3062433.042
154946,3315812.302
154947,2576139.006
154948,297080.228
154949,32555.296
154950,334080.738
154951,10672451.111
154952,14806327.439
154953,3571246.18
154954,1084954.089
154955,236400.066
154956,1075672.275
154957,157022.829
154958,1654854.817
154959,14980632.452
154960,11981604.672
154961,4316083.665
154962,1420085.51
154963,35405.735
154964,84336.313
154965,471166.791
154967,543407.466
154968,360908.59
154970,1802800.979
154971,3804662.428
154972,1065294.435
154973,10293751.822
154974,5147347.954
154975,171812.723
154976,1375630.169
154977,648402.908
154978,9320883.559
154979,144908.094
154980,32456.058
154981,8870555.574
154982,33258.128
154983,220059.292
154984,7824785.482
154986,11726.201
154987,253725.062
154988,8517005.911
154989,1361656.734
154990,169904.451
154991,371608.431
154992,10382739.472
154993,1647683.655
154995,14878224.268
154996,7902220.706
154997,6655253.736
154998,254052579.488
154999,19552822.547
155000,456329.235
155001,14021488.365
155002,69563.236
155003,336570.295
155004,367728.767
155005,360671.423
155006,3712043.14
155007,811245.755
155008,1139679.365
155009,8427085.211
155010,8822405.366
155011,50834.414
155012,68196552.517
155013,1297445.413
155014,211759928.688
155015,7768592.959
155016,450372.562
155017,443162.577
155018,497187.538
155019,14207.924
155020,750397.793
155021,2438220.771
155022,745984.396
155023,6018540.029
155024,891625.961
155025,2339527.932
155026,10017541.465
155028,972979.287
155029,5762401.259
155030,21162049.622
155031,22333.949
155032,1448989.231
155033,50384.484
155034,7316470.352
155035,160915.967
155036,1027997.369
155037,43546.708
155038,144882.142
155039,4071098.783
155040,712242.726
155041,88131.966
155042,272404.925
155043,36559897.5
155044,2046799.583
155045,163258.57
155046,7067148.243
155047,501187.396
155048,130.526
155049,483110.374
155050,5633487.086
155051,818042.423
155052,2058625.917
155053,817675.048
155054,406216.249
155055,63227787.045
155056,1745025.976
155057,609550.973
155058,679408.364
155059,379951.533
155061,155376.275
155063,2526787.228
155064,211714.267
155065,137235.722
155066,241206.892
155067,135563.72
155068,217719349.911
155069,1136271.888
155070,101626.923
155071,10116865.098
155072,784742.619
155073,9466434.753
155074,1312737.291
155076,954727.856
155077,446803.658
155078,11342079.736
155079,4368861.559
155080,908327.366
155081,982923.26
155082,55892.262
155083,2564186.932
155084,1706602.171
155085,16547126.678
155086,1965578.603
155087,128644.262
155088,9704.183
155089,10008073.373
155090,8528558.375
155091,7138248.04
155093,62556855.483
155094,421981.385
155095,712059.658
155096,13371096.542
155097,16088941.649
155098,1472944.316
155099,863500.226
155101,689320.021
155102,7997420.621
155103,8462.623
155104,5859947.154
155105,5270279.98
155106,10366601.231
155107,5095217.332
155108,1794635.236
155109,175645.401
155110,718256.857
155111,1741558.132
155113,40766.814
155114,5296826.104
155115,3269060.999
155116,12576865.95
155117,34327656.633
155119,295872.552
155120,17601316.339
155121,227667.17
155122,680966.267
155123,4918525.033
155124,1458963.435
155125,157122.304
155126,3429333.132
155127,58445.801
155128,1557994.25
155129,7642656.985
155130,23037774.169
155131,2577775.993
155132,18317330.977
155133,3703933.292
155134,11209336.589
155135,711362.125
155136,19787.03
155137,303734.485
155138,801392.812
155139,149365.984
155140,6519.649
155141,14625765.361
155142,9313134.455
155146,7800233.982
155147,18945.956
155148,1937226.244
155149,169637.432
155151,4693992.577
155152,2812806.002
155153,2952062.109
155154,1262423.151
155155,4309958.589
155156,170306.765
155157,179263.004
155159,1395869.853
155160,133763248.454
155161,3839428.22
155162,760205.371
155163,3536986.372
155164,6116850.261
155165,8558463.684
155166,947267.473
155167,2514688.903
155170,76945.923
155172,48650256.291
155173,481849.54
155174,150841.324
155175,76918.253
155176,8867487.414
155177,1194994.995
155178,242355.311
155179,469497.536
155180,103560.865
155181,2554295.188
155182,2328713.23
155183,162436.314
155184,108742.298
155185,1038170.609
155186,12416897.933
155187,155832.268
155189,167629938.734
155190,4546607.444
155191,98586928.846
155192,817822.917
155193,3824052.043
155194,191460.768
155195,10142783.245
155196,217818.548
155197,3735.392
155198,1368.892
155199,161508.264
155200,9447305.74
155201,5439923.103
155202,748195.027
155203,7665800.247
155204,4598351.277
155205,4212255.476
155206,71145.711
155207,274349.209
155208,272556.8
155210,301990.386
155211,2204403.517
155212,2721110.128
155213,3592578.884
155214,1115866.251
155215,2014772.67
155216,1003403.663
155218,14624.765
155219,943181.857
155220,3903105.179
155221,5050177.865
155222,1781874.665
155223,20487.067
155224,10258616.438
155225,1464044.628
155226,916697.474
155227,1576783.641
155228,26889.482
155229,14963268.562
155230,3563309.932
155231,668860.838
155232,14096741.263
155233,460181.414
155234,969274.964
155235,703148.24
155236,360965.585
155237,2382088.002
155238,4734686.7
155239,877895.906
155240,1937400.864
155241,1208189.151
155242,538601.815
155243,4977156.554
155244,4221859.072
155245,8175025.389
155246,24722924.32
155248,165709.965
155249,42679.418
155250,822496.055
155252,1389394.11
155253,1448103.389
155254,73946.831
155255,2444152.206
155256,40443.379
155257,134406.911
155258,22237774.082
155259,4490764.033
155260,17591630.961
155261,9870710.28
155262,295288.887
155263,368963.937
155264,502049.501
155265,9337403.303
155266,11883176.509
155267,27384.881
155268,4338012.832
155269,154860.442
155270,2764358.823
155271,212212.357
155272,370323.312
155273,12949359.894
155274,3270634.807
155276,15041319.406
155277,6353099.802
155278,618889.571
155279,1594805.971
155280,404201.245
155281,2763221.927
155282,367653.393
155283,4218825.427
155284,511991.822
155285,73873.333
155286,802.823
155287,41130644.017
155288,771134.791
155289,1375817.199
155290,12374222.48
155291,1394881.407
155292,69410.942
155293,1040361.083
155294,941184.086
155295,344776.407
155296,5427823.433
155297,250482.188
155298,10.745
155299,403210.043
155300,3859170.783
155301,15051373.594
155302,166949.82
155303,662.404
155304,1008510.452
155305,13508879.971
155306,1671.548
155307,95102.216
155308,6803311.222
155309,361092.12
155310,863596.021
155311,1176628.029
155312,24571.972
155313,319785.068
155314,5797606.837
155316,356921.818
155317,610396.513
155318,1295294.996
155319,80029.434
155321,607548.735
155322,2731681.908
155323,239668.164
155324,135487.278
155325,3569037.368
155326,217619.226
155327,148669.326
155328,919526.048
155329,4947775.461
155330,12519504.537
158616,1284586.907
158617,258297.77
158624,7633.537
158625,25314.035
158626,11438771.892
158627,1576392.742
158628,586208.248
158630,129379.901
158632,7738348.809
161317,101771.102
161318,123536.646
161319,119087.123
161320,325553.456
161321,2221125.471
161322,4559.386
161324,6538.461
161325,1282000.899
161327,4831.742
161328,1190343.639
161329,255172.982
161330,18315.99
161331,145790.757
161333,58599.381
161334,473495.766
161335,39080.663
161336,94329.839
161337,314652.478
161338,39588.091
161339,1384295.719
161340,7958.028
161341,22145.892
161342,1678765.773
161343,2747
161344,101976.878
161345,1437587.679
161346,147972.183
161347,17166.275
161349,472829.849
161350,874097.08
161351,3384.443
161354,377382.852
161355,316784.788
161357,506394.515
161358,116834.464
161359,44724.612
161360,355629.467
161361,261063.059
161363,23741.012
161364,265428.637
161366,3678829.684
161367,4358.639
161368,3794.558
161370,640311.833
161371,2214049.352
161372,116654.214
161373,727220.642
161374,10865.995
161375,1874101.556
161376,6057288.597
161377,1753750.09
161378,796391.998
161380,122641.351
161381,1152683.264
161382,909634.93
161383,222747.944
161384,98935.132
161387,30547.446
161388,2097630.839
161390,32067.998
161391,117878.395
161392,488.075
161393,101232.179
161394,1431.087
161395,844341.56
161396,14437.715
161397,1175869.7
161398,2792054.263
161402,513292.84
161403,5320692.333
161404,1431432.547
161405,57870.195
161406,318639.388
161407,3245605.421
161408,262232.356
161409,200944.931
161410,76209.494
161411,62277.748
161414,1225001.34
161415,15060.201
161416,12576.841
161417,120.145
161418,436610.009
161419,314554.416
161420,286680.577
161421,16752.819
161422,11719.661
161423,82210.75
161424,96338.374
161425,801088.267
161426,664693.121
161427,110455.626
161428,938.776
161429,391.38
161430,1246127.676
161431,2740625.235
161432,996902.404
161433,658090.552
161434,760711.77
161436,1810754.231
161437,1313.693
161438,602019.676
161439,10281666.279
161440,4899.118
161441,12561.446
161443,5295370.631
161444,39512.241
161445,875173.155
161446,3782.805
161447,1277903.268
161448,50394.716
161449,48839.285
161450,337.305
161451,26455.825
161452,4141205.909
161453,2078784.099
161454,1688336.409
161455,62036.254
161456,13698.543
161457,162858.18
161459,53957.729
161460,182.991
161461,2228029.831
161462,86200.226
161463,665356.953
161464,2206134.956
161465,199163.374
161466,445620.942
161468,545008.749
161469,6250.532
161470,430275.999
161471,1911673.423
161473,14711.401
161475,2528.068
161476,397658.192
161477,1385661.435
161478,249629.411
161479,171083.325
161480,762684.859
161481,132349.038
161483,10961.431
161484,1756062.274
161485,657775.555
161486,736466.348
161487,368244.154
161488,106316.549
161489,273203.786
161490,1653939.46
161491,3199099.732
161492,255625.557
161494,49608.796
161495,238477.976
161496,530442.099
161497,42678.472
161498,22619.706
161499,236350
161500,68887.687
161501,499062.79
161502,708.264
161504,5003.989
161505,761153.996
161506,352318.208
161507,940531.171
161508,132942.793
161509,81026.344
161512,378168.371
161513,814404.459
161514,31573.158
161515,118062.263
161516,303427.32
161517,7847282.561
161518,984597.598
161519,210749.865
161520,187728.046
161521,4886964.317
161522,22382.166
161523,285494.214
161524,194517.013
161525,54293.861
161526,3515582.815
161527,46514.392
161528,73.821
161529,243892.743
161530,427278.863
161531,15241.522
161532,100902.824
161533,32274.238
161534,98144.13
161535,586121.718
161539,1601047.56
161540,1371100.662
161541,3922.207
161542,4669274.508
161543,134183.148
161544,13029.66
161545,657095.234
161546,395065.377
161547,1987037.014
161548,399443.352
161550,20111.466
161551,1070771.278
161552,437092.076
161553,619795.752
161554,48.284
161555,162153.602
161556,32979.974
161557,274820.379
161558,1135325.601
161560,410549.805
161561,115989.258
161562,190322.626
161563,1882422.832
161564,3632262.75
161565,45527.786
161566,2116824.626
161567,143327.73
161568,1543908.9
161569,2379101.613
161571,19688.183
161574,327367.054
161575,7138.529
161576,363816.588
161577,129054.763
161578,38813.843
161581,214720.902
161582,1072034.044
161583,348.986
161584,46660.621
161585,816.077
161586,790502.766
161591,22076.315
161592,9.566
161594,1024068.143
161595,604405.581
161596,329017.624
161597,132635165.678
161598,204865.153
161600,530250.201
161601,500866.169
161602,849960.091
161604,3232.626
161605,120095.035
161606,3103.927
161607,2026656.329
161608,176858.977
161610,310824.347
161612,1226326.262
161614,187079.198
161615,3715422.277
161616,68951.802
161617,29403.491
161618,130735.178
161619,779336.852
161620,74163.808
161621,1977225.979
161622,654201.046
161623,773202.283
161624,124.748
161625,423227.433
161626,2102058.936
161628,618488.365
161629,219627.72
161630,332571.87
161631,1396090.818
161632,12337.373
161633,2029400.465
161634,1526588.68
161635,347492.946
161636,597995.147
161637,35826.561
161639,28271.101
161640,948012.097
161641,31408.688
161642,98052.583
161643,70741.659
161644,2406.434
161645,897566.374
161646,31580.165
161647,131415.395
161648,1332852.342
161649,887823.138
161650,7623.576
161651,85397.992
161652,48507.691
161653,492770.302
161655,372788.275
161656,632876.81
161658,701387.543
161659,39908.589
161660,57515.27
161661,1181072.069
161662,58557.864
161663,166033.163
161664,75801.473
161666,210567.314
161667,5125.331
161668,446.497
161669,1075344.253
161673,662894.197
161674,1113823.99
161675,16934.653
161676,207005.353
161677,103928.527
161678,80326.528
161679,3432.493
161680,654029.986
161681,1674.485
161682,356103.527
161683,181959.359
161685,172116.997
161686,298274.366
161688,19717.712
161689,74503.351
161690,66437.626
161691,1353271.365
161693,67074.053
161694,185672.948
161695,3467902.938
161696,171331107.783
161697,55510.763
161700,496473.155
161701,69826.345
161702,20474.155
161703,213717.909
161704,9463.769
161705,607311.19
161706,136330.738
161707,272754.127
161708,24117
161709,866576.652
161710,2481.49
161711,94856.95
161712,22395.638
161714,943381.937
161715,1609009.395
161716,160104.49
161717,353873.072
161718,67731.104
161720,78073.037
161721,2191.182
161722,316652.599
161723,21606.454
161725,4885.339
161726,69849.793
161728,388955.539
161729,1502660.351
161730,37153.402
161731,5308727.365
161732,39741.78
161733,940808.077
161735,1051612.947
161736,11373.347
161738,124680.936
161739,276537.258
161740,1459.6
161741,59173.492
161742,18851.041
161743,419272.418
161744,4599473.191
161745,106129.174
161746,32796.871
161747,8786.29
161748,279689.326
163458,232208.206
164280,2481766.398
164508,2495199.162
164893,335138.867
165607,3148411.129
165608,1620636.327
165609,688222.621
165610,1069386.984
165611,4175516.835
165612,1889812.588
165613,393435.353
165614,1350649.141
165615,8499883.608
165616,1302616.442
165617,89033.157
165618,642309.403
165619,3766449.731
165620,4101280.07
165621,824594.644
165622,12401162.824
165623,8699931.411
165624,2076409.832
165625,587738.545
165626,21669517.803
165627,2578759.741
165628,17305657.511
165630,20372921.357
165631,23426558.963
165632,8659505.64
165633,1019665.265
165634,754032.607
165635,1327648.945
165636,1059313.557
165637,3961367.491
165638,13455953.523
165639,314491.237
165640,13785157.296
165641,16857165.33
165642,2698975.487
165643,4561581.799
165644,401134.956
165645,506153.058
165646,2513460.064
165647,507172.768
165648,3914283.621
165649,1043151.69
165650,15362173.913
165651,20738432.229
165652,12266633.642
165653,6647785.294
165654,1327154.068
165655,443163.223
165656,5057009.983
165657,5274944.387
165658,96819.044
165659,9364907.94
165660,1276450.781
165661,9037668.265
165662,411073.27
165663,1090107.745
165664,6447780.077
165665,13117954.119
165666,1036581.92
165667,16031845.386
165668,17445957.857
165669,20126963.777
165670,714716.444
165671,2607914.212
165672,13411139.573
165673,4163124.67
165674,836661.593
165675,125528.904
165676,5684176.661
165677,1838683.766
165678,6032636.135
165679,1206455.586
165680,12260610.318
165681,14860136.519
165682,307956.469
165683,7444247.832
165684,2923686.449
165685,2992603.367
165686,15182879.932
165687,142446.432
165688,3788361.82
165689,17392779.416
165690,69410.707
165691,611502.464
165692,9732783.258
165693,1445066.522
165694,12139969.39
165695,3149090.948
165696,368009.834
165697,10346724.448
165698,384991.742
165699,621642.309
165700,1067675.418
165701,340267.594
165702,10114419.46
165703,1779344.814
165704,17126173.168
165705,637086.06
165706,580437.276
165707,1344384.566
165708,277885.251
165709,1092351.519
165710,377811.565
165711,5748197.03
165712,19906228.455
165713,9914111.632
165714,17627024.51
165715,118409.527
165716,20450586.9
165717,494623.028
165718,5105365.765
165719,3347914.387
165720,125257.685
165721,443163.223
165723,4014161.153
165724,1073392.585
165725,12154092.937
165726,238107.077
165727,74538.129
165822,1968111.644
165823,46195.407
165824,34608.666
165825,810305.382
165826,20988.564
165827,101591.565
165828,16932131.45
165829,10221110.031
165830,327351.156
165831,1680530.498
165832,1302871.466
165833,1978912.211
165834,443162.577
165835,12052253.94
165836,32515.517
165837,3119525.536
165838,2986375.883
165839,1020015.066
165840,10486453.373
165841,824607.504
165842,169594.23
165843,8220778.16
165844,948296.852
165845,2012465.967
165846,487729.709
165847,50309.288
165848,8625708.469
165849,1037706.205
165850,1241538.107
165851,17108947.248
165852,10631827.018
165853,1220196.343
165854,116215.392
165855,2310267.039
165856,1210372.276
165857,1897998.771
165858,687279.64
165860,11383591.477
165861,262238.12
165862,21845205.553
165863,541116.497
165864,2662420.103
165865,1248248.828
165866,125673.018
165867,6450809.325
165868,7791880.337
165869,50752.876
165870,536479.71
165871,16669145.753
165872,4481246.829
165873,10479383.792
165874,411073.132
165875,312619.421
165876,3647045.69
165878,7192310.946
165879,3801185.133
165880,967908.199
165881,962678.335
165882,1339175.025
165883,4064103.37
165884,7456525.787
165885,18703689.137
165887,3787247.919
165888,8502953.598
165889,1029936.438
165890,78486.715
165891,495783.506
165892,109776.166
165893,2801292.961
165894,784801.501
165895,459803.095
165896,3687935.678
165897,1931936.429
165898,4012984.654
165899,443162.577
165900,735270.28
165901,12284627.355
165902,14425755.765
165903,34608.666
165910,2887384.249
165912,2032998.313
165913,274291.521
166031,596960.909
166138,2379872.593
166144,1024826.934
166150,9378280.687
166171,908320.172
166184,2440333.01
166189,17810453.982
166196,543429.899
166197,78086.051
166200,32001.456
166410,342164
166415,1116171.722
166428,3091.306
166433,5708969.245
166442,1641373.421
166444,3396253.179
166446,672129.403
166456,342358.739
166461,346020.336
166470,1997868.176
166475,506044.39
166481,12564328.228
166517,192851.493
166546,6768299.213
166552,3362150.629
166566,294687.924
166572,1972343.846
166575,3219860.664
166598,6031684.673
166627,325747.915
166638,735137.46
166641,1120735.87
166856,3155020.155
166863,9263811.647
166868,17791464.954
166885,641444.189
166892,5280296.053
166893,1475229.828
166894,21940962.786
166897,3820317.32
166904,6673613.094
166905,11061916.931
166908,8183469.266
166910,912375.323
166913,9301076.069
166919,17300465.184
166925,1594590.424
166926,12157688.927
166929,16510103.228
166935,4267183.088
166940,42494.861
166941,13252376.273
166942,18584169.138
166944,1080805.548
166947,22088864.441
166951,1327434.658
166955,895498.102
166957,267410.856
166961,401958.385
166963,1329695.234
166964,18677661.065
166966,1417244.397
166974,3638727.282
166982,7254549.555
166985,3747553.723
166989,2388293.267
166990,405012.751
166992,2680522.285
166996,10445928.818
167006,972742.211
167010,331470.332
167710,739537.104
167944,175332.353
167946,230613.147
167997,685236.095
168000,954661.631
168374,2865382.892
168438,1267895.19
168780,25478497.449
169015,16840134.363
169353,615788.584
169358,1757723.687
169359,1127905.897
169361,15223548.589
169362,828247.71
169365,34563.217
169376,149164.955
169388,38082.24
169496,5297158.725
169551,329187.149
169554,1009183.848
169566,230254.281
169587,1681260.782
169590,550304.643
169595,377592.21
169599,1393634.222
169628,100249.017
169632,14554161.874
169636,7913.981
169646,10107008.502
169676,17223.999
169679,80137.139
169948,93011.701
169949,2598704.976
169951,20762511.665
169954,2101075.471
169955,3271773.549
169956,16552.406
169957,1111762.183
169958,6842418.198
169959,342234.691
169960,186498.567
169962,27965760.333
169963,352534.891
169964,608212.648
169965,366051.425
169966,664831.58
169967,5104450.424
169968,18237093.562
169969,838474.541
169970,829841.045
169971,598976.2
169972,923790.643
169973,2198539.542
169974,6876018.232
169976,4020916.426
169977,383373.731
169978,4056615.889
169979,2795924.796
169980,41839.34
169981,634387.454
169983,2590471.187
169984,836600.87
169985,6222925.592
169986,5042450.954
169987,3994779.218
169988,1442962.321
169989,473611.201
169990,1464641.491
169991,1195623.268
169993,155674.745
169995,216.633
169996,224156.587
169997,63160.022
169999,181479.151
170000,2825237.392
170002,202348.276
170003,86939.456
170004,4357745.406
170005,140940.446
170006,453584.057
170007,793652.242
170008,6958326.997
170009,894020.108
170010,307672.748
170011,966826.955
170013,79645.788
170014,3025525.294
170015,789256.382
170016,353517.596
170017,648952.517
170018,2981941.207
170019,19149.447
170020,361238.674
170021,1451601.648
170023,4070500.237
170024,32307.831
170025,1354647
170026,1760524.216
170028,776950.282
170029,487735.04
170030,547301.456
170031,5161699.384
170032,5589827.941
170034,339810.269
170035,1247565.83
170036,104746.716
170037,10119270.334
170038,205608.796
170039,83793.695
170040,64367.452
170041,376758.884
170042,661297.957
170043,3992951.659
170044,4238559.228
170046,230834.807
170047,102210.223
170048,6897112.529
170049,4206615.575
170050,467247.444
170051,104075.646
170052,985540.398
170053,1434575.165
170054,1672439.586
170055,4394652.842
170056,1462882.376
170057,239617.883
170059,667897.683
170060,689670.523
170061,1078419.239
170062,13799386.645
170063,18381905.98
170064,1748107.602
170065,513153.062
170066,4003020.092
170067,35687.31
170068,251577.9
170069,2514418.657
170070,1155699.921
170071,24589740.498
170072,258489.42
170073,185091.198
170075,3869621.412
170079,338022.947
170080,1242281.671
170081,2940238.63
170082,3077861.319
170083,65764.646
170085,230627.758
170086,3707989.491
170087,1249571.743
170088,1247482.173
170089,2886654.886
170090,192.117
170092,4967284.139
170094,1893824.013
170095,113012.513
170096,4310795.762
170097,940825.365
170153,2366250.454
170154,2895446.153
170155,3310868.783
170156,3094539.059
170157,619538.453
170158,1159574.248
170159,2584881.332
170160,4443315.521
170161,33792.894
170162,1319551.539
170163,53826.501
170164,399939.91
170165,561454.905
170166,2178985.537
170167,6335903.324
170168,502787.758
170169,3673418.777
170170,167105.535
170171,248773.048
170172,201906.743
170173,251100.195
170174,374014.727
170175,368024.68
170176,424078.438
170177,388335.454
170178,664342.904
170179,20466.505
170180,674605.637
170181,439763.815
170182,1134635.203
170183,174868.428
170184,198750.523
170185,168869.397
170186,2817341.457
170187,332161.864
170188,327631.951
170189,540227.264
170190,4001860.411
170191,4276137.328
170192,1000328.331
170193,138732.027
170194,199914.154
170195,180180.621
170196,319159.804
170197,3433040.489
170198,15243786.796
170199,209101.619
170200,275197.335
170201,197426.511
170203,247761.369
170204,171810.344
170205,3649079.876
170206,177205.818
170207,3646663.726
170208,148439.983
170209,158046.485
170210,386877.963
170211,158046.485
170212,1497150.688
170213,155599.124
170214,431624.754
170215,1639720.779
170216,1218745.608
170218,161282.894
170220,2335376.159
170221,3042463.264
170222,549080.191
170223,3684247.145
170224,3303456.542
170225,354035.623
170226,172787.099
170227,218477.96
170228,15538.578
170229,3006923.474
170230,129504.596
170231,143065.646
170232,2689614.647
170233,824952.389
170234,726531.51
170235,40287.533
170238,13570731.982
170239,1167952.343
170240,1595715.264
170241,993565.241
170242,683281.161
170243,291138.921
170244,3307742.111
170245,2647403.409
170246,158046.484
170247,185589.026
170248,119586.69
170249,3807670.688
170250,1199588.18
170251,4968207.84
170252,2275046.146
170253,2795403.217
170254,32172.205
170256,112298.382
170257,358499.184
170258,4978240.512
170259,119667.554
170260,2573535.107
170261,2593024.946
170262,2893462.997
170263,1220171.961
170264,551927.417
170265,435741.146
170266,4122542.128
170272,218816.092
170273,94972.487
170280,2315508.159
170282,51224.364
170283,2406309.431
170284,2600019.449
170285,837709.345
170306,9474011.012
170307,49048705.471
170308,1388970.559
170309,169872764.13
170310,221846081.574
170311,5143056.14
170312,177966587.645
170313,16327325.586
170314,185080915.775
170315,149147414.487
170316,32804045.82
170318,10506581.874
170319,2817572.583
170320,8227095.428
170321,3919284.665
170322,61059021.291
170323,1545944.734
170324,11609470.23
170325,1443116.526
170326,4095650.9
170327,4203245.037
170328,30160116.755
170329,12765325.608
170330,3005605.575
170331,114077605.048
170332,1933954.461
170333,47270642.612
170334,2498966.356
170335,4223482.825
170336,34775884.055
170337,2548108.873
170338,226199952.754
170339,5789732.937
170340,62646886.882
170341,49463596.218
170342,14243498.453
170343,3214546.552
170344,49875457.577
170345,16824022.026
170346,1690575.426
170347,175148.047
170348,2606094.58
170349,63459038.748
170350,205039955.096
170351,21414621.722
170352,3660447.885
170353,3711369.98
170354,8383892.949
170355,50005689.051
170356,2716650.573
170357,6058538.718
170358,14175548.269
170501,140130.604
170526,110752.841
172321,692274.228
172359,1901597.431
172361,501363.649
172363,2238331.191
172376,999984.708
172393,751514.848
172404,2137363.331
172416,13955957.821
172419,11818132.645
172440,8057210.156
172443,54642.622
172447,1860201.024
172450,1367437.048
172468,5502473.685
172469,7986796.897
172470,51679.123
172474,1406533.27
172487,19568297.202
172491,49656.175
172495,13062326.935
172497,1848793.434
172498,4795686.652
173319,2973803.592
173320,465695.903
173321,149909.255
173322,42320.651
173324,43788.795
173325,31861.43
173326,19652.064
173327,11501951.521
173328,15062710.654
173329,213149.557
173330,295674.76
173331,11937895.161
173332,14882627.797
173333,869360.227
173334,8921.991
173335,572464.871
173336,731291.893
173337,1155449.155
173338,130279.189
173339,1367896.886
173340,247883.964
173341,390783.884
173342,1843758.915
173343,5695942.902
173344,664289.582
173345,32539.369
173346,2763452.844
173347,194122.238
173348,2461955.317
173349,431512.522
173350,426281.325
173351,209757.631
173352,15312823.757
173353,795798.436
173354,151536.335
173355,767187.689
173356,757850.837
173357,716491.575
173358,13173235.781
173359,562623.917
173360,482249.664
173361,2967775.26
173362,1148563.645
173363,14050491.668
173364,14325818.426
173365,772834.068
173366,709127.016
173367,672637.885
173368,5645798.023
173369,566045.703
173370,622694.955
173371,656886.112
173372,6048339.903
173373,157139.28
173374,32171.154
173375,10543867.193
173376,8363306.981
173378,2777527.583
173379,149909.255
173380,386296.327
173381,554620.979
173382,174836.423
173383,186682.238
173384,1416078.677
174145,218835.886
176670,99683.694
176672,54372.924
176677,130620.814
176678,234278.642
176680,270941.287
176683,103761.361
176691,66370.31
176694,280926.775
176703,178047.486
176706,345387.299
176707,119926.317
176708,5736424.309
176709,795761.38
176711,2916874.318
176712,313285.442
176713,656189.862
176714,20322.699
176715,1756768.952
176716,20240.933
176717,3803928.64
176718,1917165.602
176719,5030464.208
176720,647056.794
176721,982311.677
176722,22227.554
176723,775627.366
176724,345337.417
176725,140484.708
176726,6240408.053
176727,760895.166
176728,31127.029
176729,1102769.019
176730,148374.297
176731,428429.042
176733,266087.43
176734,1603962.432
176735,3210548.482
176736,352250.908
176737,7013171.035
176738,13194125.58
176739,23140.793
176740,12530.981
176741,972759.672
176742,695948.328
176743,3313379.22
176744,678615.486
176745,834743.712
176746,6036367.531
176748,870293.026
176749,14287.876
176750,6010428.525
176751,2595746.633
176752,14052.971
176753,369974.34
176754,685260.983
176755,141102.515
176756,1679761.937
176757,4222474.097
176759,463081.589
176760,65435.013
176761,798403.869
176762,488448.148
176763,52360.659
176765,1536748.437
176766,505625.108
176767,1742701.179
176768,19865.949
176769,2159633.637
176770,2593.475
176771,6999731.151
176772,277228.601
177110,6712015.117
177949,444717.279
177950,15929117.943
177951,13451397.298
177952,1544963.503
177953,3486685.264
177954,109398.939
177955,17575409.891
177956,79864.41
177957,9614174.159
177958,11646646.453
177959,5237463.949
177960,6082612.983
177961,6806103.671
177962,2422146.361
177963,5668805.55
177964,2121060.777
177965,21412530.344
177966,37770.842
177967,20068490.026
177968,5386515.628
177969,16533288.179
177970,20862178.34
177971,13633061.862
177972,16015725.964
177973,736027.151
177974,7350349.836
177975,5338715.913
177976,129410.827
177977,2296964.283
177978,10741284.452
177979,10923207.026
177980,11779804.063
177981,15188386.155
177982,3976036.285
177983,12241986.358
177984,677643.47
177985,529707.316
177986,6758059.356
177987,1206993.823
177988,17085014.784
177989,19194633.078
177990,21245610.415
177991,15066333.841
177992,3735314.502
177993,18834750.038
177994,7736143.695
177995,13651883.461
177997,4511442.742
177998,1920590.562
177999,444684.024
178000,4061788.429
178001,2808134.909
178002,19094038.467
178003,1857521.329
178004,4794876.549
178005,20081879.752
178006,2235278.879
178007,1756469.616
178008,18556392.207
178009,1663802.249
178010,16702880.419
178011,3412713.639
178012,19537384.291
178013,6326539.551
178014,5570163.13
178015,2666949.511
178016,371112.286
178017,17841073.55
178018,2297965.774
178019,21295073.728
178020,1511433.624
178021,180673.348
178022,14777052.051
178023,1346539.275
178024,4750306.01
178025,551306.062
178043,1377040.837
178048,492992.35
178051,882851.11
178054,79807.379
178057,119258.058
178060,617229.902
178062,640675.998
178063,828421.388
178064,814327.449
178065,736266.263
178066,624358.501
178067,878075.86
178070,897403.469
178072,1409639.632
178074,980496.15
178077,7003789.018
178081,276554.702
178082,27831.67
178084,660360.145
178086,364495.307
178087,577591.383
178088,488410.359
178089,8521.599
178090,17363.745
178091,5452.702
178092,5098.018
178093,295777.1
178094,500472.947
178097,974404.058
178100,474755.586
178102,1487409.112
178105,397247.821
178106,1273810.211
178107,453491.145
178108,383494.309
178111,1459791.968
178796,5835262.824
178797,6533515.91
178798,2933999.627
178799,399437.057
178800,5873640.194
178801,108251.038
178802,1982019.312
178803,9237553.873
178804,7242776.368
178805,5284697.5
178806,3042889.224
178807,120384.411
178808,1258032.238
178810,2425562.621
178811,3074128.486
178812,3938405.179
178813,3708819.476
178814,2651380.227
178815,289288.451
178816,775858.779
178817,6006105.846
178818,1973068.146
178819,1067371.365
178820,4560655.423
178821,5993348.525
178822,7473141.302
178823,631586.405
178824,901633.568
178825,8072602.605
178826,2278429.161
178827,1660870.26
178828,8431632.967
178829,15420832.008
178830,4531056.627
178831,1070154.48
178832,5787285.797
178834,438733.932
178835,2217360.302
178837,5003767.806
178838,7564833.597
178839,462274.189
178840,5592222.478
178841,464611.401
178842,7395841.519
178843,5294048.019
178844,87905.263
178845,7929282.487
178846,7106525.89
178847,199364.169
178848,3014584.839
178849,3434606.167
178850,7622561.621
178851,2438513.68
178852,7045813.872
178853,421300.768
178854,7146919.714
178855,558696.757
178856,2054288.284
178857,2012390.5
178858,146146.807
178889,3330606.012
178890,295249.784
178891,174902.348
178892,7993941.757
178893,15198.391
178894,7444795.449
178895,1173664.585
178896,593230.736
178897,1061273.61
178898,2227956.987
178899,343792.257
178900,11985.916
178901,448626.937
178902,530005.061
178903,941435.734
178904,497107.169
178905,121881.616
178906,124217.77
178907,163762.299
178908,34028.585
178909,558118.22
178910,1845307.1
178911,18158.032
178912,507129.596
178913,2215111.852
178914,114652.324
178916,582156.506
178917,368432.901
178918,115909.636
178919,2132462.56
178920,411073.132
178921,107163.739
178922,12387.016
178923,114767.713
178924,653758.077
178925,312400.987
178926,80932.687
178927,95936.832
178928,704636.986
178929,601733.524
178930,692921.261
178931,31510.784
178932,10193741.575
178933,126115.433
178934,61253.926
178935,635675.024
178936,471666.731
178937,477579.172
178938,80666.149
178939,155128.312
178940,378211.797
178941,120684.338
178942,872375.92
178943,159246.614
178944,725876.109
178945,472139.083
178947,468377.783
178948,593230.736
178949,3958471.122
178950,3511307.649
178951,1300707.584
178952,140636.54
178953,190179.317
178954,43498.721
178956,282721.743
178957,2312228.687
178958,1671539.331
178959,31715.826
178960,578524.157
178961,143898.725
178962,201765.194
178963,1910957.077
178965,490402.563
178966,30752.158
178967,434695.6
178968,94807.935
178969,550583.904
178970,616449.31
178971,103553.52
178972,424872.033
178973,142505.55
178974,103434.506
178976,111505.013
178977,57199.705
178978,2997650.271
178979,3458289.296
178980,105861.175
178981,676632.855
178982,33646.908
178983,101486.341
178984,2266.513
178985,1961437.713
178986,601791.711
178987,435010.484
178988,592414.731
178989,1172547.1
178990,641629.231
178991,693946.902
178992,4701110.1
178993,593230.736
178994,139496.188
178995,490402.563
178996,402961.471
178997,157867.122
178998,616449.31
178999,29649.092
179000,244481.967
179001,5397588.752
179002,4918159.226
179003,169619.825
179004,148445.511
179005,298782.511
179006,649367.416
179007,618126.985
179008,31961.619
179009,83196.96
179010,18695.611
179012,2891841.498
179013,36150.822
179014,650705.709
179015,537217.317
179016,275562.116
179017,187349.461
179018,807.241
179019,1972855.344
179020,863255.289
179021,9563.495
179022,695461.974
179023,582919.051
179024,687711.363
179025,277053.57
179026,593230.736
179027,474111.393
179028,268735.04
179029,528358.137
179031,224055.698
179032,765183.885
179033,838584.564
179034,266423.516
179035,326346.953
179036,966416.139
179037,2176657.127
179038,728140.187
179039,712827.65
179040,443807.255
179041,87089.334
179042,1061642.333
179043,3469185.285
179044,2002512.634
179045,1002473.445
179046,124579.447
179047,7731.387
179048,235312.05
179049,326239.655
179050,45029.195
179051,242504.536
179052,2841.866
179053,1449393.013
179054,206917.791
179055,478657.478
179056,1191818.624
179057,1186940.342
179058,104923.539
179059,24393.494
179060,166446.001
179061,379966.079
179062,3702467.324
179063,292771.729
179064,8757108.983
179065,454444.104
179066,558758.623
179067,307532.197
179068,365604.86
179069,224714.78
179070,274596.843
179071,433644.831
179072,127869.347
179074,2613155.814
179075,238900.95
179076,289345.171
179077,7133.562
179078,126659.586
179079,489325.211
179080,1757441.396
179081,98174.117
179083,140621.251
179084,779894.099
179086,37630.043
179087,40281.554
179088,594223.544
179089,237961.891
179090,27492.839
179091,141645.831
179092,267132.803
179093,2777241.36
179094,268735.038
179095,593230.736
179096,332078.4
179097,135724.321
179099,669086.839
179100,252467.518
179102,4134806.055
179103,99679.401
179104,105247.011
179105,142900.428
179106,1625841.639
179107,33723.769
179108,471666.731
179109,4758808.883
179110,130157.378
179111,5302214.307
179112,6311610.412
179113,526549.325
179114,427391.686
179115,525025.571
179116,1179216.917
180103,59357.35
180121,17131.929
180122,22696.138
180123,16098.184
180125,16272.635
180126,11898.803
180141,327896.661
180644,2242095.513
180650,515158.954
180682,227213.038
180684,559663.207
180690,143484.136
180706,1164622.184
180707,696101.802
180727,140793.982
180735,172172.689
180851,382179.925
180866,141770.391
180898,283758.444
180924,54618.447
180926,27619.856
180964,41372.031
180966,514970.474
180980,1045961.412
180982,29307.596
181000,977297.177
181023,84790.501
181029,561195.245
181048,162143.186
181083,564575.602
181100,744794.677
181105,974727.727
181116,2056189.366
181137,1155975.855
181156,3001768.017
181158,2197066.073
181186,222024.926
181215,155464.991
181269,1396627.407
181280,18191.155
181328,258529.491
181337,974287.975
181361,751001.854
181547,6722615.347
181550,731911.819
181567,755553.218
181577,1014701.768
181797,805115.752
181933,541465.884
181943,438254.173
181984,1442408.923
182038,1166496.795
182093,933668.822
182165,594872.401
182223,1099742.419
182239,941786.582
182285,825729.304
182330,1134747.906
182363,611226.074
182389,68180.374
182498,2043.85
182549,790874.236
182611,1044662.928
182622,187917.943
182712,118140.162
182779,727162.509
182807,106488.588
182905,201490.908
182933,260404.819
183152,3810663.569
183153,1255592.089
183155,5061344.946
183156,924530.35
183158,46112.194
183160,1261721.597
183161,20314.559
183167,3547033.374
183169,923004.817
183170,1180640.315
183171,1376406.916
183175,608376.641
183177,4992182.128
183206,923209.245
183207,417193.721
183208,550113.152
183209,309151.647
183210,492488.699
183211,1314298.885
183212,100284.856
183213,1375984.238
183214,24408024.599
183215,251516.108
183216,110713.84
183217,785319.294
183218,425113.9
183219,294071.582
183220,595018.107
183221,170306.765
183222,225768.5
183223,400910.666
183224,822142.525
183225,1373293.36
183226,835813.215
183227,585778.57
183228,375088.327
183229,1125969.85
183230,949481.304
183231,846443.003
183232,437398.36
183233,350545.809
183234,4987.494
183235,1163819.704
183236,40641.581
183237,578557.868
183238,306841.484
183239,928447.509
183240,850061.716
183241,190684.23
183242,155188.697
183243,33173.265
183244,438241.037
183245,917294.936
183246,852006.989
183248,504254.455
183249,431862.021
183250,774271.44
183251,124623.574
183252,456795.967
183253,336402.739
183254,309270.102
183255,620000.938
183256,988287.18
183257,776728.657
183258,12599.802
183259,235446.643
183260,448352.941
183261,1135063.32
183262,250130.111
183263,1445994.39
183264,61554.55
183265,33476.893
183266,846677.123
183267,116219.293
183268,1165565.411
183269,277630.024
183270,43846.281
183271,428961.222
183272,457172.909
183273,124776.29
183274,26544535.838
183275,652587.774
183276,1575076.204
183277,234281.941
183278,728195.945
183279,128131.495
183280,149392.165
183281,911754.177
183282,695479.394
183283,1017204.007
183284,108978.956
183285,561068.186
183286,377275.746
183287,1052295.476
183288,192109.611
183289,369789.502
183290,455760.799
183291,411252.251
183292,481908.863
183293,1120130.632
183294,1336713.362
183295,991549.426
183296,349134.366
183297,909189.096
183298,1194647.958
183300,203054.66
183301,209130.78
183303,290897.319
183304,840543.379
183305,168514.475
183306,18783.012
183307,216545.183
183308,986404.762
183309,865195.764
183310,788295.917
183311,1172412.292
183312,555353.151
183313,862446.438
183314,95850.03
183315,33476.893
183316,88676.518
183318,75368.911
183319,340318.377
183320,98516.934
183321,31434.722
183322,588986.235
183323,624236.763
183324,1268370.995
183325,32368.927
183326,32515.517
183327,378860.71
183328,717394.418
183329,129117.352
183330,1049556.8
183331,322077.332
183332,718402.754
183333,84382.136
183334,1379024.803
183335,265278.834
183336,588261.855
183337,618841.149
183338,38062.738
183339,980733.614
183340,867082.322
183341,809694.242
183342,873137.629
183343,689424.963
183344,124696.023
183345,144419.284
183346,288704.903
183347,5831825.724
183348,275608.163
183349,788408.179
183350,319143.073
183351,285834.425
183352,240321.459
183354,206732.786
183355,280983.337
183356,2819.445
183357,64262.31
183358,882851.041
183359,31434.722
183360,135839.173
183361,196136.548
183362,1222572.612
183363,765121.802
183364,4743876.055
183365,808938.772
183366,591875.554
183367,442436.798
183368,11363.383
183369,36819.135
183370,1347590.151
183371,203417.387
183372,235446.643
183373,16741.098
183374,1005361.283
183375,890734.096
183376,916470.443
183377,646693.243
183378,923169.708
183379,392621.408
183380,1143013.069
183381,674686.337
183382,223495.216
183384,646149.015
183385,195178.68
183386,806722.412
183387,272336.312
183388,750863.703
183389,738650.156
183390,758344.539
183391,20976.072
183392,415599.938
183393,33476.893
183394,319372.316
183395,135829.641
183396,651606.328
183397,1305748.934
183398,878120.04
183399,140135.551
183400,238360.789
183401,22495.455
183402,516394.953
183403,1011237.74
183404,259649.271
183405,24693.87
183407,169904.451
183408,218332.56
183409,524290.928
183410,944567.672
183411,538612.635
183412,827925.758
183413,524378.678
183414,260773.815
183415,204254.222
183416,767623.445
183417,298795.676
183418,424029.883
183419,568906.702
183420,663305.607
183421,1268174.826
183422,72383.49
183423,913408.874
183424,30434.238
183425,1014274.414
183426,1160097.886
183427,32598.795
183428,912604.191
183429,903089.688
183430,652610.22
183431,817433.244
183432,735360.921
183433,33476.893
183434,845455.606
183435,691211.382
183436,1314206.268
183437,899002.586
183438,713473.977
183439,455664.31
183440,496382.577
183441,7108.29
183442,105879.137
183443,907062.189
183444,309274.391
183445,135011.059
183446,169608.686
183447,185496.773
183448,280606.3
183449,1170534.643
183450,864244.518
183451,662520.891
183452,248606.541
183453,501384.644
183454,203697.329
183455,29450.855
183456,48428.065
183457,7107.094
183458,342544.57
183459,363220.544
183460,460605.238
183461,40606.91
183462,235446.643
183463,238876.867
183464,811569.93
183465,448429.417
183466,574380.82
183467,1143753.649
183468,666241.756
183469,40643.644
183470,906420.886
183471,779941.536
183472,734900.415
183473,80694.869
183474,480810.088
183475,1033589.231
183476,169904.451
183477,853222.937
183478,700007.374
183479,992207.903
183480,738116.442
183481,9233.195
183482,168001.813
183483,516742.589
183484,326793.668
183485,972833.607
183486,557934.78
183487,752995.171
183488,299425.92
183490,626652.426
183491,1498657.976
183492,242377.987
183493,81473.525
183494,250151.087
183495,418537.853
183496,163430.91
183497,258715.615
183498,450970.809
183499,907524.513
183500,268424.073
183501,702176.742
183502,265767.452
183503,206200.235
183504,291448.014
183505,136924.6
183506,360100.804
183507,898401.67
183508,1106912.44
183509,672511.593
183510,745949.754
183511,304354.61
183512,851056.056
183513,50040.833
183514,391115.901
183515,1504635.678
183516,617427.2
183517,344952.515
183518,14469.182
183519,32598.795
183520,469168.262
183521,1005701.824
183522,791026.521
183523,386762.446
183524,424943.95
183525,79188.171
183526,612509.428
183528,860671.009
183529,646710.853
183530,168901.378
183531,1064023.499
183532,1584819.22
183533,216984.95
183534,135223.229
183535,90754.197
183536,135042.036
183537,460900.32
183539,496005.866
183540,285259.12
183541,817548.71
183542,241390.541
183543,1092159.215
183544,485870.544
183545,496617.667
183546,150168.707
183547,1061923.736
183548,290580.156
183549,897417.528
183550,164076.381
183551,306841.484
183552,232010.959
183553,789669.861
183554,206286.302
183555,1046732.516
183556,500572.393
183557,1144531.502
183558,101706.095
183559,196729.856
183560,5470.904
183561,484945.732
183562,122118.615
183563,203054.66
183564,270605.553
183565,498615.994
183566,899619.553
183567,85952.497
183568,306376.064
183569,372228.244
183570,382439.821
183571,911706.423
183572,135044.587
183573,153459.639
183574,643804.644
183575,190660.562
183576,677177.76
183578,1122756.129
183579,1268370.995
183580,1120220.385
183581,287762.451
183582,66075.686
183583,33476.893
183584,980796.365
183585,559317.983
183586,453683.278
183587,162592.501
183588,64315.905
183589,212632.628
183590,971492.485
183592,329338.105
183593,938589.582
183594,91426.836
183595,901881.141
183596,676361.202
183597,714129.874
183598,412203.849
183599,807691.65
183600,320575.153
183601,942210.547
183602,627850.889
183603,134333.655
183604,360339.464
183605,690022.719
183606,691942.146
183607,237933.544
183608,66075.688
183609,107835.76
183610,526019.834
183611,404466.034
183612,32598.795
183613,56340.801
183614,597426.063
183615,390083.752
183616,807770.687
183617,749023.057
183618,538823.489
183619,814985.94
183620,780220.768
183621,31434.722
183622,860352.878
183623,1036270.034
183624,1258795.483
183625,31434.722
183626,197393.286
183627,659802.804
183628,369748.692
183629,350898.343
183630,151420.114
183631,1163984.729
183632,1006489.272
183633,731404.46
183634,780356.333
183635,571512.044
183636,1144809.863
183637,972589.752
183638,817154.166
183639,674076.954
183640,780517.397
183641,15934.685
183642,1313419.589
183643,769350.987
183644,4233.924
183645,1223284.81
183646,434447.075
183647,33476.886
183648,875735.31
183649,1020998.631
183650,401503.003
183651,1181745.999
183652,1377040.838
183653,1079668.997
183654,199852.299
183655,397420.17
183656,920456.84
183657,1150678.645
183658,891936.903
183659,170516.988
183660,1105408.033
183661,693423.332
183662,1377040.938
183663,309379.468
183664,719099.334
183665,197346.119
183666,794404.891
183667,1431481.654
183668,745489.201
183669,909544.148
183670,78075.76
183671,872198.052
183672,779891.343
183673,289720.653
183674,31889.807
183675,1226060.935
183676,192535.758
183677,1031255.719
183678,1364914.492
183679,617155.42
183680,676866.663
183681,104631.892
183682,66871.43
183683,884689.018
183684,1313419.588
183685,1004965.446
183686,62073.472
183687,685953.264
183688,795356.43
183689,546530.234
183690,169904.451
183691,962005.679
183692,1192210.895
183693,990070.627
183694,152188.364
183695,82713.252
183696,370987.713
183697,842405.533
183698,96424.923
183699,120288.661
183700,1061587.181
183701,236929.895
183702,135175.246
183703,32515.517
183704,1204849.869
183705,105099.706
183706,157187.668
183707,851011.996
183708,187191.47
183709,319871.561
183710,48387.857
183711,188231.936
183712,358034.702
183713,625718.062
183714,966033.773
183715,380717.455
183716,946722.071
183717,111607.368
183718,968989.742
183719,873631.474
183720,169904.451
183721,362247.54
183722,66169.161
183723,134779.388
183724,543976.31
183725,140171.842
183727,123025.459
183728,115667.951
183729,1157022.07
183730,332925.205
183731,887141.854
183732,30386.722
183733,1020890.478
183734,528739.613
183735,566409.339
183736,459140.668
183737,1263882.433
183738,106172.022
183739,32515.517
183740,676664.264
183741,361531.779
183742,90044.418
183743,1100507.227
183744,528567.637
183745,133978.673
183746,361452.478
183747,973182.784
183748,6435.267
183749,32515.517
183750,400155.681
183751,865703.055
183752,1468400.36
183754,217358.526
183755,613518.86
183756,154919.395
183757,385549.643
183758,683651.885
183759,704625.4
183760,294387.393
183761,737895.271
183762,130374.962
183763,931007.566
183764,233287.017
183765,1253342.28
183766,307244.515
183767,996285.156
183768,203077.716
183769,169904.451
183770,305663.604
183771,172654.312
183772,739359.089
183773,140636.468
183774,189030.498
183775,558029.037
183776,918961.727
183777,982949.536
183778,690801.169
183779,208055.697
183780,932392.75
183781,186153.3
183782,169904.451
183783,206887.465
183784,169904.451
183785,33173.265
183786,1057601.317
183787,530968.119
183788,733710.297
183789,737172.12
183790,234161.601
183791,218039.592
183792,405332.594
183793,852701.923
183794,170306.765
183795,855314.319
183796,732488.752
183797,131794.816
183798,557998.639
183799,882186.786
183800,12097.791
183801,374381.428
183802,201403.568
183803,788739.995
183804,236289.738
183805,169904.451
183806,692205.237
183807,236388.388
183808,908786.307
183809,1137238.675
183810,1369205.734
183811,589443.921
183812,826552.852
183813,1075360.526
183814,768318.43
183815,78535.344
183816,790373.031
183817,371391.922
183818,677679.86
183819,582230.641
183820,135168.871
183821,169904.451
183822,1170397.596
183823,47772.911
183824,54738.417
183825,813062.072
183826,94362.471
183827,405216.365
183828,131262.298
183829,399292.548
183830,377973.72
183831,271266.546
183832,4203.792
183833,1019015.545
183834,33966.334
183835,1181978.63
183836,139002.38
183837,368739.169
183838,461552.779
183839,815509.059
183840,478426.734
183841,330505.179
183842,203087.403
183843,602826.612
183844,274587.39
183845,145168.249
183846,780352.126
183847,474315.224
183848,806935.524
183849,900300.433
183850,1080741.81
183851,148699.131
183852,31434.722
183853,170306.765
183854,1130599.622
183855,33476.893
183856,652342.149
183857,56369.304
183858,365813.099
183859,611299.769
183860,33583.958
183861,365813.099
183862,1374563.18
183863,175626.992
183864,793797.299
183865,16555.432
183866,690799.415
183867,613189.49
183868,508674.433
183869,310211.924
183870,770285.785
183871,735208.671
183872,1380188.777
183873,170306.765
183874,1122938.251
183875,381864.029
183876,355927.055
183877,265578.921
183878,1261840.131
183879,169646.927
183880,33476.893
183881,1102968.318
183882,121484.287
183883,14983.215
183884,169904.451
183885,39294.187
183886,840874.402
183887,58470.95
183888,465944.132
183889,504934.868
183890,9895.295
183891,815237.898
183892,643540.296
183893,722995.606
183894,87379.073
183895,397844.231
183896,13969.448
183897,1004667.198
183898,459630.992
183899,71502.077
183900,368760.404
183901,838580.236
183902,33173.265
183903,775899.27
183904,734410.568
183905,63950.24
183906,827457.667
183907,399295.766
183908,235457.292
183909,107761.865
183910,737391.656
183911,386989.158
183912,27325.782
183913,524742.03
183914,45999.676
183915,140531.493
183916,518893.42
183917,936698.715
183918,159853.164
183919,799499.225
183920,277214.666
183921,860997.381
183922,859980.642
183923,978116.133
183924,177557.452
183925,169904.451
183926,362542.056
183927,160326.827
183928,431097.471
183929,873127.219
183930,927263.678
183931,1347590.098
183932,988362.037
183933,986291.82
183934,96252.281
183935,378244.648
183936,50011.797
183937,135264.462
183938,935187.281
183939,95620.27
183940,1330563.833
183941,291787.607
183942,316305.794
183943,202284.028
183944,439985.371
183945,46135.693
183946,692946.721
183947,356492.961
183948,1154888.808
183949,29583.01
183950,97014.714
183951,1210389.439
183952,181407.251
183953,713147.421
183954,405103.602
183955,64530.434
183956,873137.63
183957,734544.336
183958,280828.042
183959,27704.312
183960,250774.8
183961,32515.517
183962,306841.484
183963,318045.42
183964,344930.035
183965,570799.242
183966,95290.116
183967,1353149.281
183968,32598.795
183969,497942.372
183970,946511.71
183971,842591.297
183972,1175232.374
183973,760605.139
183974,122252.558
183975,351981.631
183976,801398.609
183977,1102211.396
183978,891261.063
183979,231578.367
183980,1321818.882
183981,392568.176
183982,485266.986
183983,375514.165
183984,642429.883
183985,902074.408
183986,799247.48
183987,33113.892
183988,923323.681
183989,691875.321
183990,319446.144
183991,1578099.241
183992,3522776.503
183993,286145.212
183994,1364239.135
183995,366582.454
183996,917868.595
183997,464274.011
183998,235347.396
183999,101692.439
184000,436726.991
184001,31434.722
184002,8775.75
184003,260417.102
184004,133959.17
184005,842840.505
184006,1110844.455
184007,758080.861
184008,8404350.017
184009,419849.219
184010,857417.185
184011,121412.873
184012,1078156.98
184013,198367.833
184014,324083.533
184015,250122.813
184016,363725.021
184017,169904.451
184018,351874.225
184019,708618.024
184020,92061.736
184021,882500.684
184022,380610.212
184023,994295.195
184024,774032.434
184025,167983.624
184026,391072.919
184027,68060.35
184028,31434.722
184029,297587.9
184030,143184.477
184031,691156.499
184032,932304.553
184033,366669.685
184034,879640.947
184035,836824.491
184036,716516.934
184037,280892.597
184038,1096114.387
184040,233742.674
184041,1215746.931
184042,390639.628
184043,696048.857
184044,350039.015
184045,208703.358
184046,1070826.328
184047,1347590.008
184048,26845.297
184088,292548.45
184099,161841.161
184985,261884.695
184987,31395.745
184988,119722.942
184992,307277.439
184993,1761288.826
184997,317350.288
184998,140182.118
185000,26308004.712
185002,5941953.601
185004,198096.925
185005,581928.853
185007,2606554.312
185009,360944.176
185012,26736470.297
185014,2820317.305
185016,1519173.58
185017,456124.013
185020,287197.642
185021,350238.515
185024,5860939.903
185025,285663.065
185026,40327252.099
185027,7175725.12
185029,4555672.022
185030,657809.885
185031,1931670.545
185032,11674705.831
185035,5031821.3
185041,550349.32
185042,4828209.118
185043,314.138
185045,14641.454
185046,36247.804
185047,11511.897
185050,9462665.709
185051,1683891.304
185052,415898.926
185055,21697.724
185057,5714.249
185060,6911008.473
185063,1566620.461
185065,872890.922
185072,1590799.009
185074,2247230.278
185075,1481975.359
185077,1599621.948
185080,10921996.842
185085,314.138
185088,226663.37
185089,1201744.948
185090,360462.509
185093,13420306.951
185096,440007.412
185126,1622487.775
185127,1679408.647
185128,1960077.582
185129,839796.997
185130,909269.417
185132,380613.126
185133,217650.534
185134,340419.506
185135,60939.273
185136,158051.513
185137,307638.986
185138,879444.339
185139,43847.045
185140,179071.652
185141,370081.328
185142,168066.073
185144,34561.344
185145,39966.609
185146,1463034.04
185147,40164.979
185148,215893.069
185149,544320.266
185150,909269.417
185151,158051.513
185152,290204.133
185153,139074.063
185154,148146.478
185155,1638500.856
185156,1492880.755
185157,914762.173
185158,304746.855
185159,60938.671
185160,929098.454
185161,59893.419
185162,529644.283
185163,34849.599
185164,303867.893
185165,2135611.436
185166,158051.513
185167,909269.417
185168,1672867.231
185169,373929.728
185171,219915.067
185172,68521.197
185173,212223.742
185174,168066.073
185175,1835871.517
185176,576737.576
185178,9147.392
185179,275866.858
185180,828746.328
185181,1826672.287
185183,769833.565
185184,33459.901
185185,1808511.372
185186,173363.392
185188,909269.417
185189,193521.002
185190,264573.794
185191,491135.148
185192,212223.742
185193,1911858.24
185194,329183.676
185195,503633.696
185196,166640.375
185865,3920825.426
185866,2521846.343
185868,906480.498
185869,3445012.333
185870,3209630.045
185872,318950.58
185874,3289886.863
185876,1908600.951
185877,2019869.963
185880,266.625
185881,109501.129
185883,16595.914
185885,1700577.407
185887,1041474.9
185889,20586.52
185891,1774698.779
185892,9042.5
185893,662170.587
185894,10628.158
185895,1131748.604
185896,129397.939
185898,3222159.851
185902,259041.644
185903,1813949.56
185904,1053955.169
185905,50663.986
185906,1406103.486
185908,1135489.617
185909,5467.964
185911,54322.633
185917,11847.152
185919,920172.604
185920,1389621.073
185921,2427375.205
185922,2434193.578
185923,2527294.386
185924,4114967.892
185925,2811258.843
185926,2190142.572
185927,388835.873
185928,290585.536
185929,1148309.35
185930,232987.79
185931,3806005.67
185932,286274.02
185933,8577733.228
185934,1751939.716
185935,3439575.078
185936,2350724.052
185937,2843995.322
185938,1787741.156
185939,1412816.149
185941,810660.369
185942,3240327.628
185943,2496270.176
185944,1422740.443
185945,457016.306
185946,675760.954
185947,661999.325
185948,16563.793
185949,27767.56
185950,40359.358
185951,1016777.116
185952,2189378.883
185953,540488.786
185954,2422636.128
185955,1625922.292
185956,1132768.263
185957,3511773.58
185958,2190103.652
185959,808407.122
185960,2443000.609
185961,1148586.79
185962,3683853.082
185963,3928683.541
185964,1612960.43
185965,2470742.019
185966,505890.663
185967,813008.032
185968,117259.092
185969,265307.258
185970,935943.492
185971,2864770.755
185972,2620607.927
185973,46219.816
185974,462033.392
185975,904165.937
185976,722988.229
185977,17768.807
185978,578941.58
185979,36193.871
185980,742855.043
185981,1575634
185982,1695380.009
185983,1380868.754
185984,247579.163
185985,687360.37
185986,584179.948
185987,443444.792
185988,1453852.91
185989,2431800.818
185990,2847145.273
185991,1102136.784
185992,3583980.749
185993,4926914.476
185994,3891899.775
185995,4253537.78
185996,3631264.482
185997,1577486.801
185998,1705024.288
185999,3381745.489
186000,636023.308
186001,759937.836
186003,1611893.246
186004,1156911.888
186005,1361824.01
186006,508903.86
186007,2499390.343
186008,2696363.81
186010,295116.844
186011,363510.076
186012,614201.216
186013,616167.365
186014,34244.138
186015,207751.548
186016,1169.413
186017,396120.095
186018,1181769.975
186019,1867204.753
186020,445165.976
186021,325071.308
186022,341182.661
186023,19909.985
186024,663849.325
186025,802725.875
186026,1023296.323
186027,69981.682
186028,236142.417
186029,698751.208
186030,1473405.406
186031,390360.692
186032,479152.29
186033,2677624.237
186034,1589214.019
186035,985558.521
186036,487202.954
186037,519173.03
186038,461718.456
186039,1197207.692
186040,666970.704
186041,1573798.863
186042,265291.258
186043,216295.509
186044,719951.784
186045,2931892.073
186052,830265.73
186053,2162025.974
186054,358431.372
186056,1057232.805
186057,109582.281
186058,689.517
186059,346942.451
186060,6647.659
186061,835807.575
186062,625140.657
186069,262634.902
186078,1037872.137
186086,18091835.989
186087,2431835.533
186088,11531320.136
186089,147658.988
186090,1427523.57
186106,2893641.971
186512,1555722.315
186525,252163.017
186532,2826.25
186910,743393.193
187322,2500.965
187368,10447731.329
187369,131249.656
187370,626462.103
187371,900063.428
187372,132783.614
187373,19010012.035
187374,327113.138
187375,442738.824
187376,123232.168
187377,34561.344
187378,1082167.875
187379,436392.155
187380,185894.369
187381,19488908.437
187382,18230049.582
187383,18807911.449
187384,17176495.866
187385,864972.434
187386,129410.83
187387,1419392.227
187388,594261.377
187389,857141.429
187390,1262767.644
187391,55663.394
187392,163976.917
187393,966159.836
187394,4070462.471
187395,9923266.051
187396,21881371.478
187397,3503334.215
187398,1666136.283
187399,411073.132
187400,1849229.412
187401,778955.052
187402,833610.368
187403,4945522.866
187404,443162.577
187405,2668630.117
187406,635355.308
187407,13193124.016
187408,230725.731
187409,756301.1
187410,322425.927
187411,9156042.847
187412,413261.063
187413,149233.843
187414,892134.337
187415,171665.013
187416,2840283.052
187417,9908329.342
187418,2533755.56
187419,3563562.368
187420,195559.26
187421,107099.612
187422,265633.319
187423,10853593.078
187424,16281702.94
187425,75541.684
187426,402428.238
187427,207056.378
187428,973917.907
187429,219450.869
187430,1606415.914
187431,10959942.074
187432,391048.142
187433,825223.947
187434,129410.83
187435,20892.375
187436,12962862.007
187437,361474.224
187438,8046344.165
187439,1013287.614
187440,902362.824
187441,19821960.995
187442,906807.443
187443,13778515.931
187444,2628920.423
187445,115708.535
187446,1432990.705
187447,443162.577
187448,1120819.327
187449,950070.657
187450,7341158.806
187451,8407030.496
187452,1035390.21
187453,349814.227
187454,13162052.047
187455,2691.623
187456,3893259.301
187457,635977.376
187458,267404.161
187459,179830.644
187460,66575.453
187461,11577466.054
187462,742896.533
187463,2007361.28
187464,75472.661
187465,405856.868
187466,15707076.256
187467,2247336.879
187468,37653.383
187469,37653.383
187470,304348.671
187471,297308.442
187472,3431331.463
187473,1703271.216
187474,13186277.082
187475,2359815.24
187476,17268922.096
187477,16454054.735
187478,6581118.134
187479,393755.528
187480,415051.55
187481,616525.756
187482,3280630.103
187483,1464876.556
187484,2259911.52
187485,578970.813
187486,141869.627
187487,418750.28
187488,372978.668
187489,16577631.882
187490,18924153.135
187491,611343.317
187492,1939548.139
187493,1361115.394
187494,610624.007
187495,537565.648
187496,526054.506
187497,12057374.078
187498,443162.577
187499,3750751.154
187500,259990.324
187501,47294.738
187502,111948.547
187503,486965.812
187504,576582.189
187505,2843592.142
187506,599258.929
187507,6901018.066
187508,34179.128
187509,179874.484
187510,179383.878
187511,1482013.337
187512,2231072.749
187513,63848.227
187514,1135166.499
187515,3072385.471
187516,18743287.287
187517,8046618.445
187518,858193.852
187519,917888.795
187520,574699.88
187521,510356.815
187522,626567.101
187523,14785706.386
187524,436632.401
187525,2546693.672
187526,766748.361
187527,15219137.671
187528,445106.01
187529,156961.85
187530,7595430.508
187532,1109261.761
187533,350684.133
187534,3849021.794
187535,635927.342
187536,15517786.749
187537,699125.968
187538,1176733.735
187539,3236688.598
187540,48208.302
187541,1958697.876
187542,238414.362
187543,43195.502
187544,7109010.779
187545,3725586.047
187546,2894423.88
187547,11515013.421
187548,12978500.297
187549,2559473.799
187550,31783.892
187551,600689.098
187552,524868.675
187553,360146.185
187554,6263873.841
187555,411073.132
187556,7825414.213
187557,21290.23
187558,326292.241
187559,19259060.932
187560,963092.336
187561,3308323.501
187562,1982745.947
187563,11750334.49
187564,10459665.64
187565,9512255.175
187566,198148.34
187567,493177.409
187568,2515097.784
187569,4448098.002
187570,3551264.982
187571,412074.193
187572,176891.026
187573,1778057.521
187574,557326.236
187575,9692476.59
187576,343319.555
187577,518923.339
187578,9454966.538
187579,75472.661
187580,253834.153
187581,526076.731
187582,740294.659
187583,873113.406
187584,3194236.328
187585,83677.399
187586,1469766.354
187587,4550783.249
187588,320297.851
187589,2675567.472
187590,48430.683
187591,327351.156
187592,129410.83
187593,12841.761
187594,4169794.049
187595,1061.388
187596,616661.224
187597,123587.413
187598,3667681.169
187599,2508371.902
187600,10110984.624
187601,443162.577
187602,411073.132
187603,410786.887
187604,7731476.049
187605,101744.378
187606,148954.825
187607,116677.073
187608,32645.575
187609,2678368.474
187610,5607998.858
187611,187229.797
187612,6913075.913
187613,3751520.148
187614,809700.482
187615,63030.316
187616,48378.033
187617,886122.026
187618,1059220.947
187619,684246.782
187620,3476023.198
187621,13250206.517
187622,4822686.81
187623,2144811.036
187624,8825412.064
187625,1498192.624
187626,8334682.155
187627,628808.841
187628,37653.383
187629,64419.091
187630,195613.799
187631,15167527.906
187632,3460267.672
187633,157695.688
187634,6989430.685
187635,1192614.976
187636,2448531.44
187638,5512197.369
187639,3587429.619
187640,3968312.412
187641,713890.831
187642,2592141.133
187643,101019.321
187644,493925.041
187645,1280129.026
187646,10193060.171
187647,677445.439
187648,167971.847
187649,16616180.64
187650,403128.023
187651,2534332.198
187652,2814271.379
187653,2206115.735
187654,1973781.727
187655,3634536.788
187656,942944.583
187657,501766.269
187658,15519501.772
187659,129410.83
187660,188921.057
187661,575929.473
187662,616414.427
187663,768919.699
187664,2534552.491
187665,296390.535
187666,192616.071
187667,627107.937
187668,310575.467
187669,180141.92
187670,2846585.013
187671,140171.842
187672,3436464.87
187673,18995598.263
187674,12923016.666
187675,3202500.722
187676,287436.637
187677,9382779.898
187678,1118900.466
187679,788935.008
187680,443162.577
187681,8659454.854
187682,32500.273
187683,875613.544
187684,10815961.216
187685,11543741.109
187686,194262.971
187687,1893776.047
187688,6416034.842
187689,10562616.471
187690,820753.164
187691,1223724.62
187692,13321268.809
187693,3158022.142
187694,6086448.19
187695,385888.248
187696,6744297.714
187697,782526.858
187698,14586942.199
187699,10796660.311
187700,421964.005
187701,1600890.641
187702,5407885.366
187703,3085988.194
187704,117475.767
187705,18430118.345
187706,433668.83
187707,15078148.101
187708,247196.673
187709,232870.52
187710,7159403.513
187711,443162.577
187712,662188.547
187713,17287697.988
187714,2191190.549
187715,14025769.37
187716,20200614.596
187717,1059274.271
187718,6106986.655
187719,811284.191
187720,1329528.34
187721,856883.295
187722,18522323.163
187723,15457883.716
187724,2572852.03
187725,370294.611
187726,1167578.346
187727,2281449.912
187728,1413910.516
187729,362131.341
187730,891342.055
187731,878932.216
187732,547291.026
187733,16657049.203
187734,358819.831
187735,672005.262
187736,2696287.958
187737,404485.415
187738,1580844.067
187739,16199593.215
187740,3842379.899
187741,575640.295
187742,1284205.835
187743,1684400.337
187744,7753170.324
187745,69410.942
187746,19379860.952
187747,2692532.977
187748,2941963.065
187749,1110927.981
187750,2166731.186
187751,3032525.837
187752,2431076.821
187753,737808.657
187754,411073.132
187755,3300342.24
187756,1470469.902
187757,30930.514
187758,443162.577
187759,7666648.194
187760,140171.842
187761,310709.226
187762,8737009.443
187763,10219317.533
187764,333086.102
187765,424547.513
187766,563728.788
187767,16758712.638
187768,3682919.637
187769,3502039.46
187770,1168595.831
187771,506187.924
187772,9253171.899
187773,443141.346
187774,129410.83
187775,1620352.624
187776,48315.916
187777,855288.475
187778,7582.608
187779,2488591.498
187780,9785327.993
187781,2893209.76
187782,3022571.201
187783,9169183.815
187784,16396603.722
187785,411073.132
187786,1847898.909
187787,736276.584
187788,67564.742
187789,27886.882
187790,69864.562
187791,733521.159
187792,308659.315
187793,355168.27
187794,1084327.304
187795,737442.029
187796,232085.129
187797,6552766.542
187798,255421.584
187799,443162.577
187800,984499.388
187801,6291123.294
187802,16348043.926
187803,1293889.563
187804,443371.655
187805,2151970.97
187806,588529.316
187807,232542.757
187808,846692.245
187809,5912331.891
187810,7524930.962
187811,48363.686
187812,552078.925
187813,364227.122
187814,108478.891
187815,2561827.55
187874,707601.835
187905,29612.493
187935,3396372.726
187944,38018.202
187987,21085.287
188016,187009.156
188021,468131.407
188023,1180116.774
188065,628464.784
188115,149640.319
188118,695157.989
188304,426482.213
188314,5965612.764
188315,2002878.963
188316,256000.328
188318,4229239.677
188320,781622.834
188321,7623286.801
188322,7354242.334
188323,563480.292
188324,3704165.551
188325,1265067.074
188326,6698412.046
188327,1149916.075
188332,5425669.156
188334,15009843.158
188335,2387965.794
188338,14852115.595
188339,19913816.447
188340,11336206.997
188341,3232699.021
188342,126861.628
188343,11316344.058
188344,245685.024
188345,443162.577
188346,2589597.97
188347,9355231.962
188348,936419.96
188349,17367491.808
188350,3074291.939
188351,2352514.807
188352,318551.99
188355,516478.154
188356,9610.376
188357,521191.625
188358,5542387.693
188359,240390.641
188363,16623391.996
188364,409021.033
188365,1572276.761
188366,7723698.387
188367,9239922.806
188368,134324.939
188369,329339.744
188370,11339469.108
188371,3792347.51
188372,2165963.977
188373,862293.953
188374,4302250.258
188376,158051.513
188378,1088938.208
188379,235558.562
188380,2614775.088
188381,5970152.98
188382,8493737.1
188384,589965.879
188386,9300446.247
188389,2362791.102
188390,129410.83
188391,1717702.872
188392,266717.188
188393,547208.502
188394,3568521.235
188395,13383104.403
188396,233525.842
188397,41924.769
188398,9820185.501
188399,11632860.959
188400,9741053.712
188401,1214326.779
188402,961654.405
188403,6373348.018
188404,1468542.391
188405,7803575.821
188406,1149817.819
188408,202566.036
188409,17704.174
188410,5918366.297
188411,2835823.732
188412,391547.997
188413,9698897.841
188414,213449.92
188416,6248821.276
188417,926418.085
188418,84815.955
188419,606036.129
188420,6276336.335
188422,443162.577
188423,802503.257
188425,14212985.814
188426,1096808.728
188428,6843981.568
188429,10144975.134
188430,9049889.264
188432,3466242.685
188433,18526517.233
188434,3497646.876
188435,5786013.346
188437,129410.83
188439,2955930.085
188440,240755.798
188441,3432122.528
188442,2584789.357
188443,2398999.791
188444,188785.211
188445,10363577.477
188446,1230382.921
188447,3010056.691
188448,10686346.285
188449,6308417.683
188450,4897241.366
188451,560515.672
188452,3973957.246
188453,15968872.09
188457,122782.515
188458,126865.052
188459,15100715.938
188462,13621778.766
188463,1238761.572
188464,5772412.445
188465,16859729.382
188467,21169614.072
188468,8350478.535
188469,3023886.466
188470,985280.234
188471,489981.094
188472,50675.439
188473,1257313.929
188474,135250.309
188475,10214505.341
188476,4734254.449
188477,705424.615
188479,7820768.124
188480,8254981.28
188481,1606477.679
188483,600050.853
188484,356417.034
188486,949129.101
188488,8725253.747
188489,2227350.905
188491,6853302.028
188492,16206328.529
188493,129410.83
188494,5919758.978
188496,2542479.317
188497,6557659.531
188498,64345.634
188500,693208.317
188501,1620588.434
188502,6416871.454
188503,9738310.649
188505,129410.83
188506,2073903.532
188507,108473.331
188508,271477.506
188511,8381957.448
188512,14341364.854
188514,5883597.953
188515,7577819.498
188516,930728.678
188517,707234.552
188518,4270605.431
188519,213654.122
188520,129410.83
188522,1281815.787
188523,751230.899
188524,1155980.847
188526,591937.589
188527,575959.854
188528,6300352.312
188529,2837315
188530,6437150.134
188532,9929228.973
188533,210617.717
188535,977578.534
188536,2305692.618
188537,9910103.735
188538,2603014.517
188539,2896731.422
188540,1592080.676
188542,255346.528
188543,443179.104
188544,17519190.796
188545,7890735.857
188546,5600329.132
188548,2634357.01
188549,163372.225
188550,179326.176
188551,2624596.847
188552,831975.955
188554,14976986.586
188555,4279646.152
188556,870508.116
188557,20111461.928
188560,625296.794
188561,11518529.587
188562,2716060.611
188563,1009849.294
188564,7114663.825
188565,17803730.719
188566,13059604.783
188567,17702369.493
188568,3418171.772
188569,2660071.445
188572,34849.599
188573,411073.132
188574,2451998.065
188575,4589354.811
188577,14484290.179
188578,8986820.413
188579,8263108.957
188580,10664558.47
188581,4594242.398
188582,18437947.498
188583,1722592.497
188584,234187.774
188585,5824595.72
188586,954400.814
188587,226608.654
188588,11274786.581
188590,9791101.61
188592,2434399.288
188593,3318496.477
188595,15198209.077
188596,3248952.213
188597,3341648.674
188599,2981626.032
188600,655957.379
188601,248648.188
188603,2462137.198
188604,700734.197
188605,4339889.446
188606,19068179.077
188607,4092736.891
188608,10010899.131
188609,21243159.799
188610,593152.451
188611,384908.408
188612,8195876.799
188613,10849788.57
188614,9168869.846
188616,2042364.731
188617,3311906.89
188618,5464489.868
188619,819890.938
188620,580166.092
188621,568925.685
188622,177328
188623,655024.026
188624,2884291.045
188626,11870888.326
188627,14102271.84
188628,1324074.822
188629,10895312.543
189744,91710.35
189746,187501.697
189747,136537.318
189748,434851.438
189750,69410.942
189752,616449.31
189810,6087.577
189818,153397590.856
189819,1419773.73
189820,7277225.551
189823,251783.711
189828,2911223.103
189829,2774451.054
190064,7454644.792
190065,2322668.341
190066,684380.449
190067,193735871.777
190068,9141717.89
190069,4001156.349
190070,3051572.331
190071,1897871.204
190072,1541971.565
190073,34377641.161
190074,552487.695
190075,15820669.633
190076,330099.452
190077,22501.819
190078,43679.171
190079,2741607.634
190080,216218645.025
190081,553371.732
190082,416909.073
190083,2562090.427
190084,2867369.853
190085,637719.477
190086,1751311.351
190087,36942469.561
190088,24006921.061
190089,34380822.534
190090,24866655.922
190091,2294823.722
190092,161549.477
190093,16168575.069
190094,206515.914
190095,1342634.095
190096,932031.835
190097,3233908.7
190099,47227506.009
190100,23594368.241
190101,54640558.92
190102,3618032.321
190103,5363962.388
190104,2110080.249
190105,1237468.488
190106,3526849.701
190107,59881217.345
190108,20613495.545
190109,79352329.223
190110,1418397.301
190111,555472.882
190112,479904.746
190113,212959.735
190116,112687324.712
190117,28935981.48
190118,181900687.891
190119,743649.991
190120,73328.583
190121,1722048.847
190123,113213768.166
190125,31684633.432
190126,3303093.45
190127,3404857.305
190128,1309215.793
190129,581706.826
190130,2807323.803
190131,60574099.769
190132,3987929.015
190133,180942457.144
190134,575228.489
190135,571024.881
190136,419256.397
190137,55675781.183
190138,3939550.021
190139,4766286.029
190140,364335.779
190141,47556.057
190142,2991058.352
190143,4136255.1
190144,52359.17
190145,232827058.749
190146,30096890.619
190147,30678366.417
190148,87345.629
190149,219146438.785
190151,851360.682
190152,19740264.159
190153,1580683.492
190154,84142875.222
190155,1684903.298
190156,3688346.931
190157,55795675.595
190158,7742463.157
190159,19166166.202
190160,2868022.582
190161,991188.397
190162,1031.148
190163,51386402.676
190165,1187919.177
190166,611827.759
190168,6437914.748
190169,40687645.268
190170,3428331.45
190172,1363334.624
190173,2352103.36
190174,2304395.724
190175,3713077.399
190176,89669517.604
190177,531515.965
190178,596936.987
190180,182309226.24
190181,13019901.21
190182,1317345.035
190183,33500128.255
190184,9910132.922
190185,267938.783
190187,491551.247
190188,189631.866
190189,3762740.305
190190,23530598.848
190191,603200.479
190192,151770.21
190193,26620436.945
190194,59005.184
190195,3491266.058
190196,5913238.982
190197,119512558.553
190198,135673450.251
190199,1147943.506
190200,1319438.016
190201,70201213.337
190203,44433293.079
190204,616391.55
190205,1639835.8
190206,2015599.227
190207,17448258.31
190208,1303241.715
190209,579591.319
190210,12748637.962
190211,16009628.827
190213,225220.292
190214,239337046.698
190216,3249825.942
190217,34752719.993
190218,2585280.281
190219,1763357.375
190220,309114.543
190221,4005684.163
190222,27037.073
190223,13304439.551
190224,12632.905
190225,617317.897
190226,2021874.519
190227,2642995.764
190228,1268667.652
190229,19197710.643
190230,478509.897
190231,104329.631
190232,223803355.23
190233,1892696.836
190234,10985877.449
190236,3308027.765
190237,2227952.721
190238,817453.188
190239,4078936.342
190241,1341514.276
190242,636743.384
190243,10658741.904
190244,832502.034
190245,869583.709
190246,1091222.909
190247,1244884.107
190248,3311422.965
190250,600714.939
190251,1246259.88
190252,1669179.13
190253,1164798.256
190254,139781.837
190255,29629936.195
190256,5187049.766
190257,800733.658
190258,2711001.855
190259,4176409.888
190260,173658936.95
190261,242744477.123
190262,2449529.615
190263,644770.699
190264,36277897.265
190265,41622131.851
190268,269462.086
190269,1059452.56
190270,20710875.048
190271,2292004.799
190272,127997.299
190274,570089.401
190275,1088424.862
190276,12596936.603
190277,29602222.013
190278,15394983.266
190279,7820195.944
190281,840934.461
190282,25401595.768
190283,727447.942
190285,111609078.933
190286,16512745.912
190287,23628602.421
190290,539504.59
190291,17133244.187
190292,151067302.557
190293,477067.648
190294,3599655.464
190295,1482641.4
190296,62366144.271
190297,3305099.885
190298,154351444.968
190299,3066450.473
190300,216612645.136
190301,7257854.031
190302,56801338.182
190303,664805.457
190305,989260.994
190307,2858431.374
190308,369156.97
190309,3871727.918
190310,190816446.402
190311,115383627.204
190312,1334867.311
190313,8492896.916
190314,26304680.48
190315,143308807.076
190316,220184633.11
190317,77302853.682
190318,785661.551
190319,56890506.705
190320,408626.663
190321,61085430.11
190322,18951203.121
190323,789695.88
190324,220743190.791
190325,2589357.085
190326,2281083.958
190327,1885584.645
190328,362580.981
190329,55985.622
190330,6774252.945
190331,83805346.639
190332,4741092.622
190333,2431806.608
190334,2723192.573
190335,7503294.608
190336,2676327.533
190338,1102837.43
190339,754258.826
190340,2163829.987
190341,30442419.594
190342,1609038.143
190344,298188.661
190345,837560.408
190346,150051521.685
190347,8434075.273
190348,2336996.032
190349,34214076.848
190350,197199027.034
190351,1470934.505
190352,20056679.222
190353,90130456.067
190354,1686698.401
190355,773784.16
190356,9785883.203
190357,576179.212
190358,915946.982
190359,29937319.439
190360,12265470.012
190361,58376854.579
190362,4781494.394
190363,4227905.89
190364,3729585.194
190365,639738.248
190366,1370743.271
190367,3157835.522
190369,106888389.735
190370,36648859.295
190371,8330312.299
190372,2485401.606
190373,29106966.632
190374,16220.337
190375,1086559.634
190376,15752388.331
190377,2979190.769
190378,112514495.05
190379,28778.312
190380,6370268.742
190381,2403147.82
190382,2100338.692
190383,2382095.523
190384,63480911.217
190385,196265551.247
190387,668464.781
190388,31407932.286
190389,14483122.165
190390,88908112.401
190391,186956756.427
190392,302369.656
190393,31807368.995
190394,65794656.144
190395,401451.741
190396,14357765.432
190397,2386144.704
190398,1589964.774
190399,27368863.67
190400,2415439.752
190401,481523.794
190402,20098922.257
190403,28475944.666
190404,83428626.317
190405,1691430.183
190406,854272.755
190407,4086139.58
190408,54491.564
190410,38879.53
190411,2387323.889
190412,745424.362
190414,249315448.81
190415,1698700.982
190416,49481628.039
190417,765356.83
190418,3400742.759
190419,64407.595
190420,1673594.704
190421,219525.883
190422,57064387.396
190423,94307950.136
190424,2306513.709
190425,225774440.529
190426,2751659.994
190427,7152117.468
190428,694684.782
190429,4353432.562
190430,931912.746
190431,10141530.713
190432,24372398.233
190433,74510383.68
190434,632493.116
190435,33012859.749
190436,723481.578
190438,401481.216
190439,46709.635
190440,3834464.342
190441,1500747.686
190444,29483180.622
190445,3158797.903
190447,145747396.422
190448,190419.292
190450,6218639.644
190451,1655567.06
190452,40244983.421
190453,21366505.144
190454,1579616.58
190455,11216185.957
190456,820200.032
190457,3586275.656
190458,5468231.003
190459,3350337.381
190461,196979207.05
190462,1198784.992
190464,122181999.785
190465,7516119.621
190466,21871151.667
190467,4100.492
190468,15951682.977
190469,599195.782
190470,3612962.542
190471,53903441.506
190473,2238358.542
190475,4888413.499
190477,76078625.078
190478,4177582.548
190480,52842957.92
190481,4122687.033
190483,306923.756
190484,2902473.035
190485,119172007.962
190486,2720764.356
190487,93969.062
190488,39777381.209
190489,3074580.084
190654,16253634.094
190674,830514.929
190675,862396.125
190676,839366.727
190677,122054.521
190678,497533.591
190679,927376.263
190680,633268.14
190681,604681.102
190682,648186.01
190683,642975.431
190684,418096.369
190685,10332445.556
190686,724120.506
190687,411073.132
190688,15674755.882
190689,830217.875
190690,434911.355
190691,14202108.181
190692,1272442.35
190693,435526.806
190694,13836966.534
190695,7760310.371
190696,40219.826
190697,2052933.146
190698,2493890.896
190699,925592.571
190700,3777697.165
190701,580650.643
190702,4337950.399
190703,897265.935
190704,9518646.225
190705,4365396.285
190706,2605740.779
190707,7311817.835
190708,9505302.53
190709,2398983.625
190710,2324991.488
190711,1818340.84
190712,3580653.072
190713,9449363.764
190714,1150706.544
190715,5132166.303
190716,54549.361
190717,10636178.737
190718,443162.577
190719,7291663.125
190720,2233478.984
190721,3159273.363
190722,1496877.406
190723,603285.045
190724,857100.858
190725,7140747.089
190726,7925753.933
190727,15811540.669
190728,13424548.191
190729,2609062.151
190731,19149665.514
190732,2233478.984
190733,3684442.487
190734,2493890.896
190735,501786.579
190736,18138103.095
190737,1131141.82
190738,2201305.561
190739,10351841.615
190740,18441148.238
190741,749942.526
190742,3349718.779
190743,1490688.14
190744,9141076.736
190745,13001995.94
190746,1957877.43
190747,11356127.238
190748,502180.794
190749,15998438.448
190750,2336070.661
190751,603285.045
190752,107973.663
190753,442539.949
190754,129410.83
190755,18936461.041
190756,15254259.498
190757,3125458.948
190758,511472.818
190759,1160922.981
190760,502180.794
190761,4858607.516
190762,7493654.837
190763,292205.217
190765,322990.656
190766,1676711.035
190767,223899.358
190768,2906668.078
190769,1666075.077
190770,344559.405
190957,2209105.578
190958,719325.927
190959,3138624.195
190960,2434143.107
190963,1532548.302
190964,303749.801
190966,384603.447
190967,141933.555
190968,579031.632
190969,27637.202
190970,446545.62
190971,40164.98
190972,625130.275
190973,2287045.412
190974,2477144.817
190976,168707.298
190977,60939.272
191108,8530720.696
191110,3382333.32
191191,362254.056
191192,3530.4
191193,194803.791
191194,37028.365
191196,749844.388
191197,530738.034
191206,1984872.498
191207,310073.732
191208,466770.954
191211,333016.612
191214,3468141.382
191276,5120859.251
191277,28168189.542
191308,246985.477
191310,54801.173
191311,32516.597
191314,201162.73
191368,331538.977
191721,418576.75
191743,294331.797
191747,161928.635
191751,124538.94
191822,791072.242
191828,384400.661
191829,4860788.381
191831,2395025.793
191832,1905372.655
191833,2483648.123
191834,307257.957
192253,268105.132
192254,282039.031
192255,4865.527
192256,159147.488
192258,3995834.717
192259,26402.026
192260,5577.413
192261,38461.041
192262,138132.864
192263,879727.009
192264,567602.547
192265,671347.511
192266,2666385.038
192267,2506219.254
192268,398548.889
192269,3938457.205
192270,416981.845
192271,319465.919
192272,129947.118
192273,691391.607
192275,854976.729
192276,11372149.614
192277,201662.176
192278,1370740.807
192279,6142922.94
192280,2722360.871
192281,122083.738
192283,11317.667
192284,10.914
192285,1097173.972
192286,29.956
192287,13.463
192288,165.958
192289,619284.576
192290,9376.88
192291,2355653.32
192292,1407.476
192293,16343.279
192295,137285.213
192296,21323464.051
192297,20095060.341
192298,15998263.431
192299,3463901.418
192300,3827901.768
192301,49448.501
192302,2004429.521
192303,19276.222
192304,1634683.249
192305,22568346.79
192306,333.227
192307,236869.311
192308,909617.84
192309,134486.668
192310,578367.978
192311,104552.409
192312,27988.998
192314,17339.978
192315,276129.702
192316,23711491.556
192317,1958173.505
192318,23826437.73
192319,3451080.278
192320,2408246.355
192321,23861984.981
192322,147911.276
192323,2706449.538
192324,3377054.13
192325,12525.611
192326,1342170.321
192327,16904828.542
192328,2279741.456
192329,15.416
192330,897790.531
192331,125593.149
192332,344078.731
192333,307203.234
192334,14221564.312
192335,1875816.026
192336,51.448
192337,37521.747
192338,43128.219
192339,788536.599
192340,817241.445
192341,94540.013
192342,20263571.738
192343,70.974
192345,1179982.633
192346,76295.931
192347,128997.472
192348,30.226
192350,124.767
192351,2223843.966
192352,135769.44
192353,777311.667
192354,135.909
192355,722528.018
192356,15094268.656
192357,1064497.24
192358,9.259
192359,776573.221
192360,152433.527
192361,1177575.587
192362,9827084.493
192363,14845.597
192364,273640.744
192365,153520.236
192366,250877.556
192367,23786409.999
192368,21.096
192369,163329.718
192370,2222524.03
192371,72402.775
192372,7123.343
192374,11371757.222
192376,1316864.343
192377,185564.848
192378,23665057.087
192379,18414.432
192380,13147269.823
192381,322.349
192382,176378.584
192383,16539889.841
192384,168313.451
192385,224756.876
192386,22414299.051
192387,348458.076
192388,19621.363
192389,191933.074
192390,1804271.349
192391,1777030.921
192392,4722094.592
192393,6119211.605
192394,422788.555
192395,37010.321
192396,293332.28
192397,24540.511
192398,671621.386
192399,4360954.496
192400,1413148.415
192401,17011.126
192402,663113.116
192403,181.879
192404,32194.339
192405,1127816.61
192406,132210.127
192407,8251265.91
192408,1378993.651
192409,971442.491
192410,132747.383
192411,4967559.322
192412,289.389
192413,18368743.569
192414,87290.019
192415,129947.118
192416,4186923.437
192417,6636722.733
192418,13983.952
192419,16497765.19
192420,13339775.414
192421,445265.357
192422,794688.804
192423,1909863.374
192424,22488130.393
192425,323227.845
192426,1722053.315
192427,1086456.718
192428,23871865.043
192429,26839.003
192430,1746506.463
192431,11101945.748
192432,102530.535
192433,4934804.857
192434,77522.907
192435,73699.625
192436,150846.698
192437,1314.452
192438,12.742
192439,21343.732
192440,18044713.901
192441,4532523.201
192442,237282.108
192443,339194.667
192444,3297984.771
192445,22309.776
192446,158052.859
192447,1474793.073
192449,1196323.454
192450,343773.454
192451,2794079.65
192452,903434.564
192453,158102.495
192454,329050.6
192455,1476.955
192456,196695.974
192457,35468.57
192458,671219.265
192459,442656.959
192460,18866495.598
192461,190.299
192462,45679.052
192463,37210.106
192464,62690.991
192465,129947.118
192466,92778.789
192467,6516.138
192469,9.026
192470,776636.559
192471,52599.573
192472,59.511
192473,480196.886
192474,204797.428
192475,109.409
192476,162195.119
192477,10113493.708
192478,184062.348
192479,430265.545
192480,45497.413
192481,476715.522
192482,140901.817
192483,155830.775
192484,69372.127
192485,46.521
192486,95.717
192487,8675.396
192488,183859.389
192489,373354.137
192490,116684.127
192491,1407.476
192492,657.796
192493,1501382.902
192494,729.983
192495,8103.183
192497,192.271
192498,579390.129
192499,112108.633
192500,327.736
192501,13897.059
192502,210154.835
192503,1910.514
192504,4756826.444
192505,8764185.942
192506,16876483.937
192507,18612196.567
192508,340466.714
192509,564219.092
192510,5116785.656
192511,2009753.849
192512,129947.118
192513,70407.376
192514,13.636
192515,145954.424
192516,4778.386
192517,245392.36
192518,1797731.094
192519,38301.54
192520,461925.398
192521,16769906.431
192522,152.992
192523,380.327
192524,326597.368
192525,2988746.251
192527,913099.967
192528,4128751.289
192529,483766.893
192530,11.337
192531,317215.191
192532,125241.864
192533,1824684.937
192534,799852.225
192535,7413.921
192536,5364538.467
192537,1448273.78
192538,17595438.556
192539,112012.748
192540,12797.354
192541,21389.202
192542,999675.146
192544,159.011
192545,3841271.008
192546,7727.722
192547,555262.747
192548,3890.105
192549,14386435.917
192550,730371.998
192551,3873192.445
192552,579660.297
192553,374260.482
192554,287868.151
192555,359820.391
192556,108.143
192557,129938.536
192558,2065942.113
192559,88464.872
192560,441550.906
192561,945385.009
192562,23337772.931
192563,21379824.052
192564,21233814.288
192565,20012.705
192566,1051039.807
192567,20841335.915
192568,656298.13
192569,52281.977
192570,74133.79
192571,129.565
192572,35.88
192573,5667124.777
192574,6405.932
192575,312085.718
192576,1065255.638
192577,2047.795
192578,4575317.098
192579,1432743.306
192580,22961502.445
192581,1134168.606
192582,789021.011
192583,1703191.133
192584,118.979
192585,306933.253
192586,23204322.795
192587,21274240.735
192588,1535933.592
192589,7390998.707
192590,21542758.724
192591,2531892.595
192592,1795085.819
192593,21483768.923
192594,7606.408
192595,184917.577
192597,727222.861
192598,299716.245
192599,3714369.274
192600,3028301.793
192601,136998.239
192602,21.211
192603,6861637.849
192604,10465495.759
192605,9757688.343
192606,102938.159
192608,1097653.303
192609,84542.746
192610,25.002
192611,22645498.428
192612,642608.174
192613,4082.215
192614,11856870.218
192615,3468467.282
192616,1282599.575
192617,730269.622
192618,266305.876
192619,20444.627
192620,1287806.263
192621,59622.308
192622,260286.326
192623,2798252.281
192624,2247512.541
192625,5667725.402
192626,34.829
192627,565421.059
192628,323454.08
192629,2044891.754
192630,798764.321
192631,234.607
192632,16464.14
192633,2499131.202
192634,23409620.767
192635,1578485.456
192636,23885851.357
192637,438837.956
192638,224756.876
192640,2119953.87
192641,5773278.796
192642,6476227.777
192643,4792.513
192644,614112.246
192645,3339735.198
192647,6703959.952
192648,10087248.615
192649,1474924.052
192650,13945.611
192651,914020.39
192652,46322.656
192653,296887.845
192654,4354865.519
192655,317833.933
192656,747114.865
192657,16348.286
192658,6213.112
192659,139920.296
192660,908918.596
192661,39989.771
192663,371396.32
192664,22969374.972
192665,1028319.689
192666,646490.358
192667,96204.467
192668,1094832.805
192669,342.23
192670,1726799.27
192671,1112911.461
192672,85505.164
192674,23892873.998
192675,92799.004
192676,87930.476
192677,158311.154
192678,1013153.334
192679,960376.687
192680,206325.33
192681,4771415.855
192682,129937.032
192683,609105.168
192684,99112.497
192685,1380767.963
192686,6341318.272
192687,3154.669
192688,709640.041
192689,84466.095
192691,1062811.303
192692,3964150.673
192693,1511314.763
192694,20408198.056
192695,45999.071
192696,1283693.201
192697,1397076.29
192698,280.819
192699,19257990.593
192700,22576751.861
192701,16258880.434
192702,168.482
192703,130.422
192704,23963941
192705,6203.237
192706,221366.002
192707,81993.355
192708,7805745.783
192709,195.337
192710,12122.376
192711,2258040.336
192712,5220295.9
192713,918812.752
192714,15538885.528
192715,73358.345
192716,12955.503
192717,30.362
192718,3474445.497
192719,21970051.318
192720,15898.092
192721,44.38
192722,21808793.366
192723,1256447.061
192724,904523.315
192725,74349.994
192726,427.681
192727,15377623.65
192728,1053451.123
192729,13700418.234
192730,1314387.012
192731,7004.333
192732,2959130.806
192733,108880.616
192734,45360.467
192735,939634.466
192736,2671.605
192737,22596936.685
192738,841398.291
192740,336758.74
192741,110.172
192742,190.416
192743,23936349.005
192744,42.112
192745,5317462.066
192746,861572.83
192747,634612.765
192748,3696.553
192749,69200.756
192750,344078.731
192751,84458.296
192752,146994.331
192753,1683935.135
192754,16387905.497
192755,2017271.958
192757,36067.181
192758,508380.54
192759,1024788.805
192760,3869756.88
192761,287002.522
192762,374159.816
192764,38409.295
192765,255730.421
192766,134056.136
192767,1614096.269
192768,4837.906
192769,260508.193
192771,84.075
192772,22939672.884
192773,1800737.225
192775,728492.289
192776,1725686.165
192777,60846.358
192778,23824250.464
192779,7533866.324
192780,370969.156
192781,1046296.494
192782,162810.443
192783,33902.05
192784,555571.322
192785,123.024
192786,10136984.379
192787,116217.907
192788,44274.273
192789,21751958.509
192790,227472.93
192791,219173.919
192792,229086.333
192793,13879351.177
192794,2666755.763
192795,30582.869
192796,14985326.218
192797,576255.506
192798,1751837.8
192799,2045699.064
192800,419566.014
192801,132111.824
192802,195067.963
192803,129258.873
192804,1475444.798
192805,107327.626
192806,431182.15
192807,377564.366
192808,7.929
192809,139907.441
192810,908853.444
192811,18594701.487
192812,23639229.537
192813,8998679.133
192814,211809.153
192815,21038491.827
192816,643755.972
192817,239539.862
192818,9675.634
192819,17703239.411
192820,7970704.997
192821,285499.954
192822,1190818.41
192823,69.798
192824,2693902.831
192825,1763748.899
192826,45279.958
192827,79139.819
192828,214161.794
192829,9236400.288
192830,53093.617
192831,2732892.15
192833,1445348.432
192834,146601.632
192835,714398.501
192836,227228.147
192837,812051.064
192838,931567.635
192839,1193717.879
192840,271974.497
192841,357.653
192842,3034392.264
192843,15358690.255
192844,22925459.11
192845,177784.612
192847,16049895.212
192848,4189248.328
192849,15125260.326
192850,37537.942
192851,284572.922
192852,40274.06
192853,22845740.767
192854,34996.996
192856,42844.727
192857,98441.678
192858,267.408
192859,4173606.509
192860,221066.438
192861,2023588.518
192862,224756.876
192864,4926632.743
192865,96835.779
192866,232690.802
192867,312047.188
192868,44872.693
192869,3097912.507
192870,23226367.072
192871,296267.426
192872,41683.43
192873,13097800.657
192874,1280362.469
192875,2778886.492
192876,179459.146
192877,4029.541
192878,306307.732
192879,22324724.961
192920,55285.216
192929,365463.22
192930,2966736.186
192932,3831943.249
192933,2263385.346
192934,487002.859
192935,8334.689
192936,168676.172
192937,1014643.358
192939,2623353.452
192941,3170552.62
192942,55334775.597
192943,1613434.237
192944,398642.085
192945,2140209.104
192948,51763.731
192982,9847975.746
192983,129410.83
192984,1012255.055
192986,8553779.739
192987,5788199.623
192988,52321.586
192989,4712962.188
192990,5823062.604
192991,15352108.211
192992,183199.62
192993,584816.573
192994,103490.347
192995,8269526.394
192996,9390107.762
192997,110929.569
192998,5314426.259
192999,392633.613
193000,9117324.205
193001,3302489.234
193002,7513951.202
193003,8357762.286
193004,101105.466
193006,40807.704
193007,15846820.48
193008,42621.936
193009,4579872.867
193010,928093.29
193012,303859.932
193013,7701803.955
193014,411073.132
193015,9460117.783
193016,131925.831
193017,13699044.256
193018,969787.163
193019,1049494.146
193020,6580168.585
193021,7957892.688
193022,3294403.679
193023,3692753.855
193024,9329791.724
193025,9980331.188
193026,2335028.343
193027,5213244.307
193028,8302470.258
193029,114778.947
193030,2432461.216
193031,4129091.111
193032,5833376.33
193033,2258301.486
193034,8554453.499
193035,6302956.619
193036,262186.276
193037,2129655.967
193038,1297243.76
193039,6191040.883
193040,5812765.28
193041,5654521.791
193042,13017710.517
193043,10511201.316
193044,128265.364
193045,148726.516
193046,37390.344
193047,7687626.446
193048,17296766.033
193049,9755441.851
193050,626929.172
193051,398451.124
193052,44580.084
193053,4867581.999
193054,5445706.925
193055,1375253.27
193056,8811267.487
193057,1793.783
193058,10487332.829
193059,6312894.788
193060,10030879.533
193061,5078463.298
193062,2795104.457
193063,8667236.725
193064,9229706.185
193065,129410.83
193066,6173857.712
193067,2008580.721
193068,13015702.748
193069,136142.01
193070,26012.639
193071,43644.071
193073,10183951.084
193074,1615648.091
193075,7869769.535
193076,6669023.915
193077,583482.15
193078,6741605.317
193079,28075.364
193080,12611127.156
193081,1592.547
193082,6743319.782
193083,485919.528
193084,1144637.357
193085,15203119.037
193086,44377.007
193087,70906.338
193088,6403081.649
193089,5304370.102
193090,2310356.4
193091,2772921.425
193092,10097123.715
193093,7786944.173
193096,3535670.485
193097,12792752.406
193098,6465050.644
193099,2921048.77
193100,11409278.15
193101,415658.215
193102,5389277.373
193103,2616096.618
193104,112699.482
193105,8501601.945
193106,14232644.914
193107,3356837.143
193108,6361060.526
193109,3740126.456
193110,92410.156
193111,558945.326
193112,6874951.986
193114,7771114.17
193115,1855926.769
193116,7626671.618
193117,383684.888
193118,308592.93
193119,5772387.59
193120,5435.698
193121,5674812.341
193122,16106441.007
193123,5406769.427
193124,74007.542
193126,166015.11
193127,1397340.604
193128,3487958.134
193129,7332224.826
193130,2951339.246
193131,2308436.45
193132,5352294.527
193133,5339527.841
193134,460035.223
193135,1059987.375
193136,3538200.525
193137,3500953.926
193138,24999.624
193139,6844913.645
193140,13467406.694
193142,1635578.161
193143,2112212.112
193144,5118029.856
193145,7036973.274
193146,1417080.103
193147,1021650.833
193150,14530725.572
193151,7563621.163
193152,3914382.146
193153,9783789.745
193154,13071963.7
193155,4672281.439
193156,2893997.589
193157,3595704.199
193158,5012308.309
193159,8108168.461
193160,13196531.235
193161,14728016.072
193162,14054083.286
193163,4543754.687
193164,846296.183
193165,7597698.804
193166,29109.334
193167,15185256.063
193168,8038432.921
193169,3928445.814
193170,7235422.554
193171,12276244.013
193172,1464278.422
193173,871587.756
193174,5571672.37
193175,1212523.6
193176,1795105.387
193177,465997.867
193178,238529.719
193179,15892048.177
193180,352646.882
193181,107416.126
193182,5499105.095
193183,129586.206
193184,215621.781
193185,5647900.498
193186,35511.108
193187,262478.497
193188,4218332.699
193189,10633198.444
193191,19274685.451
193192,7306543.115
193193,521922.258
193194,7886482.986
193195,432427.899
193196,7255680.795
193198,2460298.869
193199,4363339.16
193200,6074023.037
193201,11746833.339
193202,14821786.973
193203,7468756.097
193204,8349214.022
193205,603079.053
193206,15661568.632
193207,7801791.928
193208,30384.629
193209,12233741.337
193210,5853156.447
193211,5641779.067
193212,2685945.641
193213,6134931.596
193214,1879686.852
193215,1451101.374
193216,2992275.645
193217,8926616.965
193218,8663138.943
193219,15153364.957
193220,5920776.631
193221,4765356.845
193222,1550727.606
193223,1264449.173
193224,11891236.752
193225,270628.582
193226,3746705.701
193227,8470241.655
193228,653867.335
193229,12977506.797
193230,8983606.238
193232,942893.246
193233,4532713.128
193234,3404895.594
193235,2703139.108
193236,740249.083
193237,489642.489
193238,16846334.281
193240,9261300.412
193241,1004896.922
193242,517879.988
193243,25432.392
193244,7218888.954
193245,10968306.371
193246,4948200.744
193247,3218046.306
193248,6630822.663
193249,40241.338
193250,8024255.006
193251,5941998.187
193252,415658.215
193253,1824471.181
193254,1133366.357
193255,468801.213
193256,11272511.798
193257,6872795.439
193258,7758942.94
193264,949066.107
193266,902087.69
193267,965100.743
193268,875736.936
193270,645615.993
193271,953547.027
193272,4476820.833
193273,3371174.14
193274,1444744.746
193290,8006863.85
193291,13595092.907
193292,1208489.481
193295,443162.577
193296,6115892.575
193297,8601804.638
193298,1921181.102
193299,13386868.235
193301,5951049.535
193303,4211264.286
193304,3741014.124
193305,16588268.497
193306,12257428.13
193307,835465.102
193308,20236154.118
193310,10601670.938
193311,15831508.392
193312,8784770.539
193314,18256112.281
193316,13006403.599
193317,11731406.597
193318,1519562.154
193319,8679504.657
193320,8613951.308
193321,7769403.782
193322,9518454.835
193323,695243.695
193324,9252375.916
193325,331276.325
193326,788654.916
193327,1753146.722
193329,148649.306
193331,4651354.624
193332,13412125.735
193333,16232384.635
193334,8115995.239
193335,12557820.523
193336,412594.577
193338,4630242.952
193340,12559501.313
193341,4408431.769
193342,19403844.316
193343,16378772.866
193344,10781771.843
193345,19238064.433
193346,20082601.26
193347,14805885.757
193349,3219675.977
193350,4282007.697
193351,15424182.721
193352,18268022.257
193353,3214678.872
193354,17389679.948
193355,7311781.877
193356,7579534.553
193358,4553933.733
193359,13065142.595
193360,7611846.6
193362,411073.132
193363,11957335.334
193364,11129397.189
193366,13177470.099
193370,17110826.947
193372,3410602.132
193373,15222543.222
193375,3784350.19
193379,16524260.623
193380,9538048.514
193382,5886786.76
193384,9936394.232
193385,6677393.404
193387,4821456.734
193388,6183869.529
193389,2702156.289
193390,3081827.377
193391,8913541.711
193392,474147.741
193393,14785279.43
193394,703339.476
193395,6286961.367
193396,5755229.136
193397,11916862.972
193398,14784133.791
193399,1193032.336
193400,11525491.941
193401,16078616.123
193455,997559.733
193456,5536854.652
193457,5075950.07
193458,5335557.009
193459,6646848.36
193460,1843774.412
193463,1356221.822
193464,6135836.76
193466,2581266.192
193467,1124969.513
193468,3564862.032
193469,419003.316
193470,479169.261
193471,884830.244
193472,179861.088
193473,4166384.625
193474,33654.202
193475,37653.383
193477,164497.904
193478,6324189.219
193480,641109.439
193481,1892493.963
193483,3298252.824
193507,17940385.863
193585,297524.336
193587,15859621.562
193596,17620231.842
193598,1382686.517
193599,6863992.371
193600,204562.85
193601,30631.752
193602,1139863.867
193603,6732330.385
193604,9352124.724
193605,733603.545
193606,71089562.03
193607,1115489.308
193609,15315607.959
193611,352401.314
193612,1780148.19
193613,36236.051
193614,109987.484
193615,201738687.531
193621,9392414.712
193622,15671637.18
193623,8720725.683
193624,615824.74
193627,1210019.26
193628,12504039.463
193629,5069330.04
193630,4076410.707
193631,469450.872
193632,2282130.658
193634,244824006.066
193635,19526450.982
193636,980661.34
193638,261439.885
193639,17570452.209
193640,17486523.936
193641,274235.856
193642,12969131.623
193643,16360264.148
193644,2282978.482
193646,3685841.274
193647,4276172.025
193650,1303442.965
193651,17048035.916
193652,769364.697
193654,10688.15
193655,434863.511
193656,16540633.434
193657,4115998.049
193659,198457.128
193660,1083380.814
193661,491899.086
193662,9576840.902
193663,443162.577
193664,14276834.353
193666,493559.812
193667,1603640.685
193668,28624723.501
193669,5977127.661
193670,124778.381
193671,12000251.246
193672,4957988.414
193674,2269697.602
193675,12862053.253
193676,776797.285
193677,2737554.936
193678,2849491.273
193679,20511.892
193680,24637.993
193682,1763676.631
193683,15825275.279
193684,14342194.525
193685,146560.904
193686,1340708.47
193687,8669595.653
193688,11721202.05
193689,30059.227
193691,539484.487
193692,16546571.697
193693,1259316.589
193695,332813.823
193696,90880.088
193697,434700.348
193698,1467739.215
193699,22527133.878
193700,1433209.307
193701,32963.996
193703,2021318.091
193704,422062.06
193705,2004593.884
193706,129410.83
193707,6559876.909
193709,518875.583
193711,2707814.657
193712,20532916.405
193713,17472236.565
193714,16654193.277
193715,19137670.134
193716,12894353.824
193717,12398409.984
193718,1748971.763
193722,434850.449
193723,5679680.24
193724,15161426.507
193725,1349226.065
193727,9570537.159
193728,18571955.309
193729,9287866.916
193730,709671.271
193731,14973021.73
193733,9384866.38
193734,27296.819
193735,25464.008
193736,8869781.14
193740,15133336.49
193741,468206.959
193742,788727.978
193744,1617275.912
193745,4060501.429
193747,861350.159
193749,411238.725
193750,988506.944
193751,37653.383
193752,19640792.486
193753,364400.069
193754,1290308.109
193758,1049787.266
193759,3119355.713
193760,225531.25
193761,3566385.363
193762,2042089.733
193766,16805984.277
193767,866302.162
193768,294988.247
193769,10733295.705
193771,1721562.608
193772,1178929.284
193775,6975017.205
193777,22213584.81
193779,659875.568
193780,25163.291
193781,42683.718
193782,1934421.236
193784,340027.892
193785,1957909.087
193786,99680.071
193788,411073.131
193789,919695
193791,16769786.552
193792,963599.109
193793,2982409.466
193794,1575624.42
193795,12360301.583
193796,15874943.792
193799,2959437.145
193802,69410.942
193803,377270.988
193804,14427722.603
193805,9379845.984
193808,810427.733
193809,452671.026
193810,14843253.424
193811,1190371.43
193813,3329928.089
193814,57234.398
193815,2994628.7
193816,4215645.633
193817,28738699.493
193820,2629372.155
193821,12402929.758
193822,2318631.778
193823,18864112.094
194085,112430.485
194087,112430.485
194088,526988.429
194289,19455738.987
194298,12306885.408
194299,8338046.602
194301,2964118.043
194302,198783.502
194303,3466996.045
194305,965713.763
194306,776.15
194307,16821227.403
194308,751788.695
194309,2758092.838
194331,16583820.873
194332,996516.606
194333,35904.556
194334,11645075.507
194335,14873933.935
194336,6809849.676
194337,19563392.025
194338,14848798.478
194339,10566628.451
194340,2442675.315
194341,4108951.279
194342,7909158.241
194343,14386358.04
194344,3937592.809
194345,997336.845
194346,12962578.508
194347,10533123.614
194348,10298575.812
194349,12736195.198
194350,10181098.503
194351,10219439.258
194352,8834865.851
194353,1487701.558
194354,262643.652
194355,945619.174
194356,12820619.145
194357,2060146.023
194358,3702208.341
194359,10332511.297
194360,19099423.873
194361,521265.723
194363,19150670.902
194364,1099271.496
194365,787035.634
194366,17887014.411
194367,7947560.893
194369,891371.938
194370,14849191.498
194371,17371725.6
194373,7438954.788
194374,11706683.071
194375,660532.829
194376,16883821.936
194377,19475893.211
194379,21062795.482
194380,1607789.086
194381,4211515.456
194382,20350963.132
194383,7228487.832
194384,9913708.158
194385,19093899.801
194386,8981424.177
194387,15329682.436
194388,412077.654
194389,993963.072
194391,7125285.519
194392,2485181.887
194393,7656927.882
194394,834869.581
194398,4746897.895
194399,1074716.505
194400,1379637.52
194401,8564609.37
194402,6979910.589
194403,10131842.411
194404,5149582.321
194405,52338.136
194406,3773468.214
194407,11554875.51
194408,3529519.222
194411,708706.552
194413,953237.212
194414,2814911.414
194415,836012.485
194416,2512635.376
194417,2531616.244
194418,2677826.413
194419,2603578.74
194420,3128665.068
194421,3776628.574
194422,2674578.469
194425,818623.434
194427,1494309.731
194428,1754023.717
194430,886594.105
194431,13650730.655
194432,1063455.256
194433,1489638.154
194434,3153533.989
194435,2741634.459
194436,2138413.512
194437,879158.621
194438,10268116.628
194439,2956398.817
194440,681917.187
194441,831951.661
194442,250221.451
194443,877075.541
194814,91677.439
194815,1722978.727
194816,2513808.576
194818,2384080.105
194819,135966.748
194821,217604.323
194838,449384.441
194840,155524.085
194843,645357.568
194844,1251914.334
194845,457171.273
194846,1885287.889
194847,1548658.487
194848,1146544.865
194850,135256.037
194851,146611.282
194853,988578.422
194854,1191431.189
194855,1063290.602
194856,332553.411
194857,745389.399
194859,382696.645
194860,22119.977
194862,345156.767
194863,1337091.925
194865,1008928.156
194867,7465.466
194868,161982.757
194869,995444.998
194871,905460.478
194872,723688.067
194874,1373589.328
194875,1103329.56
194876,28923.313
194877,1248375.494
194879,1183856.393
194881,1179342.775
194882,700923.177
194883,48786.864
194884,1152553.798
194885,56689.84
194887,408590.12
194889,758250.529
194891,945743.995
194893,1539915.735
194895,1073821.005
194896,1306072.608
194897,1711389.662
194898,453769.622
194900,271193.735
194901,8277.601
194902,1731932.494
194903,285222.389
194904,723150.231
194905,1461880.682
194906,79905.719
194907,10313.413
194908,1465049.526
194909,33497.439
194910,11728.631
194911,62485.135
194912,1039959.565
194913,17820.673
194914,161058.447
194967,1631635.532
194968,6610900.489
194969,4123086.072
194970,2702242.362
194971,1279373.849
194973,2277909.572
194974,2894913.152
194976,1019872.307
194980,1873254.038
194981,1858688.003
194982,2197465.383
194984,3014775.185
194986,6297717.743
194989,1865331.856
194991,1649429.724
194992,9025927.552
194993,34115862.727
194995,49800674.408
194997,171178702.973
194998,10601306.931
194999,24142006.696
195001,9466605.579
195003,2148462.873
195016,663289.985
195021,769842.592
195022,439025.922
195023,925294.514
195036,1325232.179
195038,88103257.264
195042,4115557.785
195044,859752.089
195047,1066508.519
195049,1313597.68
195069,966954.106
195073,647864.663
195076,2712545.744
195077,485849.05
195078,810036.37
195080,359147.207
195084,630276.401
195085,929796.923
195086,401258.72
195087,896535.379
195088,693289.35
195089,916578.449
195090,908367.492
195091,87148533.493
195092,1421819.547
195093,8031666.328
195095,1458012.482
195096,501936.261
195097,4639335.359
195098,3247433.332
195100,914509.282
195218,24157.626
195291,494711.953
195292,1383251.035
195319,30835.849
195320,771252.376
195345,16086080.721
195409,4463636.699
195421,30673.146
195422,187534.817
195425,62486.06
195426,191380.391
195427,9463.698
195428,23.324
195429,23452.179
195430,255029.175
195431,16981.827
195432,1923.988
195433,120736.59
195434,9262.507
195435,1007974.224
195436,3963.548
195437,3130.363
195438,1770.43
195439,59748.325
195442,72268.522
195444,422914.741
195445,164592.179
195446,10593.776
195447,351219.362
195448,191848.083
195449,173712.323
195450,265947.784
195451,88070.486
195452,58425.433
195453,561327.088
195455,1831262.519
195456,4812034.696
195457,194905.563
195458,308547.533
195459,73836813.535
195460,330561.771
195462,921299.569
195463,3268.68
195464,842109.878
195465,87866.061
195466,139714.709
195467,91759.212
195468,16955.599
195469,366940.683
195470,292033.85
195471,324242.418
195472,143899.595
195473,143899.595
195474,2639547.977
195475,744369.348
195477,318251.548
195478,66618.441
195479,39006.047
195485,8791.428
195487,684497.35
195488,4649154.029
195489,199366.035
195501,349569.751
195502,1750937.891
195503,1924125.808
195512,393468.437
195513,1123.467
195641,872957.534
195642,14329007.878
195643,1742696.588
195644,21537.238
195646,36706.193
195647,592041.188
195648,25432.867
195649,10516570.578
195650,10148153.824
195651,4430877.651
195652,5103202.199
195653,34608.666
195655,753200.488
195656,238231.289
195657,354676.585
195658,336961.83
195659,600781.741
195660,896445.466
195661,269310.863
195662,1295231.598
195663,45790.139
195664,121523.996
195665,18341.349
195666,152628.532
195667,25777.174
195668,4408.686
195669,9383181.827
195670,5772290.903
195671,572573.407
195672,1467433.818
195673,7100607.031
195674,1935973.085
195675,55604.406
195676,50237.718
195677,62366.347
195678,4069.85
195679,128575.311
195680,3579129.181
195681,2506159.207
195682,6172654.581
195683,20320952.573
195684,904683.568
195685,380084.667
195686,5929000.072
195687,910823.299
195688,1224468.111
195689,11609436.587
195690,1044948.927
195691,3114991.079
195692,293379.594
195693,848821.595
195694,4200019.501
195695,15612.979
195696,3174404.989
195697,278454.105
195699,6022384.582
195700,16850203.529
195701,1063287.572
195702,1236279.334
195703,512592.081
195704,68024.755
195705,1140910.382
195706,183988.199
195708,235048.395
195709,3240.613
195710,126627.002
195711,1418494.748
195712,1405815.415
195714,2794887.741
195715,882114.548
195716,15257454.38
195717,276682.832
195718,2597276.849
195719,365310.434
195720,1478196.064
195721,1095888.327
195722,12734210.103
195723,2763456.468
195726,5586723.873
195727,12908953.214
195728,19310233.721
195729,255862.62
195730,1251173.698
195731,3443236.539
195732,12508704.632
195733,5884618.074
195734,2704020.115
195735,36998.611
195736,1117188.363
195737,3500947.54
195738,396023.791
195739,915801.046
195740,2202760.969
195741,18419231.407
195742,1472978.575
195743,1919839.978
195744,631454.889
195745,740308.431
195746,924071.757
195748,803874.701
195749,11745267.653
195750,2342905.221
195751,271080.166
195752,45019.271
195753,17068844.414
195754,15924681.572
195755,4211515.538
195756,3920970.164
195757,2041554.869
195758,307187.406
195759,5199078.097
195760,4688888.921
195761,555170.785
195762,4225187.951
195763,167077.019
195764,518357.801
195766,109757.198
195767,293807.563
195768,2202421.345
195769,411244.614
195770,1134362.339
195771,2262253.263
195772,33727.957
195773,4180820.609
195775,18545493.099
195777,16879823.779
195779,21691.67
195781,972922.203
195782,1555892.594
195783,490235.263
195784,21977.401
195785,3458167.712
195786,4540724.004
195787,3097664.712
195788,331613.594
195790,1433091.669
195791,1440846.304
195792,11930823.707
195793,3446287.546
195796,888280.335
195799,380610.572
195800,8214.941
195801,16546575.626
195802,6263044.527
195803,19959783.132
195805,4431462.546
195806,138984.73
195808,12415803.981
195810,542056.011
195811,493966.639
195812,547004.696
195813,1213699.121
195814,8769011.052
195816,2627332.056
195817,14298074.311
195818,11612597.266
195819,2222978.667
195820,9203.061
195821,42737.633
195822,1436848.641
195823,2757895.811
195824,12397423.117
195825,3309106.708
195826,15531533.247
195827,4667016.486
195828,2424281.183
195829,1879786.874
195830,6109045.09
195831,7992550.525
195832,795287.404
195834,26225.753
195835,30891.846
195836,18658.549
195838,5507597.094
195839,136650.236
195840,9967651.232
195841,583278.379
195843,647722.44
195844,4743525.695
195852,14794675.944
195857,17651512.657
195871,1696736
195872,866716.259
195873,27526.291
195874,92071.081
195875,58027.349
195876,12883.543
195877,1048150.543
195878,60939.272
195880,25568.958
195881,1421035.873
195883,2177319.214
195885,135201.765
195886,3443525.73
196013,138393.924
196014,3849.669
196015,168661.398
196016,1120365.851
196017,303245.913
196018,948524.338
196019,825721.605
196020,25377.654
196021,3263.064
196022,39282.779
196023,6050.401
196024,50449.303
196025,48818.396
196026,331273.443
196027,7508.551
196028,19596.063
196029,6788.367
196030,19780.161
196031,2542.649
196032,39511.646
196033,48684.231
196034,181684.476
196035,167909.873
196036,807732.705
196037,82160.726
196038,4374.545
196039,611897.505
196040,112870.393
196041,62343.215
196043,38169.357
196044,379451.367
196045,57776.335
196046,41950.534
196047,20536.927
196049,107256.472
196050,1119869.179
196051,365908.187
196052,1391473.811
196053,541.613
196054,290092.27
196055,11381.31
196056,355802.391
196057,1452388.295
196058,1132675.181
196059,5560.993
196060,140145.634
196061,532417.681
196062,439163.226
196063,597.107
196064,413586.666
196065,95703.192
196066,1910.324
196067,16447.892
196068,40419.599
196069,116175.83
196071,4549.986
196072,108167.091
196074,905459.78
196076,949493.082
196078,4229.331
196079,107402.963
196080,3064.024
196081,3616.645
196082,8314.731
196083,5726.791
196084,2827.792
196085,25284.697
196086,107123.517
196087,4807.048
196088,4938.216
196090,2349.416
196091,11925.479
196301,2702256.69
196302,4107637.289
196303,3891388.411
196304,518814.441
196305,1011828.531
196307,1153968.718
196308,7657213.112
196310,992111.374
196312,526735.043
196313,1165020.761
196314,1492803.746
196315,1250244.356
196318,13558886.75
196319,10334729.634
196323,971.086
196324,24390.878
196327,1143975.364
196328,389255.331
196334,265092.571
196335,421541.406
196336,159676.34
196337,119393.717
196338,1198352.428
196339,8693162.059
196340,30384.629
196341,78719.741
196342,253224.797
196343,5612023.306
196344,2876109.774
196345,6631299.81
196346,35679.27
196347,18314.46
196348,13023883.282
196349,11966172.414
196350,794209.007
196351,1365872.534
196352,1566824.66
196356,1179226.353
196362,495699.866
196364,13935.372
196366,1256.471
196367,196175.463
196371,24656.161
196375,12335.873
196378,955207.535
196382,1177.496
196384,64.333
196385,60466.482
196387,190732.042
196390,4713.664
196396,5048.777
196403,23659.317
196405,717346.536
196407,1188498.253
196408,3508459.673
196409,29036.263
196410,1771288.851
196411,2626.301
196412,2490574.267
196413,265298.142
196417,5281291.248
196419,246404.615
196421,1765849.118
196422,1779020.327
196424,1324046.08
196425,176233.534
196426,1599374.851
196427,495808.897
196434,1041434.779
196436,1965598.011
196438,6191497.367
196440,1118.027
196441,3777456.086
196445,5582282.285
196447,1037732.372
196448,842963.256
196450,1277014.419
196451,628613.521
196671,2252092.812
196672,636997.067
196673,255226.373
196674,51937.155
196677,340962.301
196678,169770.308
196679,184115.01
196680,1088699.059
196681,297639.033
196682,5095.531
196683,335133.751
196684,14534.386
196686,191195.975
196687,48363.529
196688,169039.211
196689,167947.562
196690,616291.013
196691,400594.228
196692,387695.39
196693,499566.156
196694,318612.06
196695,283526.382
196696,725135.807
196697,5422.886
196798,10757.93
196805,77061.796
196806,2511660.45
196813,716063.018
196814,934726.906
196815,915249.632
196816,36564.645
196818,496665.521
196819,2.276
196820,116380.247
196824,3220.195
196836,292621.973
196855,214638.236
196864,204701.692
197010,104589.967
197011,37870.003
197018,1130463.525
197019,23966.768
197031,497091.352
197036,333928.819
197037,158048.068
197043,625864.792
197044,626236.043
197047,1668988.556
197048,8084.642
197050,16491731.754
197051,9586295.214
197054,2843588.224
197056,632391.855
197058,353844.597
197063,71621.771
197070,9088754.232
197076,558091.419
197078,391699.93
197079,391699.93
197086,4546470.924
197087,1661001.46
197276,529442.761
197277,336365.829
197278,123469.247
197279,393052.153
197304,82285.097
197319,225845.723
197320,87305.072
197321,99708.022
197322,150900.64
197323,544954.615
197325,171170.479
197327,10734.575
197330,158722.193
198547,6000400.52
198551,4124722.526
198552,2234273.066
198553,3655266.224
198554,957554.582
198555,623082.951
198556,2914876.887
198557,4571157.721
198558,7700756.341
198559,1553328.789
198560,2656624.037
198563,124521869.095
198564,437575.897
198565,3650763.22
198566,160735705.537
198568,6094928.615
198570,3439282.46
198571,77624452.227
198573,4404695.086
198575,28769949.062
198576,30667491.918
198577,1642681.617
198578,13131895.755
198579,7882396.443
198580,2947847.039
198581,8228201.015
198582,2894870.569
198583,3859637.505
198585,2135276.343
198589,274082.796
198590,2769470.508
198592,1813368.895
198594,4490034.744
198595,25442069.053
198596,6247765.055
198597,5229105.915
198598,24118710.462
198599,2685562.523
198600,2519944.598
198601,971258.191
198602,34559557.452
198604,2872873.523
198605,937997.962
198606,3485457.771
198607,2424080.584
198608,36814258.086
198609,778367.541
198610,5058478.729
198611,25732609.151
198612,25824020.567
198613,144001656.185
198614,224702805.498
198615,207448802.803
198616,44699408.335
198617,81564454.624
198618,23915569.651
198619,101952008.886
198620,103653090.419
198621,16125331.967
198622,1180108.165
198623,6519910.429
198624,3410538.476
198625,3185366.381
198626,1594895.081
198627,2559956.804
198628,79914546.343
198630,2389196.042
198632,10549652.581
198633,3417146.563
198634,4416908.591
198635,4662866.014
198636,1662379.007
198637,1589055.639
198638,3079704.946
198640,2282489.12
198641,2598662.761
198642,4188731.142
198643,30726172.625
198644,5307559.372
198645,3932396.2
198646,2590995.871
198647,9316607.48
198648,15082048.396
198649,3733968.806
198650,215365973.794
198651,236151396.452
198652,4972393.58
198653,6366363.088
198654,2566907
198655,1355668.619
198656,1701130.338
198657,876754.002
198658,2452991.467
198659,1422699.61
198660,1923295.228
198662,3475015.098
198663,1223370.988
198664,2560326.689
198665,1651836.369
198666,1793292.271
198667,2052660.353
198668,2124283.65
198669,3034052.829
198671,2395165.703
198673,4625026.861
198674,3844932.016
198675,179276508.353
198676,17534372.571
198706,3664901.392
198707,2858639.174
198708,2287335.854
198709,2303767.876
198710,1570306.823
198711,3504644.982
198712,2167471.265
198713,2792633.19
198714,2245630.144
198715,3078410.589
198716,64358776.541
198718,2783335.459
198719,3977376.564
198720,2944426.438
198721,4345578.271
198722,2484161.596
198723,2506451.347
198724,4078628.328
198725,2819904.359
198726,3143172.147
198727,1810120.724
198728,3812070.957
198729,3721976.241
198730,4227208.435
198731,4607524.004
198732,3777861.126
198733,2705292.269
198734,858521.539
198735,2486722.265
198736,2373215.937
198737,1723342.068
198739,3892683.883
198740,1967904.447
198741,2191412.352
198742,3618152.568
198743,2151786.662
198744,2178182.058
198745,2311008.838
198746,2973183.338
198747,3513217.388
198748,3947717.9
198750,4457210.043
198751,4428118.812
198752,4059216.678
198753,2690995.842
198755,897552.214
198756,5174696.278
198757,231112669.863
198758,135307145.791
198759,64679396.82
198760,8502534.166
198761,44714037.451
198762,56758583.159
198763,547973.604
198764,3193719.236
198765,4132529.502
198766,1663596.251
198767,3682676.716
198769,12549573.725
198771,1665879.572
198772,2212138.508
198774,3580550.313
198775,3848588.831
198776,1855790.068
198920,2944915.297
198921,174879194.168
198972,577854.416
198973,1035156.923
198975,591987.763
198976,27655.938
198977,1480071.079
198978,1896624.01
198979,4968932.003
198980,10604311.587
198983,41461.679
198984,47621.613
198985,12390306.873
198986,1692676.71
198988,3614632.124
198990,14110.356
198991,16681718.828
198992,22253.534
198994,39033.185
198995,11710.493
198996,880192.792
198998,960174.23
199000,421.437
199003,185527.395
199005,57493.98
199006,633883.055
199007,243958.929
199008,34849.599
199009,6063.131
199010,6251.775
199014,264070.72
199015,218094.353
199016,2877380.212
199017,15086543.077
199019,1067411.703
199020,141166.044
199021,398331.359
199022,684235.86
199023,9782807.506
199024,344251.942
199025,47686.277
199026,3363897.521
199028,8537.563
199029,3431005.054
199030,255255.268
199031,26876.815
199032,28521062.068
199033,45037.135
199034,2906868.748
199035,557947.104
199036,225619.766
199039,156163.086
199040,1751704.618
199041,333788.649
199042,19365.868
199043,478819.503
199044,9936.445
199045,2790083.472
199046,4028184.119
199047,1858674.49
199048,93544.32
199049,1466796.856
199050,9022.91
199052,1693403.788
199053,634738.869
199054,68981.379
199055,424721.133
199056,16381102.029
199057,774097.086
199058,16132.119
199060,2042376.3
199061,51502.467
199062,7132.763
199063,179095.606
199064,411244.614
199066,52095.185
199067,1823.313
199068,42444511.744
199069,596366.583
199070,15338.237
199071,440525.153
199074,177244.655
199075,11574.865
199076,44729.848
199078,3881622.439
199079,17026.187
199080,14008804.341
199083,1248452.592
199084,655020.261
199087,56728.477
199088,1166819.454
199089,128284.03
199090,189060.688
199091,3848134.07
199092,215088.525
199094,2991473.594
199095,5061675.932
199096,168621.934
199097,2079666.347
199098,6733238.906
199099,9047387.285
199100,2953495.318
199101,1104525.691
199102,8954.37
199103,1232046.295
199105,325812.104
199106,4095372.918
199107,746347.093
199108,177278.534
199109,2285072.773
199110,6089197.483
199111,6878.327
199112,621444.759
199113,540671.975
199114,2107703.182
199115,1498170.276
199116,56962.566
199117,2916.566
199118,3089913.105
199120,37308.694
199121,658546.226
199122,337521.976
199123,3386.341
199125,81734.599
199126,227501.022
199127,479174.794
199128,1544.236
199130,62.824
199131,119837.665
199132,3321320.193
199133,700557.465
199134,11951.227
199136,64720.561
199137,1639801.047
199138,1092527.47
199139,723646.901
199140,4310110.202
199141,454648.166
199143,702917.154
199144,53246.944
199145,1150835.702
199146,1143218.819
199147,1392425.879
199148,19418.744
199149,51148.104
199150,12074826.076
199151,271163.541
199152,68557.575
199153,45929.079
199156,768944.014
199157,833621.448
199158,157598.443
199159,621918.591
199160,160041.18
199161,4156898.871
199162,1991.398
199163,215145.955
199164,652124.522
199165,1030616.146
199166,8878.304
199168,1007293.221
199169,839176.371
199170,13761.701
199171,1171938.698
199172,2332208.077
199173,13324.364
199174,14850.68
199175,225223.129
199177,38424.292
199178,7086429.121
199179,477316.779
199180,802004.31
199181,65075.338
199182,4041.12
199183,278872.215
199186,67780.728
199187,157512570.206
199188,2164.808
199189,10825.836
199190,190542.643
199191,684246.792
199192,30702.704
199194,835167.551
199195,127339.155
199197,655301.968
199198,245130.035
199199,4604.794
199200,22135935.316
199202,3545307.622
199203,45120.614
199204,7322051.102
199205,1542968.917
199206,22309.434
199207,477518.73
199208,1261573.95
199209,1198.928
199210,3663.806
199212,7767824.866
199213,246585.866
199214,55828.684
199217,1343007.866
199218,265265.748
199219,143559.526
199220,17870896.406
199221,811676.469
199222,4087309.784
199223,2803936.285
199224,291886.995
199227,219188.73
199229,3594389.553
199230,1511471.832
199231,1102384.1
199232,823575.242
199233,1699519.259
199234,4544337.445
199235,1057503.064
199236,482262.49
199238,1421253.255
199239,4547061.01
199240,334905.93
199241,18197.349
199242,64105.906
199243,36638.81
199244,16741134.497
199245,11306.955
199246,12056295.678
199247,446011.994
199248,26889996.01
199249,9406293.757
199250,2209956.173
199251,37486.795
199252,27218.939
199253,1358.435
199254,961985.302
199255,17086.813
199256,69353.507
199257,1774770.346
199258,4114087.813
199259,169643.93
199261,177971.567
199263,219934.291
199264,11885465.923
199266,512509.57
199267,327225.571
199268,140982.187
199269,622196.26
199270,301424.728
199271,411244.614
199272,2298746.207
199274,9097855.793
199276,26293.041
199277,2458162.651
199278,3892781.397
199279,34561.344
199281,2565521.836
199282,1995733.7
199283,1820736.521
199284,26337.585
199285,3049298.45
199286,11731.086
199287,538529.063
199288,185712.686
199289,1839933.667
199290,245781.946
199291,2505599.729
199292,14675.519
199293,6548230.778
199294,14519228.877
199295,520644.259
199296,259449.154
199297,3953831.45
199298,67657.472
199299,892017.726
199300,90886.798
199301,225932.985
199302,593464.504
199303,224732.992
199304,875073.952
199306,2561535.413
199309,997189.451
199310,664.592
199311,3635162.418
199312,2750128.355
199313,54159.084
199314,1168381.504
199315,254992.536
199316,180250.043
199317,500938.345
199319,668904.425
199320,3205581.961
199321,50780458.942
199323,123052953.768
199324,285103
199325,347107.164
199328,226586.974
199329,616425.589
199330,629483.408
199331,6546.283
199332,90721.6
199333,1728463.894
199334,12281.332
199335,34590.789
199336,5242062.204
199337,657275.523
199338,408375.01
199339,2678347.401
199340,12435986.699
199341,15403795.191
199342,463481.437
199343,220035.393
199344,11413303.596
199345,1875277.482
199346,701783.679
199347,783668.136
199348,139691.046
199350,16246.788
199351,199179.986
199352,1218711.775
199353,15595261.231
199354,228564.806
199355,2210157.419
199356,1671384.829
199357,24406.577
199358,28437.557
199359,8190.94
199360,200011.694
199361,579195.326
199362,185432.63
199363,469398.263
199364,631819.643
199366,4613693.695
199367,5426294.245
199368,533.134
199369,379906.042
199370,703431.067
199371,700557.465
199372,1087523.51
199373,16262730.356
199374,551677.443
199377,2480677.601
199378,140451.59
199380,240889.971
199381,2331868.647
199382,132735.512
199383,4054160.674
199384,199349.832
199386,34154.675
199387,6901787.173
199388,1496.463
199389,3179.494
199390,302273.099
199391,872942.895
199393,3743321.721
199394,34088.252
199395,58093.407
199396,63918.001
199397,119294.283
199398,825931.871
199399,1303495.626
199400,2643324.135
199401,63464293.4
199402,946354.733
199403,511914.653
199404,169981.148
199405,425.068
199406,4487.781
199407,1619.055
199408,1640937.536
199409,114297.264
199410,154787.088
199411,5778278.721
199413,45292.489
199414,5786176.789
199416,6940.895
199417,3722.35
199418,2562535.932
199419,382243.344
199622,2846157.038
199624,2579590.511
199648,27919.393
199651,20727.555
199653,186302.037
199654,186879.295
199656,1420780.503
199658,34164.273
199659,4639.978
199660,285844.424
199661,5697457.954
199662,127322.01
199663,2670.062
199667,16972.323
199668,576751.669
199670,546280.243
199671,445186.016
199855,189358.025
199932,16065.233
201946,295044.526
201947,255437.287
201948,655843.689
201996,44483.928
201997,153169.531
201999,88195.172
202000,510840.883
202001,202662.736
202007,165395.515
202008,16395.257
202018,10663.279
202019,69085.849
202021,61487.562
202022,6365.763
202024,11421.091
202026,1859692.182
202027,106229.671
202030,12283.797
202031,198590.943
202032,3501.19
202037,365091.21
202038,468263.829
202039,15864.562
202042,138601.509
202053,139626.007
202405,37425.852
202406,13757.603
202413,2439643.122
202415,169521.45
202560,358086.742
202625,113008.915
202632,481763.372
202634,941220.347
202636,15900400.369
202637,16658052.79
202638,13858764.042
202639,11746081.001
202647,3171482.157
202649,283195.522
202670,548432.039
202833,11356.422
203423,9659906.39
13458323,6493093.667
13458375,1002288.343
13462250,1866335.97
13462325,1828206.403
13462411,381843.266
13462434,923681.458
13462491,11088553.815
13462557,974612.564
13462566,1727179.446
13462628,1221267.855
13462713,4312294.017
13462731,116219365.735
13462737,44663479.677
13462745,14425778.357
13462748,459320.4
13462751,4884838.575
13462757,4924695.988
13462760,3732513.814
13462763,3194324.872
13462771,4362640.357
13462777,9024640.846
13485141,69861194.285
13485161,30629977.088
13485167,20963701.929
13485284,8490348.138
13485312,135716646.879
13485395,271487.265
13485398,27409745.839
13485411,169515.176
13485622,111490201.234
13485631,41832265.928
13485635,233620751.157
13485675,29817349.956
13485856,154614563.017
13486028,3145131.434
13486169,4668773.364
13486222,650806.014
13486247,421710.627
13486345,577529.349
13486360,307365.547
13486514,42757613.168
13487141,772429.761
13487690,2986505.691
13487700,60213794.62
13487733,3957051.248
13487740,11853179.59
13487874,5710956.956
14134315,361718.264
14134429,55850.382
14134431,60658.758
15147715,7182553.463
15147725,13911319.932
15147740,2809942.547
15147791,14251193.48
15147816,71639139.767
15147860,49721990.595
15147965,12366427.005
15147977,15918429.668
15148522,45448949.753
15148566,1795734.136
15148742,28574399.908
15148858,30882505.584
15148964,4599845.027
15149028,7237232.244
15149121,166000469.903
15149175,15115641.5
15149262,9120256.233
15149335,60635638.469
15307967,49.276
15307969,15587.831
15307971,194.298
15307975,2.135
15307977,5830.882
15307979,82.949
15307981,181.472
15521789,461748.992
15521852,6443812.277
15521875,9207390.762
15521927,7498354.84
15521934,8975994.927
15521985,21891577.164
15522003,890557.548
15522042,757626.987
15522050,21159765.155
15522054,5495236.58
15522061,1457301.742
15522064,1326750.926
15522069,7715698.124
15522073,28685368.82
15522095,1770335.83
15522109,245931.477
15522140,5068859.121
15522143,618039.407
15522146,1137825.478
15522149,4373038.983
15522152,4251545.208
15522159,8704355.702
15522187,863156.501
15522201,1526741.526
15522204,911816.097
15522207,125390.785
15522210,380745.269
15522213,104846769.071
15522216,368517.169
15522226,1019315.092
15522229,294261.954
15522233,775657.939
15522236,163653.991
15522264,1012655.228
15522267,839200.062
15522270,49121.732
15598524,131213966.029
15598540,48134579.128
15598550,112796919.595
15598596,217973926.584
15598621,53907531.745
15598630,98333079.214
15598639,121460505.267
15598666,85784283.203
15598669,56242703.152
15598672,90760116.385
15598700,40144986.17
15598704,71882727.239
15598778,101930127.377
15598791,95239452.173
15598799,29611493.277
15598809,3902165.347
15598812,38964596.117
15598815,39007585.078
15598887,125080347.818
15598938,40660942.441
15598948,39185621.837
15598951,33724035.887
15598954,13231989.449
15598957,176166047.065
15598976,10237394.067
15599060,94244414.439
15599064,74005572.145
15599067,89498269.567
15599070,93650250.516
15599074,45804684.181
15599078,137070954.261
15599092,59087222.611
15599123,32085115.032
15599136,57427913.457
15599150,21671077.471
15600450,110197739.209
15600453,205410873.873
15600713,120812506.07
15600720,48415894.829
15600727,115149424.781
15600731,84499216.666
15600738,39593630.58
15601157,9390488.788
15601865,68230656.478
15601872,139731096.815
15601881,47524772.647
15601887,44970169.761
15601894,50588114.453
15601902,51308408.31
15601905,27056143.612
15601909,67988230.611
15601913,62718293.397
15601916,1685369.499
15601920,267836.12
15601934,1018949.71
15601937,6991985.824
15601940,476264.009
15601952,16501838.462
15601959,893067.606
15601962,3862715.563
15601976,909333.945
15601979,1224097.31
15601982,107960.83
15601985,16611278.617
15601988,594416.379
15602417,1049005.675
15602420,1122613.861
15602435,1379781.411
15602438,1758381.895
15602447,689511.267
15602466,679927.097
15602947,795422.313
15622230,1382902.287
15622233,384512.541
15622583,601696.477
15622587,643762.654
15622590,948351.592
15622597,1286863.471
15622604,3076857.482
15622608,913367.073
15622611,240069.771
15622620,236602.718
15622627,164491.74
15622630,783152.027
15622639,373705.013
15622649,1300864.929
15622656,802939.99
15622659,1164591.706
15622672,966978.228
15622675,158051.511
15622678,1364483.702
15622684,1612923.47
15622693,779276.002
15622706,2565972.286
15622711,313530.178
15622722,264610.029
15622732,811799.835
15622740,1077022.44
15622750,1498613.818
15622764,205360.371
15622773,933882.376
15622777,264938.394
15622781,1056741.863
15622786,32985.915
15622789,960292.317
15622793,889623.844
15622796,1047445.321
15622799,70477.153
15622804,26817.007
15622827,1012724.41
15622831,26578899.756
15622835,34507346.156
15623244,706183.044
15623251,797155.914
15623258,253435.344
15623265,1266911.209
15623268,1361377.974
15623273,5290084.067
16404574,481545.369
16404805,1688443.541
16404943,32022946.764
16404974,5494438.702
16405644,2193017.895
16405685,3138968.726
16406269,1859418.709
16406327,3714024.922
16406486,1098598.22
16406525,2320603.117
16406554,1758677.511
16406635,289579.308
16406679,1898628.448
16406919,32140.81
16406934,1695818.431
16406968,2287174.471
16406979,17254756.513
16407002,1434332.372
16407017,1141573.431
16407132,30764336.118
16407184,477257.719
16407217,3439835.827
16407630,5389489.22
16407645,1454277.935
16410022,433899.112
16410245,1019563.088
16411567,1500967.708
16417341,134478.559
16421352,3201014.451
16424139,2490116.023
16425141,1583616.369
16425187,2564689.892
16425314,1747075.818
16425354,39738816.987
16425422,2745473.23
16425468,4002766.776
16425533,3053065.195
16425572,4415767.689
16425603,841817.185
16427324,4273872.327
16427369,1182947.157
16427386,338637.185
16430203,3430008.087
16431606,4561505.417
16431725,4403090.796
16431737,3174487.947
16431757,29733264.657
16431946,3617747.835
16431990,1829116.223
16432073,326265.456
16432098,510812.263
16433850,824645.59
16433946,679320.651
16435325,777986.124
16435530,4216057.411
16435778,2588707.076
16437187,4832552.972
16437988,540058.195
16438001,2138072.287
16438022,4039650.344
16438701,2179158.96
16439236,3166678.91
16439290,906058.573
16439367,163489996.722
16439534,2074364.84
16439642,2533794.398
16439757,7279764.808
16439848,5508274.801
16439926,2462593.666
16440016,1434878.475
16440083,3328619.135
16440965,1292429.414
16441120,2413786.197
16441303,136129.782
16441433,344.301
16441575,716941.105
16441651,2999905.759
16441677,1272528.059
16441698,2187773.937
16441738,326476.735
16441862,1860778.802
16441865,218214.096
16441948,593.846
16442003,282729.327
16442081,32173.398
16442472,4857973.653
16442487,3977943.036
16442540,4506856.574
16443048,2701507.885
16443217,2857181.313
16443285,3492983.554
16447362,3053559.521
16447568,2613712.418
16447855,1356686.991
16447988,1005434.241
16449034,2691338.383
16449531,14291180.794
16449654,3871710.284
16449708,2625521.975
16465921,1155776.317
16465952,427252.153
16465969,1129736.823
16466100,4360986.238
16466246,788146.873
16466332,1468095.061
16466377,1792058.582
16466393,1251406.495
16466647,1687283.598
16467178,1502938.636
16467411,1690820.013
16501552,51725.502
16501568,309023.737
16501591,109943.613
16501708,253719.036
16501727,57570.565
16501736,20567.809
16501751,6399.13
16501791,13180.202
16501868,3181363.655
16502064,787760.701
16502093,939362.284
16503587,338421.851
16505486,493135.491
16505522,713970.593
16505619,3137564.32
16505650,443005.055
16505782,1110559.159
16505842,493326.121
16505916,224824.632
16505933,1039152.635
16505959,508896.104
16506077,4174514.602
16506080,2548546.098
16506657,2925127.543
16506725,2951286.684
16506757,534807.042
16506766,1483152.309
16506839,2079970.133
16506931,3303204.255
16507307,3980047.239
16507442,2209044.122
16507646,3662884.738
16507729,7822690.708
16509008,1650850.118
16509126,223238243.486
16509242,185179631.585
16509297,27223264.26
16509426,2577471.55
16545046,1248845.368
16545072,1941969.157
16545086,4180439.299
16545164,3081696.636
16545250,79422154.165
16545253,189825832.955
16545256,215564434.234
16545326,512962.684
16545346,1762856.916
16545360,1687577.438
16546023,1873864.154
16546072,18223.98
16546127,565389.858
16546144,2484492.543
16719296,17451172.786
16719359,380266.589
16719371,11770793.886
16719387,7384108.7
16719509,6072591.013
16719605,16826655.575
16719651,9088957.647
16719685,7183588.319
16719726,12933.081
16719839,10264779.414
16719843,13387180.268
16719890,845926.225
16719904,2896455.629
16719989,1214678.677
16719994,14313114.4
16720002,8485526.743
16720014,1407881.974
16720022,15439606.055
16720029,3917831.417
16720036,16014384.692
16720057,3336368.021
16720083,10682155.71
16720118,1745847.413
16720267,15852493.812
16720328,16665355.854
16720345,8946367.552
16720383,2719777.329
16720528,14842088.156
16720537,9093675.873
16720568,10611173.15
16720577,14541132.005
16720607,18966885.658
16721443,8041493.019
16721842,9664023.332
16749571,1670053.411
16749725,3495356.975
16749737,30533743.502
16749758,1215355.369
16749978,343241.364
16750054,1387304.175
16750728,2752598.743
16751128,1757525.683
16759066,2157151.074
16759093,2317634.563
16759101,1235.625
16759111,2316475.889
16759126,2613991.244
16759139,1000830.386
16759144,2595064.115
16759167,1871342.68
16759176,549627.865
16759184,1870409.328
16759188,2206020.308
16759221,58557.414
16759230,960368.614
16759242,4064030.335
16759321,2243973.88
16759340,2886935.549
16759348,501310.942
16759353,692964.149
16759357,1967363.776
16759367,3277233.431
16759398,1973624.627
16759463,1407067.396
16759509,2000333.96
16759518,1962854.706
16759535,2241385.3
16759549,1630125.276
16759552,1754703.977
16759556,3033663.216
16759559,3098683.249
16759567,2443222.613
16759571,480605.765
16759591,3078695.153
16759597,2410398.786
16765067,691897.835
16765076,2175782.296
16765093,2076180.152
16765190,1796185.084
16765697,949608.358
16765727,702426.273
16765806,2907637.061
16766162,915305.011
16766235,1576330.195
16766259,400132.032
16766319,637658.838
16777231,589808.65
16777242,2760679.89
16777283,325349.551
16777340,386289.592
16777344,1349527.495
16777347,826325.269
16777353,1985993.949
16777363,309839.398
16777371,116318.361
16777804,4219990.384
16777813,741493.108
16778030,406257.69
16778116,390161.723
16778128,3059340.539
16778406,576663.548
16778475,2041866.011
16778581,2927972.84
16778632,809740.834
16778644,2509527.917
16778750,996884.393
16778824,901830.551
16778856,29844.205
16779096,1764111.449
16779138,1518193.247
16779209,2069393.196
16779221,1395699.34
16779231,479210.483
16779236,2960303.616
16779248,2390657.605
16779254,337471.622
16779258,2864176.249
16779264,2341725.397
16779308,3723529.651
16779383,2582703.892
16779424,1860734.736
16779436,969427.742
16779444,1375789.547
16779491,590222.345
16780973,613172.999
16781047,2016915.669
16781050,3280062.818
16781072,2081279.402
16781081,923045.869
16781085,2224707.374
16781101,783042.314
16781113,26965523.816
16781124,5460631.759
16781145,4541920.489
16781154,2891173.366
16781168,5914607.893
16781181,3991612.09
16781189,8326502.338
16811574,951565.605
18123573,17665675.277
18123632,130516666.514
18123647,860112.415
18123960,284759295.277
18124015,177745563.863
18124163,11899558.935
18124179,12565346.524
18124738,12886523.793
18124757,432303.242
18124888,57726.346
18125103,2353818.179
18125145,1504024.023
18125208,1665370.898
18125362,809284.078
18125379,813488.522
18125776,14836686.112
18125838,3715061.927
18126034,53001.852
18126112,4536079.24
18127641,45519041.297
18127741,171162979.055
18127783,4024175.332
18127809,48340447.776
18127828,14425.677
18127836,71615759.674
18127840,262277852.458
18128090,9331895.211
18128749,186460005.835
18128938,73286814.255
18129278,10522771.701
18129312,178009487.047
18138780,52150.524
18138798,4274.389
18138812,3542.815
18138815,1321512.289
18138825,8264219.819
18138837,35859392.682
18138869,1610174.162
18139017,1226245.688
18139045,34764116.178
18139074,5289027.162
18139615,6103036.183
18140291,35973120.442
18140358,22810358.594
18140736,83396611.751
18140801,3636964.805
18140823,1211497.976
18140829,87364069.765
18155920,77308828.77
18155933,17091736.88
18155939,6477983.164
18155943,3648067.669
18155946,15339513.261
18155949,19589992.8
18155952,14996288.743
18155960,2030495.674
18155963,1475834.233
18155982,1992350.835
18156003,4771300.565
18156550,9669615.012
18158219,6305677.878
18158262,11032962.127
18158331,1247445.152
18158359,1642107.557
18158445,10105883.929
18158483,3187646.726
18158583,60746411.273
18159121,3027774.094
18159126,1432824.637
18159556,1112646.526
18159817,1614299.892
18159823,1574846.506
18160428,425549.041
18160456,87803.504
18160468,136648.796
18160537,55142.956
18160573,548535.889
18161514,88839.088
18161519,1863128.608
18177478,965349.359
18177499,12650099.54
18177504,719043.57
18178550,2558588.909
18178598,18011399.984
18178601,18904978.979
18179793,9416931.475
18179796,18739549.108
18180983,2589686.423
18180998,594639.976
18214503,686103.883
18214519,20019682.152
18214570,393210.168
18214757,2786043.816
18214783,6942423.145
18214863,2221867.178
18227047,1792898.666
18227054,11754801.177
18227064,1903966.719
18227109,90954138.945
18227119,260689999.809
18227123,18708628.747
18227168,1670655.802
18237151,1014426.005
18237502,101527.1
18237516,17657.897
18237707,1682188.074
18237712,29174.231
18237739,25870.905
18237772,241075.849
18237775,25095.185
18237796,3004.087
18237880,4485824.823
18238049,44594009.96
18238431,1780278.07
18252612,235022677.544
18252616,11069623.641
18252619,253648610.412
18252629,161999491.878
18252702,172616404.474
18252718,222589888.331
18252849,83383875.79
18252853,79689053.115
18252941,83140824.303
18252952,139610624.855
18253276,235046461.805
18253282,147253016.264
18253287,273425587.629
18253296,250969316.231
18253303,234189033.364
18256447,47546375.156
18256458,89022542.212
18256490,12629242.279
18256504,53560.681
18256560,169758093.218
18256726,131245187.712
18256883,55419822.403
18256943,50227160.48
18256992,75610721.181
18257189,21234209.646
18257198,145846988.664
18257269,26469529.317
18257303,47879727.488
18257306,168239935.254
18257309,258069030.729
18257331,94592556.944
18257417,29996903.362
18257501,30933590.369
18257533,20971692.5
18257655,108607869.384
18257684,107665829.058
18257687,1003821.17
18257696,4662918.129
18257762,1519125.445
18257780,21077668.468
18258072,1357468.161
18258153,197801.292
18258202,172354.413
18258249,1338257.228
18258256,333104.282
18258266,321625.181
18258584,90640.564
18263684,999074.363
18435966,352333.191
18584848,3608033.156
18901743,90074.858
18903491,1653630.456
18907453,78046.67
19014407,5833515.299
19513675,919280.829
19513716,402297.904
19922589,529668.281
19922686,771336.678
20249232,11865203.389
20249446,12384014.837
20249586,613098.324
20249860,436333.113
20250059,13925484.257
20250177,4026653.041
20250214,3760503.583
20251047,11556264.67
20251174,8674790.562
20251407,701855.72
20251507,12786641.236
20252379,11442699.551
20252449,503324.213
20252707,3368079.488
20252738,12170188.609
20252870,11936017.248
20252909,4377019.814
20253006,7163638.712
20253151,16652029.446
20253212,8529427.619
20253300,13486796.003
20255775,1831968.602
20256067,6949349.542
20256270,3222128.92
20256645,2715751.246
20256729,14769768.616
20257156,3816470.87
20257324,13710276.423
20429419,17536020.832
20429438,9686544.387
20429448,1374162.129
20429455,21908282.255
20429462,17364038.249
20429774,15472717.892
20429787,11819217.139
20429793,1504454.515
20429800,12139387.226
20429854,11264265.812
20429869,19316935.912
20429950,12711737.408
20429981,5052568.454
20430011,3217758.108
20430510,2272739.339
20430563,4649179.453
20430651,22519720.695
20430679,22500201.536
20430774,13799658.961
20430800,8735622.845
20431493,1142724.568
20431506,119559.18
20431513,1167370.455
20431518,16429670.623
20431525,2616553.186
20431538,2949266.996
20432145,22208875.433
20432158,14199803.894
20432226,1388484.449
20432288,12570936.963
20433018,108386.582
20433442,144014.008
20433543,708066.746
20434340,1246626.883
20434679,13167555.251
20434766,21550030.855
20435070,10483513.358
20435185,15560862.528
20435470,10887858.985
20435675,905753.962
20435860,1105391.685
20435980,13670220.334
20436417,647227.342
20436452,1078141.447
20436473,21721531.696
20436497,18707789.333
20436632,1640459.544
20437309,346124.64
20437454,384931.054
20437461,1255047.779
20437665,1506720.309
20437678,443212.956
20437726,1625830.759
20437783,2377504.525
20437880,453440.472
20437921,1628274.685
20661580,3453497.596
20661897,148615929.588
20662018,23754870.431
20662028,121981670.087
20662040,340743.461
20662062,77993.697
20662092,1070538.28
20662212,655524.583
20662958,347816.176
20663855,5051410.342
20663917,3568279.918
20664078,571264.283
20664143,2090899.172
20664248,717028.073
20664320,2841693.476
20664578,885363.029
20664652,2199936.261
20664658,247352.49
20664904,573078.406
20664908,2774133.116
20664969,301996.441
20665034,890330.39
20665060,146814.081
20665149,403962.478
20665159,2595751.891
20665243,2515516.187
20665360,1857299.767
20665551,169671295.342
20665673,1599967.203
20665719,59708406.18
20665743,27862755.944
20665797,1807520.7
20665821,184596.728
20665832,563666.339
20665873,1201525.448
20666166,3836064.552
20666310,3144901.687
20666401,217907.901
20672304,254999.21
20672310,374607.496
20672313,687564.124
20672320,248901.744
20672323,75946.805
20672326,3150421.499
20672329,3484719.672
20672331,1025910.423
20672336,546144.232
20672341,4952239.572
20675303,578145.125
20675356,506733.016
20675360,160086.539
20675416,1199730.722
20885884,2581817.559
20885891,15680654.931
20885921,13770581.214
20885933,146680651.42
21101200,15956833.467
21101322,90888278.373
21103888,5052625.737
21104612,39896461.103
21104620,186703.125
21108245,9403553.435
21110056,32485958.78
21110117,4701398.26
21110190,18334744.006
21110276,35116456.764
21110389,1709715.034
21110616,232862.798
21110692,22937.317
21110723,467422.57
21112632,21784979.9
21112669,30703957.337
21112742,3178208.311
21112785,930376.595
21112836,1263113.934
21112867,14258536.809
21112879,60190678.239
21112889,9741574.312
21112898,15686030.386
21112909,867253.622
21112967,117551.438
21112977,47559.221
21112990,104372.697
21113041,1066245.608
21113051,639697.399
21113090,608084.095
21113095,865982.965
21113098,865299.489
21113101,735125.075
21113110,1221105.192
21113133,14966579.531
21113146,2379269.063
21113874,361152.092
21113900,135145186.513
21113904,179762776.95
21113907,13307512.091
21114995,97755.212
21115046,88749.411
21115107,981660.926
21128487,1653604.796
21128493,892002.595
21128498,832186.257
21129279,736615.729
21129297,268815.84
21129628,142777.445
21130020,90356.163
21130060,679557.575
21130109,345423.305
21130112,158052.152
21130133,695864.329
21130147,158052.152
21130156,380590.617
21130171,810885.533
21130177,158052.152
21130196,440092.647
21130837,116789.851
21130857,815961.637
21130871,153193.611
21130938,148078.456
21130959,308381.053
21130979,432611.771
21131347,569206.602
21131356,123153.626
21131962,158051.513
21132053,2746060.968
21132133,50707.089
21132139,1201.527
21132290,591750.315
21132305,1339186.755
21132319,1495145.095
21132344,931552.265
21132418,64876257.887
21132444,411206.479
21132559,72486.637
21132575,266017.177
21132618,678012.213
21132622,291910.557
21132654,715578.299
21132659,1069098.61
21132662,705262.998
21132665,246597.74
21132668,1130343.423
21132672,769754.928
21132679,206255.084
21132707,763342.95
21132710,910012.377
21132724,654384.576
21132730,75529.519
21132733,158051.511
21132774,336146.41
21132808,19327304.285
21132815,843205.059
21132819,4313276.817
21132822,77740054.845
21132825,95686968.241
21132828,117703523.108
21132839,7985544.665
21132848,40678012.489
21132856,3912359.665
21132859,162236237.437
21132879,506947.014
21132882,5521447.882
21132889,69999301.313
21132898,15358805.18
21132901,14627515.616
21132906,4087512.032
21132910,115330070.511
21132914,9960606.082
21132917,14552699.94
21132922,68486221.525
21132928,23834694.222
21132931,61171172.353
21132935,9154361.04
21132953,11862719.948
21132963,50528378.331
21132976,11066137.599
21132979,12959477.185
21132983,29817617.56
21132986,54875326.205
21132989,10784577.489
21132997,20884695.885
21133000,183494487.275
21133003,736288.966
21133006,328867.05
21133010,264567780.885
21133013,663557.945
21133018,3984815.961
21133028,12835060.875
21133032,54243088.32
21133035,22452103.703
21133042,25040640.384
21133045,52434388.024
21133050,8049521.982
21133058,5129410.989
21133064,704566.877
21133067,1128627.553
21133076,87076004.564
21133091,15415795.156
21133099,20883956.616
21133108,36910503.21
21133116,16876149.604
21133121,89727847.376
21133131,1043149.609
21133167,110554529.465
21133172,1618393.646
21133184,217308.935
21133190,8462325.505
21133195,53406313.145
21133207,14188871.304
21777393,139531.573
22493215,3825.112
22493220,22218.097
22493228,138785.132
22493233,55446.619
22678576,109982.377
22678588,471034.038
22678611,84419.947
22678620,762.036
22678632,36138.613
22679830,1529236.941
22679846,2476356.411
22679859,1255578.62
22679869,5683561.722
22679872,190949.739
22679881,5838155.249
22679896,7075418.145
22679919,190199.574
22679943,178673.972
22679946,3125724.098
22679958,557996.615
22679978,155646.242
22680011,3300063.223
22680015,268823.502
22680021,336.315
22680024,8920372.02
22680029,2173785.404
22680033,328083.836
22680038,49163.716
22680047,12033.796
22680052,1006665.135
22680130,1859148.867
22680145,4317287.048
22680153,7434496.553
22680157,16342849.965
22680163,7910881.979
22680170,9213622.594
22680174,3368304.276
22680178,1390381.808
22680203,5.017
22680214,239040.224
22680217,8845309.601
22680221,8476793.264
22680229,8148022.429
22680236,2430691.949
22680243,4454068.383
22680247,18256872.704
22680252,53434.307
22680287,2991584.698
22680301,18982282.666
22680306,7506.026
22680310,4166039.588
22680313,17287574.036
22680358,15700668.593
22680364,5655061.377
22680367,4578393.468
22680387,6825013.889
22680391,18920996.929
22680398,7469664.32
22680402,6110711.657
22680405,5965645.86
22680409,4116480.398
22680412,626406.789
22680415,1106532.288
22680418,230834.292
22680423,7912681.942
22680427,5390787.276
22680441,4808381.843
22680455,15867456.137
22680462,7882306.759
22680465,11990223.32
22680472,3425028.296
22680485,23537749.034
22680492,21429817.333
22680496,270237.949
22683027,14619469.878
22683033,3463736.196
22683037,4674328.275
22683042,3655192.839
22683045,3398489.468
22683093,572332.969
22683099,858.553
22683106,146.64
22683112,2739779.011
22683117,218566.249
22683213,41842.356
22683227,5091973.15
22683230,168034.982
22683249,4008319.955
22683265,193724.208
22683368,2877.153
22683399,3828153.103
22683422,134276.077
22683442,3023572.016
22683616,13133154.898
22683634,16228787.525
22683645,23875911.229
22683649,13144153.148
22683652,16946715.06
22683658,9275171.648
22683744,4269964.774
22683982,7686831.118
22685200,142134.666
22686806,8283.546
22686815,4502051.474
22686831,131433.18
22686839,590835.671
22689032,4649310.205
22689535,7302556.677
22689714,13837804.278
22689906,1022235.048
22689985,4776831.178
22692146,15306244.448
22692151,1609599.596
22692167,1425758.501
22692384,38288.936
22692425,2532556.07
22692521,975421.424
22692535,590995.525
22692667,17459168.238
22692680,1975889.794
22692705,2288129.044
22692708,108.38
22692778,69431.582
22692880,3787334.482
22692913,18011923.177
22693102,5609482.861
22693133,12129296.636
22693150,31938158.176
22693154,62314062.816
22693158,231087108.61
22693162,21741443.295
22693178,8222646.973
22693182,56578.264
22693185,877711.452
22693190,18975323.338
22693195,2115891.97
22693199,55223683.118
22693207,13749665.205
22693211,19765856.19
22693216,25029337.411
22693220,33874464.952
22693225,245099.515
22693231,34579552.053
22693251,11623048.487
22693264,34941167.548
22693277,19327218.643
22693289,86932395.759
22693305,1117798.546
22693319,1927674.454
22693336,72259436.666
22693341,554165.194
22693344,50071473.719
22693348,47462834.498
22693351,2745343.999
22693356,700357.346
22693359,95993201.643
22693363,66644888.96
22693369,45741579.219
22693373,64462783.121
22693376,30573112.468
22693379,19861965.873
22693383,4584664.909
22693388,13402299.638
22693392,3369948.889
22693396,40804004.355
22693399,46315344.862
22693404,48459941.604
22693408,225523410.124
22693414,6348961.143
22693420,1926017.352
22693424,650385.729
22693427,167436290.919
22693431,165157894.855
22693452,255150.455
22693464,122708088.562
22693468,20349674.088
22693472,5671918.706
22693490,9706621.26
22693494,11904131.439
22693528,16988448.659
22693556,1494765.496
22693567,8219.093
22693584,5802844.891
22693589,12421028.766
22693604,2969603.168
22693613,9301474.556
22693621,2521.151
22693627,95864.86
22693632,139114.316
22693644,1457773.91
22693647,855198.884
22693656,24.306
22693663,812087.46
22693669,207786.832
22693690,139135.381
22693709,1194767.327
22693712,10043374.135
22693717,2475698.321
22693720,3230635.823
22693727,3245291.788
22693735,5053059.527
22693740,67431045.833
22693749,129589057.621
22693759,23517744.866
22693764,11235735.99
22693767,2788663.364
22693770,27129600.264
22693774,770408.669
22693777,20843774.006
22693780,14469.492
22693793,16351827.572
22693814,480800.221
22693828,4442943.797
22693832,4811331.656
22693836,1266559.929
22693839,109967.51
22693842,14988365.748
22693845,1385389.441
22693852,743578.102
22693862,5473335.58
22693868,8016415.661
22693872,1927513.021
22693879,1204933.312
22693899,2.114
22693928,17775.461
22693949,17337993.308
22693978,5662037.204
22693983,8253860.979
22694038,839078.505
22694081,1025566.149
22694086,5977374.573
22694127,7776005.278
22694132,5860656.398
22694140,714799.139
22694148,3439738.605
22694152,3327482.244
22694160,20130719.09
22694210,1605049.705
22694218,9708870.056
22694240,62055393.838
22694245,10185933.816
22694251,46035028.006
22694256,13739508.64
22694271,472286.97
22694279,392125.029
22694282,327397.093
22694286,90480.529
22694289,2558046.887
22694292,484071.607
22694296,842395.568
22694299,719014.401
22694303,1682335.714
22694308,17265230.613
22694313,1127542.203
22694317,5243634.652
22694321,3196211.42
22694324,10776223.966
22694329,1611413.731
22694334,5572721.885
22694337,55140.705
22694340,84317.906
22694343,5675413.063
22694357,953448.865
22694362,1085263.261
22694373,26421401.551
22694379,3184113.405
22694384,1781120.109
22694387,22207270.564
22694393,69935.229
22694413,80200.085
22694417,2149631.884
22694420,19543855.076
22694428,3297579.972
22694432,6671887.165
22694436,226297.88
22694443,1296545.448
22694447,1411880.501
22694452,2591.469
22694455,1575427.738
22694462,6025954.73
22694469,8215530.42
22694473,16897521.356
22694476,2356249.224
22694479,58561763.977
22694493,4457291.156
22694497,39352653.904
22694502,12057781.758
22694524,5082425.961
22694537,5027116.173
22694542,3141158.898
22694552,2157857.668
22694561,22655920.92
22694571,47716233.5
22694585,57.884
22694591,5055277.241
22694601,27227810.493
22694607,4208285.849
22694612,31072663.464
22694618,1375360.338
22694623,30071765.025
22694629,50826608.005
22694635,6684827.147
22694641,1438207.06
22694646,6092406.499
22694651,459246.192
22694656,12745762.414
22694666,3822668.7
22694673,2154613.015
22694685,196276.554
22694691,566317.733
22694699,335425.146
22694705,633398.316
22694716,1225260.171
22694722,36416255.69
22694730,30462285.17
22694740,173795865.322
22694750,95137.52
22694764,21526223.833
22694782,30226582.494
22694787,22798667.543
22694791,13305483.218
22694794,158772399.947
22694799,77509754.206
22694805,5306819.492
22694830,3987507.143
22694834,476735.988
22694837,13725644.71
22694841,18815189.132
22694847,20004866.824
22694852,6581587.804
22694856,8324721.911
22694861,4693173.152
22694864,5116266.579
22694867,1390418.701
22694870,1323413.064
22694875,1554498.954
22694887,376296.616
22694896,5019194.14
22694899,570916.659
22694903,3960823.572
22694906,17307408.733
22694915,5359039.272
22694918,1754883.604
22694921,3640972.539
22694924,3458714.478
22694927,17191650.622
22694931,13040046.364
22694934,9792397.587
22694938,41513580.206
22695021,13573105.09
22695036,12522294.388
22695091,5565646.931
22695094,8840397.205
22695097,6333774.53
22695105,36124.135
22695115,15637883.111
22695121,52761.993
22695137,9837001.87
22695144,6197243.886
22695147,891111.783
22695363,2944441.436
22695909,7256.244
22696247,23812.364
22696354,8273511.567
22696391,7685043.135
22696453,23373985.529
22696495,23375117.356
22696500,17351918.762
22696545,30698264.443
22696589,5852190.345
22696596,2909991.501
22696599,17375393.848
22696602,16538415.435
22696606,16211072.272
22696610,13195544.087
22696628,59996.392
22696631,4403424.559
22696637,24707498.662
22696641,117410050.418
22696645,102946023.714
22696649,677562.556
22696657,18268968.16
22696668,1102838.515
22696675,7276065.568
22696683,4275642.892
22696686,682726.095
22696694,122427362.707
22696698,110084581.782
22696705,17976599.626
22696719,6824500.203
22696725,17477574.054
22696730,20853.119
22696743,3114425.127
22696750,359992.826
22696753,311049.728
22696756,45.677
22696766,80284.857
22696770,193811.234
22696773,17965768.117
22696776,4415290.516
22696779,1187570.011
22696782,4379236.116
22696788,2431360.503
22696792,17355893.348
22696799,2018324.178
22696802,604263.832
22696806,267727.151
22696810,328701.713
22696813,5885.448
22696840,874.211
22696846,1160.052
22696853,12239.136
22696861,7234.208
22696869,5286.582
22696876,2063.191
22696883,467962.27
22696887,1295684.309
22696894,1772459.743
22696898,438147.539
22696901,85166.45
22696907,11925.078
22696916,337577.76
22696926,8505004.79
22696931,1369046.684
22696938,4853237.218
22696944,4999319.469
22696974,15080689.495
22696977,426771.281
22696980,4099474.265
22696993,29366800.38
22697008,19067243.575
22697012,86425.871
22697017,17833051.094
22697028,1764501.955
22697031,28503963.055
22697037,977328.693
22697043,56308674.601
22697123,18485463.521
22697128,3285673.012
22697133,4820777.712
22697143,2235360.644
22697203,2448622
22697211,22893381.164
22697219,7725707.618
22697314,2806320.026
22697334,3522982.323
22697353,1425382.926
22697360,5061587.243
22697365,3269778.016
22697369,5242205.157
22697519,5133733.938
22697555,4787592.646
22697561,5888747.88
22697564,14157612.5
22697568,113898.91
22697590,15439716.006
22697595,14141336.635
22697599,7218794.169
22697608,5368503.511
22697611,4652351.713
22697619,367189.118
22697641,2543680.824
22697648,14531381.733
22697654,15368408.037
22697702,5462619.406
22697713,3447685.434
22697724,11368034.326
22697728,2548971.619
22697733,108209490.841
22697738,94656967.848
22697742,4236547.947
22697748,21632226.53
22697752,12288094.338
22697755,26528136.328
22697758,16765528.052
22697761,33806136.759
22697776,4074017.246
22697782,3482082.878
22697789,384152.113
22697793,20728816.595
22697797,218839.704
22697800,80421.549
22697805,488189.147
22697810,209036.73
22697817,812499.171
22697822,1696534.956
22697825,4587.851
22697829,16657775.711
22697834,18880705.133
22697839,4898074.098
22697842,8947923.985
22697847,4030133.082
22697852,100187543.08
22697859,91967378.632
22697866,28890043.125
22697870,97369390.637
22697875,58572301.799
22697879,136285945.339
22697885,35988006.791
22697888,60094046.834
22697896,74501.478
22697913,120483.002
22697925,49564119.388
22697935,146882.344
22697949,30396334.334
22697954,118358010.315
22697957,67284604.063
22697963,119601567.775
22697967,18787702.557
22697970,122017483.611
22697975,120250488.1
22697984,75938775.907
22697987,34398313.294
22697990,1766597.414
22697997,47471601.739
22698001,22290494.344
22698005,47409346.521
22698012,50656198.772
22698017,19211671.218
22698020,15494439.884
22698027,87298544.113
22698030,44060873.357
22698035,26305023.898
22698039,66309996.798
22698042,59746349.469
22698049,1846624.119
22698055,74954769.283
22698062,31437931.572
22698080,52190064.798
22698084,19854295.752
22698088,15874369.53
22698092,7448675.647
22698097,0.973
22698102,75990863.932
22698106,50801381.908
22698114,84141970.335
22698119,56263101.534
22698124,21117415.248
22698128,6978269.718
22698132,117378207.684
22698136,8086976.042
22698140,107343502.696
22698150,39453187.287
22698155,18867084.554
22698159,83041667.905
22698172,32882270.578
22698175,119715221.58
22698182,109799793.997
22698188,117469151.652
22698195,14595413.763
22698201,63606981.59
22698209,191686074.522
22698216,112650654.591
22698222,50915185.494
22698226,69095843.574
22698230,2984414.437
22698235,2806311.888
22698246,1883772.84
22698249,10247105.919
22698252,2952969.08
22698267,3321942.102
22698272,1382391.863
22698277,421592.304
22698280,469358.704
22698288,1030015.426
22698300,21719374.971
22698305,97770241.505
22698310,11232091.067
22698314,56488363.489
22698320,1736832.562
22698335,48012495.462
22698350,72160510.986
22698365,45347347.597
22698375,109958408.819
22698388,66986728.407
22698393,51416849.964
22698398,83985116.042
22698425,21606157.848
22698431,61329635.315
22698436,227434316.74
22698442,1761960.469
22698448,74629821.033
22698453,104775774.175
22698459,191804992.055
22698465,75851763.591
22698471,29441486.528
22698477,50297771.752
22698485,2556378.69
22698496,11744924.775
22698520,19562641.197
22698530,78430.605
22698535,13674841.87
22698543,12040874.201
22698548,22464432.532
22698557,7927200.005
22698562,346617.762
22698567,1483655.77
22698572,19563913.949
22700142,2346932.719
22700321,6805756.6
22702103,24111.681
22702107,74685.21
22704484,2667021.556
22704600,197682.928
22704604,767767.194
22705499,524241.757
22705916,12981520.531
22705929,9106799.324
22705986,396973.078
22705993,970986.53
22705999,95101.338
22706016,26370604.306
22706033,4803477.781
22709707,27949312.429
22710051,12337912.813
22710259,1288299.839
22710333,11977219.492
22710886,13994644.868
22711374,3517358.856
22712065,10909778.918
22712077,5391212.214
22712198,595253.949
22712266,4764528.413
22712294,4216129.002
22713491,18560230.14
22713519,702791.556
22713615,7403210.361
22715501,3277909.054
22716364,1273158.322
22716971,4157180.406
22716976,2205595.893
22717336,1260034.403
22717383,24243951.542
22717424,8309289.739
22717434,22640130.442
22717629,1342362.401
22718187,712666.844
22718194,1319875.05
22718371,3891210.174
22718375,591120.506
22718379,16359426.128
22718414,815796.1
22718556,5898509.124
22718560,11428909.841
22718567,204783.819
22718575,16422086.984
22718588,1221.786
22718770,559286.207
22720722,1.554
22721016,1370430.845
22721033,12514917.923
22721043,11524477.257
22721046,68243.876
22721058,5224270.076
22721123,168597.927
22721836,11588725.562
22724178,2226093.787
22724271,556908.976
22724323,207006.006
22724326,916403.681
22724332,3949256.292
22724836,5118144.606
22724845,6485999.474
22724879,4462557.689
22725033,998581.866
22725660,602834.224
22725672,18520.79
22725846,6823580.455
22725856,278326.5
22727255,3402893.493
22727265,14445879.675
22727471,9221083.482
22727481,188628.678
22727487,9730093.122
22727668,3428981.658
22727677,13389300.947
22727683,5263522.293
22727746,33794838.327
22727969,30450729.737
22728011,12672083.632
22728182,44534055.506
22728303,62770.778
22728318,41291431.892
22728323,65315163.561
22728328,29134433.005
22728349,32047281.835
22728364,38674086.636
22728372,35281574.571
22728393,2592907.596
22728432,3816160.573
22728437,12020738.228
22728442,9327598.291
22728596,24603.859
22728621,2207239.517
22728800,116.167
22728804,116.167
22728808,1598967.155
22728950,2858477.651
22728990,1382813.904
22729000,848304.535
22729148,28435735.048
22729421,14806943.587
22729604,23868550.955
22729609,54804148.753
22729686,278356.693
22729692,2014579.596
22729877,9581576.331
22731577,57343.008
22731855,28069.48
22732244,58795625.076
22732425,3674284.735
22733705,14237602.004
22733979,5677908.668
22733989,4698759.597
22734070,45927838.888
22734194,4842634.818
22734408,7013037.8
22734928,18624844.9
22735250,11117954.456
22735615,615579.838
22735624,736936.742
22735692,1838581.213
22735810,24153307.111
22735929,3771759.761
22736135,43967636.474
22736173,130160763.867
22736215,1364564.482
42564343,1547134.902
42566169,2901297.267
42568145,227114.849
42830204,26776134.124
42830213,701901.401
42830223,1353484.414
42830236,6775020.802
42830239,30694224.638
42830242,102903.108
42830251,37202419.586
42830260,15438751.462
42830277,38165870.233
42830286,20104392.589
42830291,22556.397
42830689,67.937
42874318,5145.546
43270317,829074.949
44600532,51166.482
44600576,3089.874
44600604,2524.757
44600678,10026.282
44600742,3795532.211
44600834,48542.853
45048812,47139373.718
45048990,16399811.599
45061132,46030656.921
45354718,3114459.353
45354823,19814.353
45354964,35961585.612
45433088,698230.689
45959011,21728971.253
45959182,24660965.853
45959186,13896859.621
46073947,14589076.144
46074027,2007123.665
46074055,5138565.9
46075046,976523.835
46075152,8961474.876
46075167,233537.745
46075186,59249.572
46075209,220808.755
46075224,2231398.469
46075248,9276582.023
46075339,1118786.571
46075359,233205.11
46075376,1290794.156
46076682,78853327.517
46076701,23241118.338
46076716,300310.409
46076734,7937098.777
46076884,11072966.35
46076928,3814201.382
46078918,10074737.009
46078939,445898.587
46079018,15643038.887
46079034,3174198.87
46079096,1602743.298
46079214,1086097.319
46079217,1290101.186
46079226,1810376.04
46079239,743217.708
46079290,874184.965
46079321,1306182.314
46079476,9396855.378
46079519,592087.543
46079775,1992604.877
46079801,19873584.597
46079816,889569.925
46079840,2074498.967
46079868,1010185.659
46079873,49656.841
46079911,460872.758
46079924,1561193.187
46080027,828201.266
46080080,15651683.611
46080101,749528.454
46080159,12314216.386
46080799,7169351.13
46080857,9500585.489
46081422,11575356.663
46081534,10928151.006
46081718,948653.326
46081803,14830110.332
46081926,17093557.836
46082077,520336.07
46082238,404862.807
46082241,7285789.182
46082420,864231.434
46082431,3200235.193
46082575,6041297.79
46082602,1197638.344
46083195,404199.766
46083503,2218863.337
46083881,19501.254
46084220,362014.286
46084287,837573.224
46084385,9815034.139
46084392,1124371.592
46084426,1006163.182
46084436,837227.136
46084449,480492.65
46084651,875839.471
46084720,3292321.401
46084808,1004135.206
46084981,399503.779
46085237,2149.181
46085242,1134256.448
46085669,613562.826
46085734,352015.21
46086124,2755914.563
46086162,19735561.207
46086355,9163267.054
46086366,1208360.105
46086416,19667116.272
46086532,17210088.016
46086601,7486040.489
46086626,414954.542
46086643,35235.319
46086669,339196.441
46086703,10084318.166
46086775,11947042.565
46086877,3906610.58
46086928,7232869.317
46087000,11974564.988
46087031,3956399.199
46087040,1513866.279
46087121,2914869.208
46087155,2537076.931
46087177,539836.054
46087474,1042245.218
46087494,2142934.861
46087522,24154.326
46087798,233205.128
46087813,7293754.214
46087863,19926617.22
46087917,7473070.65
46087926,737338.294
46087999,687561.33
46088026,802759.25
46088074,638935.76
46088136,364618.874
46088156,55882.68
46088184,546110.283
46088346,9502492.237
46088399,10143294.969
46088438,17813928.217
46088493,20310173.432
46088509,16735192.894
46088513,14678055.232
46088524,16254573.366
46088557,22763166.402
46088833,231083.035
46093088,122840.694
46093091,7458069.64
46093100,4496.841
46093119,4728639.575
46093128,12217.267
46093134,14526512.565
46093150,8801938.838
46093157,8967187.647
46093165,1037798.439
46093168,11265221.575
46093175,2729300.266
46093182,1566950.459
46093186,8050379.534
46094228,16663176.217
46094533,11682166.726
46094548,7751127.31
46095433,2661440.155
46095523,178756.777
46095532,3262404.812
46096138,1103724.729
46096141,9516.442
46096156,6098927.786
46096184,11142.061
46096204,11091417.211
46096692,1015806.54
46096750,6712.317
46096953,11345323.037
46097197,1338133.876
46097614,10450616.729
46097625,9036112.965
46097663,9925353.337
46097723,1713871.03
46097728,686438.281
46097741,8488950.788
46097767,13045537.068
46098357,3623563.083
46098411,1099607.116
46098924,8220979.429
46099940,3047238.381
46101009,2119098.019
46101835,7438993.007
46102071,418285.015
46102308,1091443.778
46102475,1572774.962
46102491,1293238.117
46102529,14089599.218
46102569,12843390.735
46102582,1443663.629
46102624,10881305.14
46102674,2848790.807
46102713,12635511.806
46102735,6985834.734
46102792,230667.468
46102818,8128582.698
46103983,113049.242
46104003,49125.658
46104027,161139.201
46104049,2406619.354
46104052,643663.466
46104061,982232.671
46104064,878499.556
46104071,1651085.19
46104074,368686.664
46104077,1342420.081
46104090,2568865.042
46104109,3941729.218
46104116,2416821.182
46104124,1920797.645
46104127,771771.331
46104133,452073.348
46104136,2545300.267
46104139,247064.526
46104142,2043723.585
46104147,923227.741
46104150,1153769.123
46104153,499901.67
46104160,461353.975
46104167,3290529.481
46104170,3181246.811
46104173,1633414.704
46104176,1777423.331
46104199,1137908.487
46104208,1921182.968
46104211,2408259.808
46104218,2409566.815
46104227,2124506.785
46104232,1500548.222
46104241,2234677.849
46104251,2344129.539
46104265,2144635.108
46104272,2421175.207
46104287,1334867.576
46104430,2592480.975
46104765,1174119.781
46104789,2426438.575
46104807,662937.955
46104864,89437.149
46104895,883575.207
46104928,942900.872
46104933,493672.836
46104959,3885473.189
46105095,2457682.252
46105306,2168929.65
46105847,978792.516
46106057,3190683.981
46106266,1584312.86
46106412,341125.464
46106542,2881763.136
46107486,4280551.525
46107620,1552372.493
46107890,1456146.374
46108119,2733744.567
46108252,2598835.204
46109068,874202.656
46109095,3466595.843
46109104,415936.894
46109137,1219276.525
46109145,835305.422
47136868,1377037.769
47137303,135346.125
47137465,1347679.459
47137515,169904.319
47139706,2855503.697
47139816,8074.556
47140113,141923.272
47140142,40325.904
47140895,924151.535
47140942,189381.781
47141089,516325.218
47141104,2714433.155
47141177,999701.755
47141289,154302.385
47141293,475949.227
47141351,292005.605
47141354,8813.647
47141401,58923.889
47141570,1109149.739
47141697,464639.323
47141712,10168.395
47141736,1675714.747
47142330,303557.577
47142899,1443916.383
47142908,109627.721
47142915,522780.286
47142918,465927.592
47142939,34439.174
47142954,311271.636
47143144,157054.065
47143154,8388.538
47143163,820296.913
47143176,53293.249
47143206,245300.569
47143213,613.78
47143216,66163.892
47143309,1158957.588
47143314,1127528.684
47143351,1403286.153
47143372,79129.197
47143381,324195.738
47143391,412443.926
47143394,1759072.816
47143398,381862.085
47143407,2010294.685
47143421,24112.79
47143432,344385.25
47143452,1054448.041
47143476,461582.586
47143503,1711.85
47143512,2915781.713
47143570,2755.958
47143593,642001.715
47143643,72455.403
47143653,32173.424
47143869,827630.588
47144358,783055.695
47144430,829412.217
47144448,1829148.854
47144466,1416966.31
47144528,412091.025
47144544,1038546.163
47144580,331642.23
47144628,369922.898
47144698,480408.242
47144741,298901.051
47144879,615841.274
47144896,1525704.861
47144901,27779.315
47144911,1338544.583
47144922,333914.773
47144957,49768.581
47144987,28742.27
47144995,547909.898
47145002,84257.034
47145180,53869664.314
47145226,1126346.351
47145548,26251.693
47145580,10902.415
47145611,44952.85
47145645,995294.33
47145752,118133.405
47145793,597036.223
47145877,717695.252
47146393,1656030.425
47147457,1680368.084
47147468,1180861.806
47147556,1283803.909
47147574,548630.441
47147582,616495.99
47147616,448460.274
47147660,1361946.957
47147702,1324837.699
47147749,873305.946
47147840,334163.831
47147979,1243032.827
47148013,1199477.346
47148202,1364875.046
47148543,1070362.596
47148847,265999.027
47148940,191431.797
47148944,540086.38
47148973,9123.109
47149007,937305.175
47149037,715459.469
47149087,1273916.438
47149357,1257887.645
47149427,391617.243
47149594,155036.673
47149690,3774.205
47149703,34064.217
47149713,220254.358
47149747,334812.669
47149866,26424.395
47149869,290948.949
47149895,1761581.71
47150056,2927005.257
47150210,1315937.873
47150446,391222.428
47150895,118127.529
47153711,1612496.226
47153782,202969.272
47153791,834502.96
47153800,233801.908
47164914,18047496.677
47164926,63895457.314
47165067,95367671.228
47165099,18435286.869
47165104,4695255.97
47165158,69437509.129
47165292,14418405.792
47165302,16434907.19
47165317,31755778.938
47165333,8001333.711
47165363,205393338.966
47165366,6824165.351
47165387,7806940.507
47165398,73539.194
47165457,14102747.055
47165472,86573796.195
47165490,32972256.958
47165538,173163678.969
47166619,571423.962
47166659,762995.576
47269499,12347.894
47269831,305665.324
47269908,557993.412
47269927,3161174.687
47270031,297522.377
47270035,3488059.123
47270059,3163098.471
47270062,5181.157
47270129,35768.077
47270244,106723.553
47385652,7587575.076
47386437,1431155.502
47386864,117298.639
47386952,16935.215
47387347,154333.102
47388190,3598630.021
47389014,267023.488
47389495,180877.8
47389858,28680.564
47390205,58048.703
47390220,45087.295
47392828,47223.874
47392945,87464.722
47393536,60819.081
47394785,2940005.442
47395413,2523949.564
47400952,46586.706
47401609,256429.951
47401641,7524.206
47402970,2872015.501
47402974,1138418.01
47402978,1938848.831
47403021,425059.45
47403067,416351.96
47403212,1650352.815
47403216,541425.001
47403227,132708.937
47406916,3552149.751
47406921,261945.889
47407240,100757.802
47407523,202733.077
47407568,44642.349
47407576,18647.223
47407633,81078.227
47407703,379200.147
47407717,17072.154
47407760,34231.29
47407786,237896.8
47665073,53730.353
47685177,193077.339
47686544,219870.857
47686971,5435668.227
47687060,2084890.962
47728602,28910.75
47728610,3726.62
47728648,123603.712
47728650,9266.05
48319933,80758.702
48320326,435162.008
48320397,1176587.679
48320496,435143.034
48321090,763429.161
48321143,434979.89
48321151,1003955.414
48321164,1099026.165
48321178,224989.911
48321187,5771005.771
48321442,1279284.109
48321557,129410.83
48342089,411073.132
48342092,362037.878
48342093,8623902.758
48342097,411073.132
48342099,135924.112
48342100,221270.503
48342101,676101.651
48342103,131821.024
48342104,18599.739
48342105,7357871.899
48342108,167144.104
48342109,416202.346
48342111,15250473.725
48342115,11523115.663
48342117,3941490.408
48342119,945911.719
48342120,89636.508
48342122,1192394.225
48342123,255411.01
48342125,873187.705
48342126,5625597.441
48342128,136163.032
48342129,129410.83
48342130,6653052.82
48342133,434832.957
48342134,1967071.654
48342137,17035661.531
48342142,327903.473
48342143,104495.725
48342144,198783.502
48342145,3177811.388
48342148,357146.029
48342149,17130.56
48342150,164625.124
48342152,152487.939
48342153,485919.528
48342154,8095648.024
48342158,139926.562
48342160,3085113.249
48342162,577228.939
48342164,752886.766
48342166,4314974.934
48342168,6144394.754
48342170,174781.217
48342171,8001257.607
48342173,991919.724
48342174,943563.494
48342176,1014311.271
48342177,411073.132
48342178,102055.703
48342179,986490.436
48342180,429888.504
48342181,1385944.792
48342182,1839342.566
48342183,833727.257
48342185,279364.251
48342186,1294347.905
48342187,9637585.791
48342191,381689.547
48342193,93911.372
48342195,276952.752
48342196,79792.114
48342197,743135.136
48342198,32603.976
48342201,1622596.2
48342204,1467086.93
48342206,823564.606
48342207,52282.85
48342208,152785.292
48342209,6567556.845
48342210,10164771.566
48342213,17854071.66
48342217,4168273.706
48342218,278247.959
48342219,4811977.861
48342221,140.348
48342223,481050.351
48342225,11703399.721
48342228,129410.83
48342229,2266837.331
48342230,58661.525
48342232,3271256.695
48342233,145610.828
48342234,107608.152
48342236,37770.842
48342237,278832.489
48342238,3727060.705
48342240,492013.349
48342243,1909016.328
48342244,138090.627
48342246,10949810.404
48342248,13298854.585
48342250,4772879.231
48342252,686440.434
48342253,711.901
48342254,1244954.314
48342256,4630911.433
48342258,435323.597
48342259,130157.378
48342260,3309151.812
48342262,315535.761
48342264,268460.575
48342265,14850710.136
48342268,182331.523
48342269,737415.256
48342271,1678576.901
48342272,210806.726
48342273,135559.455
48342274,6506026.867
48342277,691178.872
48342278,1861266.14
48342280,135924.112
48342281,1322846.117
48342282,34833.805
48342283,84028.608
48342284,1199931.238
48342285,460557.015
48342287,1210484.596
48342288,36972.208
48342289,3478572.643
48342290,86336.033
48342292,8093585.985
48342294,20518.328
48342295,6928689.46
48342298,2096026.634
48342300,1933232.387
48342303,2004816.59
48342305,2031158.937
48342306,1686041.495
48342307,280235.559
48342309,12043257.846
48342312,11089113.662
48342314,868286.043
48342316,841683.145
48342317,5208461.572
48342320,42313.167
48342321,13436051.531
48342325,186165.97
48342326,3863266.8
48342328,163941.196
48342329,5817138.234
48342332,826832.682
48342333,10717739.564
48342337,526419.552
48342339,128764.667
48342341,626377.77
48342342,37435.849
48342345,37633.342
48342346,12339085.963
48342349,511216.418
48342351,323342.284
48342352,732357.939
48342354,3435721.291
48342356,513431.907
48342357,48647.017
48342359,4999179.976
48342362,7735897.025
48342364,67362.641
48342366,17022928.179
48342371,361856.17
48342372,287460.714
48342373,482432.062
48342376,444952.293
48342378,148753.076
48342379,411073.132
48342381,152064.439
48342383,3075001.812
48342385,11289724.906
48342388,868434.828
48342389,10837367.875
48342392,230725.731
48342394,595127.623
48342396,32515.516
48342397,279664.951
48342398,459074.998
48342400,205082.495
48342402,4790383.666
48342405,445467.137
48342407,5765423.025
48342409,340134.658
48342410,114558.843
48342411,485919.528
48342412,1001640.523
48342414,34849.599
48342416,100228.305
48342417,431998.638
48342419,75039.76
48342420,78722.033
48342422,6080872.149
48342425,3986548.972
48342427,3769727.176
48342428,11387060.951
48342431,5224072.184
48342433,10994430.121
48342435,409444.194
48342436,500157.135
48342437,1344229.722
48342440,3726832.236
48342441,170480.628
48342442,1676353.537
48342444,11023919.498
48342445,1542889.917
48342448,98174.117
48342449,203722.433
48342451,8217126.277
48342454,22828.834
48342455,244211.833
48342456,1819396.134
48342458,2461059.9
48342460,736513.087
48342462,563613.114
48342464,335943.563
48342466,429091.033
48342467,16434.933
48342469,463728.214
48342471,2969312.579
48342473,3140752.682
48342475,210580.426
48342477,17528955.233
48342482,11036104.895
48342485,183957.019
48342486,178377.681
48342487,60742.874
48342488,1970486.409
48342489,6426826.18
48342492,434304.021
48342493,1194326.873
48342496,6890811.17
48342498,75900.612
48342499,443162.577
48342501,155590.04
48342502,1040854.706
48342504,146715.304
48342505,7723993.634
48342508,234680.054
48342511,558344.82
48342512,586669.59
48342513,12475844.643
48342516,4279245.147
48342518,1893480.606
48342519,1963448.397
48342521,8769329.073
48342523,330991.276
48342524,433190.667
48342525,15877521.185
48342528,264867.221
48342529,1296829.857
48342530,9260527.854
48342534,37653.383
48342535,298563.596
49145085,1357.434
49145114,223230.365
49145276,264895.906
49145334,330677.371
49145403,2954209.595
49145628,163094.111
49145710,1529389.521
49145872,37070.722
49167001,594623.307
49167066,307429.641
49167164,906905.266
49167992,3192.037
49168598,8365.799
49169112,2290865.908
49169275,3353.217
49169558,1832633.885
49169667,479671.457
49170868,2164491.131
49171768,965628.031
49171849,627028.967
49173102,701406.012
49173267,4610902.655
49173495,8017520.442
49177273,1518424.551
49177767,6931280.267
49178040,3472595.586
49178121,1322148.95
49178332,388287.075
49178446,690648.655
49178586,1360603.983
49178958,505569.56
49180541,577769.29
49180983,1015310.619
49181204,414116.918
49181248,324247.396
49181363,293081.276
49181447,1549599.873
49181520,3064060.168
49181579,97977.658
49181824,221906.685
49181893,6920.653
49182018,2400286.699
49182073,630538.681
49182317,831528.92
49182559,648593.494
49182775,224203.566
49182929,714351.33
49184328,595863.249
49186498,820210.561
49186649,729985.682
49186734,1409437.462
49186781,301704.514
49186795,5870879.077
49186882,51463.498
49186930,571812.47
49187023,899324.744
49187091,404175.813
49187177,130450.108
49187192,4944570.617
49187516,208464.279
49187675,666376.837
49187711,7361059.314
49188068,1364094.753
49188255,768700.192
49188278,1636413.869
49188296,411069.401
49188448,757199.137
49188506,5045417.635
49188539,1880020.25
49188584,1051299.04
49188617,659002.293
49188621,697002.218
49188668,615113.809
49188717,6768246.383
49217539,730470.753
49217590,667090.672
49217654,694514.071
49217798,1158091.017
49217962,785285.966
49218074,940090.957
49218151,729384.052
49218207,213690.681
49218346,748759.519
49218692,1589526.732
49218712,789520.384
49437996,603093.11
49438012,327596.277
49676740,2858087.383
49677201,488428.648
49677217,2841305.256
49911704,1288191.254
50078139,1374428.383
50853886,32173.419
50902942,10360595.11
50902961,10457518.363
50902984,4253291.782
50903006,11080155.964
50903077,13720701.199
50903119,18833484.315
50903138,13552725.171
50903183,16533004.602
50903234,18109792.136
50903247,1856802.571
50903260,6885093.24
50903263,4211438.372
54007396,15501793.989
54007412,91939.474
54007415,413191.938
54007474,233205.122
56084246,3603.531
56779782,309528.757
56780905,291498.147
56780975,382658.953
56781081,390737.091
56852135,13788028.298
56852190,2602429.668
56852265,2919330.727
56852298,23213392.703
56852351,233205.122
56852409,4400691.946
56852510,9427941.223
57274554,3249472.826
57452852,311382.251
57453548,5922311.894
57453584,181923.675
57453648,25776.648
57453678,82811.377
57453696,2855397.772
57453720,2589460.319
57453743,16390453.393
57505507,402854.371
57505709,189.967
57506640,15738605.493
57508187,287483.387
57508615,78168.684
57509025,92859.907
57509248,170027.431
57509279,4245725.321
57509336,2805559.903
57509876,933390.518
57693936,17394369.268
57714556,6784647.156
57825241,28505503.296
58241062,8886462.777
59034974,1249234.34
60469170,1010987.295
60469175,212042068.505
60469186,95926624.922
60469196,34849.322
60469204,158763.534
60469215,40359.973
60469220,158050.995
60469224,153828.314
60469232,121700963.823
60469237,140038.74
60469241,27226920.634
60469244,23041.478
60469249,921660.864
60469264,49619994.632
60469273,39871367.819
60469298,21737.178
60469323,23268509.78
60469375,109450474.988
60469441,607350.086
60469516,40654.406
60469527,6859539.527
60469546,12986.834
60469552,781012.295
60469588,1320725.966
60469615,85102735.504
60469670,20292143.478
60469697,245928.07
60469712,295039.096
60469804,125967374.354
60469816,1019347.481
60469866,28128681.058
60469877,109078.657
60469890,15030853.071
60469980,34000421.586
60470089,164144.17
60470092,72349996.298
60470096,12385892.3
60470322,3308312.309
60470339,75558.454
60470344,189563.558
60470358,255354.086
60470361,38827079.247
60470373,118423308.973
60470376,69618.296
60470379,2437852.371
60470382,7795124.983
60470388,271955.577
60470392,62996.456
60470395,10711432.583
60470399,2318805.276
60470414,102183.637
60470418,99401232.646
60470422,208510584.945
60470425,9138648.326
60470440,25236092.368
60470461,347581.005
60470467,5909678.336
60470481,74681385.999
60470485,83157.153
60470489,280983.027
60470665,9409073.038
60470674,42301.307
60470680,40724.445
60470683,3204102.314
60470687,179896157.123
60470704,3106806.608
60470750,69974.034
60470770,60302462.018
60470792,7385701.247
60470817,17082757.559
60470856,1688694.669
60470876,29364.819
60470908,95799.807
60470918,17584654.642
60470977,273550.093
60471195,2928497.628
60471691,14232546.638
60471792,163716770.891
60471825,100337815.777
60471850,2044217.45
60471855,72516240.473
60471860,46082185.221
60471865,31589322.205
60471877,17574385.663
60471883,1073018.369
60471901,76676770.787
60471916,140795.898
60471925,43631693.72
60471934,10601555.247
60471973,9800646.568
60472006,56671.64
60472203,56671.641
60472409,399397.884
60472779,550212.396
60473762,63432243.042
60474290,128506990.016
60475013,561377.468
60475627,16853292.174
60476220,6385670.167
60476941,19700309.672
60477122,217322483.214
60477337,187245425.336
60477619,23326895.364
60477991,41535282.944
60478393,42480231.268
60478881,53833176.728
60479167,54355418.097
60479354,21190039.915
60479648,24841269.971
60480024,8050208.175
60480620,1481491.764
60480946,537744.327
60481184,10310748.402
60481655,31959213.519
60481663,132261.849
60481692,32565326.251
60481712,10689938.722
60481729,30645568.387
60481876,35893311.43
60481885,1676662.057
60481914,181685357.248
60481936,22214841.556
60482037,89007307.718
60482063,149310.231
60482102,18643117.459
60482105,58617.561
60482178,28494.206
60482248,15668628.938
60482259,35600.605
60482312,6231104.376
60482374,92108540.329
60482467,67611769.337
60482532,102665724.831
60482553,85388.176
60482562,60085.1
60482607,418756.401
60482611,138445.082
60482676,347475.23
60482710,219325.246
60482715,52305.639
60482748,54803511.395
60482776,40165.884
60482786,119208.15
60482810,33202946.166
60482859,207758554.933
60482909,69388.823
60483083,180655402.676
60483092,101792997.698
60483137,787110.783
60483177,125827864.94
60483211,37157055.233
60483257,13016873.913
60483273,236901802.008
60483363,64405.609
60484333,120159855.565
60484350,34849.168
60484369,34561.344
60484396,130344.22
60484408,2145681.476
60484435,763036.732
60484826,72225486.037
60485122,6630431.917
60485173,84772.194
60485561,62862.654
60485860,963934.601
60485886,9549.238
60486567,22401157.381
61634940,5221.074
61650582,14363969.716
61668607,12516471.339
61709141,5722610.489
61709172,76450.955
61934220,42793.483
61934241,6567282.645
61934264,261725246.171
61934580,62486.437
61935092,300769.097
61935587,652391.678
61936075,4814545.029
61984292,3224259.826
62015238,538056.036
62021891,3439919.774
62026481,7349749.607
62026537,5664117.688
62030590,15981071.06
62030608,1419072.755
62030970,2820436.517
62101215,848092.35
62101249,665094.11
62154828,359148.154
62155296,210618.643
62169677,5833677.175
62289108,452.866
62289271,92.869
62289571,87959890.451
62290750,311.437
62291168,9829.987
64528661,30683.889
65134524,613010.946
65134818,785594.125
65134839,371521.217
65134886,19664222.307
65134998,2164829.599
65135062,10643494.415
65349869,3281591.869
65350111,7925539.288
65363069,1110154.73
65363156,1998394.201
65363244,3536259.137
65363316,16512397.444
65363378,1751120.385
65363417,8801017.111
65363473,181503.581
65363543,1590591.213
65363628,6956253.635
65363696,24592.199
65363711,175922.545
65363860,3113.013
65363869,4103979.409
65364120,474195.669
65364147,1126456.135
65364201,209135.112
65364515,5272694.238
65364553,10236411.934
65364789,1835808.913
65364798,6507851.712
65364818,14224277.925
65364895,852044.201
65364931,9314826.368
65365012,6773075.967
65365054,4374077.473
65365090,364065.263
65365100,7573655.053
65365107,3280155.139
65365349,90343.983
65365681,10898150.1
65365759,987384.5
65365798,92971.362
65365838,2101244.457
65365899,3778401.64
65365975,8871.516
65366073,3339356.918
65366280,5553439.522
65366377,289870.599
65366455,543379.721
65366458,132480.732
65366672,2552908.26
65367054,2407429.761
65367059,3148633.922
65367195,991397.34
65367204,2778463.791
65367300,516436.556
65367303,1817849.063
65367328,126322.954
65367364,703841.108
65367453,1403585
65367461,2312638.129
65367566,9178172.449
65367574,5735974.406
65367581,198783.502
65367590,5291544.822
65367594,6166811.343
65367655,129541.539
65367712,6728666.675
65367783,5893354.779
65367935,420619.805
65367942,13869093.908
65368085,748623.633
65368088,671236.755
65368181,6363.894
65368238,385285.076
65368242,488133.574
65368759,351359.807
65368802,27028.922
65369051,22695.222
65369161,368409.269
65369241,351543.207
65369305,757752.622
65369313,576994.616
65369760,1610693.635
65369844,566000.417
65369867,141951.87
65370029,15011.066
65370051,597476.948
65370087,123125.479
65370218,534398.832
65370289,763470.694
65370433,887496.599
65370481,7820.673
65370522,124696.095
65370525,4732913.578
65370664,3508171.833
65370734,10730.49
65370744,4351307.491
65370765,1214185.085
65371194,2468006.371
65371373,45723.09
65371669,36076.277
65371695,349020.498
65371889,225588.004
65372036,146457.356
65372127,1700303.379
65372227,224684.753
65372290,143481.022
65372435,553756.743
65372543,472932.525
65372675,11833629.251
65372732,8718808.514
65372876,4220543.945
65373278,6663269.584
65373357,2505035.858
65373532,640947.007
65374054,447857.143
65374110,3102929.503
65374417,3057386.143
65374540,9860.648
65374787,649453.78
65374877,39282.779
65374916,747451.498
65375137,6804025.92
65375205,2332606.296
65375397,879071.671
65375420,1200691.786
65375519,717987.032
65375571,680055.001
65375703,612419.185
67851665,590903.852
67852269,19812528.156
67852930,9648334.209
67853143,10300730.831
67853294,648688.03
67853390,19982358.069
67853408,301830.773
67853416,315699.936
67853432,7294842.665
67853451,14713242.967
67853562,2676307.111
67854163,173743.21
67854712,889493.153
67855065,35893.917
67855363,2620465.892
67855886,4229.141
67855905,6264502.847
67855917,693802.293
67855975,5334562.747
67856047,920815.51
67856062,609776.034
67856085,19655177.853
67869125,14625850.884
67869551,5111271.346
67869566,16369869.976
67869953,6419193.707
67869958,3602212.898
67869976,266923.941
67870015,12949487.964
67871020,15527701.682
67871036,14241816.577
67871071,823533.284
67871080,195301.911
67871084,14550537.885
67871116,14204052.302
67871136,4115343.046
67871143,13539578.347
67871203,2356980.478
67871260,16237629.642
67871355,17038289.715
67899355,831063.994
67899512,183917.152
67899637,12837604.646
67899687,132298.158
67899690,9456468.49
67899781,444069.153
67899991,11378338.26
67900591,898100.696
67900607,16399685.128
67900621,5968069.464
67901205,17223039.508
67901306,836186.432
67902046,1365717.304
67902071,257756.274
67902084,632004.881
67902088,4068461.617
67902103,6934288.701
67902620,1783253.362
67902657,10367313.558
67902908,10744891.136
67902985,17114976.56
67903042,16923792.726
67903074,1010482.113
67903124,11441264.849
67903149,11854710.673
67903174,11807960.437
67903264,443162.577
67903537,425654.765
67903591,30685.093
67903613,95835.847
67903629,68137.65
67903666,476500.78
67903681,153863.828
67903731,26043.567
67903734,773494.953
67903756,526475.147
67903759,426842.272
67903781,208310.41
67903851,1916134.933
67903888,1271697.907
67904147,9804965.35
67905401,7194919.852
67905414,3933225.113
67905433,1218.159
67905470,3082874.731
67905489,820005.226
67905532,3052915.111
67905646,77434.314
67905735,2394865.658
67962581,10070459.468
67962617,43350183.568
67962660,2689163.44
67963784,1086546.494
67963793,57203.49
67963974,396850.667
67963992,21797955.172
67964123,24082.929
67964394,61414.99
67964577,513050.806
67964842,6740989.021
67964953,13427213.622
67965135,600055.725
67965222,236795.564
67965706,56221.766
67966147,530532.803
67966167,4532936.28
67966197,16950.683
67966246,3359736.448
67966271,64038973.269
67966291,230780.705
67966314,7328332.713
67966352,4253546.538
67966420,6189475.581
67966497,1061326.49
67968236,3534686.829
67968365,3295.307
67968479,19289041.179
67968507,14613024.766
67968587,415658.215
67968599,487020.778
67968659,8055757.12
67968687,2133637.538
67968705,6234133.518
67968894,21510738.861
67968922,7783098.549
67968953,1340547.938
67969378,5918508.202
67970238,10239278.913
67970335,1329245.46
67996575,14142282.771
67996584,1561174.731
67996744,2596215.436
67996765,69447.343
67997172,7068658.648
67997188,1281274.396
67997267,375923.335
67997318,9232860.461
67997476,954357.677
67997668,15245253.654
67997694,411073.131
67997714,77510.507
67997787,13343571.666
67997808,9174003.651
67997819,1880726.649
67997836,4631035.698
67997845,129811.501
67997854,15307315.823
67997869,15469194.783
67997876,92610.16
67997879,17962498.086
67997886,6048012.87
67997893,986812.689
67997896,1476205.826
67999325,427213.633
67999339,385293.427
68000633,2662275.494
68000804,7147417.265
68001090,11290.846
68001143,231673.26
68001146,2829504.765
68056442,7535695.636
68062225,51787.087
68062262,377671.203
68063640,15779001.795
68064100,5602700.789
68064111,58407576.888
68064267,29800132.842
68064271,108742.381
68064747,43280626.09
68064929,88154942.152
68202649,1642926.514
68282959,412781.453
68283383,891819.456
68284296,1818819.181
68284350,6571879.149
68308810,8685824.415
68308842,10999.475
68308851,11830.562
68308968,2931959.306
68309086,11087.704
68309114,13351.521
68309149,63611.879
68324374,11063930.729
68324528,11578573.857
68324665,11795858.053
68324675,13792667.452
68324892,1852209.196
68325526,10384469.762
68326478,174918.888
68326549,14729.613
68326585,1701474.942
68326644,1780913.8
68326872,1792223.876
68327714,284880.351
68328081,1475319.394
68328189,5613067.299
68328401,753538.449
68328587,1394316.965
68328615,3869429.502
68328817,276728.395
68329106,100972.315
68329253,4686198.358
68329324,128280.772
68329463,128268.623
68329587,1285331.79
68329682,84144.233
68329725,1106033.159
68329804,128280.773
68329897,11113.123
68329954,940578.893
68330082,1444517.12
68330244,995535.857
68330332,485000.179
68330520,7299357.088
68330671,178951.135
68330723,958476.011
68330883,3698200.206
68330952,2207726.023
68331297,15168.061
68332134,15168.061
68332344,7495473.896
68332472,7233916.429
68332598,3842023.288
68332934,11109642.089
68332983,4670276.696
68333054,1472307.733
68333211,316917.632
68333279,5529938.172
68333307,2883549.702
68333312,6710996.456
68372514,11126536.572
68372590,13337265.614
68372601,8952082.94
68377015,8176739.839
68377082,7207805.053
68377310,1484022.347
68377344,341471.6
68377359,401872.166
68377363,36043.454
68377366,530081.531
68377412,304893.655
68379228,765534.115
68383670,2144831.938
68396676,3186281.947
68396826,2086763.339
68397428,6242029.754
68397750,5776063.021
68397881,12409087.273
68398158,6760200.118
68398246,1372881.648
68398868,9612511.157
68399092,1851846.272
68399123,1606585.659
68399203,1402180.208
68399399,836293.51
68399409,919850.826
68399473,24574.832
68399507,677770.801
68399571,6603.749
68399949,22018.281
68400068,27830.511
68400155,2529031.472
68400306,333523.82
68400327,2072.955
68400330,2066252.599
68438250,882317.151
68527310,256524.529
69126056,3566204.484
69126067,11931383.442
69126144,480828.675
69126222,5418077.529
69126456,4647418.54
69126533,10384142.643
69126704,22162479.895
69126756,18104873.772
69127937,729312.677
69128053,10231166.446
69128107,9388867.493
69128212,31211.923
69128239,34693.95
69128289,12952311.016
69128478,10221854.992
69128541,4179715.523
69130196,85986.087
69130199,976.995
69130203,653595.889
69130217,2431070.482
69130223,27612.816
69130229,4715474.403
69130241,8018408.444
69130256,15987.549
69130284,20055.847
69130320,720932.818
69179175,690172.269
69179788,19399.16
69179838,17632992.275
69180312,4921356.726
69180629,7031645.089
69181442,13886739.019
69181491,129410.83
69181494,349855.645
69181503,7041665.411
69181507,531381.107
69181516,2724871.725
69181519,8880872.348
69181822,1091260.889
69181847,2184976.463
69181884,17870330.889
69181934,10142749.502
69181941,16867705.174
69181948,443162.577
69181969,11839031.097
69182011,17416072.618
69182150,672418.507
69182291,4129306.86
69182614,16228101.225
69182673,2440149.513
69182687,200903.494
69182717,205082.495
69182861,16554846.882
69182988,411073.131
69183023,5617818.518
69183093,4145687.987
69538564,1300101.675
69538573,492506.495
69538576,185382.114
69538579,83411.183
69538589,6541383.748
69539228,2559704.195
69539262,10467968.683
69539271,10307393.183
69539284,405161.327
69539293,10174076.39
69539322,8084469.912
69539343,8780250.916
69539356,5771731.344
69539374,5795970.025
69539421,8766789.562
69539499,13193728.694
69539506,9140144.543
69539564,11913956.303
69539571,9307738.902
69539597,8442814.884
69539611,2871595.879
69539627,6720288.961
69544768,2503818.645
69544771,3025349.811
69544846,302342.851
69544955,2837848.225
69545233,11832315.654
69545271,17265548.765
69545286,11981790.936
69545298,11787027.45
69545310,4759397.699
69545322,16499495.955
69545329,7826385.208
69545332,878208.898
69545347,16396284.358
69545360,10029271.838
69545393,6730804.052
69545420,1032982.214
69545432,2389690.046
69545437,4587391.829
69545446,12422042.376
69545454,5796939.749
69545457,15873082.998
69545475,8549117.981
69545484,6066322.034
69545534,10902636.748
69545542,441706.845
69545545,4249278.47
69545550,2964490.899
69545557,3973730.842
69583335,5442508.025
69583348,3049170.905
69583361,5840881.136
69583368,37378.328
69583371,397901.909
69583382,214774.981
69583393,3894612.688
69583400,4218732.643
69583407,5419191.428
69583414,10356365.179
69583417,10034341.7
69583420,2861671.89
69583423,144671.293
69583426,7552382.383
69583433,532996.328
69583436,461757.29
69583439,982665.252
69583442,6943263.921
69583447,5142038.155
69583454,758124.44
69583457,3312225.266
69583460,10145923.918
69583463,5785860.342
69583466,1639650.075
69584026,228885.435
69584035,9906979.702
69584048,1635458.332
69584098,11968448.866
69584101,31771.964
69584331,73974.538
69584359,912992.505
69584395,1566133.193
69584403,12607979.62
69584408,18466035.552
69584417,9002057.061
69584420,277946.328
69584428,1089666.486
69584431,336315.73
69584435,132049.245
69584469,770871.265
69584488,803112.216
69584519,216603.766
69584524,852429.946
69584537,1112199.226
69584560,7463654.241
69584566,5438009.893
69584573,2056227.389
69584835,12402076.427
69585676,2076070.941
69585696,5181497.697
69586094,5902158.228
69586372,1590116.192
69586671,5618094.803
69587098,22386.374
69587107,308570.694
69587178,308575.964
69587263,265394.304
69587773,302547.119
69588014,2417462.425
69588682,319194.317
69588709,3588905.044
69588731,1313145.062
69588764,1356150.326
69588828,7851150.43
69588900,225514.567
69588906,6352359.113
69588920,248758.706
69588949,143390.799
69588952,264188.724
69588988,40566.745
69588992,4394335.284
69589013,429845.992
69589017,8908917.89
69589036,66883.231
69589636,2141526.293
69590149,8709624.202
69590390,123891.993
69590668,11738435.289
69590742,8709766.544
69590801,2823913.851
69590820,729220.929
69590843,3550842.311
69590885,308575.964
69590936,7896286.669
69590949,443162.577
69590965,129410.83
69590993,5306404.402
69591007,8003550.932
69591014,8496102.488
69591045,5440303.163
69591058,1128464.493
69591446,2179195.003
69591538,4797730.404
69591554,7890682.506
69591645,218729.216
69591683,4143607.824
69591708,8234083.765
69591715,530505.819
69591773,6044818.042
69591800,13566250.18
69591811,411073.132
69591878,5348442.835
69591923,8150.047
69591978,4091779.855
69592012,96484.309
69592021,13165898.301
69592038,746025.135
69592051,207012.201
69592060,59799.735
69592071,6917038.177
69592082,6585054.548
69592095,796265.085
69689070,18381369.166
69689242,10421354.243
69689424,7014179.992
69689554,10869719.487
69689777,7424800.146
69690025,6382395.858
69690275,108605.418
69738690,8329341.661
69738727,5179096.711
69738738,12077967.924
69738808,1961973.283
69738881,13917584.845
69738927,278972.753
69738933,10645296.369
69738962,128945.894
69738986,670613.214
69739558,9498680.653
69739591,1072006.454
69739648,9401105.312
69739708,9565548.567
69739731,65015.97
69739816,69717.548
69739933,731411.281
69740574,1186473.37
69740648,22164.512
69740837,553069.84
69740861,1594973.783
69740895,2575438.599
69741115,19214057.602
69741187,417696.096
69741220,876177.457
69741251,4000.729
69741345,321742.764
69741351,2308840.331
69741708,125818.946
69741720,837821.429
69741856,6374600.404
69741907,1451559.012
69741958,6741217.464
69742023,1418106.105
69743659,385024.173
69743737,58719.52
69743759,87029.369
69743778,411073.132
69743867,809438.881
69743871,409608.92
69743987,87029.369
69744004,3813160.819
69744038,6204838.432
69744154,141166.044
69744177,50192.018
69744182,311177.123
69744195,87029.369
69744273,31959.327
69744363,322899.333
69744396,1233301.068
69744444,813722.543
69745130,715728.521
69778452,1118291.065
69778589,952978.743
69778885,674409.826
69778947,305986.575
69779049,224147.754
69779213,179358.861
69779346,443640.125
69779492,715674.15
69779572,128603.824
69779611,181933.821
69779638,87901.129
69779647,407034.347
69779662,33031.15
69779925,33565.301
69779937,12762.217
69779969,129410.83
69779983,13846.09
69780030,4189908.287
69780099,67353.798
69780323,411073.132
69780344,1501672.466
69780365,1675596.49
69780520,10493756.693
69781742,11907345.156
69781826,2269330.347
69781901,14844835.109
69786726,1243394.822
69786877,1188923.631
69787135,5603759.941
69787355,2752307.854
69787466,872198.798
69789503,2677279.501
69789808,4102441.312
69789961,3572839.214
69790273,955453.319
69790309,3774426.228
69790438,1969978.035
69790649,2451758.829
69790740,12744520.973
69793032,11241365.018
69793068,411073.132
69793201,15650873.882
69793403,443162.577
69793471,1072697.123
69793564,12459480.264
69793633,12166791.359
69793953,14931329.225
69794152,706326.399
69794251,475763.454
69797761,128284.03
69797998,143126.495
69798179,6900033.76
69798315,1664134.134
69798438,4724205.042
69798514,1517431.673
69798571,773209.008
69798967,3951809.353
69799144,376767.823
69799447,17109883.157
69799689,1161499.237
69799861,13336172.408
69800019,411073.132
69800178,1000993.634
69800282,71832.511
69800391,1915067.751
69800498,431358.703
69800704,15200927.304
69917385,283113.219
69917415,357369.913
69917655,9033.276
69917664,133471.912
69917722,13895730.637
69917860,2100019.097
69917918,2142005.152
69918183,16538236.49
69918242,10297800.728
69918395,6806482.032
69918402,15979708.968
69918506,15247.597
69918527,7782460.182
69918570,411073.132
69918587,411073.132
69918624,16640225.035
69918815,771689.329
69918902,1583298.452
69918967,8277741.386
69919009,10326930.486
69919036,10104476.125
69919214,12499333.756
69919230,129410.83
69919253,7415069.974
69919266,443162.577
69919546,443162.577
69919569,13951527.675
69919731,10521808.703
69920041,1072672.664
69920173,7421719.224
69920296,13214220.767
69920346,3716781.876
69920774,2296808.795
69921147,4550423.359
69921254,7269501.756
69921994,14996645.589
69922114,968566.197
69922164,1326783.687
69922228,17209393.868
70010111,4845305.428
70010234,978445.907
70010260,244347.656
70010275,16810080.601
70010402,658760.536
70010437,411073.131
70010557,174783.685
70010615,9108338.59
70010721,13160503.075
70010872,12561302.598
70010936,7410282.252
70010999,838385.449
70011018,1735175.904
70011147,11348843.905
70011154,303429.611
70011163,7859347.013
70011310,5652015.27
70011384,443162.577
70011518,8817783.668
70011534,1457794.304
70011608,3225151.126
70011736,3118063.307
70679787,1843074.066
70680197,839944.625
70680908,3840085.965
70681387,84450.582
70682232,3821133.676
70682503,1948017.233
70686656,1275566.085
70688138,306038.862
70688333,281430.31
71942692,18090471.208
72497402,574.223
75143569,2595709.371
75146277,2378141.314
75147101,6622937.26
75147549,10259329.346
75150150,13326236.064
75153246,4460858.033
75153576,1945754.672
75153687,5559437.02
75153777,1463335.325
75153870,2119033.354
75154011,513384.715
75154879,2888489.018
75155119,1880983.868
75155263,12352957.057
75155303,15293168.2
75155644,1721329.046
75155918,9618251.152
75156420,3898044.72
75156473,2164183.97
75156647,1728999.266
75157241,9703066.222
75159326,1355167.762
75159378,693552.06
75545589,2200564.635
75545605,1760330.349
75545675,13865.806
75547064,186556.864
75548420,257274.776
75550952,9600360.503
75553541,5152975.609
75553587,5834567.008
75553602,1061204.134
75553913,4587852.706
75554336,1642960.361
75555773,2803689.797
75555802,21246.389
75555966,1013065.746
75556569,2194760.364
75556671,2083453.779
77129484,2250862.133
77129706,2072265.049
77130370,3076645.998
78748407,47011.066
78749198,14570188.755
78763353,589191.489
78763607,107680.289
78763614,14774567.728
78763643,166236.616
78763727,228507.031
78763977,383486.974
78764148,222966.731
78764186,656394.993
78764274,1900793.935
78764384,8054819.071
78764677,33327.718
78764711,224692.976
78764797,3418325.295
78768961,228507.031
78768971,75419.056
78768975,408605.601
78768980,5449381.457
78769001,565123.594
78769011,5150145.165
78769674,606039.307
78769692,414125.977
78769871,16622.808
78769875,347643.349
78771080,83091.833
78771094,203289.337
78771101,735395.971
78771163,13020908.958
78771325,141375.294
78771329,7444252.525
78771388,1461896.282
78771440,1349898.222
78771516,634638.795
78771528,608528.985
78771575,28935.497
78771579,709236.761
78771583,387363.193
78771608,1823776.863
78771632,723517.8
78771692,115384.493
78771696,143429.343
78771700,181554.591
78771710,38008.995
78772043,138809.44
78772221,2690959.89
78772250,1210888.829
78772274,15877614.066
78772279,633731.325
78772302,235868.59
79711881,1136207.657
79800053,4645803.489
79800103,6972834.643
79800116,3753005.643
79800135,1148287.711
79800159,37653.383
79800168,2699963.915
79800178,74537.889
79800188,37653.383
79800214,14916110.042
79800251,9720898.374
79800315,1993263.293
79800379,410235.167
79800448,537737.582
79800470,906474.986
79800500,849751.488
79800513,7388.197
79800524,654036.228
79800552,496572.933
79800562,370665.952
79800582,418638.208
79800594,704948.351
79800615,780311.303
79800624,888008.091
79800643,592339.602
79800670,1289871.519
79800687,154426.997
79800718,707656.482
79800801,1473323.924
79800812,115242.978
79800879,572274.566
79801034,1511518.818
79801074,129801.188
79801089,79680.997
79801109,33656.914
79801139,252478.415
79801152,7874482.07
79801482,1272475.104
79802334,849062.147
79802460,1128670.835
79802677,435064.39
79802705,434957.911
79802886,414100.746
79802913,144102.726
79802989,428207.683
79803001,4020082.484
79803027,1219603.913
79803041,451016.811
79803091,1065402.324
79803102,6249542.428
79803143,1634475.673
79803162,2377948.258
79803203,1026440.899
79803225,1215581.793
79803245,1568900.868
79803311,2044939.093
80671020,121670.753
81909538,11132429.437
81909791,558081.94
81916148,8645351.9
81916170,975273.299
81916521,6205821.772
81916633,13588.634
82031633,493076.597
82031667,553902.844
82124938,172387.025
82125026,865435.726
82125080,53525.338
82125112,21097400.076
82125176,29398.813
82125274,26274.335
82125351,29575.583
82125424,34559.761
82125464,1051969.938
82302860,477467.501
82303284,2508531.651
82303816,741988.295
82304194,896326.049
82304256,287905.741
82306863,2033200.468
82306982,133572.414
82308445,87029.369
82308484,128284.03
82308681,36358.776
82308810,209322.315
82308832,3288216.883
82308861,11621777.686
82308892,595.622
82626288,1533824.423
82960375,182733.004
83284529,272225.793
84784918,8522570.332
84785231,1596132.523
87516799,4873525.707
87517472,695526.832
87517480,89244.945
87517631,434746.034
87517661,12704.149
87517673,377614.578
87517955,209517.476
87517999,822750.947
87518214,261577.61
87518321,6550827.698
87518571,36418.659
87518590,164331.757
87518842,14607.841
87518901,90983.11
87518994,97467.844
87519052,28224.416
87519122,1894745.923
87519221,1058585.599
87519459,342011.885
87519488,356990.492
87519575,9414.305
87519651,35124.119
87519667,456533.041
87519779,47928.675
87519862,423128.654
87519884,884397.185
87520116,457447.795
87520235,178203.348
87568608,570555.108
87568739,30956.874
88342897,930776.547
88342975,261562.205
88342995,69508.498
88343011,1269300.983
89808701,961307.627
89808829,165226.938
89808868,534690.248
89808895,74173.702
89825414,465054.442
90982465,19120.613
90983755,4127.778
90984522,19006.639
90985422,208835.544
90985462,3811.162
90985510,333449.191
90985567,307.879
90985656,8901.5
90985687,4785.077
90985760,6932.835
90985820,1131965.161
90986192,479939.126
90994633,3923162.836
91078620,226029.171
91078805,3319.989
91079854,223312.065
91080608,1306345.621
91080722,169570.774
91081017,4272.842
91081336,1214332.227
91081361,88522.048
91081499,88669.41
91081562,25496.655
91083121,695108.756
91083230,31939.14
91083342,54882.941
91083447,52085.123
91083559,38298.035
91088142,872426.038
91103716,37991.032
91182641,1229594.425
91209505,5976529.489
91221467,519525.458
91348333,34516.068
91350867,172692.44
91350886,2180617.39
91351231,1284761.207
91602885,1570546.466
91603690,398149.757
91603714,11376.077
95567639,1825982.725
95568324,182444.645
95568732,917044.762
95569528,386163.093
95882787,1479332.115
95972054,33656.386
95972092,14500273.379
95984916,389281.086
95999331,2926467.207
96004823,520574.53
96004847,1592737.237
96011200,125684.058
96018882,348868.744
97358453,127189.085
97755641,9834525.982
97755916,545184.528
97755938,1829091.787
97756224,1088987.175
97757259,1013305.409
97758877,281899.508
97759908,1453594.999
97780614,628569.536
97780757,9300436.114
97780868,7352205.745
97784720,681475.377
97784924,79245.473
98468449,372394.855
98468550,372394.855
98470072,333189.887
98470302,372394.855
98470668,3586505.593
98470734,13587834.207
98471004,359147.207
98471199,5455266.882
98471289,205415.23
98471433,168596.551
98472093,395464.158
98472163,198714.943
98472309,166275.144
98472387,418369.224
98472446,3911992.612
98472646,991554.629
98472694,336562.663
98472718,573708.546
98472908,129797.843
98472935,240113.362
98735314,11393116.939
98735411,242402.21
98798114,190645.908
98798304,126551.108
98805658,598709.762
98821820,58870.505
98822415,888886.382
98822816,1594313.139
98829528,1806524.979
98830797,361649.365
98831444,128284.03
98832271,6749099.546
98835195,250206.242
98835748,302569.778
98838439,16796252.479
98839002,1098391.809
98839225,290036.649
98839582,388296.905
98840585,474424.652
98841657,56594.198
98842673,51139.436
98888849,187290.512
98890443,625464.385
98891120,700793.101
98891738,186.293
98892186,3347305.656
98893448,3203.598
98893713,303218.562
98894402,1022543.425
98895427,2230735.516
98897391,189342.684
98899338,305474.789
98899826,474814.934
98901778,142864.367
98940490,445273.475
98943344,198783.502
98953869,1329945.017
98962403,428508.105
98969433,2443169.809
98987583,287214.852
98987864,33922.508
98988969,2169509.625
98990237,62393.059
98990439,3346659.845
98991365,2674038.056
99000675,13420.753
99000824,873825.43
99001393,366923.937
99003622,457580.743
99004333,933754.49
99004812,1640030.759
99005308,1838314.877
99006153,147555.74
99006883,115.335
99008092,96493.927
99008295,71391.619
99079032,5982.34
99079669,364166.069
99079806,1349077.668
99079842,263459.661
99079982,1135030.439
99080026,377849.778
99084894,3823648.744
99085827,655003.994
99085985,292126.548
99086293,695563.081
99086912,12073385.74
99086953,532816.889
99087971,1262413.433
99092368,1842811.269
99092426,1523954.38
99092571,99602.625
99092637,107204.885
99092808,686764.332
99093073,1240296.46
99167147,759535.183
99167321,51223.535
99167411,189066.242
99167439,1413692.456
99167483,335928.34
101729662,889027.715
101730467,793734.154
101730582,469897.314
102998555,21753890.34
103054942,20289.691
103055306,86381.488
103055459,87003.129
103422139,12819300.068
103644972,2399862.032
103644983,1302034.918
103645020,363526.974
103645058,428405.254
103645074,4026232.632
103645092,217546.475
103645110,458692.931
103645248,1066827.888
103670928,12926.554
103670944,11030.13
103684104,47569.756
103684251,7025.946
103684273,18609.157
103684425,14404.388
103684487,7924.138
103684596,799969.475
103684703,63022.074
103685071,1801353.883
103685124,9199.917
103685136,551149.22
103686062,443162.577
103686142,357669.609
103686485,69013.74
103686565,274518.492
103686608,5256.732
103686617,26672.48
103686659,4608.544
103686888,9032.824
103686984,326643.005
103687048,1226673.818
103687308,50151.755
103693374,265633.104
103693452,3161.45
103693468,93194.324
103693476,42211.528
103693483,93194.324
103693544,56966.368
103706507,867791.378
103706741,221138.735
103706961,189066.243
103707192,1554.725
103707334,9418.446
103707538,78.841
103707547,12386.203
103707683,607885.783
103707707,343399.258
103707728,775654.571
103707812,214776.935
103707975,6253149.902
103707999,851801.518
103709500,1594085.243
103709532,239336.7
103727557,5394057.72
103727590,13313192.581
103773898,26968790.083
103798407,196470.834
103799817,5431378.759
103800445,223148.813
103817982,83399.732
103818044,6273807.664
103933123,133586.015
104005557,421806.48
104006414,1208.547
104006526,3415869.811
104007203,44822.951
104019954,7838.716
104021731,129590.64
104021947,727284.721
104023514,666401.781
104025473,156673.521
104039923,1778127.79
104050689,503726.085
104061138,4459624.214
104062546,29592592.877
104062579,3955536.527
104065040,1563819.682
104071039,3590744.417
104085094,652446.077
104087812,181612.804
104110247,56708.431
104166970,1258137.201
104166988,876267.796
104167028,1421040.048
104167060,218644.796
104167083,1423551.451
104176764,1337333.796
104179262,1309745.231
104180270,4868.009
104188627,2009744.389
104208524,403097.466
104306073,944669.331
107259870,8743144.19
107261083,1569181.832
107261198,6012427.698
107604242,180699.353
107604828,106095.851
107604987,357591.506
107605000,149551.503
107605014,182079.173
110462086,2103.771
110834677,94185.75
110847130,176698830.482
110903105,1584.107
112664138,472675.153
112723955,216433.434
112949827,519.764
114155070,14208.276
114155120,38507.387
114155281,2848839.138
114155385,1387904.38
114155455,225155.295
114155541,251095.205
114156111,67390.043
114156399,45584.632
114156725,5719022.974
114157206,3127.861
114157301,196686.601
114157332,118929.643
114157603,5998.511
114157725,147045.659
114157777,14171.469
114157824,6063.605
114158274,237102.678
114158383,220945.683
114158419,15061.545
114158503,6726.45
114161140,8569.02
114161302,7265.329
114161459,8495.24
114161670,5914.702
114161707,8495.24
114164022,703655
114164094,6794.215
114164251,1158076.926
114165531,3714.18
114165891,2444081.515
114166122,7974.9
114166743,13584.849
114167178,12269.049
114167535,30314.068
114167619,6636.414
114168486,15909.046
114168573,3488.33
114168625,80930.022
114168672,7668.881
114168754,70936.646
114169344,182695.269
114169380,3426.5
114169434,7119.597
114169573,1619.474
114171899,3553.42
114171927,16637.357
114171994,7238.076
114172033,4919.477
114172187,260447.589
114172380,93241.696
114172439,543518.114
114172794,1518027.519
114172998,471151.905
114173026,818595.802
114173059,305806.027
114173064,960015.791
114173325,1876757.524
114173401,90724.118
114173439,98893.097
114173725,195356.695
114175236,379552.785
114175363,8199348.488
114175462,6061988.643
114175552,132262.917
114175593,17967.537
114175639,211717.817
114175703,53237.496
114175910,8880.984
114175970,267370.617
114176003,4995.765
114176047,42672.926
114176786,15321.857
114177120,683039.095
114177251,64807.843
114177365,1972953.561
114177474,896101.44
114177531,690961.712
114177614,4868547.291
114177681,188388.631
114177913,454456.231
114178035,917504.342
114178081,54091.112
114178119,162003.936
114178151,587710.435
114178239,341900.139
114178331,1321285.778
114178416,329233.414
114178539,819006.109
114178601,47450.297
114178726,314249.764
114178923,7975.267
114179083,8457.607
114179176,11350.07
114179201,7988.181
114179226,8183.858
114179260,12408.469
114179305,128827.718
114179309,109646.063
114179335,97504.503
114179392,44630.473
114179475,1807430.281
114179505,2202410.338
114179753,3211398.911
114179950,79143.068
114179968,8909053.841
114180058,16021227.909
114180108,3500316.429
114180338,10557.08
114180377,328178.914
114180416,113109.145
114180444,12363.282
114180459,5971031.837
114180492,291035.87
114180533,8130305.645
114180644,513403.142
114192219,6876.209
114192231,2087.677
114192251,9143.934
114192254,7011.376
114192257,508177.716
114192261,122416.915
114192438,460211.146
114192542,7746176.508
114192573,14906.367
114192579,897204.95
114192667,203642.845
114192721,994215.377
114823717,390.315
114828525,64662.186
114842931,42411.313
115696622,452723.175
116847578,354625.406
116850766,3327639.266
116855477,488140.787
116855925,916488.624
116855963,1707144.187
116856245,499778.734
116857982,574582.117
116861529,5177257.661
116862720,778863.762
116863205,756198.857
116863615,7919.485
116863801,31267.647
116864194,59940.01
116864416,51739.564
116878521,361325.507
116878536,14439.744
116878550,96206.001
116878564,146190.301
116878608,603115.427
116878630,668396.827
116880357,752060.475
117006624,436987.96
117007082,811601.978
117007235,3889942.645
117007332,1930243.024
117007442,7795940.819
117007700,72741.303
117007716,69212.337
117007746,29080.121
117007764,178663.777
117007856,450434.594
117007988,482288.8
117008020,48146.084
117008133,170342.848
117008207,57311.547
117008255,763629.612
117008369,2158356.342
117008482,36257.172
117008614,19819.499
117008646,82265.883
117008661,70379.609
117008689,63740.904
117008715,11607.899
117008727,49352.144
117008764,98976.225
117016720,1744777.259
117016730,1352593.609
117016738,50223.81
117016765,368288.609
117016784,2848578.143
117016801,292522.451
117016815,261032.761
117016819,1214916.846
117016885,436161.879
117016908,46224.123
117016941,451329.867
117017080,353883.18
117017108,90022.577
117017124,110136.988
117017134,56628.429
117017138,384343.764
117017142,92042.917
117017146,9919.542
117017150,500874.069
117017154,36951.753
117043719,202516.879
117043730,122752.264
117043760,224129.353
117043791,420225.353
117043805,144349.527
117043856,241261.979
117043864,27312.115
117043884,355267.712
117043921,315092.757
117043928,116652.909
117043966,743361.634
117043984,5219.429
117044000,294690.802
117044004,909015.107
117044012,631403.572
117044031,2791.316
117044038,311065.641
117044064,307257.14
117044072,434946.418
117044080,115562.483
117044084,62988.674
117044088,165763.51
117044130,529631.755
117044179,238680.719
117044199,125856.882
117044203,1313033.449
117044223,423166.864
117839264,2135.131
118353317,2445864.124
118353365,180550.105
118353525,6815428.834
118353540,19427.336
118353792,13128.4
118354006,2984090.991
118354019,122183.418
118354076,435550.032
118354091,30388.933
118354194,362224.361
118354389,992584.03
118354444,1856538.611
118354461,2571660.836
118354464,48980.165
118354490,5118001.322
118354515,882714.15
118354540,87898.944
118354604,216624.712
118354654,8194115.027
118354732,1609804.404
118354744,3068.976
118354866,354786.056
118354917,737201.572
118355114,170834.785
118355154,47634.289
118355257,1032792.082
118355300,206516.933
118355328,1930791.375
118355413,663721.023
118355457,562662.94
118355537,1754786.344
118355587,37735.246
118355604,1182120.52
118355622,290294.932
118355645,4695807.155
118355982,1840388.741
118356183,19145.787
118356821,25913.546
118356838,185451.583
118356869,72858.991
118357019,303165.236
118358912,539959.398
118359431,2230500.158
118360372,431355.673
118360435,2991754.918
118360643,1075266.97
122055033,2408.459
122055267,29415.886
122055294,52486.053
122055381,4132.499
122055529,2804.687
122055686,22471.139
122898736,79717.284
122902110,30060.093
122903281,100928.289
122904059,11580.12
122904064,38866.67
122905558,22391.798
122905606,241980.769
122913501,150975.596
123320518,10131.115
123320543,1512780.719
123320646,6976.306
123320674,518584.833
123320677,4045.376
123320865,148398.445
123320960,3852.549
123321057,13824123.581
123321065,120551758.07
123321147,121024.712
123321390,302103.971
123321397,2608.228
123321416,368468.875
123321449,371703.117
123321480,455448.395
123321528,1176880.131
123321601,512486.578
123321617,420989.558
123321694,1006184.151
123321720,563778.373
123321739,39759.123
123321868,260405.733
123321944,6625659.905
123321954,1754502.85
123321962,537775.006
123321965,93053.813
123321972,2522575.139
123321975,1553801.972
123322013,121831.419
123322027,1979943.098
123322121,8202853.637
123322193,20526367.891
123322234,71376.983
123322237,1350926.302
123322264,86085.597
123322282,114836.125
123322424,124004488.067
123322448,37477579.261
123322451,181277565.871
123322455,14750667.218
123323165,72307.708
123323253,319972.599
123323262,120059.972
123323283,3079065.94
123323295,1097921.434
123323339,54322782.922
123323351,2866225.493
123323356,71148.811
123323359,4589914.313
123323368,331367.471
123323371,3109422.937
123323380,964182.721
123323383,9459961.453
123323392,14773900.635
123323411,210900.136
123323452,189553.278
123323464,93199659.235
123323471,5475802.825
123323501,56406.531
123323849,122993192.811
123323873,21835776.919
123323914,49255743.004
123323927,2113605.45
123323933,86855650.621
123324008,10205471.924
123324046,85391197.067
123324238,9237580.581
123324256,18841185.108
123324473,49832.465
123324530,5569615.489
123324551,89745.619
123324669,3239045.041
123324701,28536513.065
123324812,12733522.17
123324877,118077.292
123324951,508310.188
123324964,1309887.46
123325036,24375096.828
123325104,61754.788
123325166,14427266.758
123325193,26924.355
123325240,9574480.64
123325265,41705403.403
123325302,923804.547
123325459,30468001.086
123325715,115346983.702
123325779,36506455.812
123325782,49591794.309
123325801,235810.793
123325837,103220481.071
123325896,87978567.36
123325962,162490388.899
123326019,919917.469
123326064,319528.853
123326101,15511993.045
123326216,146638.362
123326288,270661.665
123334405,58013.188
123334420,31088.29
123334430,12111752.731
123334575,35408.174
123334668,96174.551
123334701,267329.699
123334745,336373.58
123334762,561726.417
123334771,866408.769
123334873,2559091.755
123334902,1394595.851
123334955,8630373.884
123334962,3931410.402
123335133,40908.028
123335148,196194.22
123335178,169063.319
123335187,94115.122
123335263,22555770.925
123335326,92078322.379
123335390,16688817.096
123335481,102400896.998
123335557,67052420.09
123335574,63669.759
123335589,38101591.098
123335620,134842.057
123335673,51723965.574
123335677,14154727.037
123335680,85156717.732
123350079,432449.678
123350095,4382837.032
123350103,66358.049
123350109,19922.395
123350119,16775.588
123350125,1792880.34
123354369,10514737.32
123354372,363548.837
123354384,5719.935
123354387,1984879.411
123354515,3262169.152
123354731,1765750.495
123354734,5625788.122
123354780,1107995.813
123354795,32372.458
123354821,627542.421
123354833,1463537.541
123354995,144819.586
123355098,1871276.134
123355145,28899.299
123355158,124426.266
123355193,6224890.157
123355281,170270.61
123355292,95517.648
123355359,173445.743
123355374,244770.662
123355386,1675383.565
123355395,178584.193
123355425,219213.747
123355554,298632.362
123355563,13270236.493
123355696,11231639.524
123355754,548388.668
123355965,155557.56
123355990,103251.38
123356060,10341378.774
123356073,851556.316
123356234,22174856.151
123356265,2160276.311
123356310,813756.831
123356336,781993.573
123356346,9264840.305
123356374,638287.694
123356516,112088.094
123356530,103382.247
123356696,15636653.423
123356757,1016638.898
123356787,60816.626
123356887,202134.46
123358153,2632637.092
123358174,505127.3
123358198,643873.153
123358272,684129.907
123358286,14452.161
123358301,2663370.688
123358376,142703.902
123358392,72001.374
123358403,250754.869
123358410,11492420.557
123358425,1069737.765
123358434,139490.444
123358439,176102.131
123358453,690804.263
123358461,131296.541
123358676,5886357.798
123358759,715383.497
123359079,2772399.13
123359108,1679996.401
123359164,176044.723
123359232,169904.451
123359249,846985.946
123359277,132147.018
123359280,1893604.278
123359305,56300.894
123359368,180316.719
123359431,337489.547
123359446,679961.645
123359459,381447.094
123359513,659299.275
123359677,5363720.361
123359692,1668149.236
123359782,52463.34
123359924,593841.716
123359970,850827.736
123360411,149570.606
123360429,1616066.748
123360476,213507.998
123360481,1466227.968
123360553,201139362.173
123360771,1161838.703
123360857,1658371.619
123360888,92898831.45
123360939,824847.972
123361038,416931.691
123361068,359924.496
123361228,5060.582
123373847,83013913.5
123374956,1375194.741
123374976,232488.1
123375793,4068898.497
123375825,19036621.728
123375849,33168929.425
123375979,5504859.99
123376181,5926986.983
123376199,2086876.571
123376283,68496250.344
123376425,2896463.14
123376458,14018354.788
123376569,588776.236
123376622,30.035
123387810,58282.007
123423098,744.56
123423510,373.775
123423794,420130.437
123423864,256828.189
123424059,355901.397
123424090,104299365.4
123424581,359092.989
123424845,89140.322
123424889,385024.173
123424951,812135.419
123424986,709388.344
123425392,72411.339
123426284,133727.257
123426960,2197226.808
123426979,1557764.847
123427800,1063917.875
123427908,1134884.566
123427946,32614.445
123428754,864079.116
123430275,650939.137
123430310,1891998.632
123430352,532696.614
123431270,747203.988
123431317,45342.571
123431369,65053.974
123431387,22011.678
123431411,578210.319
123431971,6638906.56
123432479,615377.866
123432514,922842.787
123433638,200621.345
123433751,1179555.454
123433770,169312.979
123433930,673122.872
123433971,45500.41
123434119,462127.084
123434761,659405.996
123434776,429793.831
123434849,1095416.749
123434969,55021.673
123435117,1279310.668
123435142,171208.995
123435177,205289.546
123435299,186018.636
123435331,24018.634
123437511,320742.193
123437732,1781440.405
123438566,385188.443
123439530,587109.696
123439535,2669026.74
123439665,261372.143
123439691,1192616.732
123439694,5951492.187
123439722,299962.376
123439745,2148056.753
123439834,1637696.726
123439842,806666.162
123439853,299174.461
123440719,8511033.348
123440780,943792.353
123441448,1466307.477
123441501,1294183.16
123456077,6869550.087
123479789,5876.754
123479792,32481.084
123479810,9739.845
123480251,3241.738
123481305,4320.422
123481338,416361.108
123481349,54169.775
123481390,1657143.531
123481902,722678.891
123481988,217979.505
123482008,92862.163
123482119,33646.908
123482149,433557.384
123482176,330515.307
123482213,129459.277
123482239,108473.331
123482256,277029.823
123482273,36150.822
123482304,417582.446
123482315,356354.314
123482318,489535.904
123482322,48285.058
123482346,434030.098
123482355,48251.574
123482384,7605826.687
123482461,14434.262
123482501,141110.364
123482511,89464.563
123482517,146434.009
123482570,308168.466
123482609,231158.212
123482627,184434.4
123482676,38388.122
123483756,1768902.339
123484382,11797.409
123491396,11797.409
123491533,12404.52
123491577,101705.631
123491609,433453.401
123491697,379174.609
123491720,495693.219
123491789,637662.029
123491892,408483.436
123491900,302501.066
123491918,433706.274
123491937,204212.705
123491959,299391.753
123491963,528590.924
123492102,82919.996
123495235,1054924.89
123495297,18262.941
123495360,103341.132
123495565,5149315.883
123495795,527613.067
123495846,1556584.599
123495849,54095.87
123495886,83339.068
123495890,1786199.503
123495948,411549.839
123496007,430396.28
123496476,6858210.203
123496569,2094096.014
123496683,54632.969
123496899,627363.106
123497006,41643.012
123497053,700571.348
123498424,55940.648
123498476,5994934.097
123498530,444949.623
123498533,414892.945
123498563,221220.286
123498577,9179843.063
123498679,68871.864
123498699,5895214.095
123498776,344282.127
123498959,13037570.857
123499036,19744.021
123499110,4485.101
123499145,273575.438
123499266,828516.545
123499299,1142182.477
123499355,20646.84
123499447,538130.653
123499485,9709083.359
123499639,59529.267
123499659,406989.673
123499677,4457030.876
123501294,1207191.035
123501308,828991.904
123501367,2726188.468
123501377,52024.386
123501434,20111.333
123502093,117146.672
123502396,12426088.19
123502410,300812.057
123502420,54241.927
123502441,9616.948
123502456,149983.135
123502504,10450325.705
123502853,9013.571
123502871,432344.087
123502900,50450.179
123502973,42663.122
123502982,48278.946
123503097,14443.455
123503127,16716.683
123503235,153003.464
123503261,128961.676
123503272,5794.125
123503627,865768.034
123503647,7300168.659
123503697,559248.455
123503731,54510.962
123503741,6813186.162
123503751,551369.354
123503861,98174.117
123503881,1025635.272
123514105,2686980.003
123514185,18106.237
123516559,52338.283
124356938,152920.483
124357052,82429.187
124357112,399929.546
124357224,6840.773
124357844,156486.606
124357891,243367.193
124396026,18025.787
124396124,1980.909
124396530,33960.704
124396693,72092.957
124397220,180.136
124398187,241.027
124398222,562.161
124398312,27019.338
124398342,775.674
124488765,7151.186
124553086,905538.673
124554059,1761628.552
124569516,766540.243
124696811,1136319.162
125852567,1901590.679
125961121,3574.749
125962361,234.89
125979553,234.89
126707333,10372.506
126710128,14568527.511
127932540,210473.343
127932780,78749.927
127933043,589.668
128706414,935906.881
128706509,449934.184
128709742,699177.955
128710323,15918.498
128710885,10783.298
129295975,559616.122
129296277,5028420.229
129296993,57977180.138
129297014,59753595.691
129297060,56096449.552
129297075,55212192.273
129297101,60167207.275
129297138,71127901.478
129297200,71040806.847
129297232,70818979.243
129298547,56557865.873
129299170,10903583.569
129299545,157359049.694
129299583,37122691.341
129299900,204573904.02
129300105,53412379.744
129300151,16429719.561
129300299,24801363.645
129300330,85058322.043
129302496,2730.203
129302685,824343.169
129302854,42676.146
129305725,15.885
129388312,31488177.681
129388760,43339307.603
129389236,10023187.626
129389241,16636600.813
129389418,49260339.313
129389530,16702469.637
129389577,8344719.124
129390126,18834821.626
129390462,3682887.655
129390595,19743844.828
129391378,78756269.572
129391467,28929444.551
129391553,13972441.066
129394062,6015666.02
129394341,27295715.763
129394449,14175684.234
129394511,16777031.536
129394603,143940365.462
129394677,52099742.958
129494544,61594.341
129495269,11089.034
129495390,25.345
129495487,19325.022
129495645,45346.11
129495825,23266.817
129495856,4992.754
129495899,14198.859
129495924,184516.373
129511143,7705418.289
129511152,2469828.695
129511170,22123192.607
129511181,15159758.021
129511220,13153121.941
129511227,1585845.099
129511234,110865949.04
129511241,7155133.492
129511248,1664916.612
129511252,154255271.338
129511256,35474544.754
129511300,7626093.224
129511525,194151.073
129511528,58849442.33
129511555,45479004.364
129511606,2387801.517
129511614,37221.202
129511745,16432503.621
129511856,39286573.086
129511949,124660.088
129512036,130960976.829
130263584,7627334.172
130263812,51182446.99
130275086,114098804.009
130275173,7606238.763
130275223,32343924.512
130275248,545475.541
130275254,9961047.431
130275315,5772627.83
130281858,113414514.758
130281888,7831868.166
130282156,35926013.588
130282200,4745569.32
130282230,110176441.306
130282441,23879311.873
130282725,338936.298
130282824,243092.652
130283033,121819427.786
130283639,116687651.602
130284409,96753049.094
130284614,65333126.275
130284836,6553073.339
130285078,1255238.195
130285307,69304204.224
130285744,116347312.14
130285977,8003156.287
130286039,34021318.576
130286297,19526090.079
130286757,115678765.006
130286778,2883905.963
130286787,73390673.747
130286796,15775115.916
130286816,11685916.127
130286847,3787546.452
130286862,121983167.184
130338284,7541998.095
130344486,112528542.693
130344504,42334484.103
130344655,113360354.198
130345331,1154635.61
130345678,6997851.642
130346023,31771428.372
130346041,65457757.288
130346273,73526515.901
130346280,80902245.31
130346283,73509752.173
130346410,52012425.808
130346424,32137819.701
130346459,49245634.985
130350139,8669400.637
130350168,2277043.386
130350177,80541278.082
130350214,33732170.556
130350264,18897811.433
130350272,81187118.674
130350289,82459691.514
130350312,139056177.131
130350372,14350022.897
130350451,7656655.988
130350484,15204496.234
130350490,50666036.953
130350493,11306917.39
130350496,75532001.598
130350503,2180704.954
130350508,64765674.019
130350511,20879017.33
130350523,59649475.115
130350534,121251.732
130350547,375753.203
130350552,76886168.845
130350565,76789724.072
130350771,76724698.869
130350825,70565262.858
130351028,17386041.186
130352266,26643779.943
130352497,162667252.756
130352723,9821594.43
130353171,10447437.531
130353324,13538980.805
130353354,2633.718
130353401,18690738.313
130353406,4924412.701
130389813,337438.308
130391495,366.198
130393378,602604.786
130394197,501471.558
130420951,163359.064
132341128,86632089.592
132434704,39184037.708
132438298,109825978.531
132441735,6006363.884
132450926,4224559.223
132467692,12464961.653
132468585,125602.23
132475824,1106239.272
134554100,14073.177
134554171,1225937.288
134817215,86203700.173
135381188,505652.924
135383783,3619024.666
135384014,1010898.706
135384178,1341035.172
135385234,4825525.015
135385274,3473303.5
135385310,2495755.724
135385511,4097474.661
135385529,3941514.979
135385554,6101898.336
135385583,205281.168
135385599,175028.238
135385613,41095.002
135385638,64845.821
135385685,211573.507
135386429,914488.447
135388190,432297.428
135388252,171519.366
135388528,125784.071
135388689,1295009.134
135388708,242640.882
135388770,365982.234
135388809,72373.398
135388821,186627.828
135388865,114816311.707
135390246,120749.43
135390360,4351019.064
135390600,2755704.32
135390761,9071496.215
135390778,374690.207
135391499,1141365.878
135392230,5043611.933
135394947,200722.158
135396041,393321.039
135396104,387708.865
135396194,1603430.995
135396217,120258.683
135396264,172266.126
135396274,534346.691
135396309,4248375.335
135397502,28773.213
135397573,67262.25
135400993,4071089.75
135401024,3297882.367
135401118,15729981.021
135401143,85704327.13
135401158,50847694.622
135401243,246492593.068
135401364,10821366.998
135401391,124550.605
135401401,14992871.297
135401421,384687.091
135401461,20426150.58
135402293,3033735.413
135402378,9478452.189
135402494,18937.303
135402500,25473.666
135402647,116209.713
135402719,7688.787
135402795,144.171
135402834,15998.127
135402870,10747.213
135402905,8885.99
135402922,16558.389
135402974,7296.343
135403041,7002.037
135403070,39946.407
135403176,8624.788
135403197,9427.308
135403239,104224.25
135403299,23780.269
135403333,35549.946
135403373,343193.06
135403469,4603675.634
135403488,19030439.282
135403510,2562370.276
135403518,275576.892
135403534,2059519.409
135403650,926598.451
135403704,145573.123
135403715,231707.414
135405142,220534.041
135405775,521829.472
135405891,2735276.596
135405941,637927.973
135406017,99321.681
135406072,267425.403
135406116,150158.761
135406366,73546.273
135406434,2968783.251
135406539,200726.224
135406616,19088.289
135406689,71232.634
135406728,241032.417
135406842,640791.204
135407588,309217.175
135409876,76994344.36
135431816,72457563.683
135431992,554357.27
135432051,150845.723
135432106,156174.479
135432191,319717.35
135432447,134743525.313
135432592,901268.217
135432619,12117329.633
135432657,122225969.048
135432746,88744626.275
135432812,53441546.044
135434080,121091880.631
135434121,4351786.53
135434141,2701532.131
135434162,1257886.895
135434516,4499863.791
135434569,76167.603
135435256,99590.327
135435298,63115052.368
135435329,21043953.789
135435430,67376194.079
135435459,80513861.789
135435484,236998.668
135435494,80543800.109
135435580,2085456.589
135435604,958829.996
135435617,2550042.189
135435623,3438815.202
135435677,38417119.99
135435733,99549.716
135435809,898662.983
135435827,5399308.746
135435872,169724649.907
135435883,152983.531
135435963,51433.126
135436007,462445.578
135436119,13973.459
135436136,171288.866
135436148,5637211.23
135436158,136643.739
135436181,1944149.28
135436207,194688.351
135436252,850106.036
135436279,190206.343
135436328,110503.641
135436351,14105729.127
135436449,87336.958
135436488,110322.152
135436509,6447489.507
135436536,17730.093
135436556,41915319.135
135436632,284466.875
135436700,27039.047
135436746,509010.481
135437006,1149770.531
135437053,36705.753
135437114,347956.74
135437131,355853.87
135437170,162785064.884
135437203,95213588.288
135437754,425814.838
135437799,5188266.313
135437833,68284.114
135437860,132519.197
135437933,1819634.794
135438109,269595.344
135438205,4346360.88
135438398,194344.658
135438435,2444026.245
135438492,74922520.858
135438789,16227151.48
135438843,2501409.522
135438953,159454.917
135438973,531574.173
135439071,180708.373
135439270,31667.251
135439406,20776.041
135439439,53767.892
135439455,62899.608
135439465,129712.745
135439483,426133.597
135439487,170701.274
135439613,174030.6
135439661,123605.56
135439731,293279.154
135439767,82197.449
135439808,97305.471
135440284,273879.021
135440446,19852946.952
135440575,398055.139
135440679,7708246.045
135440698,173339.673
135440702,766345.733
135440706,733440.991
135440784,40816.331
135440855,198073.267
135440859,146385.279
135440869,84923.329
135441087,175128.892
135441092,91849.351
135441259,3733782.854
135441349,1272754.62
135442422,7920847.364
135442447,251374.158
135442457,72581.464
135442471,20409.996
135442491,64369.053
135442501,2876748.002
135442511,80498.971
135442550,24167621.181
135442601,33848.279
135442607,11688049.798
135442614,207509.925
135442627,34287.277
135442660,105549.419
135442693,87023.002
135442713,66365.179
135442768,36667.873
135442774,1252352.359
135442826,95561.732
135442862,107842.069
135442899,95060.514
135442924,58506.636
135443047,186771.35
135443066,2926932.364
135443138,70196.636
135443161,50203.569
135443182,69336.068
135443202,81547.609
135443218,45607.49
135443237,85052958.543
135443253,39205.074
135443356,83044.742
135443392,106255.438
135443414,62967.435
135443456,166720.202
135443535,99257.951
135444212,1577658.843
135444879,21998201.761
135444969,263562.596
135444993,918638.931
135445122,1329019.486
135445875,17951703.544
135445918,122092.554
135445965,25965145.539
135446036,94430175.831
135446117,115665.427
135446364,1129299.988
135446376,80736.446
135446420,87823.444
135446685,142047.944
135446731,610394.742
135446863,594498.173
135447285,307919.612
135447486,92856.676
135447515,120190.957
135447519,207311.842
135447628,299439.349
135447951,146061.874
135447972,477431.788
135447977,30685.197
135447989,69667.853
135447993,941638.303
135447999,1298703.443
135458600,1441654.858
137454006,99403.296
137455428,1035246.308
137455517,128190.802
137455534,80268.962
137455590,17730976.587
137455635,2731619.01
137455671,12176039.967
137455698,283430.124
137455704,36625.786
137455708,318275.917
137455719,912061.523
137458129,273645.47
137458789,172447.274
137461025,135436.057
137461727,118156.96
137462266,155960.41
137463132,1394071.095
137463722,96114.063
137464293,4208700.914
137466286,13489621.274
137468437,46310093.287
137468866,17928270.448
137468928,131967109.379
137468988,16734828.73
137469030,127413643.681
137469062,103258.202
137469080,15107759.836
137469231,12358640.804
137469307,117563.216
137469400,5629661.22
137469425,26369481.925
137469512,15774045.734
137469584,7165125.094
137469612,6899474.835
137469631,15489844.609
137469649,36042226.772
137469661,55552513.581
137469768,22097.597
137469775,22598610.733
137469788,28313747.069
137469812,20571896.273
137469824,101667909.353
137469850,5245678.957
137469887,348096.144
137469938,112278361.785
137470743,158271.204
137471008,93276.348
137471015,65683092.193
137471106,59792498.847
137471309,52178.2
137471321,119402.925
137471343,2400797.771
137471371,64697.502
137471399,21322895.057
137471542,22747975.025
137471864,1042284.029
137471902,12891117.261
137471919,21884252.635
137472082,20321456.584
137472158,2773588.838
137472482,3060761.644
137472568,166081.196
137472715,1840732.155
137472733,40284882.654
137472775,104871.377
137472788,47298.507
137472807,2767575.298
137472890,12863051.901
137473052,36801486.739
137473074,30240566.358
137473173,7974056.154
137473194,849224.105
137473327,5406637.483
137473683,36270808.21
137473695,91139987.593
137474280,110828.701
137474579,40103359.721
137475316,500655.669
137475321,15651.808
137475427,126814.847
137475440,12825.065
137475931,25945.385
137475952,46283.962
137476204,8531868.334
137476249,3978190.05
137476260,1637122.293
137476345,6866707.789
137476441,341495.024
137476465,79397.025
137477075,97587.553
137478075,307919.612
137478884,858885.712
137481157,72912.366
137481775,833287.95
137482694,2959478.066
137483910,1525971.354
137484582,42243.88
137485159,944018.188
137485582,3452258.606
137486238,90167.873
137487256,951845.506
137488091,1299801.306
137488624,56391.676
137489033,60341.392
137489054,91559.409
137489143,90731.436
137489179,1332258.879
137489288,262796.948
137496751,1279102.474
137496810,58788.953
137496824,3794324.392
137498462,575211.755
137498884,201988.163
137498902,101883.49
137498920,1091647.032
137498946,5623944.117
137498955,86219.831
137499072,237682.872
137499084,1281991.495
137499153,40047.986
137499322,18820483.788
137499376,77160.295
137516649,11357.862
137516825,64918547.205
137516856,31159769.843
137516877,74985.99
137516940,23196945.222
137517016,59671.958
137519294,31225.996
137519413,166182.092
137521266,605354.92
137522168,7409949.806
137522233,43475.951
137546677,54587.869
137546680,68851.747
137546683,171050.924
137546685,339400.071
137546688,122001384.816
137546691,392646.653
137546694,152202.709
137546697,77413.514
137546700,97667166.249
137546703,153217.039
137546706,224976.387
137546709,383094.8
137546712,127412.83
137546715,222026.986
137546718,125522.493
137546721,99438.358
137546724,111773.334
137546727,345464.982
137546730,218276.277
137546733,26638787.596
137546736,87790.556
137546739,1943438.936
137546742,12604206.229
137546745,106833.786
137546748,1289871.507
137546751,121489.371
137546754,73355.592
137546757,77028.17
137546760,82725.358
137546763,228320.775
137546766,114061.719
137546769,4454524.027
137546772,249505.057
137546775,36970127.783
137546778,9831273.088
137546781,56327451.563
137546784,658060.846
137546787,176321.595
137546790,78008.473
137546793,58102.973
137546981,170897.521
137548743,12832626.875
137549329,1071212.467
137550044,22525.047
137551006,37288684.892
137551063,699180.459
137551066,12926709.806
137551069,819812.949
137551218,6482675.59
137551236,2171556.442
137551240,225651.156
137551338,36966.709
137551353,1745.433
137551374,125214.055
137551391,3872289.217
137551403,1255808.505
137551728,3097150.759
137551777,39086.868
137552007,11250584.907
137552044,2159322.315
137552050,344927.108
137552145,18495805.718
137558965,80415737.661
137558996,22952621.914
137559051,44164834.338
137559151,6686477.236
137563977,12891755.774
137564171,159396.127
137564220,214773.135
137565393,129934.262
137566072,63928.566
137566161,166112.105
137566263,157628.202
137566286,350097.984
137566290,2254688.647
137566382,83793.461
137566428,682842.541
137566486,374887.081
137566591,3438431.106
137566923,92911.842
137568083,81673316.269
137568123,56418247.521
137568170,737557.751
137568248,40508.17
137568477,368241.834
137568775,7256555.988
137568785,3170329.324
137568863,5104916.2
137568872,232127.49
137568884,64116.173
137568888,457843.189
137568977,40899.886
137569297,8674889.864
137569340,120696.21
137569640,122053637.585
137569717,133504.508
137569775,86459094.031
137569789,37104813.366
137569859,43201640.033
137569875,22264768.751
137569915,18983007.806
137569930,206484.574
137569933,154548.607
137569944,65422.841
137569964,90349.02
137570216,1345286.522
137570258,397273.691
137570304,81939.703
137570319,200905.981
137570333,366157.683
137570680,4350909.194
137574113,525891.766
137574133,7193658.9
137574140,252897.09
137574172,67223.66
137574247,118698.119
137574454,75397.915
137574462,59990.072
137574474,147617.028
137574565,76217.513
137574584,74269.858
137574614,60616.478
137574638,64809.765
137575141,12052441.383
137575160,89348.467
137575307,433116.989
137575412,6015001.217
137575497,1659193.267
137575616,115371.393
137575642,1638674.626
137575689,479485.84
137575721,2597185.131
137575782,2055376.132
137575848,545011.572
137575874,163509.183
137575992,388215.636
137576275,247839.687
137576389,112965.549
137576396,252926.833
137576427,140905.107
139890267,2191399.316
139890569,173602.733
139890701,158051.511
139901305,6482725.709
139922437,297258.158
139922486,4493424.667
139922898,55416.801
139924892,3558621.148
139924923,60628.344
139925003,9731740.867
139927678,3555257.413
139927766,139243.618
139927792,5241078.314
139927865,1228645.993
139928515,1181716.65
139928544,3239035.117
139928566,143222.443
139928642,4032024.115
139928695,376522.364
139928736,459644.733
139928740,3642000.566
139928790,167949.031
139928803,956663.421
139928929,6551304.8
139928991,109006056.789
139928998,8747289.612
139929006,9429119.029
139929030,965200.55
139929043,1474367.106
139929862,50252.7
139929873,707311.17
139929929,2013697.671
139929968,18430401.616
139929974,29021943.744
140024240,103868.676
140026414,2822436.29
140026489,2107931.753
140026504,254902.136
140026535,2750521.794
140026546,82533471.355
140026571,32975978.068
140026656,77223.793
140026864,21048493.334
140026907,5217441.189
140026985,9461550.499
140047872,521670.285
140048406,321996.927
140078353,47858204.656
140078455,205811.406
140078823,302306.199
140078829,450735.933
140078915,278648.153
140079035,597731.327
140079075,3653662.577
140079099,4016490.778
140079317,67897599.012
140151138,107010.086
140156007,139023.975
140162649,7816746.296
140189271,7305586.066
140189490,592414.542
140191515,214139.442
140191559,4332295.949
140198436,175430.947
140198461,26885222.864
140198472,246072691.442
140198484,194743.515
140198493,35354294.556
140198504,615882.779
140198539,66474.666
140198558,354718.807
140199933,862712.288
140200539,435103.573
140200560,16120484.547
140200745,15870536.342
140200969,186561.846
140202403,102535.581
140202414,20415076.49
140202440,954392.157
140202449,54282546.957
140202550,103188.065
140293395,140728.319
140293642,170306.765
140299898,169904.451
140300257,1282793.229
140300290,3619850.393
140300323,1734205.71
140300357,1729832.463
140300447,601192.317
140300461,2404779.785
140300494,704974.901
140300513,711744.899
140301383,2143634.469
140301432,3553156.877
140301457,12938619.473
140330910,788599.83
140331012,53070788.504
140331093,55227021.101
140331165,48177084.346
140331238,52532388.941
140331274,1058737.023
140331376,43518519.495
140337605,146048.231
140337799,1656737.118
140340097,307359.821
140340236,452394.004
140340595,469217.307
140340775,872275.972
140342538,17685624.623
140343931,18609258.777
140346293,13302972.57
140346319,3806868.451
140346338,1205420.016
140346348,132392.133
140346387,8738464.891
140346416,47407.402
140346439,1229949.333
140346488,142517.986
140346508,23543134.527
140346854,3810544.212
140346909,59003.925
140346948,1102251.974
140346987,635723.399
140347020,821524.836
140348014,21962831.418
140348039,13960147.797
140348061,36520.16
140348122,250231.136
140348234,81420681.138
140348310,313936.603
140348402,5692160.76
140348411,185196.941
140348433,153743.351
140348444,71795.935
140348478,276932.538
140348493,15045527.055
140348502,335803.248
140348512,314092.748
140348515,947795.623
140348556,793476.683
140348577,871631.337
140348660,13017908.812
140348751,43949089.08
140348760,1126590.749
140348802,146011.673
140348882,536820.645
140348915,93380234.304
140349107,241110.712
140349213,1213722.53
140349330,1027274.409
140349354,140912.53
140349395,58562.229
140349409,2742996.969
140349438,9997297.053
140349483,161049.127
140349486,267389.099
140349491,476371.922
140349619,17794014.513
140349791,367890.578
140349833,947700.403
140349877,2092651.606
140349900,1817668.627
140349925,157167.666
140349938,3818624.958
140349944,484377.705
140349977,227682.845
140349995,6081605.257
140350052,435178.267
141357100,156707.89
141357127,58515.365
141357143,82595.32
141357194,77363.219
141357317,220527.723
141357344,400465.641
141357490,274777.083
141357500,345439.739
141357618,875079.65
141357666,140484.94
141357698,935431.598
141357740,182391.513
141357755,43474.657
141357849,148616.158
141357860,406859.996
141357878,118798.058
141357925,4443670.823
141357934,34852.326
141357963,160880.047
141357972,90275.315
141357986,7790000.257
141357989,969020.66
141358008,155562.828
141358057,202228.064
141358087,193621.14
141358103,97272.291
141358112,81731.989
141358121,123055.12
141358181,79920.032
141358203,197485.945
141358240,276656.856
141358263,1004781.507
141358455,323018.914
141358472,42885.428
141358501,70872.744
141358516,1538967.303
141358557,337958.315
141358568,377250.012
141358741,700376.91
141358790,799181.321
141358837,31314.053
141358857,6587460.928
141358889,595474.644
141358949,1471610.208
141359674,1138006.68
141359722,331845.395
141359749,64323.818
141359772,93011.702
141359788,2523136.648
141359863,5416381.884
141359877,296748.137
141359951,245603.809
141359957,1550347.742
141359967,37110.684
141359981,638078.781
141359992,240173.006
141360036,66165.756
141360076,207371.793
141360079,176041.485
141360110,71635.277
141360223,671770.878
141360235,9546302.006
141360252,8435777.882
141360403,269068.021
141360419,51651.202
141360674,41145.67
141360692,891504.222
141360763,38460.639
141360814,456817.142
141360861,455805.149
141360898,314900.96
141362457,317260.189
141362468,33369760.134
141362646,352604.515
141363164,821495.108
141363194,209176.773
141363377,3154.439
141363430,21.466
141363454,94896.287
141363488,84877.991
141363565,82545.483
141363954,53069.959
141363974,10571280.657
141363998,3324370.811
141364001,736866.203
141364025,247565.415
141364028,21796138.224
141364039,15536995.275
141364061,84706.356
141364354,16432160.196
141364370,53956515.919
141364373,50295.164
141364378,565459.218
141364381,26295217.63
141364384,102445994.858
141364389,130458.915
141364394,118228669.9
141364397,187959.572
141364402,36305976.092
141364407,98128054.983
141364412,17912613.333
141364443,39527440.257
141364461,7808124.893
141364466,9475036.619
141364476,39393941.334
141364495,34663078.213
141364518,91198055.64
141364523,40949266.83
141364530,21410093.693
141365104,77001.715
141365108,4780588.378
141366179,1591516.472
141366232,2717838.102
141366527,99303742.688
141366573,424479.282
141366592,2737446.142
141366648,23256024.024
141366669,64113.62
141366683,54789.26
141366687,491456.915
141366702,4548792.2
141366732,8590256.014
141367438,120838.377
141367466,7150428.718
141367524,129787.409
141367541,48284.091
141367581,520773.662
141367596,15351318.003
141367612,63579044.738
141367633,593165.075
141367648,5252738.734
141367675,141975.803
141367710,37486337.925
141367751,1489788.806
141367760,94000.102
141367771,7372194.091
141367781,6756020.585
141367804,4436137.249
141367814,52965.122
141367822,1555710.135
141367825,132265.688
141367842,9078850.458
141367864,10188132.375
141367867,15790210.184
141367887,12880266.928
141373335,18769150.351
141374447,127956138.056
141374524,271926.035
141374570,147126.685
141374595,102508.607
141374653,78882.468
141374775,122549.992
141374828,99435.362
141374869,175687.198
141374944,155694.36
141374986,300074.273
141375031,82921087.792
141375077,42926045.7
141375113,84900739.638
141375168,20563942.593
141375242,18889144.413
141375291,104416151.519
141375337,5704782.372
141375385,20278299.47
141481104,8720393.528
141481160,82010769.972
141481252,533083.066
141481460,405898.784
141481612,108132.17
141481752,3278.898
141481850,610295.608
141482209,38225.187
141482238,4636.501
141482274,210084.251
141482311,307881.471
141482327,504271.636
141482452,21053.296
141482455,192514.68
141482554,8554.592
141482634,9525.857
141482650,15600.843
141482736,1430.587
141482833,7178.065
141482867,22875.397
141483105,55604.426
141483137,595883.89
141483196,23771.04
141483319,433412.562
141483336,210164.075
141483352,28606.92
141483379,35365.654
141483498,60736.968
141483511,37435.849
141483531,10142.943
141483551,2092.534
141483580,1148685.182
141483602,7114.612
141483717,33194.488
141483768,540593.62
141483785,824045.132
141483795,465203.748
141483816,115583.556
141483916,5599.588
141484010,83628.362
141484017,12995.399
141484116,356149.499
141484154,1125736.23
141744346,16842.822
141747748,32223.696
141748350,243916.905
141748589,48199.43
141748635,75099.791
141748720,5171.313
142074959,348916.282
142218080,67599.289
142323988,263318.241
143613507,281715.262
143613723,16737860.068
143614057,19806.486
143614074,89290.021
143614772,34565.429
143615229,755564.282
143615567,7777219.003
143615596,2231910.829
143615692,319866.465
143615727,511494.412
143615764,170348.243
143615833,32048792.196
143615840,357593.122
143615852,194991.914
143615865,3394564.397
143616007,765823.773
143616254,4682.322
143616537,46318711.181
143616581,136684.214
143616584,5760872.324
143616677,33646.7
143616873,188977.061
143617001,253868.418
143617069,29285.335
143617239,104856.125
143618198,947634.522
143619704,1063057.231
143620010,221021.624
143620640,27799.734
143620739,247156.418
143620778,41900.771
143621380,2147262.021
143621420,1592589.463
143621599,2344647.278
143621618,637460.431
143819109,31026.289
143819237,325325.425
143819267,71502.077
143819319,2599012.576
143819428,95259.877
143819432,8043.161
143819473,7185.399
143819484,465370.023
143819504,569598.223
143819526,26602.101
143819551,94896.287
143819655,956889.31
143819673,1569840.712
143819705,324627.216
143819743,8899.823
143819776,14044.028
143819799,135029.332
143819808,34316.553
143819821,36694.628
143819884,107143.062
143819918,5586.488
143820044,15986.756
143820074,284431.756
143820125,10788318.094
143820171,114825.161
143820315,211842.071
143820459,466720.02
143820481,1251433.944
143820504,7801.764
143820549,287461.134
143820674,46006.606
143820719,94896.287
143820839,4072995.375
143820882,1855610.525
143821071,391687.045
143825261,11509.226
143825390,1373325.706
143825410,33656.914
143825748,5808329.136
143825819,1869923.561
143825838,1276425.994
143825997,710903.734
143826089,6639199.431
143826195,693250.434
143826326,277658.532
143827893,26622.847
143827988,19983.421
143828203,94896.287
143828232,147622.079
143828274,554098.864
143838560,213303.934
143844058,3333453.398
143844102,94896.287
143844125,49125.208
143844209,194176.887
143844248,1280222.445
143844258,867908.092
143844300,248048.741
143844335,694440.146
144135467,5563.238
144136822,1287429.811
144137478,76645.039
144141186,2089232.008
144151831,33151.455
144152304,3167.196
144153067,12332.136
144159779,102527.38
144161826,901431.061
144162359,2146.311
144162654,43785.493
144163683,23421.55
144201289,1754745.13
145199567,711873.343
145199903,486101.6
146946489,1847380.268
146946513,198381.414
146946542,590318.97
146946640,2233891.119
146946645,85922.76
146946654,498359.917
146946663,3492.221
146946679,895.717
146946690,10151.254
146946722,1752785.34
146946732,2738263.888
146946735,1757728.925
146946749,2514725.497
146946774,1917411.473
146946888,4884.534
146946895,628905.863
146946915,1306905.617
146946919,732951.628
146946922,534868.465
146947088,3337.219
146947121,4265.388
146947137,548312.318
146947149,2522329.326
146947164,94896.287
146947167,3587809.279
146947291,3415293.635
146947936,4202944.753
146947943,5883.201
146947989,1034045.852
146948008,2215843.447
146948812,893500.78
146948841,2275892.906
146948845,7366.394
146948857,932967.416
146948866,126625.872
146948875,169904.451
146948887,9080.392
146948897,4799.01
146948906,199975.07
146948943,578910.219
146948957,9407.938
146948961,77165.739
146948989,237772.076
146948998,82739.973
146949785,95558.36
146949792,9637.233
146951381,295697.555
146951392,52061.883
146951396,217980.928
146951416,17867.871
146951436,124696.305
146951447,145851.879
146951450,94896.287
146951460,93280.443
146951463,263543.279
146951485,82231.429
146951488,28468.733
149249824,35905.407
151066406,2527335.633
152031540,5068459.956
152501278,2182.721
152781341,1800499.034
152781715,467615.567
152781911,660819.921
152781967,1276605.426
152784569,569785.142
152784762,570361.692
153198442,22607.249
154804479,559606.251
155187102,8719239.99
156749008,1210042.814
157247863,170234.664
157877009,5303.113
158620785,19409.673
158620855,720983.94
158620915,236407.625
158621105,4279.405
158621132,59978.082
158621217,754150.813
158621286,3865.848
158621313,104583.333
158621580,480561.177
158621613,311932.52
158621882,3393565.942
158621929,1198346.778
158622072,7910.816
158622102,6896179.946
158622377,1915963.403
158622475,1185273.982
158622495,5380410.197
158622617,4906350.746
158622621,435106.543
158622936,971094.668
158623105,2545042.269
158623350,6676371.618
158623410,1632984.594
158623455,257023.661
158623522,262545.013
158623542,1966086.199
158623643,1156544.274
158624465,1664567.25
158624557,3037708.2
158624714,2959833.204
158624882,4499331.122
158625076,428316.706
158625197,2339063.255
158625391,2312709.944
158625557,1199072.137
158625570,3046953.863
158625603,1429488.647
158625653,4341812.17
158625699,1628129.263
158625914,5457378.477
158625941,5674084.001
158626318,1152726.296
158631336,2025503.355
158631442,1220550.654
158631782,930750.214
158631806,3339623.939
158631834,5433092.194
158631929,2614893.894
158632011,697855.84
158632105,2051978.678
158632261,513019.921
158632357,521676.447
158632464,1671519.918
158632595,2165011.45
158632688,8040.708
158632774,1749255.348
158632797,1556822.212
158632875,4163653.459
158632931,808614.613
158633070,1756040.941
158633085,813355.691
158633105,1873724.732
158633166,1070567.618
158637142,1485972.11
158637179,1185595.369
158637216,619385.368
158637499,2080988.335
158637575,1532029.918
158637880,1650456.706
158638809,9617.009
158638897,151774.668
158638924,575423.399
158638929,19045.53
158638938,14148.85
158638945,220864.814
158638981,364756.362
158639034,94896.287
158639066,95158.804
158639146,4011932.609
158639825,349445.327
158640029,540109.851
158644366,340239.98
158644441,191818.26
158644577,719651.492
158644596,1495623.131
158645678,898524.803
158646101,562648.953
158646470,1207066.675
158646489,470539.477
158646632,1354.306
158646729,1503010.023
158671558,9230.083
158671571,170844.477
158671587,17830.927
158671675,83411.183
158671849,211914.402
158671895,4812.928
158671917,222002.621
158672448,8378.233
158672475,556947.561
158672506,58763.161
158672576,506093.857
158672829,94896.287
158673049,188287.965
158673195,5737.475
158673225,73706.91
158673307,93978.302
158673458,8886.373
158673884,121961.032
158673917,97123.995
158674561,15616.116
158674616,9651.557
158674637,7061.475
158674672,42607.878
158674694,39537.606
158674751,7136.806
158674774,5117299.362
158876675,4254170.176
158876758,37154.18
158876789,395723.694
158876908,1565494.767
158877016,2726872.259
158877156,5769.072
158877194,90014.32
158877202,9574.593
158877295,3227.379
158877329,18934.562
158877343,41718.467
158877477,5123.043
158877494,56788.136
158877513,1201151.969
158877542,56351.571
158877552,34949.855
158877672,59426.538
158877695,35175.213
158877733,980746.039
158877787,7460.344
158877800,714823.211
158878027,6371.459
158878123,18815.896
158878136,236506.751
158878192,8626706.016
158878297,667.41
158878443,310393.37
158878674,6680524.415
158878734,2808559.785
158878778,54942.839
158878846,7880.597
158879314,18382.737
158879329,10277.436
158879365,244618.425
158879553,1535430.314
158879635,372951.838
158879668,272963.959
158879977,526015.191
158879993,1036966.172
158880150,332461.876
158880240,1493819.745
158880285,126501.848
158880573,447185.11
158880612,682130.969
158880677,132698.236
158880824,75811.005
158880874,276299.844
158880934,475174.107
158880956,308470.872
158881003,33220.392
158881014,592274.742
158881030,4612.51
158881036,1730063.038
158881129,1216945.376
158881166,342165.37
158881223,334105.034
158881297,1913618.688
158882395,824453.757
158882453,1535905.487
158882544,6011534.658
158882686,590204.662
158882723,1142086.345
158882810,706156.236
158882918,756160.633
158883246,640896.06
158883594,779351.716
158886688,1120220.385
159025755,839696.689
159097220,2093167.261
159098975,360838.582
159099200,8275.663
159099258,354726.892
159099284,256048.304
159099353,354681.827
159099689,1017472.474
159099721,6972290.987
159099770,4415737.466
159099804,5494854.174
159099835,3273477.278
159099958,6345056.84
159100452,341125.036
159100515,397476.62
159100532,772803.255
159145278,59170.79
159145282,126193.649
159145286,146127.222
159145290,77971.132
159145294,188276.544
159145298,329265.034
159145302,2863336.491
159145308,14650.586
159145312,1283545.698
159145316,3357278.663
159145320,769809.633
159145324,4343.394
159145328,7476.662
159145332,21524.68
159145336,968855.857
159145340,932297.308
159145356,1029079.785
159145386,795143.097
159145390,138430.4
159145394,329691.965
159145398,123022.322
159145402,369357.581
159145406,56629.97
159145410,243937.356
159145430,410575.357
159145434,6470.355
159145751,663431.178
159629490,175129.311
159630073,88939.282
159633608,202382.103
159638212,493919.973
159667176,568304.664
159667568,28937.247
159667690,549177.655
159668848,740883.804
159668860,427826.375
159708848,750925.132
159708969,1324076.997
159709497,457910.405
159715311,522105.431
159715391,227233.021
159720395,150393.874
159721589,51050.786
159721834,539219.618
159722086,282628.559
159723084,1075682.596
159723134,214451.794
159752331,773777.952
160966744,214945.424
160969723,119745.351
161063461,620135.87
161064099,849311.261
161064452,377996.574
161068798,160500.515
161068903,71560.559
161069045,266274.439
161069326,204310.427
161069594,52903.078
161069818,774159.043
161070284,428234.589
161070702,364193.225
161071454,50394.737
161071479,12359.143
161071738,29344.603
161071940,669952.505
161076417,215761.968
161077247,196564.237
161077447,143710.106
161077712,1171213.385
161077896,16620.949
161303437,37435.849
161303579,3102630.044
161303645,3418.506
161307554,2687864.862
161308360,639916.794
161334052,1456376.599
162154636,2.046
162160686,6379.758
162160716,533753.733
162161861,427104.932
162161923,32408.207
162207827,40005.719
162209137,1160.963
162209242,51.142
162209351,778.849
162209834,512.924
162209907,237.548
162209990,228.792
162215361,53.326
162215534,4792.775
162215596,98.96
162215720,3092.148
162215826,104.798
162215884,205.325
162216008,3007.223
162292301,20996.966
162292832,58967.093
162293947,5671886.387
162693357,2554416.017
162702544,1463887.074
162702813,528988.753
162705679,554136.906
162708774,379622.521
162709571,1559377.839
162912433,1122667.382
162915452,930708.304
162917734,274953.162
162917776,4681.118
162917796,1682078.802
162917863,431914.39
162917933,505929.1
162918261,359576.242
162918363,489112.138
162918438,1402234.143
162918625,2072741.228
162919068,224381.957
162919274,38876.988
162919600,135333.115
162922914,7553893.566
162922945,1595349.137
162923089,46874.731
162923149,134931.412
162923192,4141688.902
162923259,714364.785
162923287,7827719.027
162923448,1704970.973
162923551,609852.167
162923857,3297346.559
162924045,386153.403
162924353,2297798.314
162924385,384040.646
162924447,4012457.733
162924490,192225.065
162924758,273198.045
162924863,634032.342
162924936,2951576.302
162925027,3783014.101
162925085,6814.857
162925161,2491054.67
162925217,6094.215
162925240,284732.222
162925305,1984666.087
162925652,2232069.509
162925980,4849764.995
162926133,282968.096
163021569,47385.418
164527512,880968.261
164691422,229486.128
168626955,32.875
168962425,647916.048
169229426,18049.622
169229923,2649760.963
169231349,6041.149
169232956,573183.159
169233669,1948665.453
169234201,313882.243
169234837,5632.45
169234885,732203.847
169236406,33700.123
169236848,207842.618
169237868,103076.438
169243577,1059385.97
169473392,107890.762
169755340,1281595.772
169760690,286034.223
170254007,225680.255
170254095,1154871.826
170254118,1528679.276
170254493,3487720.407
170254610,848282.69
170254989,1003646.046
170255047,6051130.018
170255203,3680238.586
170255263,6248304.818
170255324,3198301.326
170255367,8018471.819
170256591,2579954.952
170256727,3366932.855
170256742,5544155.124
170257097,1317186.286
170257477,4654966.093
170257837,372907.895
170258948,72721.933
170259010,127591.01
170259073,879080.4
170259224,352250.628
170259267,2697387.619
170259364,489495.246
170276778,1400769.625
170277078,459083.879
170277278,567793.406
170277379,649434.118
170277508,3170968.418
170277559,255239
170277598,1255845.922
170277637,621179.881
170277741,5627.457
170278160,4615581.519
170278276,809517.864
170278421,1060677.632
170293101,5389207.14
170293285,193715.56
170293297,1403945.983
170293309,1230294.6
170293402,245554.976
170293451,307798.32
170293501,307798.32
170293622,1200353.113
170293656,48687.068
170293719,660290.834
170293733,1482742.777
170293812,57463.576
170294200,1144119.633
170294238,82005.434
170294254,1938335.045
170294263,298018.009
170669607,317957.563
170669722,2988911.639
170730081,390781.437
170730327,52140.478
170730371,37435.849
170730460,1561703.995
170730654,27958.879
170730663,2443058.75
170730674,3007711.526
170730685,2933269.627
170730698,22111.376
170730708,89565.6
170730723,305462.649
170754059,860462.207
170754156,87423.277
170754182,94896.287
170754344,4751.099
170757195,8848226.392
170759990,1268671.74
170765178,722633.853
170766737,165102.554
170771638,80488.183
171339305,989631.835
171339401,508278.421
171728748,146827.102
171729462,67.084
173140885,18552.125
175970827,65590.411
175979454,79235.266
176092140,4778.236
176108239,17924.1
176485629,7487.177
176485916,5979.08
176486023,577.532
176486052,14446.343
176486152,315413.545
176486201,137898.723
176486224,249.114
176486239,1925.786
176486255,8917.916
176486271,75031.834
176559231,22329.741
177301951,171684.238
177429528,2401.233
178144049,130552.27
178144352,4439.805
178144625,693410.981
178145340,1201257.105
178145699,1448005.523
178146049,365112.361
178146202,44570.986
179927344,1426199.105
179941082,1452586.559
179941433,1421182.173
179942022,521014.704
179942127,1436689.137
179943800,337220.386
179944047,1103025.504
179944196,531341.4
179944289,3444735.964
179944416,1765003.113
179944541,2782281.211
179945365,12388277.144
179946548,373706.086
179946647,996362.109
179946688,127110.622
179946888,2493002.553
180022425,807392.861
180023022,5325946.953
180502386,201235.78
181244306,325417.085
181244884,1233619.507
181500967,7478326.507
181501221,96203.982
181568721,22175198.428
183784866,58642.47
185198377,634577.085
185495181,228174.684
185662806,527353.527
190552041,40.663
197258574,2833.526
197733737,252249.923
197733990,60906.66
197735582,48278.643
198284208,4718023.809
198290445,4609593.487
198291114,8243313.839
198291337,4524246.176
198291571,295686.993
198291781,166854.479
198361338,23015.074
198361668,6814752.884
198361985,11644189.173
198361988,160428.421
198362208,1644127.085
198362244,1862754.735
198362478,8895398.59
198362496,5729336.286
198362499,2904406.841
198362786,4620487.07
198362795,947677.451
198363108,16517050.512
198363275,91590.409
198363429,977409.105
198363471,4209008.991
198363572,10369242.559
198363645,45136.886
198364145,69168.515
198364266,9338202.262
198364412,2843568.705
198364599,3671743.972
198364897,355413.259
198364951,4642189.66
198365118,37400.062
198373224,1782278.331
198373241,8220053.242
198373278,1049848.078
198373312,45014.46
198373386,120732.91
198373896,125894.865
198374163,4930010.809
198374729,6807061.397
198374788,3334456.748
198375209,521797.532
198375460,5507176.523
198376833,333917.268
198376939,7265171.402
198376964,4719822.913
198377073,6134462.696
198377635,1054469.814
198377670,5872759.801
200322937,68255.113
201098826,2445010.028
201621105,239527.655
201629258,575691.114
203364219,1595259.709
206067914,3303059.724
206073989,10957.833
206073999,61601.702
206074009,33389.03
206074019,3113815.433
206074029,5286676.583
206074039,12308.031
206074049,420518.873
206074059,5720886.825
206074070,10919.029
206074080,2798.876
206074090,1667205.477
206074100,12978.843
206074110,136156.628
206074120,21536.771
206074130,15689.658
206074140,414256.636
206074150,24685.772
206074160,73442.933
206074170,30154.586
206074180,2706252.46
206074190,14834.082
206074200,40411.996
206074210,10371.055
206074220,149146.023
206074230,287605.902
206074240,308346.238
206074251,2321.914
206074261,7294.621
206074271,337532.55
206074281,923422.504
206074292,247184.723
206074302,127802.374
206074312,306142.12
206074322,347107.154
206074333,20595.655
206074343,533031.338
206074353,295169.31
206074373,14171567.245
206074398,2328328.728
206074408,307919.612
206074418,251426.658
206074428,1362442.443
206074438,848885.727
206074449,394957.883
206074459,25540.485
206074469,9966.858
206074479,431799.365
206074490,110339.432
206074500,4839445.726
206074510,120413.033
207613727,42257.682
207613857,62154.613
207614261,314864.696
207614384,69853.952
210901113,219355.01
210901439,35201.932
210901499,145836.4
210901532,35305.192
210901568,114390.27
210901624,45638.838
210901651,166114.068
210901679,154324.853
210901737,248398.826
210901799,33034.211
210902736,67970.704
210903074,109308.923
210903121,57981.081
210903161,212168.982
210903182,307919.611
210903291,16848.419
210903327,2357551.57
210903370,47922.502
210903404,22839.552
210903459,31331.158
210903484,44135.212
210903513,27544.315
210903579,4038110.034
210903609,307919.611
210903635,19266.98
210903664,32053.727
210903765,545448.916
210903803,335517.602
211665303,551330.177
211665334,1085676.734
211665591,21600.979
211714426,15160.152
211715807,91296.295
211716547,109738.752
211717877,4551.503
211718188,467696.688
211718882,18.081
212814626,31463.316
212866460,1475390.11
212943123,1975445.326
213319691,2430463.47
213319754,419621.556
213491657,19818880.997
213547584,18396874.394
213549931,2501825.55
214365805,14092.758
214365815,67186.182
214365825,30966.993
214365846,3551202.35
214365857,1429203.622
214365869,444647.992
214365879,574021.429
214365890,285538.217
214365901,448282.37
214365911,279354.863
214365921,146644.506
214365931,372516.304
214365942,1920017.043
214365957,1125657.689
214365967,1532682.994
214365984,420927.446
214365996,9823227.544
214366007,354616.772
214366021,415041.882
214366032,8040865.177
214366046,4356118.061
214366056,4334192.864
214366070,1106495.478
214366080,195673.944
214366091,890866.404
214366104,434918.998
214366115,1091212.458
214366125,8768195.096
214366137,1578692.957
214366148,10982603.503
214366161,1234482.382
214366172,4425379.61
214366182,3811543.277
214366192,541117.263
214366203,1413455.944
214366214,2764549.055
214366225,841824.911
214366246,4836374.927
214366258,1621773.838
214366269,1703635.508
214366284,143705.322
214366294,637450.205
214366308,203470.955
214366318,458523.042
214366328,170824.893
214366338,851085.501
214366349,109150.723
214366359,97014.614
214366369,302267.925
214366379,374906.352
214366389,8020899.991
214366401,7621.528
214366412,924221.897
214366424,5101811.047
214366435,11544072.825
214366451,897516.809
214366477,1241336.469
214366488,2662.06
214417427,26705.445
215686170,131865.049
215764369,61.771
215823373,49415.992
215824818,24162463.544
216558622,4838941.609
216558801,53641082.956
218630658,2119823.997
218630847,786828.251
218631185,2759971.912
218650505,3496908.182
218755947,92684.454
218755974,559984.001
218756059,19074306.951
218756142,2328302.947
218756449,75952.242
218756497,1726161.96
218756506,491640.386
218756772,717686.801
218756802,114184.831
218756814,114184.831
218756835,267918.814
218756864,16680.661
218756974,114184.831
218757170,398977.612
218757183,3763840.843
218757223,189066.243
218761650,18036204.746
218764304,20523068.844
218764849,19752302.065
218867596,3782265.98
218867639,6837253.69
218867652,3579557.493
219308115,744209.969
219308246,26.635
219308371,3537.243
219317214,19213.074
219317378,178299.823
219317955,421746.025
219318011,6507.368
219328070,505499.709
219358778,430665.825
219358889,20393578.159
219360074,353755.465
219360097,6715502.628
219360100,1413085.335
219360115,2495016.564
219360406,2397433.374
219360420,542682.673
219360746,100035.745
219360762,773326.844
219360796,48394.471
219360834,415257.107
219361189,48394.471
219361557,222852.213
219361603,287095.189
219361627,39274.798
219361656,7986979.007
219361692,7646297.393
219361780,11266930.723
219362305,45840.798
219362504,44130.996
219365839,3197046.596
219378635,10545823.758
219379503,736895.066
219379520,836111.964
219379539,1380339.221
219379542,85637.149
219379763,330162.917
219379838,1153565.382
219404671,13060314.671
219404791,14112.646
219405797,1980854.765
219406010,1127707.223
219406091,431456.948
219409385,287096.438
219410503,20363010.896
219534949,432469.556
219535194,323904.858
219535297,250317.825
219535329,60740.697
219535691,10438820.51
219536496,141728.314
219537746,18546.549
219538684,59779.312
219555536,20074.725
219555553,639473.334
219555671,442138.865
219555846,22109092.694
219555864,17464542.098
219555879,106822.274
219555890,22938.125
219555893,4348646.808
219555896,38100.178
219556079,5330539.742
219556082,431659.283
219556110,279707.463
219556124,912665.163
219556335,501605.154
219556679,159327.299
219556702,40317.048
219556705,703937.45
219556725,665549.428
219556728,16397.625
219556732,471373.148
219556745,286440.62
219556748,30418.207
219645759,1070119.96
219645763,50457.331
219645765,1146032.625
219645876,19266689.243
219645937,260903.274
219645964,31295.295
219646070,21501047.093
219646107,202228.064
219646182,22563907.989
219646279,18944475.047
219646681,103057.726
219646684,298107.144
219676264,2324811.679
219803038,33121.595
220639457,203087.403
220639634,29964.051
220640000,29547.868
220640169,21618.306
220640319,39540.205
220640473,29664.697
220640707,178107.283
220640824,169904.451
220640845,169904.451
220640876,169904.451
220641049,27346.062
220641082,56005.721
220641121,27015.194
220641177,59626.385
220641231,35601.658
220641262,169904.451
220641282,30831.43
220641682,64528.263
220641754,45796.353
220641817,203087.403
220641852,169904.451
220641916,63552.163
221231352,1872589.574
225274038,1188073.262
225274149,97014.714
225345598,785814.833
225345695,12760697.757
225469363,1145593.737
225469534,11718510.948
226538829,226862.672
227121688,3820.011
227121877,20246.592
227121901,6593.467
227121966,1436.662
227122183,434504.699
227122209,1691.36
228540293,11488236.335
228542038,14224651.798
230026276,41197644.406
230027154,59966387.824
233303616,7819204.761
233304000,5611694.246
233304336,3380583.443
234768980,1756.881
234769150,343.48
240973336,8973453.746
241131980,7968322.249
241132565,3145384.321
241132577,586646.053
241132588,1029259.282
241132598,113560.351
241132608,1631141.597
241132619,8217926.558
241132630,380081.222
241132640,317734.506
241132650,105705.203
241132660,904083.428
241132673,623563.755
241132683,1633583.108
241132694,5578.082
241132705,1937822.226
241132716,249496.231
241132727,466769.385
241132737,164133.037
241132747,24821.297
241132757,31368.966
241132767,48302.28
241132777,19668.358
241132787,635304.232
241132797,22293.876
241132807,15642513.654
241132819,2062331.976
241132830,2988173.598
241132840,548029.201
241132850,5157722.676
241132860,137049.065
241132871,1322360.086
241132883,597717.044
241132895,422138.102
241132905,152729.843
241132955,7010359.938
241132966,5860680.12
241132977,3379321.142
241132989,9012562.182
241133000,6316474.048
241133012,7128028.346
241133023,11702681.139
241133036,1732452.112
241133047,993017.62
241133058,229677.38
241133069,897885.201
241133080,431324.538
241133093,7229834.849
241133103,449975.035
241133114,256962.239
241133144,689519.245
241133155,787756.612
241133167,331473.012
241133178,501017.162
241133189,392672.493
241133199,3870241.813
241133212,1228551.824
241133225,604107.273
241133235,2892364.055
241133245,6057997.299
241133255,120746.871
241133265,148284.325
241133275,122523.749
241133288,3559365.495
241133298,1551205.257
241133308,161117.863
241133318,397533.26
241133328,87714.694
241133338,54516.629
241133348,51988.602
241133358,4789587.337
241133369,558356.386
241133379,111949.812
241133389,438318.408
241133399,1505875.628
241133409,259358.223
241133419,893704.628
241133429,467777.077
241133440,214547.233
241133450,699965.709
241133460,1673149.266
241133470,420607.686
241133480,616791.35
241133490,1408094.905
241133501,1371846.067
241133511,2096525.238
241133521,4473847.801
241133532,10152053.635
241133544,74644.695
241133554,280150.947
241133564,1910912.944
241133575,3353799.026
241133586,4729369.078
241133596,987406.432
241133606,103999.196
241133616,1051973.741
241133628,1784890.681
241133638,64865.988
241133648,7964517.677
241133659,1419304.915
241133670,108818.287
241133680,25722.508
241133693,26783.03
241133703,7942365.943
241133713,5921726.328
241133724,6414766.65
241133735,463540.112
241133745,5873767.579
241133755,20153.713
241133766,31910.398
241133776,49810.645
241133787,27949.412
241133799,799366.662
241133809,53701.461
241133820,1389938.017
241133831,4029990.123
241133841,8052284.817
241133852,308550.883
241133862,1647614.684
241133873,9612954.118
241133885,1031906.215
241133896,2110655.007
241133906,93024621.944
241133918,449654.517
241133929,10497455.631
241133941,8374341.172
241133952,6008938.364
241133962,144800.127
241133972,611517.44
241133984,2401629.987
241133996,2973910.529
241134007,1488665.34
241134018,1500871.322
241134030,419117.866
241134041,7285678.617
241134052,1128271.926
241134063,630655.511
241134073,911126.66
241134085,571136.391
241134097,369939.678
241134108,773456.564
241134120,171677.329
241134131,203776.537
241134142,12581183.345
241134153,4783203.431
241134164,1014876.29
241134175,175266.918
241134185,2303677.492
241134196,1552780.533
241134206,430313.268
241134217,5973415.609
241134229,1205165.904
241134240,584576.421
241134250,3540633.19
241134261,1252704.27
241134272,474399.618
241134283,328501.493
241134293,775649.677
241134303,1012555.66
241134313,2387111.362
241134323,4815142.769
241134333,6110345.512
241134343,2886550.798
241134353,97051.727
241134363,1794351.409
241134373,161977.446
241134383,9628347.591
241146973,315040.452
241146983,381929.138
241146993,169252.216
241147008,93156.041
241147019,616329.207
241147040,39000.502
241147051,767218.729
241147061,32032.925
241147071,41645.094
241147081,951021.726
241147092,13225.264
241147112,107687.182
241147122,12878.293
241147142,1657186.014
241147152,264021.289
241147163,670310.981
241147173,33348.571
241147188,198564.169
241147199,14781.166
241147209,342334.809
241147219,14940.238
241147229,21256.369
241147239,20084.3
241147249,45498.705
241147259,53850.901
241147269,17009.257
241147280,83695.917
241147290,7962.8
241147300,183895.599
241147310,19590.88
241147320,11592.526
241147330,25432.629
241147340,58318.021
241147350,37432.461
241147360,172207.804
241147370,1258303.46
241147380,37742.72
241147396,9512.758
241147406,1748115.625
241147416,59463.818
241147426,333065.095
241147436,35158.89
241147447,33654.202
241147458,110470.935
241147468,114142.386
241147488,59930.445
241147498,11370.444
241147508,168925.373
241147518,18410.167
241147528,474764.755
241147538,16772.674
241147548,2174328.335
241147559,18028.221
241147570,12359.593
241147581,112708.964
241147591,971316.738
241147602,326516.682
241147612,21031.983
241147622,39274.787
241147632,31513.812
241147642,440524.252
241147652,39437.058
241147662,16256.914
241147672,739738.688
241147683,406535.901
241147693,426967.802
241147724,24420.684
241147734,155838.077
241147744,1563094.686
241147754,325742.139
241147765,266416.477
241147776,676469.195
241147786,28469.334
241147796,1041725.909
241147815,49432.77
241147825,23237.669
241147835,33182.951
241147845,287400.262
241147855,156627.873
241147865,598557.382
241147875,617607.892
241147886,899137.084
241147896,526673.889
241147906,593633.058
241147920,20064.861
241147930,24263.061
241147940,84331.269
241147950,19173.148
241147960,52355.764
241147970,241376.591
241147980,473412.498
241147990,111191.777
241148000,442334.732
241148021,111754.189
241148031,14843.021
241148041,51836.527
241148051,460582.761
241148062,3321766.068
241148072,7999.134
241148082,103669.239
241148092,775367.733
241148112,3344.125
241148122,17905.536
241148132,35954.734
241148142,19912.639
241148152,371529.907
241148163,323692.843
241148189,556888.325
241148201,916342.623
241148222,8545.882
241148232,1187.864
241148242,78253.205
241148253,7044.64
241148263,63995.94
241148276,11762.942
241148286,17520.777
241148296,90624.852
241148310,410414.801
241148321,1329698.154
241148333,16283.136
241148343,661243.476
241148354,1416619.497
241148364,29133.84
241148374,35936.915
241148384,1465374.608
241148394,209401.346
241148404,15756.68
241148414,951531.971
241148424,3080.619
241148434,15282.585
241148445,56059.704
241148455,1088787.445
241148465,677215.823
241148476,14224.278
241148486,59513.258
241148496,245107.4
241148507,70807.297
241148517,1816218.066
241148527,660393.305
241148538,3591583.684
241148548,19640.809
241148558,11422.011
241148568,23302.665
241148578,25855.96
241148588,411296.132
241148599,5126.21
241148609,8989.878
241148619,260591.353
241148629,176216.637
241148639,513739.709
241148652,290733.91
241148662,33182.951
241148674,1197976.587
241148684,973431.349
241148694,255255.531
241148704,851495.935
241148715,374574.65
241148727,227651.614
241148737,26226.303
241148747,6733.562
241148757,304662.974
241148767,106960.985
241148777,598010.027
241148787,33771.459
241148797,10546.244
241148807,9858.04
241148817,14019.082
241148827,49622.115
241148837,1230574.838
241148848,787534.421
241148859,25142.449
241148870,10188.164
241148880,28505.254
241148890,316462.797
241148902,7722.452
241148912,60939.272
241148923,34709.049
241148933,8495.351
241148946,439449.823
241148957,92604.566
241148967,185812.649
241148977,460003.794
241148990,822374.028
241149003,568831.414
241149025,793291.425
241149035,21546.409
241149045,27114.286
241149055,249509.181
241149065,10938.675
241149075,18142.845
241149085,14168.799
241149097,50304.962
241149107,629810.024
241149118,1806900.156
241149129,529245.333
241149141,74940.406
241149152,864528.227
241149163,27953.149
241149173,288473.788
241149183,209206.108
241149193,213399.151
241149203,14850.985
241149214,13758.426
241149226,31034.929
241149236,82210.835
241149247,10019.008
241149261,306848.689
241149272,70766.259
241149300,274822.172
241149310,1695485.153
241149320,464585.796
241149331,13500.05
241149344,131773.633
241149355,507452.425
241149378,327130.203
241149389,464106.129
241149401,203256.977
241149412,129903.959
241149424,28235.599
241149436,459324.112
241149447,128712.089
241149457,179288.999
241149467,542079.558
241149477,295710.033
241149488,365016.36
241149499,32765.486
241149509,217488.187
241149520,701119.137
241149531,172731.694
241149541,552553.134
241149551,177203.272
241149563,386278.286
241149575,284518.252
241149606,48540.472
241149616,206796.914
241149627,442510.66
241149637,35660.809
241149647,32839.727
241149659,366569.134
241149669,492832.5
241149679,154917.626
241149689,276611.456
241149699,1386808.353
241149719,28006.088
241149729,185969.495
241149739,119229.082
241149749,56520.8
241149759,34735.419
241149769,124517.495
241149779,577360.08
241149789,77409.585
241149799,84114.118
241149809,90016.18
241149819,26913.217
241149829,1116520.185
241149841,47456.925
241149852,10408.276
241149862,41635.056
241149874,763101.754
241149885,11203.591
241149895,20856.92
241149905,48813.255
241149915,77255.272
241149925,18632.009
241149935,36616.446
241149946,242614.997
241149962,347555.721
241149973,232949.958
241149984,498757.047
241149995,1184006.566
241150006,32379.576
241150016,7981.315
241150026,13858.191
241150036,191089.863
241150047,96489.248
241150058,118673.484
241150068,13992.371
241150079,139963.715
241150089,243193.461
241150204,14943.726
241150214,10704.519
241150224,12979.73
241150234,107012.961
241150249,68479.675
241150259,33182.951
241150269,213222.959
241150279,181840.079
241150289,528815.758
241150312,17688.381
241150322,519243.841
241150333,69954.586
241150343,4538.911
241150360,406179.626
241150370,29534.222
241150381,57886.164
241150391,24907.421
241150401,376105.419
241150412,152348.554
241150422,25902.804
241150433,15814.672
241150443,10804.043
241150455,744700.41
241150466,19051.363
241150477,502953.706
241150488,195957.93
241150499,11495.795
241150509,10911.93
241150519,33898.388
241150539,7868.792
241150550,15560.215
241150560,46563.9
241150570,15493.175
241150585,33911.984
241150595,11337.101
241150605,22026.978
241150615,923555.029
241150625,51497.046
241150635,19779.6
241150648,13420.119
241150658,18802.479
241150678,14007.268
241150688,170655.871
241150698,689240.164
241150708,841417.235
241150720,134551.088
241150730,41023.996
241150751,17509.067
241150761,20078.283
241150772,23672.912
241150782,452305.606
241150792,39714.719
241150813,380954.901
241150823,26302.951
241150833,808316.524
241150844,168204.178
241150854,56362.767
241150864,108755.299
241150874,9245.466
241150884,55511.33
241150895,38070.251
241150906,40644.879
241150919,131298.652
241150929,19914.299
241150939,42746.107
241150949,18783.17
241150959,119334.763
241150969,47992.08
241150979,13170.578
241150991,753896.128
241151001,33861.403
241151011,60264.784
241151021,1398997.032
241151031,39868.64
241151041,1097104.571
241151051,1219952.949
241151063,44889.79
241151073,448933.483
241151083,46372.877
241151093,45543.854
241151103,282399.722
241151113,39792.831
241151123,102638.365
241151133,290897.949
241151143,12095.804
241151157,23935.985
241151167,158051.512
241151177,82536.885
241151187,560273.38
241151197,180297.943
241151208,128270.578
241151218,5239135.869
241151229,11361.861
241151240,1327737.465
241151260,3506342.897
241151270,1656541.748
241151292,18282.05
241151323,3455.726
241151562,15234.306
241151589,21902.976
241151623,77860.547
241151634,6174360.173
241151645,69724.182
241151667,534093.083
241151677,436269.06
241151687,387001.691
241151697,312076.062
241151707,59893.848
241151718,468395.064
241151729,176982.927
241151740,76236.829
241151750,33926.552
241151762,35390.585
241151778,29843.747
241151788,259158.653
241151799,520094.809
241151810,463370.142
241151827,15460.612
241151838,217907.475
241151848,509094.663
241151858,233446.325
241151868,178104.376
241151878,124296.664
241151888,93083.915
241151898,4171019.893
241151908,68706.68
241151918,300094.193
241151928,11885.534
241151938,53709.976
241151948,399440.744
241151958,24578.686
241151971,17904.133
241151981,15495.563
241151991,274008.013
241152001,71557.551
241152011,141734.311
241152021,96690.832
241152031,97014.714
241152075,188484.287
241152087,90585.824
241152100,386305.846
241152111,44195.55
241152122,192718.176
241152132,51098.659
241152142,2223763.624
241152161,1165524.596
241152172,25985.583
241152182,14902.935
241152212,628063.031
241152222,94342.83
241152232,323085.175
241152242,86505.745
241152252,43437.548
241152262,397324.76
241152272,512924.397
241152282,60678.048
241152292,19951.138
241152303,125349.077
241152314,929807.019
241152324,1283758.918
241152335,68144.901
241152347,73003.965
241152358,33802.203
241152368,971887.775
241152378,18397.6
241152388,509012.142
241152398,136176.115
241152408,54808.812
241152418,216331.493
241152429,336057.018
241152440,50957.174
241152450,758090.286
241152462,192095.465
241152472,169722.918
241152482,374353.426
241152493,9060.273
241152503,79327.937
241152514,326968.887
241152524,9241.207
241152534,8432.851
241152544,701163.12
241152555,247593.128
241152565,380741.405
241152597,609241.566
242121080,3567313.742
242158594,11172707.786
242222668,10154208.056
243924606,348376.342
246003888,16990073.069
246009782,840476.143
246011694,855968.54
246014055,2380652.943
249532191,68765.343
250270380,85052.661
250584055,6212.599
250584194,2134.023
250584311,56437.549
250584632,26.548
250585368,129.337
250587627,132.874
252245735,26445.603
252245812,155233.976
252246191,26907.102
252246435,227654.265
252562934,586818.007
252564031,2463112.825
252566898,1912663.184
252567062,281985.201
252730062,14018.191
252730089,353666.957
252730581,649147.361
252731041,437272.663
252731062,499660.802
252731079,65412.259
252731796,14938.373
252731894,126533.866
252732105,24927.479
252732348,33656.914
252732354,15729.594
252732406,296613.939
252732460,2831994.633
252732614,215271.869
252732664,548366.049
252732710,445879.965
252732783,98188.125
252732806,653207.838
252732832,11251.118
252732869,9625.166
252732948,23733.847
252732999,128284.03
252733159,12123.053
252733172,31194.52
253117160,593206.004
254251669,409411.164
254252554,238047.392
254253765,1417532.018
254253943,148848.56
254253956,189078.319
254254010,44264.879
254256613,1022749.912
254256661,116532.2
254256760,1145946.686
254257010,114461.81
254257301,1176762.285
254257555,21107298.495
254262414,20193209.443
254265312,704030.882
254266197,19010773.363
254271535,20145257.322
254273303,20550794.469
254274183,19787245.539
254277149,19483165.187
254348980,22543879.856
254351183,20332596.511
254371879,14053641.361
254412648,19556035.855
254415453,19981384.677
254415904,19624758.363
254416531,15244897.507
254416750,20890848.808
254419719,22462702.355
254420754,16412473.687
254422741,22410091.612
257332767,612.715
257333306,26534.317
257548227,414566.441
257549542,144888.313
258684981,96736.249
258689628,12627.722
258716332,256264.751
258746903,341278.893
259406860,21364791.95
261539473,29075.153
261540328,32173.422
261540595,49197.561
261540652,3815032.89
261540832,36566.536
261540853,151652.599
261541022,30290.762
261541051,169927.043
261541094,32262.592
261541199,273507.275
261541204,344011.857
261541217,41205.35
261541226,296984.503
261541251,25047.725
261541466,24045.544
261541476,314924.519
261541812,377750.773
261541929,59019.131
261541943,30007.621
261541976,48689.268
261542185,241165.36
261542226,181980.467
261542235,1237349.218
261542280,491082.734
261542305,147049.837
261542348,1535383.007
261542356,12016.696
261542454,489322.24
261542484,9098.049
261542487,91879.627
261542594,10952.185
261542598,9692.169
261542618,1405096.17
261542652,4846135.139
261542665,214776.935
261542680,528218.39
261542725,313278.894
261542779,520180.187
261542826,34092.492
261542851,233874.166
261542861,22507.91
261542865,72126.204
261542906,52918.405
261543726,309858.241
261543758,98508.121
261543781,6275661.111
261543926,10802.549
261543940,22019.013
261543943,26234.039
261543998,43647.709
261544028,10412.999
261544105,75393.45
261552481,142077.562
274979439,2820518.821
274981122,361861.953
274981827,1585421.895
274982836,137656.401
274984062,180757.908
274985026,348354.416
274985417,1419047.896
274985841,39473.488
274987900,294844.684
