iucn_sid,count,code,country,presence
19861,2,AD,Andorra,Extant
12419,2,AD,Andorra,Extant
19488,32,AE,United Arab Emirates,Extant
39378,32,AE,United Arab Emirates,Extant
39381,32,AE,United Arab Emirates,Extant
8005,32,AE,United Arab Emirates,Extant
2476,32,AE,United Arab Emirates,Extant
9461,32,AE,United Arab Emirates,Extant
11047,32,AE,United Arab Emirates,Extant
11048,32,AE,United Arab Emirates,Extant
11140,32,AE,United Arab Emirates,Extant
13006,32,AE,United Arab Emirates,Extant
15421,32,AE,United Arab Emirates,Extant
20729,32,AE,United Arab Emirates,Extant
20731,32,AE,United Arab Emirates,Extant
23211,32,AE,United Arab Emirates,Extant
41714,32,AE,United Arab Emirates,Extant
39375,32,AE,United Arab Emirates,Extant
22692146,32,AE,United Arab Emirates,Extant
3897,32,AE,United Arab Emirates,Extant
18596,32,AE,United Arab Emirates,Extant
22698209,32,AE,United Arab Emirates,Extant
20733,32,AE,United Arab Emirates,Extant
22563,32,AE,United Arab Emirates,Extant
6909,32,AE,United Arab Emirates,Extant
41755,32,AE,United Arab Emirates,Extant
39365,32,AE,United Arab Emirates,Extant
39384,32,AE,United Arab Emirates,Extant
20738,32,AE,United Arab Emirates,Extant
134817215,32,AE,United Arab Emirates,Extant
22696495,32,AE,United Arab Emirates,Extant
3855,32,AE,United Arab Emirates,Extant
39339,32,AE,United Arab Emirates,Extant
4615,32,AE,United Arab Emirates,Extant
22692146,4,AF,Afghanistan,Extant
22696495,4,AF,Afghanistan,Extant
15955,4,AF,Afghanistan,Extant
12419,4,AF,Afghanistan,Extant
19488,38,AG,Antigua and Barbuda,Extant
39341,38,AG,Antigua and Barbuda,Extant
39378,38,AG,Antigua and Barbuda,Extant
39381,38,AG,Antigua and Barbuda,Extant
60217,38,AG,Antigua and Barbuda,Extant
60225,38,AG,Antigua and Barbuda,Extant
11534,38,AG,Antigua and Barbuda,Extant
8005,38,AG,Antigua and Barbuda,Extant
6494,38,AG,Antigua and Barbuda,Extant
2474,38,AG,Antigua and Barbuda,Extant
2476,38,AG,Antigua and Barbuda,Extant
8551,38,AG,Antigua and Barbuda,Extant
9249,38,AG,Antigua and Barbuda,Extant
9461,38,AG,Antigua and Barbuda,Extant
11047,38,AG,Antigua and Barbuda,Extant
11048,38,AG,Antigua and Barbuda,Extant
11140,38,AG,Antigua and Barbuda,Extant
13006,38,AG,Antigua and Barbuda,Extant
13244,38,AG,Antigua and Barbuda,Extant
15421,38,AG,Antigua and Barbuda,Extant
16564,38,AG,Antigua and Barbuda,Extant
20729,38,AG,Antigua and Barbuda,Extant
20731,38,AG,Antigua and Barbuda,Extant
23211,38,AG,Antigua and Barbuda,Extant
190409,38,AG,Antigua and Barbuda,Extant
191108,38,AG,Antigua and Barbuda,Extant
18596,38,AG,Antigua and Barbuda,Extant
22698209,38,AG,Antigua and Barbuda,Extant
20733,38,AG,Antigua and Barbuda,Extant
22563,38,AG,Antigua and Barbuda,Extant
41755,38,AG,Antigua and Barbuda,Extant
20738,38,AG,Antigua and Barbuda,Extant
181500967,38,AG,Antigua and Barbuda,Extant
4292,38,AG,Antigua and Barbuda,Extant
134817215,38,AG,Antigua and Barbuda,Extant
3855,38,AG,Antigua and Barbuda,Extant
39339,38,AG,Antigua and Barbuda,Extant
4615,38,AG,Antigua and Barbuda,Extant
19488,37,AI,Anguilla,Extant
39341,37,AI,Anguilla,Extant
39378,37,AI,Anguilla,Extant
39381,37,AI,Anguilla,Extant
60217,37,AI,Anguilla,Extant
60225,37,AI,Anguilla,Extant
6494,37,AI,Anguilla,Extant
2474,37,AI,Anguilla,Extant
2476,37,AI,Anguilla,Extant
8551,37,AI,Anguilla,Extant
9249,37,AI,Anguilla,Extant
9461,37,AI,Anguilla,Extant
11047,37,AI,Anguilla,Extant
11048,37,AI,Anguilla,Extant
11140,37,AI,Anguilla,Extant
13006,37,AI,Anguilla,Extant
13244,37,AI,Anguilla,Extant
15421,37,AI,Anguilla,Extant
16564,37,AI,Anguilla,Extant
20729,37,AI,Anguilla,Extant
20731,37,AI,Anguilla,Extant
23211,37,AI,Anguilla,Extant
190409,37,AI,Anguilla,Extant
3897,37,AI,Anguilla,Extant
191108,37,AI,Anguilla,Extant
18596,37,AI,Anguilla,Extant
22698209,37,AI,Anguilla,Extant
20733,37,AI,Anguilla,Extant
22563,37,AI,Anguilla,Extant
41755,37,AI,Anguilla,Extant
20738,37,AI,Anguilla,Extant
181500967,37,AI,Anguilla,Extant
4292,37,AI,Anguilla,Extant
134817215,37,AI,Anguilla,Extant
3855,37,AI,Anguilla,Extant
39339,37,AI,Anguilla,Extant
4615,37,AI,Anguilla,Extant
39341,25,AL,Albania,Extant
39381,25,AL,Albania,Extant
187752,25,AL,Albania,Extant
198568,25,AL,Albania,Extant
190710,25,AL,Albania,Extant
6494,25,AL,Albania,Extant
9461,25,AL,Albania,Extant
20731,25,AL,Albania,Extant
23211,25,AL,Albania,Extant
16580,25,AL,Albania,Extant
135631,25,AL,Albania,Extant
22692146,25,AL,Albania,Extant
3897,25,AL,Albania,Extant
170759990,25,AL,Albania,Extant
198583,25,AL,Albania,Extant
22563,25,AL,Albania,Extant
41755,25,AL,Albania,Extant
20738,25,AL,Albania,Extant
4292,25,AL,Albania,Extant
134817215,25,AL,Albania,Extant
22696495,25,AL,Albania,Extant
3855,25,AL,Albania,Extant
39339,25,AL,Albania,Extant
12419,25,AL,Albania,Extant
13653,25,AL,Albania,Extant
16580,6,AM,Armenia,Extant
135631,6,AM,Armenia,Extant
22692146,6,AM,Armenia,Extant
22696495,6,AM,Armenia,Extant
15955,6,AM,Armenia,Extant
12419,6,AM,Armenia,Extant
19488,41,AO,Angola,Extant
197461,41,AO,Angola,Extant
39341,41,AO,Angola,Extant
39378,41,AO,Angola,Extant
39381,41,AO,Angola,Extant
60225,41,AO,Angola,Extant
11534,41,AO,Angola,Extant
198568,41,AO,Angola,Extant
6494,41,AO,Angola,Extant
2476,41,AO,Angola,Extant
2478,41,AO,Angola,Extant
2480,41,AO,Angola,Extant
8551,41,AO,Angola,Extant
9249,41,AO,Angola,Extant
9250,41,AO,Angola,Extant
9461,41,AO,Angola,Extant
11047,41,AO,Angola,Extant
11048,41,AO,Angola,Extant
11140,41,AO,Angola,Extant
13006,41,AO,Angola,Extant
13244,41,AO,Angola,Extant
15421,41,AO,Angola,Extant
16564,41,AO,Angola,Extant
20729,41,AO,Angola,Extant
20731,41,AO,Angola,Extant
23211,41,AO,Angola,Extant
3897,41,AO,Angola,Extant
2475,41,AO,Angola,Extant
18596,41,AO,Angola,Extant
22698209,41,AO,Angola,Extant
2477,41,AO,Angola,Extant
20733,41,AO,Angola,Extant
22563,41,AO,Angola,Extant
41755,41,AO,Angola,Extant
11146,41,AO,Angola,Extant
20738,41,AO,Angola,Extant
4292,41,AO,Angola,Extant
134817215,41,AO,Angola,Extant
3855,41,AO,Angola,Extant
39339,41,AO,Angola,Extant
4615,41,AO,Angola,Extant
2474,16,AQ,Antarctica,Extant
2478,16,AQ,Antarctica,Extant
2480,16,AQ,Antarctica,Extant
8153,16,AQ,Antarctica,Extant
9250,16,AQ,Antarctica,Extant
10708,16,AQ,Antarctica,Extant
11144,16,AQ,Antarctica,Extant
13006,16,AQ,Antarctica,Extant
13247,16,AQ,Antarctica,Extant
13249,16,AQ,Antarctica,Extant
15421,16,AQ,Antarctica,Extant
23211,16,AQ,Antarctica,Extant
41715,16,AQ,Antarctica,Extant
22698209,16,AQ,Antarctica,Extant
41755,16,AQ,Antarctica,Extant
2762,16,AQ,Antarctica,Extant
11200,48,AR,Argentina,Extant
19488,48,AR,Argentina,Extant
39341,48,AR,Argentina,Extant
39381,48,AR,Argentina,Extant
6494,48,AR,Argentina,Extant
2474,48,AR,Argentina,Extant
2476,48,AR,Argentina,Extant
2478,48,AR,Argentina,Extant
2480,48,AR,Argentina,Extant
3778,48,AR,Argentina,Extant
8153,48,AR,Argentina,Extant
9250,48,AR,Argentina,Extant
9461,48,AR,Argentina,Extant
10708,48,AR,Argentina,Extant
11047,48,AR,Argentina,Extant
11048,48,AR,Argentina,Extant
11140,48,AR,Argentina,Extant
11144,48,AR,Argentina,Extant
12126,48,AR,Argentina,Extant
13006,48,AR,Argentina,Extant
13242,48,AR,Argentina,Extant
13244,48,AR,Argentina,Extant
13247,48,AR,Argentina,Extant
13248,48,AR,Argentina,Extant
13249,48,AR,Argentina,Extant
15421,48,AR,Argentina,Extant
20729,48,AR,Argentina,Extant
20731,48,AR,Argentina,Extant
21500,48,AR,Argentina,Extant
23211,48,AR,Argentina,Extant
41715,48,AR,Argentina,Extant
19855,48,AR,Argentina,Extant
190409,48,AR,Argentina,Extant
3897,48,AR,Argentina,Extant
17978,48,AR,Argentina,Extant
2475,48,AR,Argentina,Extant
18596,48,AR,Argentina,Extant
22698209,48,AR,Argentina,Extant
2477,48,AR,Argentina,Extant
20733,48,AR,Argentina,Extant
22563,48,AR,Argentina,Extant
41755,48,AR,Argentina,Extant
11146,48,AR,Argentina,Extant
4292,48,AR,Argentina,Extant
2762,48,AR,Argentina,Extant
134817215,48,AR,Argentina,Extant
3855,48,AR,Argentina,Extant
39339,48,AR,Argentina,Extant
19488,34,AS,American Samoa,Extant
39341,34,AS,American Samoa,Extant
39378,34,AS,American Samoa,Extant
39381,34,AS,American Samoa,Extant
60225,34,AS,American Samoa,Extant
4592,34,AS,American Samoa,Extant
8005,34,AS,American Samoa,Extant
6494,34,AS,American Samoa,Extant
2476,34,AS,American Samoa,Extant
9249,34,AS,American Samoa,Extant
9461,34,AS,American Samoa,Extant
11047,34,AS,American Samoa,Extant
11048,34,AS,American Samoa,Extant
11140,34,AS,American Samoa,Extant
13006,34,AS,American Samoa,Extant
15421,34,AS,American Samoa,Extant
16564,34,AS,American Samoa,Extant
20729,34,AS,American Samoa,Extant
20731,34,AS,American Samoa,Extant
23211,34,AS,American Samoa,Extant
39375,34,AS,American Samoa,Extant
61339,34,AS,American Samoa,Extant
18596,34,AS,American Samoa,Extant
22698209,34,AS,American Samoa,Extant
20733,34,AS,American Samoa,Extant
22563,34,AS,American Samoa,Extant
41755,34,AS,American Samoa,Extant
39365,34,AS,American Samoa,Extant
39384,34,AS,American Samoa,Extant
20738,34,AS,American Samoa,Extant
4292,34,AS,American Samoa,Extant
3855,34,AS,American Samoa,Extant
39339,34,AS,American Samoa,Extant
4615,34,AS,American Samoa,Extant
16580,6,AT,Austria,Extant
19861,6,AT,Austria,Extant
135631,6,AT,Austria,Extant
22692146,6,AT,Austria,Extant
22696495,6,AT,Austria,Extant
12419,6,AT,Austria,Extant
11200,74,AU,Australia,Extant
19488,74,AU,Australia,Extant
39341,74,AU,Australia,Extant
39378,74,AU,Australia,Extant
39381,74,AU,Australia,Extant
60225,74,AU,Australia,Extant
11534,74,AU,Australia,Extant
170025,74,AU,Australia,Extant
178800,74,AU,Australia,Extant
4592,74,AU,Australia,Extant
8005,74,AU,Australia,Extant
6494,74,AU,Australia,Extant
49278407,74,AU,Australia,Extant
2474,74,AU,Australia,Extant
2476,74,AU,Australia,Extant
2478,74,AU,Australia,Extant
2480,74,AU,Australia,Extant
3778,74,AU,Australia,Extant
8153,74,AU,Australia,Extant
8551,74,AU,Australia,Extant
9249,74,AU,Australia,Extant
9250,74,AU,Australia,Extant
9461,74,AU,Australia,Extant
10708,74,AU,Australia,Extant
11047,74,AU,Australia,Extant
11048,74,AU,Australia,Extant
11140,74,AU,Australia,Extant
11144,74,AU,Australia,Extant
12126,74,AU,Australia,Extant
13006,74,AU,Australia,Extant
13242,74,AU,Australia,Extant
13244,74,AU,Australia,Extant
13247,74,AU,Australia,Extant
13248,74,AU,Australia,Extant
13249,74,AU,Australia,Extant
15421,74,AU,Australia,Extant
16564,74,AU,Australia,Extant
20729,74,AU,Australia,Extant
20731,74,AU,Australia,Extant
21500,74,AU,Australia,Extant
23211,74,AU,Australia,Extant
40635,74,AU,Australia,Extant
41714,74,AU,Australia,Extant
41715,74,AU,Australia,Extant
16580,74,AU,Australia,Extant
39375,74,AU,Australia,Extant
19855,74,AU,Australia,Extant
61339,74,AU,Australia,Extant
3897,74,AU,Australia,Extant
136315,74,AU,Australia,Extant
39338,74,AU,Australia,Extant
127827012,74,AU,Australia,Extant
2475,74,AU,Australia,Extant
18596,74,AU,Australia,Extant
22698209,74,AU,Australia,Extant
195502,74,AU,Australia,Extant
196303,74,AU,Australia,Extant
2477,74,AU,Australia,Extant
20733,74,AU,Australia,Extant
22563,74,AU,Australia,Extant
6909,74,AU,Australia,Extant
41755,74,AU,Australia,Extant
39365,74,AU,Australia,Extant
39384,74,AU,Australia,Extant
11146,74,AU,Australia,Extant
20738,74,AU,Australia,Extant
193989455,74,AU,Australia,Extant
4292,74,AU,Australia,Extant
2762,74,AU,Australia,Extant
134817215,74,AU,Australia,Extant
14363,74,AU,Australia,Extant
3855,74,AU,Australia,Extant
39339,74,AU,Australia,Extant
4615,74,AU,Australia,Extant
19488,34,AW,Aruba,Extant
39341,34,AW,Aruba,Extant
39378,34,AW,Aruba,Extant
39381,34,AW,Aruba,Extant
60217,34,AW,Aruba,Extant
60225,34,AW,Aruba,Extant
6494,34,AW,Aruba,Extant
2476,34,AW,Aruba,Extant
8551,34,AW,Aruba,Extant
9249,34,AW,Aruba,Extant
9461,34,AW,Aruba,Extant
11047,34,AW,Aruba,Extant
11048,34,AW,Aruba,Extant
11140,34,AW,Aruba,Extant
13006,34,AW,Aruba,Extant
13244,34,AW,Aruba,Extant
15421,34,AW,Aruba,Extant
16564,34,AW,Aruba,Extant
20729,34,AW,Aruba,Extant
20731,34,AW,Aruba,Extant
23211,34,AW,Aruba,Extant
190409,34,AW,Aruba,Extant
3897,34,AW,Aruba,Extant
191108,34,AW,Aruba,Extant
18596,34,AW,Aruba,Extant
20733,34,AW,Aruba,Extant
22563,34,AW,Aruba,Extant
41755,34,AW,Aruba,Extant
20738,34,AW,Aruba,Extant
181500967,34,AW,Aruba,Extant
4292,34,AW,Aruba,Extant
134817215,34,AW,Aruba,Extant
3855,34,AW,Aruba,Extant
39339,34,AW,Aruba,Extant
16580,7,AZ,Azerbaijan,Extant
135631,7,AZ,Azerbaijan,Extant
22692146,7,AZ,Azerbaijan,Extant
170759990,7,AZ,Azerbaijan,Extant
22696495,7,AZ,Azerbaijan,Extant
15955,7,AZ,Azerbaijan,Extant
12419,7,AZ,Azerbaijan,Extant
11200,21,BA,Bosnia and Herzegovina,Extant
39381,21,BA,Bosnia and Herzegovina,Extant
6494,21,BA,Bosnia and Herzegovina,Extant
9461,21,BA,Bosnia and Herzegovina,Extant
20731,21,BA,Bosnia and Herzegovina,Extant
23211,21,BA,Bosnia and Herzegovina,Extant
16580,21,BA,Bosnia and Herzegovina,Extant
135631,21,BA,Bosnia and Herzegovina,Extant
22692146,21,BA,Bosnia and Herzegovina,Extant
170759990,21,BA,Bosnia and Herzegovina,Extant
18596,21,BA,Bosnia and Herzegovina,Extant
22563,21,BA,Bosnia and Herzegovina,Extant
41755,21,BA,Bosnia and Herzegovina,Extant
20738,21,BA,Bosnia and Herzegovina,Extant
4292,21,BA,Bosnia and Herzegovina,Extant
134817215,21,BA,Bosnia and Herzegovina,Extant
22696495,21,BA,Bosnia and Herzegovina,Extant
3855,21,BA,Bosnia and Herzegovina,Extant
39339,21,BA,Bosnia and Herzegovina,Extant
12419,21,BA,Bosnia and Herzegovina,Extant
13653,21,BA,Bosnia and Herzegovina,Extant
19488,36,BB,Barbados,Extant
39341,36,BB,Barbados,Extant
39378,36,BB,Barbados,Extant
39381,36,BB,Barbados,Extant
60217,36,BB,Barbados,Extant
60225,36,BB,Barbados,Extant
8005,36,BB,Barbados,Extant
6494,36,BB,Barbados,Extant
2476,36,BB,Barbados,Extant
8551,36,BB,Barbados,Extant
9249,36,BB,Barbados,Extant
9461,36,BB,Barbados,Extant
11047,36,BB,Barbados,Extant
11048,36,BB,Barbados,Extant
11140,36,BB,Barbados,Extant
13006,36,BB,Barbados,Extant
13244,36,BB,Barbados,Extant
15421,36,BB,Barbados,Extant
16564,36,BB,Barbados,Extant
20729,36,BB,Barbados,Extant
20731,36,BB,Barbados,Extant
23211,36,BB,Barbados,Extant
190409,36,BB,Barbados,Extant
3897,36,BB,Barbados,Extant
191108,36,BB,Barbados,Extant
18596,36,BB,Barbados,Extant
22698209,36,BB,Barbados,Extant
20733,36,BB,Barbados,Extant
22563,36,BB,Barbados,Extant
41755,36,BB,Barbados,Extant
20738,36,BB,Barbados,Extant
181500967,36,BB,Barbados,Extant
4292,36,BB,Barbados,Extant
3855,36,BB,Barbados,Extant
39339,36,BB,Barbados,Extant
4615,36,BB,Barbados,Extant
19488,43,BD,Bangladesh,Extant
39341,43,BD,Bangladesh,Extant
39381,43,BD,Bangladesh,Extant
60225,43,BD,Bangladesh,Extant
11534,43,BD,Bangladesh,Extant
178800,43,BD,Bangladesh,Extant
6494,43,BD,Bangladesh,Extant
2476,43,BD,Bangladesh,Extant
8551,43,BD,Bangladesh,Extant
9249,43,BD,Bangladesh,Extant
9461,43,BD,Bangladesh,Extant
11047,43,BD,Bangladesh,Extant
11048,43,BD,Bangladesh,Extant
11140,43,BD,Bangladesh,Extant
13244,43,BD,Bangladesh,Extant
15421,43,BD,Bangladesh,Extant
16564,43,BD,Bangladesh,Extant
20729,43,BD,Bangladesh,Extant
20731,43,BD,Bangladesh,Extant
23211,43,BD,Bangladesh,Extant
41714,43,BD,Bangladesh,Extant
39375,43,BD,Bangladesh,Extant
22692146,43,BD,Bangladesh,Extant
3897,43,BD,Bangladesh,Extant
15419,43,BD,Bangladesh,Extant
82031425,43,BD,Bangladesh,Extant
169473392,43,BD,Bangladesh,Extant
18596,43,BD,Bangladesh,Extant
2477,43,BD,Bangladesh,Extant
20733,43,BD,Bangladesh,Extant
22563,43,BD,Bangladesh,Extant
6909,43,BD,Bangladesh,Extant
41755,43,BD,Bangladesh,Extant
12427,43,BD,Bangladesh,Extant
39365,43,BD,Bangladesh,Extant
20738,43,BD,Bangladesh,Extant
134817215,43,BD,Bangladesh,Extant
22696495,43,BD,Bangladesh,Extant
3855,43,BD,Bangladesh,Extant
39339,43,BD,Bangladesh,Extant
15955,43,BD,Bangladesh,Extant
12419,43,BD,Bangladesh,Extant
4615,43,BD,Bangladesh,Extant
11200,33,BE,Belgium,Extant
155123,33,BE,Belgium,Extant
187752,33,BE,Belgium,Extant
8784,33,BE,Belgium,Extant
198568,33,BE,Belgium,Extant
9660,33,BE,Belgium,Extant
17013,33,BE,Belgium,Extant
2474,33,BE,Belgium,Extant
2478,33,BE,Belgium,Extant
6335,33,BE,Belgium,Extant
9250,33,BE,Belgium,Extant
9461,33,BE,Belgium,Extant
11047,33,BE,Belgium,Extant
13006,33,BE,Belgium,Extant
15421,33,BE,Belgium,Extant
20731,33,BE,Belgium,Extant
23211,33,BE,Belgium,Extant
16580,33,BE,Belgium,Extant
19861,33,BE,Belgium,Extant
135631,33,BE,Belgium,Extant
19855,33,BE,Belgium,Extant
22692146,33,BE,Belgium,Extant
170759990,33,BE,Belgium,Extant
198583,33,BE,Belgium,Extant
18596,33,BE,Belgium,Extant
22698209,33,BE,Belgium,Extant
22563,33,BE,Belgium,Extant
41755,33,BE,Belgium,Extant
4292,33,BE,Belgium,Extant
134817215,33,BE,Belgium,Extant
39339,33,BE,Belgium,Extant
12419,33,BE,Belgium,Extant
17027,33,BE,Belgium,Extant
197461,1,BF,Burkina Faso,Extant
187752,13,BG,Bulgaria,Extant
198568,13,BG,Bulgaria,Extant
16580,13,BG,Bulgaria,Extant
135631,13,BG,Bulgaria,Extant
22692146,13,BG,Bulgaria,Extant
170759990,13,BG,Bulgaria,Extant
198583,13,BG,Bulgaria,Extant
22563,13,BG,Bulgaria,Extant
134817215,13,BG,Bulgaria,Extant
22696495,13,BG,Bulgaria,Extant
12419,13,BG,Bulgaria,Extant
13653,13,BG,Bulgaria,Extant
17027,13,BG,Bulgaria,Extant
19488,23,BH,Bahrain,Extant
39378,23,BH,Bahrain,Extant
39381,23,BH,Bahrain,Extant
8005,23,BH,Bahrain,Extant
6494,23,BH,Bahrain,Extant
2476,23,BH,Bahrain,Extant
9461,23,BH,Bahrain,Extant
11140,23,BH,Bahrain,Extant
13006,23,BH,Bahrain,Extant
15421,23,BH,Bahrain,Extant
20729,23,BH,Bahrain,Extant
41714,23,BH,Bahrain,Extant
22692146,23,BH,Bahrain,Extant
3897,23,BH,Bahrain,Extant
20733,23,BH,Bahrain,Extant
22563,23,BH,Bahrain,Extant
6909,23,BH,Bahrain,Extant
39365,23,BH,Bahrain,Extant
20738,23,BH,Bahrain,Extant
134817215,23,BH,Bahrain,Extant
22696495,23,BH,Bahrain,Extant
3855,23,BH,Bahrain,Extant
4615,23,BH,Bahrain,Extant
197461,2,BI,Burundi,Extant
22696495,2,BI,Burundi,Extant
19488,34,BJ,Benin,Extant
197461,34,BJ,Benin,Extant
39341,34,BJ,Benin,Extant
39378,34,BJ,Benin,Extant
39381,34,BJ,Benin,Extant
60225,34,BJ,Benin,Extant
11534,34,BJ,Benin,Extant
198568,34,BJ,Benin,Extant
6494,34,BJ,Benin,Extant
2476,34,BJ,Benin,Extant
8551,34,BJ,Benin,Extant
9249,34,BJ,Benin,Extant
9461,34,BJ,Benin,Extant
11047,34,BJ,Benin,Extant
11048,34,BJ,Benin,Extant
11140,34,BJ,Benin,Extant
13006,34,BJ,Benin,Extant
13244,34,BJ,Benin,Extant
15421,34,BJ,Benin,Extant
16564,34,BJ,Benin,Extant
20729,34,BJ,Benin,Extant
20731,34,BJ,Benin,Extant
23211,34,BJ,Benin,Extant
18596,34,BJ,Benin,Extant
22698209,34,BJ,Benin,Extant
20733,34,BJ,Benin,Extant
22563,34,BJ,Benin,Extant
41755,34,BJ,Benin,Extant
20738,34,BJ,Benin,Extant
4292,34,BJ,Benin,Extant
134817215,34,BJ,Benin,Extant
3855,34,BJ,Benin,Extant
39339,34,BJ,Benin,Extant
4615,34,BJ,Benin,Extant
39341,18,BL,Saint Barthélemy,Extant
39381,18,BL,Saint Barthélemy,Extant
60217,18,BL,Saint Barthélemy,Extant
60225,18,BL,Saint Barthélemy,Extant
2476,18,BL,Saint Barthélemy,Extant
11047,18,BL,Saint Barthélemy,Extant
11048,18,BL,Saint Barthélemy,Extant
13006,18,BL,Saint Barthélemy,Extant
13244,18,BL,Saint Barthélemy,Extant
15421,18,BL,Saint Barthélemy,Extant
16564,18,BL,Saint Barthélemy,Extant
20731,18,BL,Saint Barthélemy,Extant
190409,18,BL,Saint Barthélemy,Extant
3897,18,BL,Saint Barthélemy,Extant
191108,18,BL,Saint Barthélemy,Extant
20738,18,BL,Saint Barthélemy,Extant
3855,18,BL,Saint Barthélemy,Extant
39339,18,BL,Saint Barthélemy,Extant
11200,40,BM,Bermuda,Extant
39341,40,BM,Bermuda,Extant
39378,40,BM,Bermuda,Extant
39381,40,BM,Bermuda,Extant
60217,40,BM,Bermuda,Extant
60225,40,BM,Bermuda,Extant
6494,40,BM,Bermuda,Extant
2474,40,BM,Bermuda,Extant
2476,40,BM,Bermuda,Extant
2478,40,BM,Bermuda,Extant
9249,40,BM,Bermuda,Extant
9461,40,BM,Bermuda,Extant
11047,40,BM,Bermuda,Extant
11048,40,BM,Bermuda,Extant
11140,40,BM,Bermuda,Extant
13006,40,BM,Bermuda,Extant
13244,40,BM,Bermuda,Extant
15421,40,BM,Bermuda,Extant
16564,40,BM,Bermuda,Extant
20729,40,BM,Bermuda,Extant
20731,40,BM,Bermuda,Extant
23211,40,BM,Bermuda,Extant
190409,40,BM,Bermuda,Extant
3897,40,BM,Bermuda,Extant
191108,40,BM,Bermuda,Extant
2475,40,BM,Bermuda,Extant
18596,40,BM,Bermuda,Extant
22698209,40,BM,Bermuda,Extant
11533,40,BM,Bermuda,Extant
2477,40,BM,Bermuda,Extant
20733,40,BM,Bermuda,Extant
22563,40,BM,Bermuda,Extant
41755,40,BM,Bermuda,Extant
41712,40,BM,Bermuda,Extant
20738,40,BM,Bermuda,Extant
181500967,40,BM,Bermuda,Extant
4292,40,BM,Bermuda,Extant
3855,40,BM,Bermuda,Extant
39339,40,BM,Bermuda,Extant
4615,40,BM,Bermuda,Extant
19488,34,BN,Brunei Darussalam,Extant
39341,34,BN,Brunei Darussalam,Extant
60225,34,BN,Brunei Darussalam,Extant
11534,34,BN,Brunei Darussalam,Extant
178800,34,BN,Brunei Darussalam,Extant
6494,34,BN,Brunei Darussalam,Extant
8551,34,BN,Brunei Darussalam,Extant
9249,34,BN,Brunei Darussalam,Extant
9461,34,BN,Brunei Darussalam,Extant
11047,34,BN,Brunei Darussalam,Extant
11048,34,BN,Brunei Darussalam,Extant
11140,34,BN,Brunei Darussalam,Extant
13006,34,BN,Brunei Darussalam,Extant
13244,34,BN,Brunei Darussalam,Extant
15421,34,BN,Brunei Darussalam,Extant
16564,34,BN,Brunei Darussalam,Extant
20729,34,BN,Brunei Darussalam,Extant
20731,34,BN,Brunei Darussalam,Extant
23211,34,BN,Brunei Darussalam,Extant
41714,34,BN,Brunei Darussalam,Extant
39375,34,BN,Brunei Darussalam,Extant
61339,34,BN,Brunei Darussalam,Extant
15419,34,BN,Brunei Darussalam,Extant
41772,34,BN,Brunei Darussalam,Extant
82031425,34,BN,Brunei Darussalam,Extant
18596,34,BN,Brunei Darussalam,Extant
20733,34,BN,Brunei Darussalam,Extant
22563,34,BN,Brunei Darussalam,Extant
6909,34,BN,Brunei Darussalam,Extant
41755,34,BN,Brunei Darussalam,Extant
12427,34,BN,Brunei Darussalam,Extant
20738,34,BN,Brunei Darussalam,Extant
3855,34,BN,Brunei Darussalam,Extant
39339,34,BN,Brunei Darussalam,Extant
39341,34,BQ,"Bonaire, Sint Eustatius and Saba",Extant
39381,34,BQ,"Bonaire, Sint Eustatius and Saba",Extant
60217,34,BQ,"Bonaire, Sint Eustatius and Saba",Extant
60225,34,BQ,"Bonaire, Sint Eustatius and Saba",Extant
8005,34,BQ,"Bonaire, Sint Eustatius and Saba",Extant
6494,34,BQ,"Bonaire, Sint Eustatius and Saba",Extant
2476,34,BQ,"Bonaire, Sint Eustatius and Saba",Extant
8551,34,BQ,"Bonaire, Sint Eustatius and Saba",Extant
9249,34,BQ,"Bonaire, Sint Eustatius and Saba",Extant
9461,34,BQ,"Bonaire, Sint Eustatius and Saba",Extant
11047,34,BQ,"Bonaire, Sint Eustatius and Saba",Extant
11048,34,BQ,"Bonaire, Sint Eustatius and Saba",Extant
11140,34,BQ,"Bonaire, Sint Eustatius and Saba",Extant
13006,34,BQ,"Bonaire, Sint Eustatius and Saba",Extant
13244,34,BQ,"Bonaire, Sint Eustatius and Saba",Extant
15421,34,BQ,"Bonaire, Sint Eustatius and Saba",Extant
16564,34,BQ,"Bonaire, Sint Eustatius and Saba",Extant
20729,34,BQ,"Bonaire, Sint Eustatius and Saba",Extant
20731,34,BQ,"Bonaire, Sint Eustatius and Saba",Extant
23211,34,BQ,"Bonaire, Sint Eustatius and Saba",Extant
190409,34,BQ,"Bonaire, Sint Eustatius and Saba",Extant
3897,34,BQ,"Bonaire, Sint Eustatius and Saba",Extant
191108,34,BQ,"Bonaire, Sint Eustatius and Saba",Extant
18596,34,BQ,"Bonaire, Sint Eustatius and Saba",Extant
20733,34,BQ,"Bonaire, Sint Eustatius and Saba",Extant
22563,34,BQ,"Bonaire, Sint Eustatius and Saba",Extant
41755,34,BQ,"Bonaire, Sint Eustatius and Saba",Extant
20738,34,BQ,"Bonaire, Sint Eustatius and Saba",Extant
181500967,34,BQ,"Bonaire, Sint Eustatius and Saba",Extant
4292,34,BQ,"Bonaire, Sint Eustatius and Saba",Extant
134817215,34,BQ,"Bonaire, Sint Eustatius and Saba",Extant
3855,34,BQ,"Bonaire, Sint Eustatius and Saba",Extant
39339,34,BQ,"Bonaire, Sint Eustatius and Saba",Extant
4615,34,BQ,"Bonaire, Sint Eustatius and Saba",Extant
11200,56,BR,Brazil,Extant
19488,56,BR,Brazil,Extant
39341,56,BR,Brazil,Extant
39378,56,BR,Brazil,Extant
39381,56,BR,Brazil,Extant
60217,56,BR,Brazil,Extant
60225,56,BR,Brazil,Extant
11534,56,BR,Brazil,Extant
8005,56,BR,Brazil,Extant
42394,56,BR,Brazil,Extant
6494,56,BR,Brazil,Extant
2474,56,BR,Brazil,Extant
2476,56,BR,Brazil,Extant
2478,56,BR,Brazil,Extant
2480,56,BR,Brazil,Extant
8153,56,BR,Brazil,Extant
8551,56,BR,Brazil,Extant
9249,56,BR,Brazil,Extant
9250,56,BR,Brazil,Extant
9461,56,BR,Brazil,Extant
10708,56,BR,Brazil,Extant
11047,56,BR,Brazil,Extant
11048,56,BR,Brazil,Extant
11140,56,BR,Brazil,Extant
12126,56,BR,Brazil,Extant
13006,56,BR,Brazil,Extant
13244,56,BR,Brazil,Extant
13247,56,BR,Brazil,Extant
13248,56,BR,Brazil,Extant
13249,56,BR,Brazil,Extant
15421,56,BR,Brazil,Extant
16564,56,BR,Brazil,Extant
20729,56,BR,Brazil,Extant
20731,56,BR,Brazil,Extant
23211,56,BR,Brazil,Extant
41715,56,BR,Brazil,Extant
190409,56,BR,Brazil,Extant
3897,56,BR,Brazil,Extant
17978,56,BR,Brazil,Extant
39338,56,BR,Brazil,Extant
191108,56,BR,Brazil,Extant
2475,56,BR,Brazil,Extant
18596,56,BR,Brazil,Extant
22698209,56,BR,Brazil,Extant
2477,56,BR,Brazil,Extant
20733,56,BR,Brazil,Extant
22563,56,BR,Brazil,Extant
41755,56,BR,Brazil,Extant
20738,56,BR,Brazil,Extant
181500967,56,BR,Brazil,Extant
4292,56,BR,Brazil,Extant
2762,56,BR,Brazil,Extant
134817215,56,BR,Brazil,Extant
3855,56,BR,Brazil,Extant
39339,56,BR,Brazil,Extant
4615,56,BR,Brazil,Extant
19488,39,BS,Bahamas,Extant
39341,39,BS,Bahamas,Extant
39381,39,BS,Bahamas,Extant
60217,39,BS,Bahamas,Extant
60225,39,BS,Bahamas,Extant
8005,39,BS,Bahamas,Extant
6494,39,BS,Bahamas,Extant
49278407,39,BS,Bahamas,Extant
2474,39,BS,Bahamas,Extant
2476,39,BS,Bahamas,Extant
8551,39,BS,Bahamas,Extant
9249,39,BS,Bahamas,Extant
9461,39,BS,Bahamas,Extant
11047,39,BS,Bahamas,Extant
11048,39,BS,Bahamas,Extant
11140,39,BS,Bahamas,Extant
13006,39,BS,Bahamas,Extant
13244,39,BS,Bahamas,Extant
15421,39,BS,Bahamas,Extant
16564,39,BS,Bahamas,Extant
20729,39,BS,Bahamas,Extant
20731,39,BS,Bahamas,Extant
23211,39,BS,Bahamas,Extant
190409,39,BS,Bahamas,Extant
3897,39,BS,Bahamas,Extant
191108,39,BS,Bahamas,Extant
2475,39,BS,Bahamas,Extant
18596,39,BS,Bahamas,Extant
22698209,39,BS,Bahamas,Extant
20733,39,BS,Bahamas,Extant
22563,39,BS,Bahamas,Extant
41755,39,BS,Bahamas,Extant
20738,39,BS,Bahamas,Extant
181500967,39,BS,Bahamas,Extant
4292,39,BS,Bahamas,Extant
134817215,39,BS,Bahamas,Extant
3855,39,BS,Bahamas,Extant
39339,39,BS,Bahamas,Extant
4615,39,BS,Bahamas,Extant
22692146,5,BT,Bhutan,Extant
12427,5,BT,Bhutan,Extant
22696495,5,BT,Bhutan,Extant
15955,5,BT,Bhutan,Extant
12419,5,BT,Bhutan,Extant
2478,7,BV,Bouvet Island,Extant
8153,7,BV,Bouvet Island,Extant
9250,7,BV,Bouvet Island,Extant
11144,7,BV,Bouvet Island,Extant
12126,7,BV,Bouvet Island,Extant
13006,7,BV,Bouvet Island,Extant
22698209,7,BV,Bouvet Island,Extant
197461,1,BW,Botswana,Extant
16580,6,BY,Belarus,Extant
19861,6,BY,Belarus,Extant
19855,6,BY,Belarus,Extant
22692146,6,BY,Belarus,Extant
22696495,6,BY,Belarus,Extant
12419,6,BY,Belarus,Extant
19488,37,BZ,Belize,Extant
39341,37,BZ,Belize,Extant
39378,37,BZ,Belize,Extant
39381,37,BZ,Belize,Extant
60217,37,BZ,Belize,Extant
60225,37,BZ,Belize,Extant
8005,37,BZ,Belize,Extant
42394,37,BZ,Belize,Extant
6494,37,BZ,Belize,Extant
2476,37,BZ,Belize,Extant
8551,37,BZ,Belize,Extant
9249,37,BZ,Belize,Extant
9461,37,BZ,Belize,Extant
11047,37,BZ,Belize,Extant
11048,37,BZ,Belize,Extant
11140,37,BZ,Belize,Extant
13006,37,BZ,Belize,Extant
13244,37,BZ,Belize,Extant
15421,37,BZ,Belize,Extant
16564,37,BZ,Belize,Extant
20729,37,BZ,Belize,Extant
20731,37,BZ,Belize,Extant
23211,37,BZ,Belize,Extant
190409,37,BZ,Belize,Extant
3897,37,BZ,Belize,Extant
191108,37,BZ,Belize,Extant
18596,37,BZ,Belize,Extant
20733,37,BZ,Belize,Extant
22563,37,BZ,Belize,Extant
41755,37,BZ,Belize,Extant
20738,37,BZ,Belize,Extant
181500967,37,BZ,Belize,Extant
4292,37,BZ,Belize,Extant
134817215,37,BZ,Belize,Extant
3855,37,BZ,Belize,Extant
39339,37,BZ,Belize,Extant
4615,37,BZ,Belize,Extant
11200,56,CA,Canada,Extant
19488,56,CA,Canada,Extant
39341,56,CA,Canada,Extant
39381,56,CA,Canada,Extant
135301,56,CA,Canada,Extant
155123,56,CA,Canada,Extant
8784,56,CA,Canada,Extant
22823,56,CA,Canada,Extant
62225,56,CA,Canada,Extant
202415,56,CA,Canada,Extant
42394,56,CA,Canada,Extant
6494,56,CA,Canada,Extant
9660,56,CA,Canada,Extant
17013,56,CA,Canada,Extant
41672,56,CA,Canada,Extant
2467,56,CA,Canada,Extant
2474,56,CA,Canada,Extant
2478,56,CA,Canada,Extant
6335,56,CA,Canada,Extant
8097,56,CA,Canada,Extant
9249,56,CA,Canada,Extant
9250,56,CA,Canada,Extant
9461,56,CA,Canada,Extant
11047,56,CA,Canada,Extant
11048,56,CA,Canada,Extant
13006,56,CA,Canada,Extant
13244,56,CA,Canada,Extant
13704,56,CA,Canada,Extant
15421,56,CA,Canada,Extant
20731,56,CA,Canada,Extant
23211,56,CA,Canada,Extant
41711,56,CA,Canada,Extant
19861,56,CA,Canada,Extant
135631,56,CA,Canada,Extant
19855,56,CA,Canada,Extant
61743,56,CA,Canada,Extant
22692146,56,CA,Canada,Extant
98471199,56,CA,Canada,Extant
191108,56,CA,Canada,Extant
2475,56,CA,Canada,Extant
22694334,56,CA,Canada,Extant
18596,56,CA,Canada,Extant
22698209,56,CA,Canada,Extant
11533,56,CA,Canada,Extant
2477,56,CA,Canada,Extant
22563,56,CA,Canada,Extant
158625941,56,CA,Canada,Extant
41755,56,CA,Canada,Extant
41712,56,CA,Canada,Extant
181500967,56,CA,Canada,Extant
4292,56,CA,Canada,Extant
134817215,56,CA,Canada,Extant
13250,56,CA,Canada,Extant
3855,56,CA,Canada,Extant
39339,56,CA,Canada,Extant
17027,56,CA,Canada,Extant
39341,31,CC,Cocos (Keeling) Islands,Extant
39381,31,CC,Cocos (Keeling) Islands,Extant
60225,31,CC,Cocos (Keeling) Islands,Extant
4592,31,CC,Cocos (Keeling) Islands,Extant
2476,31,CC,Cocos (Keeling) Islands,Extant
8551,31,CC,Cocos (Keeling) Islands,Extant
9249,31,CC,Cocos (Keeling) Islands,Extant
9461,31,CC,Cocos (Keeling) Islands,Extant
11047,31,CC,Cocos (Keeling) Islands,Extant
11048,31,CC,Cocos (Keeling) Islands,Extant
13006,31,CC,Cocos (Keeling) Islands,Extant
13244,31,CC,Cocos (Keeling) Islands,Extant
15421,31,CC,Cocos (Keeling) Islands,Extant
16564,31,CC,Cocos (Keeling) Islands,Extant
20729,31,CC,Cocos (Keeling) Islands,Extant
20731,31,CC,Cocos (Keeling) Islands,Extant
23211,31,CC,Cocos (Keeling) Islands,Extant
39375,31,CC,Cocos (Keeling) Islands,Extant
61339,31,CC,Cocos (Keeling) Islands,Extant
18596,31,CC,Cocos (Keeling) Islands,Extant
2477,31,CC,Cocos (Keeling) Islands,Extant
20733,31,CC,Cocos (Keeling) Islands,Extant
22563,31,CC,Cocos (Keeling) Islands,Extant
6909,31,CC,Cocos (Keeling) Islands,Extant
41755,31,CC,Cocos (Keeling) Islands,Extant
39365,31,CC,Cocos (Keeling) Islands,Extant
39384,31,CC,Cocos (Keeling) Islands,Extant
20738,31,CC,Cocos (Keeling) Islands,Extant
3855,31,CC,Cocos (Keeling) Islands,Extant
39339,31,CC,Cocos (Keeling) Islands,Extant
4615,31,CC,Cocos (Keeling) Islands,Extant
19488,28,CD,"Congo, The Democratic Republic of the",Extant
197461,28,CD,"Congo, The Democratic Republic of the",Extant
198568,28,CD,"Congo, The Democratic Republic of the",Extant
6494,28,CD,"Congo, The Democratic Republic of the",Extant
2476,28,CD,"Congo, The Democratic Republic of the",Extant
2478,28,CD,"Congo, The Democratic Republic of the",Extant
8551,28,CD,"Congo, The Democratic Republic of the",Extant
9249,28,CD,"Congo, The Democratic Republic of the",Extant
9461,28,CD,"Congo, The Democratic Republic of the",Extant
11047,28,CD,"Congo, The Democratic Republic of the",Extant
11048,28,CD,"Congo, The Democratic Republic of the",Extant
11140,28,CD,"Congo, The Democratic Republic of the",Extant
13006,28,CD,"Congo, The Democratic Republic of the",Extant
13244,28,CD,"Congo, The Democratic Republic of the",Extant
15421,28,CD,"Congo, The Democratic Republic of the",Extant
16564,28,CD,"Congo, The Democratic Republic of the",Extant
20729,28,CD,"Congo, The Democratic Republic of the",Extant
20731,28,CD,"Congo, The Democratic Republic of the",Extant
23211,28,CD,"Congo, The Democratic Republic of the",Extant
18596,28,CD,"Congo, The Democratic Republic of the",Extant
22698209,28,CD,"Congo, The Democratic Republic of the",Extant
20733,28,CD,"Congo, The Democratic Republic of the",Extant
22563,28,CD,"Congo, The Democratic Republic of the",Extant
41755,28,CD,"Congo, The Democratic Republic of the",Extant
20738,28,CD,"Congo, The Democratic Republic of the",Extant
4292,28,CD,"Congo, The Democratic Republic of the",Extant
134817215,28,CD,"Congo, The Democratic Republic of the",Extant
4615,28,CD,"Congo, The Democratic Republic of the",Extant
197461,1,CF,Central African Republic,Extant
19488,33,CG,Congo,Extant
197461,33,CG,Congo,Extant
39341,33,CG,Congo,Extant
39378,33,CG,Congo,Extant
39381,33,CG,Congo,Extant
11534,33,CG,Congo,Extant
198568,33,CG,Congo,Extant
6494,33,CG,Congo,Extant
2476,33,CG,Congo,Extant
2478,33,CG,Congo,Extant
8551,33,CG,Congo,Extant
9249,33,CG,Congo,Extant
9461,33,CG,Congo,Extant
11047,33,CG,Congo,Extant
11048,33,CG,Congo,Extant
11140,33,CG,Congo,Extant
13006,33,CG,Congo,Extant
13244,33,CG,Congo,Extant
15421,33,CG,Congo,Extant
16564,33,CG,Congo,Extant
20729,33,CG,Congo,Extant
20731,33,CG,Congo,Extant
23211,33,CG,Congo,Extant
18596,33,CG,Congo,Extant
22698209,33,CG,Congo,Extant
20733,33,CG,Congo,Extant
22563,33,CG,Congo,Extant
41755,33,CG,Congo,Extant
20738,33,CG,Congo,Extant
134817215,33,CG,Congo,Extant
3855,33,CG,Congo,Extant
39339,33,CG,Congo,Extant
4615,33,CG,Congo,Extant
16580,6,CH,Switzerland,Extant
19861,6,CH,Switzerland,Extant
135631,6,CH,Switzerland,Extant
19855,6,CH,Switzerland,Extant
22692146,6,CH,Switzerland,Extant
12419,6,CH,Switzerland,Extant
19488,34,CI,Côte d'Ivoire,Extant
197461,34,CI,Côte d'Ivoire,Extant
39341,34,CI,Côte d'Ivoire,Extant
39378,34,CI,Côte d'Ivoire,Extant
39381,34,CI,Côte d'Ivoire,Extant
60225,34,CI,Côte d'Ivoire,Extant
11534,34,CI,Côte d'Ivoire,Extant
198568,34,CI,Côte d'Ivoire,Extant
6494,34,CI,Côte d'Ivoire,Extant
2476,34,CI,Côte d'Ivoire,Extant
8551,34,CI,Côte d'Ivoire,Extant
9249,34,CI,Côte d'Ivoire,Extant
9461,34,CI,Côte d'Ivoire,Extant
11047,34,CI,Côte d'Ivoire,Extant
11048,34,CI,Côte d'Ivoire,Extant
11140,34,CI,Côte d'Ivoire,Extant
13006,34,CI,Côte d'Ivoire,Extant
13244,34,CI,Côte d'Ivoire,Extant
15421,34,CI,Côte d'Ivoire,Extant
16564,34,CI,Côte d'Ivoire,Extant
20729,34,CI,Côte d'Ivoire,Extant
20731,34,CI,Côte d'Ivoire,Extant
23211,34,CI,Côte d'Ivoire,Extant
18596,34,CI,Côte d'Ivoire,Extant
22698209,34,CI,Côte d'Ivoire,Extant
20733,34,CI,Côte d'Ivoire,Extant
22563,34,CI,Côte d'Ivoire,Extant
41755,34,CI,Côte d'Ivoire,Extant
20738,34,CI,Côte d'Ivoire,Extant
4292,34,CI,Côte d'Ivoire,Extant
134817215,34,CI,Côte d'Ivoire,Extant
3855,34,CI,Côte d'Ivoire,Extant
39339,34,CI,Côte d'Ivoire,Extant
4615,34,CI,Côte d'Ivoire,Extant
19488,34,CK,Cook Islands,Extant
39341,34,CK,Cook Islands,Extant
39378,34,CK,Cook Islands,Extant
39381,34,CK,Cook Islands,Extant
60225,34,CK,Cook Islands,Extant
4592,34,CK,Cook Islands,Extant
2476,34,CK,Cook Islands,Extant
8551,34,CK,Cook Islands,Extant
9249,34,CK,Cook Islands,Extant
9461,34,CK,Cook Islands,Extant
11047,34,CK,Cook Islands,Extant
11048,34,CK,Cook Islands,Extant
11140,34,CK,Cook Islands,Extant
13006,34,CK,Cook Islands,Extant
13244,34,CK,Cook Islands,Extant
15421,34,CK,Cook Islands,Extant
16564,34,CK,Cook Islands,Extant
20729,34,CK,Cook Islands,Extant
20731,34,CK,Cook Islands,Extant
23211,34,CK,Cook Islands,Extant
39375,34,CK,Cook Islands,Extant
61339,34,CK,Cook Islands,Extant
18596,34,CK,Cook Islands,Extant
2477,34,CK,Cook Islands,Extant
20733,34,CK,Cook Islands,Extant
22563,34,CK,Cook Islands,Extant
41755,34,CK,Cook Islands,Extant
39365,34,CK,Cook Islands,Extant
39384,34,CK,Cook Islands,Extant
20738,34,CK,Cook Islands,Extant
4292,34,CK,Cook Islands,Extant
3855,34,CK,Cook Islands,Extant
39339,34,CK,Cook Islands,Extant
4615,34,CK,Cook Islands,Extant
11200,47,CL,Chile,Extant
19488,47,CL,Chile,Extant
39341,47,CL,Chile,Extant
39381,47,CL,Chile,Extant
11534,47,CL,Chile,Extant
6494,47,CL,Chile,Extant
2474,47,CL,Chile,Extant
2476,47,CL,Chile,Extant
2478,47,CL,Chile,Extant
2480,47,CL,Chile,Extant
3778,47,CL,Chile,Extant
8153,47,CL,Chile,Extant
9249,47,CL,Chile,Extant
9250,47,CL,Chile,Extant
9461,47,CL,Chile,Extant
10708,47,CL,Chile,Extant
11047,47,CL,Chile,Extant
11048,47,CL,Chile,Extant
11144,47,CL,Chile,Extant
12126,47,CL,Chile,Extant
13006,47,CL,Chile,Extant
13244,47,CL,Chile,Extant
13247,47,CL,Chile,Extant
13248,47,CL,Chile,Extant
13249,47,CL,Chile,Extant
15421,47,CL,Chile,Extant
21500,47,CL,Chile,Extant
23211,47,CL,Chile,Extant
41715,47,CL,Chile,Extant
19861,47,CL,Chile,Extant
19855,47,CL,Chile,Extant
183775,47,CL,Chile,Extant
3897,47,CL,Chile,Extant
2475,47,CL,Chile,Extant
18596,47,CL,Chile,Extant
22698209,47,CL,Chile,Extant
2477,47,CL,Chile,Extant
22563,47,CL,Chile,Extant
41755,47,CL,Chile,Extant
11146,47,CL,Chile,Extant
20738,47,CL,Chile,Extant
4292,47,CL,Chile,Extant
2762,47,CL,Chile,Extant
134817215,47,CL,Chile,Extant
3855,47,CL,Chile,Extant
39339,47,CL,Chile,Extant
4615,47,CL,Chile,Extant
19488,36,CM,Cameroon,Extant
197461,36,CM,Cameroon,Extant
39341,36,CM,Cameroon,Extant
39378,36,CM,Cameroon,Extant
39381,36,CM,Cameroon,Extant
60225,36,CM,Cameroon,Extant
11534,36,CM,Cameroon,Extant
178800,36,CM,Cameroon,Extant
198568,36,CM,Cameroon,Extant
6494,36,CM,Cameroon,Extant
2476,36,CM,Cameroon,Extant
8551,36,CM,Cameroon,Extant
9249,36,CM,Cameroon,Extant
9461,36,CM,Cameroon,Extant
11047,36,CM,Cameroon,Extant
11048,36,CM,Cameroon,Extant
11140,36,CM,Cameroon,Extant
13006,36,CM,Cameroon,Extant
13244,36,CM,Cameroon,Extant
15421,36,CM,Cameroon,Extant
16564,36,CM,Cameroon,Extant
20729,36,CM,Cameroon,Extant
20731,36,CM,Cameroon,Extant
23211,36,CM,Cameroon,Extant
18596,36,CM,Cameroon,Extant
22698209,36,CM,Cameroon,Extant
20733,36,CM,Cameroon,Extant
22563,36,CM,Cameroon,Extant
41755,36,CM,Cameroon,Extant
20738,36,CM,Cameroon,Extant
4292,36,CM,Cameroon,Extant
134817215,36,CM,Cameroon,Extant
22696495,36,CM,Cameroon,Extant
3855,36,CM,Cameroon,Extant
39339,36,CM,Cameroon,Extant
4615,36,CM,Cameroon,Extant
19488,58,CN,China,Extant
39341,58,CN,China,Extant
39378,58,CN,China,Extant
39381,58,CN,China,Extant
60225,58,CN,China,Extant
178800,58,CN,China,Extant
4592,58,CN,China,Extant
8005,58,CN,China,Extant
6494,58,CN,China,Extant
41672,58,CN,China,Extant
2474,58,CN,China,Extant
2476,58,CN,China,Extant
2478,58,CN,China,Extant
8097,58,CN,China,Extant
8551,58,CN,China,Extant
9249,58,CN,China,Extant
9461,58,CN,China,Extant
11047,58,CN,China,Extant
11048,58,CN,China,Extant
11140,58,CN,China,Extant
13006,58,CN,China,Extant
13244,58,CN,China,Extant
15421,58,CN,China,Extant
20729,58,CN,China,Extant
20731,58,CN,China,Extant
23211,58,CN,China,Extant
40635,58,CN,China,Extant
41711,58,CN,China,Extant
41714,58,CN,China,Extant
16580,58,CN,China,Extant
39375,58,CN,China,Extant
135631,58,CN,China,Extant
19855,58,CN,China,Extant
22692146,58,CN,China,Extant
98471199,58,CN,China,Extant
61339,58,CN,China,Extant
3897,58,CN,China,Extant
82031425,58,CN,China,Extant
39338,58,CN,China,Extant
22694334,58,CN,China,Extant
18596,58,CN,China,Extant
22698209,58,CN,China,Extant
20733,58,CN,China,Extant
22563,58,CN,China,Extant
6909,58,CN,China,Extant
41755,58,CN,China,Extant
12427,58,CN,China,Extant
39365,58,CN,China,Extant
20738,58,CN,China,Extant
4292,58,CN,China,Extant
134817215,58,CN,China,Extant
22696495,58,CN,China,Extant
3855,58,CN,China,Extant
39339,58,CN,China,Extant
15955,58,CN,China,Extant
12419,58,CN,China,Extant
17027,58,CN,China,Extant
4615,58,CN,China,Extant
19488,40,CO,Colombia,Extant
39341,40,CO,Colombia,Extant
39378,40,CO,Colombia,Extant
39381,40,CO,Colombia,Extant
60217,40,CO,Colombia,Extant
60225,40,CO,Colombia,Extant
11534,40,CO,Colombia,Extant
8005,40,CO,Colombia,Extant
42394,40,CO,Colombia,Extant
6494,40,CO,Colombia,Extant
2476,40,CO,Colombia,Extant
8551,40,CO,Colombia,Extant
9249,40,CO,Colombia,Extant
9461,40,CO,Colombia,Extant
11047,40,CO,Colombia,Extant
11048,40,CO,Colombia,Extant
11140,40,CO,Colombia,Extant
13006,40,CO,Colombia,Extant
13244,40,CO,Colombia,Extant
15421,40,CO,Colombia,Extant
16564,40,CO,Colombia,Extant
20729,40,CO,Colombia,Extant
20731,40,CO,Colombia,Extant
23211,40,CO,Colombia,Extant
190409,40,CO,Colombia,Extant
3897,40,CO,Colombia,Extant
191108,40,CO,Colombia,Extant
18596,40,CO,Colombia,Extant
22698209,40,CO,Colombia,Extant
2477,40,CO,Colombia,Extant
20733,40,CO,Colombia,Extant
22563,40,CO,Colombia,Extant
41755,40,CO,Colombia,Extant
20738,40,CO,Colombia,Extant
181500967,40,CO,Colombia,Extant
4292,40,CO,Colombia,Extant
134817215,40,CO,Colombia,Extant
3855,40,CO,Colombia,Extant
39339,40,CO,Colombia,Extant
4615,40,CO,Colombia,Extant
19488,43,CR,Costa Rica,Extant
39341,43,CR,Costa Rica,Extant
39378,43,CR,Costa Rica,Extant
39381,43,CR,Costa Rica,Extant
60217,43,CR,Costa Rica,Extant
60225,43,CR,Costa Rica,Extant
11534,43,CR,Costa Rica,Extant
8005,43,CR,Costa Rica,Extant
42394,43,CR,Costa Rica,Extant
6494,43,CR,Costa Rica,Extant
49278407,43,CR,Costa Rica,Extant
2476,43,CR,Costa Rica,Extant
8551,43,CR,Costa Rica,Extant
9249,43,CR,Costa Rica,Extant
9461,43,CR,Costa Rica,Extant
11047,43,CR,Costa Rica,Extant
11048,43,CR,Costa Rica,Extant
11140,43,CR,Costa Rica,Extant
13006,43,CR,Costa Rica,Extant
13244,43,CR,Costa Rica,Extant
15421,43,CR,Costa Rica,Extant
16564,43,CR,Costa Rica,Extant
20729,43,CR,Costa Rica,Extant
20731,43,CR,Costa Rica,Extant
23211,43,CR,Costa Rica,Extant
39375,43,CR,Costa Rica,Extant
190409,43,CR,Costa Rica,Extant
3897,43,CR,Costa Rica,Extant
191108,43,CR,Costa Rica,Extant
18596,43,CR,Costa Rica,Extant
22698209,43,CR,Costa Rica,Extant
2477,43,CR,Costa Rica,Extant
20733,43,CR,Costa Rica,Extant
22563,43,CR,Costa Rica,Extant
41755,43,CR,Costa Rica,Extant
39384,43,CR,Costa Rica,Extant
20738,43,CR,Costa Rica,Extant
181500967,43,CR,Costa Rica,Extant
4292,43,CR,Costa Rica,Extant
134817215,43,CR,Costa Rica,Extant
3855,43,CR,Costa Rica,Extant
39339,43,CR,Costa Rica,Extant
4615,43,CR,Costa Rica,Extant
19488,38,CU,Cuba,Extant
39341,38,CU,Cuba,Extant
39378,38,CU,Cuba,Extant
39381,38,CU,Cuba,Extant
60217,38,CU,Cuba,Extant
60225,38,CU,Cuba,Extant
11534,38,CU,Cuba,Extant
8005,38,CU,Cuba,Extant
6494,38,CU,Cuba,Extant
2474,38,CU,Cuba,Extant
2476,38,CU,Cuba,Extant
8551,38,CU,Cuba,Extant
9249,38,CU,Cuba,Extant
9461,38,CU,Cuba,Extant
11047,38,CU,Cuba,Extant
11048,38,CU,Cuba,Extant
11140,38,CU,Cuba,Extant
13006,38,CU,Cuba,Extant
13244,38,CU,Cuba,Extant
15421,38,CU,Cuba,Extant
16564,38,CU,Cuba,Extant
20729,38,CU,Cuba,Extant
20731,38,CU,Cuba,Extant
23211,38,CU,Cuba,Extant
190409,38,CU,Cuba,Extant
3897,38,CU,Cuba,Extant
191108,38,CU,Cuba,Extant
18596,38,CU,Cuba,Extant
22698209,38,CU,Cuba,Extant
20733,38,CU,Cuba,Extant
22563,38,CU,Cuba,Extant
20738,38,CU,Cuba,Extant
181500967,38,CU,Cuba,Extant
4292,38,CU,Cuba,Extant
134817215,38,CU,Cuba,Extant
3855,38,CU,Cuba,Extant
39339,38,CU,Cuba,Extant
4615,38,CU,Cuba,Extant
19488,39,CV,Cabo Verde,Extant
39341,39,CV,Cabo Verde,Extant
39381,39,CV,Cabo Verde,Extant
60225,39,CV,Cabo Verde,Extant
11534,39,CV,Cabo Verde,Extant
198568,39,CV,Cabo Verde,Extant
190710,39,CV,Cabo Verde,Extant
2474,39,CV,Cabo Verde,Extant
2476,39,CV,Cabo Verde,Extant
2478,39,CV,Cabo Verde,Extant
9249,39,CV,Cabo Verde,Extant
9461,39,CV,Cabo Verde,Extant
11047,39,CV,Cabo Verde,Extant
11048,39,CV,Cabo Verde,Extant
11140,39,CV,Cabo Verde,Extant
13006,39,CV,Cabo Verde,Extant
13244,39,CV,Cabo Verde,Extant
15421,39,CV,Cabo Verde,Extant
16564,39,CV,Cabo Verde,Extant
20729,39,CV,Cabo Verde,Extant
20731,39,CV,Cabo Verde,Extant
23211,39,CV,Cabo Verde,Extant
3897,39,CV,Cabo Verde,Extant
2475,39,CV,Cabo Verde,Extant
18596,39,CV,Cabo Verde,Extant
22698209,39,CV,Cabo Verde,Extant
2477,39,CV,Cabo Verde,Extant
20733,39,CV,Cabo Verde,Extant
22563,39,CV,Cabo Verde,Extant
41755,39,CV,Cabo Verde,Extant
20738,39,CV,Cabo Verde,Extant
181500967,39,CV,Cabo Verde,Extant
4292,39,CV,Cabo Verde,Extant
134817215,39,CV,Cabo Verde,Extant
3855,39,CV,Cabo Verde,Extant
39339,39,CV,Cabo Verde,Extant
13653,39,CV,Cabo Verde,Extant
17027,39,CV,Cabo Verde,Extant
4615,39,CV,Cabo Verde,Extant
19488,35,CW,Curaçao,Extant
39341,35,CW,Curaçao,Extant
39381,35,CW,Curaçao,Extant
60217,35,CW,Curaçao,Extant
60225,35,CW,Curaçao,Extant
8005,35,CW,Curaçao,Extant
6494,35,CW,Curaçao,Extant
2476,35,CW,Curaçao,Extant
8551,35,CW,Curaçao,Extant
9249,35,CW,Curaçao,Extant
9461,35,CW,Curaçao,Extant
11047,35,CW,Curaçao,Extant
11048,35,CW,Curaçao,Extant
11140,35,CW,Curaçao,Extant
13006,35,CW,Curaçao,Extant
13244,35,CW,Curaçao,Extant
15421,35,CW,Curaçao,Extant
16564,35,CW,Curaçao,Extant
20729,35,CW,Curaçao,Extant
20731,35,CW,Curaçao,Extant
23211,35,CW,Curaçao,Extant
190409,35,CW,Curaçao,Extant
3897,35,CW,Curaçao,Extant
191108,35,CW,Curaçao,Extant
18596,35,CW,Curaçao,Extant
20733,35,CW,Curaçao,Extant
22563,35,CW,Curaçao,Extant
41755,35,CW,Curaçao,Extant
20738,35,CW,Curaçao,Extant
181500967,35,CW,Curaçao,Extant
4292,35,CW,Curaçao,Extant
134817215,35,CW,Curaçao,Extant
3855,35,CW,Curaçao,Extant
39339,35,CW,Curaçao,Extant
4615,35,CW,Curaçao,Extant
39341,22,CX,Christmas Island,Extant
39381,22,CX,Christmas Island,Extant
60225,22,CX,Christmas Island,Extant
4592,22,CX,Christmas Island,Extant
9249,22,CX,Christmas Island,Extant
9461,22,CX,Christmas Island,Extant
11047,22,CX,Christmas Island,Extant
11048,22,CX,Christmas Island,Extant
13006,22,CX,Christmas Island,Extant
15421,22,CX,Christmas Island,Extant
41714,22,CX,Christmas Island,Extant
39375,22,CX,Christmas Island,Extant
18596,22,CX,Christmas Island,Extant
22563,22,CX,Christmas Island,Extant
41755,22,CX,Christmas Island,Extant
39365,22,CX,Christmas Island,Extant
39384,22,CX,Christmas Island,Extant
20738,22,CX,Christmas Island,Extant
4292,22,CX,Christmas Island,Extant
3855,22,CX,Christmas Island,Extant
39339,22,CX,Christmas Island,Extant
4615,22,CX,Christmas Island,Extant
39341,26,CY,Cyprus,Extant
39381,26,CY,Cyprus,Extant
187752,26,CY,Cyprus,Extant
198568,26,CY,Cyprus,Extant
190710,26,CY,Cyprus,Extant
6494,26,CY,Cyprus,Extant
2478,26,CY,Cyprus,Extant
9461,26,CY,Cyprus,Extant
15421,26,CY,Cyprus,Extant
20731,26,CY,Cyprus,Extant
23211,26,CY,Cyprus,Extant
16580,26,CY,Cyprus,Extant
22692146,26,CY,Cyprus,Extant
3897,26,CY,Cyprus,Extant
198583,26,CY,Cyprus,Extant
18596,26,CY,Cyprus,Extant
22563,26,CY,Cyprus,Extant
41755,26,CY,Cyprus,Extant
20738,26,CY,Cyprus,Extant
4292,26,CY,Cyprus,Extant
134817215,26,CY,Cyprus,Extant
22696495,26,CY,Cyprus,Extant
3855,26,CY,Cyprus,Extant
39339,26,CY,Cyprus,Extant
13653,26,CY,Cyprus,Extant
4615,26,CY,Cyprus,Extant
42394,8,CZ,Czechia,Extant
16580,8,CZ,Czechia,Extant
19861,8,CZ,Czechia,Extant
135631,8,CZ,Czechia,Extant
19855,8,CZ,Czechia,Extant
22692146,8,CZ,Czechia,Extant
22696495,8,CZ,Czechia,Extant
12419,8,CZ,Czechia,Extant
11200,35,DE,Germany,Extant
155123,35,DE,Germany,Extant
187752,35,DE,Germany,Extant
8784,35,DE,Germany,Extant
198568,35,DE,Germany,Extant
9660,35,DE,Germany,Extant
17013,35,DE,Germany,Extant
41672,35,DE,Germany,Extant
2478,35,DE,Germany,Extant
6335,35,DE,Germany,Extant
9250,35,DE,Germany,Extant
9461,35,DE,Germany,Extant
11047,35,DE,Germany,Extant
13006,35,DE,Germany,Extant
13704,35,DE,Germany,Extant
15421,35,DE,Germany,Extant
20731,35,DE,Germany,Extant
23211,35,DE,Germany,Extant
16580,35,DE,Germany,Extant
19861,35,DE,Germany,Extant
135631,35,DE,Germany,Extant
19855,35,DE,Germany,Extant
22692146,35,DE,Germany,Extant
170759990,35,DE,Germany,Extant
198583,35,DE,Germany,Extant
18596,35,DE,Germany,Extant
22698209,35,DE,Germany,Extant
22563,35,DE,Germany,Extant
41755,35,DE,Germany,Extant
4292,35,DE,Germany,Extant
134817215,35,DE,Germany,Extant
22696495,35,DE,Germany,Extant
39339,35,DE,Germany,Extant
12419,35,DE,Germany,Extant
17027,35,DE,Germany,Extant
19488,38,DJ,Djibouti,Extant
197461,38,DJ,Djibouti,Extant
39378,38,DJ,Djibouti,Extant
39381,38,DJ,Djibouti,Extant
4592,38,DJ,Djibouti,Extant
2476,38,DJ,Djibouti,Extant
8551,38,DJ,Djibouti,Extant
9249,38,DJ,Djibouti,Extant
9461,38,DJ,Djibouti,Extant
11047,38,DJ,Djibouti,Extant
11048,38,DJ,Djibouti,Extant
11140,38,DJ,Djibouti,Extant
13006,38,DJ,Djibouti,Extant
13244,38,DJ,Djibouti,Extant
15421,38,DJ,Djibouti,Extant
16564,38,DJ,Djibouti,Extant
20729,38,DJ,Djibouti,Extant
20731,38,DJ,Djibouti,Extant
23211,38,DJ,Djibouti,Extant
41714,38,DJ,Djibouti,Extant
39375,38,DJ,Djibouti,Extant
22692146,38,DJ,Djibouti,Extant
61339,38,DJ,Djibouti,Extant
3897,38,DJ,Djibouti,Extant
18596,38,DJ,Djibouti,Extant
2477,38,DJ,Djibouti,Extant
20733,38,DJ,Djibouti,Extant
22563,38,DJ,Djibouti,Extant
6909,38,DJ,Djibouti,Extant
41755,38,DJ,Djibouti,Extant
39365,38,DJ,Djibouti,Extant
39384,38,DJ,Djibouti,Extant
20738,38,DJ,Djibouti,Extant
134817215,38,DJ,Djibouti,Extant
22696495,38,DJ,Djibouti,Extant
3855,38,DJ,Djibouti,Extant
39339,38,DJ,Djibouti,Extant
4615,38,DJ,Djibouti,Extant
11200,36,DK,Denmark,Extant
39381,36,DK,Denmark,Extant
155123,36,DK,Denmark,Extant
187752,36,DK,Denmark,Extant
8784,36,DK,Denmark,Extant
198568,36,DK,Denmark,Extant
9660,36,DK,Denmark,Extant
17013,36,DK,Denmark,Extant
41672,36,DK,Denmark,Extant
2474,36,DK,Denmark,Extant
2478,36,DK,Denmark,Extant
6335,36,DK,Denmark,Extant
9250,36,DK,Denmark,Extant
9461,36,DK,Denmark,Extant
11047,36,DK,Denmark,Extant
13006,36,DK,Denmark,Extant
15421,36,DK,Denmark,Extant
20731,36,DK,Denmark,Extant
23211,36,DK,Denmark,Extant
16580,36,DK,Denmark,Extant
19861,36,DK,Denmark,Extant
135631,36,DK,Denmark,Extant
19855,36,DK,Denmark,Extant
22692146,36,DK,Denmark,Extant
170759990,36,DK,Denmark,Extant
198583,36,DK,Denmark,Extant
18596,36,DK,Denmark,Extant
22698209,36,DK,Denmark,Extant
22563,36,DK,Denmark,Extant
41755,36,DK,Denmark,Extant
4292,36,DK,Denmark,Extant
134817215,36,DK,Denmark,Extant
22696495,36,DK,Denmark,Extant
39339,36,DK,Denmark,Extant
12419,36,DK,Denmark,Extant
17027,36,DK,Denmark,Extant
19488,36,DM,Dominica,Extant
39341,36,DM,Dominica,Extant
39378,36,DM,Dominica,Extant
39381,36,DM,Dominica,Extant
60217,36,DM,Dominica,Extant
60225,36,DM,Dominica,Extant
6494,36,DM,Dominica,Extant
2474,36,DM,Dominica,Extant
2476,36,DM,Dominica,Extant
8551,36,DM,Dominica,Extant
9249,36,DM,Dominica,Extant
9461,36,DM,Dominica,Extant
11047,36,DM,Dominica,Extant
11048,36,DM,Dominica,Extant
11140,36,DM,Dominica,Extant
13006,36,DM,Dominica,Extant
13244,36,DM,Dominica,Extant
15421,36,DM,Dominica,Extant
16564,36,DM,Dominica,Extant
20729,36,DM,Dominica,Extant
20731,36,DM,Dominica,Extant
23211,36,DM,Dominica,Extant
190409,36,DM,Dominica,Extant
191108,36,DM,Dominica,Extant
18596,36,DM,Dominica,Extant
22698209,36,DM,Dominica,Extant
20733,36,DM,Dominica,Extant
22563,36,DM,Dominica,Extant
41755,36,DM,Dominica,Extant
20738,36,DM,Dominica,Extant
181500967,36,DM,Dominica,Extant
4292,36,DM,Dominica,Extant
134817215,36,DM,Dominica,Extant
3855,36,DM,Dominica,Extant
39339,36,DM,Dominica,Extant
4615,36,DM,Dominica,Extant
39341,38,DO,Dominican Republic,Extant
39378,38,DO,Dominican Republic,Extant
39381,38,DO,Dominican Republic,Extant
60217,38,DO,Dominican Republic,Extant
60225,38,DO,Dominican Republic,Extant
11534,38,DO,Dominican Republic,Extant
8005,38,DO,Dominican Republic,Extant
6494,38,DO,Dominican Republic,Extant
2474,38,DO,Dominican Republic,Extant
2476,38,DO,Dominican Republic,Extant
8551,38,DO,Dominican Republic,Extant
9249,38,DO,Dominican Republic,Extant
9461,38,DO,Dominican Republic,Extant
11047,38,DO,Dominican Republic,Extant
11048,38,DO,Dominican Republic,Extant
11140,38,DO,Dominican Republic,Extant
13006,38,DO,Dominican Republic,Extant
13244,38,DO,Dominican Republic,Extant
15421,38,DO,Dominican Republic,Extant
16564,38,DO,Dominican Republic,Extant
20729,38,DO,Dominican Republic,Extant
20731,38,DO,Dominican Republic,Extant
23211,38,DO,Dominican Republic,Extant
190409,38,DO,Dominican Republic,Extant
3897,38,DO,Dominican Republic,Extant
191108,38,DO,Dominican Republic,Extant
2475,38,DO,Dominican Republic,Extant
18596,38,DO,Dominican Republic,Extant
20733,38,DO,Dominican Republic,Extant
22563,38,DO,Dominican Republic,Extant
41755,38,DO,Dominican Republic,Extant
20738,38,DO,Dominican Republic,Extant
181500967,38,DO,Dominican Republic,Extant
4292,38,DO,Dominican Republic,Extant
134817215,38,DO,Dominican Republic,Extant
3855,38,DO,Dominican Republic,Extant
39339,38,DO,Dominican Republic,Extant
4615,38,DO,Dominican Republic,Extant
39381,8,DT,Disputed Territory,Extant
4592,8,DT,Disputed Territory,Extant
39375,8,DT,Disputed Territory,Extant
61339,8,DT,Disputed Territory,Extant
39365,8,DT,Disputed Territory,Extant
39384,8,DT,Disputed Territory,Extant
3855,8,DT,Disputed Territory,Extant
39339,8,DT,Disputed Territory,Extant
11200,30,DZ,Algeria,Extant
39341,30,DZ,Algeria,Extant
39381,30,DZ,Algeria,Extant
60225,30,DZ,Algeria,Extant
187752,30,DZ,Algeria,Extant
198568,30,DZ,Algeria,Extant
190710,30,DZ,Algeria,Extant
176528,30,DZ,Algeria,Extant
2478,30,DZ,Algeria,Extant
8551,30,DZ,Algeria,Extant
9250,30,DZ,Algeria,Extant
9461,30,DZ,Algeria,Extant
15421,30,DZ,Algeria,Extant
20731,30,DZ,Algeria,Extant
23211,30,DZ,Algeria,Extant
135631,30,DZ,Algeria,Extant
22692146,30,DZ,Algeria,Extant
3897,30,DZ,Algeria,Extant
198583,30,DZ,Algeria,Extant
22698209,30,DZ,Algeria,Extant
22563,30,DZ,Algeria,Extant
41755,30,DZ,Algeria,Extant
20738,30,DZ,Algeria,Extant
4292,30,DZ,Algeria,Extant
134817215,30,DZ,Algeria,Extant
22696495,30,DZ,Algeria,Extant
3855,30,DZ,Algeria,Extant
39339,30,DZ,Algeria,Extant
12419,30,DZ,Algeria,Extant
13653,30,DZ,Algeria,Extant
19488,42,EC,Ecuador,Extant
39341,42,EC,Ecuador,Extant
39378,42,EC,Ecuador,Extant
39381,42,EC,Ecuador,Extant
60225,42,EC,Ecuador,Extant
11534,42,EC,Ecuador,Extant
8005,42,EC,Ecuador,Extant
42394,42,EC,Ecuador,Extant
6494,42,EC,Ecuador,Extant
2476,42,EC,Ecuador,Extant
2478,42,EC,Ecuador,Extant
8551,42,EC,Ecuador,Extant
9249,42,EC,Ecuador,Extant
9461,42,EC,Ecuador,Extant
11047,42,EC,Ecuador,Extant
11048,42,EC,Ecuador,Extant
11140,42,EC,Ecuador,Extant
13006,42,EC,Ecuador,Extant
13244,42,EC,Ecuador,Extant
15421,42,EC,Ecuador,Extant
16564,42,EC,Ecuador,Extant
20729,42,EC,Ecuador,Extant
20731,42,EC,Ecuador,Extant
23211,42,EC,Ecuador,Extant
183775,42,EC,Ecuador,Extant
3897,42,EC,Ecuador,Extant
39338,42,EC,Ecuador,Extant
127827012,42,EC,Ecuador,Extant
18596,42,EC,Ecuador,Extant
22698209,42,EC,Ecuador,Extant
2477,42,EC,Ecuador,Extant
20733,42,EC,Ecuador,Extant
22563,42,EC,Ecuador,Extant
41755,42,EC,Ecuador,Extant
39365,42,EC,Ecuador,Extant
20738,42,EC,Ecuador,Extant
181500967,42,EC,Ecuador,Extant
4292,42,EC,Ecuador,Extant
134817215,42,EC,Ecuador,Extant
3855,42,EC,Ecuador,Extant
39339,42,EC,Ecuador,Extant
4615,42,EC,Ecuador,Extant
155123,15,EE,Estonia,Extant
8784,15,EE,Estonia,Extant
198568,15,EE,Estonia,Extant
9660,15,EE,Estonia,Extant
41672,15,EE,Estonia,Extant
16580,15,EE,Estonia,Extant
19861,15,EE,Estonia,Extant
135631,15,EE,Estonia,Extant
19855,15,EE,Estonia,Extant
22692146,15,EE,Estonia,Extant
170759990,15,EE,Estonia,Extant
198583,15,EE,Estonia,Extant
22696495,15,EE,Estonia,Extant
12419,15,EE,Estonia,Extant
17027,15,EE,Estonia,Extant
11200,40,EG,Egypt,Extant
19488,40,EG,Egypt,Extant
39341,40,EG,Egypt,Extant
39378,40,EG,Egypt,Extant
39381,40,EG,Egypt,Extant
187752,40,EG,Egypt,Extant
4592,40,EG,Egypt,Extant
8005,40,EG,Egypt,Extant
198568,40,EG,Egypt,Extant
190710,40,EG,Egypt,Extant
6494,40,EG,Egypt,Extant
2478,40,EG,Egypt,Extant
9461,40,EG,Egypt,Extant
11140,40,EG,Egypt,Extant
13006,40,EG,Egypt,Extant
15421,40,EG,Egypt,Extant
20729,40,EG,Egypt,Extant
20731,40,EG,Egypt,Extant
23211,40,EG,Egypt,Extant
41714,40,EG,Egypt,Extant
39375,40,EG,Egypt,Extant
22692146,40,EG,Egypt,Extant
61339,40,EG,Egypt,Extant
3897,40,EG,Egypt,Extant
198583,40,EG,Egypt,Extant
18596,40,EG,Egypt,Extant
22698209,40,EG,Egypt,Extant
20733,40,EG,Egypt,Extant
22563,40,EG,Egypt,Extant
6909,40,EG,Egypt,Extant
41755,40,EG,Egypt,Extant
39365,40,EG,Egypt,Extant
39384,40,EG,Egypt,Extant
20738,40,EG,Egypt,Extant
4292,40,EG,Egypt,Extant
134817215,40,EG,Egypt,Extant
22696495,40,EG,Egypt,Extant
39339,40,EG,Egypt,Extant
13653,40,EG,Egypt,Extant
4615,40,EG,Egypt,Extant
11200,42,EH,Western Sahara,Extant
19488,42,EH,Western Sahara,Extant
197461,42,EH,Western Sahara,Extant
39341,42,EH,Western Sahara,Extant
39378,42,EH,Western Sahara,Extant
39381,42,EH,Western Sahara,Extant
60225,42,EH,Western Sahara,Extant
187752,42,EH,Western Sahara,Extant
198568,42,EH,Western Sahara,Extant
190710,42,EH,Western Sahara,Extant
2474,42,EH,Western Sahara,Extant
2476,42,EH,Western Sahara,Extant
8551,42,EH,Western Sahara,Extant
9249,42,EH,Western Sahara,Extant
9250,42,EH,Western Sahara,Extant
9461,42,EH,Western Sahara,Extant
11047,42,EH,Western Sahara,Extant
11048,42,EH,Western Sahara,Extant
11140,42,EH,Western Sahara,Extant
13006,42,EH,Western Sahara,Extant
13244,42,EH,Western Sahara,Extant
15421,42,EH,Western Sahara,Extant
16564,42,EH,Western Sahara,Extant
20729,42,EH,Western Sahara,Extant
20731,42,EH,Western Sahara,Extant
23211,42,EH,Western Sahara,Extant
2475,42,EH,Western Sahara,Extant
18596,42,EH,Western Sahara,Extant
22698209,42,EH,Western Sahara,Extant
2477,42,EH,Western Sahara,Extant
20733,42,EH,Western Sahara,Extant
22563,42,EH,Western Sahara,Extant
41755,42,EH,Western Sahara,Extant
41712,42,EH,Western Sahara,Extant
20738,42,EH,Western Sahara,Extant
4292,42,EH,Western Sahara,Extant
134817215,42,EH,Western Sahara,Extant
3855,42,EH,Western Sahara,Extant
39339,42,EH,Western Sahara,Extant
13653,42,EH,Western Sahara,Extant
17027,42,EH,Western Sahara,Extant
4615,42,EH,Western Sahara,Extant
19488,37,ER,Eritrea,Extant
197461,37,ER,Eritrea,Extant
39341,37,ER,Eritrea,Extant
39378,37,ER,Eritrea,Extant
39381,37,ER,Eritrea,Extant
11534,37,ER,Eritrea,Extant
4592,37,ER,Eritrea,Extant
8005,37,ER,Eritrea,Extant
6494,37,ER,Eritrea,Extant
2476,37,ER,Eritrea,Extant
9249,37,ER,Eritrea,Extant
9461,37,ER,Eritrea,Extant
11047,37,ER,Eritrea,Extant
11048,37,ER,Eritrea,Extant
11140,37,ER,Eritrea,Extant
13244,37,ER,Eritrea,Extant
15421,37,ER,Eritrea,Extant
20729,37,ER,Eritrea,Extant
20731,37,ER,Eritrea,Extant
23211,37,ER,Eritrea,Extant
41714,37,ER,Eritrea,Extant
39375,37,ER,Eritrea,Extant
22692146,37,ER,Eritrea,Extant
61339,37,ER,Eritrea,Extant
3897,37,ER,Eritrea,Extant
18596,37,ER,Eritrea,Extant
20733,37,ER,Eritrea,Extant
22563,37,ER,Eritrea,Extant
6909,37,ER,Eritrea,Extant
41755,37,ER,Eritrea,Extant
39365,37,ER,Eritrea,Extant
39384,37,ER,Eritrea,Extant
20738,37,ER,Eritrea,Extant
134817215,37,ER,Eritrea,Extant
22696495,37,ER,Eritrea,Extant
3855,37,ER,Eritrea,Extant
4615,37,ER,Eritrea,Extant
11200,52,ES,Spain,Extant
39341,52,ES,Spain,Extant
39381,52,ES,Spain,Extant
60225,52,ES,Spain,Extant
187752,52,ES,Spain,Extant
198568,52,ES,Spain,Extant
190710,52,ES,Spain,Extant
176528,52,ES,Spain,Extant
6494,52,ES,Spain,Extant
17013,52,ES,Spain,Extant
2474,52,ES,Spain,Extant
2478,52,ES,Spain,Extant
8551,52,ES,Spain,Extant
9249,52,ES,Spain,Extant
9250,52,ES,Spain,Extant
9461,52,ES,Spain,Extant
11047,52,ES,Spain,Extant
11048,52,ES,Spain,Extant
11140,52,ES,Spain,Extant
13006,52,ES,Spain,Extant
13244,52,ES,Spain,Extant
15421,52,ES,Spain,Extant
20731,52,ES,Spain,Extant
23211,52,ES,Spain,Extant
16580,52,ES,Spain,Extant
19861,52,ES,Spain,Extant
135631,52,ES,Spain,Extant
19855,52,ES,Spain,Extant
22692146,52,ES,Spain,Extant
3897,52,ES,Spain,Extant
2475,52,ES,Spain,Extant
22694334,52,ES,Spain,Extant
170759990,52,ES,Spain,Extant
198583,52,ES,Spain,Extant
18596,52,ES,Spain,Extant
22698209,52,ES,Spain,Extant
2477,52,ES,Spain,Extant
22563,52,ES,Spain,Extant
41755,52,ES,Spain,Extant
41712,52,ES,Spain,Extant
20738,52,ES,Spain,Extant
181500967,52,ES,Spain,Extant
4292,52,ES,Spain,Extant
134817215,52,ES,Spain,Extant
22696495,52,ES,Spain,Extant
13250,52,ES,Spain,Extant
3855,52,ES,Spain,Extant
39339,52,ES,Spain,Extant
12419,52,ES,Spain,Extant
13653,52,ES,Spain,Extant
17027,52,ES,Spain,Extant
4615,52,ES,Spain,Extant
19488,7,ET,Ethiopia,Extant
197461,7,ET,Ethiopia,Extant
11140,7,ET,Ethiopia,Extant
20731,7,ET,Ethiopia,Extant
135631,7,ET,Ethiopia,Extant
22692146,7,ET,Ethiopia,Extant
22696495,7,ET,Ethiopia,Extant
155123,19,FI,Finland,Extant
8784,19,FI,Finland,Extant
198568,19,FI,Finland,Extant
42394,19,FI,Finland,Extant
9660,19,FI,Finland,Extant
17013,19,FI,Finland,Extant
41672,19,FI,Finland,Extant
15421,19,FI,Finland,Extant
16580,19,FI,Finland,Extant
19861,19,FI,Finland,Extant
135631,19,FI,Finland,Extant
19855,19,FI,Finland,Extant
22692146,19,FI,Finland,Extant
170759990,19,FI,Finland,Extant
198583,19,FI,Finland,Extant
22698209,19,FI,Finland,Extant
22696495,19,FI,Finland,Extant
12419,19,FI,Finland,Extant
17027,19,FI,Finland,Extant
19488,39,FJ,Fiji,Extant
39341,39,FJ,Fiji,Extant
39378,39,FJ,Fiji,Extant
39381,39,FJ,Fiji,Extant
4592,39,FJ,Fiji,Extant
8005,39,FJ,Fiji,Extant
6494,39,FJ,Fiji,Extant
2476,39,FJ,Fiji,Extant
2478,39,FJ,Fiji,Extant
2480,39,FJ,Fiji,Extant
8551,39,FJ,Fiji,Extant
9249,39,FJ,Fiji,Extant
9461,39,FJ,Fiji,Extant
11047,39,FJ,Fiji,Extant
11048,39,FJ,Fiji,Extant
11140,39,FJ,Fiji,Extant
13006,39,FJ,Fiji,Extant
13244,39,FJ,Fiji,Extant
15421,39,FJ,Fiji,Extant
16564,39,FJ,Fiji,Extant
20729,39,FJ,Fiji,Extant
20731,39,FJ,Fiji,Extant
23211,39,FJ,Fiji,Extant
39375,39,FJ,Fiji,Extant
61339,39,FJ,Fiji,Extant
3897,39,FJ,Fiji,Extant
18596,39,FJ,Fiji,Extant
22698209,39,FJ,Fiji,Extant
2477,39,FJ,Fiji,Extant
20733,39,FJ,Fiji,Extant
22563,39,FJ,Fiji,Extant
41755,39,FJ,Fiji,Extant
39365,39,FJ,Fiji,Extant
39384,39,FJ,Fiji,Extant
20738,39,FJ,Fiji,Extant
4292,39,FJ,Fiji,Extant
3855,39,FJ,Fiji,Extant
39339,39,FJ,Fiji,Extant
4615,39,FJ,Fiji,Extant
11200,27,FK,Falkland Islands (Malvinas),Extant
39381,27,FK,Falkland Islands (Malvinas),Extant
2478,27,FK,Falkland Islands (Malvinas),Extant
3778,27,FK,Falkland Islands (Malvinas),Extant
8153,27,FK,Falkland Islands (Malvinas),Extant
9250,27,FK,Falkland Islands (Malvinas),Extant
10708,27,FK,Falkland Islands (Malvinas),Extant
11144,27,FK,Falkland Islands (Malvinas),Extant
12126,27,FK,Falkland Islands (Malvinas),Extant
13006,27,FK,Falkland Islands (Malvinas),Extant
13242,27,FK,Falkland Islands (Malvinas),Extant
13247,27,FK,Falkland Islands (Malvinas),Extant
13248,27,FK,Falkland Islands (Malvinas),Extant
13249,27,FK,Falkland Islands (Malvinas),Extant
15421,27,FK,Falkland Islands (Malvinas),Extant
23211,27,FK,Falkland Islands (Malvinas),Extant
41715,27,FK,Falkland Islands (Malvinas),Extant
2475,27,FK,Falkland Islands (Malvinas),Extant
22698209,27,FK,Falkland Islands (Malvinas),Extant
2477,27,FK,Falkland Islands (Malvinas),Extant
22563,27,FK,Falkland Islands (Malvinas),Extant
41755,27,FK,Falkland Islands (Malvinas),Extant
11146,27,FK,Falkland Islands (Malvinas),Extant
4292,27,FK,Falkland Islands (Malvinas),Extant
2762,27,FK,Falkland Islands (Malvinas),Extant
3855,27,FK,Falkland Islands (Malvinas),Extant
39339,27,FK,Falkland Islands (Malvinas),Extant
19488,39,FM,"Micronesia, Federated States of ",Extant
39341,39,FM,"Micronesia, Federated States of ",Extant
39378,39,FM,"Micronesia, Federated States of ",Extant
39381,39,FM,"Micronesia, Federated States of ",Extant
60225,39,FM,"Micronesia, Federated States of ",Extant
11534,39,FM,"Micronesia, Federated States of ",Extant
178800,39,FM,"Micronesia, Federated States of ",Extant
4592,39,FM,"Micronesia, Federated States of ",Extant
8005,39,FM,"Micronesia, Federated States of ",Extant
6494,39,FM,"Micronesia, Federated States of ",Extant
2476,39,FM,"Micronesia, Federated States of ",Extant
8551,39,FM,"Micronesia, Federated States of ",Extant
9249,39,FM,"Micronesia, Federated States of ",Extant
9461,39,FM,"Micronesia, Federated States of ",Extant
11047,39,FM,"Micronesia, Federated States of ",Extant
11048,39,FM,"Micronesia, Federated States of ",Extant
11140,39,FM,"Micronesia, Federated States of ",Extant
13006,39,FM,"Micronesia, Federated States of ",Extant
13244,39,FM,"Micronesia, Federated States of ",Extant
15421,39,FM,"Micronesia, Federated States of ",Extant
16564,39,FM,"Micronesia, Federated States of ",Extant
20729,39,FM,"Micronesia, Federated States of ",Extant
20731,39,FM,"Micronesia, Federated States of ",Extant
23211,39,FM,"Micronesia, Federated States of ",Extant
39375,39,FM,"Micronesia, Federated States of ",Extant
61339,39,FM,"Micronesia, Federated States of ",Extant
127827012,39,FM,"Micronesia, Federated States of ",Extant
18596,39,FM,"Micronesia, Federated States of ",Extant
22698209,39,FM,"Micronesia, Federated States of ",Extant
20733,39,FM,"Micronesia, Federated States of ",Extant
22563,39,FM,"Micronesia, Federated States of ",Extant
41755,39,FM,"Micronesia, Federated States of ",Extant
39365,39,FM,"Micronesia, Federated States of ",Extant
39384,39,FM,"Micronesia, Federated States of ",Extant
20738,39,FM,"Micronesia, Federated States of ",Extant
4292,39,FM,"Micronesia, Federated States of ",Extant
3855,39,FM,"Micronesia, Federated States of ",Extant
39339,39,FM,"Micronesia, Federated States of ",Extant
4615,39,FM,"Micronesia, Federated States of ",Extant
11200,23,FO,Faroe Islands,Extant
155123,23,FO,Faroe Islands,Extant
8784,23,FO,Faroe Islands,Extant
9660,23,FO,Faroe Islands,Extant
41672,23,FO,Faroe Islands,Extant
2474,23,FO,Faroe Islands,Extant
2478,23,FO,Faroe Islands,Extant
6335,23,FO,Faroe Islands,Extant
9250,23,FO,Faroe Islands,Extant
13006,23,FO,Faroe Islands,Extant
15421,23,FO,Faroe Islands,Extant
23211,23,FO,Faroe Islands,Extant
19861,23,FO,Faroe Islands,Extant
19855,23,FO,Faroe Islands,Extant
22692146,23,FO,Faroe Islands,Extant
2475,23,FO,Faroe Islands,Extant
22698209,23,FO,Faroe Islands,Extant
2477,23,FO,Faroe Islands,Extant
22563,23,FO,Faroe Islands,Extant
41755,23,FO,Faroe Islands,Extant
41712,23,FO,Faroe Islands,Extant
4292,23,FO,Faroe Islands,Extant
17027,23,FO,Faroe Islands,Extant
11200,54,FR,France,Extant
39341,54,FR,France,Extant
39381,54,FR,France,Extant
155123,54,FR,France,Extant
187752,54,FR,France,Extant
8784,54,FR,France,Extant
198568,54,FR,France,Extant
190710,54,FR,France,Extant
176528,54,FR,France,Extant
6494,54,FR,France,Extant
9660,54,FR,France,Extant
17013,54,FR,France,Extant
41672,54,FR,France,Extant
2467,54,FR,France,Extant
2474,54,FR,France,Extant
2478,54,FR,France,Extant
6335,54,FR,France,Extant
8551,54,FR,France,Extant
9250,54,FR,France,Extant
9461,54,FR,France,Extant
11047,54,FR,France,Extant
11140,54,FR,France,Extant
13006,54,FR,France,Extant
13244,54,FR,France,Extant
15421,54,FR,France,Extant
16564,54,FR,France,Extant
20731,54,FR,France,Extant
23211,54,FR,France,Extant
16580,54,FR,France,Extant
19861,54,FR,France,Extant
135631,54,FR,France,Extant
19855,54,FR,France,Extant
22692146,54,FR,France,Extant
3897,54,FR,France,Extant
170759990,54,FR,France,Extant
198583,54,FR,France,Extant
18596,54,FR,France,Extant
22698209,54,FR,France,Extant
11533,54,FR,France,Extant
2477,54,FR,France,Extant
22563,54,FR,France,Extant
41755,54,FR,France,Extant
41712,54,FR,France,Extant
20738,54,FR,France,Extant
181500967,54,FR,France,Extant
4292,54,FR,France,Extant
134817215,54,FR,France,Extant
22696495,54,FR,France,Extant
13250,54,FR,France,Extant
3855,54,FR,France,Extant
39339,54,FR,France,Extant
12419,54,FR,France,Extant
13653,54,FR,France,Extant
17027,54,FR,France,Extant
19488,36,GA,Gabon,Extant
197461,36,GA,Gabon,Extant
39341,36,GA,Gabon,Extant
39378,36,GA,Gabon,Extant
39381,36,GA,Gabon,Extant
60225,36,GA,Gabon,Extant
11534,36,GA,Gabon,Extant
198568,36,GA,Gabon,Extant
6494,36,GA,Gabon,Extant
2476,36,GA,Gabon,Extant
2478,36,GA,Gabon,Extant
8551,36,GA,Gabon,Extant
9249,36,GA,Gabon,Extant
9461,36,GA,Gabon,Extant
11047,36,GA,Gabon,Extant
11048,36,GA,Gabon,Extant
11140,36,GA,Gabon,Extant
13006,36,GA,Gabon,Extant
13244,36,GA,Gabon,Extant
15421,36,GA,Gabon,Extant
16564,36,GA,Gabon,Extant
20729,36,GA,Gabon,Extant
20731,36,GA,Gabon,Extant
23211,36,GA,Gabon,Extant
18596,36,GA,Gabon,Extant
22698209,36,GA,Gabon,Extant
2477,36,GA,Gabon,Extant
20733,36,GA,Gabon,Extant
22563,36,GA,Gabon,Extant
41755,36,GA,Gabon,Extant
20738,36,GA,Gabon,Extant
4292,36,GA,Gabon,Extant
134817215,36,GA,Gabon,Extant
3855,36,GA,Gabon,Extant
39339,36,GA,Gabon,Extant
4615,36,GA,Gabon,Extant
11200,49,GB,United Kingdom,Extant
39341,49,GB,United Kingdom,Extant
39378,49,GB,United Kingdom,Extant
39381,49,GB,United Kingdom,Extant
155123,49,GB,United Kingdom,Extant
187752,49,GB,United Kingdom,Extant
8784,49,GB,United Kingdom,Extant
198568,49,GB,United Kingdom,Extant
6494,49,GB,United Kingdom,Extant
9660,49,GB,United Kingdom,Extant
17013,49,GB,United Kingdom,Extant
41672,49,GB,United Kingdom,Extant
2467,49,GB,United Kingdom,Extant
2474,49,GB,United Kingdom,Extant
2478,49,GB,United Kingdom,Extant
6335,49,GB,United Kingdom,Extant
8097,49,GB,United Kingdom,Extant
9250,49,GB,United Kingdom,Extant
9461,49,GB,United Kingdom,Extant
11047,49,GB,United Kingdom,Extant
11048,49,GB,United Kingdom,Extant
11140,49,GB,United Kingdom,Extant
13006,49,GB,United Kingdom,Extant
13244,49,GB,United Kingdom,Extant
13704,49,GB,United Kingdom,Extant
15421,49,GB,United Kingdom,Extant
20731,49,GB,United Kingdom,Extant
23211,49,GB,United Kingdom,Extant
16580,49,GB,United Kingdom,Extant
19861,49,GB,United Kingdom,Extant
135631,49,GB,United Kingdom,Extant
19855,49,GB,United Kingdom,Extant
22692146,49,GB,United Kingdom,Extant
2475,49,GB,United Kingdom,Extant
170759990,49,GB,United Kingdom,Extant
198583,49,GB,United Kingdom,Extant
18596,49,GB,United Kingdom,Extant
22698209,49,GB,United Kingdom,Extant
11533,49,GB,United Kingdom,Extant
2477,49,GB,United Kingdom,Extant
22563,49,GB,United Kingdom,Extant
41755,49,GB,United Kingdom,Extant
41712,49,GB,United Kingdom,Extant
4292,49,GB,United Kingdom,Extant
134817215,49,GB,United Kingdom,Extant
13250,49,GB,United Kingdom,Extant
39339,49,GB,United Kingdom,Extant
12419,49,GB,United Kingdom,Extant
17027,49,GB,United Kingdom,Extant
19488,35,GD,Grenada,Extant
39341,35,GD,Grenada,Extant
39378,35,GD,Grenada,Extant
39381,35,GD,Grenada,Extant
60217,35,GD,Grenada,Extant
60225,35,GD,Grenada,Extant
8005,35,GD,Grenada,Extant
6494,35,GD,Grenada,Extant
2476,35,GD,Grenada,Extant
8551,35,GD,Grenada,Extant
9249,35,GD,Grenada,Extant
9461,35,GD,Grenada,Extant
11047,35,GD,Grenada,Extant
11048,35,GD,Grenada,Extant
11140,35,GD,Grenada,Extant
13006,35,GD,Grenada,Extant
13244,35,GD,Grenada,Extant
15421,35,GD,Grenada,Extant
16564,35,GD,Grenada,Extant
20729,35,GD,Grenada,Extant
20731,35,GD,Grenada,Extant
23211,35,GD,Grenada,Extant
190409,35,GD,Grenada,Extant
3897,35,GD,Grenada,Extant
191108,35,GD,Grenada,Extant
18596,35,GD,Grenada,Extant
20733,35,GD,Grenada,Extant
22563,35,GD,Grenada,Extant
41755,35,GD,Grenada,Extant
20738,35,GD,Grenada,Extant
181500967,35,GD,Grenada,Extant
134817215,35,GD,Grenada,Extant
3855,35,GD,Grenada,Extant
39339,35,GD,Grenada,Extant
4615,35,GD,Grenada,Extant
198568,12,GE,Georgia,Extant
16580,12,GE,Georgia,Extant
135631,12,GE,Georgia,Extant
22692146,12,GE,Georgia,Extant
170759990,12,GE,Georgia,Extant
198583,12,GE,Georgia,Extant
22563,12,GE,Georgia,Extant
134817215,12,GE,Georgia,Extant
22696495,12,GE,Georgia,Extant
12419,12,GE,Georgia,Extant
13653,12,GE,Georgia,Extant
17027,12,GE,Georgia,Extant
19488,38,GF,French Guiana,Extant
39341,38,GF,French Guiana,Extant
39378,38,GF,French Guiana,Extant
39381,38,GF,French Guiana,Extant
60217,38,GF,French Guiana,Extant
60225,38,GF,French Guiana,Extant
11534,38,GF,French Guiana,Extant
42394,38,GF,French Guiana,Extant
6494,38,GF,French Guiana,Extant
2474,38,GF,French Guiana,Extant
2476,38,GF,French Guiana,Extant
2480,38,GF,French Guiana,Extant
8551,38,GF,French Guiana,Extant
9249,38,GF,French Guiana,Extant
9461,38,GF,French Guiana,Extant
11047,38,GF,French Guiana,Extant
11048,38,GF,French Guiana,Extant
11140,38,GF,French Guiana,Extant
13006,38,GF,French Guiana,Extant
13244,38,GF,French Guiana,Extant
15421,38,GF,French Guiana,Extant
16564,38,GF,French Guiana,Extant
20729,38,GF,French Guiana,Extant
20731,38,GF,French Guiana,Extant
23211,38,GF,French Guiana,Extant
190409,38,GF,French Guiana,Extant
3897,38,GF,French Guiana,Extant
18596,38,GF,French Guiana,Extant
22698209,38,GF,French Guiana,Extant
20733,38,GF,French Guiana,Extant
22563,38,GF,French Guiana,Extant
41755,38,GF,French Guiana,Extant
20738,38,GF,French Guiana,Extant
4292,38,GF,French Guiana,Extant
134817215,38,GF,French Guiana,Extant
3855,38,GF,French Guiana,Extant
39339,38,GF,French Guiana,Extant
4615,38,GF,French Guiana,Extant
11200,12,GG,Guernsey,Extant
39381,12,GG,Guernsey,Extant
187752,12,GG,Guernsey,Extant
8784,12,GG,Guernsey,Extant
198568,12,GG,Guernsey,Extant
9461,12,GG,Guernsey,Extant
11047,12,GG,Guernsey,Extant
198583,12,GG,Guernsey,Extant
22563,12,GG,Guernsey,Extant
4292,12,GG,Guernsey,Extant
3855,12,GG,Guernsey,Extant
39339,12,GG,Guernsey,Extant
19488,33,GH,Ghana,Extant
197461,33,GH,Ghana,Extant
39341,33,GH,Ghana,Extant
39378,33,GH,Ghana,Extant
39381,33,GH,Ghana,Extant
60225,33,GH,Ghana,Extant
11534,33,GH,Ghana,Extant
198568,33,GH,Ghana,Extant
6494,33,GH,Ghana,Extant
2476,33,GH,Ghana,Extant
8551,33,GH,Ghana,Extant
9249,33,GH,Ghana,Extant
9461,33,GH,Ghana,Extant
11047,33,GH,Ghana,Extant
11048,33,GH,Ghana,Extant
11140,33,GH,Ghana,Extant
13006,33,GH,Ghana,Extant
13244,33,GH,Ghana,Extant
15421,33,GH,Ghana,Extant
16564,33,GH,Ghana,Extant
20729,33,GH,Ghana,Extant
23211,33,GH,Ghana,Extant
18596,33,GH,Ghana,Extant
22698209,33,GH,Ghana,Extant
20733,33,GH,Ghana,Extant
22563,33,GH,Ghana,Extant
41755,33,GH,Ghana,Extant
20738,33,GH,Ghana,Extant
4292,33,GH,Ghana,Extant
134817215,33,GH,Ghana,Extant
3855,33,GH,Ghana,Extant
39339,33,GH,Ghana,Extant
4615,33,GH,Ghana,Extant
11200,33,GI,Gibraltar,Extant
39341,33,GI,Gibraltar,Extant
39381,33,GI,Gibraltar,Extant
187752,33,GI,Gibraltar,Extant
198568,33,GI,Gibraltar,Extant
190710,33,GI,Gibraltar,Extant
2476,33,GI,Gibraltar,Extant
2478,33,GI,Gibraltar,Extant
9250,33,GI,Gibraltar,Extant
9461,33,GI,Gibraltar,Extant
11047,33,GI,Gibraltar,Extant
11048,33,GI,Gibraltar,Extant
13244,33,GI,Gibraltar,Extant
15421,33,GI,Gibraltar,Extant
20731,33,GI,Gibraltar,Extant
23211,33,GI,Gibraltar,Extant
22692146,33,GI,Gibraltar,Extant
2475,33,GI,Gibraltar,Extant
170759990,33,GI,Gibraltar,Extant
198583,33,GI,Gibraltar,Extant
18596,33,GI,Gibraltar,Extant
22698209,33,GI,Gibraltar,Extant
2477,33,GI,Gibraltar,Extant
22563,33,GI,Gibraltar,Extant
41755,33,GI,Gibraltar,Extant
20738,33,GI,Gibraltar,Extant
4292,33,GI,Gibraltar,Extant
134817215,33,GI,Gibraltar,Extant
22696495,33,GI,Gibraltar,Extant
3855,33,GI,Gibraltar,Extant
39339,33,GI,Gibraltar,Extant
12419,33,GI,Gibraltar,Extant
17027,33,GI,Gibraltar,Extant
11200,26,GL,Greenland,Extant
155123,26,GL,Greenland,Extant
8784,26,GL,Greenland,Extant
22823,26,GL,Greenland,Extant
9660,26,GL,Greenland,Extant
17013,26,GL,Greenland,Extant
41672,26,GL,Greenland,Extant
2467,26,GL,Greenland,Extant
2474,26,GL,Greenland,Extant
2478,26,GL,Greenland,Extant
6335,26,GL,Greenland,Extant
9250,26,GL,Greenland,Extant
13006,26,GL,Greenland,Extant
13704,26,GL,Greenland,Extant
15421,26,GL,Greenland,Extant
20731,26,GL,Greenland,Extant
19855,26,GL,Greenland,Extant
191108,26,GL,Greenland,Extant
2475,26,GL,Greenland,Extant
22698209,26,GL,Greenland,Extant
2477,26,GL,Greenland,Extant
41755,26,GL,Greenland,Extant
41712,26,GL,Greenland,Extant
181500967,26,GL,Greenland,Extant
134817215,26,GL,Greenland,Extant
17027,26,GL,Greenland,Extant
19488,36,GM,Gambia,Extant
197461,36,GM,Gambia,Extant
39341,36,GM,Gambia,Extant
39378,36,GM,Gambia,Extant
39381,36,GM,Gambia,Extant
60225,36,GM,Gambia,Extant
11534,36,GM,Gambia,Extant
198568,36,GM,Gambia,Extant
6494,36,GM,Gambia,Extant
2474,36,GM,Gambia,Extant
2476,36,GM,Gambia,Extant
8551,36,GM,Gambia,Extant
9249,36,GM,Gambia,Extant
9461,36,GM,Gambia,Extant
11047,36,GM,Gambia,Extant
11048,36,GM,Gambia,Extant
11140,36,GM,Gambia,Extant
13006,36,GM,Gambia,Extant
13244,36,GM,Gambia,Extant
15421,36,GM,Gambia,Extant
16564,36,GM,Gambia,Extant
20729,36,GM,Gambia,Extant
20731,36,GM,Gambia,Extant
23211,36,GM,Gambia,Extant
18596,36,GM,Gambia,Extant
22698209,36,GM,Gambia,Extant
20733,36,GM,Gambia,Extant
22563,36,GM,Gambia,Extant
41755,36,GM,Gambia,Extant
20738,36,GM,Gambia,Extant
4292,36,GM,Gambia,Extant
134817215,36,GM,Gambia,Extant
3855,36,GM,Gambia,Extant
39339,36,GM,Gambia,Extant
13653,36,GM,Gambia,Extant
4615,36,GM,Gambia,Extant
11200,35,GN,Guinea,Extant
19488,35,GN,Guinea,Extant
197461,35,GN,Guinea,Extant
39341,35,GN,Guinea,Extant
39378,35,GN,Guinea,Extant
39381,35,GN,Guinea,Extant
60225,35,GN,Guinea,Extant
11534,35,GN,Guinea,Extant
198568,35,GN,Guinea,Extant
6494,35,GN,Guinea,Extant
2476,35,GN,Guinea,Extant
8551,35,GN,Guinea,Extant
9249,35,GN,Guinea,Extant
9461,35,GN,Guinea,Extant
11047,35,GN,Guinea,Extant
11048,35,GN,Guinea,Extant
11140,35,GN,Guinea,Extant
13006,35,GN,Guinea,Extant
13244,35,GN,Guinea,Extant
15421,35,GN,Guinea,Extant
16564,35,GN,Guinea,Extant
20729,35,GN,Guinea,Extant
20731,35,GN,Guinea,Extant
23211,35,GN,Guinea,Extant
18596,35,GN,Guinea,Extant
22698209,35,GN,Guinea,Extant
20733,35,GN,Guinea,Extant
22563,35,GN,Guinea,Extant
41755,35,GN,Guinea,Extant
20738,35,GN,Guinea,Extant
4292,35,GN,Guinea,Extant
134817215,35,GN,Guinea,Extant
3855,35,GN,Guinea,Extant
39339,35,GN,Guinea,Extant
4615,35,GN,Guinea,Extant
19488,38,GP,Guadeloupe,Extant
39341,38,GP,Guadeloupe,Extant
39378,38,GP,Guadeloupe,Extant
39381,38,GP,Guadeloupe,Extant
60217,38,GP,Guadeloupe,Extant
60225,38,GP,Guadeloupe,Extant
11534,38,GP,Guadeloupe,Extant
8005,38,GP,Guadeloupe,Extant
6494,38,GP,Guadeloupe,Extant
2474,38,GP,Guadeloupe,Extant
2476,38,GP,Guadeloupe,Extant
9249,38,GP,Guadeloupe,Extant
9461,38,GP,Guadeloupe,Extant
11047,38,GP,Guadeloupe,Extant
11048,38,GP,Guadeloupe,Extant
11140,38,GP,Guadeloupe,Extant
13006,38,GP,Guadeloupe,Extant
13244,38,GP,Guadeloupe,Extant
15421,38,GP,Guadeloupe,Extant
16564,38,GP,Guadeloupe,Extant
20729,38,GP,Guadeloupe,Extant
20731,38,GP,Guadeloupe,Extant
23211,38,GP,Guadeloupe,Extant
190409,38,GP,Guadeloupe,Extant
3897,38,GP,Guadeloupe,Extant
191108,38,GP,Guadeloupe,Extant
18596,38,GP,Guadeloupe,Extant
22698209,38,GP,Guadeloupe,Extant
20733,38,GP,Guadeloupe,Extant
22563,38,GP,Guadeloupe,Extant
41755,38,GP,Guadeloupe,Extant
20738,38,GP,Guadeloupe,Extant
181500967,38,GP,Guadeloupe,Extant
4292,38,GP,Guadeloupe,Extant
134817215,38,GP,Guadeloupe,Extant
3855,38,GP,Guadeloupe,Extant
39339,38,GP,Guadeloupe,Extant
4615,38,GP,Guadeloupe,Extant
19488,34,GQ,Equatorial Guinea,Extant
39341,34,GQ,Equatorial Guinea,Extant
39378,34,GQ,Equatorial Guinea,Extant
39381,34,GQ,Equatorial Guinea,Extant
60225,34,GQ,Equatorial Guinea,Extant
11534,34,GQ,Equatorial Guinea,Extant
8005,34,GQ,Equatorial Guinea,Extant
198568,34,GQ,Equatorial Guinea,Extant
6494,34,GQ,Equatorial Guinea,Extant
2476,34,GQ,Equatorial Guinea,Extant
8551,34,GQ,Equatorial Guinea,Extant
9249,34,GQ,Equatorial Guinea,Extant
9461,34,GQ,Equatorial Guinea,Extant
11047,34,GQ,Equatorial Guinea,Extant
11048,34,GQ,Equatorial Guinea,Extant
11140,34,GQ,Equatorial Guinea,Extant
13006,34,GQ,Equatorial Guinea,Extant
13244,34,GQ,Equatorial Guinea,Extant
15421,34,GQ,Equatorial Guinea,Extant
16564,34,GQ,Equatorial Guinea,Extant
20729,34,GQ,Equatorial Guinea,Extant
20731,34,GQ,Equatorial Guinea,Extant
23211,34,GQ,Equatorial Guinea,Extant
18596,34,GQ,Equatorial Guinea,Extant
22698209,34,GQ,Equatorial Guinea,Extant
20733,34,GQ,Equatorial Guinea,Extant
22563,34,GQ,Equatorial Guinea,Extant
41755,34,GQ,Equatorial Guinea,Extant
20738,34,GQ,Equatorial Guinea,Extant
4292,34,GQ,Equatorial Guinea,Extant
134817215,34,GQ,Equatorial Guinea,Extant
3855,34,GQ,Equatorial Guinea,Extant
39339,34,GQ,Equatorial Guinea,Extant
4615,34,GQ,Equatorial Guinea,Extant
11200,30,GR,Greece,Extant
39341,30,GR,Greece,Extant
39381,30,GR,Greece,Extant
187752,30,GR,Greece,Extant
198568,30,GR,Greece,Extant
190710,30,GR,Greece,Extant
6494,30,GR,Greece,Extant
2474,30,GR,Greece,Extant
2478,30,GR,Greece,Extant
9461,30,GR,Greece,Extant
15421,30,GR,Greece,Extant
20731,30,GR,Greece,Extant
23211,30,GR,Greece,Extant
16580,30,GR,Greece,Extant
135631,30,GR,Greece,Extant
22692146,30,GR,Greece,Extant
3897,30,GR,Greece,Extant
170759990,30,GR,Greece,Extant
198583,30,GR,Greece,Extant
18596,30,GR,Greece,Extant
22563,30,GR,Greece,Extant
41755,30,GR,Greece,Extant
20738,30,GR,Greece,Extant
4292,30,GR,Greece,Extant
134817215,30,GR,Greece,Extant
22696495,30,GR,Greece,Extant
3855,30,GR,Greece,Extant
39339,30,GR,Greece,Extant
12419,30,GR,Greece,Extant
13653,30,GR,Greece,Extant
39381,17,GS,South Georgia and the South Sandwich Islands,Extant
2478,17,GS,South Georgia and the South Sandwich Islands,Extant
2480,17,GS,South Georgia and the South Sandwich Islands,Extant
8153,17,GS,South Georgia and the South Sandwich Islands,Extant
9250,17,GS,South Georgia and the South Sandwich Islands,Extant
11144,17,GS,South Georgia and the South Sandwich Islands,Extant
12126,17,GS,South Georgia and the South Sandwich Islands,Extant
13006,17,GS,South Georgia and the South Sandwich Islands,Extant
13247,17,GS,South Georgia and the South Sandwich Islands,Extant
13249,17,GS,South Georgia and the South Sandwich Islands,Extant
15421,17,GS,South Georgia and the South Sandwich Islands,Extant
41715,17,GS,South Georgia and the South Sandwich Islands,Extant
2475,17,GS,South Georgia and the South Sandwich Islands,Extant
22698209,17,GS,South Georgia and the South Sandwich Islands,Extant
2477,17,GS,South Georgia and the South Sandwich Islands,Extant
41755,17,GS,South Georgia and the South Sandwich Islands,Extant
2762,17,GS,South Georgia and the South Sandwich Islands,Extant
19488,39,GT,Guatemala,Extant
39341,39,GT,Guatemala,Extant
39378,39,GT,Guatemala,Extant
39381,39,GT,Guatemala,Extant
60217,39,GT,Guatemala,Extant
60225,39,GT,Guatemala,Extant
11534,39,GT,Guatemala,Extant
42394,39,GT,Guatemala,Extant
6494,39,GT,Guatemala,Extant
2476,39,GT,Guatemala,Extant
8551,39,GT,Guatemala,Extant
9249,39,GT,Guatemala,Extant
9461,39,GT,Guatemala,Extant
11047,39,GT,Guatemala,Extant
11048,39,GT,Guatemala,Extant
11140,39,GT,Guatemala,Extant
13006,39,GT,Guatemala,Extant
13244,39,GT,Guatemala,Extant
15421,39,GT,Guatemala,Extant
16564,39,GT,Guatemala,Extant
20729,39,GT,Guatemala,Extant
20731,39,GT,Guatemala,Extant
23211,39,GT,Guatemala,Extant
190409,39,GT,Guatemala,Extant
3897,39,GT,Guatemala,Extant
191108,39,GT,Guatemala,Extant
18596,39,GT,Guatemala,Extant
22698209,39,GT,Guatemala,Extant
2477,39,GT,Guatemala,Extant
20733,39,GT,Guatemala,Extant
22563,39,GT,Guatemala,Extant
41755,39,GT,Guatemala,Extant
20738,39,GT,Guatemala,Extant
181500967,39,GT,Guatemala,Extant
4292,39,GT,Guatemala,Extant
134817215,39,GT,Guatemala,Extant
3855,39,GT,Guatemala,Extant
39339,39,GT,Guatemala,Extant
4615,39,GT,Guatemala,Extant
39341,36,GU,Guam,Extant
39378,36,GU,Guam,Extant
39381,36,GU,Guam,Extant
60225,36,GU,Guam,Extant
178800,36,GU,Guam,Extant
4592,36,GU,Guam,Extant
8005,36,GU,Guam,Extant
6494,36,GU,Guam,Extant
2476,36,GU,Guam,Extant
8551,36,GU,Guam,Extant
9249,36,GU,Guam,Extant
9461,36,GU,Guam,Extant
11047,36,GU,Guam,Extant
11048,36,GU,Guam,Extant
11140,36,GU,Guam,Extant
13006,36,GU,Guam,Extant
13244,36,GU,Guam,Extant
15421,36,GU,Guam,Extant
16564,36,GU,Guam,Extant
20729,36,GU,Guam,Extant
20731,36,GU,Guam,Extant
23211,36,GU,Guam,Extant
39375,36,GU,Guam,Extant
61339,36,GU,Guam,Extant
2475,36,GU,Guam,Extant
18596,36,GU,Guam,Extant
20733,36,GU,Guam,Extant
22563,36,GU,Guam,Extant
41755,36,GU,Guam,Extant
39365,36,GU,Guam,Extant
39384,36,GU,Guam,Extant
20738,36,GU,Guam,Extant
4292,36,GU,Guam,Extant
3855,36,GU,Guam,Extant
39339,36,GU,Guam,Extant
4615,36,GU,Guam,Extant
19488,34,GW,Guinea-Bissau,Extant
197461,34,GW,Guinea-Bissau,Extant
39341,34,GW,Guinea-Bissau,Extant
39378,34,GW,Guinea-Bissau,Extant
39381,34,GW,Guinea-Bissau,Extant
60225,34,GW,Guinea-Bissau,Extant
11534,34,GW,Guinea-Bissau,Extant
198568,34,GW,Guinea-Bissau,Extant
6494,34,GW,Guinea-Bissau,Extant
2476,34,GW,Guinea-Bissau,Extant
8551,34,GW,Guinea-Bissau,Extant
9249,34,GW,Guinea-Bissau,Extant
9461,34,GW,Guinea-Bissau,Extant
11047,34,GW,Guinea-Bissau,Extant
11048,34,GW,Guinea-Bissau,Extant
11140,34,GW,Guinea-Bissau,Extant
13006,34,GW,Guinea-Bissau,Extant
13244,34,GW,Guinea-Bissau,Extant
15421,34,GW,Guinea-Bissau,Extant
16564,34,GW,Guinea-Bissau,Extant
20729,34,GW,Guinea-Bissau,Extant
20731,34,GW,Guinea-Bissau,Extant
23211,34,GW,Guinea-Bissau,Extant
18596,34,GW,Guinea-Bissau,Extant
22698209,34,GW,Guinea-Bissau,Extant
20733,34,GW,Guinea-Bissau,Extant
22563,34,GW,Guinea-Bissau,Extant
41755,34,GW,Guinea-Bissau,Extant
20738,34,GW,Guinea-Bissau,Extant
4292,34,GW,Guinea-Bissau,Extant
134817215,34,GW,Guinea-Bissau,Extant
3855,34,GW,Guinea-Bissau,Extant
39339,34,GW,Guinea-Bissau,Extant
4615,34,GW,Guinea-Bissau,Extant
19488,35,GY,Guyana,Extant
39341,35,GY,Guyana,Extant
39378,35,GY,Guyana,Extant
39381,35,GY,Guyana,Extant
60217,35,GY,Guyana,Extant
60225,35,GY,Guyana,Extant
11534,35,GY,Guyana,Extant
42394,35,GY,Guyana,Extant
6494,35,GY,Guyana,Extant
2476,35,GY,Guyana,Extant
8551,35,GY,Guyana,Extant
9249,35,GY,Guyana,Extant
9461,35,GY,Guyana,Extant
11047,35,GY,Guyana,Extant
11048,35,GY,Guyana,Extant
11140,35,GY,Guyana,Extant
13006,35,GY,Guyana,Extant
13244,35,GY,Guyana,Extant
15421,35,GY,Guyana,Extant
16564,35,GY,Guyana,Extant
20729,35,GY,Guyana,Extant
20731,35,GY,Guyana,Extant
23211,35,GY,Guyana,Extant
190409,35,GY,Guyana,Extant
18596,35,GY,Guyana,Extant
22698209,35,GY,Guyana,Extant
20733,35,GY,Guyana,Extant
22563,35,GY,Guyana,Extant
41755,35,GY,Guyana,Extant
20738,35,GY,Guyana,Extant
4292,35,GY,Guyana,Extant
134817215,35,GY,Guyana,Extant
3855,35,GY,Guyana,Extant
39339,35,GY,Guyana,Extant
4615,35,GY,Guyana,Extant
39381,31,HK,Hong Kong,Extant
60225,31,HK,Hong Kong,Extant
4592,31,HK,Hong Kong,Extant
9249,31,HK,Hong Kong,Extant
9461,31,HK,Hong Kong,Extant
11047,31,HK,Hong Kong,Extant
11048,31,HK,Hong Kong,Extant
11140,31,HK,Hong Kong,Extant
13244,31,HK,Hong Kong,Extant
15421,31,HK,Hong Kong,Extant
16564,31,HK,Hong Kong,Extant
20729,31,HK,Hong Kong,Extant
20731,31,HK,Hong Kong,Extant
41714,31,HK,Hong Kong,Extant
39375,31,HK,Hong Kong,Extant
22692146,31,HK,Hong Kong,Extant
98471199,31,HK,Hong Kong,Extant
82031425,31,HK,Hong Kong,Extant
22694334,31,HK,Hong Kong,Extant
18596,31,HK,Hong Kong,Extant
20733,31,HK,Hong Kong,Extant
22563,31,HK,Hong Kong,Extant
41755,31,HK,Hong Kong,Extant
39365,31,HK,Hong Kong,Extant
39384,31,HK,Hong Kong,Extant
20738,31,HK,Hong Kong,Extant
134817215,31,HK,Hong Kong,Extant
3855,31,HK,Hong Kong,Extant
39339,31,HK,Hong Kong,Extant
15955,31,HK,Hong Kong,Extant
12419,31,HK,Hong Kong,Extant
11200,10,HM,Heard Island and McDonald Islands,Extant
2478,10,HM,Heard Island and McDonald Islands,Extant
9250,10,HM,Heard Island and McDonald Islands,Extant
13006,10,HM,Heard Island and McDonald Islands,Extant
13247,10,HM,Heard Island and McDonald Islands,Extant
13249,10,HM,Heard Island and McDonald Islands,Extant
15421,10,HM,Heard Island and McDonald Islands,Extant
41715,10,HM,Heard Island and McDonald Islands,Extant
22698209,10,HM,Heard Island and McDonald Islands,Extant
2762,10,HM,Heard Island and McDonald Islands,Extant
19488,39,HN,Honduras,Extant
39341,39,HN,Honduras,Extant
39378,39,HN,Honduras,Extant
39381,39,HN,Honduras,Extant
60217,39,HN,Honduras,Extant
60225,39,HN,Honduras,Extant
11534,39,HN,Honduras,Extant
8005,39,HN,Honduras,Extant
42394,39,HN,Honduras,Extant
6494,39,HN,Honduras,Extant
49278407,39,HN,Honduras,Extant
2476,39,HN,Honduras,Extant
8551,39,HN,Honduras,Extant
9249,39,HN,Honduras,Extant
9461,39,HN,Honduras,Extant
11047,39,HN,Honduras,Extant
11048,39,HN,Honduras,Extant
11140,39,HN,Honduras,Extant
13006,39,HN,Honduras,Extant
13244,39,HN,Honduras,Extant
15421,39,HN,Honduras,Extant
16564,39,HN,Honduras,Extant
20729,39,HN,Honduras,Extant
20731,39,HN,Honduras,Extant
23211,39,HN,Honduras,Extant
190409,39,HN,Honduras,Extant
3897,39,HN,Honduras,Extant
191108,39,HN,Honduras,Extant
18596,39,HN,Honduras,Extant
20733,39,HN,Honduras,Extant
22563,39,HN,Honduras,Extant
41755,39,HN,Honduras,Extant
20738,39,HN,Honduras,Extant
181500967,39,HN,Honduras,Extant
4292,39,HN,Honduras,Extant
134817215,39,HN,Honduras,Extant
3855,39,HN,Honduras,Extant
39339,39,HN,Honduras,Extant
4615,39,HN,Honduras,Extant
11200,29,HR,Croatia,Extant
39341,29,HR,Croatia,Extant
39381,29,HR,Croatia,Extant
187752,29,HR,Croatia,Extant
198568,29,HR,Croatia,Extant
6494,29,HR,Croatia,Extant
2478,29,HR,Croatia,Extant
9461,29,HR,Croatia,Extant
15421,29,HR,Croatia,Extant
20731,29,HR,Croatia,Extant
23211,29,HR,Croatia,Extant
16580,29,HR,Croatia,Extant
19861,29,HR,Croatia,Extant
135631,29,HR,Croatia,Extant
22692146,29,HR,Croatia,Extant
3897,29,HR,Croatia,Extant
170759990,29,HR,Croatia,Extant
198583,29,HR,Croatia,Extant
18596,29,HR,Croatia,Extant
22563,29,HR,Croatia,Extant
41755,29,HR,Croatia,Extant
20738,29,HR,Croatia,Extant
4292,29,HR,Croatia,Extant
134817215,29,HR,Croatia,Extant
22696495,29,HR,Croatia,Extant
3855,29,HR,Croatia,Extant
39339,29,HR,Croatia,Extant
12419,29,HR,Croatia,Extant
13653,29,HR,Croatia,Extant
19488,34,HT,Haiti,Extant
39341,34,HT,Haiti,Extant
39378,34,HT,Haiti,Extant
39381,34,HT,Haiti,Extant
60217,34,HT,Haiti,Extant
60225,34,HT,Haiti,Extant
6494,34,HT,Haiti,Extant
2476,34,HT,Haiti,Extant
8551,34,HT,Haiti,Extant
9249,34,HT,Haiti,Extant
9461,34,HT,Haiti,Extant
11047,34,HT,Haiti,Extant
11048,34,HT,Haiti,Extant
11140,34,HT,Haiti,Extant
13244,34,HT,Haiti,Extant
15421,34,HT,Haiti,Extant
16564,34,HT,Haiti,Extant
20729,34,HT,Haiti,Extant
20731,34,HT,Haiti,Extant
23211,34,HT,Haiti,Extant
190409,34,HT,Haiti,Extant
3897,34,HT,Haiti,Extant
191108,34,HT,Haiti,Extant
18596,34,HT,Haiti,Extant
20733,34,HT,Haiti,Extant
22563,34,HT,Haiti,Extant
41755,34,HT,Haiti,Extant
20738,34,HT,Haiti,Extant
181500967,34,HT,Haiti,Extant
4292,34,HT,Haiti,Extant
134817215,34,HT,Haiti,Extant
3855,34,HT,Haiti,Extant
39339,34,HT,Haiti,Extant
4615,34,HT,Haiti,Extant
16580,6,HU,Hungary,Extant
19861,6,HU,Hungary,Extant
135631,6,HU,Hungary,Extant
22692146,6,HU,Hungary,Extant
22696495,6,HU,Hungary,Extant
12419,6,HU,Hungary,Extant
19488,57,ID,Indonesia,Extant
39341,57,ID,Indonesia,Extant
39378,57,ID,Indonesia,Extant
39381,57,ID,Indonesia,Extant
60225,57,ID,Indonesia,Extant
11534,57,ID,Indonesia,Extant
178800,57,ID,Indonesia,Extant
4592,57,ID,Indonesia,Extant
8005,57,ID,Indonesia,Extant
6494,57,ID,Indonesia,Extant
49278407,57,ID,Indonesia,Extant
2474,57,ID,Indonesia,Extant
2476,57,ID,Indonesia,Extant
2478,57,ID,Indonesia,Extant
2480,57,ID,Indonesia,Extant
8551,57,ID,Indonesia,Extant
9249,57,ID,Indonesia,Extant
9461,57,ID,Indonesia,Extant
11047,57,ID,Indonesia,Extant
11048,57,ID,Indonesia,Extant
11140,57,ID,Indonesia,Extant
13006,57,ID,Indonesia,Extant
13244,57,ID,Indonesia,Extant
15421,57,ID,Indonesia,Extant
16564,57,ID,Indonesia,Extant
20729,57,ID,Indonesia,Extant
20731,57,ID,Indonesia,Extant
23211,57,ID,Indonesia,Extant
40635,57,ID,Indonesia,Extant
41714,57,ID,Indonesia,Extant
39375,57,ID,Indonesia,Extant
61339,57,ID,Indonesia,Extant
3897,57,ID,Indonesia,Extant
15419,57,ID,Indonesia,Extant
41772,57,ID,Indonesia,Extant
136315,57,ID,Indonesia,Extant
82031425,57,ID,Indonesia,Extant
169473392,57,ID,Indonesia,Extant
39338,57,ID,Indonesia,Extant
2475,57,ID,Indonesia,Extant
18596,57,ID,Indonesia,Extant
2477,57,ID,Indonesia,Extant
20733,57,ID,Indonesia,Extant
22563,57,ID,Indonesia,Extant
6909,57,ID,Indonesia,Extant
41755,57,ID,Indonesia,Extant
12427,57,ID,Indonesia,Extant
39365,57,ID,Indonesia,Extant
39384,57,ID,Indonesia,Extant
20738,57,ID,Indonesia,Extant
4292,57,ID,Indonesia,Extant
134817215,57,ID,Indonesia,Extant
3855,57,ID,Indonesia,Extant
39339,57,ID,Indonesia,Extant
15955,57,ID,Indonesia,Extant
12419,57,ID,Indonesia,Extant
4615,57,ID,Indonesia,Extant
11200,41,IE,Ireland,Extant
39341,41,IE,Ireland,Extant
39381,41,IE,Ireland,Extant
155123,41,IE,Ireland,Extant
198568,41,IE,Ireland,Extant
6494,41,IE,Ireland,Extant
9660,41,IE,Ireland,Extant
17013,41,IE,Ireland,Extant
2467,41,IE,Ireland,Extant
2474,41,IE,Ireland,Extant
2478,41,IE,Ireland,Extant
6335,41,IE,Ireland,Extant
9250,41,IE,Ireland,Extant
9461,41,IE,Ireland,Extant
11047,41,IE,Ireland,Extant
13006,41,IE,Ireland,Extant
13244,41,IE,Ireland,Extant
15421,41,IE,Ireland,Extant
20731,41,IE,Ireland,Extant
23211,41,IE,Ireland,Extant
16580,41,IE,Ireland,Extant
19861,41,IE,Ireland,Extant
135631,41,IE,Ireland,Extant
19855,41,IE,Ireland,Extant
22692146,41,IE,Ireland,Extant
2475,41,IE,Ireland,Extant
170759990,41,IE,Ireland,Extant
198583,41,IE,Ireland,Extant
18596,41,IE,Ireland,Extant
22698209,41,IE,Ireland,Extant
11533,41,IE,Ireland,Extant
2477,41,IE,Ireland,Extant
22563,41,IE,Ireland,Extant
41755,41,IE,Ireland,Extant
41712,41,IE,Ireland,Extant
4292,41,IE,Ireland,Extant
134817215,41,IE,Ireland,Extant
13250,41,IE,Ireland,Extant
39339,41,IE,Ireland,Extant
12419,41,IE,Ireland,Extant
17027,41,IE,Ireland,Extant
19488,35,IL,Israel,Extant
39341,35,IL,Israel,Extant
39381,35,IL,Israel,Extant
187752,35,IL,Israel,Extant
4592,35,IL,Israel,Extant
198568,35,IL,Israel,Extant
190710,35,IL,Israel,Extant
6494,35,IL,Israel,Extant
2478,35,IL,Israel,Extant
9461,35,IL,Israel,Extant
11140,35,IL,Israel,Extant
13006,35,IL,Israel,Extant
15421,35,IL,Israel,Extant
20729,35,IL,Israel,Extant
20731,35,IL,Israel,Extant
23211,35,IL,Israel,Extant
39375,35,IL,Israel,Extant
22692146,35,IL,Israel,Extant
61339,35,IL,Israel,Extant
3897,35,IL,Israel,Extant
18596,35,IL,Israel,Extant
22698209,35,IL,Israel,Extant
20733,35,IL,Israel,Extant
22563,35,IL,Israel,Extant
6909,35,IL,Israel,Extant
41755,35,IL,Israel,Extant
39384,35,IL,Israel,Extant
20738,35,IL,Israel,Extant
4292,35,IL,Israel,Extant
134817215,35,IL,Israel,Extant
22696495,35,IL,Israel,Extant
39339,35,IL,Israel,Extant
12419,35,IL,Israel,Extant
13653,35,IL,Israel,Extant
4615,35,IL,Israel,Extant
11200,11,IM,Isle of Man,Extant
39381,11,IM,Isle of Man,Extant
8784,11,IM,Isle of Man,Extant
9461,11,IM,Isle of Man,Extant
11047,11,IM,Isle of Man,Extant
19861,11,IM,Isle of Man,Extant
19855,11,IM,Isle of Man,Extant
170759990,11,IM,Isle of Man,Extant
22563,11,IM,Isle of Man,Extant
4292,11,IM,Isle of Man,Extant
39339,11,IM,Isle of Man,Extant
19488,49,IN,India,Extant
39341,49,IN,India,Extant
39378,49,IN,India,Extant
39381,49,IN,India,Extant
60225,49,IN,India,Extant
11534,49,IN,India,Extant
178800,49,IN,India,Extant
4592,49,IN,India,Extant
8005,49,IN,India,Extant
6494,49,IN,India,Extant
2476,49,IN,India,Extant
8551,49,IN,India,Extant
9249,49,IN,India,Extant
9461,49,IN,India,Extant
11047,49,IN,India,Extant
11048,49,IN,India,Extant
11140,49,IN,India,Extant
13006,49,IN,India,Extant
13244,49,IN,India,Extant
15421,49,IN,India,Extant
16564,49,IN,India,Extant
20729,49,IN,India,Extant
20731,49,IN,India,Extant
23211,49,IN,India,Extant
40635,49,IN,India,Extant
41714,49,IN,India,Extant
39375,49,IN,India,Extant
22692146,49,IN,India,Extant
61339,49,IN,India,Extant
15419,49,IN,India,Extant
82031425,49,IN,India,Extant
169473392,49,IN,India,Extant
18596,49,IN,India,Extant
2477,49,IN,India,Extant
20733,49,IN,India,Extant
22563,49,IN,India,Extant
6909,49,IN,India,Extant
41755,49,IN,India,Extant
12427,49,IN,India,Extant
39365,49,IN,India,Extant
39384,49,IN,India,Extant
20738,49,IN,India,Extant
134817215,49,IN,India,Extant
22696495,49,IN,India,Extant
3855,49,IN,India,Extant
39339,49,IN,India,Extant
15955,49,IN,India,Extant
12419,49,IN,India,Extant
4615,49,IN,India,Extant
60225,24,IO,British Indian Ocean Territory,Extant
4592,24,IO,British Indian Ocean Territory,Extant
8005,24,IO,British Indian Ocean Territory,Extant
9249,24,IO,British Indian Ocean Territory,Extant
9461,24,IO,British Indian Ocean Territory,Extant
11047,24,IO,British Indian Ocean Territory,Extant
11048,24,IO,British Indian Ocean Territory,Extant
13006,24,IO,British Indian Ocean Territory,Extant
13244,24,IO,British Indian Ocean Territory,Extant
15421,24,IO,British Indian Ocean Territory,Extant
20731,24,IO,British Indian Ocean Territory,Extant
23211,24,IO,British Indian Ocean Territory,Extant
39375,24,IO,British Indian Ocean Territory,Extant
61339,24,IO,British Indian Ocean Territory,Extant
18596,24,IO,British Indian Ocean Territory,Extant
20733,24,IO,British Indian Ocean Territory,Extant
22563,24,IO,British Indian Ocean Territory,Extant
41755,24,IO,British Indian Ocean Territory,Extant
39365,24,IO,British Indian Ocean Territory,Extant
39384,24,IO,British Indian Ocean Territory,Extant
20738,24,IO,British Indian Ocean Territory,Extant
3855,24,IO,British Indian Ocean Territory,Extant
39339,24,IO,British Indian Ocean Territory,Extant
4615,24,IO,British Indian Ocean Territory,Extant
19488,24,IQ,Iraq,Extant
39378,24,IQ,Iraq,Extant
39381,24,IQ,Iraq,Extant
2476,24,IQ,Iraq,Extant
11140,24,IQ,Iraq,Extant
13006,24,IQ,Iraq,Extant
20729,24,IQ,Iraq,Extant
20731,24,IQ,Iraq,Extant
41714,24,IQ,Iraq,Extant
39375,24,IQ,Iraq,Extant
22692146,24,IQ,Iraq,Extant
18596,24,IQ,Iraq,Extant
2477,24,IQ,Iraq,Extant
20733,24,IQ,Iraq,Extant
22563,24,IQ,Iraq,Extant
6909,24,IQ,Iraq,Extant
12427,24,IQ,Iraq,Extant
39365,24,IQ,Iraq,Extant
20738,24,IQ,Iraq,Extant
134817215,24,IQ,Iraq,Extant
22696495,24,IQ,Iraq,Extant
3855,24,IQ,Iraq,Extant
15955,24,IQ,Iraq,Extant
12419,24,IQ,Iraq,Extant
19488,44,IR,"Iran, Islamic Republic of",Extant
39341,44,IR,"Iran, Islamic Republic of",Extant
39378,44,IR,"Iran, Islamic Republic of",Extant
39381,44,IR,"Iran, Islamic Republic of",Extant
60225,44,IR,"Iran, Islamic Republic of",Extant
11534,44,IR,"Iran, Islamic Republic of",Extant
8005,44,IR,"Iran, Islamic Republic of",Extant
8784,44,IR,"Iran, Islamic Republic of",Extant
2476,44,IR,"Iran, Islamic Republic of",Extant
8551,44,IR,"Iran, Islamic Republic of",Extant
9249,44,IR,"Iran, Islamic Republic of",Extant
9461,44,IR,"Iran, Islamic Republic of",Extant
11047,44,IR,"Iran, Islamic Republic of",Extant
11048,44,IR,"Iran, Islamic Republic of",Extant
11140,44,IR,"Iran, Islamic Republic of",Extant
13006,44,IR,"Iran, Islamic Republic of",Extant
13244,44,IR,"Iran, Islamic Republic of",Extant
15421,44,IR,"Iran, Islamic Republic of",Extant
16564,44,IR,"Iran, Islamic Republic of",Extant
20729,44,IR,"Iran, Islamic Republic of",Extant
20731,44,IR,"Iran, Islamic Republic of",Extant
23211,44,IR,"Iran, Islamic Republic of",Extant
41714,44,IR,"Iran, Islamic Republic of",Extant
16580,44,IR,"Iran, Islamic Republic of",Extant
39375,44,IR,"Iran, Islamic Republic of",Extant
135631,44,IR,"Iran, Islamic Republic of",Extant
22692146,44,IR,"Iran, Islamic Republic of",Extant
3897,44,IR,"Iran, Islamic Republic of",Extant
170759990,44,IR,"Iran, Islamic Republic of",Extant
18596,44,IR,"Iran, Islamic Republic of",Extant
2477,44,IR,"Iran, Islamic Republic of",Extant
20733,44,IR,"Iran, Islamic Republic of",Extant
22563,44,IR,"Iran, Islamic Republic of",Extant
6909,44,IR,"Iran, Islamic Republic of",Extant
41755,44,IR,"Iran, Islamic Republic of",Extant
39365,44,IR,"Iran, Islamic Republic of",Extant
20738,44,IR,"Iran, Islamic Republic of",Extant
134817215,44,IR,"Iran, Islamic Republic of",Extant
22696495,44,IR,"Iran, Islamic Republic of",Extant
3855,44,IR,"Iran, Islamic Republic of",Extant
39339,44,IR,"Iran, Islamic Republic of",Extant
15955,44,IR,"Iran, Islamic Republic of",Extant
12419,44,IR,"Iran, Islamic Republic of",Extant
4615,44,IR,"Iran, Islamic Republic of",Extant
11200,29,IS,Iceland,Extant
39378,29,IS,Iceland,Extant
155123,29,IS,Iceland,Extant
8784,29,IS,Iceland,Extant
22823,29,IS,Iceland,Extant
9660,29,IS,Iceland,Extant
17013,29,IS,Iceland,Extant
41672,29,IS,Iceland,Extant
2467,29,IS,Iceland,Extant
2474,29,IS,Iceland,Extant
2478,29,IS,Iceland,Extant
6335,29,IS,Iceland,Extant
8097,29,IS,Iceland,Extant
9250,29,IS,Iceland,Extant
13006,29,IS,Iceland,Extant
13704,29,IS,Iceland,Extant
15421,29,IS,Iceland,Extant
23211,29,IS,Iceland,Extant
19861,29,IS,Iceland,Extant
19855,29,IS,Iceland,Extant
22692146,29,IS,Iceland,Extant
2475,29,IS,Iceland,Extant
22698209,29,IS,Iceland,Extant
2477,29,IS,Iceland,Extant
41755,29,IS,Iceland,Extant
41712,29,IS,Iceland,Extant
4292,29,IS,Iceland,Extant
134817215,29,IS,Iceland,Extant
17027,29,IS,Iceland,Extant
11200,36,IT,Italy,Extant
39341,36,IT,Italy,Extant
39381,36,IT,Italy,Extant
187752,36,IT,Italy,Extant
198568,36,IT,Italy,Extant
190710,36,IT,Italy,Extant
176528,36,IT,Italy,Extant
6494,36,IT,Italy,Extant
2474,36,IT,Italy,Extant
2478,36,IT,Italy,Extant
8551,36,IT,Italy,Extant
9249,36,IT,Italy,Extant
9250,36,IT,Italy,Extant
9461,36,IT,Italy,Extant
15421,36,IT,Italy,Extant
20731,36,IT,Italy,Extant
23211,36,IT,Italy,Extant
16580,36,IT,Italy,Extant
19861,36,IT,Italy,Extant
135631,36,IT,Italy,Extant
22692146,36,IT,Italy,Extant
3897,36,IT,Italy,Extant
170759990,36,IT,Italy,Extant
198583,36,IT,Italy,Extant
18596,36,IT,Italy,Extant
22698209,36,IT,Italy,Extant
22563,36,IT,Italy,Extant
41755,36,IT,Italy,Extant
20738,36,IT,Italy,Extant
4292,36,IT,Italy,Extant
134817215,36,IT,Italy,Extant
22696495,36,IT,Italy,Extant
3855,36,IT,Italy,Extant
39339,36,IT,Italy,Extant
12419,36,IT,Italy,Extant
13653,36,IT,Italy,Extant
11200,14,JE,Jersey,Extant
39381,14,JE,Jersey,Extant
187752,14,JE,Jersey,Extant
8784,14,JE,Jersey,Extant
198568,14,JE,Jersey,Extant
9461,14,JE,Jersey,Extant
11047,14,JE,Jersey,Extant
19861,14,JE,Jersey,Extant
170759990,14,JE,Jersey,Extant
198583,14,JE,Jersey,Extant
22563,14,JE,Jersey,Extant
4292,14,JE,Jersey,Extant
3855,14,JE,Jersey,Extant
39339,14,JE,Jersey,Extant
19488,39,JM,Jamaica,Extant
39341,39,JM,Jamaica,Extant
39378,39,JM,Jamaica,Extant
39381,39,JM,Jamaica,Extant
60217,39,JM,Jamaica,Extant
60225,39,JM,Jamaica,Extant
11534,39,JM,Jamaica,Extant
8005,39,JM,Jamaica,Extant
6494,39,JM,Jamaica,Extant
49278407,39,JM,Jamaica,Extant
2476,39,JM,Jamaica,Extant
8551,39,JM,Jamaica,Extant
9249,39,JM,Jamaica,Extant
9461,39,JM,Jamaica,Extant
11047,39,JM,Jamaica,Extant
11048,39,JM,Jamaica,Extant
11140,39,JM,Jamaica,Extant
13006,39,JM,Jamaica,Extant
13244,39,JM,Jamaica,Extant
15421,39,JM,Jamaica,Extant
16564,39,JM,Jamaica,Extant
20729,39,JM,Jamaica,Extant
20731,39,JM,Jamaica,Extant
23211,39,JM,Jamaica,Extant
190409,39,JM,Jamaica,Extant
3897,39,JM,Jamaica,Extant
191108,39,JM,Jamaica,Extant
18596,39,JM,Jamaica,Extant
22698209,39,JM,Jamaica,Extant
20733,39,JM,Jamaica,Extant
22563,39,JM,Jamaica,Extant
41755,39,JM,Jamaica,Extant
20738,39,JM,Jamaica,Extant
181500967,39,JM,Jamaica,Extant
4292,39,JM,Jamaica,Extant
134817215,39,JM,Jamaica,Extant
3855,39,JM,Jamaica,Extant
39339,39,JM,Jamaica,Extant
4615,39,JM,Jamaica,Extant
19488,17,JO,Jordan,Extant
198568,17,JO,Jordan,Extant
9461,17,JO,Jordan,Extant
11140,17,JO,Jordan,Extant
13006,17,JO,Jordan,Extant
20729,17,JO,Jordan,Extant
41714,17,JO,Jordan,Extant
22692146,17,JO,Jordan,Extant
61339,17,JO,Jordan,Extant
18596,17,JO,Jordan,Extant
22698209,17,JO,Jordan,Extant
20733,17,JO,Jordan,Extant
22563,17,JO,Jordan,Extant
6909,17,JO,Jordan,Extant
20738,17,JO,Jordan,Extant
22696495,17,JO,Jordan,Extant
12419,17,JO,Jordan,Extant
19488,61,JP,Japan,Extant
39341,61,JP,Japan,Extant
39381,61,JP,Japan,Extant
60225,61,JP,Japan,Extant
11534,61,JP,Japan,Extant
135301,61,JP,Japan,Extant
178800,61,JP,Japan,Extant
4592,61,JP,Japan,Extant
8005,61,JP,Japan,Extant
62225,61,JP,Japan,Extant
6494,61,JP,Japan,Extant
17013,61,JP,Japan,Extant
41672,61,JP,Japan,Extant
2474,61,JP,Japan,Extant
2476,61,JP,Japan,Extant
2478,61,JP,Japan,Extant
6335,61,JP,Japan,Extant
8097,61,JP,Japan,Extant
8551,61,JP,Japan,Extant
9249,61,JP,Japan,Extant
9461,61,JP,Japan,Extant
11047,61,JP,Japan,Extant
11048,61,JP,Japan,Extant
11140,61,JP,Japan,Extant
13006,61,JP,Japan,Extant
13244,61,JP,Japan,Extant
15421,61,JP,Japan,Extant
16564,61,JP,Japan,Extant
20729,61,JP,Japan,Extant
20731,61,JP,Japan,Extant
23211,61,JP,Japan,Extant
40635,61,JP,Japan,Extant
41711,61,JP,Japan,Extant
41714,61,JP,Japan,Extant
39375,61,JP,Japan,Extant
22692146,61,JP,Japan,Extant
98471199,61,JP,Japan,Extant
61339,61,JP,Japan,Extant
3897,61,JP,Japan,Extant
39338,61,JP,Japan,Extant
127827012,61,JP,Japan,Extant
2475,61,JP,Japan,Extant
22694334,61,JP,Japan,Extant
18596,61,JP,Japan,Extant
22698209,61,JP,Japan,Extant
2477,61,JP,Japan,Extant
20733,61,JP,Japan,Extant
22563,61,JP,Japan,Extant
158625941,61,JP,Japan,Extant
6909,61,JP,Japan,Extant
41755,61,JP,Japan,Extant
39365,61,JP,Japan,Extant
39384,61,JP,Japan,Extant
20738,61,JP,Japan,Extant
4292,61,JP,Japan,Extant
134817215,61,JP,Japan,Extant
3855,61,JP,Japan,Extant
39339,61,JP,Japan,Extant
12419,61,JP,Japan,Extant
17027,61,JP,Japan,Extant
4615,61,JP,Japan,Extant
19488,43,KE,Kenya,Extant
197461,43,KE,Kenya,Extant
39341,43,KE,Kenya,Extant
39378,43,KE,Kenya,Extant
39381,43,KE,Kenya,Extant
60225,43,KE,Kenya,Extant
11534,43,KE,Kenya,Extant
4592,43,KE,Kenya,Extant
8005,43,KE,Kenya,Extant
6494,43,KE,Kenya,Extant
2476,43,KE,Kenya,Extant
2480,43,KE,Kenya,Extant
8551,43,KE,Kenya,Extant
9249,43,KE,Kenya,Extant
9461,43,KE,Kenya,Extant
11047,43,KE,Kenya,Extant
11048,43,KE,Kenya,Extant
11140,43,KE,Kenya,Extant
13006,43,KE,Kenya,Extant
13244,43,KE,Kenya,Extant
15421,43,KE,Kenya,Extant
16564,43,KE,Kenya,Extant
20729,43,KE,Kenya,Extant
20731,43,KE,Kenya,Extant
23211,43,KE,Kenya,Extant
40635,43,KE,Kenya,Extant
41714,43,KE,Kenya,Extant
39375,43,KE,Kenya,Extant
61339,43,KE,Kenya,Extant
3897,43,KE,Kenya,Extant
18596,43,KE,Kenya,Extant
2477,43,KE,Kenya,Extant
20733,43,KE,Kenya,Extant
22563,43,KE,Kenya,Extant
6909,43,KE,Kenya,Extant
41755,43,KE,Kenya,Extant
39365,43,KE,Kenya,Extant
20738,43,KE,Kenya,Extant
134817215,43,KE,Kenya,Extant
22696495,43,KE,Kenya,Extant
3855,43,KE,Kenya,Extant
39339,43,KE,Kenya,Extant
4615,43,KE,Kenya,Extant
16580,5,KG,Kyrgyzstan,Extant
22692146,5,KG,Kyrgyzstan,Extant
22696495,5,KG,Kyrgyzstan,Extant
15955,5,KG,Kyrgyzstan,Extant
12419,5,KG,Kyrgyzstan,Extant
19488,41,KH,Cambodia,Extant
39341,41,KH,Cambodia,Extant
39381,41,KH,Cambodia,Extant
60225,41,KH,Cambodia,Extant
11534,41,KH,Cambodia,Extant
178800,41,KH,Cambodia,Extant
4592,41,KH,Cambodia,Extant
8005,41,KH,Cambodia,Extant
6494,41,KH,Cambodia,Extant
2476,41,KH,Cambodia,Extant
8551,41,KH,Cambodia,Extant
9249,41,KH,Cambodia,Extant
9461,41,KH,Cambodia,Extant
11047,41,KH,Cambodia,Extant
11048,41,KH,Cambodia,Extant
11140,41,KH,Cambodia,Extant
13244,41,KH,Cambodia,Extant
15421,41,KH,Cambodia,Extant
16564,41,KH,Cambodia,Extant
20729,41,KH,Cambodia,Extant
20731,41,KH,Cambodia,Extant
23211,41,KH,Cambodia,Extant
41714,41,KH,Cambodia,Extant
39375,41,KH,Cambodia,Extant
15419,41,KH,Cambodia,Extant
82031425,41,KH,Cambodia,Extant
18596,41,KH,Cambodia,Extant
20733,41,KH,Cambodia,Extant
22563,41,KH,Cambodia,Extant
6909,41,KH,Cambodia,Extant
41755,41,KH,Cambodia,Extant
12427,41,KH,Cambodia,Extant
39365,41,KH,Cambodia,Extant
39384,41,KH,Cambodia,Extant
20738,41,KH,Cambodia,Extant
134817215,41,KH,Cambodia,Extant
3855,41,KH,Cambodia,Extant
39339,41,KH,Cambodia,Extant
15955,41,KH,Cambodia,Extant
12419,41,KH,Cambodia,Extant
4615,41,KH,Cambodia,Extant
19488,35,KI,Kiribati,Extant
39341,35,KI,Kiribati,Extant
39378,35,KI,Kiribati,Extant
39381,35,KI,Kiribati,Extant
4592,35,KI,Kiribati,Extant
6494,35,KI,Kiribati,Extant
2476,35,KI,Kiribati,Extant
8551,35,KI,Kiribati,Extant
9249,35,KI,Kiribati,Extant
9461,35,KI,Kiribati,Extant
11047,35,KI,Kiribati,Extant
11048,35,KI,Kiribati,Extant
11140,35,KI,Kiribati,Extant
13006,35,KI,Kiribati,Extant
13244,35,KI,Kiribati,Extant
15421,35,KI,Kiribati,Extant
16564,35,KI,Kiribati,Extant
20729,35,KI,Kiribati,Extant
20731,35,KI,Kiribati,Extant
23211,35,KI,Kiribati,Extant
39375,35,KI,Kiribati,Extant
61339,35,KI,Kiribati,Extant
18596,35,KI,Kiribati,Extant
22698209,35,KI,Kiribati,Extant
2477,35,KI,Kiribati,Extant
20733,35,KI,Kiribati,Extant
22563,35,KI,Kiribati,Extant
41755,35,KI,Kiribati,Extant
39365,35,KI,Kiribati,Extant
39384,35,KI,Kiribati,Extant
20738,35,KI,Kiribati,Extant
4292,35,KI,Kiribati,Extant
3855,35,KI,Kiribati,Extant
39339,35,KI,Kiribati,Extant
4615,35,KI,Kiribati,Extant
39381,35,KM,Comoros,Extant
60225,35,KM,Comoros,Extant
4592,35,KM,Comoros,Extant
8005,35,KM,Comoros,Extant
6494,35,KM,Comoros,Extant
2476,35,KM,Comoros,Extant
2480,35,KM,Comoros,Extant
8551,35,KM,Comoros,Extant
9249,35,KM,Comoros,Extant
9461,35,KM,Comoros,Extant
11047,35,KM,Comoros,Extant
11048,35,KM,Comoros,Extant
11140,35,KM,Comoros,Extant
13006,35,KM,Comoros,Extant
13244,35,KM,Comoros,Extant
15421,35,KM,Comoros,Extant
16564,35,KM,Comoros,Extant
20729,35,KM,Comoros,Extant
20731,35,KM,Comoros,Extant
23211,35,KM,Comoros,Extant
40635,35,KM,Comoros,Extant
41714,35,KM,Comoros,Extant
39375,35,KM,Comoros,Extant
61339,35,KM,Comoros,Extant
3897,35,KM,Comoros,Extant
18596,35,KM,Comoros,Extant
2477,35,KM,Comoros,Extant
20733,35,KM,Comoros,Extant
22563,35,KM,Comoros,Extant
6909,35,KM,Comoros,Extant
41755,35,KM,Comoros,Extant
39365,35,KM,Comoros,Extant
20738,35,KM,Comoros,Extant
3855,35,KM,Comoros,Extant
4615,35,KM,Comoros,Extant
19488,35,KN,Saint Kitts and Nevis,Extant
39341,35,KN,Saint Kitts and Nevis,Extant
39378,35,KN,Saint Kitts and Nevis,Extant
39381,35,KN,Saint Kitts and Nevis,Extant
60217,35,KN,Saint Kitts and Nevis,Extant
60225,35,KN,Saint Kitts and Nevis,Extant
8005,35,KN,Saint Kitts and Nevis,Extant
6494,35,KN,Saint Kitts and Nevis,Extant
2476,35,KN,Saint Kitts and Nevis,Extant
8551,35,KN,Saint Kitts and Nevis,Extant
9249,35,KN,Saint Kitts and Nevis,Extant
9461,35,KN,Saint Kitts and Nevis,Extant
11047,35,KN,Saint Kitts and Nevis,Extant
11048,35,KN,Saint Kitts and Nevis,Extant
11140,35,KN,Saint Kitts and Nevis,Extant
13006,35,KN,Saint Kitts and Nevis,Extant
13244,35,KN,Saint Kitts and Nevis,Extant
15421,35,KN,Saint Kitts and Nevis,Extant
16564,35,KN,Saint Kitts and Nevis,Extant
20729,35,KN,Saint Kitts and Nevis,Extant
20731,35,KN,Saint Kitts and Nevis,Extant
23211,35,KN,Saint Kitts and Nevis,Extant
190409,35,KN,Saint Kitts and Nevis,Extant
3897,35,KN,Saint Kitts and Nevis,Extant
191108,35,KN,Saint Kitts and Nevis,Extant
18596,35,KN,Saint Kitts and Nevis,Extant
20733,35,KN,Saint Kitts and Nevis,Extant
22563,35,KN,Saint Kitts and Nevis,Extant
41755,35,KN,Saint Kitts and Nevis,Extant
20738,35,KN,Saint Kitts and Nevis,Extant
181500967,35,KN,Saint Kitts and Nevis,Extant
134817215,35,KN,Saint Kitts and Nevis,Extant
3855,35,KN,Saint Kitts and Nevis,Extant
39339,35,KN,Saint Kitts and Nevis,Extant
4615,35,KN,Saint Kitts and Nevis,Extant
39341,34,KP,"Korea, Democratic People's Republic of",Extant
60225,34,KP,"Korea, Democratic People's Republic of",Extant
6494,34,KP,"Korea, Democratic People's Republic of",Extant
2474,34,KP,"Korea, Democratic People's Republic of",Extant
2476,34,KP,"Korea, Democratic People's Republic of",Extant
2478,34,KP,"Korea, Democratic People's Republic of",Extant
8097,34,KP,"Korea, Democratic People's Republic of",Extant
9249,34,KP,"Korea, Democratic People's Republic of",Extant
11047,34,KP,"Korea, Democratic People's Republic of",Extant
11048,34,KP,"Korea, Democratic People's Republic of",Extant
13006,34,KP,"Korea, Democratic People's Republic of",Extant
15421,34,KP,"Korea, Democratic People's Republic of",Extant
16564,34,KP,"Korea, Democratic People's Republic of",Extant
20729,34,KP,"Korea, Democratic People's Republic of",Extant
20731,34,KP,"Korea, Democratic People's Republic of",Extant
23211,34,KP,"Korea, Democratic People's Republic of",Extant
41711,34,KP,"Korea, Democratic People's Republic of",Extant
19855,34,KP,"Korea, Democratic People's Republic of",Extant
22692146,34,KP,"Korea, Democratic People's Republic of",Extant
98471199,34,KP,"Korea, Democratic People's Republic of",Extant
2475,34,KP,"Korea, Democratic People's Republic of",Extant
18596,34,KP,"Korea, Democratic People's Republic of",Extant
2477,34,KP,"Korea, Democratic People's Republic of",Extant
20733,34,KP,"Korea, Democratic People's Republic of",Extant
22563,34,KP,"Korea, Democratic People's Republic of",Extant
41755,34,KP,"Korea, Democratic People's Republic of",Extant
20738,34,KP,"Korea, Democratic People's Republic of",Extant
4292,34,KP,"Korea, Democratic People's Republic of",Extant
134817215,34,KP,"Korea, Democratic People's Republic of",Extant
3855,34,KP,"Korea, Democratic People's Republic of",Extant
39339,34,KP,"Korea, Democratic People's Republic of",Extant
15955,34,KP,"Korea, Democratic People's Republic of",Extant
12419,34,KP,"Korea, Democratic People's Republic of",Extant
17027,34,KP,"Korea, Democratic People's Republic of",Extant
39341,37,KR,"Korea, Republic of",Extant
60225,37,KR,"Korea, Republic of",Extant
6494,37,KR,"Korea, Republic of",Extant
2474,37,KR,"Korea, Republic of",Extant
2476,37,KR,"Korea, Republic of",Extant
2478,37,KR,"Korea, Republic of",Extant
8097,37,KR,"Korea, Republic of",Extant
8551,37,KR,"Korea, Republic of",Extant
9249,37,KR,"Korea, Republic of",Extant
9461,37,KR,"Korea, Republic of",Extant
11047,37,KR,"Korea, Republic of",Extant
11048,37,KR,"Korea, Republic of",Extant
11140,37,KR,"Korea, Republic of",Extant
13006,37,KR,"Korea, Republic of",Extant
15421,37,KR,"Korea, Republic of",Extant
16564,37,KR,"Korea, Republic of",Extant
20729,37,KR,"Korea, Republic of",Extant
20731,37,KR,"Korea, Republic of",Extant
23211,37,KR,"Korea, Republic of",Extant
41711,37,KR,"Korea, Republic of",Extant
22692146,37,KR,"Korea, Republic of",Extant
98471199,37,KR,"Korea, Republic of",Extant
3897,37,KR,"Korea, Republic of",Extant
2475,37,KR,"Korea, Republic of",Extant
18596,37,KR,"Korea, Republic of",Extant
2477,37,KR,"Korea, Republic of",Extant
20733,37,KR,"Korea, Republic of",Extant
22563,37,KR,"Korea, Republic of",Extant
41755,37,KR,"Korea, Republic of",Extant
20738,37,KR,"Korea, Republic of",Extant
4292,37,KR,"Korea, Republic of",Extant
134817215,37,KR,"Korea, Republic of",Extant
22696495,37,KR,"Korea, Republic of",Extant
3855,37,KR,"Korea, Republic of",Extant
39339,37,KR,"Korea, Republic of",Extant
12419,37,KR,"Korea, Republic of",Extant
17027,37,KR,"Korea, Republic of",Extant
39378,22,KW,Kuwait,Extant
39381,22,KW,Kuwait,Extant
8005,22,KW,Kuwait,Extant
2476,22,KW,Kuwait,Extant
11140,22,KW,Kuwait,Extant
13006,22,KW,Kuwait,Extant
15421,22,KW,Kuwait,Extant
20729,22,KW,Kuwait,Extant
20731,22,KW,Kuwait,Extant
23211,22,KW,Kuwait,Extant
41714,22,KW,Kuwait,Extant
22692146,22,KW,Kuwait,Extant
3897,22,KW,Kuwait,Extant
18596,22,KW,Kuwait,Extant
20733,22,KW,Kuwait,Extant
22563,22,KW,Kuwait,Extant
6909,22,KW,Kuwait,Extant
39365,22,KW,Kuwait,Extant
20738,22,KW,Kuwait,Extant
134817215,22,KW,Kuwait,Extant
22696495,22,KW,Kuwait,Extant
4615,22,KW,Kuwait,Extant
19488,35,KY,Cayman Islands,Extant
39341,35,KY,Cayman Islands,Extant
39378,35,KY,Cayman Islands,Extant
39381,35,KY,Cayman Islands,Extant
60217,35,KY,Cayman Islands,Extant
60225,35,KY,Cayman Islands,Extant
8005,35,KY,Cayman Islands,Extant
2476,35,KY,Cayman Islands,Extant
8551,35,KY,Cayman Islands,Extant
9249,35,KY,Cayman Islands,Extant
9461,35,KY,Cayman Islands,Extant
11047,35,KY,Cayman Islands,Extant
11048,35,KY,Cayman Islands,Extant
11140,35,KY,Cayman Islands,Extant
13006,35,KY,Cayman Islands,Extant
13244,35,KY,Cayman Islands,Extant
15421,35,KY,Cayman Islands,Extant
16564,35,KY,Cayman Islands,Extant
20729,35,KY,Cayman Islands,Extant
20731,35,KY,Cayman Islands,Extant
23211,35,KY,Cayman Islands,Extant
190409,35,KY,Cayman Islands,Extant
3897,35,KY,Cayman Islands,Extant
191108,35,KY,Cayman Islands,Extant
18596,35,KY,Cayman Islands,Extant
20733,35,KY,Cayman Islands,Extant
22563,35,KY,Cayman Islands,Extant
41755,35,KY,Cayman Islands,Extant
20738,35,KY,Cayman Islands,Extant
181500967,35,KY,Cayman Islands,Extant
4292,35,KY,Cayman Islands,Extant
134817215,35,KY,Cayman Islands,Extant
3855,35,KY,Cayman Islands,Extant
39339,35,KY,Cayman Islands,Extant
4615,35,KY,Cayman Islands,Extant
16580,7,KZ,Kazakhstan,Extant
135631,7,KZ,Kazakhstan,Extant
22692146,7,KZ,Kazakhstan,Extant
170759990,7,KZ,Kazakhstan,Extant
22696495,7,KZ,Kazakhstan,Extant
15955,7,KZ,Kazakhstan,Extant
12419,7,KZ,Kazakhstan,Extant
39381,6,LA,Lao People's Democratic Republic,Extant
22692146,6,LA,Lao People's Democratic Republic,Extant
15419,6,LA,Lao People's Democratic Republic,Extant
12427,6,LA,Lao People's Democratic Republic,Extant
15955,6,LA,Lao People's Democratic Republic,Extant
12419,6,LA,Lao People's Democratic Republic,Extant
39381,24,LB,Lebanon,Extant
187752,24,LB,Lebanon,Extant
198568,24,LB,Lebanon,Extant
190710,24,LB,Lebanon,Extant
6494,24,LB,Lebanon,Extant
2478,24,LB,Lebanon,Extant
9461,24,LB,Lebanon,Extant
15421,24,LB,Lebanon,Extant
23211,24,LB,Lebanon,Extant
22692146,24,LB,Lebanon,Extant
3897,24,LB,Lebanon,Extant
198583,24,LB,Lebanon,Extant
18596,24,LB,Lebanon,Extant
22698209,24,LB,Lebanon,Extant
22563,24,LB,Lebanon,Extant
41755,24,LB,Lebanon,Extant
20738,24,LB,Lebanon,Extant
4292,24,LB,Lebanon,Extant
134817215,24,LB,Lebanon,Extant
22696495,24,LB,Lebanon,Extant
3855,24,LB,Lebanon,Extant
39339,24,LB,Lebanon,Extant
12419,24,LB,Lebanon,Extant
13653,24,LB,Lebanon,Extant
19488,34,LC,Saint Lucia,Extant
39341,34,LC,Saint Lucia,Extant
39378,34,LC,Saint Lucia,Extant
39381,34,LC,Saint Lucia,Extant
60217,34,LC,Saint Lucia,Extant
60225,34,LC,Saint Lucia,Extant
6494,34,LC,Saint Lucia,Extant
2476,34,LC,Saint Lucia,Extant
9249,34,LC,Saint Lucia,Extant
9461,34,LC,Saint Lucia,Extant
11047,34,LC,Saint Lucia,Extant
11048,34,LC,Saint Lucia,Extant
11140,34,LC,Saint Lucia,Extant
13006,34,LC,Saint Lucia,Extant
13244,34,LC,Saint Lucia,Extant
15421,34,LC,Saint Lucia,Extant
16564,34,LC,Saint Lucia,Extant
20729,34,LC,Saint Lucia,Extant
20731,34,LC,Saint Lucia,Extant
23211,34,LC,Saint Lucia,Extant
190409,34,LC,Saint Lucia,Extant
3897,34,LC,Saint Lucia,Extant
191108,34,LC,Saint Lucia,Extant
18596,34,LC,Saint Lucia,Extant
22698209,34,LC,Saint Lucia,Extant
20733,34,LC,Saint Lucia,Extant
22563,34,LC,Saint Lucia,Extant
41755,34,LC,Saint Lucia,Extant
20738,34,LC,Saint Lucia,Extant
181500967,34,LC,Saint Lucia,Extant
134817215,34,LC,Saint Lucia,Extant
3855,34,LC,Saint Lucia,Extant
39339,34,LC,Saint Lucia,Extant
4615,34,LC,Saint Lucia,Extant
16580,4,LI,Liechtenstein,Extant
19861,4,LI,Liechtenstein,Extant
22692146,4,LI,Liechtenstein,Extant
12419,4,LI,Liechtenstein,Extant
39341,44,LK,Sri Lanka,Extant
39378,44,LK,Sri Lanka,Extant
39381,44,LK,Sri Lanka,Extant
60225,44,LK,Sri Lanka,Extant
11534,44,LK,Sri Lanka,Extant
178800,44,LK,Sri Lanka,Extant
4592,44,LK,Sri Lanka,Extant
8005,44,LK,Sri Lanka,Extant
6494,44,LK,Sri Lanka,Extant
2476,44,LK,Sri Lanka,Extant
8551,44,LK,Sri Lanka,Extant
9249,44,LK,Sri Lanka,Extant
9461,44,LK,Sri Lanka,Extant
11047,44,LK,Sri Lanka,Extant
11048,44,LK,Sri Lanka,Extant
11140,44,LK,Sri Lanka,Extant
13006,44,LK,Sri Lanka,Extant
13244,44,LK,Sri Lanka,Extant
15421,44,LK,Sri Lanka,Extant
16564,44,LK,Sri Lanka,Extant
20729,44,LK,Sri Lanka,Extant
20731,44,LK,Sri Lanka,Extant
23211,44,LK,Sri Lanka,Extant
40635,44,LK,Sri Lanka,Extant
41714,44,LK,Sri Lanka,Extant
39375,44,LK,Sri Lanka,Extant
61339,44,LK,Sri Lanka,Extant
3897,44,LK,Sri Lanka,Extant
39338,44,LK,Sri Lanka,Extant
18596,44,LK,Sri Lanka,Extant
22698209,44,LK,Sri Lanka,Extant
2477,44,LK,Sri Lanka,Extant
20733,44,LK,Sri Lanka,Extant
22563,44,LK,Sri Lanka,Extant
6909,44,LK,Sri Lanka,Extant
41755,44,LK,Sri Lanka,Extant
39365,44,LK,Sri Lanka,Extant
39384,44,LK,Sri Lanka,Extant
20738,44,LK,Sri Lanka,Extant
134817215,44,LK,Sri Lanka,Extant
3855,44,LK,Sri Lanka,Extant
39339,44,LK,Sri Lanka,Extant
12419,44,LK,Sri Lanka,Extant
4615,44,LK,Sri Lanka,Extant
19488,33,LR,Liberia,Extant
39341,33,LR,Liberia,Extant
39378,33,LR,Liberia,Extant
39381,33,LR,Liberia,Extant
60225,33,LR,Liberia,Extant
11534,33,LR,Liberia,Extant
198568,33,LR,Liberia,Extant
6494,33,LR,Liberia,Extant
2476,33,LR,Liberia,Extant
8551,33,LR,Liberia,Extant
9249,33,LR,Liberia,Extant
9461,33,LR,Liberia,Extant
11047,33,LR,Liberia,Extant
11048,33,LR,Liberia,Extant
11140,33,LR,Liberia,Extant
13006,33,LR,Liberia,Extant
13244,33,LR,Liberia,Extant
15421,33,LR,Liberia,Extant
16564,33,LR,Liberia,Extant
20729,33,LR,Liberia,Extant
20731,33,LR,Liberia,Extant
23211,33,LR,Liberia,Extant
18596,33,LR,Liberia,Extant
22698209,33,LR,Liberia,Extant
20733,33,LR,Liberia,Extant
22563,33,LR,Liberia,Extant
41755,33,LR,Liberia,Extant
20738,33,LR,Liberia,Extant
4292,33,LR,Liberia,Extant
134817215,33,LR,Liberia,Extant
3855,33,LR,Liberia,Extant
39339,33,LR,Liberia,Extant
4615,33,LR,Liberia,Extant
197461,1,LS,Lesotho,Extant
155123,16,LT,Lithuania,Extant
8784,16,LT,Lithuania,Extant
198568,16,LT,Lithuania,Extant
9660,16,LT,Lithuania,Extant
41672,16,LT,Lithuania,Extant
20731,16,LT,Lithuania,Extant
16580,16,LT,Lithuania,Extant
19861,16,LT,Lithuania,Extant
135631,16,LT,Lithuania,Extant
19855,16,LT,Lithuania,Extant
22692146,16,LT,Lithuania,Extant
170759990,16,LT,Lithuania,Extant
198583,16,LT,Lithuania,Extant
22696495,16,LT,Lithuania,Extant
12419,16,LT,Lithuania,Extant
17027,16,LT,Lithuania,Extant
16580,5,LU,Luxembourg,Extant
19861,5,LU,Luxembourg,Extant
135631,5,LU,Luxembourg,Extant
22692146,5,LU,Luxembourg,Extant
12419,5,LU,Luxembourg,Extant
155123,16,LV,Latvia,Extant
8784,16,LV,Latvia,Extant
198568,16,LV,Latvia,Extant
9660,16,LV,Latvia,Extant
41672,16,LV,Latvia,Extant
16580,16,LV,Latvia,Extant
19861,16,LV,Latvia,Extant
135631,16,LV,Latvia,Extant
19855,16,LV,Latvia,Extant
22692146,16,LV,Latvia,Extant
170759990,16,LV,Latvia,Extant
198583,16,LV,Latvia,Extant
22698209,16,LV,Latvia,Extant
22696495,16,LV,Latvia,Extant
12419,16,LV,Latvia,Extant
17027,16,LV,Latvia,Extant
11200,26,LY,Libya,Extant
39341,26,LY,Libya,Extant
39378,26,LY,Libya,Extant
39381,26,LY,Libya,Extant
187752,26,LY,Libya,Extant
198568,26,LY,Libya,Extant
190710,26,LY,Libya,Extant
176528,26,LY,Libya,Extant
6494,26,LY,Libya,Extant
2478,26,LY,Libya,Extant
9250,26,LY,Libya,Extant
15421,26,LY,Libya,Extant
23211,26,LY,Libya,Extant
22692146,26,LY,Libya,Extant
3897,26,LY,Libya,Extant
198583,26,LY,Libya,Extant
18596,26,LY,Libya,Extant
22563,26,LY,Libya,Extant
41755,26,LY,Libya,Extant
20738,26,LY,Libya,Extant
4292,26,LY,Libya,Extant
134817215,26,LY,Libya,Extant
22696495,26,LY,Libya,Extant
3855,26,LY,Libya,Extant
39339,26,LY,Libya,Extant
13653,26,LY,Libya,Extant
11200,53,MA,Morocco,Extant
19488,53,MA,Morocco,Extant
197461,53,MA,Morocco,Extant
39341,53,MA,Morocco,Extant
39378,53,MA,Morocco,Extant
39381,53,MA,Morocco,Extant
60225,53,MA,Morocco,Extant
11534,53,MA,Morocco,Extant
187752,53,MA,Morocco,Extant
198568,53,MA,Morocco,Extant
190710,53,MA,Morocco,Extant
176528,53,MA,Morocco,Extant
6494,53,MA,Morocco,Extant
2474,53,MA,Morocco,Extant
2476,53,MA,Morocco,Extant
2478,53,MA,Morocco,Extant
8551,53,MA,Morocco,Extant
9249,53,MA,Morocco,Extant
9250,53,MA,Morocco,Extant
9461,53,MA,Morocco,Extant
11047,53,MA,Morocco,Extant
11048,53,MA,Morocco,Extant
11140,53,MA,Morocco,Extant
13006,53,MA,Morocco,Extant
13244,53,MA,Morocco,Extant
15421,53,MA,Morocco,Extant
16564,53,MA,Morocco,Extant
20731,53,MA,Morocco,Extant
23211,53,MA,Morocco,Extant
16580,53,MA,Morocco,Extant
135631,53,MA,Morocco,Extant
22692146,53,MA,Morocco,Extant
3897,53,MA,Morocco,Extant
2475,53,MA,Morocco,Extant
22694334,53,MA,Morocco,Extant
170759990,53,MA,Morocco,Extant
198583,53,MA,Morocco,Extant
18596,53,MA,Morocco,Extant
22698209,53,MA,Morocco,Extant
2477,53,MA,Morocco,Extant
20733,53,MA,Morocco,Extant
22563,53,MA,Morocco,Extant
41755,53,MA,Morocco,Extant
41712,53,MA,Morocco,Extant
20738,53,MA,Morocco,Extant
4292,53,MA,Morocco,Extant
134817215,53,MA,Morocco,Extant
22696495,53,MA,Morocco,Extant
3855,53,MA,Morocco,Extant
39339,53,MA,Morocco,Extant
12419,53,MA,Morocco,Extant
13653,53,MA,Morocco,Extant
17027,53,MA,Morocco,Extant
11200,23,MC,Monaco,Extant
39381,23,MC,Monaco,Extant
187752,23,MC,Monaco,Extant
198568,23,MC,Monaco,Extant
2478,23,MC,Monaco,Extant
9250,23,MC,Monaco,Extant
9461,23,MC,Monaco,Extant
15421,23,MC,Monaco,Extant
20731,23,MC,Monaco,Extant
23211,23,MC,Monaco,Extant
16580,23,MC,Monaco,Extant
135631,23,MC,Monaco,Extant
170759990,23,MC,Monaco,Extant
198583,23,MC,Monaco,Extant
18596,23,MC,Monaco,Extant
22563,23,MC,Monaco,Extant
41755,23,MC,Monaco,Extant
20738,23,MC,Monaco,Extant
4292,23,MC,Monaco,Extant
134817215,23,MC,Monaco,Extant
3855,23,MC,Monaco,Extant
39339,23,MC,Monaco,Extant
13653,23,MC,Monaco,Extant
16580,6,MD,Moldova,Extant
19861,6,MD,Moldova,Extant
135631,6,MD,Moldova,Extant
22692146,6,MD,Moldova,Extant
22696495,6,MD,Moldova,Extant
12419,6,MD,Moldova,Extant
11200,27,ME,Montenegro,Extant
39341,27,ME,Montenegro,Extant
39381,27,ME,Montenegro,Extant
187752,27,ME,Montenegro,Extant
198568,27,ME,Montenegro,Extant
6494,27,ME,Montenegro,Extant
9461,27,ME,Montenegro,Extant
15421,27,ME,Montenegro,Extant
20731,27,ME,Montenegro,Extant
23211,27,ME,Montenegro,Extant
16580,27,ME,Montenegro,Extant
135631,27,ME,Montenegro,Extant
22692146,27,ME,Montenegro,Extant
3897,27,ME,Montenegro,Extant
170759990,27,ME,Montenegro,Extant
198583,27,ME,Montenegro,Extant
18596,27,ME,Montenegro,Extant
22563,27,ME,Montenegro,Extant
41755,27,ME,Montenegro,Extant
20738,27,ME,Montenegro,Extant
4292,27,ME,Montenegro,Extant
134817215,27,ME,Montenegro,Extant
22696495,27,ME,Montenegro,Extant
3855,27,ME,Montenegro,Extant
39339,27,ME,Montenegro,Extant
12419,27,ME,Montenegro,Extant
13653,27,ME,Montenegro,Extant
19488,33,MF,Saint Martin (French part),Extant
39341,33,MF,Saint Martin (French part),Extant
39381,33,MF,Saint Martin (French part),Extant
60217,33,MF,Saint Martin (French part),Extant
60225,33,MF,Saint Martin (French part),Extant
8005,33,MF,Saint Martin (French part),Extant
6494,33,MF,Saint Martin (French part),Extant
2474,33,MF,Saint Martin (French part),Extant
2476,33,MF,Saint Martin (French part),Extant
8551,33,MF,Saint Martin (French part),Extant
9249,33,MF,Saint Martin (French part),Extant
9461,33,MF,Saint Martin (French part),Extant
11047,33,MF,Saint Martin (French part),Extant
11048,33,MF,Saint Martin (French part),Extant
11140,33,MF,Saint Martin (French part),Extant
13006,33,MF,Saint Martin (French part),Extant
13244,33,MF,Saint Martin (French part),Extant
15421,33,MF,Saint Martin (French part),Extant
16564,33,MF,Saint Martin (French part),Extant
20729,33,MF,Saint Martin (French part),Extant
20731,33,MF,Saint Martin (French part),Extant
190409,33,MF,Saint Martin (French part),Extant
191108,33,MF,Saint Martin (French part),Extant
18596,33,MF,Saint Martin (French part),Extant
20733,33,MF,Saint Martin (French part),Extant
22563,33,MF,Saint Martin (French part),Extant
41755,33,MF,Saint Martin (French part),Extant
20738,33,MF,Saint Martin (French part),Extant
181500967,33,MF,Saint Martin (French part),Extant
134817215,33,MF,Saint Martin (French part),Extant
3855,33,MF,Saint Martin (French part),Extant
39339,33,MF,Saint Martin (French part),Extant
4615,33,MF,Saint Martin (French part),Extant
19488,47,MG,Madagascar,Extant
39341,47,MG,Madagascar,Extant
39381,47,MG,Madagascar,Extant
60225,47,MG,Madagascar,Extant
11534,47,MG,Madagascar,Extant
4592,47,MG,Madagascar,Extant
8005,47,MG,Madagascar,Extant
198568,47,MG,Madagascar,Extant
6494,47,MG,Madagascar,Extant
2476,47,MG,Madagascar,Extant
2478,47,MG,Madagascar,Extant
2480,47,MG,Madagascar,Extant
8153,47,MG,Madagascar,Extant
8551,47,MG,Madagascar,Extant
9249,47,MG,Madagascar,Extant
9461,47,MG,Madagascar,Extant
11047,47,MG,Madagascar,Extant
11048,47,MG,Madagascar,Extant
11140,47,MG,Madagascar,Extant
13006,47,MG,Madagascar,Extant
13244,47,MG,Madagascar,Extant
15421,47,MG,Madagascar,Extant
16564,47,MG,Madagascar,Extant
20729,47,MG,Madagascar,Extant
20731,47,MG,Madagascar,Extant
23211,47,MG,Madagascar,Extant
40635,47,MG,Madagascar,Extant
41714,47,MG,Madagascar,Extant
39375,47,MG,Madagascar,Extant
135631,47,MG,Madagascar,Extant
61339,47,MG,Madagascar,Extant
3897,47,MG,Madagascar,Extant
2475,47,MG,Madagascar,Extant
18596,47,MG,Madagascar,Extant
22698209,47,MG,Madagascar,Extant
2477,47,MG,Madagascar,Extant
20733,47,MG,Madagascar,Extant
22563,47,MG,Madagascar,Extant
6909,47,MG,Madagascar,Extant
41755,47,MG,Madagascar,Extant
39365,47,MG,Madagascar,Extant
39384,47,MG,Madagascar,Extant
20738,47,MG,Madagascar,Extant
134817215,47,MG,Madagascar,Extant
3855,47,MG,Madagascar,Extant
39339,47,MG,Madagascar,Extant
4615,47,MG,Madagascar,Extant
19488,35,MH,Marshall Islands,Extant
39341,35,MH,Marshall Islands,Extant
39378,35,MH,Marshall Islands,Extant
39381,35,MH,Marshall Islands,Extant
60225,35,MH,Marshall Islands,Extant
4592,35,MH,Marshall Islands,Extant
6494,35,MH,Marshall Islands,Extant
2476,35,MH,Marshall Islands,Extant
8551,35,MH,Marshall Islands,Extant
9249,35,MH,Marshall Islands,Extant
9461,35,MH,Marshall Islands,Extant
11047,35,MH,Marshall Islands,Extant
11048,35,MH,Marshall Islands,Extant
11140,35,MH,Marshall Islands,Extant
13006,35,MH,Marshall Islands,Extant
13244,35,MH,Marshall Islands,Extant
15421,35,MH,Marshall Islands,Extant
16564,35,MH,Marshall Islands,Extant
20729,35,MH,Marshall Islands,Extant
20731,35,MH,Marshall Islands,Extant
23211,35,MH,Marshall Islands,Extant
39375,35,MH,Marshall Islands,Extant
61339,35,MH,Marshall Islands,Extant
18596,35,MH,Marshall Islands,Extant
22698209,35,MH,Marshall Islands,Extant
20733,35,MH,Marshall Islands,Extant
22563,35,MH,Marshall Islands,Extant
41755,35,MH,Marshall Islands,Extant
39365,35,MH,Marshall Islands,Extant
39384,35,MH,Marshall Islands,Extant
20738,35,MH,Marshall Islands,Extant
4292,35,MH,Marshall Islands,Extant
3855,35,MH,Marshall Islands,Extant
39339,35,MH,Marshall Islands,Extant
4615,35,MH,Marshall Islands,Extant
16580,5,MK,North Macedonia,Extant
135631,5,MK,North Macedonia,Extant
22692146,5,MK,North Macedonia,Extant
22696495,5,MK,North Macedonia,Extant
12419,5,MK,North Macedonia,Extant
197461,2,ML,Mali,Extant
22696495,2,ML,Mali,Extant
19488,47,MM,Myanmar,Extant
39341,47,MM,Myanmar,Extant
39381,47,MM,Myanmar,Extant
60225,47,MM,Myanmar,Extant
11534,47,MM,Myanmar,Extant
178800,47,MM,Myanmar,Extant
4592,47,MM,Myanmar,Extant
8005,47,MM,Myanmar,Extant
6494,47,MM,Myanmar,Extant
2476,47,MM,Myanmar,Extant
8551,47,MM,Myanmar,Extant
9249,47,MM,Myanmar,Extant
9461,47,MM,Myanmar,Extant
11047,47,MM,Myanmar,Extant
11048,47,MM,Myanmar,Extant
11140,47,MM,Myanmar,Extant
13244,47,MM,Myanmar,Extant
13249,47,MM,Myanmar,Extant
15421,47,MM,Myanmar,Extant
16564,47,MM,Myanmar,Extant
20729,47,MM,Myanmar,Extant
20731,47,MM,Myanmar,Extant
23211,47,MM,Myanmar,Extant
40635,47,MM,Myanmar,Extant
41714,47,MM,Myanmar,Extant
39375,47,MM,Myanmar,Extant
22692146,47,MM,Myanmar,Extant
3897,47,MM,Myanmar,Extant
15419,47,MM,Myanmar,Extant
82031425,47,MM,Myanmar,Extant
169473392,47,MM,Myanmar,Extant
18596,47,MM,Myanmar,Extant
2477,47,MM,Myanmar,Extant
20733,47,MM,Myanmar,Extant
22563,47,MM,Myanmar,Extant
6909,47,MM,Myanmar,Extant
41755,47,MM,Myanmar,Extant
12427,47,MM,Myanmar,Extant
39365,47,MM,Myanmar,Extant
39384,47,MM,Myanmar,Extant
20738,47,MM,Myanmar,Extant
134817215,47,MM,Myanmar,Extant
3855,47,MM,Myanmar,Extant
39339,47,MM,Myanmar,Extant
15955,47,MM,Myanmar,Extant
12419,47,MM,Myanmar,Extant
4615,47,MM,Myanmar,Extant
16580,6,MN,Mongolia,Extant
135631,6,MN,Mongolia,Extant
22692146,6,MN,Mongolia,Extant
22696495,6,MN,Mongolia,Extant
15955,6,MN,Mongolia,Extant
12419,6,MN,Mongolia,Extant
39341,10,MO,Macao,Extant
39381,10,MO,Macao,Extant
60225,10,MO,Macao,Extant
9249,10,MO,Macao,Extant
11047,10,MO,Macao,Extant
41714,10,MO,Macao,Extant
22563,10,MO,Macao,Extant
20738,10,MO,Macao,Extant
3855,10,MO,Macao,Extant
39339,10,MO,Macao,Extant
39341,35,MP,Northern Mariana Islands,Extant
39378,35,MP,Northern Mariana Islands,Extant
39381,35,MP,Northern Mariana Islands,Extant
60225,35,MP,Northern Mariana Islands,Extant
178800,35,MP,Northern Mariana Islands,Extant
4592,35,MP,Northern Mariana Islands,Extant
6494,35,MP,Northern Mariana Islands,Extant
2476,35,MP,Northern Mariana Islands,Extant
8551,35,MP,Northern Mariana Islands,Extant
9249,35,MP,Northern Mariana Islands,Extant
9461,35,MP,Northern Mariana Islands,Extant
11047,35,MP,Northern Mariana Islands,Extant
11048,35,MP,Northern Mariana Islands,Extant
11140,35,MP,Northern Mariana Islands,Extant
13006,35,MP,Northern Mariana Islands,Extant
13244,35,MP,Northern Mariana Islands,Extant
15421,35,MP,Northern Mariana Islands,Extant
16564,35,MP,Northern Mariana Islands,Extant
20729,35,MP,Northern Mariana Islands,Extant
20731,35,MP,Northern Mariana Islands,Extant
23211,35,MP,Northern Mariana Islands,Extant
39375,35,MP,Northern Mariana Islands,Extant
61339,35,MP,Northern Mariana Islands,Extant
2475,35,MP,Northern Mariana Islands,Extant
18596,35,MP,Northern Mariana Islands,Extant
20733,35,MP,Northern Mariana Islands,Extant
22563,35,MP,Northern Mariana Islands,Extant
41755,35,MP,Northern Mariana Islands,Extant
39365,35,MP,Northern Mariana Islands,Extant
39384,35,MP,Northern Mariana Islands,Extant
20738,35,MP,Northern Mariana Islands,Extant
4292,35,MP,Northern Mariana Islands,Extant
3855,35,MP,Northern Mariana Islands,Extant
39339,35,MP,Northern Mariana Islands,Extant
4615,35,MP,Northern Mariana Islands,Extant
19488,36,MQ,Martinique,Extant
39341,36,MQ,Martinique,Extant
39378,36,MQ,Martinique,Extant
39381,36,MQ,Martinique,Extant
60217,36,MQ,Martinique,Extant
60225,36,MQ,Martinique,Extant
11534,36,MQ,Martinique,Extant
8005,36,MQ,Martinique,Extant
6494,36,MQ,Martinique,Extant
2476,36,MQ,Martinique,Extant
9249,36,MQ,Martinique,Extant
9461,36,MQ,Martinique,Extant
11047,36,MQ,Martinique,Extant
11048,36,MQ,Martinique,Extant
11140,36,MQ,Martinique,Extant
13006,36,MQ,Martinique,Extant
13244,36,MQ,Martinique,Extant
15421,36,MQ,Martinique,Extant
16564,36,MQ,Martinique,Extant
20729,36,MQ,Martinique,Extant
20731,36,MQ,Martinique,Extant
23211,36,MQ,Martinique,Extant
190409,36,MQ,Martinique,Extant
191108,36,MQ,Martinique,Extant
18596,36,MQ,Martinique,Extant
22698209,36,MQ,Martinique,Extant
20733,36,MQ,Martinique,Extant
22563,36,MQ,Martinique,Extant
41755,36,MQ,Martinique,Extant
20738,36,MQ,Martinique,Extant
181500967,36,MQ,Martinique,Extant
4292,36,MQ,Martinique,Extant
134817215,36,MQ,Martinique,Extant
3855,36,MQ,Martinique,Extant
39339,36,MQ,Martinique,Extant
4615,36,MQ,Martinique,Extant
19488,44,MR,Mauritania,Extant
197461,44,MR,Mauritania,Extant
39341,44,MR,Mauritania,Extant
39378,44,MR,Mauritania,Extant
39381,44,MR,Mauritania,Extant
60225,44,MR,Mauritania,Extant
11534,44,MR,Mauritania,Extant
187752,44,MR,Mauritania,Extant
198568,44,MR,Mauritania,Extant
190710,44,MR,Mauritania,Extant
6494,44,MR,Mauritania,Extant
2474,44,MR,Mauritania,Extant
2476,44,MR,Mauritania,Extant
8551,44,MR,Mauritania,Extant
9249,44,MR,Mauritania,Extant
9250,44,MR,Mauritania,Extant
9461,44,MR,Mauritania,Extant
11047,44,MR,Mauritania,Extant
11048,44,MR,Mauritania,Extant
11140,44,MR,Mauritania,Extant
13006,44,MR,Mauritania,Extant
13244,44,MR,Mauritania,Extant
15421,44,MR,Mauritania,Extant
16564,44,MR,Mauritania,Extant
20729,44,MR,Mauritania,Extant
20731,44,MR,Mauritania,Extant
23211,44,MR,Mauritania,Extant
22692146,44,MR,Mauritania,Extant
2475,44,MR,Mauritania,Extant
18596,44,MR,Mauritania,Extant
22698209,44,MR,Mauritania,Extant
2477,44,MR,Mauritania,Extant
20733,44,MR,Mauritania,Extant
22563,44,MR,Mauritania,Extant
41755,44,MR,Mauritania,Extant
20738,44,MR,Mauritania,Extant
4292,44,MR,Mauritania,Extant
134817215,44,MR,Mauritania,Extant
22696495,44,MR,Mauritania,Extant
3855,44,MR,Mauritania,Extant
39339,44,MR,Mauritania,Extant
13653,44,MR,Mauritania,Extant
17027,44,MR,Mauritania,Extant
4615,44,MR,Mauritania,Extant
19488,32,MS,Montserrat,Extant
39341,32,MS,Montserrat,Extant
39378,32,MS,Montserrat,Extant
39381,32,MS,Montserrat,Extant
60217,32,MS,Montserrat,Extant
60225,32,MS,Montserrat,Extant
6494,32,MS,Montserrat,Extant
2476,32,MS,Montserrat,Extant
9249,32,MS,Montserrat,Extant
9461,32,MS,Montserrat,Extant
11047,32,MS,Montserrat,Extant
11048,32,MS,Montserrat,Extant
13006,32,MS,Montserrat,Extant
13244,32,MS,Montserrat,Extant
15421,32,MS,Montserrat,Extant
16564,32,MS,Montserrat,Extant
20729,32,MS,Montserrat,Extant
20731,32,MS,Montserrat,Extant
23211,32,MS,Montserrat,Extant
190409,32,MS,Montserrat,Extant
3897,32,MS,Montserrat,Extant
191108,32,MS,Montserrat,Extant
18596,32,MS,Montserrat,Extant
20733,32,MS,Montserrat,Extant
22563,32,MS,Montserrat,Extant
41755,32,MS,Montserrat,Extant
20738,32,MS,Montserrat,Extant
181500967,32,MS,Montserrat,Extant
134817215,32,MS,Montserrat,Extant
3855,32,MS,Montserrat,Extant
39339,32,MS,Montserrat,Extant
4615,32,MS,Montserrat,Extant
11200,26,MT,Malta,Extant
39341,26,MT,Malta,Extant
39381,26,MT,Malta,Extant
187752,26,MT,Malta,Extant
198568,26,MT,Malta,Extant
190710,26,MT,Malta,Extant
176528,26,MT,Malta,Extant
2478,26,MT,Malta,Extant
9250,26,MT,Malta,Extant
9461,26,MT,Malta,Extant
15421,26,MT,Malta,Extant
23211,26,MT,Malta,Extant
22692146,26,MT,Malta,Extant
3897,26,MT,Malta,Extant
198583,26,MT,Malta,Extant
18596,26,MT,Malta,Extant
22698209,26,MT,Malta,Extant
22563,26,MT,Malta,Extant
41755,26,MT,Malta,Extant
20738,26,MT,Malta,Extant
4292,26,MT,Malta,Extant
134817215,26,MT,Malta,Extant
22696495,26,MT,Malta,Extant
3855,26,MT,Malta,Extant
39339,26,MT,Malta,Extant
13653,26,MT,Malta,Extant
39341,33,MU,Mauritius,Extant
39381,33,MU,Mauritius,Extant
60225,33,MU,Mauritius,Extant
8005,33,MU,Mauritius,Extant
198568,33,MU,Mauritius,Extant
6494,33,MU,Mauritius,Extant
2476,33,MU,Mauritius,Extant
2478,33,MU,Mauritius,Extant
2480,33,MU,Mauritius,Extant
9249,33,MU,Mauritius,Extant
9461,33,MU,Mauritius,Extant
11047,33,MU,Mauritius,Extant
11048,33,MU,Mauritius,Extant
11140,33,MU,Mauritius,Extant
13006,33,MU,Mauritius,Extant
13244,33,MU,Mauritius,Extant
16564,33,MU,Mauritius,Extant
20729,33,MU,Mauritius,Extant
23211,33,MU,Mauritius,Extant
41714,33,MU,Mauritius,Extant
39375,33,MU,Mauritius,Extant
61339,33,MU,Mauritius,Extant
3897,33,MU,Mauritius,Extant
18596,33,MU,Mauritius,Extant
2477,33,MU,Mauritius,Extant
20733,33,MU,Mauritius,Extant
22563,33,MU,Mauritius,Extant
6909,33,MU,Mauritius,Extant
41755,33,MU,Mauritius,Extant
20738,33,MU,Mauritius,Extant
3855,33,MU,Mauritius,Extant
39339,33,MU,Mauritius,Extant
4615,33,MU,Mauritius,Extant
19488,39,MV,Maldives,Extant
39341,39,MV,Maldives,Extant
39378,39,MV,Maldives,Extant
39381,39,MV,Maldives,Extant
60225,39,MV,Maldives,Extant
11534,39,MV,Maldives,Extant
4592,39,MV,Maldives,Extant
8005,39,MV,Maldives,Extant
2476,39,MV,Maldives,Extant
8551,39,MV,Maldives,Extant
9249,39,MV,Maldives,Extant
9461,39,MV,Maldives,Extant
11047,39,MV,Maldives,Extant
11048,39,MV,Maldives,Extant
11140,39,MV,Maldives,Extant
13006,39,MV,Maldives,Extant
13244,39,MV,Maldives,Extant
13247,39,MV,Maldives,Extant
15421,39,MV,Maldives,Extant
16564,39,MV,Maldives,Extant
20729,39,MV,Maldives,Extant
20731,39,MV,Maldives,Extant
23211,39,MV,Maldives,Extant
40635,39,MV,Maldives,Extant
41714,39,MV,Maldives,Extant
39375,39,MV,Maldives,Extant
61339,39,MV,Maldives,Extant
18596,39,MV,Maldives,Extant
2477,39,MV,Maldives,Extant
20733,39,MV,Maldives,Extant
22563,39,MV,Maldives,Extant
6909,39,MV,Maldives,Extant
41755,39,MV,Maldives,Extant
39365,39,MV,Maldives,Extant
39384,39,MV,Maldives,Extant
20738,39,MV,Maldives,Extant
3855,39,MV,Maldives,Extant
39339,39,MV,Maldives,Extant
4615,39,MV,Maldives,Extant
197461,1,MW,Malawi,Extant
19488,53,MX,Mexico,Extant
39341,53,MX,Mexico,Extant
39378,53,MX,Mexico,Extant
39381,53,MX,Mexico,Extant
60217,53,MX,Mexico,Extant
60225,53,MX,Mexico,Extant
11534,53,MX,Mexico,Extant
8005,53,MX,Mexico,Extant
42394,53,MX,Mexico,Extant
6494,53,MX,Mexico,Extant
17013,53,MX,Mexico,Extant
2474,53,MX,Mexico,Extant
2476,53,MX,Mexico,Extant
2478,53,MX,Mexico,Extant
8097,53,MX,Mexico,Extant
8551,53,MX,Mexico,Extant
9249,53,MX,Mexico,Extant
9461,53,MX,Mexico,Extant
11047,53,MX,Mexico,Extant
11048,53,MX,Mexico,Extant
11140,53,MX,Mexico,Extant
13006,53,MX,Mexico,Extant
13244,53,MX,Mexico,Extant
15421,53,MX,Mexico,Extant
16564,53,MX,Mexico,Extant
20729,53,MX,Mexico,Extant
20731,53,MX,Mexico,Extant
23211,53,MX,Mexico,Extant
40635,53,MX,Mexico,Extant
41711,53,MX,Mexico,Extant
61743,53,MX,Mexico,Extant
190409,53,MX,Mexico,Extant
3897,53,MX,Mexico,Extant
39338,53,MX,Mexico,Extant
191108,53,MX,Mexico,Extant
2475,53,MX,Mexico,Extant
22694334,53,MX,Mexico,Extant
18596,53,MX,Mexico,Extant
22698209,53,MX,Mexico,Extant
11533,53,MX,Mexico,Extant
2477,53,MX,Mexico,Extant
20733,53,MX,Mexico,Extant
22563,53,MX,Mexico,Extant
158625941,53,MX,Mexico,Extant
41755,53,MX,Mexico,Extant
20738,53,MX,Mexico,Extant
181500967,53,MX,Mexico,Extant
4292,53,MX,Mexico,Extant
134817215,53,MX,Mexico,Extant
3855,53,MX,Mexico,Extant
39339,53,MX,Mexico,Extant
17028,53,MX,Mexico,Extant
4615,53,MX,Mexico,Extant
19488,49,MY,Malaysia,Extant
39341,49,MY,Malaysia,Extant
39381,49,MY,Malaysia,Extant
60225,49,MY,Malaysia,Extant
11534,49,MY,Malaysia,Extant
178800,49,MY,Malaysia,Extant
4592,49,MY,Malaysia,Extant
8005,49,MY,Malaysia,Extant
6494,49,MY,Malaysia,Extant
2476,49,MY,Malaysia,Extant
2478,49,MY,Malaysia,Extant
8551,49,MY,Malaysia,Extant
9249,49,MY,Malaysia,Extant
9461,49,MY,Malaysia,Extant
11047,49,MY,Malaysia,Extant
11048,49,MY,Malaysia,Extant
11140,49,MY,Malaysia,Extant
13006,49,MY,Malaysia,Extant
13244,49,MY,Malaysia,Extant
15421,49,MY,Malaysia,Extant
16564,49,MY,Malaysia,Extant
20729,49,MY,Malaysia,Extant
20731,49,MY,Malaysia,Extant
23211,49,MY,Malaysia,Extant
40635,49,MY,Malaysia,Extant
41714,49,MY,Malaysia,Extant
39375,49,MY,Malaysia,Extant
61339,49,MY,Malaysia,Extant
3897,49,MY,Malaysia,Extant
15419,49,MY,Malaysia,Extant
41772,49,MY,Malaysia,Extant
82031425,49,MY,Malaysia,Extant
169473392,49,MY,Malaysia,Extant
18596,49,MY,Malaysia,Extant
2477,49,MY,Malaysia,Extant
20733,49,MY,Malaysia,Extant
22563,49,MY,Malaysia,Extant
6909,49,MY,Malaysia,Extant
41755,49,MY,Malaysia,Extant
12427,49,MY,Malaysia,Extant
39365,49,MY,Malaysia,Extant
39384,49,MY,Malaysia,Extant
20738,49,MY,Malaysia,Extant
134817215,49,MY,Malaysia,Extant
3855,49,MY,Malaysia,Extant
39339,49,MY,Malaysia,Extant
15955,49,MY,Malaysia,Extant
12419,49,MY,Malaysia,Extant
4615,49,MY,Malaysia,Extant
19488,48,MZ,Mozambique,Extant
197461,48,MZ,Mozambique,Extant
39341,48,MZ,Mozambique,Extant
39378,48,MZ,Mozambique,Extant
39381,48,MZ,Mozambique,Extant
60225,48,MZ,Mozambique,Extant
11534,48,MZ,Mozambique,Extant
4592,48,MZ,Mozambique,Extant
8005,48,MZ,Mozambique,Extant
6494,48,MZ,Mozambique,Extant
2474,48,MZ,Mozambique,Extant
2476,48,MZ,Mozambique,Extant
2478,48,MZ,Mozambique,Extant
2480,48,MZ,Mozambique,Extant
8153,48,MZ,Mozambique,Extant
8551,48,MZ,Mozambique,Extant
9249,48,MZ,Mozambique,Extant
9461,48,MZ,Mozambique,Extant
11047,48,MZ,Mozambique,Extant
11048,48,MZ,Mozambique,Extant
11140,48,MZ,Mozambique,Extant
12126,48,MZ,Mozambique,Extant
13006,48,MZ,Mozambique,Extant
13244,48,MZ,Mozambique,Extant
15421,48,MZ,Mozambique,Extant
16564,48,MZ,Mozambique,Extant
20729,48,MZ,Mozambique,Extant
20731,48,MZ,Mozambique,Extant
23211,48,MZ,Mozambique,Extant
40635,48,MZ,Mozambique,Extant
41714,48,MZ,Mozambique,Extant
39375,48,MZ,Mozambique,Extant
61339,48,MZ,Mozambique,Extant
3897,48,MZ,Mozambique,Extant
18596,48,MZ,Mozambique,Extant
22698209,48,MZ,Mozambique,Extant
2477,48,MZ,Mozambique,Extant
20733,48,MZ,Mozambique,Extant
22563,48,MZ,Mozambique,Extant
6909,48,MZ,Mozambique,Extant
41755,48,MZ,Mozambique,Extant
39365,48,MZ,Mozambique,Extant
39384,48,MZ,Mozambique,Extant
20738,48,MZ,Mozambique,Extant
134817215,48,MZ,Mozambique,Extant
3855,48,MZ,Mozambique,Extant
39339,48,MZ,Mozambique,Extant
4615,48,MZ,Mozambique,Extant
11200,45,NA,NA,Extant
19488,45,NA,NA,Extant
197461,45,NA,NA,Extant
39341,45,NA,NA,Extant
39381,45,NA,NA,Extant
60225,45,NA,NA,Extant
11534,45,NA,NA,Extant
198568,45,NA,NA,Extant
6494,45,NA,NA,Extant
2476,45,NA,NA,Extant
2478,45,NA,NA,Extant
2480,45,NA,NA,Extant
3778,45,NA,NA,Extant
8153,45,NA,NA,Extant
8551,45,NA,NA,Extant
9249,45,NA,NA,Extant
9250,45,NA,NA,Extant
9461,45,NA,NA,Extant
11047,45,NA,NA,Extant
11048,45,NA,NA,Extant
11140,45,NA,NA,Extant
12126,45,NA,NA,Extant
13006,45,NA,NA,Extant
13244,45,NA,NA,Extant
13247,45,NA,NA,Extant
13249,45,NA,NA,Extant
15421,45,NA,NA,Extant
16564,45,NA,NA,Extant
20731,45,NA,NA,Extant
23211,45,NA,NA,Extant
3897,45,NA,NA,Extant
2475,45,NA,NA,Extant
18596,45,NA,NA,Extant
22698209,45,NA,NA,Extant
2477,45,NA,NA,Extant
20733,45,NA,NA,Extant
22563,45,NA,NA,Extant
41755,45,NA,NA,Extant
11146,45,NA,NA,Extant
20738,45,NA,NA,Extant
4292,45,NA,NA,Extant
134817215,45,NA,NA,Extant
3855,45,NA,NA,Extant
39339,45,NA,NA,Extant
4615,45,NA,NA,Extant
19488,46,NC,New Caledonia,Extant
39341,46,NC,New Caledonia,Extant
39378,46,NC,New Caledonia,Extant
39381,46,NC,New Caledonia,Extant
60225,46,NC,New Caledonia,Extant
4592,46,NC,New Caledonia,Extant
6494,46,NC,New Caledonia,Extant
49278407,46,NC,New Caledonia,Extant
2474,46,NC,New Caledonia,Extant
2476,46,NC,New Caledonia,Extant
2478,46,NC,New Caledonia,Extant
2480,46,NC,New Caledonia,Extant
8551,46,NC,New Caledonia,Extant
9249,46,NC,New Caledonia,Extant
9461,46,NC,New Caledonia,Extant
11047,46,NC,New Caledonia,Extant
11048,46,NC,New Caledonia,Extant
11140,46,NC,New Caledonia,Extant
13006,46,NC,New Caledonia,Extant
13244,46,NC,New Caledonia,Extant
15421,46,NC,New Caledonia,Extant
16564,46,NC,New Caledonia,Extant
20729,46,NC,New Caledonia,Extant
20731,46,NC,New Caledonia,Extant
23211,46,NC,New Caledonia,Extant
40635,46,NC,New Caledonia,Extant
39375,46,NC,New Caledonia,Extant
61339,46,NC,New Caledonia,Extant
3897,46,NC,New Caledonia,Extant
18596,46,NC,New Caledonia,Extant
22698209,46,NC,New Caledonia,Extant
195502,46,NC,New Caledonia,Extant
196303,46,NC,New Caledonia,Extant
2477,46,NC,New Caledonia,Extant
20733,46,NC,New Caledonia,Extant
22563,46,NC,New Caledonia,Extant
6909,46,NC,New Caledonia,Extant
41755,46,NC,New Caledonia,Extant
39365,46,NC,New Caledonia,Extant
39384,46,NC,New Caledonia,Extant
20738,46,NC,New Caledonia,Extant
4292,46,NC,New Caledonia,Extant
134817215,46,NC,New Caledonia,Extant
3855,46,NC,New Caledonia,Extant
39339,46,NC,New Caledonia,Extant
4615,46,NC,New Caledonia,Extant
197461,3,NE,Niger,Extant
22692146,3,NE,Niger,Extant
22696495,3,NE,Niger,Extant
39341,20,NF,Norfolk Island,Extant
39378,20,NF,Norfolk Island,Extant
39381,20,NF,Norfolk Island,Extant
9249,20,NF,Norfolk Island,Extant
9250,20,NF,Norfolk Island,Extant
11047,20,NF,Norfolk Island,Extant
11048,20,NF,Norfolk Island,Extant
13006,20,NF,Norfolk Island,Extant
15421,20,NF,Norfolk Island,Extant
23211,20,NF,Norfolk Island,Extant
18596,20,NF,Norfolk Island,Extant
22698209,20,NF,Norfolk Island,Extant
195502,20,NF,Norfolk Island,Extant
2477,20,NF,Norfolk Island,Extant
22563,20,NF,Norfolk Island,Extant
41755,20,NF,Norfolk Island,Extant
20738,20,NF,Norfolk Island,Extant
4292,20,NF,Norfolk Island,Extant
3855,20,NF,Norfolk Island,Extant
39339,20,NF,Norfolk Island,Extant
19488,34,NG,Nigeria,Extant
197461,34,NG,Nigeria,Extant
39341,34,NG,Nigeria,Extant
39378,34,NG,Nigeria,Extant
39381,34,NG,Nigeria,Extant
11534,34,NG,Nigeria,Extant
178800,34,NG,Nigeria,Extant
198568,34,NG,Nigeria,Extant
6494,34,NG,Nigeria,Extant
2476,34,NG,Nigeria,Extant
8551,34,NG,Nigeria,Extant
9249,34,NG,Nigeria,Extant
9461,34,NG,Nigeria,Extant
11047,34,NG,Nigeria,Extant
11048,34,NG,Nigeria,Extant
13006,34,NG,Nigeria,Extant
13244,34,NG,Nigeria,Extant
15421,34,NG,Nigeria,Extant
16564,34,NG,Nigeria,Extant
20729,34,NG,Nigeria,Extant
20731,34,NG,Nigeria,Extant
23211,34,NG,Nigeria,Extant
22692146,34,NG,Nigeria,Extant
18596,34,NG,Nigeria,Extant
22698209,34,NG,Nigeria,Extant
20733,34,NG,Nigeria,Extant
22563,34,NG,Nigeria,Extant
41755,34,NG,Nigeria,Extant
20738,34,NG,Nigeria,Extant
4292,34,NG,Nigeria,Extant
134817215,34,NG,Nigeria,Extant
3855,34,NG,Nigeria,Extant
39339,34,NG,Nigeria,Extant
4615,34,NG,Nigeria,Extant
19488,40,NI,Nicaragua,Extant
39341,40,NI,Nicaragua,Extant
39378,40,NI,Nicaragua,Extant
39381,40,NI,Nicaragua,Extant
60217,40,NI,Nicaragua,Extant
60225,40,NI,Nicaragua,Extant
11534,40,NI,Nicaragua,Extant
8005,40,NI,Nicaragua,Extant
42394,40,NI,Nicaragua,Extant
6494,40,NI,Nicaragua,Extant
49278407,40,NI,Nicaragua,Extant
2476,40,NI,Nicaragua,Extant
8551,40,NI,Nicaragua,Extant
9249,40,NI,Nicaragua,Extant
9461,40,NI,Nicaragua,Extant
11047,40,NI,Nicaragua,Extant
11048,40,NI,Nicaragua,Extant
11140,40,NI,Nicaragua,Extant
13006,40,NI,Nicaragua,Extant
13244,40,NI,Nicaragua,Extant
15421,40,NI,Nicaragua,Extant
16564,40,NI,Nicaragua,Extant
20729,40,NI,Nicaragua,Extant
20731,40,NI,Nicaragua,Extant
23211,40,NI,Nicaragua,Extant
190409,40,NI,Nicaragua,Extant
3897,40,NI,Nicaragua,Extant
191108,40,NI,Nicaragua,Extant
18596,40,NI,Nicaragua,Extant
2477,40,NI,Nicaragua,Extant
20733,40,NI,Nicaragua,Extant
22563,40,NI,Nicaragua,Extant
41755,40,NI,Nicaragua,Extant
20738,40,NI,Nicaragua,Extant
181500967,40,NI,Nicaragua,Extant
4292,40,NI,Nicaragua,Extant
134817215,40,NI,Nicaragua,Extant
3855,40,NI,Nicaragua,Extant
39339,40,NI,Nicaragua,Extant
4615,40,NI,Nicaragua,Extant
11200,36,NL,Netherlands,Extant
39381,36,NL,Netherlands,Extant
155123,36,NL,Netherlands,Extant
187752,36,NL,Netherlands,Extant
8784,36,NL,Netherlands,Extant
198568,36,NL,Netherlands,Extant
9660,36,NL,Netherlands,Extant
17013,36,NL,Netherlands,Extant
2474,36,NL,Netherlands,Extant
2478,36,NL,Netherlands,Extant
6335,36,NL,Netherlands,Extant
9250,36,NL,Netherlands,Extant
9461,36,NL,Netherlands,Extant
11047,36,NL,Netherlands,Extant
13006,36,NL,Netherlands,Extant
13247,36,NL,Netherlands,Extant
13704,36,NL,Netherlands,Extant
15421,36,NL,Netherlands,Extant
20731,36,NL,Netherlands,Extant
23211,36,NL,Netherlands,Extant
16580,36,NL,Netherlands,Extant
19861,36,NL,Netherlands,Extant
135631,36,NL,Netherlands,Extant
19855,36,NL,Netherlands,Extant
22692146,36,NL,Netherlands,Extant
170759990,36,NL,Netherlands,Extant
198583,36,NL,Netherlands,Extant
18596,36,NL,Netherlands,Extant
22698209,36,NL,Netherlands,Extant
22563,36,NL,Netherlands,Extant
41755,36,NL,Netherlands,Extant
4292,36,NL,Netherlands,Extant
134817215,36,NL,Netherlands,Extant
39339,36,NL,Netherlands,Extant
12419,36,NL,Netherlands,Extant
17027,36,NL,Netherlands,Extant
11200,41,NO,Norway,Extant
39341,41,NO,Norway,Extant
39381,41,NO,Norway,Extant
155123,41,NO,Norway,Extant
187752,41,NO,Norway,Extant
8784,41,NO,Norway,Extant
22823,41,NO,Norway,Extant
198568,41,NO,Norway,Extant
9660,41,NO,Norway,Extant
17013,41,NO,Norway,Extant
41672,41,NO,Norway,Extant
2467,41,NO,Norway,Extant
2474,41,NO,Norway,Extant
2478,41,NO,Norway,Extant
6335,41,NO,Norway,Extant
9250,41,NO,Norway,Extant
9461,41,NO,Norway,Extant
13006,41,NO,Norway,Extant
13704,41,NO,Norway,Extant
15421,41,NO,Norway,Extant
20731,41,NO,Norway,Extant
23211,41,NO,Norway,Extant
16580,41,NO,Norway,Extant
19861,41,NO,Norway,Extant
135631,41,NO,Norway,Extant
19855,41,NO,Norway,Extant
22692146,41,NO,Norway,Extant
2475,41,NO,Norway,Extant
170759990,41,NO,Norway,Extant
198583,41,NO,Norway,Extant
18596,41,NO,Norway,Extant
22698209,41,NO,Norway,Extant
2477,41,NO,Norway,Extant
22563,41,NO,Norway,Extant
41755,41,NO,Norway,Extant
41712,41,NO,Norway,Extant
4292,41,NO,Norway,Extant
134817215,41,NO,Norway,Extant
39339,41,NO,Norway,Extant
12419,41,NO,Norway,Extant
17027,41,NO,Norway,Extant
22692146,5,NP,Nepal,Extant
12427,5,NP,Nepal,Extant
22696495,5,NP,Nepal,Extant
15955,5,NP,Nepal,Extant
12419,5,NP,Nepal,Extant
19488,34,NR,Nauru,Extant
39341,34,NR,Nauru,Extant
39378,34,NR,Nauru,Extant
39381,34,NR,Nauru,Extant
60225,34,NR,Nauru,Extant
4592,34,NR,Nauru,Extant
2476,34,NR,Nauru,Extant
8551,34,NR,Nauru,Extant
9249,34,NR,Nauru,Extant
9461,34,NR,Nauru,Extant
11047,34,NR,Nauru,Extant
11048,34,NR,Nauru,Extant
11140,34,NR,Nauru,Extant
13006,34,NR,Nauru,Extant
13244,34,NR,Nauru,Extant
15421,34,NR,Nauru,Extant
16564,34,NR,Nauru,Extant
20729,34,NR,Nauru,Extant
20731,34,NR,Nauru,Extant
23211,34,NR,Nauru,Extant
39375,34,NR,Nauru,Extant
61339,34,NR,Nauru,Extant
18596,34,NR,Nauru,Extant
22698209,34,NR,Nauru,Extant
2477,34,NR,Nauru,Extant
20733,34,NR,Nauru,Extant
22563,34,NR,Nauru,Extant
41755,34,NR,Nauru,Extant
39365,34,NR,Nauru,Extant
39384,34,NR,Nauru,Extant
20738,34,NR,Nauru,Extant
4292,34,NR,Nauru,Extant
3855,34,NR,Nauru,Extant
39339,34,NR,Nauru,Extant
19488,34,NU,Niue,Extant
39341,34,NU,Niue,Extant
39378,34,NU,Niue,Extant
39381,34,NU,Niue,Extant
60225,34,NU,Niue,Extant
4592,34,NU,Niue,Extant
2476,34,NU,Niue,Extant
8551,34,NU,Niue,Extant
9249,34,NU,Niue,Extant
9461,34,NU,Niue,Extant
11047,34,NU,Niue,Extant
11048,34,NU,Niue,Extant
11140,34,NU,Niue,Extant
13006,34,NU,Niue,Extant
13244,34,NU,Niue,Extant
15421,34,NU,Niue,Extant
16564,34,NU,Niue,Extant
20729,34,NU,Niue,Extant
20731,34,NU,Niue,Extant
23211,34,NU,Niue,Extant
39375,34,NU,Niue,Extant
61339,34,NU,Niue,Extant
3897,34,NU,Niue,Extant
18596,34,NU,Niue,Extant
20733,34,NU,Niue,Extant
22563,34,NU,Niue,Extant
41755,34,NU,Niue,Extant
39365,34,NU,Niue,Extant
39384,34,NU,Niue,Extant
20738,34,NU,Niue,Extant
4292,34,NU,Niue,Extant
3855,34,NU,Niue,Extant
39339,34,NU,Niue,Extant
4615,34,NU,Niue,Extant
19488,56,NZ,New Zealand,Extant
39341,56,NZ,New Zealand,Extant
39378,56,NZ,New Zealand,Extant
39381,56,NZ,New Zealand,Extant
170025,56,NZ,New Zealand,Extant
42394,56,NZ,New Zealand,Extant
6494,56,NZ,New Zealand,Extant
4162,56,NZ,New Zealand,Extant
2474,56,NZ,New Zealand,Extant
2476,56,NZ,New Zealand,Extant
2478,56,NZ,New Zealand,Extant
2480,56,NZ,New Zealand,Extant
3778,56,NZ,New Zealand,Extant
8153,56,NZ,New Zealand,Extant
9249,56,NZ,New Zealand,Extant
9250,56,NZ,New Zealand,Extant
9461,56,NZ,New Zealand,Extant
10708,56,NZ,New Zealand,Extant
11047,56,NZ,New Zealand,Extant
11048,56,NZ,New Zealand,Extant
11144,56,NZ,New Zealand,Extant
12126,56,NZ,New Zealand,Extant
13006,56,NZ,New Zealand,Extant
13242,56,NZ,New Zealand,Extant
13244,56,NZ,New Zealand,Extant
13247,56,NZ,New Zealand,Extant
13248,56,NZ,New Zealand,Extant
13249,56,NZ,New Zealand,Extant
15421,56,NZ,New Zealand,Extant
20729,56,NZ,New Zealand,Extant
20731,56,NZ,New Zealand,Extant
21500,56,NZ,New Zealand,Extant
23211,56,NZ,New Zealand,Extant
41715,56,NZ,New Zealand,Extant
16580,56,NZ,New Zealand,Extant
19855,56,NZ,New Zealand,Extant
78769001,56,NZ,New Zealand,Extant
3897,56,NZ,New Zealand,Extant
127827012,56,NZ,New Zealand,Extant
2475,56,NZ,New Zealand,Extant
18596,56,NZ,New Zealand,Extant
22698209,56,NZ,New Zealand,Extant
195502,56,NZ,New Zealand,Extant
196303,56,NZ,New Zealand,Extant
197276,56,NZ,New Zealand,Extant
2477,56,NZ,New Zealand,Extant
20733,56,NZ,New Zealand,Extant
22563,56,NZ,New Zealand,Extant
41755,56,NZ,New Zealand,Extant
11146,56,NZ,New Zealand,Extant
4292,56,NZ,New Zealand,Extant
2762,56,NZ,New Zealand,Extant
134817215,56,NZ,New Zealand,Extant
3855,56,NZ,New Zealand,Extant
39339,56,NZ,New Zealand,Extant
4615,56,NZ,New Zealand,Extant
19488,41,OM,Oman,Extant
197461,41,OM,Oman,Extant
39341,41,OM,Oman,Extant
39378,41,OM,Oman,Extant
39381,41,OM,Oman,Extant
60225,41,OM,Oman,Extant
11534,41,OM,Oman,Extant
8005,41,OM,Oman,Extant
2476,41,OM,Oman,Extant
8551,41,OM,Oman,Extant
9249,41,OM,Oman,Extant
9461,41,OM,Oman,Extant
11047,41,OM,Oman,Extant
11048,41,OM,Oman,Extant
11140,41,OM,Oman,Extant
13006,41,OM,Oman,Extant
13244,41,OM,Oman,Extant
15421,41,OM,Oman,Extant
16564,41,OM,Oman,Extant
20729,41,OM,Oman,Extant
20731,41,OM,Oman,Extant
23211,41,OM,Oman,Extant
41714,41,OM,Oman,Extant
39375,41,OM,Oman,Extant
22692146,41,OM,Oman,Extant
3897,41,OM,Oman,Extant
18596,41,OM,Oman,Extant
22698209,41,OM,Oman,Extant
2477,41,OM,Oman,Extant
20733,41,OM,Oman,Extant
22563,41,OM,Oman,Extant
6909,41,OM,Oman,Extant
41755,41,OM,Oman,Extant
39365,41,OM,Oman,Extant
39384,41,OM,Oman,Extant
20738,41,OM,Oman,Extant
134817215,41,OM,Oman,Extant
22696495,41,OM,Oman,Extant
3855,41,OM,Oman,Extant
39339,41,OM,Oman,Extant
4615,41,OM,Oman,Extant
19488,43,PA,Panama,Extant
39341,43,PA,Panama,Extant
39378,43,PA,Panama,Extant
39381,43,PA,Panama,Extant
60217,43,PA,Panama,Extant
60225,43,PA,Panama,Extant
11534,43,PA,Panama,Extant
178800,43,PA,Panama,Extant
8005,43,PA,Panama,Extant
42394,43,PA,Panama,Extant
6494,43,PA,Panama,Extant
49278407,43,PA,Panama,Extant
2476,43,PA,Panama,Extant
8551,43,PA,Panama,Extant
9249,43,PA,Panama,Extant
9461,43,PA,Panama,Extant
11047,43,PA,Panama,Extant
11048,43,PA,Panama,Extant
11140,43,PA,Panama,Extant
13006,43,PA,Panama,Extant
13244,43,PA,Panama,Extant
15421,43,PA,Panama,Extant
16564,43,PA,Panama,Extant
20729,43,PA,Panama,Extant
20731,43,PA,Panama,Extant
23211,43,PA,Panama,Extant
190409,43,PA,Panama,Extant
3897,43,PA,Panama,Extant
191108,43,PA,Panama,Extant
18596,43,PA,Panama,Extant
22698209,43,PA,Panama,Extant
2477,43,PA,Panama,Extant
20733,43,PA,Panama,Extant
22563,43,PA,Panama,Extant
41755,43,PA,Panama,Extant
39384,43,PA,Panama,Extant
20738,43,PA,Panama,Extant
181500967,43,PA,Panama,Extant
4292,43,PA,Panama,Extant
134817215,43,PA,Panama,Extant
3855,43,PA,Panama,Extant
39339,43,PA,Panama,Extant
4615,43,PA,Panama,Extant
19488,45,PE,Peru,Extant
39341,45,PE,Peru,Extant
39378,45,PE,Peru,Extant
39381,45,PE,Peru,Extant
60225,45,PE,Peru,Extant
11534,45,PE,Peru,Extant
42394,45,PE,Peru,Extant
6494,45,PE,Peru,Extant
2476,45,PE,Peru,Extant
2478,45,PE,Peru,Extant
2480,45,PE,Peru,Extant
8153,45,PE,Peru,Extant
8551,45,PE,Peru,Extant
9249,45,PE,Peru,Extant
9250,45,PE,Peru,Extant
9461,45,PE,Peru,Extant
11047,45,PE,Peru,Extant
11048,45,PE,Peru,Extant
11140,45,PE,Peru,Extant
12126,45,PE,Peru,Extant
13006,45,PE,Peru,Extant
13244,45,PE,Peru,Extant
13247,45,PE,Peru,Extant
15421,45,PE,Peru,Extant
16564,45,PE,Peru,Extant
20729,45,PE,Peru,Extant
20731,45,PE,Peru,Extant
23211,45,PE,Peru,Extant
183775,45,PE,Peru,Extant
3897,45,PE,Peru,Extant
39338,45,PE,Peru,Extant
2475,45,PE,Peru,Extant
18596,45,PE,Peru,Extant
22698209,45,PE,Peru,Extant
2477,45,PE,Peru,Extant
20733,45,PE,Peru,Extant
22563,45,PE,Peru,Extant
41755,45,PE,Peru,Extant
11146,45,PE,Peru,Extant
20738,45,PE,Peru,Extant
4292,45,PE,Peru,Extant
134817215,45,PE,Peru,Extant
3855,45,PE,Peru,Extant
39339,45,PE,Peru,Extant
4615,45,PE,Peru,Extant
19488,39,PF,French Polynesia,Extant
39341,39,PF,French Polynesia,Extant
39378,39,PF,French Polynesia,Extant
39381,39,PF,French Polynesia,Extant
60225,39,PF,French Polynesia,Extant
178800,39,PF,French Polynesia,Extant
4592,39,PF,French Polynesia,Extant
6494,39,PF,French Polynesia,Extant
49278407,39,PF,French Polynesia,Extant
2476,39,PF,French Polynesia,Extant
2480,39,PF,French Polynesia,Extant
8551,39,PF,French Polynesia,Extant
9249,39,PF,French Polynesia,Extant
9461,39,PF,French Polynesia,Extant
11047,39,PF,French Polynesia,Extant
11048,39,PF,French Polynesia,Extant
11140,39,PF,French Polynesia,Extant
13006,39,PF,French Polynesia,Extant
13244,39,PF,French Polynesia,Extant
15421,39,PF,French Polynesia,Extant
16564,39,PF,French Polynesia,Extant
20729,39,PF,French Polynesia,Extant
20731,39,PF,French Polynesia,Extant
23211,39,PF,French Polynesia,Extant
39375,39,PF,French Polynesia,Extant
61339,39,PF,French Polynesia,Extant
3897,39,PF,French Polynesia,Extant
18596,39,PF,French Polynesia,Extant
22698209,39,PF,French Polynesia,Extant
20733,39,PF,French Polynesia,Extant
22563,39,PF,French Polynesia,Extant
41755,39,PF,French Polynesia,Extant
39365,39,PF,French Polynesia,Extant
39384,39,PF,French Polynesia,Extant
20738,39,PF,French Polynesia,Extant
4292,39,PF,French Polynesia,Extant
3855,39,PF,French Polynesia,Extant
39339,39,PF,French Polynesia,Extant
4615,39,PF,French Polynesia,Extant
19488,45,PG,Papua New Guinea,Extant
39341,45,PG,Papua New Guinea,Extant
39378,45,PG,Papua New Guinea,Extant
39381,45,PG,Papua New Guinea,Extant
60225,45,PG,Papua New Guinea,Extant
11534,45,PG,Papua New Guinea,Extant
178800,45,PG,Papua New Guinea,Extant
4592,45,PG,Papua New Guinea,Extant
8005,45,PG,Papua New Guinea,Extant
6494,45,PG,Papua New Guinea,Extant
49278407,45,PG,Papua New Guinea,Extant
2474,45,PG,Papua New Guinea,Extant
2476,45,PG,Papua New Guinea,Extant
8551,45,PG,Papua New Guinea,Extant
9249,45,PG,Papua New Guinea,Extant
9461,45,PG,Papua New Guinea,Extant
11047,45,PG,Papua New Guinea,Extant
11048,45,PG,Papua New Guinea,Extant
11140,45,PG,Papua New Guinea,Extant
13006,45,PG,Papua New Guinea,Extant
13244,45,PG,Papua New Guinea,Extant
15421,45,PG,Papua New Guinea,Extant
16564,45,PG,Papua New Guinea,Extant
20729,45,PG,Papua New Guinea,Extant
20731,45,PG,Papua New Guinea,Extant
23211,45,PG,Papua New Guinea,Extant
41714,45,PG,Papua New Guinea,Extant
39375,45,PG,Papua New Guinea,Extant
61339,45,PG,Papua New Guinea,Extant
3897,45,PG,Papua New Guinea,Extant
136315,45,PG,Papua New Guinea,Extant
18596,45,PG,Papua New Guinea,Extant
196303,45,PG,Papua New Guinea,Extant
2477,45,PG,Papua New Guinea,Extant
20733,45,PG,Papua New Guinea,Extant
22563,45,PG,Papua New Guinea,Extant
6909,45,PG,Papua New Guinea,Extant
41755,45,PG,Papua New Guinea,Extant
39365,45,PG,Papua New Guinea,Extant
39384,45,PG,Papua New Guinea,Extant
20738,45,PG,Papua New Guinea,Extant
4292,45,PG,Papua New Guinea,Extant
3855,45,PG,Papua New Guinea,Extant
39339,45,PG,Papua New Guinea,Extant
4615,45,PG,Papua New Guinea,Extant
19488,46,PH,Philippines,Extant
39341,46,PH,Philippines,Extant
39381,46,PH,Philippines,Extant
60225,46,PH,Philippines,Extant
11534,46,PH,Philippines,Extant
178800,46,PH,Philippines,Extant
4592,46,PH,Philippines,Extant
8005,46,PH,Philippines,Extant
6494,46,PH,Philippines,Extant
2476,46,PH,Philippines,Extant
2478,46,PH,Philippines,Extant
8551,46,PH,Philippines,Extant
9249,46,PH,Philippines,Extant
9461,46,PH,Philippines,Extant
11047,46,PH,Philippines,Extant
11048,46,PH,Philippines,Extant
11140,46,PH,Philippines,Extant
13006,46,PH,Philippines,Extant
13244,46,PH,Philippines,Extant
15421,46,PH,Philippines,Extant
16564,46,PH,Philippines,Extant
20729,46,PH,Philippines,Extant
20731,46,PH,Philippines,Extant
23211,46,PH,Philippines,Extant
40635,46,PH,Philippines,Extant
41714,46,PH,Philippines,Extant
39375,46,PH,Philippines,Extant
61339,46,PH,Philippines,Extant
3897,46,PH,Philippines,Extant
15419,46,PH,Philippines,Extant
41772,46,PH,Philippines,Extant
82031425,46,PH,Philippines,Extant
39338,46,PH,Philippines,Extant
18596,46,PH,Philippines,Extant
2477,46,PH,Philippines,Extant
20733,46,PH,Philippines,Extant
22563,46,PH,Philippines,Extant
6909,46,PH,Philippines,Extant
41755,46,PH,Philippines,Extant
39365,46,PH,Philippines,Extant
39384,46,PH,Philippines,Extant
20738,46,PH,Philippines,Extant
4292,46,PH,Philippines,Extant
3855,46,PH,Philippines,Extant
39339,46,PH,Philippines,Extant
4615,46,PH,Philippines,Extant
19488,42,PK,Pakistan,Extant
39341,42,PK,Pakistan,Extant
39378,42,PK,Pakistan,Extant
39381,42,PK,Pakistan,Extant
60225,42,PK,Pakistan,Extant
11534,42,PK,Pakistan,Extant
2476,42,PK,Pakistan,Extant
8551,42,PK,Pakistan,Extant
9249,42,PK,Pakistan,Extant
9461,42,PK,Pakistan,Extant
11047,42,PK,Pakistan,Extant
11048,42,PK,Pakistan,Extant
11140,42,PK,Pakistan,Extant
13006,42,PK,Pakistan,Extant
13244,42,PK,Pakistan,Extant
15421,42,PK,Pakistan,Extant
16564,42,PK,Pakistan,Extant
20729,42,PK,Pakistan,Extant
20731,42,PK,Pakistan,Extant
23211,42,PK,Pakistan,Extant
40635,42,PK,Pakistan,Extant
41714,42,PK,Pakistan,Extant
39375,42,PK,Pakistan,Extant
22692146,42,PK,Pakistan,Extant
3897,42,PK,Pakistan,Extant
169473392,42,PK,Pakistan,Extant
18596,42,PK,Pakistan,Extant
2477,42,PK,Pakistan,Extant
20733,42,PK,Pakistan,Extant
22563,42,PK,Pakistan,Extant
41755,42,PK,Pakistan,Extant
12427,42,PK,Pakistan,Extant
39365,42,PK,Pakistan,Extant
39384,42,PK,Pakistan,Extant
20738,42,PK,Pakistan,Extant
134817215,42,PK,Pakistan,Extant
22696495,42,PK,Pakistan,Extant
3855,42,PK,Pakistan,Extant
39339,42,PK,Pakistan,Extant
15955,42,PK,Pakistan,Extant
12419,42,PK,Pakistan,Extant
4615,42,PK,Pakistan,Extant
155123,19,PL,Poland,Extant
8784,19,PL,Poland,Extant
198568,19,PL,Poland,Extant
9660,19,PL,Poland,Extant
41672,19,PL,Poland,Extant
20731,19,PL,Poland,Extant
16580,19,PL,Poland,Extant
19861,19,PL,Poland,Extant
135631,19,PL,Poland,Extant
19855,19,PL,Poland,Extant
22692146,19,PL,Poland,Extant
170759990,19,PL,Poland,Extant
198583,19,PL,Poland,Extant
18596,19,PL,Poland,Extant
22698209,19,PL,Poland,Extant
134817215,19,PL,Poland,Extant
22696495,19,PL,Poland,Extant
12419,19,PL,Poland,Extant
17027,19,PL,Poland,Extant
11200,24,PM,Saint Pierre and Miquelon,Extant
39381,24,PM,Saint Pierre and Miquelon,Extant
2474,24,PM,Saint Pierre and Miquelon,Extant
2478,24,PM,Saint Pierre and Miquelon,Extant
9250,24,PM,Saint Pierre and Miquelon,Extant
9461,24,PM,Saint Pierre and Miquelon,Extant
11047,24,PM,Saint Pierre and Miquelon,Extant
11048,24,PM,Saint Pierre and Miquelon,Extant
11140,24,PM,Saint Pierre and Miquelon,Extant
13006,24,PM,Saint Pierre and Miquelon,Extant
15421,24,PM,Saint Pierre and Miquelon,Extant
20731,24,PM,Saint Pierre and Miquelon,Extant
23211,24,PM,Saint Pierre and Miquelon,Extant
191108,24,PM,Saint Pierre and Miquelon,Extant
2475,24,PM,Saint Pierre and Miquelon,Extant
18596,24,PM,Saint Pierre and Miquelon,Extant
22698209,24,PM,Saint Pierre and Miquelon,Extant
2477,24,PM,Saint Pierre and Miquelon,Extant
22563,24,PM,Saint Pierre and Miquelon,Extant
41755,24,PM,Saint Pierre and Miquelon,Extant
41712,24,PM,Saint Pierre and Miquelon,Extant
181500967,24,PM,Saint Pierre and Miquelon,Extant
3855,24,PM,Saint Pierre and Miquelon,Extant
39339,24,PM,Saint Pierre and Miquelon,Extant
19488,28,PN,Pitcairn,Extant
39341,28,PN,Pitcairn,Extant
39378,28,PN,Pitcairn,Extant
39381,28,PN,Pitcairn,Extant
4592,28,PN,Pitcairn,Extant
2476,28,PN,Pitcairn,Extant
8551,28,PN,Pitcairn,Extant
9249,28,PN,Pitcairn,Extant
9461,28,PN,Pitcairn,Extant
11047,28,PN,Pitcairn,Extant
11048,28,PN,Pitcairn,Extant
11140,28,PN,Pitcairn,Extant
13006,28,PN,Pitcairn,Extant
15421,28,PN,Pitcairn,Extant
16564,28,PN,Pitcairn,Extant
20729,28,PN,Pitcairn,Extant
20731,28,PN,Pitcairn,Extant
23211,28,PN,Pitcairn,Extant
61339,28,PN,Pitcairn,Extant
18596,28,PN,Pitcairn,Extant
20733,28,PN,Pitcairn,Extant
22563,28,PN,Pitcairn,Extant
41755,28,PN,Pitcairn,Extant
20738,28,PN,Pitcairn,Extant
4292,28,PN,Pitcairn,Extant
3855,28,PN,Pitcairn,Extant
39339,28,PN,Pitcairn,Extant
4615,28,PN,Pitcairn,Extant
19488,41,PR,Puerto Rico,Extant
39341,41,PR,Puerto Rico,Extant
39378,41,PR,Puerto Rico,Extant
39381,41,PR,Puerto Rico,Extant
60217,41,PR,Puerto Rico,Extant
60225,41,PR,Puerto Rico,Extant
11534,41,PR,Puerto Rico,Extant
8005,41,PR,Puerto Rico,Extant
6494,41,PR,Puerto Rico,Extant
49278407,41,PR,Puerto Rico,Extant
2474,41,PR,Puerto Rico,Extant
2476,41,PR,Puerto Rico,Extant
8551,41,PR,Puerto Rico,Extant
9249,41,PR,Puerto Rico,Extant
9461,41,PR,Puerto Rico,Extant
11047,41,PR,Puerto Rico,Extant
11048,41,PR,Puerto Rico,Extant
11140,41,PR,Puerto Rico,Extant
13006,41,PR,Puerto Rico,Extant
13244,41,PR,Puerto Rico,Extant
15421,41,PR,Puerto Rico,Extant
16564,41,PR,Puerto Rico,Extant
20729,41,PR,Puerto Rico,Extant
20731,41,PR,Puerto Rico,Extant
23211,41,PR,Puerto Rico,Extant
190409,41,PR,Puerto Rico,Extant
3897,41,PR,Puerto Rico,Extant
39338,41,PR,Puerto Rico,Extant
191108,41,PR,Puerto Rico,Extant
18596,41,PR,Puerto Rico,Extant
22698209,41,PR,Puerto Rico,Extant
20733,41,PR,Puerto Rico,Extant
22563,41,PR,Puerto Rico,Extant
41755,41,PR,Puerto Rico,Extant
20738,41,PR,Puerto Rico,Extant
181500967,41,PR,Puerto Rico,Extant
4292,41,PR,Puerto Rico,Extant
134817215,41,PR,Puerto Rico,Extant
3855,41,PR,Puerto Rico,Extant
39339,41,PR,Puerto Rico,Extant
4615,41,PR,Puerto Rico,Extant
23211,8,PS,"Palestine, State of",Extant
22692146,8,PS,"Palestine, State of",Extant
18596,8,PS,"Palestine, State of",Extant
41755,8,PS,"Palestine, State of",Extant
134817215,8,PS,"Palestine, State of",Extant
22696495,8,PS,"Palestine, State of",Extant
12419,8,PS,"Palestine, State of",Extant
13653,8,PS,"Palestine, State of",Extant
11200,56,PT,Portugal,Extant
19488,56,PT,Portugal,Extant
39341,56,PT,Portugal,Extant
39378,56,PT,Portugal,Extant
39381,56,PT,Portugal,Extant
60225,56,PT,Portugal,Extant
187752,56,PT,Portugal,Extant
198568,56,PT,Portugal,Extant
190710,56,PT,Portugal,Extant
176528,56,PT,Portugal,Extant
6494,56,PT,Portugal,Extant
9660,56,PT,Portugal,Extant
17013,56,PT,Portugal,Extant
41672,56,PT,Portugal,Extant
2474,56,PT,Portugal,Extant
2478,56,PT,Portugal,Extant
8551,56,PT,Portugal,Extant
9249,56,PT,Portugal,Extant
9250,56,PT,Portugal,Extant
9461,56,PT,Portugal,Extant
11047,56,PT,Portugal,Extant
11048,56,PT,Portugal,Extant
11140,56,PT,Portugal,Extant
13006,56,PT,Portugal,Extant
13244,56,PT,Portugal,Extant
15421,56,PT,Portugal,Extant
20731,56,PT,Portugal,Extant
23211,56,PT,Portugal,Extant
16580,56,PT,Portugal,Extant
19861,56,PT,Portugal,Extant
135631,56,PT,Portugal,Extant
19855,56,PT,Portugal,Extant
22692146,56,PT,Portugal,Extant
3897,56,PT,Portugal,Extant
2475,56,PT,Portugal,Extant
170759990,56,PT,Portugal,Extant
198583,56,PT,Portugal,Extant
18596,56,PT,Portugal,Extant
22698209,56,PT,Portugal,Extant
11533,56,PT,Portugal,Extant
2477,56,PT,Portugal,Extant
22563,56,PT,Portugal,Extant
41755,56,PT,Portugal,Extant
41712,56,PT,Portugal,Extant
20738,56,PT,Portugal,Extant
181500967,56,PT,Portugal,Extant
4292,56,PT,Portugal,Extant
134817215,56,PT,Portugal,Extant
22696495,56,PT,Portugal,Extant
13250,56,PT,Portugal,Extant
3855,56,PT,Portugal,Extant
39339,56,PT,Portugal,Extant
12419,56,PT,Portugal,Extant
13653,56,PT,Portugal,Extant
17027,56,PT,Portugal,Extant
4615,56,PT,Portugal,Extant
39341,37,PW,Palau,Extant
39378,37,PW,Palau,Extant
39381,37,PW,Palau,Extant
60225,37,PW,Palau,Extant
178800,37,PW,Palau,Extant
4592,37,PW,Palau,Extant
8005,37,PW,Palau,Extant
6494,37,PW,Palau,Extant
2476,37,PW,Palau,Extant
8551,37,PW,Palau,Extant
9249,37,PW,Palau,Extant
9461,37,PW,Palau,Extant
11047,37,PW,Palau,Extant
11048,37,PW,Palau,Extant
11140,37,PW,Palau,Extant
13006,37,PW,Palau,Extant
13244,37,PW,Palau,Extant
15421,37,PW,Palau,Extant
16564,37,PW,Palau,Extant
20729,37,PW,Palau,Extant
20731,37,PW,Palau,Extant
23211,37,PW,Palau,Extant
39375,37,PW,Palau,Extant
61339,37,PW,Palau,Extant
18596,37,PW,Palau,Extant
2477,37,PW,Palau,Extant
20733,37,PW,Palau,Extant
22563,37,PW,Palau,Extant
6909,37,PW,Palau,Extant
41755,37,PW,Palau,Extant
39365,37,PW,Palau,Extant
39384,37,PW,Palau,Extant
20738,37,PW,Palau,Extant
4292,37,PW,Palau,Extant
3855,37,PW,Palau,Extant
39339,37,PW,Palau,Extant
4615,37,PW,Palau,Extant
19488,25,QA,Qatar,Extant
39378,25,QA,Qatar,Extant
8005,25,QA,Qatar,Extant
2476,25,QA,Qatar,Extant
9461,25,QA,Qatar,Extant
11140,25,QA,Qatar,Extant
13006,25,QA,Qatar,Extant
15421,25,QA,Qatar,Extant
20731,25,QA,Qatar,Extant
23211,25,QA,Qatar,Extant
41714,25,QA,Qatar,Extant
39375,25,QA,Qatar,Extant
22692146,25,QA,Qatar,Extant
3897,25,QA,Qatar,Extant
18596,25,QA,Qatar,Extant
22563,25,QA,Qatar,Extant
6909,25,QA,Qatar,Extant
41755,25,QA,Qatar,Extant
39365,25,QA,Qatar,Extant
39384,25,QA,Qatar,Extant
20738,25,QA,Qatar,Extant
134817215,25,QA,Qatar,Extant
22696495,25,QA,Qatar,Extant
3855,25,QA,Qatar,Extant
4615,25,QA,Qatar,Extant
11200,30,RE,Réunion,Extant
39341,30,RE,Réunion,Extant
39381,30,RE,Réunion,Extant
60225,30,RE,Réunion,Extant
198568,30,RE,Réunion,Extant
2476,30,RE,Réunion,Extant
2478,30,RE,Réunion,Extant
2480,30,RE,Réunion,Extant
9249,30,RE,Réunion,Extant
11047,30,RE,Réunion,Extant
11048,30,RE,Réunion,Extant
11140,30,RE,Réunion,Extant
13006,30,RE,Réunion,Extant
13244,30,RE,Réunion,Extant
15421,30,RE,Réunion,Extant
16564,30,RE,Réunion,Extant
20729,30,RE,Réunion,Extant
23211,30,RE,Réunion,Extant
39375,30,RE,Réunion,Extant
2475,30,RE,Réunion,Extant
18596,30,RE,Réunion,Extant
2477,30,RE,Réunion,Extant
20733,30,RE,Réunion,Extant
22563,30,RE,Réunion,Extant
41755,30,RE,Réunion,Extant
39365,30,RE,Réunion,Extant
39384,30,RE,Réunion,Extant
20738,30,RE,Réunion,Extant
3855,30,RE,Réunion,Extant
39339,30,RE,Réunion,Extant
187752,14,RO,Romania,Extant
198568,14,RO,Romania,Extant
16580,14,RO,Romania,Extant
19861,14,RO,Romania,Extant
135631,14,RO,Romania,Extant
22692146,14,RO,Romania,Extant
170759990,14,RO,Romania,Extant
198583,14,RO,Romania,Extant
22563,14,RO,Romania,Extant
134817215,14,RO,Romania,Extant
22696495,14,RO,Romania,Extant
12419,14,RO,Romania,Extant
13653,14,RO,Romania,Extant
17027,14,RO,Romania,Extant
198568,7,RS,Serbia,Extant
16580,7,RS,Serbia,Extant
19861,7,RS,Serbia,Extant
135631,7,RS,Serbia,Extant
22692146,7,RS,Serbia,Extant
22696495,7,RS,Serbia,Extant
12419,7,RS,Serbia,Extant
39341,50,RU,Russian Federation,Extant
135301,50,RU,Russian Federation,Extant
155123,50,RU,Russian Federation,Extant
8784,50,RU,Russian Federation,Extant
22823,50,RU,Russian Federation,Extant
198568,50,RU,Russian Federation,Extant
62225,50,RU,Russian Federation,Extant
6494,50,RU,Russian Federation,Extant
9660,50,RU,Russian Federation,Extant
17013,50,RU,Russian Federation,Extant
41672,50,RU,Russian Federation,Extant
2467,50,RU,Russian Federation,Extant
2474,50,RU,Russian Federation,Extant
2478,50,RU,Russian Federation,Extant
6335,50,RU,Russian Federation,Extant
8097,50,RU,Russian Federation,Extant
9249,50,RU,Russian Federation,Extant
9461,50,RU,Russian Federation,Extant
11047,50,RU,Russian Federation,Extant
11048,50,RU,Russian Federation,Extant
13006,50,RU,Russian Federation,Extant
13704,50,RU,Russian Federation,Extant
15421,50,RU,Russian Federation,Extant
20731,50,RU,Russian Federation,Extant
23211,50,RU,Russian Federation,Extant
41711,50,RU,Russian Federation,Extant
16580,50,RU,Russian Federation,Extant
19861,50,RU,Russian Federation,Extant
135631,50,RU,Russian Federation,Extant
19855,50,RU,Russian Federation,Extant
22692146,50,RU,Russian Federation,Extant
98471199,50,RU,Russian Federation,Extant
2475,50,RU,Russian Federation,Extant
22694334,50,RU,Russian Federation,Extant
170759990,50,RU,Russian Federation,Extant
198583,50,RU,Russian Federation,Extant
18596,50,RU,Russian Federation,Extant
22698209,50,RU,Russian Federation,Extant
2477,50,RU,Russian Federation,Extant
22563,50,RU,Russian Federation,Extant
158625941,50,RU,Russian Federation,Extant
41755,50,RU,Russian Federation,Extant
4292,50,RU,Russian Federation,Extant
134817215,50,RU,Russian Federation,Extant
22696495,50,RU,Russian Federation,Extant
3855,50,RU,Russian Federation,Extant
15955,50,RU,Russian Federation,Extant
12419,50,RU,Russian Federation,Extant
13653,50,RU,Russian Federation,Extant
17027,50,RU,Russian Federation,Extant
197461,1,RW,Rwanda,Extant
19488,34,SA,Saudi Arabia,Extant
197461,34,SA,Saudi Arabia,Extant
39341,34,SA,Saudi Arabia,Extant
39378,34,SA,Saudi Arabia,Extant
39381,34,SA,Saudi Arabia,Extant
4592,34,SA,Saudi Arabia,Extant
8005,34,SA,Saudi Arabia,Extant
198568,34,SA,Saudi Arabia,Extant
2476,34,SA,Saudi Arabia,Extant
2478,34,SA,Saudi Arabia,Extant
9249,34,SA,Saudi Arabia,Extant
9461,34,SA,Saudi Arabia,Extant
11140,34,SA,Saudi Arabia,Extant
13006,34,SA,Saudi Arabia,Extant
15421,34,SA,Saudi Arabia,Extant
20729,34,SA,Saudi Arabia,Extant
20731,34,SA,Saudi Arabia,Extant
23211,34,SA,Saudi Arabia,Extant
41714,34,SA,Saudi Arabia,Extant
39375,34,SA,Saudi Arabia,Extant
22692146,34,SA,Saudi Arabia,Extant
61339,34,SA,Saudi Arabia,Extant
18596,34,SA,Saudi Arabia,Extant
20733,34,SA,Saudi Arabia,Extant
22563,34,SA,Saudi Arabia,Extant
6909,34,SA,Saudi Arabia,Extant
41755,34,SA,Saudi Arabia,Extant
39365,34,SA,Saudi Arabia,Extant
39384,34,SA,Saudi Arabia,Extant
20738,34,SA,Saudi Arabia,Extant
134817215,34,SA,Saudi Arabia,Extant
22696495,34,SA,Saudi Arabia,Extant
3855,34,SA,Saudi Arabia,Extant
4615,34,SA,Saudi Arabia,Extant
19488,42,SB,Solomon Islands,Extant
39341,42,SB,Solomon Islands,Extant
39378,42,SB,Solomon Islands,Extant
39381,42,SB,Solomon Islands,Extant
60225,42,SB,Solomon Islands,Extant
178800,42,SB,Solomon Islands,Extant
4592,42,SB,Solomon Islands,Extant
8005,42,SB,Solomon Islands,Extant
6494,42,SB,Solomon Islands,Extant
2476,42,SB,Solomon Islands,Extant
8551,42,SB,Solomon Islands,Extant
9249,42,SB,Solomon Islands,Extant
9461,42,SB,Solomon Islands,Extant
11047,42,SB,Solomon Islands,Extant
11048,42,SB,Solomon Islands,Extant
11140,42,SB,Solomon Islands,Extant
13006,42,SB,Solomon Islands,Extant
13244,42,SB,Solomon Islands,Extant
15421,42,SB,Solomon Islands,Extant
16564,42,SB,Solomon Islands,Extant
20729,42,SB,Solomon Islands,Extant
20731,42,SB,Solomon Islands,Extant
23211,42,SB,Solomon Islands,Extant
41714,42,SB,Solomon Islands,Extant
39375,42,SB,Solomon Islands,Extant
61339,42,SB,Solomon Islands,Extant
3897,42,SB,Solomon Islands,Extant
18596,42,SB,Solomon Islands,Extant
22698209,42,SB,Solomon Islands,Extant
2477,42,SB,Solomon Islands,Extant
20733,42,SB,Solomon Islands,Extant
22563,42,SB,Solomon Islands,Extant
6909,42,SB,Solomon Islands,Extant
41755,42,SB,Solomon Islands,Extant
39365,42,SB,Solomon Islands,Extant
39384,42,SB,Solomon Islands,Extant
20738,42,SB,Solomon Islands,Extant
4292,42,SB,Solomon Islands,Extant
134817215,42,SB,Solomon Islands,Extant
3855,42,SB,Solomon Islands,Extant
39339,42,SB,Solomon Islands,Extant
4615,42,SB,Solomon Islands,Extant
39341,36,SC,Seychelles,Extant
39381,36,SC,Seychelles,Extant
60225,36,SC,Seychelles,Extant
4592,36,SC,Seychelles,Extant
8005,36,SC,Seychelles,Extant
198568,36,SC,Seychelles,Extant
6494,36,SC,Seychelles,Extant
2476,36,SC,Seychelles,Extant
2478,36,SC,Seychelles,Extant
8551,36,SC,Seychelles,Extant
9249,36,SC,Seychelles,Extant
9461,36,SC,Seychelles,Extant
11047,36,SC,Seychelles,Extant
11048,36,SC,Seychelles,Extant
11140,36,SC,Seychelles,Extant
13006,36,SC,Seychelles,Extant
13244,36,SC,Seychelles,Extant
15421,36,SC,Seychelles,Extant
16564,36,SC,Seychelles,Extant
20729,36,SC,Seychelles,Extant
20731,36,SC,Seychelles,Extant
23211,36,SC,Seychelles,Extant
41714,36,SC,Seychelles,Extant
39375,36,SC,Seychelles,Extant
61339,36,SC,Seychelles,Extant
18596,36,SC,Seychelles,Extant
2477,36,SC,Seychelles,Extant
20733,36,SC,Seychelles,Extant
22563,36,SC,Seychelles,Extant
6909,36,SC,Seychelles,Extant
41755,36,SC,Seychelles,Extant
39384,36,SC,Seychelles,Extant
20738,36,SC,Seychelles,Extant
3855,36,SC,Seychelles,Extant
39339,36,SC,Seychelles,Extant
4615,36,SC,Seychelles,Extant
19488,30,SD,Sudan,Extant
39341,30,SD,Sudan,Extant
39378,30,SD,Sudan,Extant
39381,30,SD,Sudan,Extant
11534,30,SD,Sudan,Extant
4592,30,SD,Sudan,Extant
8005,30,SD,Sudan,Extant
9461,30,SD,Sudan,Extant
11048,30,SD,Sudan,Extant
11140,30,SD,Sudan,Extant
15421,30,SD,Sudan,Extant
20729,30,SD,Sudan,Extant
20731,30,SD,Sudan,Extant
23211,30,SD,Sudan,Extant
41714,30,SD,Sudan,Extant
39375,30,SD,Sudan,Extant
22692146,30,SD,Sudan,Extant
61339,30,SD,Sudan,Extant
18596,30,SD,Sudan,Extant
20733,30,SD,Sudan,Extant
22563,30,SD,Sudan,Extant
6909,30,SD,Sudan,Extant
41755,30,SD,Sudan,Extant
39365,30,SD,Sudan,Extant
39384,30,SD,Sudan,Extant
20738,30,SD,Sudan,Extant
134817215,30,SD,Sudan,Extant
22696495,30,SD,Sudan,Extant
3855,30,SD,Sudan,Extant
4615,30,SD,Sudan,Extant
11200,29,SE,Sweden,Extant
39381,29,SE,Sweden,Extant
155123,29,SE,Sweden,Extant
8784,29,SE,Sweden,Extant
198568,29,SE,Sweden,Extant
9660,29,SE,Sweden,Extant
17013,29,SE,Sweden,Extant
41672,29,SE,Sweden,Extant
2478,29,SE,Sweden,Extant
6335,29,SE,Sweden,Extant
9250,29,SE,Sweden,Extant
9461,29,SE,Sweden,Extant
13006,29,SE,Sweden,Extant
15421,29,SE,Sweden,Extant
20731,29,SE,Sweden,Extant
23211,29,SE,Sweden,Extant
16580,29,SE,Sweden,Extant
19861,29,SE,Sweden,Extant
135631,29,SE,Sweden,Extant
19855,29,SE,Sweden,Extant
22692146,29,SE,Sweden,Extant
170759990,29,SE,Sweden,Extant
198583,29,SE,Sweden,Extant
18596,29,SE,Sweden,Extant
41755,29,SE,Sweden,Extant
4292,29,SE,Sweden,Extant
22696495,29,SE,Sweden,Extant
12419,29,SE,Sweden,Extant
17027,29,SE,Sweden,Extant
39341,39,SG,Singapore,Extant
39381,39,SG,Singapore,Extant
60225,39,SG,Singapore,Extant
178800,39,SG,Singapore,Extant
4592,39,SG,Singapore,Extant
2476,39,SG,Singapore,Extant
8551,39,SG,Singapore,Extant
9249,39,SG,Singapore,Extant
9461,39,SG,Singapore,Extant
11047,39,SG,Singapore,Extant
11048,39,SG,Singapore,Extant
11140,39,SG,Singapore,Extant
13006,39,SG,Singapore,Extant
13244,39,SG,Singapore,Extant
15421,39,SG,Singapore,Extant
16564,39,SG,Singapore,Extant
20729,39,SG,Singapore,Extant
20731,39,SG,Singapore,Extant
23211,39,SG,Singapore,Extant
41714,39,SG,Singapore,Extant
39375,39,SG,Singapore,Extant
61339,39,SG,Singapore,Extant
15419,39,SG,Singapore,Extant
41772,39,SG,Singapore,Extant
82031425,39,SG,Singapore,Extant
18596,39,SG,Singapore,Extant
20733,39,SG,Singapore,Extant
22563,39,SG,Singapore,Extant
6909,39,SG,Singapore,Extant
41755,39,SG,Singapore,Extant
12427,39,SG,Singapore,Extant
39365,39,SG,Singapore,Extant
39384,39,SG,Singapore,Extant
20738,39,SG,Singapore,Extant
134817215,39,SG,Singapore,Extant
3855,39,SG,Singapore,Extant
39339,39,SG,Singapore,Extant
15955,39,SG,Singapore,Extant
4615,39,SG,Singapore,Extant
19488,34,SH,"Saint Helena, Ascension and Tristan da Cunha",Extant
39341,34,SH,"Saint Helena, Ascension and Tristan da Cunha",Extant
39381,34,SH,"Saint Helena, Ascension and Tristan da Cunha",Extant
60225,34,SH,"Saint Helena, Ascension and Tristan da Cunha",Extant
198568,34,SH,"Saint Helena, Ascension and Tristan da Cunha",Extant
6494,34,SH,"Saint Helena, Ascension and Tristan da Cunha",Extant
2478,34,SH,"Saint Helena, Ascension and Tristan da Cunha",Extant
8153,34,SH,"Saint Helena, Ascension and Tristan da Cunha",Extant
9249,34,SH,"Saint Helena, Ascension and Tristan da Cunha",Extant
11047,34,SH,"Saint Helena, Ascension and Tristan da Cunha",Extant
11048,34,SH,"Saint Helena, Ascension and Tristan da Cunha",Extant
11140,34,SH,"Saint Helena, Ascension and Tristan da Cunha",Extant
12126,34,SH,"Saint Helena, Ascension and Tristan da Cunha",Extant
13006,34,SH,"Saint Helena, Ascension and Tristan da Cunha",Extant
13242,34,SH,"Saint Helena, Ascension and Tristan da Cunha",Extant
13244,34,SH,"Saint Helena, Ascension and Tristan da Cunha",Extant
15421,34,SH,"Saint Helena, Ascension and Tristan da Cunha",Extant
16564,34,SH,"Saint Helena, Ascension and Tristan da Cunha",Extant
20729,34,SH,"Saint Helena, Ascension and Tristan da Cunha",Extant
20731,34,SH,"Saint Helena, Ascension and Tristan da Cunha",Extant
21500,34,SH,"Saint Helena, Ascension and Tristan da Cunha",Extant
23211,34,SH,"Saint Helena, Ascension and Tristan da Cunha",Extant
2475,34,SH,"Saint Helena, Ascension and Tristan da Cunha",Extant
18596,34,SH,"Saint Helena, Ascension and Tristan da Cunha",Extant
22698209,34,SH,"Saint Helena, Ascension and Tristan da Cunha",Extant
20733,34,SH,"Saint Helena, Ascension and Tristan da Cunha",Extant
22563,34,SH,"Saint Helena, Ascension and Tristan da Cunha",Extant
41755,34,SH,"Saint Helena, Ascension and Tristan da Cunha",Extant
11146,34,SH,"Saint Helena, Ascension and Tristan da Cunha",Extant
20738,34,SH,"Saint Helena, Ascension and Tristan da Cunha",Extant
4292,34,SH,"Saint Helena, Ascension and Tristan da Cunha",Extant
3855,34,SH,"Saint Helena, Ascension and Tristan da Cunha",Extant
39339,34,SH,"Saint Helena, Ascension and Tristan da Cunha",Extant
4615,34,SH,"Saint Helena, Ascension and Tristan da Cunha",Extant
39381,25,SI,Slovenia,Extant
187752,25,SI,Slovenia,Extant
198568,25,SI,Slovenia,Extant
6494,25,SI,Slovenia,Extant
2478,25,SI,Slovenia,Extant
9461,25,SI,Slovenia,Extant
20731,25,SI,Slovenia,Extant
23211,25,SI,Slovenia,Extant
16580,25,SI,Slovenia,Extant
19861,25,SI,Slovenia,Extant
135631,25,SI,Slovenia,Extant
22692146,25,SI,Slovenia,Extant
3897,25,SI,Slovenia,Extant
170759990,25,SI,Slovenia,Extant
198583,25,SI,Slovenia,Extant
18596,25,SI,Slovenia,Extant
22563,25,SI,Slovenia,Extant
41755,25,SI,Slovenia,Extant
20738,25,SI,Slovenia,Extant
4292,25,SI,Slovenia,Extant
134817215,25,SI,Slovenia,Extant
3855,25,SI,Slovenia,Extant
39339,25,SI,Slovenia,Extant
12419,25,SI,Slovenia,Extant
13653,25,SI,Slovenia,Extant
155123,15,SJ,Svalbard and Jan Mayen,Extant
8784,15,SJ,Svalbard and Jan Mayen,Extant
22823,15,SJ,Svalbard and Jan Mayen,Extant
17013,15,SJ,Svalbard and Jan Mayen,Extant
41672,15,SJ,Svalbard and Jan Mayen,Extant
2467,15,SJ,Svalbard and Jan Mayen,Extant
2474,15,SJ,Svalbard and Jan Mayen,Extant
2478,15,SJ,Svalbard and Jan Mayen,Extant
6335,15,SJ,Svalbard and Jan Mayen,Extant
13006,15,SJ,Svalbard and Jan Mayen,Extant
13704,15,SJ,Svalbard and Jan Mayen,Extant
15421,15,SJ,Svalbard and Jan Mayen,Extant
22692146,15,SJ,Svalbard and Jan Mayen,Extant
22698209,15,SJ,Svalbard and Jan Mayen,Extant
2477,15,SJ,Svalbard and Jan Mayen,Extant
42394,8,SK,Slovakia,Extant
16580,8,SK,Slovakia,Extant
19861,8,SK,Slovakia,Extant
135631,8,SK,Slovakia,Extant
19855,8,SK,Slovakia,Extant
22692146,8,SK,Slovakia,Extant
22696495,8,SK,Slovakia,Extant
12419,8,SK,Slovakia,Extant
19488,36,SL,Sierra Leone,Extant
197461,36,SL,Sierra Leone,Extant
39341,36,SL,Sierra Leone,Extant
39378,36,SL,Sierra Leone,Extant
39381,36,SL,Sierra Leone,Extant
60225,36,SL,Sierra Leone,Extant
11534,36,SL,Sierra Leone,Extant
8005,36,SL,Sierra Leone,Extant
198568,36,SL,Sierra Leone,Extant
6494,36,SL,Sierra Leone,Extant
2476,36,SL,Sierra Leone,Extant
8551,36,SL,Sierra Leone,Extant
9249,36,SL,Sierra Leone,Extant
9461,36,SL,Sierra Leone,Extant
11047,36,SL,Sierra Leone,Extant
11048,36,SL,Sierra Leone,Extant
11140,36,SL,Sierra Leone,Extant
13006,36,SL,Sierra Leone,Extant
13244,36,SL,Sierra Leone,Extant
15421,36,SL,Sierra Leone,Extant
16564,36,SL,Sierra Leone,Extant
20729,36,SL,Sierra Leone,Extant
20731,36,SL,Sierra Leone,Extant
23211,36,SL,Sierra Leone,Extant
3897,36,SL,Sierra Leone,Extant
18596,36,SL,Sierra Leone,Extant
22698209,36,SL,Sierra Leone,Extant
20733,36,SL,Sierra Leone,Extant
22563,36,SL,Sierra Leone,Extant
41755,36,SL,Sierra Leone,Extant
20738,36,SL,Sierra Leone,Extant
4292,36,SL,Sierra Leone,Extant
134817215,36,SL,Sierra Leone,Extant
3855,36,SL,Sierra Leone,Extant
39339,36,SL,Sierra Leone,Extant
4615,36,SL,Sierra Leone,Extant
12419,1,SM,San Marino,Extant
19488,43,SN,Senegal,Extant
197461,43,SN,Senegal,Extant
39341,43,SN,Senegal,Extant
39378,43,SN,Senegal,Extant
39381,43,SN,Senegal,Extant
60225,43,SN,Senegal,Extant
11534,43,SN,Senegal,Extant
187752,43,SN,Senegal,Extant
198568,43,SN,Senegal,Extant
190710,43,SN,Senegal,Extant
6494,43,SN,Senegal,Extant
2474,43,SN,Senegal,Extant
2476,43,SN,Senegal,Extant
8551,43,SN,Senegal,Extant
9249,43,SN,Senegal,Extant
9461,43,SN,Senegal,Extant
11047,43,SN,Senegal,Extant
11048,43,SN,Senegal,Extant
11140,43,SN,Senegal,Extant
13006,43,SN,Senegal,Extant
13244,43,SN,Senegal,Extant
15421,43,SN,Senegal,Extant
16564,43,SN,Senegal,Extant
20729,43,SN,Senegal,Extant
20731,43,SN,Senegal,Extant
23211,43,SN,Senegal,Extant
3897,43,SN,Senegal,Extant
39338,43,SN,Senegal,Extant
18596,43,SN,Senegal,Extant
22698209,43,SN,Senegal,Extant
2477,43,SN,Senegal,Extant
20733,43,SN,Senegal,Extant
22563,43,SN,Senegal,Extant
41755,43,SN,Senegal,Extant
20738,43,SN,Senegal,Extant
4292,43,SN,Senegal,Extant
134817215,43,SN,Senegal,Extant
22696495,43,SN,Senegal,Extant
3855,43,SN,Senegal,Extant
39339,43,SN,Senegal,Extant
13653,43,SN,Senegal,Extant
17027,43,SN,Senegal,Extant
4615,43,SN,Senegal,Extant
19488,41,SO,Somalia,Extant
197461,41,SO,Somalia,Extant
39341,41,SO,Somalia,Extant
39378,41,SO,Somalia,Extant
39381,41,SO,Somalia,Extant
60225,41,SO,Somalia,Extant
11534,41,SO,Somalia,Extant
4592,41,SO,Somalia,Extant
8005,41,SO,Somalia,Extant
198568,41,SO,Somalia,Extant
8551,41,SO,Somalia,Extant
9249,41,SO,Somalia,Extant
9461,41,SO,Somalia,Extant
11047,41,SO,Somalia,Extant
11048,41,SO,Somalia,Extant
11140,41,SO,Somalia,Extant
13006,41,SO,Somalia,Extant
13244,41,SO,Somalia,Extant
15421,41,SO,Somalia,Extant
16564,41,SO,Somalia,Extant
20729,41,SO,Somalia,Extant
20731,41,SO,Somalia,Extant
23211,41,SO,Somalia,Extant
40635,41,SO,Somalia,Extant
41714,41,SO,Somalia,Extant
39375,41,SO,Somalia,Extant
61339,41,SO,Somalia,Extant
3897,41,SO,Somalia,Extant
18596,41,SO,Somalia,Extant
2477,41,SO,Somalia,Extant
20733,41,SO,Somalia,Extant
22563,41,SO,Somalia,Extant
6909,41,SO,Somalia,Extant
41755,41,SO,Somalia,Extant
39365,41,SO,Somalia,Extant
39384,41,SO,Somalia,Extant
20738,41,SO,Somalia,Extant
134817215,41,SO,Somalia,Extant
3855,41,SO,Somalia,Extant
39339,41,SO,Somalia,Extant
4615,41,SO,Somalia,Extant
19488,36,SR,Suriname,Extant
39341,36,SR,Suriname,Extant
39378,36,SR,Suriname,Extant
39381,36,SR,Suriname,Extant
60217,36,SR,Suriname,Extant
60225,36,SR,Suriname,Extant
11534,36,SR,Suriname,Extant
42394,36,SR,Suriname,Extant
6494,36,SR,Suriname,Extant
2480,36,SR,Suriname,Extant
8551,36,SR,Suriname,Extant
9249,36,SR,Suriname,Extant
9461,36,SR,Suriname,Extant
11047,36,SR,Suriname,Extant
11048,36,SR,Suriname,Extant
11140,36,SR,Suriname,Extant
13006,36,SR,Suriname,Extant
13244,36,SR,Suriname,Extant
15421,36,SR,Suriname,Extant
16564,36,SR,Suriname,Extant
20729,36,SR,Suriname,Extant
20731,36,SR,Suriname,Extant
23211,36,SR,Suriname,Extant
190409,36,SR,Suriname,Extant
3897,36,SR,Suriname,Extant
18596,36,SR,Suriname,Extant
22698209,36,SR,Suriname,Extant
20733,36,SR,Suriname,Extant
22563,36,SR,Suriname,Extant
41755,36,SR,Suriname,Extant
20738,36,SR,Suriname,Extant
4292,36,SR,Suriname,Extant
134817215,36,SR,Suriname,Extant
3855,36,SR,Suriname,Extant
39339,36,SR,Suriname,Extant
4615,36,SR,Suriname,Extant
22696495,1,SS,South Sudan,Extant
19488,32,ST,Sao Tome and Principe,Extant
39341,32,ST,Sao Tome and Principe,Extant
39381,32,ST,Sao Tome and Principe,Extant
60225,32,ST,Sao Tome and Principe,Extant
11534,32,ST,Sao Tome and Principe,Extant
8005,32,ST,Sao Tome and Principe,Extant
198568,32,ST,Sao Tome and Principe,Extant
6494,32,ST,Sao Tome and Principe,Extant
2476,32,ST,Sao Tome and Principe,Extant
9249,32,ST,Sao Tome and Principe,Extant
9461,32,ST,Sao Tome and Principe,Extant
11047,32,ST,Sao Tome and Principe,Extant
11048,32,ST,Sao Tome and Principe,Extant
11140,32,ST,Sao Tome and Principe,Extant
13006,32,ST,Sao Tome and Principe,Extant
13244,32,ST,Sao Tome and Principe,Extant
15421,32,ST,Sao Tome and Principe,Extant
16564,32,ST,Sao Tome and Principe,Extant
20729,32,ST,Sao Tome and Principe,Extant
20731,32,ST,Sao Tome and Principe,Extant
23211,32,ST,Sao Tome and Principe,Extant
18596,32,ST,Sao Tome and Principe,Extant
22698209,32,ST,Sao Tome and Principe,Extant
20733,32,ST,Sao Tome and Principe,Extant
22563,32,ST,Sao Tome and Principe,Extant
41755,32,ST,Sao Tome and Principe,Extant
20738,32,ST,Sao Tome and Principe,Extant
4292,32,ST,Sao Tome and Principe,Extant
134817215,32,ST,Sao Tome and Principe,Extant
3855,32,ST,Sao Tome and Principe,Extant
39339,32,ST,Sao Tome and Principe,Extant
4615,32,ST,Sao Tome and Principe,Extant
19488,35,SV,El Salvador,Extant
39341,35,SV,El Salvador,Extant
39381,35,SV,El Salvador,Extant
60225,35,SV,El Salvador,Extant
11534,35,SV,El Salvador,Extant
8005,35,SV,El Salvador,Extant
42394,35,SV,El Salvador,Extant
6494,35,SV,El Salvador,Extant
2476,35,SV,El Salvador,Extant
8551,35,SV,El Salvador,Extant
9249,35,SV,El Salvador,Extant
9461,35,SV,El Salvador,Extant
11047,35,SV,El Salvador,Extant
11048,35,SV,El Salvador,Extant
11140,35,SV,El Salvador,Extant
13006,35,SV,El Salvador,Extant
13244,35,SV,El Salvador,Extant
15421,35,SV,El Salvador,Extant
16564,35,SV,El Salvador,Extant
20729,35,SV,El Salvador,Extant
20731,35,SV,El Salvador,Extant
23211,35,SV,El Salvador,Extant
18596,35,SV,El Salvador,Extant
22698209,35,SV,El Salvador,Extant
2477,35,SV,El Salvador,Extant
20733,35,SV,El Salvador,Extant
22563,35,SV,El Salvador,Extant
41755,35,SV,El Salvador,Extant
20738,35,SV,El Salvador,Extant
181500967,35,SV,El Salvador,Extant
4292,35,SV,El Salvador,Extant
134817215,35,SV,El Salvador,Extant
3855,35,SV,El Salvador,Extant
39339,35,SV,El Salvador,Extant
4615,35,SV,El Salvador,Extant
19488,33,SX,Sint Maarten (Dutch part),Extant
39341,33,SX,Sint Maarten (Dutch part),Extant
39381,33,SX,Sint Maarten (Dutch part),Extant
60217,33,SX,Sint Maarten (Dutch part),Extant
60225,33,SX,Sint Maarten (Dutch part),Extant
8005,33,SX,Sint Maarten (Dutch part),Extant
6494,33,SX,Sint Maarten (Dutch part),Extant
2474,33,SX,Sint Maarten (Dutch part),Extant
2476,33,SX,Sint Maarten (Dutch part),Extant
8551,33,SX,Sint Maarten (Dutch part),Extant
9249,33,SX,Sint Maarten (Dutch part),Extant
9461,33,SX,Sint Maarten (Dutch part),Extant
11047,33,SX,Sint Maarten (Dutch part),Extant
11048,33,SX,Sint Maarten (Dutch part),Extant
11140,33,SX,Sint Maarten (Dutch part),Extant
13006,33,SX,Sint Maarten (Dutch part),Extant
13244,33,SX,Sint Maarten (Dutch part),Extant
15421,33,SX,Sint Maarten (Dutch part),Extant
16564,33,SX,Sint Maarten (Dutch part),Extant
20729,33,SX,Sint Maarten (Dutch part),Extant
20731,33,SX,Sint Maarten (Dutch part),Extant
190409,33,SX,Sint Maarten (Dutch part),Extant
191108,33,SX,Sint Maarten (Dutch part),Extant
18596,33,SX,Sint Maarten (Dutch part),Extant
20733,33,SX,Sint Maarten (Dutch part),Extant
22563,33,SX,Sint Maarten (Dutch part),Extant
41755,33,SX,Sint Maarten (Dutch part),Extant
20738,33,SX,Sint Maarten (Dutch part),Extant
181500967,33,SX,Sint Maarten (Dutch part),Extant
134817215,33,SX,Sint Maarten (Dutch part),Extant
3855,33,SX,Sint Maarten (Dutch part),Extant
39339,33,SX,Sint Maarten (Dutch part),Extant
4615,33,SX,Sint Maarten (Dutch part),Extant
187752,22,SY,Syrian Arab Republic,Extant
198568,22,SY,Syrian Arab Republic,Extant
190710,22,SY,Syrian Arab Republic,Extant
6494,22,SY,Syrian Arab Republic,Extant
2478,22,SY,Syrian Arab Republic,Extant
9461,22,SY,Syrian Arab Republic,Extant
15421,22,SY,Syrian Arab Republic,Extant
23211,22,SY,Syrian Arab Republic,Extant
22692146,22,SY,Syrian Arab Republic,Extant
3897,22,SY,Syrian Arab Republic,Extant
198583,22,SY,Syrian Arab Republic,Extant
18596,22,SY,Syrian Arab Republic,Extant
22563,22,SY,Syrian Arab Republic,Extant
41755,22,SY,Syrian Arab Republic,Extant
20738,22,SY,Syrian Arab Republic,Extant
4292,22,SY,Syrian Arab Republic,Extant
134817215,22,SY,Syrian Arab Republic,Extant
22696495,22,SY,Syrian Arab Republic,Extant
3855,22,SY,Syrian Arab Republic,Extant
39339,22,SY,Syrian Arab Republic,Extant
12419,22,SY,Syrian Arab Republic,Extant
13653,22,SY,Syrian Arab Republic,Extant
197461,1,SZ,Eswatini,Extant
19488,35,TC,Turks and Caicos Islands,Extant
39341,35,TC,Turks and Caicos Islands,Extant
39381,35,TC,Turks and Caicos Islands,Extant
60217,35,TC,Turks and Caicos Islands,Extant
60225,35,TC,Turks and Caicos Islands,Extant
6494,35,TC,Turks and Caicos Islands,Extant
2474,35,TC,Turks and Caicos Islands,Extant
2476,35,TC,Turks and Caicos Islands,Extant
9249,35,TC,Turks and Caicos Islands,Extant
9461,35,TC,Turks and Caicos Islands,Extant
11047,35,TC,Turks and Caicos Islands,Extant
11048,35,TC,Turks and Caicos Islands,Extant
11140,35,TC,Turks and Caicos Islands,Extant
13006,35,TC,Turks and Caicos Islands,Extant
13244,35,TC,Turks and Caicos Islands,Extant
15421,35,TC,Turks and Caicos Islands,Extant
16564,35,TC,Turks and Caicos Islands,Extant
20729,35,TC,Turks and Caicos Islands,Extant
20731,35,TC,Turks and Caicos Islands,Extant
23211,35,TC,Turks and Caicos Islands,Extant
190409,35,TC,Turks and Caicos Islands,Extant
3897,35,TC,Turks and Caicos Islands,Extant
191108,35,TC,Turks and Caicos Islands,Extant
2475,35,TC,Turks and Caicos Islands,Extant
18596,35,TC,Turks and Caicos Islands,Extant
22698209,35,TC,Turks and Caicos Islands,Extant
20733,35,TC,Turks and Caicos Islands,Extant
22563,35,TC,Turks and Caicos Islands,Extant
41755,35,TC,Turks and Caicos Islands,Extant
20738,35,TC,Turks and Caicos Islands,Extant
181500967,35,TC,Turks and Caicos Islands,Extant
4292,35,TC,Turks and Caicos Islands,Extant
3855,35,TC,Turks and Caicos Islands,Extant
39339,35,TC,Turks and Caicos Islands,Extant
4615,35,TC,Turks and Caicos Islands,Extant
197461,2,TD,Chad,Extant
22696495,2,TD,Chad,Extant
11200,26,TF,French Southern Territories,Extant
8005,26,TF,French Southern Territories,Extant
198568,26,TF,French Southern Territories,Extant
6494,26,TF,French Southern Territories,Extant
2478,26,TF,French Southern Territories,Extant
2480,26,TF,French Southern Territories,Extant
3778,26,TF,French Southern Territories,Extant
8153,26,TF,French Southern Territories,Extant
9250,26,TF,French Southern Territories,Extant
9461,26,TF,French Southern Territories,Extant
11144,26,TF,French Southern Territories,Extant
12126,26,TF,French Southern Territories,Extant
13006,26,TF,French Southern Territories,Extant
13247,26,TF,French Southern Territories,Extant
13249,26,TF,French Southern Territories,Extant
15421,26,TF,French Southern Territories,Extant
41715,26,TF,French Southern Territories,Extant
19855,26,TF,French Southern Territories,Extant
61339,26,TF,French Southern Territories,Extant
2475,26,TF,French Southern Territories,Extant
22698209,26,TF,French Southern Territories,Extant
2477,26,TF,French Southern Territories,Extant
41755,26,TF,French Southern Territories,Extant
11146,26,TF,French Southern Territories,Extant
2762,26,TF,French Southern Territories,Extant
4615,26,TF,French Southern Territories,Extant
19488,31,TG,Togo,Extant
197461,31,TG,Togo,Extant
39378,31,TG,Togo,Extant
39381,31,TG,Togo,Extant
60225,31,TG,Togo,Extant
11534,31,TG,Togo,Extant
198568,31,TG,Togo,Extant
6494,31,TG,Togo,Extant
2476,31,TG,Togo,Extant
8551,31,TG,Togo,Extant
9249,31,TG,Togo,Extant
9461,31,TG,Togo,Extant
11047,31,TG,Togo,Extant
11048,31,TG,Togo,Extant
11140,31,TG,Togo,Extant
13006,31,TG,Togo,Extant
15421,31,TG,Togo,Extant
16564,31,TG,Togo,Extant
20729,31,TG,Togo,Extant
20731,31,TG,Togo,Extant
23211,31,TG,Togo,Extant
18596,31,TG,Togo,Extant
22698209,31,TG,Togo,Extant
20733,31,TG,Togo,Extant
22563,31,TG,Togo,Extant
41755,31,TG,Togo,Extant
20738,31,TG,Togo,Extant
134817215,31,TG,Togo,Extant
3855,31,TG,Togo,Extant
39339,31,TG,Togo,Extant
4615,31,TG,Togo,Extant
19488,43,TH,Thailand,Extant
39341,43,TH,Thailand,Extant
39381,43,TH,Thailand,Extant
60225,43,TH,Thailand,Extant
11534,43,TH,Thailand,Extant
178800,43,TH,Thailand,Extant
4592,43,TH,Thailand,Extant
8005,43,TH,Thailand,Extant
6494,43,TH,Thailand,Extant
2476,43,TH,Thailand,Extant
8551,43,TH,Thailand,Extant
9249,43,TH,Thailand,Extant
9461,43,TH,Thailand,Extant
11047,43,TH,Thailand,Extant
11048,43,TH,Thailand,Extant
11140,43,TH,Thailand,Extant
13244,43,TH,Thailand,Extant
15421,43,TH,Thailand,Extant
16564,43,TH,Thailand,Extant
20729,43,TH,Thailand,Extant
20731,43,TH,Thailand,Extant
23211,43,TH,Thailand,Extant
40635,43,TH,Thailand,Extant
41714,43,TH,Thailand,Extant
39375,43,TH,Thailand,Extant
15419,43,TH,Thailand,Extant
82031425,43,TH,Thailand,Extant
18596,43,TH,Thailand,Extant
2477,43,TH,Thailand,Extant
20733,43,TH,Thailand,Extant
22563,43,TH,Thailand,Extant
6909,43,TH,Thailand,Extant
41755,43,TH,Thailand,Extant
12427,43,TH,Thailand,Extant
39365,43,TH,Thailand,Extant
39384,43,TH,Thailand,Extant
20738,43,TH,Thailand,Extant
134817215,43,TH,Thailand,Extant
3855,43,TH,Thailand,Extant
39339,43,TH,Thailand,Extant
15955,43,TH,Thailand,Extant
12419,43,TH,Thailand,Extant
4615,43,TH,Thailand,Extant
16580,5,TJ,Tajikistan,Extant
22692146,5,TJ,Tajikistan,Extant
22696495,5,TJ,Tajikistan,Extant
15955,5,TJ,Tajikistan,Extant
12419,5,TJ,Tajikistan,Extant
19488,28,TK,Tokelau,Extant
39341,28,TK,Tokelau,Extant
39378,28,TK,Tokelau,Extant
39381,28,TK,Tokelau,Extant
60225,28,TK,Tokelau,Extant
4592,28,TK,Tokelau,Extant
8551,28,TK,Tokelau,Extant
9249,28,TK,Tokelau,Extant
11047,28,TK,Tokelau,Extant
11048,28,TK,Tokelau,Extant
13006,28,TK,Tokelau,Extant
13244,28,TK,Tokelau,Extant
15421,28,TK,Tokelau,Extant
20729,28,TK,Tokelau,Extant
23211,28,TK,Tokelau,Extant
39375,28,TK,Tokelau,Extant
61339,28,TK,Tokelau,Extant
3897,28,TK,Tokelau,Extant
18596,28,TK,Tokelau,Extant
20733,28,TK,Tokelau,Extant
22563,28,TK,Tokelau,Extant
41755,28,TK,Tokelau,Extant
39365,28,TK,Tokelau,Extant
39384,28,TK,Tokelau,Extant
4292,28,TK,Tokelau,Extant
3855,28,TK,Tokelau,Extant
39339,28,TK,Tokelau,Extant
4615,28,TK,Tokelau,Extant
39341,34,TL,Timor-Leste,Extant
39378,34,TL,Timor-Leste,Extant
39381,34,TL,Timor-Leste,Extant
60225,34,TL,Timor-Leste,Extant
4592,34,TL,Timor-Leste,Extant
2476,34,TL,Timor-Leste,Extant
8551,34,TL,Timor-Leste,Extant
9249,34,TL,Timor-Leste,Extant
9461,34,TL,Timor-Leste,Extant
11047,34,TL,Timor-Leste,Extant
11048,34,TL,Timor-Leste,Extant
11140,34,TL,Timor-Leste,Extant
13006,34,TL,Timor-Leste,Extant
13244,34,TL,Timor-Leste,Extant
15421,34,TL,Timor-Leste,Extant
16564,34,TL,Timor-Leste,Extant
20729,34,TL,Timor-Leste,Extant
20731,34,TL,Timor-Leste,Extant
23211,34,TL,Timor-Leste,Extant
41714,34,TL,Timor-Leste,Extant
39375,34,TL,Timor-Leste,Extant
61339,34,TL,Timor-Leste,Extant
18596,34,TL,Timor-Leste,Extant
2477,34,TL,Timor-Leste,Extant
20733,34,TL,Timor-Leste,Extant
22563,34,TL,Timor-Leste,Extant
6909,34,TL,Timor-Leste,Extant
41755,34,TL,Timor-Leste,Extant
39365,34,TL,Timor-Leste,Extant
39384,34,TL,Timor-Leste,Extant
20738,34,TL,Timor-Leste,Extant
3855,34,TL,Timor-Leste,Extant
39339,34,TL,Timor-Leste,Extant
4615,34,TL,Timor-Leste,Extant
16580,7,TM,Turkmenistan,Extant
135631,7,TM,Turkmenistan,Extant
22692146,7,TM,Turkmenistan,Extant
18596,7,TM,Turkmenistan,Extant
22696495,7,TM,Turkmenistan,Extant
15955,7,TM,Turkmenistan,Extant
12419,7,TM,Turkmenistan,Extant
11200,31,TN,Tunisia,Extant
39341,31,TN,Tunisia,Extant
39381,31,TN,Tunisia,Extant
187752,31,TN,Tunisia,Extant
198568,31,TN,Tunisia,Extant
190710,31,TN,Tunisia,Extant
176528,31,TN,Tunisia,Extant
6494,31,TN,Tunisia,Extant
2478,31,TN,Tunisia,Extant
9250,31,TN,Tunisia,Extant
9461,31,TN,Tunisia,Extant
15421,31,TN,Tunisia,Extant
23211,31,TN,Tunisia,Extant
39375,31,TN,Tunisia,Extant
135631,31,TN,Tunisia,Extant
22692146,31,TN,Tunisia,Extant
3897,31,TN,Tunisia,Extant
198583,31,TN,Tunisia,Extant
18596,31,TN,Tunisia,Extant
22698209,31,TN,Tunisia,Extant
22563,31,TN,Tunisia,Extant
41755,31,TN,Tunisia,Extant
20738,31,TN,Tunisia,Extant
4292,31,TN,Tunisia,Extant
134817215,31,TN,Tunisia,Extant
22696495,31,TN,Tunisia,Extant
3855,31,TN,Tunisia,Extant
39339,31,TN,Tunisia,Extant
12419,31,TN,Tunisia,Extant
13653,31,TN,Tunisia,Extant
17027,31,TN,Tunisia,Extant
19488,35,TO,Tonga,Extant
39341,35,TO,Tonga,Extant
39378,35,TO,Tonga,Extant
39381,35,TO,Tonga,Extant
4592,35,TO,Tonga,Extant
6494,35,TO,Tonga,Extant
2476,35,TO,Tonga,Extant
8551,35,TO,Tonga,Extant
9249,35,TO,Tonga,Extant
9461,35,TO,Tonga,Extant
11047,35,TO,Tonga,Extant
11048,35,TO,Tonga,Extant
11140,35,TO,Tonga,Extant
13006,35,TO,Tonga,Extant
13244,35,TO,Tonga,Extant
15421,35,TO,Tonga,Extant
16564,35,TO,Tonga,Extant
20729,35,TO,Tonga,Extant
20731,35,TO,Tonga,Extant
23211,35,TO,Tonga,Extant
39375,35,TO,Tonga,Extant
61339,35,TO,Tonga,Extant
3897,35,TO,Tonga,Extant
18596,35,TO,Tonga,Extant
22698209,35,TO,Tonga,Extant
20733,35,TO,Tonga,Extant
22563,35,TO,Tonga,Extant
41755,35,TO,Tonga,Extant
39365,35,TO,Tonga,Extant
39384,35,TO,Tonga,Extant
20738,35,TO,Tonga,Extant
4292,35,TO,Tonga,Extant
3855,35,TO,Tonga,Extant
39339,35,TO,Tonga,Extant
4615,35,TO,Tonga,Extant
39341,27,TR,Türkiye,Extant
39381,27,TR,Türkiye,Extant
187752,27,TR,Türkiye,Extant
198568,27,TR,Türkiye,Extant
190710,27,TR,Türkiye,Extant
2478,27,TR,Türkiye,Extant
9461,27,TR,Türkiye,Extant
15421,27,TR,Türkiye,Extant
23211,27,TR,Türkiye,Extant
16580,27,TR,Türkiye,Extant
135631,27,TR,Türkiye,Extant
22692146,27,TR,Türkiye,Extant
3897,27,TR,Türkiye,Extant
198583,27,TR,Türkiye,Extant
22563,27,TR,Türkiye,Extant
41755,27,TR,Türkiye,Extant
20738,27,TR,Türkiye,Extant
4292,27,TR,Türkiye,Extant
134817215,27,TR,Türkiye,Extant
22696495,27,TR,Türkiye,Extant
3855,27,TR,Türkiye,Extant
39339,27,TR,Türkiye,Extant
15955,27,TR,Türkiye,Extant
12419,27,TR,Türkiye,Extant
13653,27,TR,Türkiye,Extant
17027,27,TR,Türkiye,Extant
4615,27,TR,Türkiye,Extant
39341,38,TT,Trinidad and Tobago,Extant
39378,38,TT,Trinidad and Tobago,Extant
39381,38,TT,Trinidad and Tobago,Extant
60217,38,TT,Trinidad and Tobago,Extant
60225,38,TT,Trinidad and Tobago,Extant
11534,38,TT,Trinidad and Tobago,Extant
178800,38,TT,Trinidad and Tobago,Extant
8005,38,TT,Trinidad and Tobago,Extant
6494,38,TT,Trinidad and Tobago,Extant
2476,38,TT,Trinidad and Tobago,Extant
8551,38,TT,Trinidad and Tobago,Extant
9249,38,TT,Trinidad and Tobago,Extant
9461,38,TT,Trinidad and Tobago,Extant
11047,38,TT,Trinidad and Tobago,Extant
11048,38,TT,Trinidad and Tobago,Extant
11140,38,TT,Trinidad and Tobago,Extant
13006,38,TT,Trinidad and Tobago,Extant
13244,38,TT,Trinidad and Tobago,Extant
15421,38,TT,Trinidad and Tobago,Extant
16564,38,TT,Trinidad and Tobago,Extant
20729,38,TT,Trinidad and Tobago,Extant
20731,38,TT,Trinidad and Tobago,Extant
23211,38,TT,Trinidad and Tobago,Extant
190409,38,TT,Trinidad and Tobago,Extant
3897,38,TT,Trinidad and Tobago,Extant
191108,38,TT,Trinidad and Tobago,Extant
18596,38,TT,Trinidad and Tobago,Extant
22698209,38,TT,Trinidad and Tobago,Extant
20733,38,TT,Trinidad and Tobago,Extant
22563,38,TT,Trinidad and Tobago,Extant
41755,38,TT,Trinidad and Tobago,Extant
20738,38,TT,Trinidad and Tobago,Extant
181500967,38,TT,Trinidad and Tobago,Extant
4292,38,TT,Trinidad and Tobago,Extant
134817215,38,TT,Trinidad and Tobago,Extant
3855,38,TT,Trinidad and Tobago,Extant
39339,38,TT,Trinidad and Tobago,Extant
4615,38,TT,Trinidad and Tobago,Extant
19488,36,TV,Tuvalu,Extant
39341,36,TV,Tuvalu,Extant
39378,36,TV,Tuvalu,Extant
39381,36,TV,Tuvalu,Extant
60225,36,TV,Tuvalu,Extant
4592,36,TV,Tuvalu,Extant
6494,36,TV,Tuvalu,Extant
2476,36,TV,Tuvalu,Extant
8551,36,TV,Tuvalu,Extant
9249,36,TV,Tuvalu,Extant
9461,36,TV,Tuvalu,Extant
11047,36,TV,Tuvalu,Extant
11048,36,TV,Tuvalu,Extant
11140,36,TV,Tuvalu,Extant
13006,36,TV,Tuvalu,Extant
13244,36,TV,Tuvalu,Extant
15421,36,TV,Tuvalu,Extant
16564,36,TV,Tuvalu,Extant
20729,36,TV,Tuvalu,Extant
20731,36,TV,Tuvalu,Extant
23211,36,TV,Tuvalu,Extant
39375,36,TV,Tuvalu,Extant
61339,36,TV,Tuvalu,Extant
18596,36,TV,Tuvalu,Extant
22698209,36,TV,Tuvalu,Extant
2477,36,TV,Tuvalu,Extant
20733,36,TV,Tuvalu,Extant
22563,36,TV,Tuvalu,Extant
41755,36,TV,Tuvalu,Extant
39365,36,TV,Tuvalu,Extant
39384,36,TV,Tuvalu,Extant
20738,36,TV,Tuvalu,Extant
4292,36,TV,Tuvalu,Extant
3855,36,TV,Tuvalu,Extant
39339,36,TV,Tuvalu,Extant
4615,36,TV,Tuvalu,Extant
19488,49,TW,"Taiwan, Province of China",Extant
39341,49,TW,"Taiwan, Province of China",Extant
39378,49,TW,"Taiwan, Province of China",Extant
39381,49,TW,"Taiwan, Province of China",Extant
60225,49,TW,"Taiwan, Province of China",Extant
11534,49,TW,"Taiwan, Province of China",Extant
178800,49,TW,"Taiwan, Province of China",Extant
4592,49,TW,"Taiwan, Province of China",Extant
8005,49,TW,"Taiwan, Province of China",Extant
6494,49,TW,"Taiwan, Province of China",Extant
2474,49,TW,"Taiwan, Province of China",Extant
2476,49,TW,"Taiwan, Province of China",Extant
8551,49,TW,"Taiwan, Province of China",Extant
9249,49,TW,"Taiwan, Province of China",Extant
9461,49,TW,"Taiwan, Province of China",Extant
11047,49,TW,"Taiwan, Province of China",Extant
11048,49,TW,"Taiwan, Province of China",Extant
11140,49,TW,"Taiwan, Province of China",Extant
13006,49,TW,"Taiwan, Province of China",Extant
13244,49,TW,"Taiwan, Province of China",Extant
15421,49,TW,"Taiwan, Province of China",Extant
16564,49,TW,"Taiwan, Province of China",Extant
20729,49,TW,"Taiwan, Province of China",Extant
20731,49,TW,"Taiwan, Province of China",Extant
23211,49,TW,"Taiwan, Province of China",Extant
40635,49,TW,"Taiwan, Province of China",Extant
41711,49,TW,"Taiwan, Province of China",Extant
41714,49,TW,"Taiwan, Province of China",Extant
39375,49,TW,"Taiwan, Province of China",Extant
98471199,49,TW,"Taiwan, Province of China",Extant
61339,49,TW,"Taiwan, Province of China",Extant
82031425,49,TW,"Taiwan, Province of China",Extant
39338,49,TW,"Taiwan, Province of China",Extant
127827012,49,TW,"Taiwan, Province of China",Extant
18596,49,TW,"Taiwan, Province of China",Extant
22698209,49,TW,"Taiwan, Province of China",Extant
2477,49,TW,"Taiwan, Province of China",Extant
20733,49,TW,"Taiwan, Province of China",Extant
22563,49,TW,"Taiwan, Province of China",Extant
6909,49,TW,"Taiwan, Province of China",Extant
41755,49,TW,"Taiwan, Province of China",Extant
39365,49,TW,"Taiwan, Province of China",Extant
39384,49,TW,"Taiwan, Province of China",Extant
20738,49,TW,"Taiwan, Province of China",Extant
4292,49,TW,"Taiwan, Province of China",Extant
134817215,49,TW,"Taiwan, Province of China",Extant
39339,49,TW,"Taiwan, Province of China",Extant
12419,49,TW,"Taiwan, Province of China",Extant
4615,49,TW,"Taiwan, Province of China",Extant
19488,44,TZ,"Tanzania, United Republic of",Extant
197461,44,TZ,"Tanzania, United Republic of",Extant
39341,44,TZ,"Tanzania, United Republic of",Extant
39378,44,TZ,"Tanzania, United Republic of",Extant
39381,44,TZ,"Tanzania, United Republic of",Extant
60225,44,TZ,"Tanzania, United Republic of",Extant
11534,44,TZ,"Tanzania, United Republic of",Extant
4592,44,TZ,"Tanzania, United Republic of",Extant
8005,44,TZ,"Tanzania, United Republic of",Extant
6494,44,TZ,"Tanzania, United Republic of",Extant
2476,44,TZ,"Tanzania, United Republic of",Extant
2480,44,TZ,"Tanzania, United Republic of",Extant
8551,44,TZ,"Tanzania, United Republic of",Extant
9249,44,TZ,"Tanzania, United Republic of",Extant
9461,44,TZ,"Tanzania, United Republic of",Extant
11047,44,TZ,"Tanzania, United Republic of",Extant
11048,44,TZ,"Tanzania, United Republic of",Extant
11140,44,TZ,"Tanzania, United Republic of",Extant
13006,44,TZ,"Tanzania, United Republic of",Extant
13244,44,TZ,"Tanzania, United Republic of",Extant
15421,44,TZ,"Tanzania, United Republic of",Extant
16564,44,TZ,"Tanzania, United Republic of",Extant
20729,44,TZ,"Tanzania, United Republic of",Extant
20731,44,TZ,"Tanzania, United Republic of",Extant
23211,44,TZ,"Tanzania, United Republic of",Extant
40635,44,TZ,"Tanzania, United Republic of",Extant
41714,44,TZ,"Tanzania, United Republic of",Extant
39375,44,TZ,"Tanzania, United Republic of",Extant
61339,44,TZ,"Tanzania, United Republic of",Extant
3897,44,TZ,"Tanzania, United Republic of",Extant
18596,44,TZ,"Tanzania, United Republic of",Extant
2477,44,TZ,"Tanzania, United Republic of",Extant
20733,44,TZ,"Tanzania, United Republic of",Extant
22563,44,TZ,"Tanzania, United Republic of",Extant
6909,44,TZ,"Tanzania, United Republic of",Extant
41755,44,TZ,"Tanzania, United Republic of",Extant
39365,44,TZ,"Tanzania, United Republic of",Extant
39384,44,TZ,"Tanzania, United Republic of",Extant
20738,44,TZ,"Tanzania, United Republic of",Extant
134817215,44,TZ,"Tanzania, United Republic of",Extant
22696495,44,TZ,"Tanzania, United Republic of",Extant
3855,44,TZ,"Tanzania, United Republic of",Extant
39339,44,TZ,"Tanzania, United Republic of",Extant
4615,44,TZ,"Tanzania, United Republic of",Extant
198568,13,UA,Ukraine,Extant
16580,13,UA,Ukraine,Extant
19861,13,UA,Ukraine,Extant
135631,13,UA,Ukraine,Extant
22692146,13,UA,Ukraine,Extant
198583,13,UA,Ukraine,Extant
22563,13,UA,Ukraine,Extant
134817215,13,UA,Ukraine,Extant
22696495,13,UA,Ukraine,Extant
15955,13,UA,Ukraine,Extant
12419,13,UA,Ukraine,Extant
13653,13,UA,Ukraine,Extant
17027,13,UA,Ukraine,Extant
197461,3,UG,Uganda,Extant
135631,3,UG,Uganda,Extant
22696495,3,UG,Uganda,Extant
39341,21,UM,United States Minor Outlying Islands,Extant
39378,21,UM,United States Minor Outlying Islands,Extant
39381,21,UM,United States Minor Outlying Islands,Extant
4592,21,UM,United States Minor Outlying Islands,Extant
9461,21,UM,United States Minor Outlying Islands,Extant
11140,21,UM,United States Minor Outlying Islands,Extant
13006,21,UM,United States Minor Outlying Islands,Extant
13244,21,UM,United States Minor Outlying Islands,Extant
15421,21,UM,United States Minor Outlying Islands,Extant
39375,21,UM,United States Minor Outlying Islands,Extant
61339,21,UM,United States Minor Outlying Islands,Extant
22698209,21,UM,United States Minor Outlying Islands,Extant
20733,21,UM,United States Minor Outlying Islands,Extant
41755,21,UM,United States Minor Outlying Islands,Extant
39365,21,UM,United States Minor Outlying Islands,Extant
39384,21,UM,United States Minor Outlying Islands,Extant
181500967,21,UM,United States Minor Outlying Islands,Extant
4292,21,UM,United States Minor Outlying Islands,Extant
3855,21,UM,United States Minor Outlying Islands,Extant
39339,21,UM,United States Minor Outlying Islands,Extant
4615,21,UM,United States Minor Outlying Islands,Extant
11200,74,US,United States,Extant
19488,74,US,United States,Extant
39341,74,US,United States,Extant
39378,74,US,United States,Extant
39381,74,US,United States,Extant
60217,74,US,United States,Extant
60225,74,US,United States,Extant
11534,74,US,United States,Extant
135301,74,US,United States,Extant
155123,74,US,United States,Extant
8005,74,US,United States,Extant
8784,74,US,United States,Extant
22823,74,US,United States,Extant
62225,74,US,United States,Extant
202415,74,US,United States,Extant
42394,74,US,United States,Extant
6494,74,US,United States,Extant
9660,74,US,United States,Extant
17013,74,US,United States,Extant
41672,74,US,United States,Extant
2467,74,US,United States,Extant
2474,74,US,United States,Extant
2476,74,US,United States,Extant
2478,74,US,United States,Extant
6335,74,US,United States,Extant
8097,74,US,United States,Extant
8551,74,US,United States,Extant
9249,74,US,United States,Extant
9250,74,US,United States,Extant
9461,74,US,United States,Extant
11047,74,US,United States,Extant
11048,74,US,United States,Extant
11140,74,US,United States,Extant
13006,74,US,United States,Extant
13244,74,US,United States,Extant
13704,74,US,United States,Extant
15421,74,US,United States,Extant
16564,74,US,United States,Extant
20729,74,US,United States,Extant
20731,74,US,United States,Extant
23211,74,US,United States,Extant
40635,74,US,United States,Extant
41711,74,US,United States,Extant
19861,74,US,United States,Extant
135631,74,US,United States,Extant
19855,74,US,United States,Extant
61743,74,US,United States,Extant
190409,74,US,United States,Extant
22692146,74,US,United States,Extant
98471199,74,US,United States,Extant
3897,74,US,United States,Extant
39338,74,US,United States,Extant
127827012,74,US,United States,Extant
191108,74,US,United States,Extant
2475,74,US,United States,Extant
22694334,74,US,United States,Extant
18596,74,US,United States,Extant
22698209,74,US,United States,Extant
11533,74,US,United States,Extant
2477,74,US,United States,Extant
20733,74,US,United States,Extant
22563,74,US,United States,Extant
158625941,74,US,United States,Extant
41755,74,US,United States,Extant
41712,74,US,United States,Extant
20738,74,US,United States,Extant
181500967,74,US,United States,Extant
4292,74,US,United States,Extant
134817215,74,US,United States,Extant
13250,74,US,United States,Extant
3855,74,US,United States,Extant
39339,74,US,United States,Extant
17027,74,US,United States,Extant
4615,74,US,United States,Extant
11200,49,UY,Uruguay,Extant
19488,49,UY,Uruguay,Extant
39341,49,UY,Uruguay,Extant
39378,49,UY,Uruguay,Extant
39381,49,UY,Uruguay,Extant
11534,49,UY,Uruguay,Extant
6494,49,UY,Uruguay,Extant
2474,49,UY,Uruguay,Extant
2476,49,UY,Uruguay,Extant
2480,49,UY,Uruguay,Extant
8153,49,UY,Uruguay,Extant
8551,49,UY,Uruguay,Extant
9249,49,UY,Uruguay,Extant
9250,49,UY,Uruguay,Extant
9461,49,UY,Uruguay,Extant
10708,49,UY,Uruguay,Extant
11047,49,UY,Uruguay,Extant
11048,49,UY,Uruguay,Extant
11140,49,UY,Uruguay,Extant
12126,49,UY,Uruguay,Extant
13006,49,UY,Uruguay,Extant
13242,49,UY,Uruguay,Extant
13244,49,UY,Uruguay,Extant
13247,49,UY,Uruguay,Extant
13248,49,UY,Uruguay,Extant
13249,49,UY,Uruguay,Extant
15421,49,UY,Uruguay,Extant
16564,49,UY,Uruguay,Extant
20729,49,UY,Uruguay,Extant
20731,49,UY,Uruguay,Extant
21500,49,UY,Uruguay,Extant
23211,49,UY,Uruguay,Extant
41715,49,UY,Uruguay,Extant
190409,49,UY,Uruguay,Extant
3897,49,UY,Uruguay,Extant
17978,49,UY,Uruguay,Extant
2475,49,UY,Uruguay,Extant
18596,49,UY,Uruguay,Extant
22698209,49,UY,Uruguay,Extant
2477,49,UY,Uruguay,Extant
20733,49,UY,Uruguay,Extant
22563,49,UY,Uruguay,Extant
41755,49,UY,Uruguay,Extant
20738,49,UY,Uruguay,Extant
4292,49,UY,Uruguay,Extant
2762,49,UY,Uruguay,Extant
134817215,49,UY,Uruguay,Extant
3855,49,UY,Uruguay,Extant
39339,49,UY,Uruguay,Extant
16580,5,UZ,Uzbekistan,Extant
22692146,5,UZ,Uzbekistan,Extant
22696495,5,UZ,Uzbekistan,Extant
15955,5,UZ,Uzbekistan,Extant
12419,5,UZ,Uzbekistan,Extant
19488,34,VC,Saint Vincent and the Grenadines,Extant
39341,34,VC,Saint Vincent and the Grenadines,Extant
39378,34,VC,Saint Vincent and the Grenadines,Extant
39381,34,VC,Saint Vincent and the Grenadines,Extant
60217,34,VC,Saint Vincent and the Grenadines,Extant
60225,34,VC,Saint Vincent and the Grenadines,Extant
6494,34,VC,Saint Vincent and the Grenadines,Extant
2476,34,VC,Saint Vincent and the Grenadines,Extant
8551,34,VC,Saint Vincent and the Grenadines,Extant
9249,34,VC,Saint Vincent and the Grenadines,Extant
9461,34,VC,Saint Vincent and the Grenadines,Extant
11047,34,VC,Saint Vincent and the Grenadines,Extant
11048,34,VC,Saint Vincent and the Grenadines,Extant
11140,34,VC,Saint Vincent and the Grenadines,Extant
13006,34,VC,Saint Vincent and the Grenadines,Extant
13244,34,VC,Saint Vincent and the Grenadines,Extant
15421,34,VC,Saint Vincent and the Grenadines,Extant
16564,34,VC,Saint Vincent and the Grenadines,Extant
20729,34,VC,Saint Vincent and the Grenadines,Extant
20731,34,VC,Saint Vincent and the Grenadines,Extant
23211,34,VC,Saint Vincent and the Grenadines,Extant
190409,34,VC,Saint Vincent and the Grenadines,Extant
3897,34,VC,Saint Vincent and the Grenadines,Extant
191108,34,VC,Saint Vincent and the Grenadines,Extant
18596,34,VC,Saint Vincent and the Grenadines,Extant
20733,34,VC,Saint Vincent and the Grenadines,Extant
22563,34,VC,Saint Vincent and the Grenadines,Extant
41755,34,VC,Saint Vincent and the Grenadines,Extant
20738,34,VC,Saint Vincent and the Grenadines,Extant
181500967,34,VC,Saint Vincent and the Grenadines,Extant
134817215,34,VC,Saint Vincent and the Grenadines,Extant
3855,34,VC,Saint Vincent and the Grenadines,Extant
39339,34,VC,Saint Vincent and the Grenadines,Extant
4615,34,VC,Saint Vincent and the Grenadines,Extant
19488,38,VE,"Venezuela, Bolivarian Republic of",Extant
39341,38,VE,"Venezuela, Bolivarian Republic of",Extant
39378,38,VE,"Venezuela, Bolivarian Republic of",Extant
39381,38,VE,"Venezuela, Bolivarian Republic of",Extant
60217,38,VE,"Venezuela, Bolivarian Republic of",Extant
60225,38,VE,"Venezuela, Bolivarian Republic of",Extant
11534,38,VE,"Venezuela, Bolivarian Republic of",Extant
8005,38,VE,"Venezuela, Bolivarian Republic of",Extant
42394,38,VE,"Venezuela, Bolivarian Republic of",Extant
6494,38,VE,"Venezuela, Bolivarian Republic of",Extant
2476,38,VE,"Venezuela, Bolivarian Republic of",Extant
8551,38,VE,"Venezuela, Bolivarian Republic of",Extant
9249,38,VE,"Venezuela, Bolivarian Republic of",Extant
9461,38,VE,"Venezuela, Bolivarian Republic of",Extant
11047,38,VE,"Venezuela, Bolivarian Republic of",Extant
11048,38,VE,"Venezuela, Bolivarian Republic of",Extant
11140,38,VE,"Venezuela, Bolivarian Republic of",Extant
13006,38,VE,"Venezuela, Bolivarian Republic of",Extant
13244,38,VE,"Venezuela, Bolivarian Republic of",Extant
15421,38,VE,"Venezuela, Bolivarian Republic of",Extant
16564,38,VE,"Venezuela, Bolivarian Republic of",Extant
20729,38,VE,"Venezuela, Bolivarian Republic of",Extant
20731,38,VE,"Venezuela, Bolivarian Republic of",Extant
23211,38,VE,"Venezuela, Bolivarian Republic of",Extant
190409,38,VE,"Venezuela, Bolivarian Republic of",Extant
3897,38,VE,"Venezuela, Bolivarian Republic of",Extant
191108,38,VE,"Venezuela, Bolivarian Republic of",Extant
18596,38,VE,"Venezuela, Bolivarian Republic of",Extant
22698209,38,VE,"Venezuela, Bolivarian Republic of",Extant
20733,38,VE,"Venezuela, Bolivarian Republic of",Extant
22563,38,VE,"Venezuela, Bolivarian Republic of",Extant
41755,38,VE,"Venezuela, Bolivarian Republic of",Extant
20738,38,VE,"Venezuela, Bolivarian Republic of",Extant
181500967,38,VE,"Venezuela, Bolivarian Republic of",Extant
134817215,38,VE,"Venezuela, Bolivarian Republic of",Extant
3855,38,VE,"Venezuela, Bolivarian Republic of",Extant
39339,38,VE,"Venezuela, Bolivarian Republic of",Extant
4615,38,VE,"Venezuela, Bolivarian Republic of",Extant
19488,38,VG,"Virgin Islands, British",Extant
39341,38,VG,"Virgin Islands, British",Extant
39378,38,VG,"Virgin Islands, British",Extant
39381,38,VG,"Virgin Islands, British",Extant
60217,38,VG,"Virgin Islands, British",Extant
60225,38,VG,"Virgin Islands, British",Extant
8005,38,VG,"Virgin Islands, British",Extant
6494,38,VG,"Virgin Islands, British",Extant
2474,38,VG,"Virgin Islands, British",Extant
2476,38,VG,"Virgin Islands, British",Extant
8551,38,VG,"Virgin Islands, British",Extant
9249,38,VG,"Virgin Islands, British",Extant
9461,38,VG,"Virgin Islands, British",Extant
11047,38,VG,"Virgin Islands, British",Extant
11048,38,VG,"Virgin Islands, British",Extant
11140,38,VG,"Virgin Islands, British",Extant
13006,38,VG,"Virgin Islands, British",Extant
13244,38,VG,"Virgin Islands, British",Extant
15421,38,VG,"Virgin Islands, British",Extant
16564,38,VG,"Virgin Islands, British",Extant
20729,38,VG,"Virgin Islands, British",Extant
20731,38,VG,"Virgin Islands, British",Extant
23211,38,VG,"Virgin Islands, British",Extant
190409,38,VG,"Virgin Islands, British",Extant
3897,38,VG,"Virgin Islands, British",Extant
191108,38,VG,"Virgin Islands, British",Extant
18596,38,VG,"Virgin Islands, British",Extant
22698209,38,VG,"Virgin Islands, British",Extant
20733,38,VG,"Virgin Islands, British",Extant
22563,38,VG,"Virgin Islands, British",Extant
41755,38,VG,"Virgin Islands, British",Extant
20738,38,VG,"Virgin Islands, British",Extant
181500967,38,VG,"Virgin Islands, British",Extant
4292,38,VG,"Virgin Islands, British",Extant
134817215,38,VG,"Virgin Islands, British",Extant
3855,38,VG,"Virgin Islands, British",Extant
39339,38,VG,"Virgin Islands, British",Extant
4615,38,VG,"Virgin Islands, British",Extant
19488,36,VI,"Virgin Islands, U.S.",Extant
39341,36,VI,"Virgin Islands, U.S.",Extant
39378,36,VI,"Virgin Islands, U.S.",Extant
39381,36,VI,"Virgin Islands, U.S.",Extant
60217,36,VI,"Virgin Islands, U.S.",Extant
60225,36,VI,"Virgin Islands, U.S.",Extant
6494,36,VI,"Virgin Islands, U.S.",Extant
2474,36,VI,"Virgin Islands, U.S.",Extant
2476,36,VI,"Virgin Islands, U.S.",Extant
8551,36,VI,"Virgin Islands, U.S.",Extant
9249,36,VI,"Virgin Islands, U.S.",Extant
9461,36,VI,"Virgin Islands, U.S.",Extant
11047,36,VI,"Virgin Islands, U.S.",Extant
11048,36,VI,"Virgin Islands, U.S.",Extant
11140,36,VI,"Virgin Islands, U.S.",Extant
13006,36,VI,"Virgin Islands, U.S.",Extant
13244,36,VI,"Virgin Islands, U.S.",Extant
15421,36,VI,"Virgin Islands, U.S.",Extant
16564,36,VI,"Virgin Islands, U.S.",Extant
20729,36,VI,"Virgin Islands, U.S.",Extant
20731,36,VI,"Virgin Islands, U.S.",Extant
23211,36,VI,"Virgin Islands, U.S.",Extant
190409,36,VI,"Virgin Islands, U.S.",Extant
3897,36,VI,"Virgin Islands, U.S.",Extant
191108,36,VI,"Virgin Islands, U.S.",Extant
18596,36,VI,"Virgin Islands, U.S.",Extant
22698209,36,VI,"Virgin Islands, U.S.",Extant
20733,36,VI,"Virgin Islands, U.S.",Extant
22563,36,VI,"Virgin Islands, U.S.",Extant
41755,36,VI,"Virgin Islands, U.S.",Extant
20738,36,VI,"Virgin Islands, U.S.",Extant
181500967,36,VI,"Virgin Islands, U.S.",Extant
134817215,36,VI,"Virgin Islands, U.S.",Extant
3855,36,VI,"Virgin Islands, U.S.",Extant
39339,36,VI,"Virgin Islands, U.S.",Extant
4615,36,VI,"Virgin Islands, U.S.",Extant
19488,47,VN,Viet Nam,Extant
39341,47,VN,Viet Nam,Extant
39378,47,VN,Viet Nam,Extant
39381,47,VN,Viet Nam,Extant
60225,47,VN,Viet Nam,Extant
11534,47,VN,Viet Nam,Extant
178800,47,VN,Viet Nam,Extant
4592,47,VN,Viet Nam,Extant
8005,47,VN,Viet Nam,Extant
2476,47,VN,Viet Nam,Extant
8097,47,VN,Viet Nam,Extant
8551,47,VN,Viet Nam,Extant
9249,47,VN,Viet Nam,Extant
9461,47,VN,Viet Nam,Extant
11047,47,VN,Viet Nam,Extant
11048,47,VN,Viet Nam,Extant
11140,47,VN,Viet Nam,Extant
13006,47,VN,Viet Nam,Extant
13244,47,VN,Viet Nam,Extant
15421,47,VN,Viet Nam,Extant
16564,47,VN,Viet Nam,Extant
20729,47,VN,Viet Nam,Extant
20731,47,VN,Viet Nam,Extant
23211,47,VN,Viet Nam,Extant
40635,47,VN,Viet Nam,Extant
41714,47,VN,Viet Nam,Extant
39375,47,VN,Viet Nam,Extant
22692146,47,VN,Viet Nam,Extant
3897,47,VN,Viet Nam,Extant
15419,47,VN,Viet Nam,Extant
82031425,47,VN,Viet Nam,Extant
39338,47,VN,Viet Nam,Extant
18596,47,VN,Viet Nam,Extant
20733,47,VN,Viet Nam,Extant
22563,47,VN,Viet Nam,Extant
6909,47,VN,Viet Nam,Extant
41755,47,VN,Viet Nam,Extant
12427,47,VN,Viet Nam,Extant
39365,47,VN,Viet Nam,Extant
39384,47,VN,Viet Nam,Extant
20738,47,VN,Viet Nam,Extant
134817215,47,VN,Viet Nam,Extant
3855,47,VN,Viet Nam,Extant
39339,47,VN,Viet Nam,Extant
15955,47,VN,Viet Nam,Extant
12419,47,VN,Viet Nam,Extant
4615,47,VN,Viet Nam,Extant
19488,39,VU,Vanuatu,Extant
39341,39,VU,Vanuatu,Extant
39378,39,VU,Vanuatu,Extant
39381,39,VU,Vanuatu,Extant
60225,39,VU,Vanuatu,Extant
4592,39,VU,Vanuatu,Extant
8005,39,VU,Vanuatu,Extant
2476,39,VU,Vanuatu,Extant
2480,39,VU,Vanuatu,Extant
8551,39,VU,Vanuatu,Extant
9249,39,VU,Vanuatu,Extant
9461,39,VU,Vanuatu,Extant
11047,39,VU,Vanuatu,Extant
11048,39,VU,Vanuatu,Extant
11140,39,VU,Vanuatu,Extant
13006,39,VU,Vanuatu,Extant
13244,39,VU,Vanuatu,Extant
15421,39,VU,Vanuatu,Extant
16564,39,VU,Vanuatu,Extant
20729,39,VU,Vanuatu,Extant
20731,39,VU,Vanuatu,Extant
23211,39,VU,Vanuatu,Extant
39375,39,VU,Vanuatu,Extant
61339,39,VU,Vanuatu,Extant
18596,39,VU,Vanuatu,Extant
22698209,39,VU,Vanuatu,Extant
196303,39,VU,Vanuatu,Extant
2477,39,VU,Vanuatu,Extant
20733,39,VU,Vanuatu,Extant
22563,39,VU,Vanuatu,Extant
6909,39,VU,Vanuatu,Extant
41755,39,VU,Vanuatu,Extant
39365,39,VU,Vanuatu,Extant
39384,39,VU,Vanuatu,Extant
20738,39,VU,Vanuatu,Extant
4292,39,VU,Vanuatu,Extant
3855,39,VU,Vanuatu,Extant
39339,39,VU,Vanuatu,Extant
4615,39,VU,Vanuatu,Extant
19488,33,WF,Wallis and Futuna,Extant
39341,33,WF,Wallis and Futuna,Extant
39378,33,WF,Wallis and Futuna,Extant
39381,33,WF,Wallis and Futuna,Extant
4592,33,WF,Wallis and Futuna,Extant
2476,33,WF,Wallis and Futuna,Extant
8551,33,WF,Wallis and Futuna,Extant
9249,33,WF,Wallis and Futuna,Extant
9461,33,WF,Wallis and Futuna,Extant
11047,33,WF,Wallis and Futuna,Extant
11048,33,WF,Wallis and Futuna,Extant
11140,33,WF,Wallis and Futuna,Extant
13006,33,WF,Wallis and Futuna,Extant
13244,33,WF,Wallis and Futuna,Extant
15421,33,WF,Wallis and Futuna,Extant
16564,33,WF,Wallis and Futuna,Extant
20729,33,WF,Wallis and Futuna,Extant
20731,33,WF,Wallis and Futuna,Extant
23211,33,WF,Wallis and Futuna,Extant
39375,33,WF,Wallis and Futuna,Extant
61339,33,WF,Wallis and Futuna,Extant
18596,33,WF,Wallis and Futuna,Extant
22698209,33,WF,Wallis and Futuna,Extant
20733,33,WF,Wallis and Futuna,Extant
22563,33,WF,Wallis and Futuna,Extant
41755,33,WF,Wallis and Futuna,Extant
39365,33,WF,Wallis and Futuna,Extant
39384,33,WF,Wallis and Futuna,Extant
20738,33,WF,Wallis and Futuna,Extant
4292,33,WF,Wallis and Futuna,Extant
3855,33,WF,Wallis and Futuna,Extant
39339,33,WF,Wallis and Futuna,Extant
4615,33,WF,Wallis and Futuna,Extant
19488,35,WS,Samoa,Extant
39341,35,WS,Samoa,Extant
39378,35,WS,Samoa,Extant
39381,35,WS,Samoa,Extant
60225,35,WS,Samoa,Extant
4592,35,WS,Samoa,Extant
8005,35,WS,Samoa,Extant
6494,35,WS,Samoa,Extant
2476,35,WS,Samoa,Extant
8551,35,WS,Samoa,Extant
9249,35,WS,Samoa,Extant
9461,35,WS,Samoa,Extant
11047,35,WS,Samoa,Extant
11048,35,WS,Samoa,Extant
11140,35,WS,Samoa,Extant
13006,35,WS,Samoa,Extant
13244,35,WS,Samoa,Extant
15421,35,WS,Samoa,Extant
16564,35,WS,Samoa,Extant
20729,35,WS,Samoa,Extant
20731,35,WS,Samoa,Extant
23211,35,WS,Samoa,Extant
39375,35,WS,Samoa,Extant
61339,35,WS,Samoa,Extant
18596,35,WS,Samoa,Extant
20733,35,WS,Samoa,Extant
22563,35,WS,Samoa,Extant
41755,35,WS,Samoa,Extant
39365,35,WS,Samoa,Extant
39384,35,WS,Samoa,Extant
20738,35,WS,Samoa,Extant
4292,35,WS,Samoa,Extant
3855,35,WS,Samoa,Extant
39339,35,WS,Samoa,Extant
4615,35,WS,Samoa,Extant
19488,42,YE,Yemen,Extant
197461,42,YE,Yemen,Extant
39341,42,YE,Yemen,Extant
39378,42,YE,Yemen,Extant
39381,42,YE,Yemen,Extant
60225,42,YE,Yemen,Extant
11534,42,YE,Yemen,Extant
4592,42,YE,Yemen,Extant
8005,42,YE,Yemen,Extant
2476,42,YE,Yemen,Extant
8551,42,YE,Yemen,Extant
9249,42,YE,Yemen,Extant
9461,42,YE,Yemen,Extant
11047,42,YE,Yemen,Extant
11048,42,YE,Yemen,Extant
11140,42,YE,Yemen,Extant
13006,42,YE,Yemen,Extant
13244,42,YE,Yemen,Extant
15421,42,YE,Yemen,Extant
16564,42,YE,Yemen,Extant
20729,42,YE,Yemen,Extant
20731,42,YE,Yemen,Extant
23211,42,YE,Yemen,Extant
41714,42,YE,Yemen,Extant
39375,42,YE,Yemen,Extant
22692146,42,YE,Yemen,Extant
61339,42,YE,Yemen,Extant
3897,42,YE,Yemen,Extant
18596,42,YE,Yemen,Extant
2477,42,YE,Yemen,Extant
20733,42,YE,Yemen,Extant
22563,42,YE,Yemen,Extant
6909,42,YE,Yemen,Extant
41755,42,YE,Yemen,Extant
39365,42,YE,Yemen,Extant
39384,42,YE,Yemen,Extant
20738,42,YE,Yemen,Extant
134817215,42,YE,Yemen,Extant
22696495,42,YE,Yemen,Extant
3855,42,YE,Yemen,Extant
39339,42,YE,Yemen,Extant
4615,42,YE,Yemen,Extant
39381,33,YT,Mayotte,Extant
60225,33,YT,Mayotte,Extant
4592,33,YT,Mayotte,Extant
8005,33,YT,Mayotte,Extant
6494,33,YT,Mayotte,Extant
2480,33,YT,Mayotte,Extant
8551,33,YT,Mayotte,Extant
9249,33,YT,Mayotte,Extant
9461,33,YT,Mayotte,Extant
11047,33,YT,Mayotte,Extant
11048,33,YT,Mayotte,Extant
11140,33,YT,Mayotte,Extant
13006,33,YT,Mayotte,Extant
13244,33,YT,Mayotte,Extant
15421,33,YT,Mayotte,Extant
16564,33,YT,Mayotte,Extant
20729,33,YT,Mayotte,Extant
20731,33,YT,Mayotte,Extant
23211,33,YT,Mayotte,Extant
40635,33,YT,Mayotte,Extant
41714,33,YT,Mayotte,Extant
39375,33,YT,Mayotte,Extant
61339,33,YT,Mayotte,Extant
18596,33,YT,Mayotte,Extant
22563,33,YT,Mayotte,Extant
6909,33,YT,Mayotte,Extant
41755,33,YT,Mayotte,Extant
39365,33,YT,Mayotte,Extant
39384,33,YT,Mayotte,Extant
20738,33,YT,Mayotte,Extant
3855,33,YT,Mayotte,Extant
39339,33,YT,Mayotte,Extant
4615,33,YT,Mayotte,Extant
11200,60,ZA,South Africa,Extant
19488,60,ZA,South Africa,Extant
197461,60,ZA,South Africa,Extant
39341,60,ZA,South Africa,Extant
39378,60,ZA,South Africa,Extant
39381,60,ZA,South Africa,Extant
60225,60,ZA,South Africa,Extant
11534,60,ZA,South Africa,Extant
198568,60,ZA,South Africa,Extant
6494,60,ZA,South Africa,Extant
2474,60,ZA,South Africa,Extant
2476,60,ZA,South Africa,Extant
2478,60,ZA,South Africa,Extant
2480,60,ZA,South Africa,Extant
3778,60,ZA,South Africa,Extant
8153,60,ZA,South Africa,Extant
8551,60,ZA,South Africa,Extant
9249,60,ZA,South Africa,Extant
9250,60,ZA,South Africa,Extant
9461,60,ZA,South Africa,Extant
10708,60,ZA,South Africa,Extant
11047,60,ZA,South Africa,Extant
11048,60,ZA,South Africa,Extant
11140,60,ZA,South Africa,Extant
11144,60,ZA,South Africa,Extant
12126,60,ZA,South Africa,Extant
13006,60,ZA,South Africa,Extant
13244,60,ZA,South Africa,Extant
13247,60,ZA,South Africa,Extant
13248,60,ZA,South Africa,Extant
13249,60,ZA,South Africa,Extant
15421,60,ZA,South Africa,Extant
16564,60,ZA,South Africa,Extant
20729,60,ZA,South Africa,Extant
20731,60,ZA,South Africa,Extant
21500,60,ZA,South Africa,Extant
23211,60,ZA,South Africa,Extant
40635,60,ZA,South Africa,Extant
41714,60,ZA,South Africa,Extant
16580,60,ZA,South Africa,Extant
39375,60,ZA,South Africa,Extant
3897,60,ZA,South Africa,Extant
39338,60,ZA,South Africa,Extant
2475,60,ZA,South Africa,Extant
18596,60,ZA,South Africa,Extant
22698209,60,ZA,South Africa,Extant
2477,60,ZA,South Africa,Extant
20733,60,ZA,South Africa,Extant
22563,60,ZA,South Africa,Extant
41755,60,ZA,South Africa,Extant
39365,60,ZA,South Africa,Extant
39384,60,ZA,South Africa,Extant
11146,60,ZA,South Africa,Extant
20738,60,ZA,South Africa,Extant
4292,60,ZA,South Africa,Extant
2762,60,ZA,South Africa,Extant
134817215,60,ZA,South Africa,Extant
3855,60,ZA,South Africa,Extant
39339,60,ZA,South Africa,Extant
4615,60,ZA,South Africa,Extant
197461,1,ZM,Zambia,Extant
197461,1,ZW,Zimbabwe,Extant
