iucn_sid,pop_trend,iucn_version,iucn_rgn
155736,Increasing,2025-1,global
170175,Increasing,2025-1,global
170201,Increasing,2025-1,global
170206,Increasing,2025-1,global
170231,Increasing,2025-1,global
170259,Increasing,2025-1,global
194969,Increasing,2025-1,global
201947,Increasing,2025-1,global
245,Increasing,2025-1,global
60206,Increasing,2025-1,global
61416,Increasing,2025-1,global
155123,Increasing,2025-1,global
155980,Increasing,2025-1,europe
155980,Increasing,2025-1,mediterranean
169999,Increasing,2025-1,global
170331,Increasing,2025-1,mediterranean
170354,Increasing,2025-1,mediterranean
173324,Increasing,2025-1,global
173348,Increasing,2025-1,global
173372,Increasing,2025-1,global
183465,Increasing,2025-1,global
187752,Increasing,2025-1,mediterranean
187764,Increasing,2025-1,global
198714,Increasing,2025-1,mediterranean
198774,Increasing,2025-1,mediterranean
198714,Increasing,2025-1,global
190134,Increasing,2025-1,global
170354,Increasing,2025-1,europe
197086,Increasing,2025-1,global
197087,Increasing,2025-1,global
178023,Increasing,2025-1,europe
18227168,Increasing,2025-1,global
18227168,Increasing,2025-1,europe
198626,Increasing,2025-1,europe
18140328,Increasing,2025-1,europe
198774,Increasing,2025-1,europe
154807,Increasing,2025-1,europe
190139,Increasing,2025-1,europe
16507347,Increasing,2025-1,europe
155123,Increasing,2025-1,europe
8784,Increasing,2025-1,europe
18125208,Increasing,2025-1,global
18125208,Increasing,2025-1,europe
2055,Increasing,2025-1,global
2060,Increasing,2025-1,global
2061,Increasing,2025-1,global
8239,Increasing,2025-1,global
9660,Increasing,2025-1,global
13581,Increasing,2025-1,global
41664,Increasing,2025-1,global
41666,Increasing,2025-1,global
41671,Increasing,2025-1,global
18214863,Increasing,2025-1,global
18214863,Increasing,2025-1,europe
198714,Increasing,2025-1,europe
190346,Increasing,2025-1,europe
18178550,Increasing,2025-1,global
170322,Increasing,2025-1,global
41798,Increasing,2025-1,europe
161717,Increasing,2025-1,europe
2467,Increasing,2025-1,global
2478,Increasing,2025-1,global
13006,Increasing,2025-1,global
50148815,Increasing,2025-1,mediterranean
2059,Increasing,2025-1,global
39351,Increasing,2025-1,global
161628,Increasing,2025-1,global
124553086,Increasing,2025-1,global
60081,Increasing,2025-1,global
193266,Increasing,2025-1,gulf_of mexico
190468,Increasing,2025-1,global
193266,Increasing,2025-1,global
22679839,Increasing,2025-1,global
22679872,Increasing,2025-1,global
22692146,Increasing,2025-1,global
22693727,Increasing,2025-1,global
22693983,Increasing,2025-1,global
22680395,Increasing,2025-1,global
22683442,Increasing,2025-1,global
22692151,Increasing,2025-1,global
22695036,Increasing,2025-1,global
22696974,Increasing,2025-1,global
22697611,Increasing,2025-1,global
22705986,Increasing,2025-1,global
22705993,Increasing,2025-1,global
22724311,Increasing,2025-1,global
99167439,Increasing,2025-1,global
183775,Increasing,2025-1,global
22721033,Increasing,2025-1,global
116850766,Increasing,2025-1,global
22712077,Increasing,2025-1,global
22725846,Increasing,2025-1,global
22697568,Increasing,2025-1,global
98821820,Increasing,2025-1,global
39348,Increasing,2025-1,global
39382,Increasing,2025-1,global
39771,Increasing,2025-1,global
44609,Increasing,2025-1,global
60245,Increasing,2025-1,global
161345,Increasing,2025-1,global
161418,Increasing,2025-1,global
161419,Increasing,2025-1,global
161477,Increasing,2025-1,global
161491,Increasing,2025-1,global
161515,Increasing,2025-1,global
161574,Increasing,2025-1,global
124569516,Increasing,2025-1,global
161658,Increasing,2025-1,global
22693690,Increasing,2025-1,global
2475,Increasing,2025-1,global
22680203,Increasing,2025-1,global
22698049,Increasing,2025-1,global
22679943,Increasing,2025-1,global
22716364,Increasing,2025-1,global
22694847,Increasing,2025-1,global
22698310,Increasing,2025-1,global
22680423,Increasing,2025-1,global
22694282,Increasing,2025-1,global
22694317,Increasing,2025-1,global
22694329,Increasing,2025-1,global
22694334,Increasing,2025-1,global
22694337,Increasing,2025-1,global
22694379,Increasing,2025-1,global
22694393,Increasing,2025-1,global
22694417,Increasing,2025-1,global
22694432,Increasing,2025-1,global
22694455,Increasing,2025-1,global
22694462,Increasing,2025-1,global
22694469,Increasing,2025-1,global
22694646,Increasing,2025-1,global
22694841,Increasing,2025-1,global
22696657,Increasing,2025-1,global
22696675,Increasing,2025-1,global
22697619,Increasing,2025-1,global
22697839,Increasing,2025-1,global
22697852,Increasing,2025-1,global
22697859,Increasing,2025-1,global
22697866,Increasing,2025-1,global
22697949,Increasing,2025-1,global
22697957,Increasing,2025-1,global
22697975,Increasing,2025-1,global
22697984,Increasing,2025-1,global
22698088,Increasing,2025-1,global
22698335,Increasing,2025-1,global
22698375,Increasing,2025-1,global
22728349,Increasing,2025-1,global
22728437,Increasing,2025-1,global
22733989,Increasing,2025-1,global
22735929,Increasing,2025-1,global
62021891,Increasing,2025-1,global
22696773,Increasing,2025-1,global
22696776,Increasing,2025-1,global
224,Increasing,2025-1,global
224,Increasing,2025-1,europe
14521,Increasing,2025-1,global
14524,Increasing,2025-1,global
135690,Increasing,2025-1,global
188118,Increasing,2025-1,global
22679859,Increasing,2025-1,global
22711374,Increasing,2025-1,global
22680229,Increasing,2025-1,global
22680367,Increasing,2025-1,global
22680462,Increasing,2025-1,global
22680472,Increasing,2025-1,global
22680364,Increasing,2025-1,global
22693379,Increasing,2025-1,global
22728393,Increasing,2025-1,global
22729706,Increasing,2025-1,global
198730,Increasing,2025-1,global
198729,Increasing,2025-1,global
22692913,Increasing,2025-1,global
22718379,Increasing,2025-1,global
22694357,Increasing,2025-1,global
62030970,Increasing,2025-1,global
22680024,Increasing,2025-1,global
155187257,Increasing,2025-1,global
22727969,Increasing,2025-1,global
22694524,Increasing,2025-1,global
22696792,Increasing,2025-1,global
22697360,Increasing,2025-1,global
22696734,Increasing,2025-1,global
22710051,Increasing,2025-1,global
22678625,Increasing,2025-1,global
155249960,Increasing,2025-1,global
2477,Increasing,2025-1,global
22679896,Increasing,2025-1,global
22697758,Increasing,2025-1,global
158620855,Increasing,2025-1,global
158624465,Increasing,2025-1,global
158624557,Increasing,2025-1,global
158632105,Increasing,2025-1,global
158632774,Increasing,2025-1,global
158882810,Increasing,2025-1,global
159752331,Increasing,2025-1,global
133511,Increasing,2025-1,global
133511,Increasing,2025-1,mediterranean
22679839,Increasing,2025-1,europe
22679872,Increasing,2025-1,europe
22679896,Increasing,2025-1,europe
22679943,Increasing,2025-1,europe
22680492,Increasing,2025-1,europe
22683740,Increasing,2025-1,europe
22692146,Increasing,2025-1,europe
22693220,Increasing,2025-1,europe
22693431,Increasing,2025-1,europe
22693759,Increasing,2025-1,europe
22694160,Increasing,2025-1,europe
22694373,Increasing,2025-1,europe
22694379,Increasing,2025-1,europe
22694479,Increasing,2025-1,europe
22694591,Increasing,2025-1,europe
22694601,Increasing,2025-1,europe
22694764,Increasing,2025-1,europe
22694841,Increasing,2025-1,europe
22694852,Increasing,2025-1,europe
22694938,Increasing,2025-1,europe
22695137,Increasing,2025-1,europe
22696657,Increasing,2025-1,europe
22696734,Increasing,2025-1,europe
22696792,Increasing,2025-1,europe
22697031,Increasing,2025-1,europe
22697043,Increasing,2025-1,europe
22697360,Increasing,2025-1,europe
22697422,Increasing,2025-1,europe
22697555,Increasing,2025-1,europe
22697590,Increasing,2025-1,europe
22697599,Increasing,2025-1,europe
22698062,Increasing,2025-1,europe
22705929,Increasing,2025-1,europe
22716971,Increasing,2025-1,europe
22727969,Increasing,2025-1,europe
181568721,Increasing,2025-1,europe
22735929,Increasing,2025-1,europe
45354964,Increasing,2025-1,europe
22698572,Increasing,2025-1,global
21858,Increasing,2025-1,global
39337,Increasing,2025-1,global
177301951,Increasing,2025-1,global
22698280,Increasing,2025-1,global
22692156,Increasing,2025-1,global
181500967,Increasing,2025-1,global
22693627,Increasing,2025-1,global
22698350,Increasing,2025-1,global
22693811,Increasing,2025-1,global
22728303,Increasing,2025-1,global
63146,Increasing,2025-1,global
22697748,Increasing,2025-1,global
155249960,Increasing,2025-1,europe
161307554,Increasing,2025-1,europe
45354964,Increasing,2025-1,global
22694938,Increasing,2025-1,global
22695137,Increasing,2025-1,global
181568721,Increasing,2025-1,mediterranean
22694938,Increasing,2025-1,mediterranean
22694373,Increasing,2025-1,global
5659,Increasing,2025-1,global
155623,Increasing,2025-1,europe
22693899,Increasing,2025-1,global
13653,Increasing,2025-1,europe
62291168,Increasing,2025-1,global
22696712,Increasing,2025-1,global
13006,Increasing,2025-1,europe
216558801,Increasing,2025-1,global
2475,Increasing,2025-1,europe
2477,Increasing,2025-1,europe
2467,Increasing,2025-1,europe
135690,Increasing,2025-1,europe
22718379,Increasing,2025-1,europe
22680199,Increasing,2025-1,global
12419,Increasing,2025-1,europe
22697658,Increasing,2025-1,global
22679919,Increasing,2025-1,global
22694852,Increasing,2025-1,global
9660,Increasing,2025-1,europe
13653,Increasing,2025-1,global
22697516,Increasing,2025-1,global
155736,Increasing,2025-1,europe
22693663,Increasing,2025-1,global
22706033,Increasing,2025-1,global
22704484,Increasing,2025-1,global
22696391,Increasing,2025-1,global
22683710,Increasing,2025-1,global
22715501,Increasing,2025-1,global
22712294,Increasing,2025-1,global
104006526,Increasing,2025-1,global
22712068,Increasing,2025-1,global
22712071,Increasing,2025-1,global
103727557,Increasing,2025-1,global
22712266,Increasing,2025-1,global
22683740,Increasing,2025-1,global
22695144,Increasing,2025-1,global
22727471,Increasing,2025-1,global
22693978,Increasing,2025-1,global
22727677,Increasing,2025-1,global
22680236,Increasing,2025-1,global
22696926,Increasing,2025-1,global
22680011,Increasing,2025-1,global
22694086,Increasing,2025-1,global
10030,Decreasing,2025-1,global
11150,Decreasing,2025-1,global
11200,Decreasing,2025-1,global
12137,Decreasing,2025-1,global
12417,Decreasing,2025-1,global
12695,Decreasing,2025-1,global
13145,Decreasing,2025-1,global
13145,Decreasing,2025-1,caribbean
13145,Decreasing,2025-1,gulf_of mexico
153538,Decreasing,2025-1,mediterranean
154708,Decreasing,2025-1,global
155018,Decreasing,2025-1,global
155130,Decreasing,2025-1,global
155152,Decreasing,2025-1,global
161373,Decreasing,2025-1,global
161378,Decreasing,2025-1,global
161403,Decreasing,2025-1,global
161436,Decreasing,2025-1,global
161514,Decreasing,2025-1,global
161518,Decreasing,2025-1,global
161564,Decreasing,2025-1,global
161610,Decreasing,2025-1,global
161696,Decreasing,2025-1,global
161718,Decreasing,2025-1,global
161743,Decreasing,2025-1,global
162627,Decreasing,2025-1,global
162917,Decreasing,2025-1,global
163017,Decreasing,2025-1,global
163141,Decreasing,2025-1,global
163337,Decreasing,2025-1,global
163339,Decreasing,2025-1,global
163340,Decreasing,2025-1,global
163458,Decreasing,2025-1,global
16475,Decreasing,2025-1,global
135458600,Decreasing,2025-1,global
165413,Decreasing,2025-1,europe
166200,Decreasing,2025-1,global
166442,Decreasing,2025-1,global
166641,Decreasing,2025-1,global
166966,Decreasing,2025-1,global
166979,Decreasing,2025-1,global
169975,Decreasing,2025-1,global
170168,Decreasing,2025-1,global
170173,Decreasing,2025-1,global
170183,Decreasing,2025-1,global
170184,Decreasing,2025-1,global
170194,Decreasing,2025-1,global
170199,Decreasing,2025-1,global
170200,Decreasing,2025-1,global
170204,Decreasing,2025-1,global
170208,Decreasing,2025-1,global
170225,Decreasing,2025-1,global
170226,Decreasing,2025-1,global
170244,Decreasing,2025-1,global
170247,Decreasing,2025-1,global
170256,Decreasing,2025-1,global
17026,Decreasing,2025-1,global
170526,Decreasing,2025-1,global
180238,Decreasing,2025-1,global
180257,Decreasing,2025-1,global
180265,Decreasing,2025-1,global
180275,Decreasing,2025-1,global
180337,Decreasing,2025-1,global
180352,Decreasing,2025-1,global
180373,Decreasing,2025-1,global
180411,Decreasing,2025-1,global
180424,Decreasing,2025-1,global
180481,Decreasing,2025-1,global
180518,Decreasing,2025-1,global
185869,Decreasing,2025-1,global
185977,Decreasing,2025-1,global
185977,Decreasing,2025-1,caribbean
186014,Decreasing,2025-1,global
186014,Decreasing,2025-1,caribbean
186016,Decreasing,2025-1,global
186016,Decreasing,2025-1,caribbean
186056,Decreasing,2025-1,global
186985,Decreasing,2025-1,global
188319,Decreasing,2025-1,global
188343,Decreasing,2025-1,global
188350,Decreasing,2025-1,global
188356,Decreasing,2025-1,global
188370,Decreasing,2025-1,global
188386,Decreasing,2025-1,global
188397,Decreasing,2025-1,global
188406,Decreasing,2025-1,global
188416,Decreasing,2025-1,global
188447,Decreasing,2025-1,global
188472,Decreasing,2025-1,global
188498,Decreasing,2025-1,global
188528,Decreasing,2025-1,global
188529,Decreasing,2025-1,global
188546,Decreasing,2025-1,global
188548,Decreasing,2025-1,global
188554,Decreasing,2025-1,global
188555,Decreasing,2025-1,global
188563,Decreasing,2025-1,global
188565,Decreasing,2025-1,global
188582,Decreasing,2025-1,global
188608,Decreasing,2025-1,global
188614,Decreasing,2025-1,global
189675,Decreasing,2025-1,global
190078,Decreasing,2025-1,global
190132,Decreasing,2025-1,global
190138,Decreasing,2025-1,global
190206,Decreasing,2025-1,global
190221,Decreasing,2025-1,global
190224,Decreasing,2025-1,global
190246,Decreasing,2025-1,global
190295,Decreasing,2025-1,global
190968,Decreasing,2025-1,global
192286,Decreasing,2025-1,global
192350,Decreasing,2025-1,global
192403,Decreasing,2025-1,global
192475,Decreasing,2025-1,global
192487,Decreasing,2025-1,global
192521,Decreasing,2025-1,global
192522,Decreasing,2025-1,global
192541,Decreasing,2025-1,global
192556,Decreasing,2025-1,global
192602,Decreasing,2025-1,global
192626,Decreasing,2025-1,global
192709,Decreasing,2025-1,global
192852,Decreasing,2025-1,global
192920,Decreasing,2025-1,global
192944,Decreasing,2025-1,global
193095,Decreasing,2025-1,global
193208,Decreasing,2025-1,global
193598,Decreasing,2025-1,global
193602,Decreasing,2025-1,global
193605,Decreasing,2025-1,global
193612,Decreasing,2025-1,global
193622,Decreasing,2025-1,global
193624,Decreasing,2025-1,global
193641,Decreasing,2025-1,global
193666,Decreasing,2025-1,global
193700,Decreasing,2025-1,global
193781,Decreasing,2025-1,global
193796,Decreasing,2025-1,global
193809,Decreasing,2025-1,global
193810,Decreasing,2025-1,global
194299,Decreasing,2025-1,global
194303,Decreasing,2025-1,global
194341,Decreasing,2025-1,global
194343,Decreasing,2025-1,global
194344,Decreasing,2025-1,global
194406,Decreasing,2025-1,global
19488,Decreasing,2025-1,global
195036,Decreasing,2025-1,global
195069,Decreasing,2025-1,global
195475,Decreasing,2025-1,global
195876,Decreasing,2025-1,global
196322,Decreasing,2025-1,global
196340,Decreasing,2025-1,global
196370,Decreasing,2025-1,global
196377,Decreasing,2025-1,global
196395,Decreasing,2025-1,global
196435,Decreasing,2025-1,global
196824,Decreasing,2025-1,global
197321,Decreasing,2025-1,global
197322,Decreasing,2025-1,global
197330,Decreasing,2025-1,global
199118,Decreasing,2025-1,global
200715,Decreasing,2025-1,global
201946,Decreasing,2025-1,global
203487,Decreasing,2025-1,europe
21341,Decreasing,2025-1,global
21343,Decreasing,2025-1,global
22003,Decreasing,2025-1,global
22563,Decreasing,2025-1,mediterranean
97358453,Decreasing,2025-1,global
3851,Decreasing,2025-1,global
3852,Decreasing,2025-1,global
3853,Decreasing,2025-1,global
3854,Decreasing,2025-1,global
3898,Decreasing,2025-1,global
39331,Decreasing,2025-1,global
39341,Decreasing,2025-1,global
39352,Decreasing,2025-1,global
39359,Decreasing,2025-1,global
39368,Decreasing,2025-1,global
39372,Decreasing,2025-1,global
39374,Decreasing,2025-1,global
39378,Decreasing,2025-1,global
39380,Decreasing,2025-1,global
39381,Decreasing,2025-1,global
39385,Decreasing,2025-1,global
39386,Decreasing,2025-1,global
39388,Decreasing,2025-1,global
41064,Decreasing,2025-1,global
41741,Decreasing,2025-1,global
41755,Decreasing,2025-1,mediterranean
41801,Decreasing,2025-1,global
41823,Decreasing,2025-1,global
152781967,Decreasing,2025-1,global
44577,Decreasing,2025-1,global
44578,Decreasing,2025-1,global
44581,Decreasing,2025-1,global
44586,Decreasing,2025-1,global
44587,Decreasing,2025-1,global
44595,Decreasing,2025-1,global
44597,Decreasing,2025-1,global
44598,Decreasing,2025-1,global
44642,Decreasing,2025-1,global
44644,Decreasing,2025-1,global
44656,Decreasing,2025-1,global
44666,Decreasing,2025-1,global
44674,Decreasing,2025-1,global
152784762,Decreasing,2025-1,global
60128,Decreasing,2025-1,global
60135,Decreasing,2025-1,global
60154,Decreasing,2025-1,global
60159,Decreasing,2025-1,global
60161,Decreasing,2025-1,global
60201,Decreasing,2025-1,global
60202,Decreasing,2025-1,global
60203,Decreasing,2025-1,global
60204,Decreasing,2025-1,global
60217,Decreasing,2025-1,global
60218,Decreasing,2025-1,global
60219,Decreasing,2025-1,global
144136822,Decreasing,2025-1,global
144141186,Decreasing,2025-1,global
60225,Decreasing,2025-1,global
61398,Decreasing,2025-1,global
61407,Decreasing,2025-1,global
61419,Decreasing,2025-1,global
62222,Decreasing,2025-1,global
6229,Decreasing,2025-1,global
63107,Decreasing,2025-1,global
63109,Decreasing,2025-1,global
63110,Decreasing,2025-1,global
63116,Decreasing,2025-1,global
63124,Decreasing,2025-1,global
63144,Decreasing,2025-1,global
63151,Decreasing,2025-1,global
104065040,Decreasing,2025-1,global
63153,Decreasing,2025-1,global
63157,Decreasing,2025-1,global
8813,Decreasing,2025-1,global
8817,Decreasing,2025-1,global
908,Decreasing,2025-1,global
908,Decreasing,2025-1,caribbean
908,Decreasing,2025-1,gulf_of mexico
11534,Decreasing,2025-1,global
12419,Decreasing,2025-1,mediterranean
132722,Decreasing,2025-1,mediterranean
135525,Decreasing,2025-1,mediterranean
135606,Decreasing,2025-1,mediterranean
135690,Decreasing,2025-1,mediterranean
13653,Decreasing,2025-1,mediterranean
14264,Decreasing,2025-1,global
14264,Decreasing,2025-1,pan-africa
14264,Decreasing,2025-1,s._africa fw
153538,Decreasing,2025-1,global
154627,Decreasing,2025-1,global
154742,Decreasing,2025-1,global
154877,Decreasing,2025-1,global
155318,Decreasing,2025-1,global
164116,Decreasing,2025-1,mediterranean
164375,Decreasing,2025-1,europe
164508,Decreasing,2025-1,pan-africa
164508,Decreasing,2025-1,mediterranean
165631,Decreasing,2025-1,global
165657,Decreasing,2025-1,global
165689,Decreasing,2025-1,global
165692,Decreasing,2025-1,global
165704,Decreasing,2025-1,global
165712,Decreasing,2025-1,global
165717,Decreasing,2025-1,global
167946,Decreasing,2025-1,western_africa
169676,Decreasing,2025-1,global
169965,Decreasing,2025-1,global
169976,Decreasing,2025-1,global
169980,Decreasing,2025-1,global
169982,Decreasing,2025-1,global
170094,Decreasing,2025-1,global
170050,Decreasing,2025-1,global
170197,Decreasing,2025-1,mediterranean
170245,Decreasing,2025-1,mediterranean
170280,Decreasing,2025-1,mediterranean
170283,Decreasing,2025-1,mediterranean
170357,Decreasing,2025-1,mediterranean
173322,Decreasing,2025-1,global
173327,Decreasing,2025-1,global
173331,Decreasing,2025-1,global
173333,Decreasing,2025-1,global
173335,Decreasing,2025-1,global
173337,Decreasing,2025-1,global
173338,Decreasing,2025-1,global
173339,Decreasing,2025-1,global
173341,Decreasing,2025-1,global
173342,Decreasing,2025-1,global
173344,Decreasing,2025-1,global
173345,Decreasing,2025-1,global
173349,Decreasing,2025-1,global
173355,Decreasing,2025-1,global
173357,Decreasing,2025-1,global
173361,Decreasing,2025-1,global
173370,Decreasing,2025-1,global
173374,Decreasing,2025-1,global
173381,Decreasing,2025-1,global
173382,Decreasing,2025-1,global
176712,Decreasing,2025-1,global
176720,Decreasing,2025-1,global
176748,Decreasing,2025-1,global
176763,Decreasing,2025-1,global
178796,Decreasing,2025-1,global
178797,Decreasing,2025-1,global
178798,Decreasing,2025-1,global
178799,Decreasing,2025-1,global
178801,Decreasing,2025-1,global
178802,Decreasing,2025-1,global
178803,Decreasing,2025-1,global
178804,Decreasing,2025-1,global
178805,Decreasing,2025-1,global
178806,Decreasing,2025-1,global
178807,Decreasing,2025-1,global
178808,Decreasing,2025-1,global
178809,Decreasing,2025-1,global
178811,Decreasing,2025-1,global
178812,Decreasing,2025-1,global
178814,Decreasing,2025-1,global
178815,Decreasing,2025-1,global
178816,Decreasing,2025-1,global
178817,Decreasing,2025-1,global
178819,Decreasing,2025-1,global
178820,Decreasing,2025-1,global
178821,Decreasing,2025-1,global
178822,Decreasing,2025-1,global
178823,Decreasing,2025-1,global
178824,Decreasing,2025-1,global
178825,Decreasing,2025-1,global
178826,Decreasing,2025-1,global
178827,Decreasing,2025-1,global
178828,Decreasing,2025-1,global
178829,Decreasing,2025-1,global
178830,Decreasing,2025-1,global
178831,Decreasing,2025-1,global
178832,Decreasing,2025-1,global
178834,Decreasing,2025-1,global
178835,Decreasing,2025-1,global
178837,Decreasing,2025-1,global
178838,Decreasing,2025-1,global
178839,Decreasing,2025-1,global
178840,Decreasing,2025-1,global
178841,Decreasing,2025-1,global
178842,Decreasing,2025-1,global
178843,Decreasing,2025-1,global
178844,Decreasing,2025-1,global
178845,Decreasing,2025-1,global
178846,Decreasing,2025-1,global
178847,Decreasing,2025-1,global
178849,Decreasing,2025-1,global
178850,Decreasing,2025-1,global
178852,Decreasing,2025-1,global
178853,Decreasing,2025-1,global
178854,Decreasing,2025-1,global
178855,Decreasing,2025-1,global
178856,Decreasing,2025-1,global
178857,Decreasing,2025-1,global
178858,Decreasing,2025-1,global
181328,Decreasing,2025-1,global
183267,Decreasing,2025-1,global
183406,Decreasing,2025-1,global
183631,Decreasing,2025-1,global
183939,Decreasing,2025-1,global
184030,Decreasing,2025-1,global
184534,Decreasing,2025-1,northeastern_africa
184679,Decreasing,2025-1,northeastern_africa
187392,Decreasing,2025-1,global
187479,Decreasing,2025-1,global
187493,Decreasing,2025-1,global
187495,Decreasing,2025-1,global
187506,Decreasing,2025-1,global
187520,Decreasing,2025-1,global
187544,Decreasing,2025-1,global
187545,Decreasing,2025-1,global
187565,Decreasing,2025-1,global
187568,Decreasing,2025-1,global
187654,Decreasing,2025-1,global
187654,Decreasing,2025-1,mediterranean
196016,Decreasing,2025-1,global
196019,Decreasing,2025-1,global
196044,Decreasing,2025-1,global
196056,Decreasing,2025-1,global
198562,Decreasing,2025-1,mediterranean
198568,Decreasing,2025-1,mediterranean
198668,Decreasing,2025-1,mediterranean
198707,Decreasing,2025-1,mediterranean
198709,Decreasing,2025-1,mediterranean
198731,Decreasing,2025-1,mediterranean
21860,Decreasing,2025-1,mediterranean
23148,Decreasing,2025-1,mediterranean
2420,Decreasing,2025-1,global
31382,Decreasing,2025-1,global
33705,Decreasing,2025-1,global
34364,Decreasing,2025-1,global
39400,Decreasing,2025-1,global
4592,Decreasing,2025-1,global
60302,Decreasing,2025-1,global
60344,Decreasing,2025-1,northern_africa
61333,Decreasing,2025-1,global
61340,Decreasing,2025-1,global
63579,Decreasing,2025-1,global
63580,Decreasing,2025-1,global
63585,Decreasing,2025-1,global
63587,Decreasing,2025-1,global
63591,Decreasing,2025-1,global
63593,Decreasing,2025-1,global
63596,Decreasing,2025-1,global
63598,Decreasing,2025-1,global
63612,Decreasing,2025-1,global
63614,Decreasing,2025-1,global
63622,Decreasing,2025-1,global
63646,Decreasing,2025-1,global
63653,Decreasing,2025-1,global
63852,Decreasing,2025-1,global
7859,Decreasing,2025-1,mediterranean
8005,Decreasing,2025-1,global
154804479,Decreasing,2025-1,global
14134315,Decreasing,2025-1,global
5375,Decreasing,2025-1,global
155236,Decreasing,2025-1,global
903,Decreasing,2025-1,global
198568,Decreasing,2025-1,global
15522229,Decreasing,2025-1,global
16421352,Decreasing,2025-1,global
16449708,Decreasing,2025-1,global
16449654,Decreasing,2025-1,global
161691,Decreasing,2025-1,mediterranean
161696,Decreasing,2025-1,mediterranean
63100,Decreasing,2025-1,mediterranean
161425,Decreasing,2025-1,mediterranean
91209505,Decreasing,2025-1,mediterranean
63120,Decreasing,2025-1,mediterranean
63131,Decreasing,2025-1,mediterranean
161397,Decreasing,2025-1,mediterranean
11200,Decreasing,2025-1,mediterranean
3853,Decreasing,2025-1,mediterranean
3854,Decreasing,2025-1,mediterranean
63149,Decreasing,2025-1,mediterranean
6229,Decreasing,2025-1,mediterranean
3855,Decreasing,2025-1,mediterranean
41876,Decreasing,2025-1,mediterranean
161626,Decreasing,2025-1,mediterranean
161485,Decreasing,2025-1,mediterranean
161484,Decreasing,2025-1,mediterranean
4292,Decreasing,2025-1,mediterranean
61408,Decreasing,2025-1,mediterranean
39388,Decreasing,2025-1,mediterranean
63153,Decreasing,2025-1,mediterranean
39341,Decreasing,2025-1,mediterranean
39352,Decreasing,2025-1,mediterranean
161461,Decreasing,2025-1,mediterranean
161464,Decreasing,2025-1,mediterranean
161339,Decreasing,2025-1,global
161339,Decreasing,2025-1,europe
161339,Decreasing,2025-1,mediterranean
39358,Decreasing,2025-1,mediterranean
39357,Decreasing,2025-1,mediterranean
161569,Decreasing,2025-1,mediterranean
16545046,Decreasing,2025-1,global
39381,Decreasing,2025-1,mediterranean
61417,Decreasing,2025-1,mediterranean
61418,Decreasing,2025-1,mediterranean
39339,Decreasing,2025-1,mediterranean
10075,Decreasing,2025-1,global
16720057,Decreasing,2025-1,global
10082,Decreasing,2025-1,global
10087,Decreasing,2025-1,global
173361,Decreasing,2025-1,mediterranean
19950,Decreasing,2025-1,global
155120,Decreasing,2025-1,global
190748,Decreasing,2025-1,global
63571,Decreasing,2025-1,global
154708,Decreasing,2025-1,europe
170319,Decreasing,2025-1,europe
21856,Decreasing,2025-1,europe
62225,Decreasing,2025-1,global
62224,Decreasing,2025-1,global
198653,Decreasing,2025-1,europe
19086782,Decreasing,2025-1,global
19516809,Decreasing,2025-1,global
10066,Decreasing,2025-1,global
198707,Decreasing,2025-1,europe
198709,Decreasing,2025-1,europe
18155949,Decreasing,2025-1,global
135689,Decreasing,2025-1,global
135579,Decreasing,2025-1,global
135714,Decreasing,2025-1,global
21112909,Decreasing,2025-1,global
135606,Decreasing,2025-1,global
14209,Decreasing,2025-1,global
161380,Decreasing,2025-1,global
170245,Decreasing,2025-1,europe
170244,Decreasing,2025-1,europe
64409,Decreasing,2025-1,global
21132344,Decreasing,2025-1,global
18177478,Decreasing,2025-1,global
21132418,Decreasing,2025-1,global
15307977,Decreasing,2025-1,global
198647,Decreasing,2025-1,global
6494,Decreasing,2025-1,global
22102,Decreasing,2025-1,global
4162,Decreasing,2025-1,global
18155990,Decreasing,2025-1,europe
193736,Decreasing,2025-1,europe
198578,Decreasing,2025-1,europe
132722,Decreasing,2025-1,europe
7859,Decreasing,2025-1,europe
187654,Decreasing,2025-1,europe
198568,Decreasing,2025-1,europe
18159121,Decreasing,2025-1,europe
15522149,Decreasing,2025-1,europe
18126049,Decreasing,2025-1,europe
190422,Decreasing,2025-1,europe
2057,Decreasing,2025-1,global
3590,Decreasing,2025-1,global
13654,Decreasing,2025-1,global
14549,Decreasing,2025-1,global
41668,Decreasing,2025-1,global
198731,Decreasing,2025-1,europe
43972,Decreasing,2025-1,europe
190279,Decreasing,2025-1,europe
154816,Decreasing,2025-1,europe
21857,Decreasing,2025-1,global
23148,Decreasing,2025-1,global
61338,Decreasing,2025-1,global
132753,Decreasing,2025-1,global
132759,Decreasing,2025-1,global
132777,Decreasing,2025-1,global
132826,Decreasing,2025-1,global
155261,Decreasing,2025-1,global
170310,Decreasing,2025-1,global
170311,Decreasing,2025-1,global
170316,Decreasing,2025-1,global
170338,Decreasing,2025-1,global
20432288,Decreasing,2025-1,global
20437726,Decreasing,2025-1,global
10088,Decreasing,2025-1,global
7854,Decreasing,2025-1,global
7861,Decreasing,2025-1,global
7862,Decreasing,2025-1,global
14050,Decreasing,2025-1,global
21856,Decreasing,2025-1,global
21859,Decreasing,2025-1,global
39303,Decreasing,2025-1,global
44681,Decreasing,2025-1,global
44682,Decreasing,2025-1,global
44683,Decreasing,2025-1,global
64400,Decreasing,2025-1,global
64410,Decreasing,2025-1,global
132724,Decreasing,2025-1,global
132806,Decreasing,2025-1,global
154853,Decreasing,2025-1,global
154875,Decreasing,2025-1,global
170314,Decreasing,2025-1,global
170335,Decreasing,2025-1,global
202632,Decreasing,2025-1,global
46108252,Decreasing,2025-1,global
154734,Decreasing,2025-1,global
47728610,Decreasing,2025-1,global
48342385,Decreasing,2025-1,global
46104077,Decreasing,2025-1,global
48342183,Decreasing,2025-1,global
161691,Decreasing,2025-1,europe
161696,Decreasing,2025-1,europe
41801,Decreasing,2025-1,europe
91209505,Decreasing,2025-1,europe
63131,Decreasing,2025-1,europe
161397,Decreasing,2025-1,europe
11200,Decreasing,2025-1,europe
60213,Decreasing,2025-1,europe
63149,Decreasing,2025-1,europe
39374,Decreasing,2025-1,europe
161485,Decreasing,2025-1,europe
63141,Decreasing,2025-1,europe
161484,Decreasing,2025-1,europe
41747,Decreasing,2025-1,europe
39381,Decreasing,2025-1,europe
39385,Decreasing,2025-1,europe
39388,Decreasing,2025-1,europe
63153,Decreasing,2025-1,europe
161453,Decreasing,2025-1,europe
39339,Decreasing,2025-1,europe
39352,Decreasing,2025-1,europe
161461,Decreasing,2025-1,global
161461,Decreasing,2025-1,europe
161464,Decreasing,2025-1,global
161464,Decreasing,2025-1,europe
161463,Decreasing,2025-1,europe
161459,Decreasing,2025-1,global
161459,Decreasing,2025-1,europe
39358,Decreasing,2025-1,europe
60127,Decreasing,2025-1,europe
3853,Decreasing,2025-1,europe
3854,Decreasing,2025-1,europe
6229,Decreasing,2025-1,europe
3855,Decreasing,2025-1,europe
41876,Decreasing,2025-1,europe
18584848,Decreasing,2025-1,europe
61408,Decreasing,2025-1,europe
61405,Decreasing,2025-1,global
61405,Decreasing,2025-1,europe
61405,Decreasing,2025-1,mediterranean
41871,Decreasing,2025-1,europe
18175,Decreasing,2025-1,europe
61418,Decreasing,2025-1,europe
61417,Decreasing,2025-1,europe
161569,Decreasing,2025-1,europe
195077,Decreasing,2025-1,global
49186498,Decreasing,2025-1,global
46104933,Decreasing,2025-1,global
49188717,Decreasing,2025-1,global
49184328,Decreasing,2025-1,global
195073,Decreasing,2025-1,global
49145403,Decreasing,2025-1,global
49145334,Decreasing,2025-1,global
49188068,Decreasing,2025-1,global
49145114,Decreasing,2025-1,global
49182559,Decreasing,2025-1,global
49145628,Decreasing,2025-1,global
161463,Decreasing,2025-1,global
4160,Decreasing,2025-1,global
13252,Decreasing,2025-1,global
41754,Decreasing,2025-1,global
41759,Decreasing,2025-1,global
198920,Decreasing,2025-1,global
50010570,Decreasing,2025-1,mediterranean
50010585,Decreasing,2025-1,mediterranean
50011764,Decreasing,2025-1,mediterranean
50012256,Decreasing,2025-1,mediterranean
50012182,Decreasing,2025-1,mediterranean
50012186,Decreasing,2025-1,mediterranean
50012178,Decreasing,2025-1,mediterranean
50012180,Decreasing,2025-1,mediterranean
50012188,Decreasing,2025-1,mediterranean
8262,Decreasing,2025-1,mediterranean
50014335,Decreasing,2025-1,mediterranean
50902670,Decreasing,2025-1,mediterranean
50902707,Decreasing,2025-1,mediterranean
50902733,Decreasing,2025-1,mediterranean
50902681,Decreasing,2025-1,mediterranean
133142,Decreasing,2025-1,mediterranean
50149087,Decreasing,2025-1,mediterranean
195215,Decreasing,2025-1,mediterranean
50160903,Decreasing,2025-1,mediterranean
50148695,Decreasing,2025-1,global
50148695,Decreasing,2025-1,europe
50148695,Decreasing,2025-1,mediterranean
50013368,Decreasing,2025-1,mediterranean
50016125,Decreasing,2025-1,global
50016125,Decreasing,2025-1,europe
50016125,Decreasing,2025-1,mediterranean
50015694,Decreasing,2025-1,mediterranean
50015525,Decreasing,2025-1,mediterranean
50015704,Decreasing,2025-1,mediterranean
10056,Decreasing,2025-1,global
10070,Decreasing,2025-1,global
10072,Decreasing,2025-1,global
107259870,Decreasing,2025-1,global
107261083,Decreasing,2025-1,global
40802,Decreasing,2025-1,global
41005,Decreasing,2025-1,global
41007,Decreasing,2025-1,global
41010,Decreasing,2025-1,global
195100,Decreasing,2025-1,global
195220,Decreasing,2025-1,mediterranean
132759,Decreasing,2025-1,persian_gulf
132826,Decreasing,2025-1,persian_gulf
44674,Decreasing,2025-1,persian_gulf
46085892,Decreasing,2025-1,persian_gulf
46086124,Decreasing,2025-1,persian_gulf
190705,Decreasing,2025-1,persian_gulf
197045,Decreasing,2025-1,persian_gulf
46087646,Decreasing,2025-1,persian_gulf
49187711,Decreasing,2025-1,persian_gulf
170316,Decreasing,2025-1,persian_gulf
166855,Decreasing,2025-1,persian_gulf
1847,Decreasing,2025-1,global
16238,Decreasing,2025-1,global
16781,Decreasing,2025-1,global
18175,Decreasing,2025-1,global
39375,Decreasing,2025-1,global
39389,Decreasing,2025-1,global
39393,Decreasing,2025-1,global
18584848,Decreasing,2025-1,global
59034974,Decreasing,2025-1,global
155030,Decreasing,2025-1,europe
155068636,Decreasing,2025-1,global
198765,Decreasing,2025-1,europe
50015832,Decreasing,2025-1,mediterranean
65476961,Decreasing,2025-1,mediterranean
2058,Decreasing,2025-1,global
19855,Decreasing,2025-1,global
155165,Decreasing,2025-1,global
65364818,Decreasing,2025-1,global
65365899,Decreasing,2025-1,global
17096,Decreasing,2025-1,global
20314,Decreasing,2025-1,global
20315,Decreasing,2025-1,global
65372876,Decreasing,2025-1,global
65374110,Decreasing,2025-1,global
154629,Decreasing,2025-1,global
65367574,Decreasing,2025-1,global
20437783,Decreasing,2025-1,global
20431513,Decreasing,2025-1,global
20433018,Decreasing,2025-1,global
64409,Decreasing,2025-1,europe
68309114,Decreasing,2025-1,global
68309114,Decreasing,2025-1,caribbean
68309149,Decreasing,2025-1,global
68309149,Decreasing,2025-1,caribbean
68326872,Decreasing,2025-1,global
84784918,Decreasing,2025-1,global
161597,Decreasing,2025-1,global
39335,Decreasing,2025-1,global
40797,Decreasing,2025-1,global
70680197,Decreasing,2025-1,global
41738,Decreasing,2025-1,global
41740,Decreasing,2025-1,global
46864,Decreasing,2025-1,global
42706,Decreasing,2025-1,global
42707,Decreasing,2025-1,global
60187,Decreasing,2025-1,global
41797,Decreasing,2025-1,global
161637,Decreasing,2025-1,global
161329,Decreasing,2025-1,global
195446,Decreasing,2025-1,global
41810,Decreasing,2025-1,global
104061138,Decreasing,2025-1,global
42712,Decreasing,2025-1,global
39379,Decreasing,2025-1,global
152781341,Decreasing,2025-1,global
60124,Decreasing,2025-1,global
39390,Decreasing,2025-1,global
46865,Decreasing,2025-1,global
41850,Decreasing,2025-1,global
41853,Decreasing,2025-1,global
161496,Decreasing,2025-1,global
161360,Decreasing,2025-1,global
158617,Decreasing,2025-1,global
42727,Decreasing,2025-1,global
161404,Decreasing,2025-1,global
42726,Decreasing,2025-1,global
42729,Decreasing,2025-1,global
60085,Decreasing,2025-1,global
60088,Decreasing,2025-1,global
42730,Decreasing,2025-1,global
60100,Decreasing,2025-1,global
60104,Decreasing,2025-1,global
60105,Decreasing,2025-1,global
64442,Decreasing,2025-1,global
187495,Decreasing,2025-1,europe
178851,Decreasing,2025-1,global
69592071,Decreasing,2025-1,global
194303,Decreasing,2025-1,gulf_of mexico
16421352,Decreasing,2025-1,gulf_of mexico
132806,Decreasing,2025-1,gulf_of mexico
39303,Decreasing,2025-1,gulf_of mexico
132819,Decreasing,2025-1,gulf_of mexico
132770,Decreasing,2025-1,gulf_of mexico
44681,Decreasing,2025-1,gulf_of mexico
7862,Decreasing,2025-1,gulf_of mexico
64400,Decreasing,2025-1,gulf_of mexico
7860,Decreasing,2025-1,gulf_of mexico
7861,Decreasing,2025-1,gulf_of mexico
132724,Decreasing,2025-1,gulf_of mexico
64410,Decreasing,2025-1,gulf_of mexico
14050,Decreasing,2025-1,gulf_of mexico
44683,Decreasing,2025-1,gulf_of mexico
11130,Decreasing,2025-1,gulf_of mexico
19950,Decreasing,2025-1,gulf_of mexico
46108252,Decreasing,2025-1,gulf_of mexico
10066,Decreasing,2025-1,gulf_of mexico
191823,Decreasing,2025-1,gulf_of mexico
154853,Decreasing,2025-1,gulf_of mexico
70680908,Decreasing,2025-1,global
70688138,Decreasing,2025-1,global
41745,Decreasing,2025-1,europe
39386,Decreasing,2025-1,europe
75143569,Decreasing,2025-1,global
166442,Decreasing,2025-1,persian_gulf
75556671,Decreasing,2025-1,global
170314,Decreasing,2025-1,gulf_of mexico
21860,Decreasing,2025-1,gulf_of mexico
21856,Decreasing,2025-1,gulf_of mexico
21857,Decreasing,2025-1,gulf_of mexico
21859,Decreasing,2025-1,gulf_of mexico
170322,Decreasing,2025-1,gulf_of mexico
154649,Decreasing,2025-1,gulf_of mexico
190422,Decreasing,2025-1,gulf_of mexico
2539,Decreasing,2025-1,gulf_of mexico
16449654,Decreasing,2025-1,gulf_of mexico
16449708,Decreasing,2025-1,gulf_of mexico
78749198,Decreasing,2025-1,global
78763727,Decreasing,2025-1,global
78764186,Decreasing,2025-1,global
78764384,Decreasing,2025-1,global
78768961,Decreasing,2025-1,global
78768975,Decreasing,2025-1,global
78769674,Decreasing,2025-1,global
78769692,Decreasing,2025-1,global
78769871,Decreasing,2025-1,global
78771094,Decreasing,2025-1,global
78771579,Decreasing,2025-1,global
78771583,Decreasing,2025-1,global
78771696,Decreasing,2025-1,global
78772221,Decreasing,2025-1,global
78772302,Decreasing,2025-1,global
61743,Decreasing,2025-1,global
41880,Decreasing,2025-1,global
185869,Decreasing,2025-1,gulf_of mexico
16545046,Decreasing,2025-1,gulf_of mexico
79802677,Decreasing,2025-1,global
202632,Decreasing,2025-1,gulf_of mexico
11987,Decreasing,2025-1,global
195076,Decreasing,2025-1,gulf_of mexico
190279,Decreasing,2025-1,gulf_of mexico
198643,Decreasing,2025-1,gulf_of mexico
193736,Decreasing,2025-1,gulf_of mexico
60152,Decreasing,2025-1,global
60127,Decreasing,2025-1,mediterranean
18584848,Decreasing,2025-1,mediterranean
82031667,Decreasing,2025-1,global
82304194,Decreasing,2025-1,global
162912433,Decreasing,2025-1,global
162915452,Decreasing,2025-1,global
194365,Decreasing,2025-1,gulf_of mexico
190481,Decreasing,2025-1,gulf_of mexico
83457578,Decreasing,2025-1,global
190206,Decreasing,2025-1,gulf_of mexico
190295,Decreasing,2025-1,gulf_of mexico
190132,Decreasing,2025-1,gulf_of mexico
12416,Decreasing,2025-1,gulf_of mexico
155152,Decreasing,2025-1,gulf_of mexico
12417,Decreasing,2025-1,gulf_of mexico
190221,Decreasing,2025-1,gulf_of mexico
194344,Decreasing,2025-1,gulf_of mexico
194406,Decreasing,2025-1,gulf_of mexico
194341,Decreasing,2025-1,gulf_of mexico
190138,Decreasing,2025-1,gulf_of mexico
22680465,Decreasing,2025-1,global
22680313,Decreasing,2025-1,global
195076,Decreasing,2025-1,global
16759101,Decreasing,2025-1,global
16759101,Decreasing,2025-1,caribbean
191311,Decreasing,2025-1,global
191311,Decreasing,2025-1,caribbean
191311,Decreasing,2025-1,gulf_of mexico
22693468,Decreasing,2025-1,global
22693264,Decreasing,2025-1,global
22693216,Decreasing,2025-1,global
87518842,Decreasing,2025-1,global
23148,Decreasing,2025-1,europe
23148,Decreasing,2025-1,gulf_of mexico
22721043,Decreasing,2025-1,global
22692907,Decreasing,2025-1,global
18175,Decreasing,2025-1,mediterranean
41801,Decreasing,2025-1,mediterranean
41006,Decreasing,2025-1,mediterranean
10069,Decreasing,2025-1,mediterranean
198765,Decreasing,2025-1,mediterranean
22680214,Decreasing,2025-1,global
22680306,Decreasing,2025-1,global
22683227,Decreasing,2025-1,global
22692476,Decreasing,2025-1,global
22692521,Decreasing,2025-1,global
22692687,Decreasing,2025-1,global
22693195,Decreasing,2025-1,global
22693351,Decreasing,2025-1,global
22693383,Decreasing,2025-1,global
22693767,Decreasing,2025-1,global
22693774,Decreasing,2025-1,global
22693883,Decreasing,2025-1,global
22694256,Decreasing,2025-1,global
22695091,Decreasing,2025-1,global
22695368,Decreasing,2025-1,global
22696977,Decreasing,2025-1,global
22697012,Decreasing,2025-1,global
22697317,Decreasing,2025-1,global
22697648,Decreasing,2025-1,global
22697654,Decreasing,2025-1,global
22697702,Decreasing,2025-1,global
103670928,Decreasing,2025-1,global
22717424,Decreasing,2025-1,global
22724332,Decreasing,2025-1,global
22728596,Decreasing,2025-1,global
22728621,Decreasing,2025-1,global
22712152,Decreasing,2025-1,global
62154828,Decreasing,2025-1,global
62169677,Decreasing,2025-1,global
22680178,Decreasing,2025-1,global
12305,Decreasing,2025-1,global
62256,Decreasing,2025-1,global
168000,Decreasing,2025-1,global
168000,Decreasing,2025-1,pan-africa
193736,Decreasing,2025-1,global
2539,Decreasing,2025-1,global
190422,Decreasing,2025-1,global
21860,Decreasing,2025-1,europe
63141,Decreasing,2025-1,mediterranean
161463,Decreasing,2025-1,mediterranean
161453,Decreasing,2025-1,mediterranean
98891120,Decreasing,2025-1,global
39774,Decreasing,2025-1,global
132722,Decreasing,2025-1,global
43974,Decreasing,2025-1,global
44677,Decreasing,2025-1,global
44678,Decreasing,2025-1,global
44684,Decreasing,2025-1,global
64401,Decreasing,2025-1,global
7858,Decreasing,2025-1,global
14049,Decreasing,2025-1,global
14053,Decreasing,2025-1,global
7859,Decreasing,2025-1,global
44673,Decreasing,2025-1,global
118359431,Decreasing,2025-1,global
132765,Decreasing,2025-1,global
132723,Decreasing,2025-1,global
61339,Decreasing,2025-1,global
132792,Decreasing,2025-1,global
195292,Decreasing,2025-1,global
132730,Decreasing,2025-1,global
132795,Decreasing,2025-1,global
132807,Decreasing,2025-1,global
132811,Decreasing,2025-1,global
132810,Decreasing,2025-1,global
135381188,Decreasing,2025-1,global
39332,Decreasing,2025-1,mediterranean
135548,Decreasing,2025-1,global
907,Decreasing,2025-1,global
135491,Decreasing,2025-1,global
39399,Decreasing,2025-1,mediterranean
103933123,Decreasing,2025-1,global
60171,Decreasing,2025-1,global
104005557,Decreasing,2025-1,global
104007203,Decreasing,2025-1,global
104019954,Decreasing,2025-1,global
104021731,Decreasing,2025-1,global
104021947,Decreasing,2025-1,global
104025473,Decreasing,2025-1,global
104050689,Decreasing,2025-1,global
104071039,Decreasing,2025-1,global
104085094,Decreasing,2025-1,global
104087812,Decreasing,2025-1,global
104110247,Decreasing,2025-1,global
60148,Decreasing,2025-1,global
161533,Decreasing,2025-1,global
181244884,Decreasing,2025-1,global
44592,Decreasing,2025-1,global
45925,Decreasing,2025-1,global
104166970,Decreasing,2025-1,global
60151,Decreasing,2025-1,global
60153,Decreasing,2025-1,global
161495,Decreasing,2025-1,global
39414,Decreasing,2025-1,global
104179262,Decreasing,2025-1,global
104180270,Decreasing,2025-1,global
104188627,Decreasing,2025-1,global
195320,Decreasing,2025-1,global
104306073,Decreasing,2025-1,global
104306247,Decreasing,2025-1,global
39371,Decreasing,2025-1,global
39371,Decreasing,2025-1,arabian_sea
60131,Decreasing,2025-1,global
60131,Decreasing,2025-1,arabian_sea
60172,Decreasing,2025-1,global
60172,Decreasing,2025-1,arabian_sea
161426,Decreasing,2025-1,global
161426,Decreasing,2025-1,arabian_sea
161447,Decreasing,2025-1,global
161447,Decreasing,2025-1,arabian_sea
161476,Decreasing,2025-1,global
161476,Decreasing,2025-1,arabian_sea
161488,Decreasing,2025-1,global
161488,Decreasing,2025-1,arabian_sea
161728,Decreasing,2025-1,global
70682503,Decreasing,2025-1,global
70682503,Decreasing,2025-1,arabian_sea
104023514,Decreasing,2025-1,global
104023514,Decreasing,2025-1,arabian_sea
107604987,Decreasing,2025-1,global
107604987,Decreasing,2025-1,arabian_sea
110462086,Decreasing,2025-1,global
133133,Decreasing,2025-1,global
50013405,Decreasing,2025-1,mediterranean
22693836,Decreasing,2025-1,global
104176764,Decreasing,2025-1,global
104176764,Decreasing,2025-1,arabian_sea
22693949,Decreasing,2025-1,global
22693158,Decreasing,2025-1,global
22693150,Decreasing,2025-1,global
22680683,Decreasing,2025-1,global
22680157,Decreasing,2025-1,global
50012660,Decreasing,2025-1,global
50012660,Decreasing,2025-1,mediterranean
112949827,Decreasing,2025-1,global
44996,Decreasing,2025-1,global
161638,Decreasing,2025-1,global
114823717,Decreasing,2025-1,global
114828525,Decreasing,2025-1,global
114842931,Decreasing,2025-1,global
6814,Decreasing,2025-1,global
154649,Decreasing,2025-1,global
154705,Decreasing,2025-1,global
154732,Decreasing,2025-1,global
154802,Decreasing,2025-1,global
154870,Decreasing,2025-1,global
154883,Decreasing,2025-1,global
154900,Decreasing,2025-1,global
154914,Decreasing,2025-1,global
154937,Decreasing,2025-1,global
154983,Decreasing,2025-1,global
155043,Decreasing,2025-1,global
155085,Decreasing,2025-1,global
155089,Decreasing,2025-1,global
155164,Decreasing,2025-1,global
155316,Decreasing,2025-1,global
190279,Decreasing,2025-1,global
190481,Decreasing,2025-1,global
194365,Decreasing,2025-1,global
19922589,Decreasing,2025-1,global
65363378,Decreasing,2025-1,global
65363711,Decreasing,2025-1,global
65363860,Decreasing,2025-1,global
65363869,Decreasing,2025-1,global
65364147,Decreasing,2025-1,global
65364515,Decreasing,2025-1,global
65364553,Decreasing,2025-1,global
65364789,Decreasing,2025-1,global
65364931,Decreasing,2025-1,global
65365012,Decreasing,2025-1,global
65365054,Decreasing,2025-1,global
65365090,Decreasing,2025-1,global
65365100,Decreasing,2025-1,global
65365681,Decreasing,2025-1,global
65365759,Decreasing,2025-1,global
65366458,Decreasing,2025-1,global
65366672,Decreasing,2025-1,global
65367364,Decreasing,2025-1,global
65367783,Decreasing,2025-1,global
65369161,Decreasing,2025-1,global
65370525,Decreasing,2025-1,global
65370744,Decreasing,2025-1,global
65372127,Decreasing,2025-1,global
65372290,Decreasing,2025-1,global
65375420,Decreasing,2025-1,global
69182988,Decreasing,2025-1,global
70010721,Decreasing,2025-1,global
88342897,Decreasing,2025-1,global
88342995,Decreasing,2025-1,global
88343011,Decreasing,2025-1,global
161717,Decreasing,2025-1,global
61417,Decreasing,2025-1,global
61418,Decreasing,2025-1,global
44571,Decreasing,2025-1,global
39329,Decreasing,2025-1,global
116855963,Decreasing,2025-1,global
116862720,Decreasing,2025-1,global
116880357,Decreasing,2025-1,global
10105,Decreasing,2025-1,global
10106,Decreasing,2025-1,global
39332,Decreasing,2025-1,global
39332,Decreasing,2025-1,europe
22693190,Decreasing,2025-1,global
22697604,Decreasing,2025-1,global
22693604,Decreasing,2025-1,global
50012459,Decreasing,2025-1,mediterranean
118360372,Decreasing,2025-1,global
22679954,Decreasing,2025-1,global
22700052,Decreasing,2025-1,global
155212,Decreasing,2025-1,global
22735995,Decreasing,2025-1,global
22696944,Decreasing,2025-1,global
22136,Decreasing,2025-1,global
22137,Decreasing,2025-1,global
22141,Decreasing,2025-1,global
3897,Decreasing,2025-1,global
22694447,Decreasing,2025-1,global
22694127,Decreasing,2025-1,global
39394,Decreasing,2025-1,global
2958,Decreasing,2025-1,global
122055033,Decreasing,2025-1,global
122055267,Decreasing,2025-1,global
122055294,Decreasing,2025-1,global
122055381,Decreasing,2025-1,global
69130199,Decreasing,2025-1,global
122055529,Decreasing,2025-1,global
122055686,Decreasing,2025-1,global
22697599,Decreasing,2025-1,global
123356310,Decreasing,2025-1,global
18383,Decreasing,2025-1,global
123376622,Decreasing,2025-1,global
123423098,Decreasing,2025-1,global
123423165,Decreasing,2025-1,global
123423190,Decreasing,2025-1,global
123423266,Decreasing,2025-1,global
123423510,Decreasing,2025-1,global
4982,Decreasing,2025-1,global
15419,Decreasing,2025-1,global
17978,Decreasing,2025-1,global
20425,Decreasing,2025-1,global
136315,Decreasing,2025-1,global
82031425,Decreasing,2025-1,global
169473392,Decreasing,2025-1,global
39345,Decreasing,2025-1,global
39346,Decreasing,2025-1,global
39349,Decreasing,2025-1,global
39350,Decreasing,2025-1,global
39353,Decreasing,2025-1,global
39357,Decreasing,2025-1,global
39358,Decreasing,2025-1,global
39360,Decreasing,2025-1,global
39361,Decreasing,2025-1,global
39367,Decreasing,2025-1,global
39413,Decreasing,2025-1,global
41730,Decreasing,2025-1,global
41791,Decreasing,2025-1,global
41792,Decreasing,2025-1,global
41816,Decreasing,2025-1,global
41848,Decreasing,2025-1,global
41872,Decreasing,2025-1,global
41874,Decreasing,2025-1,global
41876,Decreasing,2025-1,global
41878,Decreasing,2025-1,global
44206,Decreasing,2025-1,global
44567,Decreasing,2025-1,global
44580,Decreasing,2025-1,global
44584,Decreasing,2025-1,global
44591,Decreasing,2025-1,global
44596,Decreasing,2025-1,global
44600,Decreasing,2025-1,global
44606,Decreasing,2025-1,global
44607,Decreasing,2025-1,global
44613,Decreasing,2025-1,global
44615,Decreasing,2025-1,global
44617,Decreasing,2025-1,global
44621,Decreasing,2025-1,global
44647,Decreasing,2025-1,global
44649,Decreasing,2025-1,global
44652,Decreasing,2025-1,global
44653,Decreasing,2025-1,global
60087,Decreasing,2025-1,global
60113,Decreasing,2025-1,global
60117,Decreasing,2025-1,global
60118,Decreasing,2025-1,global
169243577,Decreasing,2025-1,global
60120,Decreasing,2025-1,global
60121,Decreasing,2025-1,global
60123,Decreasing,2025-1,global
60125,Decreasing,2025-1,global
60126,Decreasing,2025-1,global
60127,Decreasing,2025-1,global
60129,Decreasing,2025-1,global
60130,Decreasing,2025-1,global
60134,Decreasing,2025-1,global
60141,Decreasing,2025-1,global
60142,Decreasing,2025-1,global
60147,Decreasing,2025-1,global
60155,Decreasing,2025-1,global
60157,Decreasing,2025-1,global
60158,Decreasing,2025-1,global
60162,Decreasing,2025-1,global
60163,Decreasing,2025-1,global
60167,Decreasing,2025-1,global
60168,Decreasing,2025-1,global
60178,Decreasing,2025-1,global
60180,Decreasing,2025-1,global
60182,Decreasing,2025-1,global
60194,Decreasing,2025-1,global
130420951,Decreasing,2025-1,global
60205,Decreasing,2025-1,global
60208,Decreasing,2025-1,global
60213,Decreasing,2025-1,global
124554059,Decreasing,2025-1,global
61400,Decreasing,2025-1,global
61401,Decreasing,2025-1,global
61402,Decreasing,2025-1,global
61406,Decreasing,2025-1,global
63100,Decreasing,2025-1,global
63102,Decreasing,2025-1,global
63113,Decreasing,2025-1,global
63114,Decreasing,2025-1,global
63129,Decreasing,2025-1,global
63130,Decreasing,2025-1,global
63131,Decreasing,2025-1,global
63135,Decreasing,2025-1,global
63141,Decreasing,2025-1,global
63145,Decreasing,2025-1,global
63149,Decreasing,2025-1,global
63154,Decreasing,2025-1,global
63155,Decreasing,2025-1,global
63156,Decreasing,2025-1,global
63158,Decreasing,2025-1,global
63166,Decreasing,2025-1,global
63167,Decreasing,2025-1,global
161320,Decreasing,2025-1,global
161328,Decreasing,2025-1,global
161335,Decreasing,2025-1,global
161344,Decreasing,2025-1,global
161354,Decreasing,2025-1,global
161355,Decreasing,2025-1,global
161357,Decreasing,2025-1,global
161361,Decreasing,2025-1,global
161363,Decreasing,2025-1,global
161366,Decreasing,2025-1,global
161368,Decreasing,2025-1,global
161388,Decreasing,2025-1,global
161393,Decreasing,2025-1,global
161394,Decreasing,2025-1,global
161395,Decreasing,2025-1,global
161397,Decreasing,2025-1,global
161405,Decreasing,2025-1,global
161408,Decreasing,2025-1,global
161409,Decreasing,2025-1,global
161410,Decreasing,2025-1,global
161411,Decreasing,2025-1,global
161427,Decreasing,2025-1,global
161431,Decreasing,2025-1,global
161433,Decreasing,2025-1,global
161438,Decreasing,2025-1,global
161453,Decreasing,2025-1,global
161457,Decreasing,2025-1,global
161465,Decreasing,2025-1,global
161478,Decreasing,2025-1,global
161483,Decreasing,2025-1,global
161484,Decreasing,2025-1,global
161485,Decreasing,2025-1,global
161487,Decreasing,2025-1,global
161492,Decreasing,2025-1,global
161507,Decreasing,2025-1,global
161513,Decreasing,2025-1,global
161516,Decreasing,2025-1,global
161519,Decreasing,2025-1,global
161520,Decreasing,2025-1,global
161523,Decreasing,2025-1,global
161526,Decreasing,2025-1,global
161532,Decreasing,2025-1,global
161540,Decreasing,2025-1,global
161541,Decreasing,2025-1,global
161542,Decreasing,2025-1,global
161543,Decreasing,2025-1,global
161546,Decreasing,2025-1,global
161548,Decreasing,2025-1,global
161555,Decreasing,2025-1,global
161557,Decreasing,2025-1,global
161560,Decreasing,2025-1,global
161562,Decreasing,2025-1,global
161563,Decreasing,2025-1,global
161565,Decreasing,2025-1,global
161569,Decreasing,2025-1,global
169760690,Decreasing,2025-1,global
161571,Decreasing,2025-1,global
161575,Decreasing,2025-1,global
161576,Decreasing,2025-1,global
161586,Decreasing,2025-1,global
169236406,Decreasing,2025-1,global
161591,Decreasing,2025-1,global
161598,Decreasing,2025-1,global
161607,Decreasing,2025-1,global
161608,Decreasing,2025-1,global
161612,Decreasing,2025-1,global
161613,Decreasing,2025-1,global
161613,Decreasing,2025-1,arabian_sea
161615,Decreasing,2025-1,global
161616,Decreasing,2025-1,global
161618,Decreasing,2025-1,global
161620,Decreasing,2025-1,global
161621,Decreasing,2025-1,global
161624,Decreasing,2025-1,global
161630,Decreasing,2025-1,global
161631,Decreasing,2025-1,global
161633,Decreasing,2025-1,global
161636,Decreasing,2025-1,global
161639,Decreasing,2025-1,global
161643,Decreasing,2025-1,global
161644,Decreasing,2025-1,global
161645,Decreasing,2025-1,global
161652,Decreasing,2025-1,global
161659,Decreasing,2025-1,global
161662,Decreasing,2025-1,global
161667,Decreasing,2025-1,global
161669,Decreasing,2025-1,global
161675,Decreasing,2025-1,global
161679,Decreasing,2025-1,global
161680,Decreasing,2025-1,global
161685,Decreasing,2025-1,global
161689,Decreasing,2025-1,global
201098826,Decreasing,2025-1,global
161694,Decreasing,2025-1,global
161701,Decreasing,2025-1,global
161707,Decreasing,2025-1,global
161715,Decreasing,2025-1,global
161716,Decreasing,2025-1,global
169232956,Decreasing,2025-1,global
161725,Decreasing,2025-1,global
161729,Decreasing,2025-1,global
161730,Decreasing,2025-1,global
161733,Decreasing,2025-1,global
161735,Decreasing,2025-1,global
161738,Decreasing,2025-1,global
161740,Decreasing,2025-1,global
161741,Decreasing,2025-1,global
161744,Decreasing,2025-1,global
161745,Decreasing,2025-1,global
124488765,Decreasing,2025-1,global
161746,Decreasing,2025-1,global
161747,Decreasing,2025-1,global
161748,Decreasing,2025-1,global
195455,Decreasing,2025-1,global
195456,Decreasing,2025-1,global
14134429,Decreasing,2025-1,global
14134431,Decreasing,2025-1,global
42566169,Decreasing,2025-1,global
70682232,Decreasing,2025-1,global
91209505,Decreasing,2025-1,global
124396693,Decreasing,2025-1,global
11130,Decreasing,2025-1,global
22695121,Decreasing,2025-1,global
2811,Decreasing,2025-1,global
62290750,Decreasing,2025-1,global
41008,Decreasing,2025-1,global
133701,Decreasing,2025-1,global
133527,Decreasing,2025-1,global
133124,Decreasing,2025-1,global
22697369,Decreasing,2025-1,global
61334,Decreasing,2025-1,global
22686839,Decreasing,2025-1,global
155242,Decreasing,2025-1,global
22689032,Decreasing,2025-1,global
198707,Decreasing,2025-1,global
130391495,Decreasing,2025-1,global
130393378,Decreasing,2025-1,global
22685203,Decreasing,2025-1,global
183682,Decreasing,2025-1,global
154755,Decreasing,2025-1,global
49188668,Decreasing,2025-1,global
49217798,Decreasing,2025-1,global
49217962,Decreasing,2025-1,global
49218074,Decreasing,2025-1,global
22693185,Decreasing,2025-1,global
22696861,Decreasing,2025-1,global
22694585,Decreasing,2025-1,global
198709,Decreasing,2025-1,global
22696565,Decreasing,2025-1,global
22693928,Decreasing,2025-1,global
22694915,Decreasing,2025-1,global
22697789,Decreasing,2025-1,global
22679753,Decreasing,2025-1,global
22692073,Decreasing,2025-1,global
22692384,Decreasing,2025-1,global
22693868,Decreasing,2025-1,global
22694750,Decreasing,2025-1,global
22694837,Decreasing,2025-1,global
22694924,Decreasing,2025-1,global
22697695,Decreasing,2025-1,global
22697829,Decreasing,2025-1,global
102998555,Decreasing,2025-1,global
22678611,Decreasing,2025-1,global
22694629,Decreasing,2025-1,global
22696606,Decreasing,2025-1,global
22697365,Decreasing,2025-1,global
22710259,Decreasing,2025-1,global
103773898,Decreasing,2025-1,global
45354718,Decreasing,2025-1,global
22729000,Decreasing,2025-1,global
62155296,Decreasing,2025-1,global
22698017,Decreasing,2025-1,global
132341128,Decreasing,2025-1,global
132434704,Decreasing,2025-1,global
132438298,Decreasing,2025-1,global
132450926,Decreasing,2025-1,global
132468585,Decreasing,2025-1,global
22680038,Decreasing,2025-1,global
22680052,Decreasing,2025-1,global
22680398,Decreasing,2025-1,global
22680409,Decreasing,2025-1,global
22680415,Decreasing,2025-1,global
22680427,Decreasing,2025-1,global
22680441,Decreasing,2025-1,global
22694292,Decreasing,2025-1,global
22694303,Decreasing,2025-1,global
22694321,Decreasing,2025-1,global
22694436,Decreasing,2025-1,global
22694473,Decreasing,2025-1,global
22694502,Decreasing,2025-1,global
22694618,Decreasing,2025-1,global
22694673,Decreasing,2025-1,global
22694691,Decreasing,2025-1,global
22694722,Decreasing,2025-1,global
22694834,Decreasing,2025-1,global
22694867,Decreasing,2025-1,global
22694875,Decreasing,2025-1,global
22694896,Decreasing,2025-1,global
22694899,Decreasing,2025-1,global
22694927,Decreasing,2025-1,global
22696599,Decreasing,2025-1,global
22696668,Decreasing,2025-1,global
22696698,Decreasing,2025-1,global
22696766,Decreasing,2025-1,global
22696806,Decreasing,2025-1,global
22696907,Decreasing,2025-1,global
22697738,Decreasing,2025-1,global
22697834,Decreasing,2025-1,global
22697847,Decreasing,2025-1,global
22697888,Decreasing,2025-1,global
22697896,Decreasing,2025-1,global
22697913,Decreasing,2025-1,global
22697925,Decreasing,2025-1,global
22697935,Decreasing,2025-1,global
22697954,Decreasing,2025-1,global
22697963,Decreasing,2025-1,global
22697967,Decreasing,2025-1,global
22697970,Decreasing,2025-1,global
22697987,Decreasing,2025-1,global
22698012,Decreasing,2025-1,global
22698020,Decreasing,2025-1,global
22698027,Decreasing,2025-1,global
22698035,Decreasing,2025-1,global
22698055,Decreasing,2025-1,global
22698092,Decreasing,2025-1,global
22698106,Decreasing,2025-1,global
22698114,Decreasing,2025-1,global
22698140,Decreasing,2025-1,global
22698172,Decreasing,2025-1,global
22698175,Decreasing,2025-1,global
22698216,Decreasing,2025-1,global
22698230,Decreasing,2025-1,global
22698235,Decreasing,2025-1,global
22698249,Decreasing,2025-1,global
22698272,Decreasing,2025-1,global
22698288,Decreasing,2025-1,global
22698300,Decreasing,2025-1,global
22698305,Decreasing,2025-1,global
22698320,Decreasing,2025-1,global
22698398,Decreasing,2025-1,global
22698425,Decreasing,2025-1,global
22698431,Decreasing,2025-1,global
22698448,Decreasing,2025-1,global
22698453,Decreasing,2025-1,global
22698459,Decreasing,2025-1,global
22698465,Decreasing,2025-1,global
22698471,Decreasing,2025-1,global
22698496,Decreasing,2025-1,global
22698562,Decreasing,2025-1,global
22724845,Decreasing,2025-1,global
22728318,Decreasing,2025-1,global
22728323,Decreasing,2025-1,global
22728364,Decreasing,2025-1,global
22728372,Decreasing,2025-1,global
22728432,Decreasing,2025-1,global
22728442,Decreasing,2025-1,global
22729148,Decreasing,2025-1,global
22729421,Decreasing,2025-1,global
22729609,Decreasing,2025-1,global
22734194,Decreasing,2025-1,global
22736173,Decreasing,2025-1,global
45048812,Decreasing,2025-1,global
45048990,Decreasing,2025-1,global
45061132,Decreasing,2025-1,global
45959011,Decreasing,2025-1,global
45959182,Decreasing,2025-1,global
45959186,Decreasing,2025-1,global
62101215,Decreasing,2025-1,global
62289571,Decreasing,2025-1,global
195042,Decreasing,2025-1,global
22696887,Decreasing,2025-1,global
22696894,Decreasing,2025-1,global
22696810,Decreasing,2025-1,global
22696853,Decreasing,2025-1,global
22696898,Decreasing,2025-1,global
22696753,Decreasing,2025-1,global
161456,Decreasing,2025-1,global
161325,Decreasing,2025-1,global
161525,Decreasing,2025-1,global
161558,Decreasing,2025-1,global
182725,Decreasing,2025-1,global
182725,Decreasing,2025-1,pan-africa
182725,Decreasing,2025-1,western_africa
229,Decreasing,2025-1,global
232,Decreasing,2025-1,global
235,Decreasing,2025-1,global
10269,Decreasing,2025-1,global
11206,Decreasing,2025-1,global
11206,Decreasing,2025-1,europe
14214,Decreasing,2025-1,global
135525,Decreasing,2025-1,global
135658,Decreasing,2025-1,global
135658,Decreasing,2025-1,europe
135665,Decreasing,2025-1,global
153534,Decreasing,2025-1,global
153534,Decreasing,2025-1,mediterranean
22721058,Decreasing,2025-1,global
22680163,Decreasing,2025-1,global
22680174,Decreasing,2025-1,global
135644,Decreasing,2025-1,global
22721836,Decreasing,2025-1,global
135681,Decreasing,2025-1,global
22710886,Decreasing,2025-1,global
22717434,Decreasing,2025-1,global
22693178,Decreasing,2025-1,global
161480,Decreasing,2025-1,global
107605014,Decreasing,2025-1,global
161468,Decreasing,2025-1,global
141363430,Decreasing,2025-1,global
143616873,Decreasing,2025-1,global
166910,Decreasing,2025-1,global
187944,Decreasing,2025-1,global
75154879,Decreasing,2025-1,global
98471289,Decreasing,2025-1,global
98471433,Decreasing,2025-1,global
98842673,Decreasing,2025-1,global
98894402,Decreasing,2025-1,global
98895427,Decreasing,2025-1,global
144137478,Decreasing,2025-1,global
144151831,Decreasing,2025-1,global
144161826,Decreasing,2025-1,global
144163683,Decreasing,2025-1,global
198731,Decreasing,2025-1,global
195409,Decreasing,2025-1,global
10268,Decreasing,2025-1,global
147658654,Decreasing,2025-1,global
10097,Decreasing,2025-1,global
18227054,Decreasing,2025-1,global
21309,Decreasing,2025-1,global
20200,Decreasing,2025-1,global
149844673,Decreasing,2025-1,global
218650505,Decreasing,2025-1,global
14051,Decreasing,2025-1,global
60181,Decreasing,2025-1,global
44575,Decreasing,2025-1,global
170501,Decreasing,2025-1,global
233987400,Decreasing,2025-1,global
152501278,Decreasing,2025-1,global
22693414,Decreasing,2025-1,global
22680373,Decreasing,2025-1,global
22697997,Decreasing,2025-1,global
22698084,Decreasing,2025-1,global
132467692,Decreasing,2025-1,global
60344,Decreasing,2025-1,global
62026481,Decreasing,2025-1,global
22680247,Decreasing,2025-1,global
22693862,Decreasing,2025-1,global
22680301,Decreasing,2025-1,global
22696916,Decreasing,2025-1,global
22693363,Decreasing,2025-1,global
22695163,Decreasing,2025-1,global
22698209,Decreasing,2025-1,global
22693356,Decreasing,2025-1,global
22718556,Decreasing,2025-1,global
22694443,Decreasing,2025-1,global
22679770,Decreasing,2025-1,global
22693369,Decreasing,2025-1,global
230026276,Decreasing,2025-1,global
22693452,Decreasing,2025-1,global
156749008,Decreasing,2025-1,global
22697031,Decreasing,2025-1,global
22694705,Decreasing,2025-1,global
22693613,Decreasing,2025-1,global
155187102,Decreasing,2025-1,global
22693632,Decreasing,2025-1,global
22718575,Decreasing,2025-1,global
22698188,Decreasing,2025-1,global
22694656,Decreasing,2025-1,global
22694666,Decreasing,2025-1,global
22693359,Decreasing,2025-1,global
22727487,Decreasing,2025-1,global
22693759,Decreasing,2025-1,global
22694787,Decreasing,2025-1,global
22693251,Decreasing,2025-1,global
22697211,Decreasing,2025-1,global
22696802,Decreasing,2025-1,global
22693490,Decreasing,2025-1,global
22697422,Decreasing,2025-1,global
22693735,Decreasing,2025-1,global
22698267,Decreasing,2025-1,global
22696545,Decreasing,2025-1,global
62030590,Decreasing,2025-1,global
22694497,Decreasing,2025-1,global
22694607,Decreasing,2025-1,global
22694685,Decreasing,2025-1,global
22728950,Decreasing,2025-1,global
135567,Decreasing,2025-1,global
22696637,Decreasing,2025-1,global
22698567,Decreasing,2025-1,global
22698543,Decreasing,2025-1,global
244,Decreasing,2025-1,global
22697822,Decreasing,2025-1,global
22697752,Decreasing,2025-1,global
158624882,Decreasing,2025-1,global
158625391,Decreasing,2025-1,global
158625557,Decreasing,2025-1,global
158625699,Decreasing,2025-1,global
158626318,Decreasing,2025-1,global
158631336,Decreasing,2025-1,global
158631834,Decreasing,2025-1,global
158632261,Decreasing,2025-1,global
158632464,Decreasing,2025-1,global
158632797,Decreasing,2025-1,global
158633070,Decreasing,2025-1,global
158633105,Decreasing,2025-1,global
158637142,Decreasing,2025-1,global
158637179,Decreasing,2025-1,global
158637216,Decreasing,2025-1,global
158637499,Decreasing,2025-1,global
158637575,Decreasing,2025-1,global
158637880,Decreasing,2025-1,global
158882918,Decreasing,2025-1,global
159100532,Decreasing,2025-1,global
159145328,Decreasing,2025-1,global
159145751,Decreasing,2025-1,global
159100452,Decreasing,2025-1,global
195021,Decreasing,2025-1,global
195078,Decreasing,2025-1,global
159636718,Decreasing,2025-1,global
169628,Decreasing,2025-1,global
159720395,Decreasing,2025-1,global
160075998,Decreasing,2025-1,global
160075998,Decreasing,2025-1,mediterranean
122183815,Decreasing,2025-1,global
6909,Decreasing,2025-1,global
12416,Decreasing,2025-1,global
162209834,Decreasing,2025-1,global
18214757,Decreasing,2025-1,global
18214783,Decreasing,2025-1,global
17710,Decreasing,2025-1,global
162207827,Decreasing,2025-1,global
22683649,Decreasing,2025-1,global
22683658,Decreasing,2025-1,global
22733979,Decreasing,2025-1,global
22693842,Decreasing,2025-1,global
22728990,Decreasing,2025-1,global
22697733,Decreasing,2025-1,global
22694799,Decreasing,2025-1,global
22696645,Decreasing,2025-1,global
22696641,Decreasing,2025-1,global
1793,Decreasing,2025-1,global
12421,Decreasing,2025-1,global
12427,Decreasing,2025-1,global
44166,Decreasing,2025-1,global
195089,Decreasing,2025-1,global
195087,Decreasing,2025-1,global
195088,Decreasing,2025-1,global
132859,Decreasing,2025-1,global
132860,Decreasing,2025-1,global
132861,Decreasing,2025-1,global
132864,Decreasing,2025-1,global
132865,Decreasing,2025-1,global
132866,Decreasing,2025-1,global
132868,Decreasing,2025-1,global
132869,Decreasing,2025-1,global
132870,Decreasing,2025-1,global
132871,Decreasing,2025-1,global
132872,Decreasing,2025-1,global
132873,Decreasing,2025-1,global
132874,Decreasing,2025-1,global
132875,Decreasing,2025-1,global
132876,Decreasing,2025-1,global
132877,Decreasing,2025-1,global
132878,Decreasing,2025-1,global
132879,Decreasing,2025-1,global
132880,Decreasing,2025-1,global
132881,Decreasing,2025-1,global
132882,Decreasing,2025-1,global
132883,Decreasing,2025-1,global
132884,Decreasing,2025-1,global
132885,Decreasing,2025-1,global
132887,Decreasing,2025-1,global
132888,Decreasing,2025-1,global
132889,Decreasing,2025-1,global
132890,Decreasing,2025-1,global
132891,Decreasing,2025-1,global
132892,Decreasing,2025-1,global
132893,Decreasing,2025-1,global
132894,Decreasing,2025-1,global
132895,Decreasing,2025-1,global
132896,Decreasing,2025-1,global
132897,Decreasing,2025-1,global
132898,Decreasing,2025-1,global
132899,Decreasing,2025-1,global
132900,Decreasing,2025-1,global
132901,Decreasing,2025-1,global
132903,Decreasing,2025-1,global
132904,Decreasing,2025-1,global
132905,Decreasing,2025-1,global
132907,Decreasing,2025-1,global
132909,Decreasing,2025-1,global
132910,Decreasing,2025-1,global
132911,Decreasing,2025-1,global
132912,Decreasing,2025-1,global
132913,Decreasing,2025-1,global
132916,Decreasing,2025-1,global
132917,Decreasing,2025-1,global
132918,Decreasing,2025-1,global
132919,Decreasing,2025-1,global
132920,Decreasing,2025-1,global
132921,Decreasing,2025-1,global
132922,Decreasing,2025-1,global
132923,Decreasing,2025-1,global
132924,Decreasing,2025-1,global
132925,Decreasing,2025-1,global
132926,Decreasing,2025-1,global
132927,Decreasing,2025-1,global
132928,Decreasing,2025-1,global
132929,Decreasing,2025-1,global
132930,Decreasing,2025-1,global
132931,Decreasing,2025-1,global
132932,Decreasing,2025-1,global
132933,Decreasing,2025-1,global
132934,Decreasing,2025-1,global
132935,Decreasing,2025-1,global
132936,Decreasing,2025-1,global
132937,Decreasing,2025-1,global
132938,Decreasing,2025-1,global
132939,Decreasing,2025-1,global
132940,Decreasing,2025-1,global
132942,Decreasing,2025-1,global
132943,Decreasing,2025-1,global
132944,Decreasing,2025-1,global
132947,Decreasing,2025-1,global
132948,Decreasing,2025-1,global
132949,Decreasing,2025-1,global
132953,Decreasing,2025-1,global
132954,Decreasing,2025-1,global
132955,Decreasing,2025-1,global
132956,Decreasing,2025-1,global
132957,Decreasing,2025-1,global
132958,Decreasing,2025-1,global
132959,Decreasing,2025-1,global
132962,Decreasing,2025-1,global
132964,Decreasing,2025-1,global
132965,Decreasing,2025-1,global
132967,Decreasing,2025-1,global
132968,Decreasing,2025-1,global
132969,Decreasing,2025-1,global
132970,Decreasing,2025-1,global
132971,Decreasing,2025-1,global
132972,Decreasing,2025-1,global
132973,Decreasing,2025-1,global
132974,Decreasing,2025-1,global
132976,Decreasing,2025-1,global
132977,Decreasing,2025-1,global
132978,Decreasing,2025-1,global
132979,Decreasing,2025-1,global
132980,Decreasing,2025-1,global
132981,Decreasing,2025-1,global
132983,Decreasing,2025-1,global
132984,Decreasing,2025-1,global
132985,Decreasing,2025-1,global
132986,Decreasing,2025-1,global
132987,Decreasing,2025-1,global
132988,Decreasing,2025-1,global
132990,Decreasing,2025-1,global
132991,Decreasing,2025-1,global
254273303,Decreasing,2025-1,global
132993,Decreasing,2025-1,global
132994,Decreasing,2025-1,global
132995,Decreasing,2025-1,global
132996,Decreasing,2025-1,global
132997,Decreasing,2025-1,global
254415904,Decreasing,2025-1,global
133001,Decreasing,2025-1,global
133002,Decreasing,2025-1,global
133003,Decreasing,2025-1,global
133005,Decreasing,2025-1,global
133006,Decreasing,2025-1,global
133007,Decreasing,2025-1,global
133008,Decreasing,2025-1,global
133009,Decreasing,2025-1,global
133010,Decreasing,2025-1,global
133011,Decreasing,2025-1,global
133012,Decreasing,2025-1,global
133013,Decreasing,2025-1,global
133014,Decreasing,2025-1,global
133015,Decreasing,2025-1,global
133016,Decreasing,2025-1,global
133019,Decreasing,2025-1,global
254262414,Decreasing,2025-1,global
213491657,Decreasing,2025-1,global
133022,Decreasing,2025-1,global
133023,Decreasing,2025-1,global
133024,Decreasing,2025-1,global
133025,Decreasing,2025-1,global
133026,Decreasing,2025-1,global
133028,Decreasing,2025-1,global
133029,Decreasing,2025-1,global
133031,Decreasing,2025-1,global
133032,Decreasing,2025-1,global
133033,Decreasing,2025-1,global
133034,Decreasing,2025-1,global
133036,Decreasing,2025-1,global
133038,Decreasing,2025-1,global
133039,Decreasing,2025-1,global
133040,Decreasing,2025-1,global
133041,Decreasing,2025-1,global
133043,Decreasing,2025-1,global
133044,Decreasing,2025-1,global
133045,Decreasing,2025-1,global
133046,Decreasing,2025-1,global
133048,Decreasing,2025-1,global
133049,Decreasing,2025-1,global
133051,Decreasing,2025-1,global
133052,Decreasing,2025-1,global
133053,Decreasing,2025-1,global
133054,Decreasing,2025-1,global
133055,Decreasing,2025-1,global
133056,Decreasing,2025-1,global
133057,Decreasing,2025-1,global
133058,Decreasing,2025-1,global
133059,Decreasing,2025-1,global
133060,Decreasing,2025-1,global
133063,Decreasing,2025-1,global
133064,Decreasing,2025-1,global
133066,Decreasing,2025-1,global
133067,Decreasing,2025-1,global
133068,Decreasing,2025-1,global
133069,Decreasing,2025-1,global
133070,Decreasing,2025-1,global
133071,Decreasing,2025-1,global
133072,Decreasing,2025-1,global
133074,Decreasing,2025-1,global
133075,Decreasing,2025-1,global
133076,Decreasing,2025-1,global
133077,Decreasing,2025-1,global
133078,Decreasing,2025-1,global
133079,Decreasing,2025-1,global
213547584,Decreasing,2025-1,global
133081,Decreasing,2025-1,global
133082,Decreasing,2025-1,global
133083,Decreasing,2025-1,global
133084,Decreasing,2025-1,global
133085,Decreasing,2025-1,global
133086,Decreasing,2025-1,global
133087,Decreasing,2025-1,global
133088,Decreasing,2025-1,global
133089,Decreasing,2025-1,global
254419719,Decreasing,2025-1,global
133091,Decreasing,2025-1,global
133092,Decreasing,2025-1,global
133093,Decreasing,2025-1,global
219646279,Decreasing,2025-1,global
133095,Decreasing,2025-1,global
133096,Decreasing,2025-1,global
133098,Decreasing,2025-1,global
133099,Decreasing,2025-1,global
133101,Decreasing,2025-1,global
133102,Decreasing,2025-1,global
133105,Decreasing,2025-1,global
133107,Decreasing,2025-1,global
133108,Decreasing,2025-1,global
133109,Decreasing,2025-1,global
133110,Decreasing,2025-1,global
133111,Decreasing,2025-1,global
133112,Decreasing,2025-1,global
133113,Decreasing,2025-1,global
133114,Decreasing,2025-1,global
133115,Decreasing,2025-1,global
133116,Decreasing,2025-1,global
133117,Decreasing,2025-1,global
133118,Decreasing,2025-1,global
133120,Decreasing,2025-1,global
133123,Decreasing,2025-1,global
133125,Decreasing,2025-1,global
133126,Decreasing,2025-1,global
133127,Decreasing,2025-1,global
133128,Decreasing,2025-1,global
133129,Decreasing,2025-1,global
133131,Decreasing,2025-1,global
133132,Decreasing,2025-1,global
133134,Decreasing,2025-1,global
133136,Decreasing,2025-1,global
133137,Decreasing,2025-1,global
133139,Decreasing,2025-1,global
133142,Decreasing,2025-1,global
133145,Decreasing,2025-1,global
133146,Decreasing,2025-1,global
133147,Decreasing,2025-1,global
133148,Decreasing,2025-1,global
133149,Decreasing,2025-1,global
133150,Decreasing,2025-1,global
133151,Decreasing,2025-1,global
133152,Decreasing,2025-1,global
133154,Decreasing,2025-1,global
133155,Decreasing,2025-1,global
133156,Decreasing,2025-1,global
133157,Decreasing,2025-1,global
133158,Decreasing,2025-1,global
254277149,Decreasing,2025-1,global
133161,Decreasing,2025-1,global
133162,Decreasing,2025-1,global
133163,Decreasing,2025-1,global
133164,Decreasing,2025-1,global
133166,Decreasing,2025-1,global
133167,Decreasing,2025-1,global
133168,Decreasing,2025-1,global
133169,Decreasing,2025-1,global
133170,Decreasing,2025-1,global
133171,Decreasing,2025-1,global
133172,Decreasing,2025-1,global
133173,Decreasing,2025-1,global
133174,Decreasing,2025-1,global
133175,Decreasing,2025-1,global
133176,Decreasing,2025-1,global
133177,Decreasing,2025-1,global
133178,Decreasing,2025-1,global
133179,Decreasing,2025-1,global
133180,Decreasing,2025-1,global
133181,Decreasing,2025-1,global
133182,Decreasing,2025-1,global
133183,Decreasing,2025-1,global
133184,Decreasing,2025-1,global
133185,Decreasing,2025-1,global
133186,Decreasing,2025-1,global
133187,Decreasing,2025-1,global
133188,Decreasing,2025-1,global
133190,Decreasing,2025-1,global
133191,Decreasing,2025-1,global
133192,Decreasing,2025-1,global
133194,Decreasing,2025-1,global
133196,Decreasing,2025-1,global
254422741,Decreasing,2025-1,global
133198,Decreasing,2025-1,global
133199,Decreasing,2025-1,global
133200,Decreasing,2025-1,global
133201,Decreasing,2025-1,global
133202,Decreasing,2025-1,global
133203,Decreasing,2025-1,global
133205,Decreasing,2025-1,global
133206,Decreasing,2025-1,global
254274183,Decreasing,2025-1,global
219646070,Decreasing,2025-1,global
133209,Decreasing,2025-1,global
133210,Decreasing,2025-1,global
133211,Decreasing,2025-1,global
133213,Decreasing,2025-1,global
133215,Decreasing,2025-1,global
133216,Decreasing,2025-1,global
133218,Decreasing,2025-1,global
133219,Decreasing,2025-1,global
133220,Decreasing,2025-1,global
133222,Decreasing,2025-1,global
133223,Decreasing,2025-1,global
133224,Decreasing,2025-1,global
133225,Decreasing,2025-1,global
133226,Decreasing,2025-1,global
133227,Decreasing,2025-1,global
133228,Decreasing,2025-1,global
133229,Decreasing,2025-1,global
133230,Decreasing,2025-1,global
133231,Decreasing,2025-1,global
133232,Decreasing,2025-1,global
133233,Decreasing,2025-1,global
133234,Decreasing,2025-1,global
133235,Decreasing,2025-1,global
133236,Decreasing,2025-1,global
133238,Decreasing,2025-1,global
133239,Decreasing,2025-1,global
133240,Decreasing,2025-1,global
133242,Decreasing,2025-1,global
133243,Decreasing,2025-1,global
133244,Decreasing,2025-1,global
133245,Decreasing,2025-1,global
133246,Decreasing,2025-1,global
133247,Decreasing,2025-1,global
254271535,Decreasing,2025-1,global
133249,Decreasing,2025-1,global
254415453,Decreasing,2025-1,global
133251,Decreasing,2025-1,global
133252,Decreasing,2025-1,global
133253,Decreasing,2025-1,global
133254,Decreasing,2025-1,global
133255,Decreasing,2025-1,global
133256,Decreasing,2025-1,global
133257,Decreasing,2025-1,global
133258,Decreasing,2025-1,global
133259,Decreasing,2025-1,global
133260,Decreasing,2025-1,global
133261,Decreasing,2025-1,global
133262,Decreasing,2025-1,global
133263,Decreasing,2025-1,global
133264,Decreasing,2025-1,global
133267,Decreasing,2025-1,global
133268,Decreasing,2025-1,global
133269,Decreasing,2025-1,global
133270,Decreasing,2025-1,global
254416531,Decreasing,2025-1,global
133272,Decreasing,2025-1,global
133277,Decreasing,2025-1,global
133281,Decreasing,2025-1,global
133282,Decreasing,2025-1,global
133283,Decreasing,2025-1,global
254265312,Decreasing,2025-1,global
133285,Decreasing,2025-1,global
133287,Decreasing,2025-1,global
133288,Decreasing,2025-1,global
133289,Decreasing,2025-1,global
133290,Decreasing,2025-1,global
133291,Decreasing,2025-1,global
254416750,Decreasing,2025-1,global
254348980,Decreasing,2025-1,global
133294,Decreasing,2025-1,global
133295,Decreasing,2025-1,global
133296,Decreasing,2025-1,global
133297,Decreasing,2025-1,global
133298,Decreasing,2025-1,global
133299,Decreasing,2025-1,global
133301,Decreasing,2025-1,global
133302,Decreasing,2025-1,global
133303,Decreasing,2025-1,global
133304,Decreasing,2025-1,global
133305,Decreasing,2025-1,global
133306,Decreasing,2025-1,global
133307,Decreasing,2025-1,global
133308,Decreasing,2025-1,global
133310,Decreasing,2025-1,global
133311,Decreasing,2025-1,global
133313,Decreasing,2025-1,global
133314,Decreasing,2025-1,global
133315,Decreasing,2025-1,global
133316,Decreasing,2025-1,global
133317,Decreasing,2025-1,global
254351183,Decreasing,2025-1,global
133320,Decreasing,2025-1,global
133321,Decreasing,2025-1,global
133322,Decreasing,2025-1,global
133323,Decreasing,2025-1,global
254412648,Decreasing,2025-1,global
133325,Decreasing,2025-1,global
133326,Decreasing,2025-1,global
133327,Decreasing,2025-1,global
133329,Decreasing,2025-1,global
133330,Decreasing,2025-1,global
133332,Decreasing,2025-1,global
133333,Decreasing,2025-1,global
133335,Decreasing,2025-1,global
133336,Decreasing,2025-1,global
133337,Decreasing,2025-1,global
254371879,Decreasing,2025-1,global
133339,Decreasing,2025-1,global
133340,Decreasing,2025-1,global
133341,Decreasing,2025-1,global
133342,Decreasing,2025-1,global
133343,Decreasing,2025-1,global
133345,Decreasing,2025-1,global
133346,Decreasing,2025-1,global
133348,Decreasing,2025-1,global
133349,Decreasing,2025-1,global
133351,Decreasing,2025-1,global
133354,Decreasing,2025-1,global
133356,Decreasing,2025-1,global
133357,Decreasing,2025-1,global
133358,Decreasing,2025-1,global
133359,Decreasing,2025-1,global
133360,Decreasing,2025-1,global
133361,Decreasing,2025-1,global
133364,Decreasing,2025-1,global
133365,Decreasing,2025-1,global
133366,Decreasing,2025-1,global
133367,Decreasing,2025-1,global
133368,Decreasing,2025-1,global
133369,Decreasing,2025-1,global
133370,Decreasing,2025-1,global
133371,Decreasing,2025-1,global
133372,Decreasing,2025-1,global
133373,Decreasing,2025-1,global
133374,Decreasing,2025-1,global
133375,Decreasing,2025-1,global
133376,Decreasing,2025-1,global
133377,Decreasing,2025-1,global
133378,Decreasing,2025-1,global
133380,Decreasing,2025-1,global
133381,Decreasing,2025-1,global
133382,Decreasing,2025-1,global
133383,Decreasing,2025-1,global
133384,Decreasing,2025-1,global
133386,Decreasing,2025-1,global
133387,Decreasing,2025-1,global
133389,Decreasing,2025-1,global
133390,Decreasing,2025-1,global
133391,Decreasing,2025-1,global
133392,Decreasing,2025-1,global
133394,Decreasing,2025-1,global
133396,Decreasing,2025-1,global
133397,Decreasing,2025-1,global
133398,Decreasing,2025-1,global
133399,Decreasing,2025-1,global
133400,Decreasing,2025-1,global
133401,Decreasing,2025-1,global
133402,Decreasing,2025-1,global
133403,Decreasing,2025-1,global
133404,Decreasing,2025-1,global
133405,Decreasing,2025-1,global
133406,Decreasing,2025-1,global
133408,Decreasing,2025-1,global
133409,Decreasing,2025-1,global
133410,Decreasing,2025-1,global
254420754,Decreasing,2025-1,global
133412,Decreasing,2025-1,global
133413,Decreasing,2025-1,global
133414,Decreasing,2025-1,global
133415,Decreasing,2025-1,global
133416,Decreasing,2025-1,global
133417,Decreasing,2025-1,global
133418,Decreasing,2025-1,global
133419,Decreasing,2025-1,global
133420,Decreasing,2025-1,global
133422,Decreasing,2025-1,global
133423,Decreasing,2025-1,global
133424,Decreasing,2025-1,global
133426,Decreasing,2025-1,global
133427,Decreasing,2025-1,global
133428,Decreasing,2025-1,global
133429,Decreasing,2025-1,global
133430,Decreasing,2025-1,global
133431,Decreasing,2025-1,global
133432,Decreasing,2025-1,global
133433,Decreasing,2025-1,global
133434,Decreasing,2025-1,global
133437,Decreasing,2025-1,global
133438,Decreasing,2025-1,global
133439,Decreasing,2025-1,global
133440,Decreasing,2025-1,global
133441,Decreasing,2025-1,global
133442,Decreasing,2025-1,global
133443,Decreasing,2025-1,global
133445,Decreasing,2025-1,global
133447,Decreasing,2025-1,global
133448,Decreasing,2025-1,global
133450,Decreasing,2025-1,global
133451,Decreasing,2025-1,global
254266197,Decreasing,2025-1,global
133453,Decreasing,2025-1,global
133454,Decreasing,2025-1,global
133456,Decreasing,2025-1,global
133457,Decreasing,2025-1,global
133458,Decreasing,2025-1,global
133459,Decreasing,2025-1,global
133460,Decreasing,2025-1,global
133461,Decreasing,2025-1,global
133462,Decreasing,2025-1,global
133463,Decreasing,2025-1,global
133464,Decreasing,2025-1,global
133467,Decreasing,2025-1,global
133468,Decreasing,2025-1,global
133469,Decreasing,2025-1,global
133470,Decreasing,2025-1,global
133471,Decreasing,2025-1,global
133472,Decreasing,2025-1,global
133473,Decreasing,2025-1,global
133474,Decreasing,2025-1,global
133477,Decreasing,2025-1,global
133478,Decreasing,2025-1,global
218764304,Decreasing,2025-1,global
133481,Decreasing,2025-1,global
133482,Decreasing,2025-1,global
133484,Decreasing,2025-1,global
133485,Decreasing,2025-1,global
133486,Decreasing,2025-1,global
133488,Decreasing,2025-1,global
133489,Decreasing,2025-1,global
133490,Decreasing,2025-1,global
133491,Decreasing,2025-1,global
133492,Decreasing,2025-1,global
133493,Decreasing,2025-1,global
133494,Decreasing,2025-1,global
133495,Decreasing,2025-1,global
133496,Decreasing,2025-1,global
133497,Decreasing,2025-1,global
133498,Decreasing,2025-1,global
133499,Decreasing,2025-1,global
133500,Decreasing,2025-1,global
133501,Decreasing,2025-1,global
133503,Decreasing,2025-1,global
133505,Decreasing,2025-1,global
133506,Decreasing,2025-1,global
133508,Decreasing,2025-1,global
133509,Decreasing,2025-1,global
133510,Decreasing,2025-1,global
133512,Decreasing,2025-1,global
133513,Decreasing,2025-1,global
133515,Decreasing,2025-1,global
133516,Decreasing,2025-1,global
133519,Decreasing,2025-1,global
133520,Decreasing,2025-1,global
133521,Decreasing,2025-1,global
133522,Decreasing,2025-1,global
133523,Decreasing,2025-1,global
133524,Decreasing,2025-1,global
133525,Decreasing,2025-1,global
133526,Decreasing,2025-1,global
133528,Decreasing,2025-1,global
133529,Decreasing,2025-1,global
133530,Decreasing,2025-1,global
133531,Decreasing,2025-1,global
133532,Decreasing,2025-1,global
133534,Decreasing,2025-1,global
133535,Decreasing,2025-1,global
133537,Decreasing,2025-1,global
133538,Decreasing,2025-1,global
133539,Decreasing,2025-1,global
133540,Decreasing,2025-1,global
133542,Decreasing,2025-1,global
133543,Decreasing,2025-1,global
133545,Decreasing,2025-1,global
133546,Decreasing,2025-1,global
133547,Decreasing,2025-1,global
133548,Decreasing,2025-1,global
133549,Decreasing,2025-1,global
133550,Decreasing,2025-1,global
133551,Decreasing,2025-1,global
133552,Decreasing,2025-1,global
133554,Decreasing,2025-1,global
133555,Decreasing,2025-1,global
133556,Decreasing,2025-1,global
133557,Decreasing,2025-1,global
133558,Decreasing,2025-1,global
133559,Decreasing,2025-1,global
133560,Decreasing,2025-1,global
133561,Decreasing,2025-1,global
133562,Decreasing,2025-1,global
133563,Decreasing,2025-1,global
133565,Decreasing,2025-1,global
133566,Decreasing,2025-1,global
133567,Decreasing,2025-1,global
133568,Decreasing,2025-1,global
133569,Decreasing,2025-1,global
219646182,Decreasing,2025-1,global
133571,Decreasing,2025-1,global
133572,Decreasing,2025-1,global
133573,Decreasing,2025-1,global
218764849,Decreasing,2025-1,global
133577,Decreasing,2025-1,global
133579,Decreasing,2025-1,global
133581,Decreasing,2025-1,global
133582,Decreasing,2025-1,global
133583,Decreasing,2025-1,global
133585,Decreasing,2025-1,global
133586,Decreasing,2025-1,global
133587,Decreasing,2025-1,global
133588,Decreasing,2025-1,global
133589,Decreasing,2025-1,global
133590,Decreasing,2025-1,global
133593,Decreasing,2025-1,global
133597,Decreasing,2025-1,global
133598,Decreasing,2025-1,global
133599,Decreasing,2025-1,global
133600,Decreasing,2025-1,global
133601,Decreasing,2025-1,global
213549931,Decreasing,2025-1,global
133604,Decreasing,2025-1,global
133605,Decreasing,2025-1,global
133606,Decreasing,2025-1,global
133608,Decreasing,2025-1,global
133609,Decreasing,2025-1,global
133613,Decreasing,2025-1,global
133614,Decreasing,2025-1,global
133615,Decreasing,2025-1,global
133616,Decreasing,2025-1,global
133617,Decreasing,2025-1,global
133619,Decreasing,2025-1,global
133620,Decreasing,2025-1,global
133621,Decreasing,2025-1,global
133622,Decreasing,2025-1,global
133623,Decreasing,2025-1,global
133624,Decreasing,2025-1,global
133628,Decreasing,2025-1,global
133629,Decreasing,2025-1,global
133630,Decreasing,2025-1,global
133633,Decreasing,2025-1,global
133634,Decreasing,2025-1,global
133635,Decreasing,2025-1,global
133636,Decreasing,2025-1,global
133637,Decreasing,2025-1,global
133638,Decreasing,2025-1,global
133640,Decreasing,2025-1,global
133641,Decreasing,2025-1,global
133642,Decreasing,2025-1,global
133643,Decreasing,2025-1,global
133645,Decreasing,2025-1,global
133646,Decreasing,2025-1,global
133647,Decreasing,2025-1,global
133648,Decreasing,2025-1,global
219410503,Decreasing,2025-1,global
133650,Decreasing,2025-1,global
133651,Decreasing,2025-1,global
133652,Decreasing,2025-1,global
133654,Decreasing,2025-1,global
133656,Decreasing,2025-1,global
133659,Decreasing,2025-1,global
133660,Decreasing,2025-1,global
133661,Decreasing,2025-1,global
133662,Decreasing,2025-1,global
133664,Decreasing,2025-1,global
133665,Decreasing,2025-1,global
218761650,Decreasing,2025-1,global
133667,Decreasing,2025-1,global
133668,Decreasing,2025-1,global
133669,Decreasing,2025-1,global
133670,Decreasing,2025-1,global
133673,Decreasing,2025-1,global
133674,Decreasing,2025-1,global
133675,Decreasing,2025-1,global
133679,Decreasing,2025-1,global
133682,Decreasing,2025-1,global
133683,Decreasing,2025-1,global
133684,Decreasing,2025-1,global
133685,Decreasing,2025-1,global
133687,Decreasing,2025-1,global
133688,Decreasing,2025-1,global
133689,Decreasing,2025-1,global
133690,Decreasing,2025-1,global
133693,Decreasing,2025-1,global
133695,Decreasing,2025-1,global
133696,Decreasing,2025-1,global
133697,Decreasing,2025-1,global
133698,Decreasing,2025-1,global
133699,Decreasing,2025-1,global
133700,Decreasing,2025-1,global
133702,Decreasing,2025-1,global
195215,Decreasing,2025-1,global
22679954,Decreasing,2025-1,europe
22680157,Decreasing,2025-1,europe
22680247,Decreasing,2025-1,europe
22680301,Decreasing,2025-1,europe
22680313,Decreasing,2025-1,europe
22680358,Decreasing,2025-1,europe
22680391,Decreasing,2025-1,europe
22680398,Decreasing,2025-1,europe
22680405,Decreasing,2025-1,europe
22680427,Decreasing,2025-1,europe
22680455,Decreasing,2025-1,europe
22680485,Decreasing,2025-1,europe
22683027,Decreasing,2025-1,europe
22683645,Decreasing,2025-1,europe
22692907,Decreasing,2025-1,europe
22692913,Decreasing,2025-1,europe
22693190,Decreasing,2025-1,europe
22693211,Decreasing,2025-1,europe
22693216,Decreasing,2025-1,europe
22693251,Decreasing,2025-1,europe
22693264,Decreasing,2025-1,europe
22693336,Decreasing,2025-1,europe
22693363,Decreasing,2025-1,europe
22693464,Decreasing,2025-1,europe
22693468,Decreasing,2025-1,europe
22693712,Decreasing,2025-1,europe
22693770,Decreasing,2025-1,europe
22693862,Decreasing,2025-1,europe
22693949,Decreasing,2025-1,europe
22694245,Decreasing,2025-1,europe
22694313,Decreasing,2025-1,europe
22694420,Decreasing,2025-1,europe
22694443,Decreasing,2025-1,europe
22694473,Decreasing,2025-1,europe
22694497,Decreasing,2025-1,europe
22694656,Decreasing,2025-1,europe
22694847,Decreasing,2025-1,europe
22694927,Decreasing,2025-1,europe
22696453,Decreasing,2025-1,europe
22696495,Decreasing,2025-1,europe
22696599,Decreasing,2025-1,europe
22696610,Decreasing,2025-1,europe
22696894,Decreasing,2025-1,europe
22696993,Decreasing,2025-1,europe
22697834,Decreasing,2025-1,europe
22697866,Decreasing,2025-1,europe
22698453,Decreasing,2025-1,europe
22716984,Decreasing,2025-1,europe
22717383,Decreasing,2025-1,europe
22718556,Decreasing,2025-1,europe
22718571,Decreasing,2025-1,europe
22724836,Decreasing,2025-1,europe
22725846,Decreasing,2025-1,europe
22727487,Decreasing,2025-1,europe
22728432,Decreasing,2025-1,europe
45959182,Decreasing,2025-1,europe
62030608,Decreasing,2025-1,europe
62120190,Decreasing,2025-1,europe
22694906,Decreasing,2025-1,global
22694921,Decreasing,2025-1,global
22694918,Decreasing,2025-1,global
22694931,Decreasing,2025-1,global
22683652,Decreasing,2025-1,global
22698557,Decreasing,2025-1,global
22697724,Decreasing,2025-1,global
22696683,Decreasing,2025-1,global
22696694,Decreasing,2025-1,global
169229426,Decreasing,2025-1,global
169233669,Decreasing,2025-1,global
169234837,Decreasing,2025-1,global
169234885,Decreasing,2025-1,global
169236848,Decreasing,2025-1,global
169755340,Decreasing,2025-1,global
144162654,Decreasing,2025-1,global
20047,Decreasing,2025-1,global
170309,Decreasing,2025-1,global
170318,Decreasing,2025-1,global
170324,Decreasing,2025-1,global
170341,Decreasing,2025-1,global
170346,Decreasing,2025-1,global
170354,Decreasing,2025-1,global
170356,Decreasing,2025-1,global
170754156,Decreasing,2025-1,global
170754156,Decreasing,2025-1,europe
39365,Decreasing,2025-1,global
39366,Decreasing,2025-1,global
41737,Decreasing,2025-1,global
161376,Decreasing,2025-1,global
41831,Decreasing,2025-1,global
41836,Decreasing,2025-1,global
41851,Decreasing,2025-1,global
39384,Decreasing,2025-1,global
41835,Decreasing,2025-1,global
161695,Decreasing,2025-1,global
161506,Decreasing,2025-1,global
10722,Decreasing,2025-1,global
14562,Decreasing,2025-1,global
167006,Decreasing,2025-1,global
191823,Decreasing,2025-1,global
107605000,Decreasing,2025-1,global
161566,Decreasing,2025-1,global
104208524,Decreasing,2025-1,global
161547,Decreasing,2025-1,global
195474,Decreasing,2025-1,global
22698159,Decreasing,2025-1,global
22727255,Decreasing,2025-1,global
176485629,Decreasing,2025-1,global
176486023,Decreasing,2025-1,global
176486152,Decreasing,2025-1,global
176486201,Decreasing,2025-1,global
176486239,Decreasing,2025-1,global
176486255,Decreasing,2025-1,global
176486271,Decreasing,2025-1,global
166184,Decreasing,2025-1,global
176549691,Decreasing,2025-1,global
230406023,Decreasing,2025-1,global
176559231,Decreasing,2025-1,global
13852,Decreasing,2025-1,global
185152,Decreasing,2025-1,global
176988285,Decreasing,2025-1,global
39328,Decreasing,2025-1,global
177429528,Decreasing,2025-1,global
1086,Decreasing,2025-1,global
161660,Decreasing,2025-1,global
161545,Decreasing,2025-1,global
161445,Decreasing,2025-1,global
22732425,Decreasing,2025-1,global
41712,Decreasing,2025-1,global
22731577,Decreasing,2025-1,global
178756893,Decreasing,2025-1,global
22694716,Decreasing,2025-1,global
22694870,Decreasing,2025-1,global
62101249,Decreasing,2025-1,global
22694887,Decreasing,2025-1,global
22694262,Decreasing,2025-1,global
22694699,Decreasing,2025-1,global
132975,Decreasing,2025-1,global
132999,Decreasing,2025-1,global
133042,Decreasing,2025-1,global
228542038,Decreasing,2025-1,global
133143,Decreasing,2025-1,global
133276,Decreasing,2025-1,global
133362,Decreasing,2025-1,global
133466,Decreasing,2025-1,global
228540293,Decreasing,2025-1,global
133553,Decreasing,2025-1,global
133595,Decreasing,2025-1,global
133612,Decreasing,2025-1,global
22721842,Decreasing,2025-1,global
22694140,Decreasing,2025-1,global
22694537,Decreasing,2025-1,global
22680412,Decreasing,2025-1,global
22693845,Decreasing,2025-1,global
180502386,Decreasing,2025-1,global
22693431,Decreasing,2025-1,global
22694903,Decreasing,2025-1,global
22721016,Decreasing,2025-1,global
181244306,Decreasing,2025-1,global
22697641,Decreasing,2025-1,global
22693182,Decreasing,2025-1,global
22725033,Decreasing,2025-1,global
181501221,Decreasing,2025-1,global
22698102,Decreasing,2025-1,global
22727668,Decreasing,2025-1,global
22697776,Decreasing,2025-1,global
22697800,Decreasing,2025-1,global
22697817,Decreasing,2025-1,global
22697825,Decreasing,2025-1,global
22735250,Decreasing,2025-1,global
22698001,Decreasing,2025-1,global
22697651,Decreasing,2025-1,global
22694313,Decreasing,2025-1,global
161691,Decreasing,2025-1,global
39399,Decreasing,2025-1,global
161425,Decreasing,2025-1,global
61408,Decreasing,2025-1,global
183784866,Decreasing,2025-1,global
22724836,Decreasing,2025-1,global
163144,Decreasing,2025-1,global
22734408,Decreasing,2025-1,global
22697793,Decreasing,2025-1,global
22697761,Decreasing,2025-1,global
185495181,Decreasing,2025-1,global
162293947,Decreasing,2025-1,mediterranean
22689714,Decreasing,2025-1,global
22697143,Decreasing,2025-1,global
190552041,Decreasing,2025-1,global
103670944,Decreasing,2025-1,global
64411,Decreasing,2025-1,global
22678576,Decreasing,2025-1,global
4292,Decreasing,2025-1,global
22678632,Decreasing,2025-1,global
22678588,Decreasing,2025-1,global
134817215,Decreasing,2025-1,mediterranean
157877009,Decreasing,2025-1,global
22680252,Decreasing,2025-1,global
22731855,Decreasing,2025-1,global
49187516,Decreasing,2025-1,global
197258574,Decreasing,2025-1,global
22734928,Decreasing,2025-1,global
178290276,Decreasing,2025-1,global
104062579,Decreasing,2025-1,global
199932,Decreasing,2025-1,global
195436,Decreasing,2025-1,global
176486052,Decreasing,2025-1,global
195437,Decreasing,2025-1,global
144159779,Decreasing,2025-1,global
47270129,Decreasing,2025-1,global
132438298,Decreasing,2025-1,europe
102998555,Decreasing,2025-1,europe
22693613,Decreasing,2025-1,europe
63111,Decreasing,2025-1,global
63117,Decreasing,2025-1,global
161568,Decreasing,2025-1,global
42564343,Decreasing,2025-1,global
201629258,Decreasing,2025-1,global
63128,Decreasing,2025-1,global
22696495,Decreasing,2025-1,global
22695147,Decreasing,2025-1,global
22680358,Decreasing,2025-1,global
232,Decreasing,2025-1,europe
39387,Decreasing,2025-1,global
39370,Decreasing,2025-1,global
22680339,Decreasing,2025-1,global
22716984,Decreasing,2025-1,global
62030608,Decreasing,2025-1,global
41747,Decreasing,2025-1,global
152781911,Decreasing,2025-1,global
60170,Decreasing,2025-1,global
60175,Decreasing,2025-1,global
22693235,Decreasing,2025-1,global
215823373,Decreasing,2025-1,global
22689535,Decreasing,2025-1,mediterranean
22695344,Decreasing,2025-1,mediterranean
22697742,Decreasing,2025-1,global
169234201,Decreasing,2025-1,global
176769,Decreasing,2025-1,global
211665303,Decreasing,2025-1,global
211714426,Decreasing,2025-1,global
211716547,Decreasing,2025-1,global
15106,Decreasing,2025-1,europe
22683249,Decreasing,2025-1,global
3855,Decreasing,2025-1,global
39339,Decreasing,2025-1,global
22735692,Decreasing,2025-1,global
19855,Decreasing,2025-1,europe
41671,Decreasing,2025-1,europe
213319691,Decreasing,2025-1,global
133065,Decreasing,2025-1,global
22692167,Decreasing,2025-1,global
110847130,Decreasing,2025-1,mediterranean
60200,Decreasing,2025-1,global
60199,Decreasing,2025-1,global
41832,Decreasing,2025-1,global
110847130,Decreasing,2025-1,global
195459,Decreasing,2025-1,global
198921,Decreasing,2025-1,global
126710128,Decreasing,2025-1,global
161439,Decreasing,2025-1,global
60198,Decreasing,2025-1,global
214417427,Decreasing,2025-1,global
214418407,Decreasing,2025-1,global
17028,Decreasing,2025-1,global
12303,Decreasing,2025-1,global
61404,Decreasing,2025-1,global
215764369,Decreasing,2025-1,global
60166,Decreasing,2025-1,global
60344,Decreasing,2025-1,europe
22695097,Decreasing,2025-1,global
22683213,Decreasing,2025-1,global
230,Decreasing,2025-1,europe
22697353,Decreasing,2025-1,global
15184,Decreasing,2025-1,global
183395,Decreasing,2025-1,global
183690,Decreasing,2025-1,global
183769,Decreasing,2025-1,global
184017,Decreasing,2025-1,global
12419,Decreasing,2025-1,global
41755,Decreasing,2025-1,europe
218756059,Decreasing,2025-1,global
218756142,Decreasing,2025-1,global
218756497,Decreasing,2025-1,global
218756802,Decreasing,2025-1,global
218756814,Decreasing,2025-1,global
218757170,Decreasing,2025-1,global
218757183,Decreasing,2025-1,global
6204,Decreasing,2025-1,europe
41672,Decreasing,2025-1,europe
236,Decreasing,2025-1,global
219317378,Decreasing,2025-1,global
219317955,Decreasing,2025-1,global
197733737,Decreasing,2025-1,global
7750,Decreasing,2025-1,global
219535691,Decreasing,2025-1,global
219535194,Decreasing,2025-1,global
219555553,Decreasing,2025-1,global
219555671,Decreasing,2025-1,global
219555864,Decreasing,2025-1,global
219555879,Decreasing,2025-1,global
219555846,Decreasing,2025-1,global
219645876,Decreasing,2025-1,global
219556728,Decreasing,2025-1,global
219556732,Decreasing,2025-1,global
219556705,Decreasing,2025-1,global
219556745,Decreasing,2025-1,global
219556702,Decreasing,2025-1,global
219645765,Decreasing,2025-1,global
219645763,Decreasing,2025-1,global
219362504,Decreasing,2025-1,global
219406091,Decreasing,2025-1,global
219379539,Decreasing,2025-1,global
218756974,Decreasing,2025-1,global
219405797,Decreasing,2025-1,global
219358778,Decreasing,2025-1,global
219406010,Decreasing,2025-1,global
219358889,Decreasing,2025-1,global
219365839,Decreasing,2025-1,global
219379838,Decreasing,2025-1,global
219360097,Decreasing,2025-1,global
219378635,Decreasing,2025-1,global
219361780,Decreasing,2025-1,global
219646684,Decreasing,2025-1,global
22696606,Decreasing,2025-1,europe
41712,Decreasing,2025-1,europe
903,Decreasing,2025-1,europe
242158594,Decreasing,2025-1,europe
135606,Decreasing,2025-1,europe
135579,Decreasing,2025-1,europe
135689,Decreasing,2025-1,europe
135714,Decreasing,2025-1,europe
135681,Decreasing,2025-1,europe
135567,Decreasing,2025-1,europe
242222668,Decreasing,2025-1,europe
22695105,Decreasing,2025-1,global
22693225,Decreasing,2025-1,global
22725672,Decreasing,2025-1,global
133193,Decreasing,2025-1,global
241,Decreasing,2025-1,global
225,Decreasing,2025-1,global
228,Decreasing,2025-1,global
22679869,Decreasing,2025-1,global
62289271,Decreasing,2025-1,global
82031633,Decreasing,2025-1,global
22693780,Decreasing,2025-1,global
232574182,Decreasing,2025-1,global
230027154,Decreasing,2025-1,global
246011694,Decreasing,2025-1,global
18237880,Decreasing,2025-1,global
18237880,Decreasing,2025-1,europe
183800,Decreasing,2025-1,global
183979,Decreasing,2025-1,global
183748,Decreasing,2025-1,global
154874,Decreasing,2025-1,global
154699,Decreasing,2025-1,global
182712,Decreasing,2025-1,global
194885,Decreasing,2025-1,global
194885,Decreasing,2025-1,europe
194885,Decreasing,2025-1,mediterranean
274985841,Decreasing,2025-1,global
274985841,Decreasing,2025-1,europe
68001143,Decreasing,2025-1,global
22692039,Decreasing,2025-1,global
225,Decreasing,2025-1,europe
235,Decreasing,2025-1,europe
229,Decreasing,2025-1,europe
10269,Decreasing,2025-1,europe
241132777,Decreasing,2025-1,global
241133167,Decreasing,2025-1,global
241133178,Decreasing,2025-1,global
241133554,Decreasing,2025-1,global
241147112,Decreasing,2025-1,global
241147290,Decreasing,2025-1,global
241147290,Decreasing,2025-1,europe
241147290,Decreasing,2025-1,mediterranean
241147380,Decreasing,2025-1,global
241147458,Decreasing,2025-1,global
241147662,Decreasing,2025-1,global
241147990,Decreasing,2025-1,global
241148112,Decreasing,2025-1,global
241148222,Decreasing,2025-1,global
241148232,Decreasing,2025-1,global
241148253,Decreasing,2025-1,global
241148837,Decreasing,2025-1,global
241148923,Decreasing,2025-1,global
241149141,Decreasing,2025-1,global
241149261,Decreasing,2025-1,global
241149272,Decreasing,2025-1,global
241149272,Decreasing,2025-1,europe
241149272,Decreasing,2025-1,mediterranean
241151143,Decreasing,2025-1,global
241151645,Decreasing,2025-1,global
241152111,Decreasing,2025-1,global
241152111,Decreasing,2025-1,europe
241152111,Decreasing,2025-1,mediterranean
242158594,Decreasing,2025-1,global
242222668,Decreasing,2025-1,global
230,Decreasing,2025-1,global
258684981,Decreasing,2025-1,global
50015694,Decreasing,2025-1,global
50015525,Decreasing,2025-1,global
244921024,Decreasing,2025-1,global
244922366,Decreasing,2025-1,global
244924692,Decreasing,2025-1,global
244933041,Decreasing,2025-1,global
50014335,Decreasing,2025-1,global
50013368,Decreasing,2025-1,global
4615,Decreasing,2025-1,global
41716,Decreasing,2025-1,global
22693199,Decreasing,2025-1,global
10060,Decreasing,2025-1,global
250584055,Decreasing,2025-1,global
250584194,Decreasing,2025-1,global
250584311,Decreasing,2025-1,global
250584632,Decreasing,2025-1,global
250585368,Decreasing,2025-1,global
250587627,Decreasing,2025-1,global
252245812,Decreasing,2025-1,global
252246435,Decreasing,2025-1,global
252731894,Decreasing,2025-1,global
253117160,Decreasing,2025-1,global
68399092,Decreasing,2025-1,global
68399123,Decreasing,2025-1,global
68399203,Decreasing,2025-1,global
22679830,Decreasing,2025-1,global
22704604,Decreasing,2025-1,global
22704600,Decreasing,2025-1,global
22685200,Decreasing,2025-1,global
13704,Decreasing,2025-1,europe
254257555,Decreasing,2025-1,global
254256661,Decreasing,2025-1,global
254256613,Decreasing,2025-1,global
133144,Decreasing,2025-1,global
22693749,Decreasing,2025-1,global
22693740,Decreasing,2025-1,global
22693336,Decreasing,2025-1,global
190165,Decreasing,2025-1,global
161677,Decreasing,2025-1,global
162293947,Decreasing,2025-1,global
162292832,Decreasing,2025-1,global
41871,Decreasing,2025-1,global
41745,Decreasing,2025-1,global
161551,Decreasing,2025-1,global
22693399,Decreasing,2025-1,global
22693396,Decreasing,2025-1,global
22693373,Decreasing,2025-1,global
22693154,Decreasing,2025-1,global
22693427,Decreasing,2025-1,global
22697810,Decreasing,2025-1,global
22693777,Decreasing,2025-1,global
203364219,Decreasing,2025-1,global
18903491,Decreasing,2025-1,global
22693348,Decreasing,2025-1,global
22693520,Decreasing,2025-1,global
22693464,Decreasing,2025-1,global
161729,Decreasing,2025-1,europe
22693162,Decreasing,2025-1,global
22693344,Decreasing,2025-1,global
22693231,Decreasing,2025-1,global
22693376,Decreasing,2025-1,global
22693764,Decreasing,2025-1,global
22693424,Decreasing,2025-1,global
22693420,Decreasing,2025-1,global
22693319,Decreasing,2025-1,global
17177,Decreasing,2025-1,global
22696354,Decreasing,2025-1,global
22683042,Decreasing,2025-1,global
22683045,Decreasing,2025-1,global
22683033,Decreasing,2025-1,global
22689972,Decreasing,2025-1,global
22695094,Decreasing,2025-1,global
22683399,Decreasing,2025-1,global
22683616,Decreasing,2025-1,global
22683230,Decreasing,2025-1,global
22693567,Decreasing,2025-1,global
103798407,Decreasing,2025-1,global
22700442,Decreasing,2025-1,global
22702487,Decreasing,2025-1,global
22713519,Decreasing,2025-1,global
22700142,Decreasing,2025-1,global
103773966,Decreasing,2025-1,global
22725660,Decreasing,2025-1,global
22683112,Decreasing,2025-1,global
22683265,Decreasing,2025-1,global
22712305,Decreasing,2025-1,global
22705499,Decreasing,2025-1,global
103727590,Decreasing,2025-1,global
103709532,Decreasing,2025-1,global
22717383,Decreasing,2025-1,global
22683027,Decreasing,2025-1,global
22697008,Decreasing,2025-1,global
22680145,Decreasing,2025-1,global
22697028,Decreasing,2025-1,global
22692883,Decreasing,2025-1,global
22693392,Decreasing,2025-1,global
22679981,Decreasing,2025-1,global
22680287,Decreasing,2025-1,global
22680029,Decreasing,2025-1,global
22680271,Decreasing,2025-1,global
22679758,Decreasing,2025-1,global
22680170,Decreasing,2025-1,global
22680217,Decreasing,2025-1,global
22694021,Decreasing,2025-1,global
161384,Decreasing,2025-1,global
44563,Decreasing,2025-1,global
162292301,Decreasing,2025-1,global
42838,Decreasing,2025-1,global
41798,Decreasing,2025-1,global
161635,Decreasing,2025-1,global
39324,Decreasing,2025-1,global
254257301,Decreasing,2025-1,global
133627,Decreasing,2025-1,global
133663,Decreasing,2025-1,global
133435,Decreasing,2025-1,global
104071039,Decreasing,2025-1,mediterranean
104071039,Decreasing,2025-1,europe
164432,Decreasing,2025-1,global
164432,Decreasing,2025-1,europe
63572,Decreasing,2025-1,global
178836,Decreasing,2025-1,global
15272,Stable,2025-1,global
153535,Stable,2025-1,mediterranean
155980,Stable,2025-1,global
161318,Stable,2025-1,global
161331,Stable,2025-1,global
161443,Stable,2025-1,global
161524,Stable,2025-1,global
161681,Stable,2025-1,global
161682,Stable,2025-1,global
161702,Stable,2025-1,global
162507,Stable,2025-1,global
162632,Stable,2025-1,global
162660,Stable,2025-1,global
162695,Stable,2025-1,global
162696,Stable,2025-1,global
162697,Stable,2025-1,global
162698,Stable,2025-1,global
162699,Stable,2025-1,global
162700,Stable,2025-1,global
162703,Stable,2025-1,global
162705,Stable,2025-1,global
162706,Stable,2025-1,global
162707,Stable,2025-1,global
162708,Stable,2025-1,global
162710,Stable,2025-1,global
162713,Stable,2025-1,global
162716,Stable,2025-1,global
162717,Stable,2025-1,global
162718,Stable,2025-1,global
162720,Stable,2025-1,global
162721,Stable,2025-1,global
163360,Stable,2025-1,global
164276,Stable,2025-1,global
164893,Stable,2025-1,global
166410,Stable,2025-1,global
166566,Stable,2025-1,global
166955,Stable,2025-1,global
166957,Stable,2025-1,global
166961,Stable,2025-1,global
169632,Stable,2025-1,global
170160,Stable,2025-1,global
170169,Stable,2025-1,global
170170,Stable,2025-1,global
170185,Stable,2025-1,global
170189,Stable,2025-1,global
170198,Stable,2025-1,global
170213,Stable,2025-1,global
170215,Stable,2025-1,global
170218,Stable,2025-1,global
170223,Stable,2025-1,global
170238,Stable,2025-1,global
170243,Stable,2025-1,global
170248,Stable,2025-1,global
170250,Stable,2025-1,global
170251,Stable,2025-1,global
170253,Stable,2025-1,global
170257,Stable,2025-1,global
170260,Stable,2025-1,global
170272,Stable,2025-1,global
172404,Stable,2025-1,global
172447,Stable,2025-1,global
176718,Stable,2025-1,global
177578,Stable,2025-1,global
177949,Stable,2025-1,global
177950,Stable,2025-1,global
177951,Stable,2025-1,global
177952,Stable,2025-1,global
177953,Stable,2025-1,global
177955,Stable,2025-1,global
177958,Stable,2025-1,global
177960,Stable,2025-1,global
177965,Stable,2025-1,global
177967,Stable,2025-1,global
177968,Stable,2025-1,global
177969,Stable,2025-1,global
177971,Stable,2025-1,global
177975,Stable,2025-1,global
177976,Stable,2025-1,global
177980,Stable,2025-1,global
177982,Stable,2025-1,global
177983,Stable,2025-1,global
177985,Stable,2025-1,global
177987,Stable,2025-1,global
177988,Stable,2025-1,global
177989,Stable,2025-1,global
177990,Stable,2025-1,global
177991,Stable,2025-1,global
177993,Stable,2025-1,global
177997,Stable,2025-1,global
177998,Stable,2025-1,global
177999,Stable,2025-1,global
178002,Stable,2025-1,global
178005,Stable,2025-1,global
178008,Stable,2025-1,global
178009,Stable,2025-1,global
178010,Stable,2025-1,global
178011,Stable,2025-1,global
178012,Stable,2025-1,global
178013,Stable,2025-1,global
178015,Stable,2025-1,global
178017,Stable,2025-1,global
178019,Stable,2025-1,global
178021,Stable,2025-1,global
178022,Stable,2025-1,global
178024,Stable,2025-1,global
178896,Stable,2025-1,global
178904,Stable,2025-1,global
178905,Stable,2025-1,global
178947,Stable,2025-1,global
178948,Stable,2025-1,global
178958,Stable,2025-1,global
178963,Stable,2025-1,global
178965,Stable,2025-1,global
178969,Stable,2025-1,global
178973,Stable,2025-1,global
178988,Stable,2025-1,global
178990,Stable,2025-1,global
178992,Stable,2025-1,global
178993,Stable,2025-1,global
178995,Stable,2025-1,global
178998,Stable,2025-1,global
179014,Stable,2025-1,global
179019,Stable,2025-1,global
179020,Stable,2025-1,global
179022,Stable,2025-1,global
179029,Stable,2025-1,global
179034,Stable,2025-1,global
179045,Stable,2025-1,global
179055,Stable,2025-1,global
179074,Stable,2025-1,global
179095,Stable,2025-1,global
179099,Stable,2025-1,global
179108,Stable,2025-1,global
179113,Stable,2025-1,global
179115,Stable,2025-1,global
180368,Stable,2025-1,global
180377,Stable,2025-1,global
180421,Stable,2025-1,global
180436,Stable,2025-1,global
180451,Stable,2025-1,global
180452,Stable,2025-1,global
180477,Stable,2025-1,global
180504,Stable,2025-1,global
180511,Stable,2025-1,global
180541,Stable,2025-1,global
180964,Stable,2025-1,global
183257,Stable,2025-1,global
183340,Stable,2025-1,global
183633,Stable,2025-1,global
184040,Stable,2025-1,global
185126,Stable,2025-1,global
185139,Stable,2025-1,global
185143,Stable,2025-1,global
185146,Stable,2025-1,global
185155,Stable,2025-1,global
185157,Stable,2025-1,global
185165,Stable,2025-1,global
185168,Stable,2025-1,global
185173,Stable,2025-1,global
185174,Stable,2025-1,global
185175,Stable,2025-1,global
185176,Stable,2025-1,global
185179,Stable,2025-1,global
185181,Stable,2025-1,global
185183,Stable,2025-1,global
185185,Stable,2025-1,global
185192,Stable,2025-1,global
185193,Stable,2025-1,global
185194,Stable,2025-1,global
185196,Stable,2025-1,global
185865,Stable,2025-1,global
185866,Stable,2025-1,global
185866,Stable,2025-1,caribbean
185874,Stable,2025-1,global
185919,Stable,2025-1,global
185919,Stable,2025-1,caribbean
185920,Stable,2025-1,global
185920,Stable,2025-1,caribbean
185923,Stable,2025-1,global
185923,Stable,2025-1,caribbean
185926,Stable,2025-1,global
185926,Stable,2025-1,caribbean
185931,Stable,2025-1,global
185936,Stable,2025-1,global
185936,Stable,2025-1,caribbean
185937,Stable,2025-1,global
185937,Stable,2025-1,caribbean
185991,Stable,2025-1,global
185994,Stable,2025-1,global
185997,Stable,2025-1,global
185997,Stable,2025-1,caribbean
185998,Stable,2025-1,global
186021,Stable,2025-1,global
186021,Stable,2025-1,caribbean
186024,Stable,2025-1,global
186024,Stable,2025-1,caribbean
188304,Stable,2025-1,global
188340,Stable,2025-1,global
188342,Stable,2025-1,global
188357,Stable,2025-1,global
188371,Stable,2025-1,global
188372,Stable,2025-1,global
188380,Stable,2025-1,global
188389,Stable,2025-1,global
188390,Stable,2025-1,global
188392,Stable,2025-1,global
188398,Stable,2025-1,global
188418,Stable,2025-1,global
188434,Stable,2025-1,global
188437,Stable,2025-1,global
188444,Stable,2025-1,global
188445,Stable,2025-1,global
188453,Stable,2025-1,global
188464,Stable,2025-1,global
188467,Stable,2025-1,global
188511,Stable,2025-1,global
188516,Stable,2025-1,global
188523,Stable,2025-1,global
188530,Stable,2025-1,global
188532,Stable,2025-1,global
188536,Stable,2025-1,global
188537,Stable,2025-1,global
188539,Stable,2025-1,global
188543,Stable,2025-1,global
188551,Stable,2025-1,global
188557,Stable,2025-1,global
188560,Stable,2025-1,global
188574,Stable,2025-1,global
188580,Stable,2025-1,global
188581,Stable,2025-1,global
188609,Stable,2025-1,global
189217,Stable,2025-1,global
189436,Stable,2025-1,global
189752,Stable,2025-1,global
190222,Stable,2025-1,global
190347,Stable,2025-1,global
190348,Stable,2025-1,global
190456,Stable,2025-1,global
190456,Stable,2025-1,caribbean
190973,Stable,2025-1,global
191026,Stable,2025-1,global
191208,Stable,2025-1,global
191208,Stable,2025-1,caribbean
191208,Stable,2025-1,gulf_of mexico
191310,Stable,2025-1,global
191751,Stable,2025-1,global
191780,Stable,2025-1,global
191822,Stable,2025-1,global
192284,Stable,2025-1,global
192287,Stable,2025-1,global
192288,Stable,2025-1,global
192321,Stable,2025-1,global
192329,Stable,2025-1,global
192331,Stable,2025-1,global
192336,Stable,2025-1,global
192348,Stable,2025-1,global
192354,Stable,2025-1,global
192368,Stable,2025-1,global
192381,Stable,2025-1,global
192418,Stable,2025-1,global
192438,Stable,2025-1,global
192455,Stable,2025-1,global
192461,Stable,2025-1,global
192469,Stable,2025-1,global
192472,Stable,2025-1,global
192485,Stable,2025-1,global
192492,Stable,2025-1,global
192530,Stable,2025-1,global
192534,Stable,2025-1,global
192544,Stable,2025-1,global
192571,Stable,2025-1,global
192572,Stable,2025-1,global
192584,Stable,2025-1,global
192651,Stable,2025-1,global
192674,Stable,2025-1,global
192685,Stable,2025-1,global
192687,Stable,2025-1,global
192702,Stable,2025-1,global
192726,Stable,2025-1,global
192742,Stable,2025-1,global
192743,Stable,2025-1,global
192744,Stable,2025-1,global
192767,Stable,2025-1,global
192771,Stable,2025-1,global
192785,Stable,2025-1,global
192808,Stable,2025-1,global
192841,Stable,2025-1,global
192858,Stable,2025-1,global
192933,Stable,2025-1,global
192986,Stable,2025-1,global
193000,Stable,2025-1,global
193005,Stable,2025-1,global
193007,Stable,2025-1,global
193009,Stable,2025-1,global
193025,Stable,2025-1,global
193031,Stable,2025-1,global
193032,Stable,2025-1,global
193035,Stable,2025-1,global
193040,Stable,2025-1,global
193048,Stable,2025-1,global
193063,Stable,2025-1,global
193076,Stable,2025-1,global
193109,Stable,2025-1,global
193113,Stable,2025-1,global
193123,Stable,2025-1,global
193130,Stable,2025-1,global
193150,Stable,2025-1,global
193151,Stable,2025-1,global
193154,Stable,2025-1,global
193159,Stable,2025-1,global
193167,Stable,2025-1,global
193175,Stable,2025-1,global
193179,Stable,2025-1,global
193196,Stable,2025-1,global
193204,Stable,2025-1,global
193205,Stable,2025-1,global
193212,Stable,2025-1,global
193246,Stable,2025-1,global
193463,Stable,2025-1,global
193471,Stable,2025-1,global
193647,Stable,2025-1,global
193659,Stable,2025-1,global
193662,Stable,2025-1,global
193685,Stable,2025-1,global
193696,Stable,2025-1,global
194088,Stable,2025-1,global
194357,Stable,2025-1,global
194376,Stable,2025-1,global
194384,Stable,2025-1,global
194905,Stable,2025-1,global
194906,Stable,2025-1,global
194909,Stable,2025-1,global
194911,Stable,2025-1,global
194912,Stable,2025-1,global
194914,Stable,2025-1,global
195488,Stable,2025-1,global
195885,Stable,2025-1,global
195886,Stable,2025-1,global
196374,Stable,2025-1,global
196391,Stable,2025-1,global
196404,Stable,2025-1,global
196408,Stable,2025-1,global
196679,Stable,2025-1,global
196679,Stable,2025-1,caribbean
196679,Stable,2025-1,gulf_of mexico
169360,Stable,2025-1,global
196864,Stable,2025-1,global
197010,Stable,2025-1,global
197011,Stable,2025-1,global
197063,Stable,2025-1,global
197278,Stable,2025-1,global
197320,Stable,2025-1,global
197325,Stable,2025-1,global
197660,Stable,2025-1,global
198843,Stable,2025-1,global
198845,Stable,2025-1,global
198892,Stable,2025-1,global
198985,Stable,2025-1,global
199035,Stable,2025-1,global
199039,Stable,2025-1,global
199097,Stable,2025-1,global
199107,Stable,2025-1,global
199133,Stable,2025-1,global
199136,Stable,2025-1,global
199145,Stable,2025-1,global
199191,Stable,2025-1,global
199234,Stable,2025-1,global
199264,Stable,2025-1,global
199282,Stable,2025-1,global
199294,Stable,2025-1,global
199340,Stable,2025-1,global
199356,Stable,2025-1,global
199400,Stable,2025-1,global
199411,Stable,2025-1,global
199414,Stable,2025-1,global
199624,Stable,2025-1,global
200787,Stable,2025-1,global
39347,Stable,2025-1,global
40711,Stable,2025-1,global
44221,Stable,2025-1,global
44582,Stable,2025-1,global
44583,Stable,2025-1,global
44590,Stable,2025-1,global
44603,Stable,2025-1,global
44645,Stable,2025-1,global
44993,Stable,2025-1,global
45433088,Stable,2025-1,global
5668,Stable,2025-1,global
60140,Stable,2025-1,global
60189,Stable,2025-1,global
60214,Stable,2025-1,global
60215,Stable,2025-1,global
60230,Stable,2025-1,global
60236,Stable,2025-1,global
60239,Stable,2025-1,global
63101,Stable,2025-1,global
63108,Stable,2025-1,global
63121,Stable,2025-1,global
63133,Stable,2025-1,global
63137,Stable,2025-1,global
63142,Stable,2025-1,global
63143,Stable,2025-1,global
63161,Stable,2025-1,global
7778,Stable,2025-1,global
135301,Stable,2025-1,global
135567,Stable,2025-1,mediterranean
135689,Stable,2025-1,mediterranean
153535,Stable,2025-1,global
154623,Stable,2025-1,global
154632,Stable,2025-1,global
154643,Stable,2025-1,global
154712,Stable,2025-1,global
154760,Stable,2025-1,global
154775,Stable,2025-1,global
154785,Stable,2025-1,global
154788,Stable,2025-1,global
154807,Stable,2025-1,mediterranean
154812,Stable,2025-1,global
154829,Stable,2025-1,global
154831,Stable,2025-1,global
154834,Stable,2025-1,global
154837,Stable,2025-1,global
154849,Stable,2025-1,global
154872,Stable,2025-1,global
154915,Stable,2025-1,global
154919,Stable,2025-1,global
154920,Stable,2025-1,global
154926,Stable,2025-1,global
154927,Stable,2025-1,global
154943,Stable,2025-1,global
154947,Stable,2025-1,global
154954,Stable,2025-1,global
154958,Stable,2025-1,global
154986,Stable,2025-1,global
154998,Stable,2025-1,global
155064,Stable,2025-1,global
155083,Stable,2025-1,global
155086,Stable,2025-1,global
155022,Stable,2025-1,global
155096,Stable,2025-1,mediterranean
155099,Stable,2025-1,global
155108,Stable,2025-1,global
155109,Stable,2025-1,global
155121,Stable,2025-1,global
155057,Stable,2025-1,global
155068,Stable,2025-1,global
155076,Stable,2025-1,global
155144,Stable,2025-1,global
155159,Stable,2025-1,global
155174,Stable,2025-1,global
155193,Stable,2025-1,global
155205,Stable,2025-1,global
155220,Stable,2025-1,global
155248,Stable,2025-1,global
155263,Stable,2025-1,global
155270,Stable,2025-1,global
155274,Stable,2025-1,global
155308,Stable,2025-1,global
155310,Stable,2025-1,global
155327,Stable,2025-1,global
155797,Stable,2025-1,europe
155835,Stable,2025-1,europe
158632,Stable,2025-1,global
15873,Stable,2025-1,mediterranean
164276,Stable,2025-1,europe
164280,Stable,2025-1,europe
164280,Stable,2025-1,global
164508,Stable,2025-1,europe
164508,Stable,2025-1,global
164513,Stable,2025-1,mediterranean
164513,Stable,2025-1,pan-africa
165607,Stable,2025-1,global
165608,Stable,2025-1,global
165609,Stable,2025-1,global
165610,Stable,2025-1,global
165611,Stable,2025-1,global
165612,Stable,2025-1,global
165614,Stable,2025-1,global
165615,Stable,2025-1,global
165616,Stable,2025-1,global
165617,Stable,2025-1,global
165619,Stable,2025-1,global
165620,Stable,2025-1,global
165622,Stable,2025-1,global
165624,Stable,2025-1,global
165625,Stable,2025-1,global
165626,Stable,2025-1,global
165627,Stable,2025-1,global
165628,Stable,2025-1,global
165630,Stable,2025-1,global
165632,Stable,2025-1,global
165633,Stable,2025-1,global
165634,Stable,2025-1,global
165635,Stable,2025-1,global
165636,Stable,2025-1,global
165637,Stable,2025-1,global
165639,Stable,2025-1,global
165640,Stable,2025-1,global
165648,Stable,2025-1,global
165649,Stable,2025-1,global
165650,Stable,2025-1,global
165651,Stable,2025-1,global
165652,Stable,2025-1,global
165653,Stable,2025-1,global
165654,Stable,2025-1,global
165655,Stable,2025-1,global
165656,Stable,2025-1,global
165658,Stable,2025-1,global
165659,Stable,2025-1,global
165660,Stable,2025-1,global
165661,Stable,2025-1,global
165662,Stable,2025-1,global
165663,Stable,2025-1,global
165664,Stable,2025-1,global
165665,Stable,2025-1,global
165666,Stable,2025-1,global
165668,Stable,2025-1,global
165669,Stable,2025-1,global
165670,Stable,2025-1,global
165672,Stable,2025-1,global
165675,Stable,2025-1,global
165677,Stable,2025-1,global
165678,Stable,2025-1,global
165679,Stable,2025-1,global
165680,Stable,2025-1,global
165681,Stable,2025-1,global
165682,Stable,2025-1,global
165683,Stable,2025-1,global
165684,Stable,2025-1,global
165685,Stable,2025-1,global
165686,Stable,2025-1,global
165688,Stable,2025-1,global
165691,Stable,2025-1,global
165693,Stable,2025-1,global
165695,Stable,2025-1,global
165696,Stable,2025-1,global
165697,Stable,2025-1,global
165698,Stable,2025-1,global
165699,Stable,2025-1,global
165702,Stable,2025-1,global
165703,Stable,2025-1,global
165705,Stable,2025-1,global
165706,Stable,2025-1,global
165708,Stable,2025-1,global
165709,Stable,2025-1,global
165710,Stable,2025-1,global
165711,Stable,2025-1,global
165713,Stable,2025-1,global
165714,Stable,2025-1,global
165715,Stable,2025-1,global
165716,Stable,2025-1,global
165718,Stable,2025-1,global
165719,Stable,2025-1,global
165720,Stable,2025-1,global
165721,Stable,2025-1,global
165723,Stable,2025-1,global
165724,Stable,2025-1,global
165725,Stable,2025-1,global
165726,Stable,2025-1,global
165803,Stable,2025-1,s._africa fw
165822,Stable,2025-1,global
165823,Stable,2025-1,global
165824,Stable,2025-1,global
165825,Stable,2025-1,global
165827,Stable,2025-1,global
165828,Stable,2025-1,global
165829,Stable,2025-1,global
165830,Stable,2025-1,global
165831,Stable,2025-1,global
165832,Stable,2025-1,global
165833,Stable,2025-1,global
165834,Stable,2025-1,global
165835,Stable,2025-1,global
165836,Stable,2025-1,global
165838,Stable,2025-1,global
165839,Stable,2025-1,global
165840,Stable,2025-1,global
165841,Stable,2025-1,global
165842,Stable,2025-1,global
165843,Stable,2025-1,global
165845,Stable,2025-1,global
165846,Stable,2025-1,global
165848,Stable,2025-1,global
165849,Stable,2025-1,global
165850,Stable,2025-1,global
165851,Stable,2025-1,global
165852,Stable,2025-1,global
165853,Stable,2025-1,global
165854,Stable,2025-1,global
165855,Stable,2025-1,global
165856,Stable,2025-1,global
165857,Stable,2025-1,global
165858,Stable,2025-1,global
165860,Stable,2025-1,global
165861,Stable,2025-1,global
165862,Stable,2025-1,global
165863,Stable,2025-1,global
165864,Stable,2025-1,global
165865,Stable,2025-1,global
165867,Stable,2025-1,global
165868,Stable,2025-1,global
165870,Stable,2025-1,global
165871,Stable,2025-1,global
165872,Stable,2025-1,global
165873,Stable,2025-1,global
165874,Stable,2025-1,global
165875,Stable,2025-1,global
165876,Stable,2025-1,global
165878,Stable,2025-1,global
165879,Stable,2025-1,global
165880,Stable,2025-1,global
165881,Stable,2025-1,global
165882,Stable,2025-1,global
165883,Stable,2025-1,global
165884,Stable,2025-1,global
165885,Stable,2025-1,global
165887,Stable,2025-1,global
165888,Stable,2025-1,global
165889,Stable,2025-1,global
165890,Stable,2025-1,global
165891,Stable,2025-1,global
165893,Stable,2025-1,global
165895,Stable,2025-1,global
165896,Stable,2025-1,global
165897,Stable,2025-1,global
165898,Stable,2025-1,global
165899,Stable,2025-1,global
165900,Stable,2025-1,global
165901,Stable,2025-1,global
165902,Stable,2025-1,global
165903,Stable,2025-1,global
166709,Stable,2025-1,global
166900,Stable,2025-1,global
166945,Stable,2025-1,global
167710,Stable,2025-1,global
168374,Stable,2025-1,global
169015,Stable,2025-1,global
169679,Stable,2025-1,global
169963,Stable,2025-1,global
169966,Stable,2025-1,global
169968,Stable,2025-1,global
169984,Stable,2025-1,global
169987,Stable,2025-1,global
170009,Stable,2025-1,global
170083,Stable,2025-1,global
170087,Stable,2025-1,global
170025,Stable,2025-1,global
170072,Stable,2025-1,global
170160,Stable,2025-1,mediterranean
170169,Stable,2025-1,mediterranean
170224,Stable,2025-1,mediterranean
170229,Stable,2025-1,mediterranean
170244,Stable,2025-1,mediterranean
170251,Stable,2025-1,mediterranean
170253,Stable,2025-1,mediterranean
170258,Stable,2025-1,mediterranean
170260,Stable,2025-1,mediterranean
170261,Stable,2025-1,mediterranean
170262,Stable,2025-1,mediterranean
170310,Stable,2025-1,mediterranean
170319,Stable,2025-1,mediterranean
170344,Stable,2025-1,mediterranean
170345,Stable,2025-1,mediterranean
170350,Stable,2025-1,global
170355,Stable,2025-1,mediterranean
172491,Stable,2025-1,global
173319,Stable,2025-1,global
173320,Stable,2025-1,global
173321,Stable,2025-1,global
173323,Stable,2025-1,global
173328,Stable,2025-1,global
173332,Stable,2025-1,global
173336,Stable,2025-1,global
173343,Stable,2025-1,global
173346,Stable,2025-1,global
173350,Stable,2025-1,global
173351,Stable,2025-1,global
173352,Stable,2025-1,global
173354,Stable,2025-1,global
173356,Stable,2025-1,global
173358,Stable,2025-1,global
173360,Stable,2025-1,global
173363,Stable,2025-1,global
173364,Stable,2025-1,global
173366,Stable,2025-1,global
173367,Stable,2025-1,global
173368,Stable,2025-1,global
173369,Stable,2025-1,global
173371,Stable,2025-1,global
173377,Stable,2025-1,global
173378,Stable,2025-1,global
173380,Stable,2025-1,global
173384,Stable,2025-1,global
175075,Stable,2025-1,global
175076,Stable,2025-1,global
176725,Stable,2025-1,global
176734,Stable,2025-1,global
176750,Stable,2025-1,global
176756,Stable,2025-1,global
176771,Stable,2025-1,global
177110,Stable,2025-1,global
177115,Stable,2025-1,global
178070,Stable,2025-1,global
178813,Stable,2025-1,global
178818,Stable,2025-1,global
183212,Stable,2025-1,global
183225,Stable,2025-1,global
183260,Stable,2025-1,global
183273,Stable,2025-1,global
183279,Stable,2025-1,global
183378,Stable,2025-1,global
183443,Stable,2025-1,global
183446,Stable,2025-1,global
183618,Stable,2025-1,global
183624,Stable,2025-1,global
183662,Stable,2025-1,global
183697,Stable,2025-1,global
183725,Stable,2025-1,global
183731,Stable,2025-1,global
183766,Stable,2025-1,global
183781,Stable,2025-1,global
183801,Stable,2025-1,global
183817,Stable,2025-1,global
183822,Stable,2025-1,global
183835,Stable,2025-1,global
183849,Stable,2025-1,global
183909,Stable,2025-1,global
183924,Stable,2025-1,global
183957,Stable,2025-1,global
183980,Stable,2025-1,global
183985,Stable,2025-1,global
184016,Stable,2025-1,global
184035,Stable,2025-1,global
1847,Stable,2025-1,northern_africa
185058,Stable,2025-1,global
185000,Stable,2025-1,global
185012,Stable,2025-1,global
185017,Stable,2025-1,global
185086,Stable,2025-1,global
185026,Stable,2025-1,global
185037,Stable,2025-1,global
185038,Stable,2025-1,global
185039,Stable,2025-1,global
185050,Stable,2025-1,global
185127,Stable,2025-1,mediterranean
185128,Stable,2025-1,mediterranean
185146,Stable,2025-1,mediterranean
185155,Stable,2025-1,mediterranean
185156,Stable,2025-1,mediterranean
185175,Stable,2025-1,mediterranean
185181,Stable,2025-1,mediterranean
185185,Stable,2025-1,mediterranean
185193,Stable,2025-1,mediterranean
187381,Stable,2025-1,global
187397,Stable,2025-1,global
187397,Stable,2025-1,mediterranean
187400,Stable,2025-1,global
187418,Stable,2025-1,global
187418,Stable,2025-1,mediterranean
187426,Stable,2025-1,global
187436,Stable,2025-1,global
187442,Stable,2025-1,global
187453,Stable,2025-1,global
187475,Stable,2025-1,global
187475,Stable,2025-1,mediterranean
187491,Stable,2025-1,global
187541,Stable,2025-1,global
187541,Stable,2025-1,mediterranean
187555,Stable,2025-1,global
187567,Stable,2025-1,global
187572,Stable,2025-1,global
187653,Stable,2025-1,global
187653,Stable,2025-1,mediterranean
187663,Stable,2025-1,global
187679,Stable,2025-1,global
187696,Stable,2025-1,global
187710,Stable,2025-1,global
187711,Stable,2025-1,global
187714,Stable,2025-1,mediterranean
187723,Stable,2025-1,global
187748,Stable,2025-1,global
187748,Stable,2025-1,mediterranean
187751,Stable,2025-1,global
187751,Stable,2025-1,mediterranean
187752,Stable,2025-1,global
187758,Stable,2025-1,global
187759,Stable,2025-1,global
187773,Stable,2025-1,global
187784,Stable,2025-1,global
187800,Stable,2025-1,global
187805,Stable,2025-1,global
187805,Stable,2025-1,mediterranean
187808,Stable,2025-1,global
188324,Stable,2025-1,mediterranean
189121,Stable,2025-1,global
189197,Stable,2025-1,global
189463,Stable,2025-1,global
189470,Stable,2025-1,global
189512,Stable,2025-1,global
189591,Stable,2025-1,global
190452,Stable,2025-1,mediterranean
190453,Stable,2025-1,mediterranean
190710,Stable,2025-1,mediterranean
198551,Stable,2025-1,mediterranean
198565,Stable,2025-1,mediterranean
198570,Stable,2025-1,mediterranean
198580,Stable,2025-1,mediterranean
198609,Stable,2025-1,mediterranean
198610,Stable,2025-1,mediterranean
198630,Stable,2025-1,mediterranean
198632,Stable,2025-1,mediterranean
198641,Stable,2025-1,mediterranean
198643,Stable,2025-1,mediterranean
198644,Stable,2025-1,mediterranean
198645,Stable,2025-1,mediterranean
198646,Stable,2025-1,mediterranean
198647,Stable,2025-1,mediterranean
198654,Stable,2025-1,mediterranean
198658,Stable,2025-1,mediterranean
198662,Stable,2025-1,mediterranean
198667,Stable,2025-1,mediterranean
198672,Stable,2025-1,mediterranean
198673,Stable,2025-1,mediterranean
198674,Stable,2025-1,mediterranean
198711,Stable,2025-1,mediterranean
198712,Stable,2025-1,mediterranean
198713,Stable,2025-1,mediterranean
198718,Stable,2025-1,mediterranean
198719,Stable,2025-1,mediterranean
198722,Stable,2025-1,mediterranean
198725,Stable,2025-1,mediterranean
198726,Stable,2025-1,mediterranean
198730,Stable,2025-1,mediterranean
198739,Stable,2025-1,mediterranean
198772,Stable,2025-1,mediterranean
198773,Stable,2025-1,mediterranean
21856,Stable,2025-1,mediterranean
4360,Stable,2025-1,global
4361,Stable,2025-1,global
4362,Stable,2025-1,global
4364,Stable,2025-1,global
63644,Stable,2025-1,global
164334,Stable,2025-1,global
15147725,Stable,2025-1,global
198626,Stable,2025-1,global
5363,Stable,2025-1,global
5370,Stable,2025-1,global
202649,Stable,2025-1,global
202633,Stable,2025-1,global
5362,Stable,2025-1,global
202650,Stable,2025-1,global
202634,Stable,2025-1,global
198630,Stable,2025-1,global
198627,Stable,2025-1,global
198725,Stable,2025-1,global
198726,Stable,2025-1,global
198611,Stable,2025-1,global
198614,Stable,2025-1,global
190100,Stable,2025-1,global
198620,Stable,2025-1,global
190453,Stable,2025-1,global
198742,Stable,2025-1,global
198739,Stable,2025-1,global
198565,Stable,2025-1,global
190197,Stable,2025-1,global
190261,Stable,2025-1,global
190314,Stable,2025-1,global
190317,Stable,2025-1,global
190390,Stable,2025-1,global
198616,Stable,2025-1,global
13486222,Stable,2025-1,global
13487740,Stable,2025-1,global
15521985,Stable,2025-1,global
15522201,Stable,2025-1,global
15598524,Stable,2025-1,global
15598550,Stable,2025-1,global
15598596,Stable,2025-1,global
15598639,Stable,2025-1,global
15598669,Stable,2025-1,global
15598778,Stable,2025-1,global
15598809,Stable,2025-1,global
15598812,Stable,2025-1,global
15599123,Stable,2025-1,global
15599136,Stable,2025-1,global
15599150,Stable,2025-1,global
15600450,Stable,2025-1,global
15600453,Stable,2025-1,global
15601872,Stable,2025-1,global
15601881,Stable,2025-1,global
15601894,Stable,2025-1,global
15602438,Stable,2025-1,global
15602947,Stable,2025-1,global
15622230,Stable,2025-1,global
15622835,Stable,2025-1,global
15623244,Stable,2025-1,global
15623258,Stable,2025-1,global
16505650,Stable,2025-1,global
16431725,Stable,2025-1,global
16505619,Stable,2025-1,global
16439236,Stable,2025-1,global
16438701,Stable,2025-1,global
16439757,Stable,2025-1,global
16441575,Stable,2025-1,global
16440027,Stable,2025-1,global
16506766,Stable,2025-1,global
16435325,Stable,2025-1,global
16431946,Stable,2025-1,global
16411567,Stable,2025-1,global
16438022,Stable,2025-1,global
16506931,Stable,2025-1,global
16507307,Stable,2025-1,global
16507347,Stable,2025-1,global
16507442,Stable,2025-1,global
190241,Stable,2025-1,global
190469,Stable,2025-1,global
190387,Stable,2025-1,global
190387,Stable,2025-1,caribbean
190387,Stable,2025-1,gulf_of mexico
190307,Stable,2025-1,global
190213,Stable,2025-1,global
190164,Stable,2025-1,global
190451,Stable,2025-1,global
190412,Stable,2025-1,global
190407,Stable,2025-1,global
190079,Stable,2025-1,global
190428,Stable,2025-1,global
190428,Stable,2025-1,caribbean
190253,Stable,2025-1,global
190253,Stable,2025-1,caribbean
190076,Stable,2025-1,global
190076,Stable,2025-1,caribbean
190325,Stable,2025-1,global
190151,Stable,2025-1,global
190129,Stable,2025-1,global
190417,Stable,2025-1,global
16509008,Stable,2025-1,global
16509126,Stable,2025-1,global
16509242,Stable,2025-1,global
16509297,Stable,2025-1,global
161388,Stable,2025-1,mediterranean
161398,Stable,2025-1,mediterranean
41747,Stable,2025-1,mediterranean
161328,Stable,2025-1,mediterranean
10030,Stable,2025-1,mediterranean
16545346,Stable,2025-1,global
16545360,Stable,2025-1,global
16545360,Stable,2025-1,caribbean
16545326,Stable,2025-1,global
16545326,Stable,2025-1,caribbean
16546127,Stable,2025-1,global
16546127,Stable,2025-1,caribbean
16546144,Stable,2025-1,global
16546023,Stable,2025-1,global
63146,Stable,2025-1,mediterranean
195098,Stable,2025-1,global
190432,Stable,2025-1,global
198561,Stable,2025-1,global
198670,Stable,2025-1,global
16777231,Stable,2025-1,global
16778632,Stable,2025-1,global
16781189,Stable,2025-1,global
183310,Stable,2025-1,global
183646,Stable,2025-1,global
190762,Stable,2025-1,global
190770,Stable,2025-1,global
183468,Stable,2025-1,global
154677,Stable,2025-1,global
183839,Stable,2025-1,global
154676,Stable,2025-1,global
154971,Stable,2025-1,global
190135,Stable,2025-1,global
170350,Stable,2025-1,europe
154712,Stable,2025-1,europe
170331,Stable,2025-1,europe
170355,Stable,2025-1,europe
170345,Stable,2025-1,europe
170310,Stable,2025-1,europe
155096,Stable,2025-1,europe
202406,Stable,2025-1,global
166481,Stable,2025-1,global
202560,Stable,2025-1,global
184088,Stable,2025-1,global
202381,Stable,2025-1,global
202670,Stable,2025-1,global
202405,Stable,2025-1,global
189824,Stable,2025-1,global
195003,Stable,2025-1,europe
198573,Stable,2025-1,europe
198577,Stable,2025-1,europe
10103,Stable,2025-1,global
198776,Stable,2025-1,europe
198730,Stable,2025-1,europe
198579,Stable,2025-1,europe
19922686,Stable,2025-1,global
18257762,Stable,2025-1,global
18257762,Stable,2025-1,europe
170153,Stable,2025-1,global
20664248,Stable,2025-1,global
20885891,Stable,2025-1,global
198706,Stable,2025-1,europe
177521,Stable,2025-1,global
194812,Stable,2025-1,europe
21110117,Stable,2025-1,global
198640,Stable,2025-1,global
198660,Stable,2025-1,global
198570,Stable,2025-1,global
198662,Stable,2025-1,global
21130196,Stable,2025-1,global
18158583,Stable,2025-1,global
21131347,Stable,2025-1,global
21131356,Stable,2025-1,global
21132856,Stable,2025-1,global
21133195,Stable,2025-1,global
198769,Stable,2025-1,global
21133207,Stable,2025-1,global
170251,Stable,2025-1,europe
170260,Stable,2025-1,europe
170160,Stable,2025-1,europe
170169,Stable,2025-1,europe
170253,Stable,2025-1,europe
42568145,Stable,2025-1,global
132764,Stable,2025-1,global
198711,Stable,2025-1,global
132820,Stable,2025-1,global
190300,Stable,2025-1,global
198757,Stable,2025-1,global
190133,Stable,2025-1,global
18252619,Stable,2025-1,global
18252629,Stable,2025-1,global
18252702,Stable,2025-1,global
21132828,Stable,2025-1,global
132727,Stable,2025-1,global
21132355,Stable,2025-1,global
198551,Stable,2025-1,global
198713,Stable,2025-1,global
198715,Stable,2025-1,global
198716,Stable,2025-1,global
170155,Stable,2025-1,europe
15307971,Stable,2025-1,global
15307979,Stable,2025-1,global
15307981,Stable,2025-1,global
42830204,Stable,2025-1,global
198772,Stable,2025-1,global
18158331,Stable,2025-1,global
195097,Stable,2025-1,global
198645,Stable,2025-1,global
198646,Stable,2025-1,global
21113110,Stable,2025-1,global
21113038,Stable,2025-1,global
198641,Stable,2025-1,global
21113041,Stable,2025-1,global
43270317,Stable,2025-1,global
21113051,Stable,2025-1,global
15147715,Stable,2025-1,europe
190265,Stable,2025-1,europe
18140291,Stable,2025-1,europe
195886,Stable,2025-1,europe
198627,Stable,2025-1,europe
190444,Stable,2025-1,europe
18140341,Stable,2025-1,europe
185168,Stable,2025-1,europe
185126,Stable,2025-1,europe
185165,Stable,2025-1,europe
185180,Stable,2025-1,europe
185156,Stable,2025-1,global
185156,Stable,2025-1,europe
185128,Stable,2025-1,europe
185181,Stable,2025-1,europe
185162,Stable,2025-1,global
185162,Stable,2025-1,europe
185193,Stable,2025-1,europe
185185,Stable,2025-1,europe
185127,Stable,2025-1,europe
185175,Stable,2025-1,europe
198632,Stable,2025-1,europe
198564,Stable,2025-1,europe
198634,Stable,2025-1,europe
198635,Stable,2025-1,europe
198554,Stable,2025-1,global
198554,Stable,2025-1,europe
198637,Stable,2025-1,global
198637,Stable,2025-1,europe
198644,Stable,2025-1,europe
198647,Stable,2025-1,europe
198624,Stable,2025-1,europe
18138815,Stable,2025-1,europe
18258072,Stable,2025-1,global
18258072,Stable,2025-1,europe
187751,Stable,2025-1,europe
187541,Stable,2025-1,europe
187397,Stable,2025-1,europe
190710,Stable,2025-1,europe
187714,Stable,2025-1,global
187714,Stable,2025-1,europe
187475,Stable,2025-1,europe
187748,Stable,2025-1,europe
187653,Stable,2025-1,europe
187805,Stable,2025-1,europe
187418,Stable,2025-1,europe
187696,Stable,2025-1,europe
198670,Stable,2025-1,europe
198671,Stable,2025-1,europe
198673,Stable,2025-1,europe
176811,Stable,2025-1,global
185155,Stable,2025-1,europe
18158483,Stable,2025-1,europe
155068,Stable,2025-1,europe
190080,Stable,2025-1,europe
198651,Stable,2025-1,europe
18227119,Stable,2025-1,europe
198605,Stable,2025-1,global
198605,Stable,2025-1,europe
198606,Stable,2025-1,europe
198607,Stable,2025-1,europe
198658,Stable,2025-1,europe
198660,Stable,2025-1,europe
198570,Stable,2025-1,europe
198662,Stable,2025-1,europe
18160428,Stable,2025-1,europe
18252612,Stable,2025-1,europe
190300,Stable,2025-1,europe
198757,Stable,2025-1,europe
18252616,Stable,2025-1,europe
190133,Stable,2025-1,europe
18252619,Stable,2025-1,europe
18252629,Stable,2025-1,europe
198590,Stable,2025-1,global
198590,Stable,2025-1,europe
198672,Stable,2025-1,europe
194974,Stable,2025-1,europe
198611,Stable,2025-1,europe
190390,Stable,2025-1,europe
198612,Stable,2025-1,europe
154995,Stable,2025-1,europe
198613,Stable,2025-1,europe
154729,Stable,2025-1,europe
198614,Stable,2025-1,europe
198615,Stable,2025-1,europe
198618,Stable,2025-1,europe
198620,Stable,2025-1,europe
190425,Stable,2025-1,europe
190453,Stable,2025-1,europe
15600731,Stable,2025-1,europe
190261,Stable,2025-1,europe
198621,Stable,2025-1,europe
15601872,Stable,2025-1,europe
18129278,Stable,2025-1,europe
190466,Stable,2025-1,europe
195851,Stable,2025-1,europe
190157,Stable,2025-1,europe
2062,Stable,2025-1,global
13583,Stable,2025-1,global
18214757,Stable,2025-1,europe
10097,Stable,2025-1,europe
18227047,Stable,2025-1,europe
18227064,Stable,2025-1,global
18227064,Stable,2025-1,europe
18177522,Stable,2025-1,europe
18252941,Stable,2025-1,europe
198758,Stable,2025-1,europe
18252952,Stable,2025-1,europe
188324,Stable,2025-1,europe
198746,Stable,2025-1,europe
198734,Stable,2025-1,europe
18253276,Stable,2025-1,europe
198760,Stable,2025-1,europe
190324,Stable,2025-1,europe
190149,Stable,2025-1,europe
198563,Stable,2025-1,europe
155246,Stable,2025-1,europe
193691,Stable,2025-1,europe
190193,Stable,2025-1,europe
198719,Stable,2025-1,europe
198750,Stable,2025-1,europe
198546,Stable,2025-1,europe
185146,Stable,2025-1,europe
179034,Stable,2025-1,europe
155186,Stable,2025-1,persian_gulf
154811,Stable,2025-1,global
183308,Stable,2025-1,global
18258249,Stable,2025-1,global
18258249,Stable,2025-1,europe
132751,Stable,2025-1,global
170328,Stable,2025-1,global
170329,Stable,2025-1,global
170344,Stable,2025-1,global
170355,Stable,2025-1,global
46079096,Stable,2025-1,global
46079214,Stable,2025-1,global
46079217,Stable,2025-1,global
46079226,Stable,2025-1,global
46079239,Stable,2025-1,global
46079290,Stable,2025-1,global
46079321,Stable,2025-1,global
46079476,Stable,2025-1,global
46079519,Stable,2025-1,global
46079775,Stable,2025-1,global
46079801,Stable,2025-1,global
46079816,Stable,2025-1,global
46079840,Stable,2025-1,global
46097197,Stable,2025-1,global
46102071,Stable,2025-1,global
10089,Stable,2025-1,global
132729,Stable,2025-1,global
132761,Stable,2025-1,global
132819,Stable,2025-1,global
132830,Stable,2025-1,global
155096,Stable,2025-1,global
155276,Stable,2025-1,global
170307,Stable,2025-1,global
170331,Stable,2025-1,global
170339,Stable,2025-1,global
170345,Stable,2025-1,global
170349,Stable,2025-1,global
189823,Stable,2025-1,global
190095,Stable,2025-1,global
191191,Stable,2025-1,global
46104049,Stable,2025-1,global
46104136,Stable,2025-1,global
47145548,Stable,2025-1,global
47145548,Stable,2025-1,caribbean
47145611,Stable,2025-1,global
47145611,Stable,2025-1,caribbean
48342237,Stable,2025-1,global
48342518,Stable,2025-1,global
48342182,Stable,2025-1,global
48342233,Stable,2025-1,global
48342130,Stable,2025-1,global
48342204,Stable,2025-1,global
48342379,Stable,2025-1,global
48342164,Stable,2025-1,global
48342329,Stable,2025-1,global
48342425,Stable,2025-1,global
48342345,Stable,2025-1,global
48342217,Stable,2025-1,global
46104170,Stable,2025-1,global
48342433,Stable,2025-1,global
48342230,Stable,2025-1,global
48342485,Stable,2025-1,global
48342394,Stable,2025-1,global
48342389,Stable,2025-1,global
48342238,Stable,2025-1,global
48342530,Stable,2025-1,global
48342168,Stable,2025-1,global
48342493,Stable,2025-1,global
48342469,Stable,2025-1,global
48342513,Stable,2025-1,global
48342193,Stable,2025-1,global
48342103,Stable,2025-1,global
48342346,Stable,2025-1,global
48342441,Stable,2025-1,global
48342148,Stable,2025-1,global
48342264,Stable,2025-1,global
48342464,Stable,2025-1,global
48342455,Stable,2025-1,global
48342240,Stable,2025-1,global
172376,Stable,2025-1,global
48342185,Stable,2025-1,global
48342325,Stable,2025-1,global
48342115,Stable,2025-1,global
48342333,Stable,2025-1,global
48342505,Stable,2025-1,global
48342314,Stable,2025-1,global
48342197,Stable,2025-1,global
46079868,Stable,2025-1,global
48320326,Stable,2025-1,global
48342186,Stable,2025-1,global
46104176,Stable,2025-1,global
48342173,Stable,2025-1,global
48342273,Stable,2025-1,global
48342260,Stable,2025-1,global
48342093,Stable,2025-1,global
48342097,Stable,2025-1,global
196308,Stable,2025-1,global
48342486,Stable,2025-1,global
48342153,Stable,2025-1,global
48342160,Stable,2025-1,global
48342332,Stable,2025-1,global
48342218,Stable,2025-1,global
48342171,Stable,2025-1,global
48342195,Stable,2025-1,global
48342451,Stable,2025-1,global
48342312,Stable,2025-1,global
48342282,Stable,2025-1,global
48342534,Stable,2025-1,global
48342428,Stable,2025-1,global
48342092,Stable,2025-1,global
48321164,Stable,2025-1,global
48321151,Stable,2025-1,global
48342352,Stable,2025-1,global
48342162,Stable,2025-1,global
48342232,Stable,2025-1,global
48342292,Stable,2025-1,global
48342129,Stable,2025-1,global
48342248,Stable,2025-1,global
48342391,Stable,2025-1,global
48342134,Stable,2025-1,global
48342341,Stable,2025-1,global
48342416,Stable,2025-1,global
18263684,Stable,2025-1,global
48321090,Stable,2025-1,global
48342105,Stable,2025-1,global
46104208,Stable,2025-1,global
48342208,Stable,2025-1,global
48342125,Stable,2025-1,global
48342200,Stable,2025-1,global
48342320,Stable,2025-1,global
48342502,Stable,2025-1,global
198632,Stable,2025-1,global
48342471,Stable,2025-1,global
48342142,Stable,2025-1,global
48342123,Stable,2025-1,global
196307,Stable,2025-1,global
48342174,Stable,2025-1,global
48342359,Stable,2025-1,global
48342405,Stable,2025-1,global
48342309,Stable,2025-1,global
48342274,Stable,2025-1,global
48342521,Stable,2025-1,global
48342234,Stable,2025-1,global
48342177,Stable,2025-1,global
48342456,Stable,2025-1,global
48342206,Stable,2025-1,global
48342287,Stable,2025-1,global
48342525,Stable,2025-1,global
48342477,Stable,2025-1,global
48342519,Stable,2025-1,global
48342290,Stable,2025-1,global
196310,Stable,2025-1,global
48342109,Stable,2025-1,global
48342191,Stable,2025-1,global
48342298,Stable,2025-1,global
48342303,Stable,2025-1,global
48342289,Stable,2025-1,global
48342512,Stable,2025-1,global
48342422,Stable,2025-1,global
48342496,Stable,2025-1,global
48321442,Stable,2025-1,global
48342427,Stable,2025-1,global
46079924,Stable,2025-1,global
48342137,Stable,2025-1,global
48342285,Stable,2025-1,global
48342482,Stable,2025-1,global
46079911,Stable,2025-1,global
48342504,Stable,2025-1,global
48342376,Stable,2025-1,global
48342524,Stable,2025-1,global
48342417,Stable,2025-1,global
48321143,Stable,2025-1,global
48342475,Stable,2025-1,global
48342210,Stable,2025-1,global
48342099,Stable,2025-1,global
172487,Stable,2025-1,global
48342254,Stable,2025-1,global
48342281,Stable,2025-1,global
48342228,Stable,2025-1,global
48342278,Stable,2025-1,global
48342117,Stable,2025-1,global
48342126,Stable,2025-1,global
46080080,Stable,2025-1,global
48342122,Stable,2025-1,global
48342170,Stable,2025-1,global
48342144,Stable,2025-1,global
48342133,Stable,2025-1,global
48342305,Stable,2025-1,global
48342277,Stable,2025-1,global
48342381,Stable,2025-1,global
46104116,Stable,2025-1,global
48342410,Stable,2025-1,global
48342101,Stable,2025-1,global
48342516,Stable,2025-1,global
48342179,Stable,2025-1,global
198774,Stable,2025-1,global
48342366,Stable,2025-1,global
48342321,Stable,2025-1,global
48342349,Stable,2025-1,global
48342111,Stable,2025-1,global
48342176,Stable,2025-1,global
48342119,Stable,2025-1,global
48342436,Stable,2025-1,global
48342442,Stable,2025-1,global
46080101,Stable,2025-1,global
48321557,Stable,2025-1,global
48342378,Stable,2025-1,global
48342149,Stable,2025-1,global
48342154,Stable,2025-1,global
48342529,Stable,2025-1,global
48342256,Stable,2025-1,global
48342201,Stable,2025-1,global
48342225,Stable,2025-1,global
48342187,Stable,2025-1,global
48342431,Stable,2025-1,global
48342250,Stable,2025-1,global
48342489,Stable,2025-1,global
48342223,Stable,2025-1,global
48342213,Stable,2025-1,global
48342402,Stable,2025-1,global
48342535,Stable,2025-1,global
48342265,Stable,2025-1,global
46104251,Stable,2025-1,global
48342397,Stable,2025-1,global
48342372,Stable,2025-1,global
46104272,Stable,2025-1,global
48342383,Stable,2025-1,global
48342166,Stable,2025-1,global
48342219,Stable,2025-1,global
48342411,Stable,2025-1,global
48342342,Stable,2025-1,global
48342498,Stable,2025-1,global
48342501,Stable,2025-1,global
48342488,Stable,2025-1,global
48342259,Stable,2025-1,global
48342244,Stable,2025-1,global
48342420,Stable,2025-1,global
48342448,Stable,2025-1,global
48342449,Stable,2025-1,global
48342269,Stable,2025-1,global
48342316,Stable,2025-1,global
48342306,Stable,2025-1,global
48342398,Stable,2025-1,global
48342246,Stable,2025-1,global
46080159,Stable,2025-1,global
48342317,Stable,2025-1,global
48342445,Stable,2025-1,global
48342145,Stable,2025-1,global
48342492,Stable,2025-1,global
48342337,Stable,2025-1,global
48342412,Stable,2025-1,global
48342462,Stable,2025-1,global
46104227,Stable,2025-1,global
48342354,Stable,2025-1,global
48342373,Stable,2025-1,global
48342392,Stable,2025-1,global
48342229,Stable,2025-1,global
48342458,Stable,2025-1,global
48342271,Stable,2025-1,global
48342466,Stable,2025-1,global
48342089,Stable,2025-1,global
46080027,Stable,2025-1,global
48342307,Stable,2025-1,global
48342356,Stable,2025-1,global
48342362,Stable,2025-1,global
48342198,Stable,2025-1,global
48342258,Stable,2025-1,global
48321178,Stable,2025-1,global
48342499,Stable,2025-1,global
48342508,Stable,2025-1,global
48342326,Stable,2025-1,global
48342371,Stable,2025-1,global
48342400,Stable,2025-1,global
48342437,Stable,2025-1,global
48342460,Stable,2025-1,global
48342300,Stable,2025-1,global
48342473,Stable,2025-1,global
48342295,Stable,2025-1,global
48342262,Stable,2025-1,global
161666,Stable,2025-1,global
161666,Stable,2025-1,europe
63104,Stable,2025-1,europe
63103,Stable,2025-1,europe
60242,Stable,2025-1,europe
161377,Stable,2025-1,europe
161388,Stable,2025-1,europe
161398,Stable,2025-1,europe
46864,Stable,2025-1,europe
63126,Stable,2025-1,europe
60212,Stable,2025-1,europe
63146,Stable,2025-1,europe
161491,Stable,2025-1,europe
60140,Stable,2025-1,europe
10030,Stable,2025-1,europe
39357,Stable,2025-1,europe
161705,Stable,2025-1,europe
44565,Stable,2025-1,europe
39400,Stable,2025-1,europe
161542,Stable,2025-1,europe
161521,Stable,2025-1,europe
4292,Stable,2025-1,europe
161345,Stable,2025-1,europe
161366,Stable,2025-1,europe
161328,Stable,2025-1,europe
41830,Stable,2025-1,europe
187678,Stable,2025-1,global
187678,Stable,2025-1,europe
187775,Stable,2025-1,global
187775,Stable,2025-1,europe
187775,Stable,2025-1,mediterranean
187756,Stable,2025-1,global
187756,Stable,2025-1,europe
187756,Stable,2025-1,mediterranean
187492,Stable,2025-1,global
187492,Stable,2025-1,europe
187573,Stable,2025-1,global
187573,Stable,2025-1,europe
194898,Stable,2025-1,global
194898,Stable,2025-1,europe
194898,Stable,2025-1,mediterranean
194815,Stable,2025-1,global
194815,Stable,2025-1,europe
194815,Stable,2025-1,mediterranean
194844,Stable,2025-1,global
194844,Stable,2025-1,europe
194844,Stable,2025-1,mediterranean
194843,Stable,2025-1,global
194843,Stable,2025-1,europe
194855,Stable,2025-1,global
194855,Stable,2025-1,europe
154972,Stable,2025-1,global
154972,Stable,2025-1,europe
194895,Stable,2025-1,global
194895,Stable,2025-1,europe
194895,Stable,2025-1,mediterranean
194896,Stable,2025-1,global
194896,Stable,2025-1,europe
187752,Stable,2025-1,europe
50078139,Stable,2025-1,europe
8097,Stable,2025-1,global
50010589,Stable,2025-1,mediterranean
50020828,Stable,2025-1,mediterranean
50020621,Stable,2025-1,global
50020621,Stable,2025-1,mediterranean
50020577,Stable,2025-1,mediterranean
133135,Stable,2025-1,mediterranean
50149031,Stable,2025-1,mediterranean
50161029,Stable,2025-1,mediterranean
50160805,Stable,2025-1,mediterranean
50113030,Stable,2025-1,mediterranean
50148877,Stable,2025-1,mediterranean
50148989,Stable,2025-1,mediterranean
50853886,Stable,2025-1,global
18123647,Stable,2025-1,global
199622,Stable,2025-1,global
18155925,Stable,2025-1,europe
155013,Stable,2025-1,europe
185129,Stable,2025-1,europe
46096953,Stable,2025-1,persian_gulf
49676740,Stable,2025-1,persian_gulf
46078923,Stable,2025-1,persian_gulf
46078939,Stable,2025-1,persian_gulf
197016,Stable,2025-1,persian_gulf
166926,Stable,2025-1,persian_gulf
169632,Stable,2025-1,persian_gulf
193587,Stable,2025-1,persian_gulf
46079519,Stable,2025-1,persian_gulf
46079868,Stable,2025-1,persian_gulf
172487,Stable,2025-1,persian_gulf
165696,Stable,2025-1,persian_gulf
165626,Stable,2025-1,persian_gulf
46093157,Stable,2025-1,persian_gulf
46081746,Stable,2025-1,persian_gulf
46081803,Stable,2025-1,persian_gulf
54007371,Stable,2025-1,persian_gulf
54007396,Stable,2025-1,persian_gulf
166919,Stable,2025-1,persian_gulf
50902961,Stable,2025-1,persian_gulf
46082431,Stable,2025-1,persian_gulf
193048,Stable,2025-1,persian_gulf
46085734,Stable,2025-1,persian_gulf
49677217,Stable,2025-1,persian_gulf
194435,Stable,2025-1,persian_gulf
172404,Stable,2025-1,persian_gulf
194438,Stable,2025-1,persian_gulf
155330,Stable,2025-1,persian_gulf
18161519,Stable,2025-1,persian_gulf
187381,Stable,2025-1,persian_gulf
194370,Stable,2025-1,persian_gulf
194335,Stable,2025-1,persian_gulf
18257687,Stable,2025-1,persian_gulf
46086626,Stable,2025-1,persian_gulf
46086669,Stable,2025-1,persian_gulf
50903138,Stable,2025-1,persian_gulf
46087155,Stable,2025-1,persian_gulf
165833,Stable,2025-1,persian_gulf
188609,Stable,2025-1,persian_gulf
188438,Stable,2025-1,persian_gulf
188339,Stable,2025-1,persian_gulf
188525,Stable,2025-1,persian_gulf
188328,Stable,2025-1,persian_gulf
188380,Stable,2025-1,persian_gulf
46087926,Stable,2025-1,persian_gulf
46088026,Stable,2025-1,persian_gulf
46088136,Stable,2025-1,persian_gulf
190190,Stable,2025-1,persian_gulf
155268,Stable,2025-1,persian_gulf
46088346,Stable,2025-1,persian_gulf
203423,Stable,2025-1,persian_gulf
172419,Stable,2025-1,persian_gulf
46095532,Stable,2025-1,persian_gulf
46096138,Stable,2025-1,persian_gulf
190399,Stable,2025-1,persian_gulf
18178598,Stable,2025-1,persian_gulf
46088493,Stable,2025-1,persian_gulf
46088509,Stable,2025-1,persian_gulf
18178601,Stable,2025-1,persian_gulf
46088524,Stable,2025-1,persian_gulf
46088557,Stable,2025-1,persian_gulf
180694,Stable,2025-1,persian_gulf
166892,Stable,2025-1,persian_gulf
54007477,Stable,2025-1,persian_gulf
187935,Stable,2025-1,persian_gulf
46088584,Stable,2025-1,persian_gulf
190090,Stable,2025-1,persian_gulf
46088797,Stable,2025-1,persian_gulf
188487,Stable,2025-1,persian_gulf
899,Stable,2025-1,global
19388,Stable,2025-1,global
19861,Stable,2025-1,global
155201,Stable,2025-1,global
196315,Stable,2025-1,global
196371,Stable,2025-1,global
57509876,Stable,2025-1,global
166433,Stable,2025-1,global
91182641,Stable,2025-1,global
172326,Stable,2025-1,global
18140291,Stable,2025-1,global
198564,Stable,2025-1,global
60469224,Stable,2025-1,global
18252612,Stable,2025-1,global
18238049,Stable,2025-1,global
41665,Stable,2025-1,global
61984292,Stable,2025-1,europe
18139615,Stable,2025-1,global
61984292,Stable,2025-1,global
197038,Stable,2025-1,persian_gulf
64239743,Stable,2025-1,global
169599,Stable,2025-1,global
65476763,Stable,2025-1,mediterranean
49254470,Stable,2025-1,global
20249232,Stable,2025-1,global
20252738,Stable,2025-1,global
194843,Stable,2025-1,mediterranean
194855,Stable,2025-1,mediterranean
187492,Stable,2025-1,mediterranean
187573,Stable,2025-1,mediterranean
259406860,Stable,2025-1,global
20433442,Stable,2025-1,global
20436632,Stable,2025-1,global
20430510,Stable,2025-1,global
20437665,Stable,2025-1,global
20437678,Stable,2025-1,global
20431506,Stable,2025-1,global
20433543,Stable,2025-1,global
67852269,Stable,2025-1,global
67856085,Stable,2025-1,global
194910,Stable,2025-1,global
68308968,Stable,2025-1,global
68329804,Stable,2025-1,global
41720,Stable,2025-1,global
41733,Stable,2025-1,global
41739,Stable,2025-1,global
41753,Stable,2025-1,global
195448,Stable,2025-1,global
41818,Stable,2025-1,global
39334,Stable,2025-1,global
39355,Stable,2025-1,global
63165,Stable,2025-1,global
42716,Stable,2025-1,global
161709,Stable,2025-1,global
161370,Stable,2025-1,global
41846,Stable,2025-1,global
41862,Stable,2025-1,global
41863,Stable,2025-1,global
60080,Stable,2025-1,global
60082,Stable,2025-1,global
60083,Stable,2025-1,global
60084,Stable,2025-1,global
60089,Stable,2025-1,global
60090,Stable,2025-1,global
60092,Stable,2025-1,global
60093,Stable,2025-1,global
60094,Stable,2025-1,global
60097,Stable,2025-1,global
60098,Stable,2025-1,global
60102,Stable,2025-1,global
60103,Stable,2025-1,global
60106,Stable,2025-1,global
195810,Stable,2025-1,europe
190456,Stable,2025-1,gulf_of mexico
190241,Stable,2025-1,gulf_of mexico
185972,Stable,2025-1,gulf_of mexico
185989,Stable,2025-1,gulf_of mexico
185994,Stable,2025-1,gulf_of mexico
185998,Stable,2025-1,gulf_of mexico
185997,Stable,2025-1,gulf_of mexico
185874,Stable,2025-1,gulf_of mexico
185963,Stable,2025-1,gulf_of mexico
16545360,Stable,2025-1,gulf_of mexico
190079,Stable,2025-1,gulf_of mexico
16546023,Stable,2025-1,gulf_of mexico
190253,Stable,2025-1,gulf_of mexico
16546127,Stable,2025-1,gulf_of mexico
16546144,Stable,2025-1,gulf_of mexico
47147574,Stable,2025-1,gulf_of mexico
47147749,Stable,2025-1,gulf_of mexico
69539374,Stable,2025-1,global
69539571,Stable,2025-1,global
46105847,Stable,2025-1,gulf_of mexico
193270,Stable,2025-1,gulf_of mexico
16435325,Stable,2025-1,gulf_of mexico
190325,Stable,2025-1,gulf_of mexico
190348,Stable,2025-1,gulf_of mexico
190151,Stable,2025-1,gulf_of mexico
190135,Stable,2025-1,gulf_of mexico
69584035,Stable,2025-1,global
69584408,Stable,2025-1,global
69586372,Stable,2025-1,global
69588828,Stable,2025-1,global
69588992,Stable,2025-1,global
69589036,Stable,2025-1,global
69589636,Stable,2025-1,global
69590668,Stable,2025-1,global
69590742,Stable,2025-1,global
69590949,Stable,2025-1,global
69590993,Stable,2025-1,global
69591014,Stable,2025-1,global
69591045,Stable,2025-1,global
69591446,Stable,2025-1,global
69591645,Stable,2025-1,global
69591708,Stable,2025-1,global
69591800,Stable,2025-1,global
69591878,Stable,2025-1,global
69592021,Stable,2025-1,global
69592082,Stable,2025-1,global
69741115,Stable,2025-1,global
191822,Stable,2025-1,gulf_of mexico
192934,Stable,2025-1,gulf_of mexico
169955,Stable,2025-1,global
177982,Stable,2025-1,gulf_of mexico
177953,Stable,2025-1,gulf_of mexico
155310,Stable,2025-1,gulf_of mexico
191191,Stable,2025-1,gulf_of mexico
46104049,Stable,2025-1,gulf_of mexico
198632,Stable,2025-1,gulf_of mexico
46104116,Stable,2025-1,gulf_of mexico
46104136,Stable,2025-1,gulf_of mexico
185179,Stable,2025-1,gulf_of mexico
165695,Stable,2025-1,gulf_of mexico
165611,Stable,2025-1,gulf_of mexico
155220,Stable,2025-1,gulf_of mexico
165637,Stable,2025-1,gulf_of mexico
165627,Stable,2025-1,gulf_of mexico
189823,Stable,2025-1,gulf_of mexico
46104170,Stable,2025-1,gulf_of mexico
46104176,Stable,2025-1,gulf_of mexico
132761,Stable,2025-1,gulf_of mexico
132827,Stable,2025-1,gulf_of mexico
132830,Stable,2025-1,gulf_of mexico
132729,Stable,2025-1,gulf_of mexico
61984292,Stable,2025-1,gulf_of mexico
187696,Stable,2025-1,gulf_of mexico
46104208,Stable,2025-1,gulf_of mexico
46104227,Stable,2025-1,gulf_of mexico
46104251,Stable,2025-1,gulf_of mexico
155167,Stable,2025-1,gulf_of mexico
46104272,Stable,2025-1,gulf_of mexico
154837,Stable,2025-1,gulf_of mexico
165832,Stable,2025-1,gulf_of mexico
165883,Stable,2025-1,gulf_of mexico
165879,Stable,2025-1,gulf_of mexico
165887,Stable,2025-1,gulf_of mexico
165898,Stable,2025-1,gulf_of mexico
188581,Stable,2025-1,gulf_of mexico
188434,Stable,2025-1,gulf_of mexico
188551,Stable,2025-1,gulf_of mexico
188539,Stable,2025-1,gulf_of mexico
68308968,Stable,2025-1,gulf_of mexico
170223,Stable,2025-1,gulf_of mexico
170243,Stable,2025-1,gulf_of mexico
170250,Stable,2025-1,gulf_of mexico
202406,Stable,2025-1,gulf_of mexico
135567,Stable,2025-1,gulf_of mexico
70686656,Stable,2025-1,global
190332,Stable,2025-1,europe
16431757,Stable,2025-1,europe
16509126,Stable,2025-1,europe
60470687,Stable,2025-1,europe
21132828,Stable,2025-1,europe
15598524,Stable,2025-1,europe
190317,Stable,2025-1,europe
15598550,Stable,2025-1,europe
15598596,Stable,2025-1,europe
15598639,Stable,2025-1,europe
190197,Stable,2025-1,europe
15598778,Stable,2025-1,europe
15598812,Stable,2025-1,europe
15598887,Stable,2025-1,europe
15599067,Stable,2025-1,europe
15599060,Stable,2025-1,europe
15599123,Stable,2025-1,europe
15600453,Stable,2025-1,europe
47269908,Stable,2025-1,global
75156647,Stable,2025-1,global
133085,Stable,2025-1,mediterranean
170603,Stable,2025-1,global
170603,Stable,2025-1,europe
170344,Stable,2025-1,gulf_of mexico
154712,Stable,2025-1,gulf_of mexico
170350,Stable,2025-1,gulf_of mexico
170307,Stable,2025-1,gulf_of mexico
190190,Stable,2025-1,gulf_of mexico
170331,Stable,2025-1,gulf_of mexico
170355,Stable,2025-1,gulf_of mexico
170345,Stable,2025-1,gulf_of mexico
170310,Stable,2025-1,gulf_of mexico
155096,Stable,2025-1,gulf_of mexico
170339,Stable,2025-1,gulf_of mexico
155276,Stable,2025-1,gulf_of mexico
190393,Stable,2025-1,gulf_of mexico
190461,Stable,2025-1,gulf_of mexico
155075,Stable,2025-1,gulf_of mexico
198650,Stable,2025-1,gulf_of mexico
155068,Stable,2025-1,gulf_of mexico
190080,Stable,2025-1,gulf_of mexico
198651,Stable,2025-1,gulf_of mexico
13487740,Stable,2025-1,gulf_of mexico
20885891,Stable,2025-1,gulf_of mexico
198670,Stable,2025-1,gulf_of mexico
16407132,Stable,2025-1,gulf_of mexico
16431946,Stable,2025-1,gulf_of mexico
190469,Stable,2025-1,gulf_of mexico
16509126,Stable,2025-1,gulf_of mexico
20664248,Stable,2025-1,gulf_of mexico
154806,Stable,2025-1,gulf_of mexico
16778632,Stable,2025-1,gulf_of mexico
16509008,Stable,2025-1,gulf_of mexico
190095,Stable,2025-1,gulf_of mexico
190090,Stable,2025-1,gulf_of mexico
190444,Stable,2025-1,gulf_of mexico
190332,Stable,2025-1,gulf_of mexico
190377,Stable,2025-1,gulf_of mexico
193647,Stable,2025-1,gulf_of mexico
190347,Stable,2025-1,gulf_of mexico
194909,Stable,2025-1,gulf_of mexico
198561,Stable,2025-1,gulf_of mexico
190129,Stable,2025-1,gulf_of mexico
16438022,Stable,2025-1,gulf_of mexico
170334,Stable,2025-1,mediterranean
16439236,Stable,2025-1,gulf_of mexico
16777231,Stable,2025-1,gulf_of mexico
16431725,Stable,2025-1,gulf_of mexico
190458,Stable,2025-1,gulf_of mexico
190407,Stable,2025-1,gulf_of mexico
16406979,Stable,2025-1,gulf_of mexico
190183,Stable,2025-1,gulf_of mexico
191829,Stable,2025-1,gulf_of mexico
16431757,Stable,2025-1,gulf_of mexico
16437187,Stable,2025-1,gulf_of mexico
16439848,Stable,2025-1,gulf_of mexico
190164,Stable,2025-1,gulf_of mexico
16440027,Stable,2025-1,gulf_of mexico
190452,Stable,2025-1,gulf_of mexico
190388,Stable,2025-1,gulf_of mexico
16506931,Stable,2025-1,gulf_of mexico
16507307,Stable,2025-1,gulf_of mexico
16507347,Stable,2025-1,gulf_of mexico
16507442,Stable,2025-1,gulf_of mexico
78763353,Stable,2025-1,global
78771528,Stable,2025-1,global
78771692,Stable,2025-1,global
195098,Stable,2025-1,gulf_of mexico
16507729,Stable,2025-1,gulf_of mexico
190307,Stable,2025-1,gulf_of mexico
16505619,Stable,2025-1,gulf_of mexico
16505650,Stable,2025-1,gulf_of mexico
185923,Stable,2025-1,gulf_of mexico
185926,Stable,2025-1,gulf_of mexico
185937,Stable,2025-1,gulf_of mexico
190973,Stable,2025-1,gulf_of mexico
185931,Stable,2025-1,gulf_of mexico
185936,Stable,2025-1,gulf_of mexico
185866,Stable,2025-1,gulf_of mexico
185865,Stable,2025-1,gulf_of mexico
46104928,Stable,2025-1,gulf_of mexico
196690,Stable,2025-1,global
196690,Stable,2025-1,caribbean
196690,Stable,2025-1,gulf_of mexico
190222,Stable,2025-1,gulf_of mexico
154631,Stable,2025-1,gulf_of mexico
16438701,Stable,2025-1,gulf_of mexico
79800448,Stable,2025-1,global
79800582,Stable,2025-1,global
79800879,Stable,2025-1,global
79801109,Stable,2025-1,global
79801139,Stable,2025-1,global
79801152,Stable,2025-1,global
79801482,Stable,2025-1,global
79803245,Stable,2025-1,global
80671020,Stable,2025-1,global
161706,Stable,2025-1,global
161319,Stable,2025-1,global
161594,Stable,2025-1,global
161466,Stable,2025-1,global
161595,Stable,2025-1,global
60108,Stable,2025-1,global
44514,Stable,2025-1,global
44205,Stable,2025-1,global
44183,Stable,2025-1,global
18258249,Stable,2025-1,mediterranean
181984,Stable,2025-1,global
185963,Stable,2025-1,global
185972,Stable,2025-1,global
185989,Stable,2025-1,global
192934,Stable,2025-1,global
193270,Stable,2025-1,global
46105847,Stable,2025-1,global
47147457,Stable,2025-1,global
47147468,Stable,2025-1,global
47147574,Stable,2025-1,global
47147749,Stable,2025-1,global
188595,Stable,2025-1,global
83284529,Stable,2025-1,global
169967,Stable,2025-1,global
183703,Stable,2025-1,global
22680391,Stable,2025-1,global
155755,Stable,2025-1,global
155755,Stable,2025-1,europe
170598,Stable,2025-1,global
170598,Stable,2025-1,europe
166863,Stable,2025-1,persian_gulf
185127,Stable,2025-1,global
190329,Stable,2025-1,global
191309,Stable,2025-1,global
190458,Stable,2025-1,global
191829,Stable,2025-1,global
191207,Stable,2025-1,global
191207,Stable,2025-1,caribbean
191207,Stable,2025-1,gulf_of mexico
185128,Stable,2025-1,global
22693133,Stable,2025-1,global
22693207,Stable,2025-1,global
22693220,Stable,2025-1,global
22694782,Stable,2025-1,global
15522042,Stable,2025-1,global
22716971,Stable,2025-1,global
195700,Stable,2025-1,persian_gulf
195803,Stable,2025-1,persian_gulf
196326,Stable,2025-1,global
91081361,Stable,2025-1,global
169551,Stable,2025-1,global
180650,Stable,2025-1,global
91221467,Stable,2025-1,global
181156,Stable,2025-1,global
22679978,Stable,2025-1,global
22683744,Stable,2025-1,global
22692425,Stable,2025-1,global
22692535,Stable,2025-1,global
22693644,Stable,2025-1,global
22695021,Stable,2025-1,global
22696247,Stable,2025-1,global
22696931,Stable,2025-1,global
22697004,Stable,2025-1,global
22697017,Stable,2025-1,global
22697314,Stable,2025-1,global
22697519,Stable,2025-1,global
22697561,Stable,2025-1,global
22697564,Stable,2025-1,global
103709500,Stable,2025-1,global
22727265,Stable,2025-1,global
22729692,Stable,2025-1,global
61634940,Stable,2025-1,global
61709172,Stable,2025-1,global
62120280,Stable,2025-1,global
95568324,Stable,2025-1,global
9266,Stable,2025-1,global
195080,Stable,2025-1,global
222,Stable,2025-1,global
234,Stable,2025-1,global
198748,Stable,2025-1,europe
190377,Stable,2025-1,global
4131,Stable,2025-1,global
184679,Stable,2025-1,global
184679,Stable,2025-1,pan-africa
98735314,Stable,2025-1,persian_gulf
98735411,Stable,2025-1,persian_gulf
98471004,Stable,2025-1,global
98888849,Stable,2025-1,global
132809,Stable,2025-1,global
132781,Stable,2025-1,global
39773,Stable,2025-1,global
132808,Stable,2025-1,global
132743,Stable,2025-1,global
132732,Stable,2025-1,global
132733,Stable,2025-1,global
132757,Stable,2025-1,global
132783,Stable,2025-1,global
132744,Stable,2025-1,global
64398,Stable,2025-1,global
132778,Stable,2025-1,global
132750,Stable,2025-1,global
132766,Stable,2025-1,global
132788,Stable,2025-1,global
132745,Stable,2025-1,global
132747,Stable,2025-1,global
132822,Stable,2025-1,global
132738,Stable,2025-1,global
194970,Stable,2025-1,global
226538829,Stable,2025-1,global
906,Stable,2025-1,global
221231352,Stable,2025-1,global
191211,Stable,2025-1,global
39399,Stable,2025-1,europe
103687308,Stable,2025-1,global
198636,Stable,2025-1,global
198636,Stable,2025-1,europe
104039923,Stable,2025-1,global
104167060,Stable,2025-1,global
47407786,Stable,2025-1,global
47407786,Stable,2025-1,arabian_sea
22694764,Stable,2025-1,global
114165891,Stable,2025-1,global
114175363,Stable,2025-1,global
154613,Stable,2025-1,global
154660,Stable,2025-1,global
154683,Stable,2025-1,global
154707,Stable,2025-1,global
154741,Stable,2025-1,global
154805,Stable,2025-1,global
154843,Stable,2025-1,global
154844,Stable,2025-1,global
154859,Stable,2025-1,global
154878,Stable,2025-1,global
154944,Stable,2025-1,global
154956,Stable,2025-1,global
154961,Stable,2025-1,global
154984,Stable,2025-1,global
154991,Stable,2025-1,global
155035,Stable,2025-1,global
155042,Stable,2025-1,global
155087,Stable,2025-1,global
155245,Stable,2025-1,global
155246,Stable,2025-1,global
155291,Stable,2025-1,global
155302,Stable,2025-1,global
158626,Stable,2025-1,global
190080,Stable,2025-1,global
190090,Stable,2025-1,global
190183,Stable,2025-1,global
190332,Stable,2025-1,global
190388,Stable,2025-1,global
190393,Stable,2025-1,global
190444,Stable,2025-1,global
190452,Stable,2025-1,global
190461,Stable,2025-1,global
198650,Stable,2025-1,global
198651,Stable,2025-1,global
203423,Stable,2025-1,global
16406979,Stable,2025-1,global
16407132,Stable,2025-1,global
16431757,Stable,2025-1,global
16437187,Stable,2025-1,global
16439848,Stable,2025-1,global
16507729,Stable,2025-1,global
18124179,Stable,2025-1,global
18177499,Stable,2025-1,global
20429950,Stable,2025-1,global
46086532,Stable,2025-1,global
50903119,Stable,2025-1,global
50903138,Stable,2025-1,global
50903263,Stable,2025-1,global
65375397,Stable,2025-1,global
69181884,Stable,2025-1,global
69182011,Stable,2025-1,global
69738808,Stable,2025-1,global
69921254,Stable,2025-1,global
69921994,Stable,2025-1,global
69922114,Stable,2025-1,global
69922164,Stable,2025-1,global
69922228,Stable,2025-1,global
70010936,Stable,2025-1,global
70011147,Stable,2025-1,global
70011163,Stable,2025-1,global
70011310,Stable,2025-1,global
70011384,Stable,2025-1,global
70011518,Stable,2025-1,global
70011608,Stable,2025-1,global
54007412,Stable,2025-1,global
54007412,Stable,2025-1,persian_gulf
176738,Stable,2025-1,global
114179505,Stable,2025-1,global
114179753,Stable,2025-1,global
114179968,Stable,2025-1,global
114180058,Stable,2025-1,global
39356,Stable,2025-1,global
41752,Stable,2025-1,global
41799,Stable,2025-1,global
41800,Stable,2025-1,global
41826,Stable,2025-1,global
41827,Stable,2025-1,global
195487,Stable,2025-1,global
116855925,Stable,2025-1,global
116857982,Stable,2025-1,global
116861529,Stable,2025-1,global
117007332,Stable,2025-1,global
22708541,Stable,2025-1,global
22698246,Stable,2025-1,global
22138,Stable,2025-1,global
22140,Stable,2025-1,global
48342180,Stable,2025-1,global
117839264,Stable,2025-1,global
118358912,Stable,2025-1,global
79919017,Stable,2025-1,global
18435930,Stable,2025-1,global
123321057,Stable,2025-1,global
11060,Stable,2025-1,global
169365,Stable,2025-1,global
196324,Stable,2025-1,global
202833,Stable,2025-1,global
122898736,Stable,2025-1,global
122903281,Stable,2025-1,global
122905606,Stable,2025-1,global
122913501,Stable,2025-1,global
123355754,Stable,2025-1,global
123358376,Stable,2025-1,global
123482239,Stable,2025-1,global
123491609,Stable,2025-1,global
2636,Stable,2025-1,global
39342,Stable,2025-1,global
39362,Stable,2025-1,global
41743,Stable,2025-1,global
41794,Stable,2025-1,global
41795,Stable,2025-1,global
41873,Stable,2025-1,global
42700,Stable,2025-1,global
42701,Stable,2025-1,global
44207,Stable,2025-1,global
44207,Stable,2025-1,europe
44210,Stable,2025-1,global
44211,Stable,2025-1,global
44212,Stable,2025-1,global
44213,Stable,2025-1,global
44214,Stable,2025-1,global
44216,Stable,2025-1,global
44217,Stable,2025-1,global
44218,Stable,2025-1,global
44219,Stable,2025-1,global
44220,Stable,2025-1,global
44224,Stable,2025-1,global
44229,Stable,2025-1,global
171728748,Stable,2025-1,global
44515,Stable,2025-1,global
44564,Stable,2025-1,global
44566,Stable,2025-1,global
44568,Stable,2025-1,global
44570,Stable,2025-1,global
44572,Stable,2025-1,global
44573,Stable,2025-1,global
44574,Stable,2025-1,global
44576,Stable,2025-1,global
44579,Stable,2025-1,global
44599,Stable,2025-1,global
44601,Stable,2025-1,global
44602,Stable,2025-1,global
44611,Stable,2025-1,global
44612,Stable,2025-1,global
44618,Stable,2025-1,global
44619,Stable,2025-1,global
44620,Stable,2025-1,global
44639,Stable,2025-1,global
44643,Stable,2025-1,global
44650,Stable,2025-1,global
44651,Stable,2025-1,global
44654,Stable,2025-1,global
44655,Stable,2025-1,global
44657,Stable,2025-1,global
60107,Stable,2025-1,global
60110,Stable,2025-1,global
60111,Stable,2025-1,global
60116,Stable,2025-1,global
60132,Stable,2025-1,global
60139,Stable,2025-1,global
60145,Stable,2025-1,global
60146,Stable,2025-1,global
60164,Stable,2025-1,global
60183,Stable,2025-1,global
60185,Stable,2025-1,global
60188,Stable,2025-1,global
60191,Stable,2025-1,global
60193,Stable,2025-1,global
60196,Stable,2025-1,global
60197,Stable,2025-1,global
60210,Stable,2025-1,global
60211,Stable,2025-1,global
60229,Stable,2025-1,global
60232,Stable,2025-1,global
60233,Stable,2025-1,global
60237,Stable,2025-1,global
60238,Stable,2025-1,global
60240,Stable,2025-1,global
60241,Stable,2025-1,global
60242,Stable,2025-1,global
60243,Stable,2025-1,global
60244,Stable,2025-1,global
60247,Stable,2025-1,global
61399,Stable,2025-1,global
61403,Stable,2025-1,global
63103,Stable,2025-1,global
63104,Stable,2025-1,global
63112,Stable,2025-1,global
63115,Stable,2025-1,global
63120,Stable,2025-1,global
63120,Stable,2025-1,europe
63122,Stable,2025-1,global
63123,Stable,2025-1,global
63125,Stable,2025-1,global
63125,Stable,2025-1,europe
63126,Stable,2025-1,global
63140,Stable,2025-1,global
63148,Stable,2025-1,global
63159,Stable,2025-1,global
63160,Stable,2025-1,global
63162,Stable,2025-1,global
63164,Stable,2025-1,global
161317,Stable,2025-1,global
161324,Stable,2025-1,global
161327,Stable,2025-1,global
161330,Stable,2025-1,global
161333,Stable,2025-1,global
161336,Stable,2025-1,global
161338,Stable,2025-1,global
161347,Stable,2025-1,global
161350,Stable,2025-1,global
161358,Stable,2025-1,global
161359,Stable,2025-1,global
161364,Stable,2025-1,global
161367,Stable,2025-1,global
161371,Stable,2025-1,global
161372,Stable,2025-1,global
161374,Stable,2025-1,global
161375,Stable,2025-1,global
161377,Stable,2025-1,global
169237868,Stable,2025-1,global
161381,Stable,2025-1,global
161391,Stable,2025-1,global
161398,Stable,2025-1,global
161307554,Stable,2025-1,global
161402,Stable,2025-1,global
161406,Stable,2025-1,global
161415,Stable,2025-1,global
161416,Stable,2025-1,global
161417,Stable,2025-1,global
161421,Stable,2025-1,global
161422,Stable,2025-1,global
161423,Stable,2025-1,global
161424,Stable,2025-1,global
161430,Stable,2025-1,global
161432,Stable,2025-1,global
161308360,Stable,2025-1,global
161437,Stable,2025-1,global
161440,Stable,2025-1,global
161441,Stable,2025-1,global
161444,Stable,2025-1,global
161446,Stable,2025-1,global
161448,Stable,2025-1,global
161449,Stable,2025-1,global
161450,Stable,2025-1,global
161451,Stable,2025-1,global
161455,Stable,2025-1,global
161462,Stable,2025-1,global
161471,Stable,2025-1,global
161473,Stable,2025-1,global
161475,Stable,2025-1,global
161479,Stable,2025-1,global
161494,Stable,2025-1,global
161497,Stable,2025-1,global
161498,Stable,2025-1,global
161504,Stable,2025-1,global
161508,Stable,2025-1,global
161512,Stable,2025-1,global
161521,Stable,2025-1,global
161522,Stable,2025-1,global
161527,Stable,2025-1,global
161528,Stable,2025-1,global
161529,Stable,2025-1,global
161534,Stable,2025-1,global
161544,Stable,2025-1,global
161556,Stable,2025-1,global
161561,Stable,2025-1,global
161567,Stable,2025-1,global
161578,Stable,2025-1,global
161581,Stable,2025-1,global
161584,Stable,2025-1,global
161585,Stable,2025-1,global
161600,Stable,2025-1,global
161601,Stable,2025-1,global
161604,Stable,2025-1,global
161605,Stable,2025-1,global
161606,Stable,2025-1,global
161614,Stable,2025-1,global
161619,Stable,2025-1,global
161622,Stable,2025-1,global
161623,Stable,2025-1,global
161634,Stable,2025-1,global
161641,Stable,2025-1,global
161642,Stable,2025-1,global
161650,Stable,2025-1,global
161656,Stable,2025-1,global
161661,Stable,2025-1,global
161668,Stable,2025-1,global
161670,Stable,2025-1,global
161672,Stable,2025-1,global
161673,Stable,2025-1,global
161673,Stable,2025-1,europe
161673,Stable,2025-1,mediterranean
161674,Stable,2025-1,global
161676,Stable,2025-1,global
161693,Stable,2025-1,global
161705,Stable,2025-1,global
161708,Stable,2025-1,global
161711,Stable,2025-1,global
161712,Stable,2025-1,global
161714,Stable,2025-1,global
161721,Stable,2025-1,global
161722,Stable,2025-1,global
161732,Stable,2025-1,global
161739,Stable,2025-1,global
161742,Stable,2025-1,global
195427,Stable,2025-1,global
195428,Stable,2025-1,global
195429,Stable,2025-1,global
195430,Stable,2025-1,global
195431,Stable,2025-1,global
195432,Stable,2025-1,global
124356938,Stable,2025-1,global
195433,Stable,2025-1,global
195434,Stable,2025-1,global
195435,Stable,2025-1,global
195465,Stable,2025-1,global
195468,Stable,2025-1,global
124357112,Stable,2025-1,global
18901743,Stable,2025-1,global
124357844,Stable,2025-1,global
124357891,Stable,2025-1,global
124397220,Stable,2025-1,global
41030,Stable,2025-1,global
18214570,Stable,2025-1,global
190082,Stable,2025-1,global
166856,Stable,2025-1,global
166470,Stable,2025-1,global
8806,Stable,2025-1,global
193120,Stable,2025-1,global
129302685,Stable,2025-1,global
129495825,Stable,2025-1,global
129495856,Stable,2025-1,global
192943,Stable,2025-1,global
191108,Stable,2025-1,global
191368,Stable,2025-1,global
130389813,Stable,2025-1,global
66296722,Stable,2025-1,global
22720722,Stable,2025-1,global
183848,Stable,2025-1,global
192929,Stable,2025-1,global
22683099,Stable,2025-1,global
22683106,Stable,2025-1,global
22696980,Stable,2025-1,global
22718501,Stable,2025-1,global
22679843,Stable,2025-1,global
22679958,Stable,2025-1,global
22705929,Stable,2025-1,global
22717629,Stable,2025-1,global
22718567,Stable,2025-1,global
22718571,Stable,2025-1,global
22724178,Stable,2025-1,global
22680485,Stable,2025-1,global
22697203,Stable,2025-1,global
22718770,Stable,2025-1,global
22718833,Stable,2025-1,global
22724323,Stable,2025-1,global
22724326,Stable,2025-1,global
103817982,Stable,2025-1,global
22734070,Stable,2025-1,global
22694299,Stable,2025-1,global
132441735,Stable,2025-1,global
22680047,Stable,2025-1,global
22680455,Stable,2025-1,global
22694160,Stable,2025-1,global
22694210,Stable,2025-1,global
22694218,Stable,2025-1,global
22694240,Stable,2025-1,global
22694245,Stable,2025-1,global
22694251,Stable,2025-1,global
22694271,Stable,2025-1,global
22694279,Stable,2025-1,global
22694286,Stable,2025-1,global
22694289,Stable,2025-1,global
22694343,Stable,2025-1,global
22694384,Stable,2025-1,global
22694387,Stable,2025-1,global
22694452,Stable,2025-1,global
22694542,Stable,2025-1,global
22694561,Stable,2025-1,global
22694571,Stable,2025-1,global
22694641,Stable,2025-1,global
22694651,Stable,2025-1,global
22694805,Stable,2025-1,global
22694830,Stable,2025-1,global
22694864,Stable,2025-1,global
22696686,Stable,2025-1,global
22697728,Stable,2025-1,global
22697782,Stable,2025-1,global
22697842,Stable,2025-1,global
22697870,Stable,2025-1,global
22697875,Stable,2025-1,global
22697879,Stable,2025-1,global
22697885,Stable,2025-1,global
22697990,Stable,2025-1,global
22698005,Stable,2025-1,global
22698030,Stable,2025-1,global
22698062,Stable,2025-1,global
22698080,Stable,2025-1,global
22698119,Stable,2025-1,global
22698124,Stable,2025-1,global
22698128,Stable,2025-1,global
22698132,Stable,2025-1,global
22698150,Stable,2025-1,global
22698182,Stable,2025-1,global
22698222,Stable,2025-1,global
22698277,Stable,2025-1,global
22698314,Stable,2025-1,global
22698365,Stable,2025-1,global
22698393,Stable,2025-1,global
22698436,Stable,2025-1,global
22698485,Stable,2025-1,global
22698520,Stable,2025-1,global
22728328,Stable,2025-1,global
22735624,Stable,2025-1,global
22736135,Stable,2025-1,global
104062546,Stable,2025-1,global
22680033,Stable,2025-1,global
22733705,Stable,2025-1,global
22727746,Stable,2025-1,global
22696756,Stable,2025-1,global
22696869,Stable,2025-1,global
22696840,Stable,2025-1,global
22696876,Stable,2025-1,global
15622590,Stable,2025-1,global
5374,Stable,2025-1,global
135509,Stable,2025-1,global
135660,Stable,2025-1,global
135708,Stable,2025-1,global
135719,Stable,2025-1,global
188116,Stable,2025-1,global
112664049,Stable,2025-1,global
197038,Stable,2025-1,global
135579,Stable,2025-1,mediterranean
176719,Stable,2025-1,global
135714,Stable,2025-1,mediterranean
135681,Stable,2025-1,mediterranean
135526,Stable,2025-1,global
135656,Stable,2025-1,global
135682,Stable,2025-1,global
135622,Stable,2025-1,global
225345598,Stable,2025-1,global
13232,Stable,2025-1,global
22721046,Stable,2025-1,global
22718560,Stable,2025-1,global
22709707,Stable,2025-1,global
22705999,Stable,2025-1,global
22700321,Stable,2025-1,global
22721123,Stable,2025-1,global
22696631,Stable,2025-1,global
22680402,Stable,2025-1,global
195489,Stable,2025-1,global
103054942,Stable,2025-1,global
164513,Stable,2025-1,global
191664,Stable,2025-1,global
161653,Stable,2025-1,global
110903105,Stable,2025-1,global
141747777,Stable,2025-1,global
172456,Stable,2025-1,global
91350886,Stable,2025-1,global
98899826,Stable,2025-1,global
144135467,Stable,2025-1,global
144152304,Stable,2025-1,global
144153067,Stable,2025-1,global
144162359,Stable,2025-1,global
144201289,Stable,2025-1,global
198732,Stable,2025-1,global
145199567,Stable,2025-1,global
22696628,Stable,2025-1,global
193092,Stable,2025-1,global
149255832,Stable,2025-1,global
141483498,Stable,2025-1,global
196351,Stable,2025-1,global
154731,Stable,2025-1,global
22698252,Stable,2025-1,global
22696649,Stable,2025-1,global
153198442,Stable,2025-1,global
22696453,Stable,2025-1,global
22694591,Stable,2025-1,global
22693289,Stable,2025-1,global
22698535,Stable,2025-1,global
22686815,Stable,2025-1,global
22693770,Stable,2025-1,global
62120190,Stable,2025-1,global
22729877,Stable,2025-1,global
156757703,Stable,2025-1,global
156761995,Stable,2025-1,global
22694479,Stable,2025-1,global
154833,Stable,2025-1,global
154977,Stable,2025-1,global
154845,Stable,2025-1,global
155183,Stable,2025-1,global
22697755,Stable,2025-1,global
158624714,Stable,2025-1,global
158625076,Stable,2025-1,global
158625197,Stable,2025-1,global
158625570,Stable,2025-1,global
158625603,Stable,2025-1,global
158625653,Stable,2025-1,global
158625914,Stable,2025-1,global
158625941,Stable,2025-1,global
158631442,Stable,2025-1,global
158631782,Stable,2025-1,global
158631806,Stable,2025-1,global
158632595,Stable,2025-1,global
158632875,Stable,2025-1,global
158633085,Stable,2025-1,global
195023,Stable,2025-1,global
159638212,Stable,2025-1,global
198668,Stable,2025-1,global
198668,Stable,2025-1,europe
169646,Stable,2025-1,global
159668848,Stable,2025-1,global
159708969,Stable,2025-1,global
159709497,Stable,2025-1,global
159715311,Stable,2025-1,global
159715391,Stable,2025-1,global
19014407,Stable,2025-1,global
166951,Stable,2025-1,global
160966744,Stable,2025-1,global
161064452,Stable,2025-1,global
161068903,Stable,2025-1,global
161077896,Stable,2025-1,global
162154636,Stable,2025-1,global
169359,Stable,2025-1,global
196396,Stable,2025-1,global
162209242,Stable,2025-1,global
162209351,Stable,2025-1,global
162209907,Stable,2025-1,global
162209990,Stable,2025-1,global
162215596,Stable,2025-1,global
162215695,Stable,2025-1,global
162215826,Stable,2025-1,global
162215884,Stable,2025-1,global
162216008,Stable,2025-1,global
162216137,Stable,2025-1,global
18227047,Stable,2025-1,global
162708774,Stable,2025-1,global
162917863,Stable,2025-1,global
162917933,Stable,2025-1,global
162918261,Stable,2025-1,global
162918363,Stable,2025-1,global
162918625,Stable,2025-1,global
162918438,Stable,2025-1,global
162926133,Stable,2025-1,global
41793,Stable,2025-1,global
22728182,Stable,2025-1,global
12302,Stable,2025-1,global
195090,Stable,2025-1,global
133657,Stable,2025-1,global
22679881,Stable,2025-1,europe
22679946,Stable,2025-1,europe
22680024,Stable,2025-1,europe
22680339,Stable,2025-1,europe
22680423,Stable,2025-1,europe
22680459,Stable,2025-1,europe
22680465,Stable,2025-1,europe
22680683,Stable,2025-1,europe
22692792,Stable,2025-1,europe
22693150,Stable,2025-1,europe
22693158,Stable,2025-1,europe
22693369,Stable,2025-1,europe
22693727,Stable,2025-1,europe
22693749,Stable,2025-1,europe
22694064,Stable,2025-1,europe
22694127,Stable,2025-1,europe
22694251,Stable,2025-1,europe
22694324,Stable,2025-1,europe
22694343,Stable,2025-1,europe
22694476,Stable,2025-1,europe
22694524,Stable,2025-1,europe
22694629,Stable,2025-1,europe
22695344,Stable,2025-1,europe
22696500,Stable,2025-1,europe
22696545,Stable,2025-1,europe
22696602,Stable,2025-1,europe
22697123,Stable,2025-1,europe
22697211,Stable,2025-1,europe
22697842,Stable,2025-1,europe
22706016,Stable,2025-1,europe
22709707,Stable,2025-1,europe
22710051,Stable,2025-1,europe
22710259,Stable,2025-1,europe
22710886,Stable,2025-1,europe
22713491,Stable,2025-1,europe
22716976,Stable,2025-1,europe
22735995,Stable,2025-1,europe
22736135,Stable,2025-1,europe
62026481,Stable,2025-1,europe
156661882,Stable,2025-1,global
22694934,Stable,2025-1,global
22683634,Stable,2025-1,global
22694794,Stable,2025-1,global
22698201,Stable,2025-1,global
169231349,Stable,2025-1,global
169232559,Stable,2025-1,global
170306,Stable,2025-1,global
170319,Stable,2025-1,global
170320,Stable,2025-1,global
170325,Stable,2025-1,global
170330,Stable,2025-1,global
170337,Stable,2025-1,global
161501,Stable,2025-1,global
183158,Stable,2025-1,global
22695115,Stable,2025-1,global
3381,Stable,2025-1,global
166138,Stable,2025-1,global
172443,Stable,2025-1,global
180926,Stable,2025-1,global
197036,Stable,2025-1,global
104166988,Stable,2025-1,global
175970827,Stable,2025-1,global
175979454,Stable,2025-1,global
176108239,Stable,2025-1,global
176485916,Stable,2025-1,global
176486224,Stable,2025-1,global
124569516,Stable,2025-1,mediterranean
124569516,Stable,2025-1,europe
89808701,Stable,2025-1,global
165866,Stable,2025-1,global
22717428,Stable,2025-1,global
22694552,Stable,2025-1,global
22693814,Stable,2025-1,global
179944289,Stable,2025-1,global
179946647,Stable,2025-1,global
22680459,Stable,2025-1,global
22696730,Stable,2025-1,global
22718588,Stable,2025-1,global
60138,Stable,2025-1,global
185198377,Stable,2025-1,global
22693839,Stable,2025-1,global
22695909,Stable,2025-1,global
161454,Stable,2025-1,global
22729877,Stable,2025-1,europe
60246,Stable,2025-1,global
63106,Stable,2025-1,global
60228,Stable,2025-1,global
44641,Stable,2025-1,global
161686,Stable,2025-1,global
201621105,Stable,2025-1,global
135608,Stable,2025-1,global
22697805,Stable,2025-1,global
22689535,Stable,2025-1,global
22695344,Stable,2025-1,global
61709141,Stable,2025-1,global
170334,Stable,2025-1,global
22696500,Stable,2025-1,global
181568721,Stable,2025-1,global
161481,Stable,2025-1,global
60109,Stable,2025-1,global
152784569,Stable,2025-1,global
39327,Stable,2025-1,global
103798418,Stable,2025-1,global
22698042,Stable,2025-1,global
211715807,Stable,2025-1,global
211717877,Stable,2025-1,global
211718188,Stable,2025-1,global
104167028,Stable,2025-1,global
104167083,Stable,2025-1,global
22729604,Stable,2025-1,global
22693656,Stable,2025-1,global
22683310,Stable,2025-1,global
198667,Stable,2025-1,europe
22713500,Stable,2025-1,global
22823,Stable,2025-1,europe
22696846,Stable,2025-1,global
22692920,Stable,2025-1,global
17027,Stable,2025-1,europe
11141,Stable,2025-1,europe
11142,Stable,2025-1,europe
2474,Stable,2025-1,europe
219308115,Stable,2025-1,global
219308246,Stable,2025-1,global
219308371,Stable,2025-1,global
75545675,Stable,2025-1,global
219317214,Stable,2025-1,global
197735582,Stable,2025-1,global
219328070,Stable,2025-1,global
5363,Stable,2025-1,europe
5370,Stable,2025-1,europe
5374,Stable,2025-1,europe
19861,Stable,2025-1,europe
899,Stable,2025-1,europe
18160537,Stable,2025-1,global
22680153,Stable,2025-1,global
152781715,Stable,2025-1,global
227122183,Stable,2025-1,global
22693570,Stable,2025-1,global
135673,Stable,2025-1,global
234768980,Stable,2025-1,global
252245735,Stable,2025-1,global
22693720,Stable,2025-1,global
22693709,Stable,2025-1,global
22679836,Stable,2025-1,global
22696589,Stable,2025-1,global
60235,Stable,2025-1,global
216558622,Stable,2025-1,global
257332767,Stable,2025-1,global
161622,Stable,2025-1,europe
60144,Stable,2025-1,global
18258202,Stable,2025-1,global
18258202,Stable,2025-1,europe
22693404,Stable,2025-1,global
22693341,Stable,2025-1,global
22693472,Stable,2025-1,global
22693277,Stable,2025-1,global
22724271,Stable,2025-1,global
22683982,Stable,2025-1,global
22681885,Stable,2025-1,global
22725908,Stable,2025-1,global
22725900,Stable,2025-1,global
22683093,Stable,2025-1,global
22695363,Stable,2025-1,global
22683037,Stable,2025-1,global
61650582,Stable,2025-1,global
22689985,Stable,2025-1,global
22689906,Stable,2025-1,global
22686831,Stable,2025-1,global
22683422,Stable,2025-1,global
22696719,Stable,2025-1,global
22736215,Stable,2025-1,global
22683117,Stable,2025-1,global
22693556,Stable,2025-1,global
22713615,Stable,2025-1,global
22702107,Stable,2025-1,global
22702103,Stable,2025-1,global
22700216,Stable,2025-1,global
103800445,Stable,2025-1,global
22717336,Stable,2025-1,global
22702649,Stable,2025-1,global
103799817,Stable,2025-1,global
22714859,Stable,2025-1,global
22712065,Stable,2025-1,global
103795069,Stable,2025-1,global
22712198,Stable,2025-1,global
22733311,Stable,2025-1,global
22718414,Stable,2025-1,global
22718371,Stable,2025-1,global
22718375,Stable,2025-1,global
22718187,Stable,2025-1,global
22718194,Stable,2025-1,global
103818044,Stable,2025-1,global
22716976,Stable,2025-1,global
22706016,Stable,2025-1,global
22692643,Stable,2025-1,global
22679846,Stable,2025-1,global
22680387,Stable,2025-1,global
22680130,Stable,2025-1,global
22694132,Stable,2025-1,global
22680310,Stable,2025-1,global
22693872,Stable,2025-1,global
22696725,Stable,2025-1,global
22697219,Stable,2025-1,global
22696705,Stable,2025-1,global
22680240,Stable,2025-1,global
22697133,Stable,2025-1,global
22693852,Stable,2025-1,global
22680015,Stable,2025-1,global
22694081,Stable,2025-1,global
22697595,Stable,2025-1,global
22680221,Stable,2025-1,global
22696596,Stable,2025-1,global
22693528,Stable,2025-1,global
22694791,Stable,2025-1,global
22697608,Stable,2025-1,global
11058,Unknown,2025-1,global
13520,Unknown,2025-1,global
154656,Unknown,2025-1,global
154767,Unknown,2025-1,global
154871,Unknown,2025-1,global
155020,Unknown,2025-1,global
155051,Unknown,2025-1,global
155080,Unknown,2025-1,global
155207,Unknown,2025-1,global
155259,Unknown,2025-1,global
155273,Unknown,2025-1,global
155535,Unknown,2025-1,global
155535,Unknown,2025-1,mediterranean
155630,Unknown,2025-1,europe
15873,Unknown,2025-1,global
16012,Unknown,2025-1,global
161517,Unknown,2025-1,global
161731,Unknown,2025-1,global
162494,Unknown,2025-1,global
162495,Unknown,2025-1,global
162496,Unknown,2025-1,global
162497,Unknown,2025-1,global
162498,Unknown,2025-1,global
162499,Unknown,2025-1,global
162500,Unknown,2025-1,global
162501,Unknown,2025-1,global
162502,Unknown,2025-1,global
162503,Unknown,2025-1,global
162504,Unknown,2025-1,global
162505,Unknown,2025-1,global
162506,Unknown,2025-1,global
162508,Unknown,2025-1,global
162509,Unknown,2025-1,global
162510,Unknown,2025-1,global
162511,Unknown,2025-1,global
162512,Unknown,2025-1,global
162513,Unknown,2025-1,global
162514,Unknown,2025-1,global
162515,Unknown,2025-1,global
162516,Unknown,2025-1,global
162517,Unknown,2025-1,global
162518,Unknown,2025-1,global
162519,Unknown,2025-1,global
162520,Unknown,2025-1,global
162521,Unknown,2025-1,global
162522,Unknown,2025-1,global
162523,Unknown,2025-1,global
162524,Unknown,2025-1,global
162525,Unknown,2025-1,global
162526,Unknown,2025-1,global
162527,Unknown,2025-1,global
162528,Unknown,2025-1,global
162529,Unknown,2025-1,global
162530,Unknown,2025-1,global
162532,Unknown,2025-1,global
162533,Unknown,2025-1,global
162535,Unknown,2025-1,global
162536,Unknown,2025-1,global
162537,Unknown,2025-1,global
162538,Unknown,2025-1,global
162539,Unknown,2025-1,global
162540,Unknown,2025-1,global
162541,Unknown,2025-1,global
162542,Unknown,2025-1,global
162543,Unknown,2025-1,global
162544,Unknown,2025-1,global
162545,Unknown,2025-1,global
162547,Unknown,2025-1,global
162548,Unknown,2025-1,global
162549,Unknown,2025-1,global
162550,Unknown,2025-1,global
162551,Unknown,2025-1,global
162552,Unknown,2025-1,global
162553,Unknown,2025-1,global
162554,Unknown,2025-1,global
162555,Unknown,2025-1,global
162556,Unknown,2025-1,global
162557,Unknown,2025-1,global
162558,Unknown,2025-1,global
162559,Unknown,2025-1,global
162560,Unknown,2025-1,global
162561,Unknown,2025-1,global
162562,Unknown,2025-1,global
162563,Unknown,2025-1,global
162564,Unknown,2025-1,global
162565,Unknown,2025-1,global
162566,Unknown,2025-1,global
162567,Unknown,2025-1,global
162568,Unknown,2025-1,global
162569,Unknown,2025-1,global
162570,Unknown,2025-1,global
162571,Unknown,2025-1,global
162572,Unknown,2025-1,global
162573,Unknown,2025-1,global
162574,Unknown,2025-1,global
162575,Unknown,2025-1,global
162576,Unknown,2025-1,global
162577,Unknown,2025-1,global
162578,Unknown,2025-1,global
162579,Unknown,2025-1,global
162580,Unknown,2025-1,global
162581,Unknown,2025-1,global
162582,Unknown,2025-1,global
162583,Unknown,2025-1,global
162584,Unknown,2025-1,global
162585,Unknown,2025-1,global
162586,Unknown,2025-1,global
162587,Unknown,2025-1,global
162588,Unknown,2025-1,global
162589,Unknown,2025-1,global
162590,Unknown,2025-1,global
162591,Unknown,2025-1,global
162592,Unknown,2025-1,global
162593,Unknown,2025-1,global
162594,Unknown,2025-1,global
162595,Unknown,2025-1,global
162596,Unknown,2025-1,global
162597,Unknown,2025-1,global
162598,Unknown,2025-1,global
162599,Unknown,2025-1,global
162600,Unknown,2025-1,global
162601,Unknown,2025-1,global
162602,Unknown,2025-1,global
162603,Unknown,2025-1,global
162604,Unknown,2025-1,global
162605,Unknown,2025-1,global
162606,Unknown,2025-1,global
162608,Unknown,2025-1,global
162609,Unknown,2025-1,global
162610,Unknown,2025-1,global
162611,Unknown,2025-1,global
162612,Unknown,2025-1,global
162613,Unknown,2025-1,global
162614,Unknown,2025-1,global
162615,Unknown,2025-1,global
162616,Unknown,2025-1,global
162617,Unknown,2025-1,global
162618,Unknown,2025-1,global
162619,Unknown,2025-1,global
162620,Unknown,2025-1,global
162621,Unknown,2025-1,global
162622,Unknown,2025-1,global
162623,Unknown,2025-1,global
162624,Unknown,2025-1,global
162625,Unknown,2025-1,global
162626,Unknown,2025-1,global
162628,Unknown,2025-1,global
162629,Unknown,2025-1,global
162630,Unknown,2025-1,global
162631,Unknown,2025-1,global
162633,Unknown,2025-1,global
162634,Unknown,2025-1,global
162635,Unknown,2025-1,global
162637,Unknown,2025-1,global
162638,Unknown,2025-1,global
162639,Unknown,2025-1,global
162640,Unknown,2025-1,global
162641,Unknown,2025-1,global
162642,Unknown,2025-1,global
162643,Unknown,2025-1,global
162644,Unknown,2025-1,global
162645,Unknown,2025-1,global
162646,Unknown,2025-1,global
162647,Unknown,2025-1,global
162648,Unknown,2025-1,global
162649,Unknown,2025-1,global
162650,Unknown,2025-1,global
162651,Unknown,2025-1,global
162652,Unknown,2025-1,global
162653,Unknown,2025-1,global
162654,Unknown,2025-1,global
162655,Unknown,2025-1,global
162656,Unknown,2025-1,global
162657,Unknown,2025-1,global
162658,Unknown,2025-1,global
162659,Unknown,2025-1,global
162662,Unknown,2025-1,global
162663,Unknown,2025-1,global
162664,Unknown,2025-1,global
162665,Unknown,2025-1,global
162666,Unknown,2025-1,global
162667,Unknown,2025-1,global
162668,Unknown,2025-1,global
162669,Unknown,2025-1,global
162670,Unknown,2025-1,global
162672,Unknown,2025-1,global
162673,Unknown,2025-1,global
162674,Unknown,2025-1,global
162676,Unknown,2025-1,global
162677,Unknown,2025-1,global
162678,Unknown,2025-1,global
162679,Unknown,2025-1,global
162680,Unknown,2025-1,global
162681,Unknown,2025-1,global
162682,Unknown,2025-1,global
162683,Unknown,2025-1,global
162684,Unknown,2025-1,global
162685,Unknown,2025-1,global
162686,Unknown,2025-1,global
162687,Unknown,2025-1,global
162701,Unknown,2025-1,global
162702,Unknown,2025-1,global
162704,Unknown,2025-1,global
162709,Unknown,2025-1,global
162712,Unknown,2025-1,global
162714,Unknown,2025-1,global
162715,Unknown,2025-1,global
162719,Unknown,2025-1,global
162894,Unknown,2025-1,global
162897,Unknown,2025-1,global
162899,Unknown,2025-1,global
162900,Unknown,2025-1,global
162901,Unknown,2025-1,global
162902,Unknown,2025-1,global
162903,Unknown,2025-1,global
162904,Unknown,2025-1,global
162905,Unknown,2025-1,global
162906,Unknown,2025-1,global
162907,Unknown,2025-1,global
162908,Unknown,2025-1,global
162909,Unknown,2025-1,global
162910,Unknown,2025-1,global
162911,Unknown,2025-1,global
162912,Unknown,2025-1,global
162913,Unknown,2025-1,global
162914,Unknown,2025-1,global
162916,Unknown,2025-1,global
162918,Unknown,2025-1,global
162919,Unknown,2025-1,global
162920,Unknown,2025-1,global
162922,Unknown,2025-1,global
162923,Unknown,2025-1,global
162924,Unknown,2025-1,global
162925,Unknown,2025-1,global
162926,Unknown,2025-1,global
162928,Unknown,2025-1,global
162929,Unknown,2025-1,global
162930,Unknown,2025-1,global
162931,Unknown,2025-1,global
162932,Unknown,2025-1,global
162933,Unknown,2025-1,global
162934,Unknown,2025-1,global
162935,Unknown,2025-1,global
162937,Unknown,2025-1,global
162938,Unknown,2025-1,global
162939,Unknown,2025-1,global
162940,Unknown,2025-1,global
162941,Unknown,2025-1,global
162942,Unknown,2025-1,global
162943,Unknown,2025-1,global
162944,Unknown,2025-1,global
162945,Unknown,2025-1,global
162946,Unknown,2025-1,global
162948,Unknown,2025-1,global
162950,Unknown,2025-1,global
162951,Unknown,2025-1,global
162952,Unknown,2025-1,global
162953,Unknown,2025-1,global
162954,Unknown,2025-1,global
162955,Unknown,2025-1,global
162956,Unknown,2025-1,global
162957,Unknown,2025-1,global
162958,Unknown,2025-1,global
162959,Unknown,2025-1,global
162961,Unknown,2025-1,global
162962,Unknown,2025-1,global
162963,Unknown,2025-1,global
162964,Unknown,2025-1,global
162966,Unknown,2025-1,global
162967,Unknown,2025-1,global
162968,Unknown,2025-1,global
162969,Unknown,2025-1,global
162970,Unknown,2025-1,global
162971,Unknown,2025-1,global
162972,Unknown,2025-1,global
162973,Unknown,2025-1,global
162974,Unknown,2025-1,global
162975,Unknown,2025-1,global
162976,Unknown,2025-1,global
162977,Unknown,2025-1,global
162978,Unknown,2025-1,global
162979,Unknown,2025-1,global
162980,Unknown,2025-1,global
162981,Unknown,2025-1,global
162982,Unknown,2025-1,global
162983,Unknown,2025-1,global
162984,Unknown,2025-1,global
162985,Unknown,2025-1,global
162986,Unknown,2025-1,global
162987,Unknown,2025-1,global
162988,Unknown,2025-1,global
162989,Unknown,2025-1,global
162990,Unknown,2025-1,global
162991,Unknown,2025-1,global
162992,Unknown,2025-1,global
162994,Unknown,2025-1,global
162996,Unknown,2025-1,global
162997,Unknown,2025-1,global
162998,Unknown,2025-1,global
162999,Unknown,2025-1,global
163002,Unknown,2025-1,global
163003,Unknown,2025-1,global
163004,Unknown,2025-1,global
163006,Unknown,2025-1,global
163007,Unknown,2025-1,global
163008,Unknown,2025-1,global
163009,Unknown,2025-1,global
163010,Unknown,2025-1,global
163011,Unknown,2025-1,global
163012,Unknown,2025-1,global
163013,Unknown,2025-1,global
163014,Unknown,2025-1,global
163015,Unknown,2025-1,global
163018,Unknown,2025-1,global
163019,Unknown,2025-1,global
163020,Unknown,2025-1,global
163022,Unknown,2025-1,global
163024,Unknown,2025-1,global
163025,Unknown,2025-1,global
163026,Unknown,2025-1,global
163027,Unknown,2025-1,global
163028,Unknown,2025-1,global
163029,Unknown,2025-1,global
163030,Unknown,2025-1,global
163031,Unknown,2025-1,global
163032,Unknown,2025-1,global
163033,Unknown,2025-1,global
163034,Unknown,2025-1,global
163035,Unknown,2025-1,global
163036,Unknown,2025-1,global
163037,Unknown,2025-1,global
163038,Unknown,2025-1,global
163040,Unknown,2025-1,global
163041,Unknown,2025-1,global
163042,Unknown,2025-1,global
163045,Unknown,2025-1,global
163047,Unknown,2025-1,global
163048,Unknown,2025-1,global
163049,Unknown,2025-1,global
163050,Unknown,2025-1,global
163051,Unknown,2025-1,global
163052,Unknown,2025-1,global
163053,Unknown,2025-1,global
163054,Unknown,2025-1,global
163055,Unknown,2025-1,global
163056,Unknown,2025-1,global
163057,Unknown,2025-1,global
163058,Unknown,2025-1,global
163059,Unknown,2025-1,global
163060,Unknown,2025-1,global
163061,Unknown,2025-1,global
163063,Unknown,2025-1,global
163064,Unknown,2025-1,global
163065,Unknown,2025-1,global
163066,Unknown,2025-1,global
163067,Unknown,2025-1,global
163068,Unknown,2025-1,global
163069,Unknown,2025-1,global
163070,Unknown,2025-1,global
163071,Unknown,2025-1,global
163072,Unknown,2025-1,global
163073,Unknown,2025-1,global
163074,Unknown,2025-1,global
163075,Unknown,2025-1,global
163076,Unknown,2025-1,global
163077,Unknown,2025-1,global
163078,Unknown,2025-1,global
163079,Unknown,2025-1,global
163080,Unknown,2025-1,global
163081,Unknown,2025-1,global
163082,Unknown,2025-1,global
163083,Unknown,2025-1,global
163084,Unknown,2025-1,global
163085,Unknown,2025-1,global
163086,Unknown,2025-1,global
163087,Unknown,2025-1,global
163088,Unknown,2025-1,global
163089,Unknown,2025-1,global
163090,Unknown,2025-1,global
163091,Unknown,2025-1,global
163092,Unknown,2025-1,global
163093,Unknown,2025-1,global
163094,Unknown,2025-1,global
163095,Unknown,2025-1,global
163096,Unknown,2025-1,global
163097,Unknown,2025-1,global
163098,Unknown,2025-1,global
163099,Unknown,2025-1,global
163100,Unknown,2025-1,global
163101,Unknown,2025-1,global
163102,Unknown,2025-1,global
163103,Unknown,2025-1,global
163106,Unknown,2025-1,global
163107,Unknown,2025-1,global
163108,Unknown,2025-1,global
163109,Unknown,2025-1,global
163110,Unknown,2025-1,global
163111,Unknown,2025-1,global
163112,Unknown,2025-1,global
163113,Unknown,2025-1,global
163114,Unknown,2025-1,global
163115,Unknown,2025-1,global
163117,Unknown,2025-1,global
163118,Unknown,2025-1,global
163119,Unknown,2025-1,global
163121,Unknown,2025-1,global
163122,Unknown,2025-1,global
163124,Unknown,2025-1,global
163125,Unknown,2025-1,global
163126,Unknown,2025-1,global
163127,Unknown,2025-1,global
163128,Unknown,2025-1,global
163129,Unknown,2025-1,global
163130,Unknown,2025-1,global
163131,Unknown,2025-1,global
163132,Unknown,2025-1,global
163133,Unknown,2025-1,global
163134,Unknown,2025-1,global
163135,Unknown,2025-1,global
163137,Unknown,2025-1,global
163138,Unknown,2025-1,global
163139,Unknown,2025-1,global
163140,Unknown,2025-1,global
163142,Unknown,2025-1,global
163143,Unknown,2025-1,global
163145,Unknown,2025-1,global
163146,Unknown,2025-1,global
163147,Unknown,2025-1,global
163148,Unknown,2025-1,global
163149,Unknown,2025-1,global
163150,Unknown,2025-1,global
163152,Unknown,2025-1,global
163155,Unknown,2025-1,global
163156,Unknown,2025-1,global
163157,Unknown,2025-1,global
163159,Unknown,2025-1,global
163160,Unknown,2025-1,global
163161,Unknown,2025-1,global
163162,Unknown,2025-1,global
163163,Unknown,2025-1,global
163164,Unknown,2025-1,global
163165,Unknown,2025-1,global
163166,Unknown,2025-1,global
163167,Unknown,2025-1,global
163168,Unknown,2025-1,global
163170,Unknown,2025-1,global
163171,Unknown,2025-1,global
163172,Unknown,2025-1,global
163173,Unknown,2025-1,global
163174,Unknown,2025-1,global
163175,Unknown,2025-1,global
163176,Unknown,2025-1,global
163177,Unknown,2025-1,global
163178,Unknown,2025-1,global
163179,Unknown,2025-1,global
163180,Unknown,2025-1,global
163181,Unknown,2025-1,global
163182,Unknown,2025-1,global
163183,Unknown,2025-1,global
163184,Unknown,2025-1,global
163185,Unknown,2025-1,global
163186,Unknown,2025-1,global
163187,Unknown,2025-1,global
163189,Unknown,2025-1,global
163190,Unknown,2025-1,global
163192,Unknown,2025-1,global
163194,Unknown,2025-1,global
163195,Unknown,2025-1,global
163196,Unknown,2025-1,global
163197,Unknown,2025-1,global
163199,Unknown,2025-1,global
163200,Unknown,2025-1,global
163201,Unknown,2025-1,global
163202,Unknown,2025-1,global
163203,Unknown,2025-1,global
163204,Unknown,2025-1,global
163205,Unknown,2025-1,global
163207,Unknown,2025-1,global
163208,Unknown,2025-1,global
163209,Unknown,2025-1,global
163210,Unknown,2025-1,global
163211,Unknown,2025-1,global
163213,Unknown,2025-1,global
163215,Unknown,2025-1,global
163217,Unknown,2025-1,global
163218,Unknown,2025-1,global
163219,Unknown,2025-1,global
163220,Unknown,2025-1,global
163221,Unknown,2025-1,global
163222,Unknown,2025-1,global
163224,Unknown,2025-1,global
163225,Unknown,2025-1,global
163226,Unknown,2025-1,global
163227,Unknown,2025-1,global
163229,Unknown,2025-1,global
163230,Unknown,2025-1,global
163231,Unknown,2025-1,global
163232,Unknown,2025-1,global
163233,Unknown,2025-1,global
163234,Unknown,2025-1,global
163235,Unknown,2025-1,global
163236,Unknown,2025-1,global
163237,Unknown,2025-1,global
163238,Unknown,2025-1,global
163239,Unknown,2025-1,global
163240,Unknown,2025-1,global
163241,Unknown,2025-1,global
163242,Unknown,2025-1,global
163243,Unknown,2025-1,global
163244,Unknown,2025-1,global
163245,Unknown,2025-1,global
163246,Unknown,2025-1,global
163247,Unknown,2025-1,global
163248,Unknown,2025-1,global
163249,Unknown,2025-1,global
163250,Unknown,2025-1,global
163251,Unknown,2025-1,global
163252,Unknown,2025-1,global
163253,Unknown,2025-1,global
163254,Unknown,2025-1,global
163255,Unknown,2025-1,global
163256,Unknown,2025-1,global
163257,Unknown,2025-1,global
163258,Unknown,2025-1,global
163260,Unknown,2025-1,global
163261,Unknown,2025-1,global
163262,Unknown,2025-1,global
163263,Unknown,2025-1,global
163264,Unknown,2025-1,global
163265,Unknown,2025-1,global
163266,Unknown,2025-1,global
163267,Unknown,2025-1,global
163268,Unknown,2025-1,global
163270,Unknown,2025-1,global
163271,Unknown,2025-1,global
163272,Unknown,2025-1,global
163273,Unknown,2025-1,global
163274,Unknown,2025-1,global
163275,Unknown,2025-1,global
163276,Unknown,2025-1,global
163278,Unknown,2025-1,global
163279,Unknown,2025-1,global
163280,Unknown,2025-1,global
163281,Unknown,2025-1,global
163282,Unknown,2025-1,global
163284,Unknown,2025-1,global
163285,Unknown,2025-1,global
163287,Unknown,2025-1,global
163288,Unknown,2025-1,global
163290,Unknown,2025-1,global
163291,Unknown,2025-1,global
163292,Unknown,2025-1,global
163293,Unknown,2025-1,global
163294,Unknown,2025-1,global
163295,Unknown,2025-1,global
163297,Unknown,2025-1,global
163298,Unknown,2025-1,global
163299,Unknown,2025-1,global
163300,Unknown,2025-1,global
163301,Unknown,2025-1,global
163302,Unknown,2025-1,global
163303,Unknown,2025-1,global
163304,Unknown,2025-1,global
163305,Unknown,2025-1,global
163306,Unknown,2025-1,global
163307,Unknown,2025-1,global
163308,Unknown,2025-1,global
163309,Unknown,2025-1,global
163310,Unknown,2025-1,global
163311,Unknown,2025-1,global
163312,Unknown,2025-1,global
163313,Unknown,2025-1,global
163315,Unknown,2025-1,global
163316,Unknown,2025-1,global
163317,Unknown,2025-1,global
163318,Unknown,2025-1,global
163320,Unknown,2025-1,global
163321,Unknown,2025-1,global
163325,Unknown,2025-1,global
163326,Unknown,2025-1,global
163328,Unknown,2025-1,global
163329,Unknown,2025-1,global
163330,Unknown,2025-1,global
163331,Unknown,2025-1,global
163332,Unknown,2025-1,global
163333,Unknown,2025-1,global
163334,Unknown,2025-1,global
163335,Unknown,2025-1,global
163338,Unknown,2025-1,global
163341,Unknown,2025-1,global
163342,Unknown,2025-1,global
163343,Unknown,2025-1,global
163344,Unknown,2025-1,global
163345,Unknown,2025-1,global
163346,Unknown,2025-1,global
163347,Unknown,2025-1,global
163348,Unknown,2025-1,global
163349,Unknown,2025-1,global
163350,Unknown,2025-1,global
163351,Unknown,2025-1,global
163352,Unknown,2025-1,global
163353,Unknown,2025-1,global
163354,Unknown,2025-1,global
163356,Unknown,2025-1,global
163357,Unknown,2025-1,global
163358,Unknown,2025-1,global
163359,Unknown,2025-1,global
163361,Unknown,2025-1,global
163362,Unknown,2025-1,global
163364,Unknown,2025-1,global
163365,Unknown,2025-1,global
163366,Unknown,2025-1,global
163367,Unknown,2025-1,global
163368,Unknown,2025-1,global
163370,Unknown,2025-1,global
163371,Unknown,2025-1,global
163372,Unknown,2025-1,global
163373,Unknown,2025-1,global
163374,Unknown,2025-1,global
163375,Unknown,2025-1,global
163376,Unknown,2025-1,global
163377,Unknown,2025-1,global
163378,Unknown,2025-1,global
163379,Unknown,2025-1,global
163380,Unknown,2025-1,global
163381,Unknown,2025-1,global
163382,Unknown,2025-1,global
163383,Unknown,2025-1,global
163384,Unknown,2025-1,global
163385,Unknown,2025-1,global
163387,Unknown,2025-1,global
163388,Unknown,2025-1,global
163389,Unknown,2025-1,global
163390,Unknown,2025-1,global
163391,Unknown,2025-1,global
163392,Unknown,2025-1,global
163393,Unknown,2025-1,global
163394,Unknown,2025-1,global
163395,Unknown,2025-1,global
163396,Unknown,2025-1,global
163397,Unknown,2025-1,global
163399,Unknown,2025-1,global
163400,Unknown,2025-1,global
163402,Unknown,2025-1,global
163403,Unknown,2025-1,global
163404,Unknown,2025-1,global
163405,Unknown,2025-1,global
163406,Unknown,2025-1,global
163407,Unknown,2025-1,global
163408,Unknown,2025-1,global
16503,Unknown,2025-1,global
165788,Unknown,2025-1,global
165788,Unknown,2025-1,pan-africa
165811,Unknown,2025-1,global
166031,Unknown,2025-1,global
166150,Unknown,2025-1,global
166196,Unknown,2025-1,global
166197,Unknown,2025-1,global
166216,Unknown,2025-1,global
166268,Unknown,2025-1,global
166415,Unknown,2025-1,global
166444,Unknown,2025-1,global
166456,Unknown,2025-1,global
166461,Unknown,2025-1,global
166475,Unknown,2025-1,global
166490,Unknown,2025-1,global
166517,Unknown,2025-1,global
166546,Unknown,2025-1,global
166572,Unknown,2025-1,global
166627,Unknown,2025-1,global
166638,Unknown,2025-1,global
166774,Unknown,2025-1,global
166879,Unknown,2025-1,global
166885,Unknown,2025-1,global
166893,Unknown,2025-1,global
166904,Unknown,2025-1,global
166905,Unknown,2025-1,global
166908,Unknown,2025-1,global
166913,Unknown,2025-1,global
166926,Unknown,2025-1,global
166929,Unknown,2025-1,global
166935,Unknown,2025-1,global
166940,Unknown,2025-1,global
166941,Unknown,2025-1,global
166942,Unknown,2025-1,global
166944,Unknown,2025-1,global
166947,Unknown,2025-1,global
166963,Unknown,2025-1,global
166964,Unknown,2025-1,global
166974,Unknown,2025-1,global
166982,Unknown,2025-1,global
166989,Unknown,2025-1,global
166996,Unknown,2025-1,global
167010,Unknown,2025-1,global
169388,Unknown,2025-1,global
170154,Unknown,2025-1,global
170156,Unknown,2025-1,global
170157,Unknown,2025-1,global
170158,Unknown,2025-1,global
170159,Unknown,2025-1,global
170161,Unknown,2025-1,global
170162,Unknown,2025-1,global
170163,Unknown,2025-1,global
170164,Unknown,2025-1,global
170165,Unknown,2025-1,global
170166,Unknown,2025-1,global
170167,Unknown,2025-1,global
170171,Unknown,2025-1,global
170172,Unknown,2025-1,global
170174,Unknown,2025-1,global
170176,Unknown,2025-1,global
170177,Unknown,2025-1,global
170178,Unknown,2025-1,global
170179,Unknown,2025-1,global
170180,Unknown,2025-1,global
170181,Unknown,2025-1,global
170182,Unknown,2025-1,global
170186,Unknown,2025-1,global
170187,Unknown,2025-1,global
170190,Unknown,2025-1,global
170191,Unknown,2025-1,global
170192,Unknown,2025-1,global
170193,Unknown,2025-1,global
170195,Unknown,2025-1,global
170196,Unknown,2025-1,global
170197,Unknown,2025-1,global
170203,Unknown,2025-1,global
170205,Unknown,2025-1,global
170207,Unknown,2025-1,global
170209,Unknown,2025-1,global
170210,Unknown,2025-1,global
170211,Unknown,2025-1,global
170212,Unknown,2025-1,global
170214,Unknown,2025-1,global
170216,Unknown,2025-1,global
170217,Unknown,2025-1,global
170219,Unknown,2025-1,global
170220,Unknown,2025-1,global
170221,Unknown,2025-1,global
170222,Unknown,2025-1,global
170224,Unknown,2025-1,global
170227,Unknown,2025-1,global
170228,Unknown,2025-1,global
170229,Unknown,2025-1,global
170230,Unknown,2025-1,global
170232,Unknown,2025-1,global
170233,Unknown,2025-1,global
170234,Unknown,2025-1,global
170235,Unknown,2025-1,global
170236,Unknown,2025-1,global
170239,Unknown,2025-1,global
170240,Unknown,2025-1,global
170241,Unknown,2025-1,global
170242,Unknown,2025-1,global
170245,Unknown,2025-1,global
170246,Unknown,2025-1,global
170249,Unknown,2025-1,global
170252,Unknown,2025-1,global
170254,Unknown,2025-1,global
170255,Unknown,2025-1,global
170258,Unknown,2025-1,global
170261,Unknown,2025-1,global
170262,Unknown,2025-1,global
170263,Unknown,2025-1,global
170264,Unknown,2025-1,global
170265,Unknown,2025-1,global
170273,Unknown,2025-1,global
170280,Unknown,2025-1,global
170281,Unknown,2025-1,global
170282,Unknown,2025-1,global
170283,Unknown,2025-1,global
170284,Unknown,2025-1,global
170285,Unknown,2025-1,global
170286,Unknown,2025-1,global
170287,Unknown,2025-1,global
171815,Unknown,2025-1,global
171899,Unknown,2025-1,global
171906,Unknown,2025-1,global
172016,Unknown,2025-1,global
172016,Unknown,2025-1,europe
172321,Unknown,2025-1,global
172361,Unknown,2025-1,global
172419,Unknown,2025-1,global
172440,Unknown,2025-1,global
172474,Unknown,2025-1,global
172495,Unknown,2025-1,global
166263,Unknown,2025-1,global
17397,Unknown,2025-1,global
174486,Unknown,2025-1,global
174487,Unknown,2025-1,global
175067,Unknown,2025-1,global
176049,Unknown,2025-1,global
176050,Unknown,2025-1,global
176051,Unknown,2025-1,global
176053,Unknown,2025-1,global
176054,Unknown,2025-1,global
176055,Unknown,2025-1,global
176058,Unknown,2025-1,global
176060,Unknown,2025-1,global
176063,Unknown,2025-1,global
176064,Unknown,2025-1,global
176065,Unknown,2025-1,global
176066,Unknown,2025-1,global
176067,Unknown,2025-1,global
176068,Unknown,2025-1,global
176069,Unknown,2025-1,global
176070,Unknown,2025-1,global
176072,Unknown,2025-1,global
176073,Unknown,2025-1,global
176074,Unknown,2025-1,global
176075,Unknown,2025-1,global
176076,Unknown,2025-1,global
176077,Unknown,2025-1,global
176079,Unknown,2025-1,global
176081,Unknown,2025-1,global
176082,Unknown,2025-1,global
176083,Unknown,2025-1,global
176084,Unknown,2025-1,global
176085,Unknown,2025-1,global
176086,Unknown,2025-1,global
176087,Unknown,2025-1,global
176088,Unknown,2025-1,global
177954,Unknown,2025-1,global
177956,Unknown,2025-1,global
177957,Unknown,2025-1,global
177959,Unknown,2025-1,global
177961,Unknown,2025-1,global
177962,Unknown,2025-1,global
177963,Unknown,2025-1,global
177964,Unknown,2025-1,global
177966,Unknown,2025-1,global
177970,Unknown,2025-1,global
177972,Unknown,2025-1,global
177973,Unknown,2025-1,global
177974,Unknown,2025-1,global
177977,Unknown,2025-1,global
177978,Unknown,2025-1,global
177979,Unknown,2025-1,global
177981,Unknown,2025-1,global
177984,Unknown,2025-1,global
177986,Unknown,2025-1,global
177992,Unknown,2025-1,global
177994,Unknown,2025-1,global
177995,Unknown,2025-1,global
178000,Unknown,2025-1,global
178001,Unknown,2025-1,global
178003,Unknown,2025-1,global
178004,Unknown,2025-1,global
178006,Unknown,2025-1,global
178007,Unknown,2025-1,global
178014,Unknown,2025-1,global
178016,Unknown,2025-1,global
178018,Unknown,2025-1,global
178020,Unknown,2025-1,global
178023,Unknown,2025-1,global
178025,Unknown,2025-1,global
178063,Unknown,2025-1,global
178065,Unknown,2025-1,global
178889,Unknown,2025-1,global
178890,Unknown,2025-1,global
178891,Unknown,2025-1,global
178892,Unknown,2025-1,global
178893,Unknown,2025-1,global
178894,Unknown,2025-1,global
178897,Unknown,2025-1,global
178898,Unknown,2025-1,global
178899,Unknown,2025-1,global
178900,Unknown,2025-1,global
178901,Unknown,2025-1,global
178902,Unknown,2025-1,global
178903,Unknown,2025-1,global
178906,Unknown,2025-1,global
178907,Unknown,2025-1,global
178908,Unknown,2025-1,global
178909,Unknown,2025-1,global
178910,Unknown,2025-1,global
178911,Unknown,2025-1,global
178912,Unknown,2025-1,global
178913,Unknown,2025-1,global
178914,Unknown,2025-1,global
178916,Unknown,2025-1,global
178917,Unknown,2025-1,global
178918,Unknown,2025-1,global
178919,Unknown,2025-1,global
178920,Unknown,2025-1,global
178921,Unknown,2025-1,global
178922,Unknown,2025-1,global
178923,Unknown,2025-1,global
178924,Unknown,2025-1,global
178925,Unknown,2025-1,global
178926,Unknown,2025-1,global
178927,Unknown,2025-1,global
178928,Unknown,2025-1,global
178929,Unknown,2025-1,global
178930,Unknown,2025-1,global
178931,Unknown,2025-1,global
178932,Unknown,2025-1,global
178933,Unknown,2025-1,global
178934,Unknown,2025-1,global
178935,Unknown,2025-1,global
178936,Unknown,2025-1,global
178937,Unknown,2025-1,global
178938,Unknown,2025-1,global
178939,Unknown,2025-1,global
178940,Unknown,2025-1,global
178941,Unknown,2025-1,global
178942,Unknown,2025-1,global
178943,Unknown,2025-1,global
178944,Unknown,2025-1,global
178945,Unknown,2025-1,global
178949,Unknown,2025-1,global
178950,Unknown,2025-1,global
178951,Unknown,2025-1,global
178952,Unknown,2025-1,global
178953,Unknown,2025-1,global
178954,Unknown,2025-1,global
178956,Unknown,2025-1,global
178957,Unknown,2025-1,global
178959,Unknown,2025-1,global
178960,Unknown,2025-1,global
178961,Unknown,2025-1,global
178962,Unknown,2025-1,global
178966,Unknown,2025-1,global
178967,Unknown,2025-1,global
178968,Unknown,2025-1,global
178970,Unknown,2025-1,global
178971,Unknown,2025-1,global
178972,Unknown,2025-1,global
178974,Unknown,2025-1,global
178976,Unknown,2025-1,global
178977,Unknown,2025-1,global
178978,Unknown,2025-1,global
178979,Unknown,2025-1,global
178980,Unknown,2025-1,global
178981,Unknown,2025-1,global
178982,Unknown,2025-1,global
178983,Unknown,2025-1,global
178984,Unknown,2025-1,global
178985,Unknown,2025-1,global
178986,Unknown,2025-1,global
178987,Unknown,2025-1,global
178989,Unknown,2025-1,global
178991,Unknown,2025-1,global
178994,Unknown,2025-1,global
178996,Unknown,2025-1,global
178997,Unknown,2025-1,global
178999,Unknown,2025-1,global
179000,Unknown,2025-1,global
179001,Unknown,2025-1,global
179002,Unknown,2025-1,global
179003,Unknown,2025-1,global
179004,Unknown,2025-1,global
179005,Unknown,2025-1,global
179006,Unknown,2025-1,global
179007,Unknown,2025-1,global
179008,Unknown,2025-1,global
179009,Unknown,2025-1,global
179010,Unknown,2025-1,global
179012,Unknown,2025-1,global
179013,Unknown,2025-1,global
179015,Unknown,2025-1,global
179016,Unknown,2025-1,global
179017,Unknown,2025-1,global
179018,Unknown,2025-1,global
179021,Unknown,2025-1,global
179023,Unknown,2025-1,global
179024,Unknown,2025-1,global
179025,Unknown,2025-1,global
179026,Unknown,2025-1,global
179027,Unknown,2025-1,global
179028,Unknown,2025-1,global
179030,Unknown,2025-1,global
179031,Unknown,2025-1,global
179032,Unknown,2025-1,global
179033,Unknown,2025-1,global
179035,Unknown,2025-1,global
179036,Unknown,2025-1,global
179037,Unknown,2025-1,global
179038,Unknown,2025-1,global
179039,Unknown,2025-1,global
179040,Unknown,2025-1,global
179041,Unknown,2025-1,global
179042,Unknown,2025-1,global
179043,Unknown,2025-1,global
179044,Unknown,2025-1,global
179046,Unknown,2025-1,global
179047,Unknown,2025-1,global
179048,Unknown,2025-1,global
179049,Unknown,2025-1,global
179050,Unknown,2025-1,global
179051,Unknown,2025-1,global
179052,Unknown,2025-1,global
179053,Unknown,2025-1,global
179054,Unknown,2025-1,global
179056,Unknown,2025-1,global
179057,Unknown,2025-1,global
179058,Unknown,2025-1,global
179059,Unknown,2025-1,global
179060,Unknown,2025-1,global
179061,Unknown,2025-1,global
179062,Unknown,2025-1,global
179063,Unknown,2025-1,global
179064,Unknown,2025-1,global
179065,Unknown,2025-1,global
179066,Unknown,2025-1,global
179067,Unknown,2025-1,global
179068,Unknown,2025-1,global
179069,Unknown,2025-1,global
179070,Unknown,2025-1,global
179071,Unknown,2025-1,global
179072,Unknown,2025-1,global
179075,Unknown,2025-1,global
179076,Unknown,2025-1,global
179077,Unknown,2025-1,global
179078,Unknown,2025-1,global
179079,Unknown,2025-1,global
179080,Unknown,2025-1,global
179081,Unknown,2025-1,global
179083,Unknown,2025-1,global
179084,Unknown,2025-1,global
179086,Unknown,2025-1,global
179087,Unknown,2025-1,global
179088,Unknown,2025-1,global
179089,Unknown,2025-1,global
179090,Unknown,2025-1,global
179091,Unknown,2025-1,global
179092,Unknown,2025-1,global
179093,Unknown,2025-1,global
179094,Unknown,2025-1,global
179096,Unknown,2025-1,global
179097,Unknown,2025-1,global
179100,Unknown,2025-1,global
179102,Unknown,2025-1,global
179103,Unknown,2025-1,global
179104,Unknown,2025-1,global
179105,Unknown,2025-1,global
179106,Unknown,2025-1,global
179107,Unknown,2025-1,global
179109,Unknown,2025-1,global
179110,Unknown,2025-1,global
179111,Unknown,2025-1,global
179112,Unknown,2025-1,global
179114,Unknown,2025-1,global
179116,Unknown,2025-1,global
179238,Unknown,2025-1,global
179657,Unknown,2025-1,global
180208,Unknown,2025-1,global
180209,Unknown,2025-1,global
180211,Unknown,2025-1,global
180213,Unknown,2025-1,global
180214,Unknown,2025-1,global
180215,Unknown,2025-1,global
180216,Unknown,2025-1,global
180218,Unknown,2025-1,global
180219,Unknown,2025-1,global
180220,Unknown,2025-1,global
180223,Unknown,2025-1,global
180224,Unknown,2025-1,global
180226,Unknown,2025-1,global
180227,Unknown,2025-1,global
180228,Unknown,2025-1,global
180230,Unknown,2025-1,global
180231,Unknown,2025-1,global
180232,Unknown,2025-1,global
180233,Unknown,2025-1,global
180234,Unknown,2025-1,global
180235,Unknown,2025-1,global
180236,Unknown,2025-1,global
180237,Unknown,2025-1,global
180239,Unknown,2025-1,global
180240,Unknown,2025-1,global
180241,Unknown,2025-1,global
180245,Unknown,2025-1,global
180246,Unknown,2025-1,global
180247,Unknown,2025-1,global
180248,Unknown,2025-1,global
180249,Unknown,2025-1,global
180250,Unknown,2025-1,global
180251,Unknown,2025-1,global
180252,Unknown,2025-1,global
180253,Unknown,2025-1,global
180254,Unknown,2025-1,global
180255,Unknown,2025-1,global
180256,Unknown,2025-1,global
180258,Unknown,2025-1,global
180259,Unknown,2025-1,global
180260,Unknown,2025-1,global
180261,Unknown,2025-1,global
180262,Unknown,2025-1,global
180263,Unknown,2025-1,global
180264,Unknown,2025-1,global
180266,Unknown,2025-1,global
180268,Unknown,2025-1,global
180270,Unknown,2025-1,global
180271,Unknown,2025-1,global
180272,Unknown,2025-1,global
180273,Unknown,2025-1,global
180274,Unknown,2025-1,global
180276,Unknown,2025-1,global
180278,Unknown,2025-1,global
180281,Unknown,2025-1,global
180283,Unknown,2025-1,global
180284,Unknown,2025-1,global
180285,Unknown,2025-1,global
180286,Unknown,2025-1,global
180287,Unknown,2025-1,global
180288,Unknown,2025-1,global
180289,Unknown,2025-1,global
180290,Unknown,2025-1,global
180292,Unknown,2025-1,global
180294,Unknown,2025-1,global
180295,Unknown,2025-1,global
180296,Unknown,2025-1,global
180297,Unknown,2025-1,global
180298,Unknown,2025-1,global
180299,Unknown,2025-1,global
180300,Unknown,2025-1,global
180301,Unknown,2025-1,global
180303,Unknown,2025-1,global
180305,Unknown,2025-1,global
180306,Unknown,2025-1,global
180307,Unknown,2025-1,global
180308,Unknown,2025-1,global
180310,Unknown,2025-1,global
180312,Unknown,2025-1,global
180313,Unknown,2025-1,global
180314,Unknown,2025-1,global
180315,Unknown,2025-1,global
180316,Unknown,2025-1,global
180317,Unknown,2025-1,global
180318,Unknown,2025-1,global
180319,Unknown,2025-1,global
180320,Unknown,2025-1,global
180321,Unknown,2025-1,global
180322,Unknown,2025-1,global
180323,Unknown,2025-1,global
180324,Unknown,2025-1,global
180325,Unknown,2025-1,global
180328,Unknown,2025-1,global
180329,Unknown,2025-1,global
180331,Unknown,2025-1,global
180332,Unknown,2025-1,global
180333,Unknown,2025-1,global
180335,Unknown,2025-1,global
180336,Unknown,2025-1,global
180338,Unknown,2025-1,global
180339,Unknown,2025-1,global
180340,Unknown,2025-1,global
180341,Unknown,2025-1,global
180343,Unknown,2025-1,global
180344,Unknown,2025-1,global
180345,Unknown,2025-1,global
180346,Unknown,2025-1,global
180347,Unknown,2025-1,global
180349,Unknown,2025-1,global
180350,Unknown,2025-1,global
180355,Unknown,2025-1,global
180356,Unknown,2025-1,global
180357,Unknown,2025-1,global
180358,Unknown,2025-1,global
180361,Unknown,2025-1,global
180363,Unknown,2025-1,global
180364,Unknown,2025-1,global
180365,Unknown,2025-1,global
180366,Unknown,2025-1,global
180367,Unknown,2025-1,global
180369,Unknown,2025-1,global
180370,Unknown,2025-1,global
180371,Unknown,2025-1,global
180372,Unknown,2025-1,global
180375,Unknown,2025-1,global
180376,Unknown,2025-1,global
180378,Unknown,2025-1,global
180379,Unknown,2025-1,global
180380,Unknown,2025-1,global
180381,Unknown,2025-1,global
180382,Unknown,2025-1,global
180383,Unknown,2025-1,global
180385,Unknown,2025-1,global
180386,Unknown,2025-1,global
180387,Unknown,2025-1,global
180388,Unknown,2025-1,global
180389,Unknown,2025-1,global
180391,Unknown,2025-1,global
180393,Unknown,2025-1,global
180394,Unknown,2025-1,global
180395,Unknown,2025-1,global
180399,Unknown,2025-1,global
180400,Unknown,2025-1,global
180403,Unknown,2025-1,global
180405,Unknown,2025-1,global
180406,Unknown,2025-1,global
180407,Unknown,2025-1,global
180409,Unknown,2025-1,global
180410,Unknown,2025-1,global
180413,Unknown,2025-1,global
180414,Unknown,2025-1,global
180415,Unknown,2025-1,global
180418,Unknown,2025-1,global
180420,Unknown,2025-1,global
180422,Unknown,2025-1,global
180423,Unknown,2025-1,global
180427,Unknown,2025-1,global
180428,Unknown,2025-1,global
180431,Unknown,2025-1,global
180432,Unknown,2025-1,global
180434,Unknown,2025-1,global
180435,Unknown,2025-1,global
180437,Unknown,2025-1,global
180439,Unknown,2025-1,global
180441,Unknown,2025-1,global
180443,Unknown,2025-1,global
180445,Unknown,2025-1,global
180446,Unknown,2025-1,global
180447,Unknown,2025-1,global
180448,Unknown,2025-1,global
180450,Unknown,2025-1,global
180453,Unknown,2025-1,global
180454,Unknown,2025-1,global
180455,Unknown,2025-1,global
180456,Unknown,2025-1,global
180458,Unknown,2025-1,global
180460,Unknown,2025-1,global
180462,Unknown,2025-1,global
180464,Unknown,2025-1,global
180465,Unknown,2025-1,global
180466,Unknown,2025-1,global
180467,Unknown,2025-1,global
180468,Unknown,2025-1,global
180469,Unknown,2025-1,global
180470,Unknown,2025-1,global
180471,Unknown,2025-1,global
180473,Unknown,2025-1,global
180474,Unknown,2025-1,global
180475,Unknown,2025-1,global
180476,Unknown,2025-1,global
180478,Unknown,2025-1,global
180479,Unknown,2025-1,global
180480,Unknown,2025-1,global
180482,Unknown,2025-1,global
180483,Unknown,2025-1,global
180484,Unknown,2025-1,global
180487,Unknown,2025-1,global
180488,Unknown,2025-1,global
180490,Unknown,2025-1,global
180491,Unknown,2025-1,global
180494,Unknown,2025-1,global
180495,Unknown,2025-1,global
180496,Unknown,2025-1,global
180497,Unknown,2025-1,global
180498,Unknown,2025-1,global
180499,Unknown,2025-1,global
180500,Unknown,2025-1,global
180505,Unknown,2025-1,global
180506,Unknown,2025-1,global
180508,Unknown,2025-1,global
180509,Unknown,2025-1,global
180510,Unknown,2025-1,global
180512,Unknown,2025-1,global
180513,Unknown,2025-1,global
180514,Unknown,2025-1,global
180515,Unknown,2025-1,global
180517,Unknown,2025-1,global
180521,Unknown,2025-1,global
180522,Unknown,2025-1,global
180523,Unknown,2025-1,global
180524,Unknown,2025-1,global
180525,Unknown,2025-1,global
180526,Unknown,2025-1,global
180530,Unknown,2025-1,global
180531,Unknown,2025-1,global
180532,Unknown,2025-1,global
180534,Unknown,2025-1,global
180535,Unknown,2025-1,global
180536,Unknown,2025-1,global
180537,Unknown,2025-1,global
180539,Unknown,2025-1,global
180540,Unknown,2025-1,global
180542,Unknown,2025-1,global
180544,Unknown,2025-1,global
180545,Unknown,2025-1,global
180546,Unknown,2025-1,global
180547,Unknown,2025-1,global
180549,Unknown,2025-1,global
180684,Unknown,2025-1,global
180690,Unknown,2025-1,global
180727,Unknown,2025-1,global
180735,Unknown,2025-1,global
180924,Unknown,2025-1,global
181023,Unknown,2025-1,global
181083,Unknown,2025-1,global
181100,Unknown,2025-1,global
181116,Unknown,2025-1,global
181158,Unknown,2025-1,global
181280,Unknown,2025-1,global
182779,Unknown,2025-1,global
182779,Unknown,2025-1,pan-africa
182779,Unknown,2025-1,western_africa
183153,Unknown,2025-1,global
183167,Unknown,2025-1,global
183247,Unknown,2025-1,global
183255,Unknown,2025-1,global
183294,Unknown,2025-1,global
183314,Unknown,2025-1,global
183351,Unknown,2025-1,global
183413,Unknown,2025-1,global
183453,Unknown,2025-1,global
183466,Unknown,2025-1,global
183544,Unknown,2025-1,global
183591,Unknown,2025-1,global
183595,Unknown,2025-1,global
183632,Unknown,2025-1,global
183657,Unknown,2025-1,global
183658,Unknown,2025-1,global
183716,Unknown,2025-1,global
183738,Unknown,2025-1,global
183837,Unknown,2025-1,global
183917,Unknown,2025-1,global
183932,Unknown,2025-1,global
183972,Unknown,2025-1,global
183981,Unknown,2025-1,global
183986,Unknown,2025-1,global
183992,Unknown,2025-1,global
183993,Unknown,2025-1,global
184036,Unknown,2025-1,global
184812,Unknown,2025-1,global
184814,Unknown,2025-1,global
184818,Unknown,2025-1,global
184829,Unknown,2025-1,global
184836,Unknown,2025-1,global
184845,Unknown,2025-1,global
184847,Unknown,2025-1,global
184852,Unknown,2025-1,global
184861,Unknown,2025-1,global
184867,Unknown,2025-1,global
184876,Unknown,2025-1,global
184889,Unknown,2025-1,global
184898,Unknown,2025-1,global
184904,Unknown,2025-1,global
184914,Unknown,2025-1,global
184927,Unknown,2025-1,global
184929,Unknown,2025-1,global
184939,Unknown,2025-1,global
184940,Unknown,2025-1,global
185129,Unknown,2025-1,global
185130,Unknown,2025-1,global
185131,Unknown,2025-1,global
185132,Unknown,2025-1,global
185133,Unknown,2025-1,global
185134,Unknown,2025-1,global
185135,Unknown,2025-1,global
185136,Unknown,2025-1,global
185137,Unknown,2025-1,global
185138,Unknown,2025-1,global
185140,Unknown,2025-1,global
185141,Unknown,2025-1,global
185142,Unknown,2025-1,global
185144,Unknown,2025-1,global
185145,Unknown,2025-1,global
185147,Unknown,2025-1,global
185148,Unknown,2025-1,global
185149,Unknown,2025-1,global
185150,Unknown,2025-1,global
185151,Unknown,2025-1,global
185153,Unknown,2025-1,global
185154,Unknown,2025-1,global
185158,Unknown,2025-1,global
185159,Unknown,2025-1,global
185160,Unknown,2025-1,global
185161,Unknown,2025-1,global
185163,Unknown,2025-1,global
185164,Unknown,2025-1,global
185166,Unknown,2025-1,global
185167,Unknown,2025-1,global
185169,Unknown,2025-1,global
185170,Unknown,2025-1,global
185171,Unknown,2025-1,global
185172,Unknown,2025-1,global
185177,Unknown,2025-1,global
185178,Unknown,2025-1,global
185180,Unknown,2025-1,global
185182,Unknown,2025-1,global
185184,Unknown,2025-1,global
185186,Unknown,2025-1,global
185187,Unknown,2025-1,global
185188,Unknown,2025-1,global
185189,Unknown,2025-1,global
185190,Unknown,2025-1,global
185191,Unknown,2025-1,global
185195,Unknown,2025-1,global
185868,Unknown,2025-1,global
185868,Unknown,2025-1,caribbean
185870,Unknown,2025-1,global
185876,Unknown,2025-1,global
185876,Unknown,2025-1,caribbean
185877,Unknown,2025-1,global
185879,Unknown,2025-1,global
185879,Unknown,2025-1,caribbean
185880,Unknown,2025-1,global
185880,Unknown,2025-1,caribbean
185881,Unknown,2025-1,global
185881,Unknown,2025-1,caribbean
185883,Unknown,2025-1,global
185885,Unknown,2025-1,global
185885,Unknown,2025-1,caribbean
185887,Unknown,2025-1,global
185887,Unknown,2025-1,caribbean
185889,Unknown,2025-1,global
185891,Unknown,2025-1,global
185891,Unknown,2025-1,caribbean
185892,Unknown,2025-1,global
185892,Unknown,2025-1,caribbean
185893,Unknown,2025-1,global
185894,Unknown,2025-1,global
185894,Unknown,2025-1,caribbean
185895,Unknown,2025-1,global
185895,Unknown,2025-1,caribbean
185896,Unknown,2025-1,global
185896,Unknown,2025-1,caribbean
185898,Unknown,2025-1,global
185900,Unknown,2025-1,global
185900,Unknown,2025-1,caribbean
185902,Unknown,2025-1,global
185902,Unknown,2025-1,caribbean
185903,Unknown,2025-1,global
185903,Unknown,2025-1,caribbean
185904,Unknown,2025-1,global
185904,Unknown,2025-1,caribbean
185905,Unknown,2025-1,global
185905,Unknown,2025-1,caribbean
185905,Unknown,2025-1,gulf_of mexico
185906,Unknown,2025-1,global
185906,Unknown,2025-1,caribbean
185908,Unknown,2025-1,global
185909,Unknown,2025-1,global
185909,Unknown,2025-1,caribbean
185911,Unknown,2025-1,global
185911,Unknown,2025-1,caribbean
185913,Unknown,2025-1,global
185913,Unknown,2025-1,caribbean
185914,Unknown,2025-1,global
185914,Unknown,2025-1,caribbean
185915,Unknown,2025-1,global
185915,Unknown,2025-1,caribbean
185916,Unknown,2025-1,global
185916,Unknown,2025-1,caribbean
185917,Unknown,2025-1,global
185917,Unknown,2025-1,caribbean
185921,Unknown,2025-1,global
185921,Unknown,2025-1,caribbean
185922,Unknown,2025-1,global
185924,Unknown,2025-1,global
185925,Unknown,2025-1,global
185925,Unknown,2025-1,caribbean
185927,Unknown,2025-1,global
185927,Unknown,2025-1,caribbean
185928,Unknown,2025-1,global
185929,Unknown,2025-1,global
185929,Unknown,2025-1,caribbean
185930,Unknown,2025-1,global
185930,Unknown,2025-1,caribbean
185932,Unknown,2025-1,global
185932,Unknown,2025-1,caribbean
185933,Unknown,2025-1,global
185934,Unknown,2025-1,global
185934,Unknown,2025-1,caribbean
185935,Unknown,2025-1,global
185938,Unknown,2025-1,global
185938,Unknown,2025-1,caribbean
185939,Unknown,2025-1,global
185939,Unknown,2025-1,caribbean
185940,Unknown,2025-1,global
185941,Unknown,2025-1,global
185941,Unknown,2025-1,caribbean
185942,Unknown,2025-1,global
185944,Unknown,2025-1,global
185945,Unknown,2025-1,global
185945,Unknown,2025-1,caribbean
185946,Unknown,2025-1,global
185946,Unknown,2025-1,caribbean
185947,Unknown,2025-1,global
185947,Unknown,2025-1,caribbean
185947,Unknown,2025-1,gulf_of mexico
185948,Unknown,2025-1,global
185948,Unknown,2025-1,caribbean
185948,Unknown,2025-1,gulf_of mexico
185949,Unknown,2025-1,global
185949,Unknown,2025-1,caribbean
185950,Unknown,2025-1,global
185950,Unknown,2025-1,gulf_of mexico
185951,Unknown,2025-1,global
185952,Unknown,2025-1,global
185952,Unknown,2025-1,caribbean
185953,Unknown,2025-1,global
185953,Unknown,2025-1,caribbean
185954,Unknown,2025-1,global
185954,Unknown,2025-1,caribbean
185955,Unknown,2025-1,global
185955,Unknown,2025-1,caribbean
185956,Unknown,2025-1,global
185956,Unknown,2025-1,caribbean
185957,Unknown,2025-1,global
185958,Unknown,2025-1,global
185958,Unknown,2025-1,caribbean
185959,Unknown,2025-1,global
185959,Unknown,2025-1,caribbean
185960,Unknown,2025-1,global
185960,Unknown,2025-1,caribbean
185961,Unknown,2025-1,global
185961,Unknown,2025-1,caribbean
185962,Unknown,2025-1,global
185964,Unknown,2025-1,global
185965,Unknown,2025-1,global
185965,Unknown,2025-1,caribbean
185966,Unknown,2025-1,global
185966,Unknown,2025-1,caribbean
185967,Unknown,2025-1,global
185967,Unknown,2025-1,caribbean
185969,Unknown,2025-1,global
185969,Unknown,2025-1,caribbean
185970,Unknown,2025-1,global
185970,Unknown,2025-1,caribbean
185971,Unknown,2025-1,global
185973,Unknown,2025-1,global
185973,Unknown,2025-1,caribbean
185974,Unknown,2025-1,global
185974,Unknown,2025-1,caribbean
185975,Unknown,2025-1,global
185975,Unknown,2025-1,caribbean
185976,Unknown,2025-1,global
185976,Unknown,2025-1,caribbean
185978,Unknown,2025-1,global
185978,Unknown,2025-1,caribbean
185979,Unknown,2025-1,global
185979,Unknown,2025-1,caribbean
185979,Unknown,2025-1,gulf_of mexico
185980,Unknown,2025-1,global
185980,Unknown,2025-1,caribbean
185981,Unknown,2025-1,global
185981,Unknown,2025-1,caribbean
185982,Unknown,2025-1,global
185982,Unknown,2025-1,caribbean
185983,Unknown,2025-1,global
185983,Unknown,2025-1,caribbean
185984,Unknown,2025-1,global
185984,Unknown,2025-1,caribbean
185985,Unknown,2025-1,global
185985,Unknown,2025-1,caribbean
185986,Unknown,2025-1,global
185986,Unknown,2025-1,caribbean
185987,Unknown,2025-1,global
185987,Unknown,2025-1,caribbean
185988,Unknown,2025-1,global
185988,Unknown,2025-1,caribbean
185992,Unknown,2025-1,global
185993,Unknown,2025-1,global
185995,Unknown,2025-1,global
185996,Unknown,2025-1,global
186000,Unknown,2025-1,global
186000,Unknown,2025-1,caribbean
186001,Unknown,2025-1,global
186001,Unknown,2025-1,caribbean
186003,Unknown,2025-1,global
186003,Unknown,2025-1,caribbean
186004,Unknown,2025-1,global
186005,Unknown,2025-1,global
186006,Unknown,2025-1,global
186010,Unknown,2025-1,global
186011,Unknown,2025-1,global
186011,Unknown,2025-1,caribbean
186011,Unknown,2025-1,gulf_of mexico
186013,Unknown,2025-1,global
186013,Unknown,2025-1,caribbean
186015,Unknown,2025-1,global
186015,Unknown,2025-1,caribbean
186017,Unknown,2025-1,global
186018,Unknown,2025-1,global
186020,Unknown,2025-1,global
186020,Unknown,2025-1,caribbean
186022,Unknown,2025-1,global
186022,Unknown,2025-1,caribbean
186023,Unknown,2025-1,global
186023,Unknown,2025-1,caribbean
186025,Unknown,2025-1,global
186025,Unknown,2025-1,caribbean
186026,Unknown,2025-1,global
186026,Unknown,2025-1,caribbean
186027,Unknown,2025-1,global
186027,Unknown,2025-1,caribbean
186028,Unknown,2025-1,global
186028,Unknown,2025-1,caribbean
186029,Unknown,2025-1,global
186029,Unknown,2025-1,caribbean
186030,Unknown,2025-1,global
186030,Unknown,2025-1,caribbean
186031,Unknown,2025-1,global
186031,Unknown,2025-1,caribbean
186032,Unknown,2025-1,global
186032,Unknown,2025-1,caribbean
186033,Unknown,2025-1,global
186033,Unknown,2025-1,caribbean
186034,Unknown,2025-1,global
186034,Unknown,2025-1,caribbean
186035,Unknown,2025-1,global
186035,Unknown,2025-1,caribbean
186036,Unknown,2025-1,global
186036,Unknown,2025-1,caribbean
186037,Unknown,2025-1,global
186038,Unknown,2025-1,global
186038,Unknown,2025-1,caribbean
186039,Unknown,2025-1,global
186040,Unknown,2025-1,global
186041,Unknown,2025-1,global
186041,Unknown,2025-1,caribbean
186042,Unknown,2025-1,global
186042,Unknown,2025-1,caribbean
186043,Unknown,2025-1,global
186044,Unknown,2025-1,global
186045,Unknown,2025-1,global
186052,Unknown,2025-1,global
186052,Unknown,2025-1,caribbean
186053,Unknown,2025-1,global
186053,Unknown,2025-1,caribbean
186054,Unknown,2025-1,global
186054,Unknown,2025-1,caribbean
186057,Unknown,2025-1,global
186057,Unknown,2025-1,caribbean
186058,Unknown,2025-1,global
186058,Unknown,2025-1,caribbean
186059,Unknown,2025-1,global
186059,Unknown,2025-1,caribbean
186060,Unknown,2025-1,global
186060,Unknown,2025-1,caribbean
186061,Unknown,2025-1,global
186061,Unknown,2025-1,caribbean
186062,Unknown,2025-1,global
186062,Unknown,2025-1,caribbean
186086,Unknown,2025-1,global
186087,Unknown,2025-1,global
186088,Unknown,2025-1,global
186090,Unknown,2025-1,global
186410,Unknown,2025-1,global
186512,Unknown,2025-1,global
186525,Unknown,2025-1,global
186532,Unknown,2025-1,global
186540,Unknown,2025-1,global
186572,Unknown,2025-1,global
186613,Unknown,2025-1,global
186779,Unknown,2025-1,global
186881,Unknown,2025-1,global
186910,Unknown,2025-1,global
186920,Unknown,2025-1,global
187322,Unknown,2025-1,global
187334,Unknown,2025-1,global
187341,Unknown,2025-1,global
187608,Unknown,2025-1,global
187608,Unknown,2025-1,caribbean
187608,Unknown,2025-1,gulf_of mexico
187905,Unknown,2025-1,global
188023,Unknown,2025-1,global
188314,Unknown,2025-1,global
188315,Unknown,2025-1,global
188316,Unknown,2025-1,global
188318,Unknown,2025-1,global
188320,Unknown,2025-1,global
188321,Unknown,2025-1,global
188322,Unknown,2025-1,global
188323,Unknown,2025-1,global
188324,Unknown,2025-1,global
188325,Unknown,2025-1,global
188326,Unknown,2025-1,global
188327,Unknown,2025-1,global
188332,Unknown,2025-1,global
188334,Unknown,2025-1,global
188335,Unknown,2025-1,global
188338,Unknown,2025-1,global
188339,Unknown,2025-1,global
188341,Unknown,2025-1,global
188344,Unknown,2025-1,global
188345,Unknown,2025-1,global
188346,Unknown,2025-1,global
188347,Unknown,2025-1,global
188348,Unknown,2025-1,global
188349,Unknown,2025-1,global
188351,Unknown,2025-1,global
188352,Unknown,2025-1,global
188355,Unknown,2025-1,global
188358,Unknown,2025-1,global
188359,Unknown,2025-1,global
188363,Unknown,2025-1,global
188364,Unknown,2025-1,global
188365,Unknown,2025-1,global
188366,Unknown,2025-1,global
188367,Unknown,2025-1,global
188368,Unknown,2025-1,global
188369,Unknown,2025-1,global
188373,Unknown,2025-1,global
188374,Unknown,2025-1,global
188376,Unknown,2025-1,global
188378,Unknown,2025-1,global
188379,Unknown,2025-1,global
188381,Unknown,2025-1,global
188382,Unknown,2025-1,global
188384,Unknown,2025-1,global
188391,Unknown,2025-1,global
188393,Unknown,2025-1,global
188394,Unknown,2025-1,global
188395,Unknown,2025-1,global
188396,Unknown,2025-1,global
188399,Unknown,2025-1,global
188400,Unknown,2025-1,global
188401,Unknown,2025-1,global
188402,Unknown,2025-1,global
188403,Unknown,2025-1,global
188404,Unknown,2025-1,global
188405,Unknown,2025-1,global
188408,Unknown,2025-1,global
188409,Unknown,2025-1,global
188410,Unknown,2025-1,global
188411,Unknown,2025-1,global
188412,Unknown,2025-1,global
188413,Unknown,2025-1,global
188414,Unknown,2025-1,global
188417,Unknown,2025-1,global
188419,Unknown,2025-1,global
188420,Unknown,2025-1,global
188422,Unknown,2025-1,global
188423,Unknown,2025-1,global
188425,Unknown,2025-1,global
188426,Unknown,2025-1,global
188428,Unknown,2025-1,global
188429,Unknown,2025-1,global
188430,Unknown,2025-1,global
188432,Unknown,2025-1,global
188433,Unknown,2025-1,global
188435,Unknown,2025-1,global
188439,Unknown,2025-1,global
188440,Unknown,2025-1,global
188441,Unknown,2025-1,global
188442,Unknown,2025-1,global
188443,Unknown,2025-1,global
188446,Unknown,2025-1,global
188448,Unknown,2025-1,global
188449,Unknown,2025-1,global
188450,Unknown,2025-1,global
188451,Unknown,2025-1,global
188452,Unknown,2025-1,global
188457,Unknown,2025-1,global
188458,Unknown,2025-1,global
188459,Unknown,2025-1,global
188462,Unknown,2025-1,global
188463,Unknown,2025-1,global
188465,Unknown,2025-1,global
188468,Unknown,2025-1,global
188469,Unknown,2025-1,global
188470,Unknown,2025-1,global
188471,Unknown,2025-1,global
188473,Unknown,2025-1,global
188474,Unknown,2025-1,global
188475,Unknown,2025-1,global
188476,Unknown,2025-1,global
188477,Unknown,2025-1,global
188479,Unknown,2025-1,global
188480,Unknown,2025-1,global
188481,Unknown,2025-1,global
188483,Unknown,2025-1,global
188484,Unknown,2025-1,global
188486,Unknown,2025-1,global
188488,Unknown,2025-1,global
188489,Unknown,2025-1,global
188491,Unknown,2025-1,global
188492,Unknown,2025-1,global
188493,Unknown,2025-1,global
188494,Unknown,2025-1,global
188496,Unknown,2025-1,global
188497,Unknown,2025-1,global
188500,Unknown,2025-1,global
188501,Unknown,2025-1,global
188502,Unknown,2025-1,global
188503,Unknown,2025-1,global
188505,Unknown,2025-1,global
188506,Unknown,2025-1,global
188507,Unknown,2025-1,global
188508,Unknown,2025-1,global
188512,Unknown,2025-1,global
188514,Unknown,2025-1,global
188515,Unknown,2025-1,global
188517,Unknown,2025-1,global
188518,Unknown,2025-1,global
188519,Unknown,2025-1,global
188520,Unknown,2025-1,global
188522,Unknown,2025-1,global
188524,Unknown,2025-1,global
188526,Unknown,2025-1,global
188527,Unknown,2025-1,global
188533,Unknown,2025-1,global
188535,Unknown,2025-1,global
188538,Unknown,2025-1,global
188540,Unknown,2025-1,global
188542,Unknown,2025-1,global
188544,Unknown,2025-1,global
188545,Unknown,2025-1,global
188549,Unknown,2025-1,global
188550,Unknown,2025-1,global
188552,Unknown,2025-1,global
188556,Unknown,2025-1,global
188561,Unknown,2025-1,global
188562,Unknown,2025-1,global
188564,Unknown,2025-1,global
188566,Unknown,2025-1,global
188567,Unknown,2025-1,global
188568,Unknown,2025-1,global
188569,Unknown,2025-1,global
188572,Unknown,2025-1,global
188573,Unknown,2025-1,global
188575,Unknown,2025-1,global
188577,Unknown,2025-1,global
188578,Unknown,2025-1,global
188579,Unknown,2025-1,global
188583,Unknown,2025-1,global
188584,Unknown,2025-1,global
188585,Unknown,2025-1,global
188586,Unknown,2025-1,global
188587,Unknown,2025-1,global
188588,Unknown,2025-1,global
188590,Unknown,2025-1,global
188592,Unknown,2025-1,global
188593,Unknown,2025-1,global
188596,Unknown,2025-1,global
188597,Unknown,2025-1,global
188599,Unknown,2025-1,global
188600,Unknown,2025-1,global
188601,Unknown,2025-1,global
188603,Unknown,2025-1,global
188604,Unknown,2025-1,global
188605,Unknown,2025-1,global
188606,Unknown,2025-1,global
188607,Unknown,2025-1,global
188610,Unknown,2025-1,global
188611,Unknown,2025-1,global
188612,Unknown,2025-1,global
188613,Unknown,2025-1,global
188616,Unknown,2025-1,global
188617,Unknown,2025-1,global
188618,Unknown,2025-1,global
188619,Unknown,2025-1,global
188620,Unknown,2025-1,global
188622,Unknown,2025-1,global
188623,Unknown,2025-1,global
188624,Unknown,2025-1,global
188626,Unknown,2025-1,global
188627,Unknown,2025-1,global
188628,Unknown,2025-1,global
188629,Unknown,2025-1,global
188665,Unknown,2025-1,global
189493,Unknown,2025-1,global
189674,Unknown,2025-1,global
189728,Unknown,2025-1,global
189729,Unknown,2025-1,global
189730,Unknown,2025-1,global
189731,Unknown,2025-1,global
189732,Unknown,2025-1,global
189733,Unknown,2025-1,global
189734,Unknown,2025-1,global
189735,Unknown,2025-1,global
189736,Unknown,2025-1,global
189738,Unknown,2025-1,global
189740,Unknown,2025-1,global
189742,Unknown,2025-1,global
189744,Unknown,2025-1,global
189746,Unknown,2025-1,global
189747,Unknown,2025-1,global
189748,Unknown,2025-1,global
189750,Unknown,2025-1,global
189810,Unknown,2025-1,global
189819,Unknown,2025-1,global
190071,Unknown,2025-1,global
190083,Unknown,2025-1,global
190085,Unknown,2025-1,global
190096,Unknown,2025-1,global
190096,Unknown,2025-1,caribbean
190097,Unknown,2025-1,global
190104,Unknown,2025-1,global
190106,Unknown,2025-1,global
190113,Unknown,2025-1,global
190119,Unknown,2025-1,global
190120,Unknown,2025-1,global
190120,Unknown,2025-1,caribbean
190128,Unknown,2025-1,global
190136,Unknown,2025-1,global
190136,Unknown,2025-1,caribbean
190136,Unknown,2025-1,gulf_of mexico
190140,Unknown,2025-1,global
190140,Unknown,2025-1,caribbean
190140,Unknown,2025-1,gulf_of mexico
190142,Unknown,2025-1,global
190153,Unknown,2025-1,global
190160,Unknown,2025-1,global
190162,Unknown,2025-1,global
190166,Unknown,2025-1,global
190170,Unknown,2025-1,global
190172,Unknown,2025-1,global
190193,Unknown,2025-1,global
190196,Unknown,2025-1,global
190199,Unknown,2025-1,global
190202,Unknown,2025-1,global
190202,Unknown,2025-1,caribbean
190212,Unknown,2025-1,global
190212,Unknown,2025-1,caribbean
190220,Unknown,2025-1,global
190225,Unknown,2025-1,global
190228,Unknown,2025-1,global
190231,Unknown,2025-1,global
190238,Unknown,2025-1,global
190245,Unknown,2025-1,global
190250,Unknown,2025-1,global
190255,Unknown,2025-1,global
190268,Unknown,2025-1,global
190268,Unknown,2025-1,caribbean
190271,Unknown,2025-1,global
79711881,Unknown,2025-1,global
190293,Unknown,2025-1,global
190308,Unknown,2025-1,global
190308,Unknown,2025-1,caribbean
190312,Unknown,2025-1,global
190315,Unknown,2025-1,global
190318,Unknown,2025-1,global
190342,Unknown,2025-1,global
190344,Unknown,2025-1,global
190350,Unknown,2025-1,global
190351,Unknown,2025-1,global
190351,Unknown,2025-1,caribbean
190356,Unknown,2025-1,global
190357,Unknown,2025-1,global
190375,Unknown,2025-1,global
190379,Unknown,2025-1,global
190379,Unknown,2025-1,caribbean
190380,Unknown,2025-1,global
190392,Unknown,2025-1,global
190392,Unknown,2025-1,caribbean
190397,Unknown,2025-1,global
190400,Unknown,2025-1,global
190403,Unknown,2025-1,global
190405,Unknown,2025-1,global
190420,Unknown,2025-1,global
190424,Unknown,2025-1,global
190426,Unknown,2025-1,global
190429,Unknown,2025-1,global
190430,Unknown,2025-1,global
190431,Unknown,2025-1,global
190436,Unknown,2025-1,global
190436,Unknown,2025-1,caribbean
190436,Unknown,2025-1,gulf_of mexico
190440,Unknown,2025-1,global
190467,Unknown,2025-1,global
190473,Unknown,2025-1,global
190473,Unknown,2025-1,caribbean
190486,Unknown,2025-1,global
190487,Unknown,2025-1,global
190489,Unknown,2025-1,global
190654,Unknown,2025-1,global
190915,Unknown,2025-1,global
190917,Unknown,2025-1,global
190918,Unknown,2025-1,global
190919,Unknown,2025-1,global
190920,Unknown,2025-1,global
190921,Unknown,2025-1,global
190922,Unknown,2025-1,global
190923,Unknown,2025-1,global
190925,Unknown,2025-1,global
190927,Unknown,2025-1,global
190928,Unknown,2025-1,global
190929,Unknown,2025-1,global
190930,Unknown,2025-1,global
190931,Unknown,2025-1,global
190932,Unknown,2025-1,global
190933,Unknown,2025-1,global
190934,Unknown,2025-1,global
190935,Unknown,2025-1,global
190936,Unknown,2025-1,global
190945,Unknown,2025-1,global
190946,Unknown,2025-1,global
190947,Unknown,2025-1,global
190948,Unknown,2025-1,global
190949,Unknown,2025-1,global
190950,Unknown,2025-1,global
190951,Unknown,2025-1,global
190953,Unknown,2025-1,global
190954,Unknown,2025-1,global
190955,Unknown,2025-1,global
190956,Unknown,2025-1,global
190957,Unknown,2025-1,global
190958,Unknown,2025-1,global
190958,Unknown,2025-1,caribbean
190959,Unknown,2025-1,global
190960,Unknown,2025-1,global
190963,Unknown,2025-1,global
190963,Unknown,2025-1,caribbean
190964,Unknown,2025-1,global
190964,Unknown,2025-1,caribbean
190966,Unknown,2025-1,global
190967,Unknown,2025-1,global
190967,Unknown,2025-1,caribbean
190969,Unknown,2025-1,global
190970,Unknown,2025-1,global
190971,Unknown,2025-1,global
190972,Unknown,2025-1,global
190974,Unknown,2025-1,global
190974,Unknown,2025-1,caribbean
190976,Unknown,2025-1,global
190977,Unknown,2025-1,global
191024,Unknown,2025-1,global
191110,Unknown,2025-1,global
191112,Unknown,2025-1,global
191190,Unknown,2025-1,global
191194,Unknown,2025-1,global
191214,Unknown,2025-1,global
191276,Unknown,2025-1,global
191277,Unknown,2025-1,global
191300,Unknown,2025-1,global
191308,Unknown,2025-1,global
191312,Unknown,2025-1,global
191540,Unknown,2025-1,global
191721,Unknown,2025-1,global
191727,Unknown,2025-1,global
191731,Unknown,2025-1,global
191743,Unknown,2025-1,global
132677053,Unknown,2025-1,global
192253,Unknown,2025-1,global
192255,Unknown,2025-1,global
192256,Unknown,2025-1,global
192257,Unknown,2025-1,global
192258,Unknown,2025-1,global
192259,Unknown,2025-1,global
192260,Unknown,2025-1,global
192261,Unknown,2025-1,global
192262,Unknown,2025-1,global
192263,Unknown,2025-1,global
192264,Unknown,2025-1,global
192265,Unknown,2025-1,global
192266,Unknown,2025-1,global
192267,Unknown,2025-1,global
192268,Unknown,2025-1,global
192269,Unknown,2025-1,global
192271,Unknown,2025-1,global
192272,Unknown,2025-1,global
192275,Unknown,2025-1,global
192276,Unknown,2025-1,global
192277,Unknown,2025-1,global
192278,Unknown,2025-1,global
192279,Unknown,2025-1,global
192280,Unknown,2025-1,global
192281,Unknown,2025-1,global
192282,Unknown,2025-1,global
192283,Unknown,2025-1,global
192285,Unknown,2025-1,global
192289,Unknown,2025-1,global
192290,Unknown,2025-1,global
192291,Unknown,2025-1,global
192292,Unknown,2025-1,global
192293,Unknown,2025-1,global
192294,Unknown,2025-1,global
192295,Unknown,2025-1,global
192296,Unknown,2025-1,global
192297,Unknown,2025-1,global
192298,Unknown,2025-1,global
192299,Unknown,2025-1,global
192300,Unknown,2025-1,global
192301,Unknown,2025-1,global
192302,Unknown,2025-1,global
192303,Unknown,2025-1,global
192304,Unknown,2025-1,global
192305,Unknown,2025-1,global
192306,Unknown,2025-1,global
192307,Unknown,2025-1,global
192308,Unknown,2025-1,global
192309,Unknown,2025-1,global
192310,Unknown,2025-1,global
192311,Unknown,2025-1,global
192312,Unknown,2025-1,global
192313,Unknown,2025-1,global
192314,Unknown,2025-1,global
192315,Unknown,2025-1,global
192317,Unknown,2025-1,global
192318,Unknown,2025-1,global
192319,Unknown,2025-1,global
192320,Unknown,2025-1,global
192322,Unknown,2025-1,global
192323,Unknown,2025-1,global
192324,Unknown,2025-1,global
192325,Unknown,2025-1,global
192326,Unknown,2025-1,global
192327,Unknown,2025-1,global
192328,Unknown,2025-1,global
192330,Unknown,2025-1,global
192333,Unknown,2025-1,global
192334,Unknown,2025-1,global
192335,Unknown,2025-1,global
192337,Unknown,2025-1,global
192338,Unknown,2025-1,global
192339,Unknown,2025-1,global
192340,Unknown,2025-1,global
192341,Unknown,2025-1,global
192342,Unknown,2025-1,global
192343,Unknown,2025-1,global
192344,Unknown,2025-1,global
192345,Unknown,2025-1,global
192346,Unknown,2025-1,global
192347,Unknown,2025-1,global
192349,Unknown,2025-1,global
192351,Unknown,2025-1,global
192352,Unknown,2025-1,global
192353,Unknown,2025-1,global
192356,Unknown,2025-1,global
192357,Unknown,2025-1,global
192358,Unknown,2025-1,global
192359,Unknown,2025-1,global
192360,Unknown,2025-1,global
192361,Unknown,2025-1,global
192362,Unknown,2025-1,global
192363,Unknown,2025-1,global
192364,Unknown,2025-1,global
192366,Unknown,2025-1,global
192367,Unknown,2025-1,global
192369,Unknown,2025-1,global
192370,Unknown,2025-1,global
192371,Unknown,2025-1,global
192372,Unknown,2025-1,global
192373,Unknown,2025-1,global
192374,Unknown,2025-1,global
192375,Unknown,2025-1,global
192376,Unknown,2025-1,global
192377,Unknown,2025-1,global
192378,Unknown,2025-1,global
192379,Unknown,2025-1,global
192380,Unknown,2025-1,global
192382,Unknown,2025-1,global
192383,Unknown,2025-1,global
192384,Unknown,2025-1,global
192385,Unknown,2025-1,global
192386,Unknown,2025-1,global
192387,Unknown,2025-1,global
192388,Unknown,2025-1,global
192389,Unknown,2025-1,global
192390,Unknown,2025-1,global
192391,Unknown,2025-1,global
192392,Unknown,2025-1,global
192393,Unknown,2025-1,global
192395,Unknown,2025-1,global
192396,Unknown,2025-1,global
192397,Unknown,2025-1,global
192398,Unknown,2025-1,global
192399,Unknown,2025-1,global
192400,Unknown,2025-1,global
192401,Unknown,2025-1,global
192404,Unknown,2025-1,global
192405,Unknown,2025-1,global
192406,Unknown,2025-1,global
192407,Unknown,2025-1,global
192408,Unknown,2025-1,global
192410,Unknown,2025-1,global
192411,Unknown,2025-1,global
192412,Unknown,2025-1,global
192413,Unknown,2025-1,global
192414,Unknown,2025-1,global
192415,Unknown,2025-1,global
192416,Unknown,2025-1,global
192417,Unknown,2025-1,global
192419,Unknown,2025-1,global
192420,Unknown,2025-1,global
192421,Unknown,2025-1,global
192422,Unknown,2025-1,global
192423,Unknown,2025-1,global
192424,Unknown,2025-1,global
192425,Unknown,2025-1,global
192426,Unknown,2025-1,global
192428,Unknown,2025-1,global
192429,Unknown,2025-1,global
192430,Unknown,2025-1,global
192431,Unknown,2025-1,global
192432,Unknown,2025-1,global
192434,Unknown,2025-1,global
192435,Unknown,2025-1,global
192436,Unknown,2025-1,global
192437,Unknown,2025-1,global
192439,Unknown,2025-1,global
192440,Unknown,2025-1,global
192441,Unknown,2025-1,global
192442,Unknown,2025-1,global
192443,Unknown,2025-1,global
192444,Unknown,2025-1,global
192445,Unknown,2025-1,global
192446,Unknown,2025-1,global
192447,Unknown,2025-1,global
192448,Unknown,2025-1,global
192449,Unknown,2025-1,global
192450,Unknown,2025-1,global
192451,Unknown,2025-1,global
192453,Unknown,2025-1,global
192454,Unknown,2025-1,global
192457,Unknown,2025-1,global
192458,Unknown,2025-1,global
192460,Unknown,2025-1,global
192462,Unknown,2025-1,global
192464,Unknown,2025-1,global
192466,Unknown,2025-1,global
192467,Unknown,2025-1,global
192468,Unknown,2025-1,global
192470,Unknown,2025-1,global
192471,Unknown,2025-1,global
192473,Unknown,2025-1,global
192474,Unknown,2025-1,global
192476,Unknown,2025-1,global
192477,Unknown,2025-1,global
192479,Unknown,2025-1,global
192480,Unknown,2025-1,global
192481,Unknown,2025-1,global
192482,Unknown,2025-1,global
192483,Unknown,2025-1,global
192484,Unknown,2025-1,global
192486,Unknown,2025-1,global
192488,Unknown,2025-1,global
192489,Unknown,2025-1,global
192490,Unknown,2025-1,global
192491,Unknown,2025-1,global
192493,Unknown,2025-1,global
192494,Unknown,2025-1,global
192495,Unknown,2025-1,global
192496,Unknown,2025-1,global
192497,Unknown,2025-1,global
192498,Unknown,2025-1,global
192499,Unknown,2025-1,global
192500,Unknown,2025-1,global
192501,Unknown,2025-1,global
192502,Unknown,2025-1,global
192503,Unknown,2025-1,global
192504,Unknown,2025-1,global
192505,Unknown,2025-1,global
192507,Unknown,2025-1,global
192508,Unknown,2025-1,global
192509,Unknown,2025-1,global
192510,Unknown,2025-1,global
192511,Unknown,2025-1,global
192512,Unknown,2025-1,global
192513,Unknown,2025-1,global
192514,Unknown,2025-1,global
192515,Unknown,2025-1,global
192516,Unknown,2025-1,global
192517,Unknown,2025-1,global
192518,Unknown,2025-1,global
192519,Unknown,2025-1,global
192520,Unknown,2025-1,global
192523,Unknown,2025-1,global
192524,Unknown,2025-1,global
192525,Unknown,2025-1,global
192527,Unknown,2025-1,global
192528,Unknown,2025-1,global
192529,Unknown,2025-1,global
192531,Unknown,2025-1,global
192532,Unknown,2025-1,global
192533,Unknown,2025-1,global
192535,Unknown,2025-1,global
192536,Unknown,2025-1,global
192537,Unknown,2025-1,global
192538,Unknown,2025-1,global
192539,Unknown,2025-1,global
192540,Unknown,2025-1,global
192542,Unknown,2025-1,global
192546,Unknown,2025-1,global
192547,Unknown,2025-1,global
192548,Unknown,2025-1,global
192549,Unknown,2025-1,global
192550,Unknown,2025-1,global
192551,Unknown,2025-1,global
192552,Unknown,2025-1,global
192553,Unknown,2025-1,global
192554,Unknown,2025-1,global
192555,Unknown,2025-1,global
192557,Unknown,2025-1,global
192558,Unknown,2025-1,global
192559,Unknown,2025-1,global
192560,Unknown,2025-1,global
192561,Unknown,2025-1,global
192562,Unknown,2025-1,global
192563,Unknown,2025-1,global
192564,Unknown,2025-1,global
192565,Unknown,2025-1,global
192566,Unknown,2025-1,global
192567,Unknown,2025-1,global
192568,Unknown,2025-1,global
192569,Unknown,2025-1,global
192570,Unknown,2025-1,global
192573,Unknown,2025-1,global
192574,Unknown,2025-1,global
192575,Unknown,2025-1,global
192577,Unknown,2025-1,global
192578,Unknown,2025-1,global
192579,Unknown,2025-1,global
192580,Unknown,2025-1,global
192582,Unknown,2025-1,global
192585,Unknown,2025-1,global
192586,Unknown,2025-1,global
192587,Unknown,2025-1,global
192588,Unknown,2025-1,global
192589,Unknown,2025-1,global
192590,Unknown,2025-1,global
192591,Unknown,2025-1,global
192592,Unknown,2025-1,global
192593,Unknown,2025-1,global
192594,Unknown,2025-1,global
192595,Unknown,2025-1,global
192596,Unknown,2025-1,global
192597,Unknown,2025-1,global
192598,Unknown,2025-1,global
192599,Unknown,2025-1,global
192600,Unknown,2025-1,global
192601,Unknown,2025-1,global
192603,Unknown,2025-1,global
192605,Unknown,2025-1,global
192606,Unknown,2025-1,global
192608,Unknown,2025-1,global
192609,Unknown,2025-1,global
192610,Unknown,2025-1,global
192611,Unknown,2025-1,global
192612,Unknown,2025-1,global
192613,Unknown,2025-1,global
192615,Unknown,2025-1,global
192616,Unknown,2025-1,global
192617,Unknown,2025-1,global
192618,Unknown,2025-1,global
192619,Unknown,2025-1,global
192621,Unknown,2025-1,global
192622,Unknown,2025-1,global
192623,Unknown,2025-1,global
192624,Unknown,2025-1,global
192625,Unknown,2025-1,global
192627,Unknown,2025-1,global
192628,Unknown,2025-1,global
192629,Unknown,2025-1,global
192630,Unknown,2025-1,global
192631,Unknown,2025-1,global
192632,Unknown,2025-1,global
192633,Unknown,2025-1,global
192634,Unknown,2025-1,global
192635,Unknown,2025-1,global
192636,Unknown,2025-1,global
192637,Unknown,2025-1,global
192638,Unknown,2025-1,global
192640,Unknown,2025-1,global
192641,Unknown,2025-1,global
192642,Unknown,2025-1,global
192643,Unknown,2025-1,global
192644,Unknown,2025-1,global
192645,Unknown,2025-1,global
192647,Unknown,2025-1,global
192648,Unknown,2025-1,global
192649,Unknown,2025-1,global
192650,Unknown,2025-1,global
192652,Unknown,2025-1,global
192653,Unknown,2025-1,global
192654,Unknown,2025-1,global
192655,Unknown,2025-1,global
192656,Unknown,2025-1,global
192657,Unknown,2025-1,global
192658,Unknown,2025-1,global
192659,Unknown,2025-1,global
192660,Unknown,2025-1,global
192661,Unknown,2025-1,global
192662,Unknown,2025-1,global
192663,Unknown,2025-1,global
192664,Unknown,2025-1,global
192665,Unknown,2025-1,global
192666,Unknown,2025-1,global
192667,Unknown,2025-1,global
192669,Unknown,2025-1,global
192671,Unknown,2025-1,global
192672,Unknown,2025-1,global
192675,Unknown,2025-1,global
192676,Unknown,2025-1,global
192677,Unknown,2025-1,global
192678,Unknown,2025-1,global
192680,Unknown,2025-1,global
192681,Unknown,2025-1,global
192682,Unknown,2025-1,global
192683,Unknown,2025-1,global
192684,Unknown,2025-1,global
192686,Unknown,2025-1,global
192688,Unknown,2025-1,global
192689,Unknown,2025-1,global
192690,Unknown,2025-1,global
192691,Unknown,2025-1,global
192692,Unknown,2025-1,global
192693,Unknown,2025-1,global
192694,Unknown,2025-1,global
192695,Unknown,2025-1,global
192697,Unknown,2025-1,global
192698,Unknown,2025-1,global
192699,Unknown,2025-1,global
192700,Unknown,2025-1,global
192701,Unknown,2025-1,global
192703,Unknown,2025-1,global
192704,Unknown,2025-1,global
192705,Unknown,2025-1,global
192706,Unknown,2025-1,global
192707,Unknown,2025-1,global
192708,Unknown,2025-1,global
192710,Unknown,2025-1,global
192711,Unknown,2025-1,global
192712,Unknown,2025-1,global
192713,Unknown,2025-1,global
192714,Unknown,2025-1,global
192716,Unknown,2025-1,global
192717,Unknown,2025-1,global
192718,Unknown,2025-1,global
192719,Unknown,2025-1,global
192720,Unknown,2025-1,global
192721,Unknown,2025-1,global
192722,Unknown,2025-1,global
192725,Unknown,2025-1,global
192727,Unknown,2025-1,global
192728,Unknown,2025-1,global
192729,Unknown,2025-1,global
192730,Unknown,2025-1,global
192731,Unknown,2025-1,global
192732,Unknown,2025-1,global
192733,Unknown,2025-1,global
192734,Unknown,2025-1,global
192736,Unknown,2025-1,global
192737,Unknown,2025-1,global
192738,Unknown,2025-1,global
192739,Unknown,2025-1,global
192740,Unknown,2025-1,global
192741,Unknown,2025-1,global
192745,Unknown,2025-1,global
192747,Unknown,2025-1,global
192748,Unknown,2025-1,global
192749,Unknown,2025-1,global
192750,Unknown,2025-1,global
192751,Unknown,2025-1,global
192752,Unknown,2025-1,global
192753,Unknown,2025-1,global
192754,Unknown,2025-1,global
192755,Unknown,2025-1,global
192757,Unknown,2025-1,global
192758,Unknown,2025-1,global
192759,Unknown,2025-1,global
192760,Unknown,2025-1,global
192761,Unknown,2025-1,global
192762,Unknown,2025-1,global
192764,Unknown,2025-1,global
192765,Unknown,2025-1,global
192766,Unknown,2025-1,global
192768,Unknown,2025-1,global
192772,Unknown,2025-1,global
192773,Unknown,2025-1,global
192774,Unknown,2025-1,global
192776,Unknown,2025-1,global
192777,Unknown,2025-1,global
192778,Unknown,2025-1,global
192779,Unknown,2025-1,global
192780,Unknown,2025-1,global
192781,Unknown,2025-1,global
192782,Unknown,2025-1,global
192783,Unknown,2025-1,global
192784,Unknown,2025-1,global
192786,Unknown,2025-1,global
192787,Unknown,2025-1,global
192788,Unknown,2025-1,global
192789,Unknown,2025-1,global
192790,Unknown,2025-1,global
192791,Unknown,2025-1,global
192792,Unknown,2025-1,global
192793,Unknown,2025-1,global
192794,Unknown,2025-1,global
192796,Unknown,2025-1,global
192797,Unknown,2025-1,global
192798,Unknown,2025-1,global
192799,Unknown,2025-1,global
192800,Unknown,2025-1,global
192801,Unknown,2025-1,global
192802,Unknown,2025-1,global
192803,Unknown,2025-1,global
192804,Unknown,2025-1,global
192805,Unknown,2025-1,global
192806,Unknown,2025-1,global
192807,Unknown,2025-1,global
192809,Unknown,2025-1,global
192811,Unknown,2025-1,global
192812,Unknown,2025-1,global
192813,Unknown,2025-1,global
192814,Unknown,2025-1,global
192815,Unknown,2025-1,global
192817,Unknown,2025-1,global
192818,Unknown,2025-1,global
192819,Unknown,2025-1,global
192820,Unknown,2025-1,global
192821,Unknown,2025-1,global
192822,Unknown,2025-1,global
192823,Unknown,2025-1,global
192824,Unknown,2025-1,global
192825,Unknown,2025-1,global
192826,Unknown,2025-1,global
192827,Unknown,2025-1,global
192829,Unknown,2025-1,global
192830,Unknown,2025-1,global
192831,Unknown,2025-1,global
192832,Unknown,2025-1,global
192833,Unknown,2025-1,global
192834,Unknown,2025-1,global
192835,Unknown,2025-1,global
192836,Unknown,2025-1,global
192838,Unknown,2025-1,global
192842,Unknown,2025-1,global
192843,Unknown,2025-1,global
192844,Unknown,2025-1,global
192845,Unknown,2025-1,global
192846,Unknown,2025-1,global
192847,Unknown,2025-1,global
192848,Unknown,2025-1,global
192849,Unknown,2025-1,global
192850,Unknown,2025-1,global
192851,Unknown,2025-1,global
192853,Unknown,2025-1,global
192854,Unknown,2025-1,global
192856,Unknown,2025-1,global
192857,Unknown,2025-1,global
192859,Unknown,2025-1,global
192860,Unknown,2025-1,global
192861,Unknown,2025-1,global
192862,Unknown,2025-1,global
192864,Unknown,2025-1,global
192865,Unknown,2025-1,global
192866,Unknown,2025-1,global
192867,Unknown,2025-1,global
192868,Unknown,2025-1,global
192869,Unknown,2025-1,global
192870,Unknown,2025-1,global
192871,Unknown,2025-1,global
192872,Unknown,2025-1,global
192873,Unknown,2025-1,global
192875,Unknown,2025-1,global
192876,Unknown,2025-1,global
192877,Unknown,2025-1,global
192879,Unknown,2025-1,global
192924,Unknown,2025-1,global
192928,Unknown,2025-1,global
192930,Unknown,2025-1,global
192932,Unknown,2025-1,global
192935,Unknown,2025-1,global
192936,Unknown,2025-1,global
192941,Unknown,2025-1,global
192948,Unknown,2025-1,global
192982,Unknown,2025-1,global
192984,Unknown,2025-1,global
192987,Unknown,2025-1,global
192988,Unknown,2025-1,global
192989,Unknown,2025-1,global
192990,Unknown,2025-1,global
192991,Unknown,2025-1,global
192992,Unknown,2025-1,global
192993,Unknown,2025-1,global
192995,Unknown,2025-1,global
192996,Unknown,2025-1,global
192997,Unknown,2025-1,global
192998,Unknown,2025-1,global
192999,Unknown,2025-1,global
193001,Unknown,2025-1,global
193002,Unknown,2025-1,global
193003,Unknown,2025-1,global
193004,Unknown,2025-1,global
193006,Unknown,2025-1,global
193008,Unknown,2025-1,global
193010,Unknown,2025-1,global
193011,Unknown,2025-1,global
193012,Unknown,2025-1,global
193013,Unknown,2025-1,global
193014,Unknown,2025-1,global
193015,Unknown,2025-1,global
193016,Unknown,2025-1,global
193017,Unknown,2025-1,global
193018,Unknown,2025-1,global
193019,Unknown,2025-1,global
193020,Unknown,2025-1,global
193021,Unknown,2025-1,global
193022,Unknown,2025-1,global
193023,Unknown,2025-1,global
193024,Unknown,2025-1,global
193027,Unknown,2025-1,global
193028,Unknown,2025-1,global
193029,Unknown,2025-1,global
193030,Unknown,2025-1,global
193033,Unknown,2025-1,global
193034,Unknown,2025-1,global
193036,Unknown,2025-1,global
193037,Unknown,2025-1,global
193038,Unknown,2025-1,global
193039,Unknown,2025-1,global
193041,Unknown,2025-1,global
193042,Unknown,2025-1,global
193043,Unknown,2025-1,global
193044,Unknown,2025-1,global
193046,Unknown,2025-1,global
193047,Unknown,2025-1,global
193049,Unknown,2025-1,global
193050,Unknown,2025-1,global
193051,Unknown,2025-1,global
193052,Unknown,2025-1,global
193053,Unknown,2025-1,global
193054,Unknown,2025-1,global
193055,Unknown,2025-1,global
193056,Unknown,2025-1,global
193057,Unknown,2025-1,global
193058,Unknown,2025-1,global
193059,Unknown,2025-1,global
193060,Unknown,2025-1,global
193061,Unknown,2025-1,global
193062,Unknown,2025-1,global
193064,Unknown,2025-1,global
193065,Unknown,2025-1,global
193066,Unknown,2025-1,global
193067,Unknown,2025-1,global
193068,Unknown,2025-1,global
193069,Unknown,2025-1,global
193070,Unknown,2025-1,global
193071,Unknown,2025-1,global
193073,Unknown,2025-1,global
193074,Unknown,2025-1,global
193075,Unknown,2025-1,global
193077,Unknown,2025-1,global
193078,Unknown,2025-1,global
193079,Unknown,2025-1,global
193080,Unknown,2025-1,global
193082,Unknown,2025-1,global
193084,Unknown,2025-1,global
193085,Unknown,2025-1,global
193086,Unknown,2025-1,global
193087,Unknown,2025-1,global
193088,Unknown,2025-1,global
193089,Unknown,2025-1,global
193090,Unknown,2025-1,global
193091,Unknown,2025-1,global
193093,Unknown,2025-1,global
193096,Unknown,2025-1,global
193097,Unknown,2025-1,global
193098,Unknown,2025-1,global
193099,Unknown,2025-1,global
193100,Unknown,2025-1,global
193101,Unknown,2025-1,global
193102,Unknown,2025-1,global
193103,Unknown,2025-1,global
193104,Unknown,2025-1,global
193105,Unknown,2025-1,global
193106,Unknown,2025-1,global
193107,Unknown,2025-1,global
193108,Unknown,2025-1,global
193110,Unknown,2025-1,global
193111,Unknown,2025-1,global
193112,Unknown,2025-1,global
193114,Unknown,2025-1,global
193115,Unknown,2025-1,global
193116,Unknown,2025-1,global
193117,Unknown,2025-1,global
193118,Unknown,2025-1,global
193119,Unknown,2025-1,global
193121,Unknown,2025-1,global
193122,Unknown,2025-1,global
193124,Unknown,2025-1,global
193126,Unknown,2025-1,global
193127,Unknown,2025-1,global
193128,Unknown,2025-1,global
193129,Unknown,2025-1,global
193131,Unknown,2025-1,global
193132,Unknown,2025-1,global
193133,Unknown,2025-1,global
193134,Unknown,2025-1,global
193135,Unknown,2025-1,global
193136,Unknown,2025-1,global
193137,Unknown,2025-1,global
193139,Unknown,2025-1,global
193140,Unknown,2025-1,global
193142,Unknown,2025-1,global
193143,Unknown,2025-1,global
193144,Unknown,2025-1,global
193145,Unknown,2025-1,global
193146,Unknown,2025-1,global
193147,Unknown,2025-1,global
193152,Unknown,2025-1,global
193153,Unknown,2025-1,global
193155,Unknown,2025-1,global
193156,Unknown,2025-1,global
193157,Unknown,2025-1,global
193158,Unknown,2025-1,global
193160,Unknown,2025-1,global
193161,Unknown,2025-1,global
193162,Unknown,2025-1,global
193163,Unknown,2025-1,global
193164,Unknown,2025-1,global
193166,Unknown,2025-1,global
193168,Unknown,2025-1,global
193169,Unknown,2025-1,global
193170,Unknown,2025-1,global
193171,Unknown,2025-1,global
193172,Unknown,2025-1,global
193173,Unknown,2025-1,global
193174,Unknown,2025-1,global
193176,Unknown,2025-1,global
193177,Unknown,2025-1,global
193178,Unknown,2025-1,global
193180,Unknown,2025-1,global
193181,Unknown,2025-1,global
193182,Unknown,2025-1,global
193183,Unknown,2025-1,global
193184,Unknown,2025-1,global
193185,Unknown,2025-1,global
193186,Unknown,2025-1,global
193187,Unknown,2025-1,global
193188,Unknown,2025-1,global
193189,Unknown,2025-1,global
193191,Unknown,2025-1,global
193192,Unknown,2025-1,global
193193,Unknown,2025-1,global
193194,Unknown,2025-1,global
193195,Unknown,2025-1,global
193198,Unknown,2025-1,global
193199,Unknown,2025-1,global
193200,Unknown,2025-1,global
193201,Unknown,2025-1,global
193202,Unknown,2025-1,global
193203,Unknown,2025-1,global
193206,Unknown,2025-1,global
193207,Unknown,2025-1,global
193209,Unknown,2025-1,global
193211,Unknown,2025-1,global
193213,Unknown,2025-1,global
193214,Unknown,2025-1,global
193215,Unknown,2025-1,global
193216,Unknown,2025-1,global
193217,Unknown,2025-1,global
193218,Unknown,2025-1,global
193219,Unknown,2025-1,global
193220,Unknown,2025-1,global
193221,Unknown,2025-1,global
193222,Unknown,2025-1,global
193223,Unknown,2025-1,global
193224,Unknown,2025-1,global
193225,Unknown,2025-1,global
193226,Unknown,2025-1,global
193227,Unknown,2025-1,global
193228,Unknown,2025-1,global
193229,Unknown,2025-1,global
193230,Unknown,2025-1,global
193231,Unknown,2025-1,global
193232,Unknown,2025-1,global
193233,Unknown,2025-1,global
193234,Unknown,2025-1,global
193235,Unknown,2025-1,global
193236,Unknown,2025-1,global
193237,Unknown,2025-1,global
193238,Unknown,2025-1,global
193239,Unknown,2025-1,global
193240,Unknown,2025-1,global
193241,Unknown,2025-1,global
193242,Unknown,2025-1,global
193243,Unknown,2025-1,global
193244,Unknown,2025-1,global
193245,Unknown,2025-1,global
193247,Unknown,2025-1,global
193248,Unknown,2025-1,global
193249,Unknown,2025-1,global
193250,Unknown,2025-1,global
193251,Unknown,2025-1,global
193252,Unknown,2025-1,global
193253,Unknown,2025-1,global
193254,Unknown,2025-1,global
193255,Unknown,2025-1,global
193256,Unknown,2025-1,global
193257,Unknown,2025-1,global
193258,Unknown,2025-1,global
193272,Unknown,2025-1,global
193290,Unknown,2025-1,global
193291,Unknown,2025-1,global
193292,Unknown,2025-1,global
193295,Unknown,2025-1,global
193296,Unknown,2025-1,global
193297,Unknown,2025-1,global
193298,Unknown,2025-1,global
193299,Unknown,2025-1,global
193301,Unknown,2025-1,global
193303,Unknown,2025-1,global
193304,Unknown,2025-1,global
193305,Unknown,2025-1,global
193306,Unknown,2025-1,global
193307,Unknown,2025-1,global
193308,Unknown,2025-1,global
193310,Unknown,2025-1,global
193311,Unknown,2025-1,global
193312,Unknown,2025-1,global
193314,Unknown,2025-1,global
193316,Unknown,2025-1,global
193317,Unknown,2025-1,global
193319,Unknown,2025-1,global
193320,Unknown,2025-1,global
193321,Unknown,2025-1,global
193322,Unknown,2025-1,global
193323,Unknown,2025-1,global
193324,Unknown,2025-1,global
193325,Unknown,2025-1,global
193326,Unknown,2025-1,global
193327,Unknown,2025-1,global
193329,Unknown,2025-1,global
193331,Unknown,2025-1,global
193332,Unknown,2025-1,global
193333,Unknown,2025-1,global
193334,Unknown,2025-1,global
193335,Unknown,2025-1,global
193336,Unknown,2025-1,global
193338,Unknown,2025-1,global
193340,Unknown,2025-1,global
193341,Unknown,2025-1,global
193342,Unknown,2025-1,global
193343,Unknown,2025-1,global
193344,Unknown,2025-1,global
193345,Unknown,2025-1,global
193346,Unknown,2025-1,global
193347,Unknown,2025-1,global
193349,Unknown,2025-1,global
193350,Unknown,2025-1,global
193351,Unknown,2025-1,global
193352,Unknown,2025-1,global
193353,Unknown,2025-1,global
193354,Unknown,2025-1,global
193355,Unknown,2025-1,global
193356,Unknown,2025-1,global
193358,Unknown,2025-1,global
193359,Unknown,2025-1,global
193360,Unknown,2025-1,global
193362,Unknown,2025-1,global
193363,Unknown,2025-1,global
193364,Unknown,2025-1,global
193366,Unknown,2025-1,global
193370,Unknown,2025-1,global
193372,Unknown,2025-1,global
193373,Unknown,2025-1,global
193375,Unknown,2025-1,global
193379,Unknown,2025-1,global
193380,Unknown,2025-1,global
193382,Unknown,2025-1,global
193384,Unknown,2025-1,global
193385,Unknown,2025-1,global
193387,Unknown,2025-1,global
193388,Unknown,2025-1,global
193389,Unknown,2025-1,global
193390,Unknown,2025-1,global
193391,Unknown,2025-1,global
193392,Unknown,2025-1,global
193393,Unknown,2025-1,global
193394,Unknown,2025-1,global
193395,Unknown,2025-1,global
193396,Unknown,2025-1,global
193397,Unknown,2025-1,global
193398,Unknown,2025-1,global
193399,Unknown,2025-1,global
193400,Unknown,2025-1,global
193401,Unknown,2025-1,global
193455,Unknown,2025-1,global
193456,Unknown,2025-1,global
193457,Unknown,2025-1,global
193458,Unknown,2025-1,global
193459,Unknown,2025-1,global
193460,Unknown,2025-1,global
193464,Unknown,2025-1,global
193466,Unknown,2025-1,global
193467,Unknown,2025-1,global
193468,Unknown,2025-1,global
193469,Unknown,2025-1,global
193470,Unknown,2025-1,global
193472,Unknown,2025-1,global
193473,Unknown,2025-1,global
193474,Unknown,2025-1,global
193475,Unknown,2025-1,global
193477,Unknown,2025-1,global
193478,Unknown,2025-1,global
193481,Unknown,2025-1,global
193483,Unknown,2025-1,global
193507,Unknown,2025-1,global
193585,Unknown,2025-1,global
193587,Unknown,2025-1,global
193596,Unknown,2025-1,global
193599,Unknown,2025-1,global
193600,Unknown,2025-1,global
193601,Unknown,2025-1,global
193603,Unknown,2025-1,global
193604,Unknown,2025-1,global
193607,Unknown,2025-1,global
193611,Unknown,2025-1,global
193611,Unknown,2025-1,gulf_of mexico
193613,Unknown,2025-1,global
193614,Unknown,2025-1,global
193620,Unknown,2025-1,global
193621,Unknown,2025-1,global
193623,Unknown,2025-1,global
193627,Unknown,2025-1,global
193628,Unknown,2025-1,global
193629,Unknown,2025-1,global
193630,Unknown,2025-1,global
193632,Unknown,2025-1,global
193635,Unknown,2025-1,global
193636,Unknown,2025-1,global
193637,Unknown,2025-1,global
193638,Unknown,2025-1,global
193639,Unknown,2025-1,global
193640,Unknown,2025-1,global
193642,Unknown,2025-1,global
193643,Unknown,2025-1,global
193644,Unknown,2025-1,global
193646,Unknown,2025-1,global
193648,Unknown,2025-1,global
193651,Unknown,2025-1,global
193652,Unknown,2025-1,global
193654,Unknown,2025-1,global
193655,Unknown,2025-1,global
193656,Unknown,2025-1,global
193657,Unknown,2025-1,global
193660,Unknown,2025-1,global
193661,Unknown,2025-1,global
193663,Unknown,2025-1,global
193664,Unknown,2025-1,global
193667,Unknown,2025-1,global
193669,Unknown,2025-1,global
193670,Unknown,2025-1,global
193671,Unknown,2025-1,global
193672,Unknown,2025-1,global
193674,Unknown,2025-1,global
193675,Unknown,2025-1,global
193676,Unknown,2025-1,global
193677,Unknown,2025-1,global
193678,Unknown,2025-1,global
193679,Unknown,2025-1,global
193680,Unknown,2025-1,global
193682,Unknown,2025-1,global
193683,Unknown,2025-1,global
193684,Unknown,2025-1,global
193686,Unknown,2025-1,global
193687,Unknown,2025-1,global
193688,Unknown,2025-1,global
193689,Unknown,2025-1,global
193691,Unknown,2025-1,global
193692,Unknown,2025-1,global
193693,Unknown,2025-1,global
193695,Unknown,2025-1,global
193697,Unknown,2025-1,global
193698,Unknown,2025-1,global
193699,Unknown,2025-1,global
193701,Unknown,2025-1,global
193702,Unknown,2025-1,global
193703,Unknown,2025-1,global
193704,Unknown,2025-1,global
193705,Unknown,2025-1,global
193706,Unknown,2025-1,global
193707,Unknown,2025-1,global
193709,Unknown,2025-1,global
193711,Unknown,2025-1,global
193712,Unknown,2025-1,global
193713,Unknown,2025-1,global
193714,Unknown,2025-1,global
193715,Unknown,2025-1,global
193716,Unknown,2025-1,global
193717,Unknown,2025-1,global
193718,Unknown,2025-1,global
193721,Unknown,2025-1,global
193722,Unknown,2025-1,global
193723,Unknown,2025-1,global
193724,Unknown,2025-1,global
193725,Unknown,2025-1,global
193727,Unknown,2025-1,global
193728,Unknown,2025-1,global
193729,Unknown,2025-1,global
193730,Unknown,2025-1,global
193731,Unknown,2025-1,global
193733,Unknown,2025-1,global
193734,Unknown,2025-1,global
193735,Unknown,2025-1,global
193737,Unknown,2025-1,global
193740,Unknown,2025-1,global
193741,Unknown,2025-1,global
193743,Unknown,2025-1,global
193744,Unknown,2025-1,global
193745,Unknown,2025-1,global
193746,Unknown,2025-1,global
193749,Unknown,2025-1,global
193750,Unknown,2025-1,global
193751,Unknown,2025-1,global
193753,Unknown,2025-1,global
193754,Unknown,2025-1,global
193758,Unknown,2025-1,global
193759,Unknown,2025-1,global
193760,Unknown,2025-1,global
193761,Unknown,2025-1,global
193762,Unknown,2025-1,global
193766,Unknown,2025-1,global
193767,Unknown,2025-1,global
193768,Unknown,2025-1,global
193769,Unknown,2025-1,global
193771,Unknown,2025-1,global
193772,Unknown,2025-1,global
193775,Unknown,2025-1,global
193777,Unknown,2025-1,global
193779,Unknown,2025-1,global
193780,Unknown,2025-1,global
193782,Unknown,2025-1,global
193784,Unknown,2025-1,global
193785,Unknown,2025-1,global
193786,Unknown,2025-1,global
193787,Unknown,2025-1,global
193788,Unknown,2025-1,global
193789,Unknown,2025-1,global
193791,Unknown,2025-1,global
193792,Unknown,2025-1,global
193793,Unknown,2025-1,global
193794,Unknown,2025-1,global
193795,Unknown,2025-1,global
193797,Unknown,2025-1,global
193799,Unknown,2025-1,global
193802,Unknown,2025-1,global
193803,Unknown,2025-1,global
193804,Unknown,2025-1,global
193805,Unknown,2025-1,global
193808,Unknown,2025-1,global
193811,Unknown,2025-1,global
193813,Unknown,2025-1,global
193814,Unknown,2025-1,global
193815,Unknown,2025-1,global
193820,Unknown,2025-1,global
193821,Unknown,2025-1,global
193822,Unknown,2025-1,global
193823,Unknown,2025-1,global
194085,Unknown,2025-1,global
194289,Unknown,2025-1,global
194298,Unknown,2025-1,global
194301,Unknown,2025-1,global
194302,Unknown,2025-1,global
194305,Unknown,2025-1,global
194306,Unknown,2025-1,global
194309,Unknown,2025-1,global
194331,Unknown,2025-1,global
194332,Unknown,2025-1,global
194333,Unknown,2025-1,global
194334,Unknown,2025-1,global
194335,Unknown,2025-1,global
194336,Unknown,2025-1,global
194337,Unknown,2025-1,global
194338,Unknown,2025-1,global
194339,Unknown,2025-1,global
194340,Unknown,2025-1,global
194342,Unknown,2025-1,global
194345,Unknown,2025-1,global
194346,Unknown,2025-1,global
194347,Unknown,2025-1,global
194348,Unknown,2025-1,global
194349,Unknown,2025-1,global
194350,Unknown,2025-1,global
194351,Unknown,2025-1,global
194352,Unknown,2025-1,global
194353,Unknown,2025-1,global
194354,Unknown,2025-1,global
194355,Unknown,2025-1,global
194356,Unknown,2025-1,global
194358,Unknown,2025-1,global
194360,Unknown,2025-1,global
194361,Unknown,2025-1,global
194363,Unknown,2025-1,global
194364,Unknown,2025-1,global
194366,Unknown,2025-1,global
194367,Unknown,2025-1,global
194369,Unknown,2025-1,global
194370,Unknown,2025-1,global
194371,Unknown,2025-1,global
194373,Unknown,2025-1,global
194374,Unknown,2025-1,global
194375,Unknown,2025-1,global
194377,Unknown,2025-1,global
194379,Unknown,2025-1,global
194380,Unknown,2025-1,global
194381,Unknown,2025-1,global
194382,Unknown,2025-1,global
194383,Unknown,2025-1,global
194385,Unknown,2025-1,global
194386,Unknown,2025-1,global
194387,Unknown,2025-1,global
194388,Unknown,2025-1,global
194389,Unknown,2025-1,global
194391,Unknown,2025-1,global
194392,Unknown,2025-1,global
194393,Unknown,2025-1,global
194394,Unknown,2025-1,global
194398,Unknown,2025-1,global
194399,Unknown,2025-1,global
194400,Unknown,2025-1,global
194401,Unknown,2025-1,global
194402,Unknown,2025-1,global
194403,Unknown,2025-1,global
194404,Unknown,2025-1,global
194405,Unknown,2025-1,global
194407,Unknown,2025-1,global
194408,Unknown,2025-1,global
194409,Unknown,2025-1,global
194411,Unknown,2025-1,global
194413,Unknown,2025-1,global
194418,Unknown,2025-1,global
194422,Unknown,2025-1,global
194425,Unknown,2025-1,global
194427,Unknown,2025-1,global
194428,Unknown,2025-1,global
194430,Unknown,2025-1,global
194431,Unknown,2025-1,global
194432,Unknown,2025-1,global
194433,Unknown,2025-1,global
194434,Unknown,2025-1,global
194435,Unknown,2025-1,global
194437,Unknown,2025-1,global
194438,Unknown,2025-1,global
194439,Unknown,2025-1,global
194440,Unknown,2025-1,global
194441,Unknown,2025-1,global
194442,Unknown,2025-1,global
194443,Unknown,2025-1,global
194908,Unknown,2025-1,global
194913,Unknown,2025-1,global
194967,Unknown,2025-1,global
194968,Unknown,2025-1,global
194973,Unknown,2025-1,global
194974,Unknown,2025-1,global
194979,Unknown,2025-1,global
194980,Unknown,2025-1,global
194981,Unknown,2025-1,global
194982,Unknown,2025-1,global
194984,Unknown,2025-1,global
194986,Unknown,2025-1,global
194989,Unknown,2025-1,global
195047,Unknown,2025-1,global
195092,Unknown,2025-1,global
195095,Unknown,2025-1,global
195512,Unknown,2025-1,global
195513,Unknown,2025-1,global
195513,Unknown,2025-1,caribbean
195641,Unknown,2025-1,global
195642,Unknown,2025-1,global
195643,Unknown,2025-1,global
195644,Unknown,2025-1,global
195645,Unknown,2025-1,global
195646,Unknown,2025-1,global
195647,Unknown,2025-1,global
195648,Unknown,2025-1,global
195649,Unknown,2025-1,global
195650,Unknown,2025-1,global
195651,Unknown,2025-1,global
195652,Unknown,2025-1,global
195653,Unknown,2025-1,global
195655,Unknown,2025-1,global
195656,Unknown,2025-1,global
195657,Unknown,2025-1,global
195658,Unknown,2025-1,global
195659,Unknown,2025-1,global
195660,Unknown,2025-1,global
195661,Unknown,2025-1,global
195661,Unknown,2025-1,caribbean
195662,Unknown,2025-1,global
195663,Unknown,2025-1,global
195664,Unknown,2025-1,global
195665,Unknown,2025-1,global
195666,Unknown,2025-1,global
195667,Unknown,2025-1,global
195668,Unknown,2025-1,global
195669,Unknown,2025-1,global
195670,Unknown,2025-1,global
195671,Unknown,2025-1,global
195672,Unknown,2025-1,global
195673,Unknown,2025-1,global
195674,Unknown,2025-1,global
195674,Unknown,2025-1,caribbean
195675,Unknown,2025-1,global
195676,Unknown,2025-1,global
195677,Unknown,2025-1,global
195678,Unknown,2025-1,global
195679,Unknown,2025-1,global
195680,Unknown,2025-1,global
195681,Unknown,2025-1,global
195682,Unknown,2025-1,global
195683,Unknown,2025-1,global
195684,Unknown,2025-1,global
195685,Unknown,2025-1,global
195686,Unknown,2025-1,global
195687,Unknown,2025-1,global
195688,Unknown,2025-1,global
195689,Unknown,2025-1,global
195690,Unknown,2025-1,global
195691,Unknown,2025-1,global
195692,Unknown,2025-1,global
195693,Unknown,2025-1,global
195694,Unknown,2025-1,global
195695,Unknown,2025-1,global
195696,Unknown,2025-1,global
195697,Unknown,2025-1,global
195699,Unknown,2025-1,global
195700,Unknown,2025-1,global
195701,Unknown,2025-1,global
195702,Unknown,2025-1,global
195703,Unknown,2025-1,global
195704,Unknown,2025-1,global
195705,Unknown,2025-1,global
195706,Unknown,2025-1,global
195707,Unknown,2025-1,global
195708,Unknown,2025-1,global
195709,Unknown,2025-1,global
195710,Unknown,2025-1,global
195711,Unknown,2025-1,global
195712,Unknown,2025-1,global
195714,Unknown,2025-1,global
195715,Unknown,2025-1,global
195716,Unknown,2025-1,global
195717,Unknown,2025-1,global
195718,Unknown,2025-1,global
195719,Unknown,2025-1,global
195720,Unknown,2025-1,global
195721,Unknown,2025-1,global
195722,Unknown,2025-1,global
195723,Unknown,2025-1,global
195726,Unknown,2025-1,global
195727,Unknown,2025-1,global
195728,Unknown,2025-1,global
195729,Unknown,2025-1,global
195730,Unknown,2025-1,global
195731,Unknown,2025-1,global
195732,Unknown,2025-1,global
195733,Unknown,2025-1,global
195734,Unknown,2025-1,global
195735,Unknown,2025-1,global
195736,Unknown,2025-1,global
195737,Unknown,2025-1,global
195738,Unknown,2025-1,global
195738,Unknown,2025-1,caribbean
195739,Unknown,2025-1,global
195740,Unknown,2025-1,global
195741,Unknown,2025-1,global
195742,Unknown,2025-1,global
195743,Unknown,2025-1,global
195744,Unknown,2025-1,global
195744,Unknown,2025-1,caribbean
195745,Unknown,2025-1,global
195746,Unknown,2025-1,global
195748,Unknown,2025-1,global
195749,Unknown,2025-1,global
195750,Unknown,2025-1,global
195751,Unknown,2025-1,global
195752,Unknown,2025-1,global
195753,Unknown,2025-1,global
195754,Unknown,2025-1,global
195755,Unknown,2025-1,global
195756,Unknown,2025-1,global
195757,Unknown,2025-1,global
195758,Unknown,2025-1,global
195759,Unknown,2025-1,global
195760,Unknown,2025-1,global
195761,Unknown,2025-1,global
195762,Unknown,2025-1,global
195763,Unknown,2025-1,global
195764,Unknown,2025-1,global
195766,Unknown,2025-1,global
195767,Unknown,2025-1,global
195768,Unknown,2025-1,global
195769,Unknown,2025-1,global
195770,Unknown,2025-1,global
195771,Unknown,2025-1,global
195772,Unknown,2025-1,global
195773,Unknown,2025-1,global
195774,Unknown,2025-1,global
195775,Unknown,2025-1,global
195776,Unknown,2025-1,global
195777,Unknown,2025-1,global
195779,Unknown,2025-1,global
195781,Unknown,2025-1,global
195782,Unknown,2025-1,global
195783,Unknown,2025-1,global
195784,Unknown,2025-1,global
195785,Unknown,2025-1,global
195786,Unknown,2025-1,global
195787,Unknown,2025-1,global
195788,Unknown,2025-1,global
195789,Unknown,2025-1,global
195790,Unknown,2025-1,global
195791,Unknown,2025-1,global
195792,Unknown,2025-1,global
195793,Unknown,2025-1,global
195795,Unknown,2025-1,global
195796,Unknown,2025-1,global
195797,Unknown,2025-1,global
195798,Unknown,2025-1,global
195799,Unknown,2025-1,global
195800,Unknown,2025-1,global
195801,Unknown,2025-1,global
195802,Unknown,2025-1,global
195803,Unknown,2025-1,global
195804,Unknown,2025-1,global
195805,Unknown,2025-1,global
195806,Unknown,2025-1,global
195807,Unknown,2025-1,global
195808,Unknown,2025-1,global
195809,Unknown,2025-1,global
195810,Unknown,2025-1,global
195811,Unknown,2025-1,global
195812,Unknown,2025-1,global
195813,Unknown,2025-1,global
195814,Unknown,2025-1,global
195815,Unknown,2025-1,global
195816,Unknown,2025-1,global
195817,Unknown,2025-1,global
195818,Unknown,2025-1,global
195819,Unknown,2025-1,global
195820,Unknown,2025-1,global
195821,Unknown,2025-1,global
195822,Unknown,2025-1,global
195823,Unknown,2025-1,global
195824,Unknown,2025-1,global
195825,Unknown,2025-1,global
195826,Unknown,2025-1,global
195827,Unknown,2025-1,global
195828,Unknown,2025-1,global
195829,Unknown,2025-1,global
195830,Unknown,2025-1,global
195831,Unknown,2025-1,global
195832,Unknown,2025-1,global
195833,Unknown,2025-1,global
195834,Unknown,2025-1,global
195835,Unknown,2025-1,global
195836,Unknown,2025-1,global
195838,Unknown,2025-1,global
195839,Unknown,2025-1,global
195840,Unknown,2025-1,global
195841,Unknown,2025-1,global
195843,Unknown,2025-1,global
195844,Unknown,2025-1,global
195852,Unknown,2025-1,global
195857,Unknown,2025-1,global
195871,Unknown,2025-1,global
195872,Unknown,2025-1,global
195872,Unknown,2025-1,caribbean
195873,Unknown,2025-1,global
195873,Unknown,2025-1,caribbean
195874,Unknown,2025-1,global
195874,Unknown,2025-1,caribbean
195875,Unknown,2025-1,global
195875,Unknown,2025-1,caribbean
195877,Unknown,2025-1,global
195878,Unknown,2025-1,global
195879,Unknown,2025-1,global
195879,Unknown,2025-1,caribbean
195880,Unknown,2025-1,global
195880,Unknown,2025-1,caribbean
195881,Unknown,2025-1,global
195881,Unknown,2025-1,caribbean
195883,Unknown,2025-1,global
195883,Unknown,2025-1,caribbean
195884,Unknown,2025-1,global
195884,Unknown,2025-1,caribbean
196304,Unknown,2025-1,global
196305,Unknown,2025-1,global
196314,Unknown,2025-1,global
196319,Unknown,2025-1,global
196323,Unknown,2025-1,global
196329,Unknown,2025-1,global
196330,Unknown,2025-1,global
196331,Unknown,2025-1,global
196346,Unknown,2025-1,global
196348,Unknown,2025-1,global
196349,Unknown,2025-1,global
196357,Unknown,2025-1,global
196358,Unknown,2025-1,global
196359,Unknown,2025-1,global
196360,Unknown,2025-1,global
196364,Unknown,2025-1,global
196365,Unknown,2025-1,global
196367,Unknown,2025-1,global
196368,Unknown,2025-1,global
196369,Unknown,2025-1,global
196373,Unknown,2025-1,global
196381,Unknown,2025-1,global
196382,Unknown,2025-1,global
196384,Unknown,2025-1,global
196386,Unknown,2025-1,global
196388,Unknown,2025-1,global
196389,Unknown,2025-1,global
196392,Unknown,2025-1,global
196394,Unknown,2025-1,global
196397,Unknown,2025-1,global
196398,Unknown,2025-1,global
196399,Unknown,2025-1,global
196401,Unknown,2025-1,global
196402,Unknown,2025-1,global
196406,Unknown,2025-1,global
196411,Unknown,2025-1,global
196412,Unknown,2025-1,global
196413,Unknown,2025-1,global
196422,Unknown,2025-1,global
196424,Unknown,2025-1,global
196425,Unknown,2025-1,global
196426,Unknown,2025-1,global
196427,Unknown,2025-1,global
196436,Unknown,2025-1,global
196440,Unknown,2025-1,global
196441,Unknown,2025-1,global
196443,Unknown,2025-1,global
196444,Unknown,2025-1,global
196445,Unknown,2025-1,global
196447,Unknown,2025-1,global
196448,Unknown,2025-1,global
196450,Unknown,2025-1,global
196451,Unknown,2025-1,global
196671,Unknown,2025-1,global
196672,Unknown,2025-1,global
196677,Unknown,2025-1,global
196677,Unknown,2025-1,caribbean
196677,Unknown,2025-1,gulf_of mexico
196678,Unknown,2025-1,global
196678,Unknown,2025-1,caribbean
196678,Unknown,2025-1,gulf_of mexico
196680,Unknown,2025-1,global
196681,Unknown,2025-1,global
196681,Unknown,2025-1,caribbean
196681,Unknown,2025-1,gulf_of mexico
196682,Unknown,2025-1,global
196683,Unknown,2025-1,global
196683,Unknown,2025-1,caribbean
196683,Unknown,2025-1,gulf_of mexico
196684,Unknown,2025-1,global
196686,Unknown,2025-1,global
196686,Unknown,2025-1,gulf_of mexico
196687,Unknown,2025-1,global
196687,Unknown,2025-1,gulf_of mexico
196688,Unknown,2025-1,global
196688,Unknown,2025-1,gulf_of mexico
196689,Unknown,2025-1,global
196689,Unknown,2025-1,caribbean
196689,Unknown,2025-1,gulf_of mexico
196691,Unknown,2025-1,global
196692,Unknown,2025-1,global
196693,Unknown,2025-1,global
196693,Unknown,2025-1,caribbean
196693,Unknown,2025-1,gulf_of mexico
196694,Unknown,2025-1,global
196695,Unknown,2025-1,global
196695,Unknown,2025-1,caribbean
196695,Unknown,2025-1,gulf_of mexico
196696,Unknown,2025-1,global
196696,Unknown,2025-1,caribbean
196696,Unknown,2025-1,gulf_of mexico
196697,Unknown,2025-1,global
196798,Unknown,2025-1,global
196805,Unknown,2025-1,global
196806,Unknown,2025-1,global
196813,Unknown,2025-1,global
196816,Unknown,2025-1,global
196818,Unknown,2025-1,global
196819,Unknown,2025-1,global
196819,Unknown,2025-1,caribbean
196820,Unknown,2025-1,global
196820,Unknown,2025-1,caribbean
196836,Unknown,2025-1,global
196855,Unknown,2025-1,global
197018,Unknown,2025-1,global
197031,Unknown,2025-1,global
197037,Unknown,2025-1,global
197044,Unknown,2025-1,global
197050,Unknown,2025-1,global
197051,Unknown,2025-1,global
197056,Unknown,2025-1,global
197058,Unknown,2025-1,global
197060,Unknown,2025-1,global
197070,Unknown,2025-1,global
197076,Unknown,2025-1,global
197078,Unknown,2025-1,global
197079,Unknown,2025-1,global
197304,Unknown,2025-1,global
197319,Unknown,2025-1,global
197327,Unknown,2025-1,global
198794,Unknown,2025-1,global
198893,Unknown,2025-1,global
198975,Unknown,2025-1,global
198976,Unknown,2025-1,global
198977,Unknown,2025-1,global
198978,Unknown,2025-1,global
198979,Unknown,2025-1,global
198980,Unknown,2025-1,global
198982,Unknown,2025-1,global
198983,Unknown,2025-1,global
198984,Unknown,2025-1,global
198986,Unknown,2025-1,global
198987,Unknown,2025-1,global
198988,Unknown,2025-1,global
198989,Unknown,2025-1,global
19898,Unknown,2025-1,global
19898,Unknown,2025-1,caribbean
19898,Unknown,2025-1,gulf_of mexico
198990,Unknown,2025-1,global
198991,Unknown,2025-1,global
198992,Unknown,2025-1,global
198993,Unknown,2025-1,global
198994,Unknown,2025-1,global
198995,Unknown,2025-1,global
198996,Unknown,2025-1,global
198996,Unknown,2025-1,caribbean
198998,Unknown,2025-1,global
199000,Unknown,2025-1,global
199001,Unknown,2025-1,global
199002,Unknown,2025-1,global
199003,Unknown,2025-1,global
199005,Unknown,2025-1,global
199006,Unknown,2025-1,global
199007,Unknown,2025-1,global
199008,Unknown,2025-1,global
199009,Unknown,2025-1,global
199010,Unknown,2025-1,global
199011,Unknown,2025-1,global
199012,Unknown,2025-1,global
199014,Unknown,2025-1,global
199015,Unknown,2025-1,global
199016,Unknown,2025-1,global
199017,Unknown,2025-1,global
199019,Unknown,2025-1,global
199020,Unknown,2025-1,global
199021,Unknown,2025-1,global
199022,Unknown,2025-1,global
199023,Unknown,2025-1,global
199024,Unknown,2025-1,global
199025,Unknown,2025-1,global
199026,Unknown,2025-1,global
199027,Unknown,2025-1,global
199028,Unknown,2025-1,global
199029,Unknown,2025-1,global
199030,Unknown,2025-1,global
199031,Unknown,2025-1,global
199032,Unknown,2025-1,global
199033,Unknown,2025-1,global
199034,Unknown,2025-1,global
199036,Unknown,2025-1,global
199037,Unknown,2025-1,global
199038,Unknown,2025-1,global
199040,Unknown,2025-1,global
199041,Unknown,2025-1,global
199042,Unknown,2025-1,global
199043,Unknown,2025-1,global
199044,Unknown,2025-1,global
199045,Unknown,2025-1,global
199046,Unknown,2025-1,global
199047,Unknown,2025-1,global
199048,Unknown,2025-1,global
199049,Unknown,2025-1,global
199050,Unknown,2025-1,global
199052,Unknown,2025-1,global
199053,Unknown,2025-1,global
199054,Unknown,2025-1,global
199055,Unknown,2025-1,global
199056,Unknown,2025-1,global
199057,Unknown,2025-1,global
199058,Unknown,2025-1,global
199059,Unknown,2025-1,global
199059,Unknown,2025-1,caribbean
199060,Unknown,2025-1,global
199061,Unknown,2025-1,global
199062,Unknown,2025-1,global
199063,Unknown,2025-1,global
199064,Unknown,2025-1,global
199065,Unknown,2025-1,global
199066,Unknown,2025-1,global
199067,Unknown,2025-1,global
199068,Unknown,2025-1,global
199069,Unknown,2025-1,global
199070,Unknown,2025-1,global
199071,Unknown,2025-1,global
199072,Unknown,2025-1,global
199073,Unknown,2025-1,global
199074,Unknown,2025-1,global
199075,Unknown,2025-1,global
199076,Unknown,2025-1,global
199077,Unknown,2025-1,global
199078,Unknown,2025-1,global
199079,Unknown,2025-1,global
199080,Unknown,2025-1,global
199082,Unknown,2025-1,global
199083,Unknown,2025-1,global
199084,Unknown,2025-1,global
199085,Unknown,2025-1,global
199086,Unknown,2025-1,global
199087,Unknown,2025-1,global
199088,Unknown,2025-1,global
199089,Unknown,2025-1,global
199090,Unknown,2025-1,global
199091,Unknown,2025-1,global
199092,Unknown,2025-1,global
199093,Unknown,2025-1,global
199094,Unknown,2025-1,global
199095,Unknown,2025-1,global
199096,Unknown,2025-1,global
199098,Unknown,2025-1,global
199099,Unknown,2025-1,global
199100,Unknown,2025-1,global
199101,Unknown,2025-1,global
199102,Unknown,2025-1,global
199103,Unknown,2025-1,global
199104,Unknown,2025-1,global
199105,Unknown,2025-1,global
199106,Unknown,2025-1,global
199108,Unknown,2025-1,global
199109,Unknown,2025-1,global
199110,Unknown,2025-1,global
199111,Unknown,2025-1,global
199112,Unknown,2025-1,global
199113,Unknown,2025-1,global
199114,Unknown,2025-1,global
199115,Unknown,2025-1,global
199116,Unknown,2025-1,global
199117,Unknown,2025-1,global
199119,Unknown,2025-1,global
199120,Unknown,2025-1,global
199121,Unknown,2025-1,global
199122,Unknown,2025-1,global
199123,Unknown,2025-1,global
199124,Unknown,2025-1,global
199125,Unknown,2025-1,global
199126,Unknown,2025-1,global
199127,Unknown,2025-1,global
199128,Unknown,2025-1,global
199130,Unknown,2025-1,global
199131,Unknown,2025-1,global
199132,Unknown,2025-1,global
199134,Unknown,2025-1,global
199135,Unknown,2025-1,global
199137,Unknown,2025-1,global
199138,Unknown,2025-1,global
199139,Unknown,2025-1,global
199140,Unknown,2025-1,global
199141,Unknown,2025-1,global
199143,Unknown,2025-1,global
199144,Unknown,2025-1,global
199146,Unknown,2025-1,global
199147,Unknown,2025-1,global
199148,Unknown,2025-1,global
199149,Unknown,2025-1,global
199150,Unknown,2025-1,global
199151,Unknown,2025-1,global
199152,Unknown,2025-1,global
199153,Unknown,2025-1,global
199154,Unknown,2025-1,global
199155,Unknown,2025-1,global
199156,Unknown,2025-1,global
199157,Unknown,2025-1,global
199158,Unknown,2025-1,global
199159,Unknown,2025-1,global
199160,Unknown,2025-1,global
199161,Unknown,2025-1,global
199162,Unknown,2025-1,global
199163,Unknown,2025-1,global
199164,Unknown,2025-1,global
199165,Unknown,2025-1,global
199166,Unknown,2025-1,global
199167,Unknown,2025-1,global
199168,Unknown,2025-1,global
199169,Unknown,2025-1,global
199170,Unknown,2025-1,global
199171,Unknown,2025-1,global
199172,Unknown,2025-1,global
199173,Unknown,2025-1,global
199174,Unknown,2025-1,global
199175,Unknown,2025-1,global
199176,Unknown,2025-1,global
199177,Unknown,2025-1,global
199178,Unknown,2025-1,global
199179,Unknown,2025-1,global
199180,Unknown,2025-1,global
199181,Unknown,2025-1,global
199182,Unknown,2025-1,global
199183,Unknown,2025-1,global
199184,Unknown,2025-1,global
199186,Unknown,2025-1,global
199187,Unknown,2025-1,global
199188,Unknown,2025-1,global
199189,Unknown,2025-1,global
199190,Unknown,2025-1,global
199192,Unknown,2025-1,global
199193,Unknown,2025-1,global
199194,Unknown,2025-1,global
199195,Unknown,2025-1,global
199197,Unknown,2025-1,global
199198,Unknown,2025-1,global
199198,Unknown,2025-1,caribbean
199199,Unknown,2025-1,global
199200,Unknown,2025-1,global
199202,Unknown,2025-1,global
199203,Unknown,2025-1,global
199204,Unknown,2025-1,global
199205,Unknown,2025-1,global
199206,Unknown,2025-1,global
199207,Unknown,2025-1,global
199208,Unknown,2025-1,global
199209,Unknown,2025-1,global
199210,Unknown,2025-1,global
199211,Unknown,2025-1,global
199212,Unknown,2025-1,global
199213,Unknown,2025-1,global
199214,Unknown,2025-1,global
199216,Unknown,2025-1,global
199217,Unknown,2025-1,global
199218,Unknown,2025-1,global
199219,Unknown,2025-1,global
199220,Unknown,2025-1,global
199221,Unknown,2025-1,global
199221,Unknown,2025-1,caribbean
199222,Unknown,2025-1,global
199223,Unknown,2025-1,global
199224,Unknown,2025-1,global
199225,Unknown,2025-1,global
199226,Unknown,2025-1,global
199227,Unknown,2025-1,global
199228,Unknown,2025-1,global
199229,Unknown,2025-1,global
199230,Unknown,2025-1,global
199231,Unknown,2025-1,global
199232,Unknown,2025-1,global
199232,Unknown,2025-1,caribbean
199233,Unknown,2025-1,global
199235,Unknown,2025-1,global
199236,Unknown,2025-1,global
199238,Unknown,2025-1,global
199239,Unknown,2025-1,global
199240,Unknown,2025-1,global
199241,Unknown,2025-1,global
199242,Unknown,2025-1,global
199243,Unknown,2025-1,global
199244,Unknown,2025-1,global
199245,Unknown,2025-1,global
199246,Unknown,2025-1,global
199247,Unknown,2025-1,global
199248,Unknown,2025-1,global
199249,Unknown,2025-1,global
199250,Unknown,2025-1,global
199251,Unknown,2025-1,global
199252,Unknown,2025-1,global
199253,Unknown,2025-1,global
199254,Unknown,2025-1,global
199255,Unknown,2025-1,global
199256,Unknown,2025-1,global
199256,Unknown,2025-1,caribbean
199257,Unknown,2025-1,global
199258,Unknown,2025-1,global
199259,Unknown,2025-1,global
199259,Unknown,2025-1,caribbean
199259,Unknown,2025-1,gulf_of mexico
199261,Unknown,2025-1,global
199263,Unknown,2025-1,global
199265,Unknown,2025-1,global
199266,Unknown,2025-1,global
199267,Unknown,2025-1,global
199267,Unknown,2025-1,caribbean
199268,Unknown,2025-1,global
199269,Unknown,2025-1,global
199270,Unknown,2025-1,global
199270,Unknown,2025-1,caribbean
199271,Unknown,2025-1,global
199272,Unknown,2025-1,global
199273,Unknown,2025-1,global
199274,Unknown,2025-1,global
199276,Unknown,2025-1,global
199277,Unknown,2025-1,global
199278,Unknown,2025-1,global
199279,Unknown,2025-1,global
199280,Unknown,2025-1,global
199281,Unknown,2025-1,global
199283,Unknown,2025-1,global
199284,Unknown,2025-1,global
199285,Unknown,2025-1,global
199286,Unknown,2025-1,global
199287,Unknown,2025-1,global
199288,Unknown,2025-1,global
199289,Unknown,2025-1,global
199290,Unknown,2025-1,global
199291,Unknown,2025-1,global
199292,Unknown,2025-1,global
199293,Unknown,2025-1,global
199295,Unknown,2025-1,global
199296,Unknown,2025-1,global
199297,Unknown,2025-1,global
199298,Unknown,2025-1,global
199299,Unknown,2025-1,global
199300,Unknown,2025-1,global
199301,Unknown,2025-1,global
199302,Unknown,2025-1,global
199302,Unknown,2025-1,caribbean
199303,Unknown,2025-1,global
199304,Unknown,2025-1,global
199306,Unknown,2025-1,global
199307,Unknown,2025-1,global
199308,Unknown,2025-1,global
199309,Unknown,2025-1,global
199310,Unknown,2025-1,global
199311,Unknown,2025-1,global
199312,Unknown,2025-1,global
199313,Unknown,2025-1,global
199314,Unknown,2025-1,global
199315,Unknown,2025-1,global
199316,Unknown,2025-1,global
199317,Unknown,2025-1,global
199318,Unknown,2025-1,global
199319,Unknown,2025-1,global
199320,Unknown,2025-1,global
199321,Unknown,2025-1,global
199322,Unknown,2025-1,global
199323,Unknown,2025-1,global
199324,Unknown,2025-1,global
199325,Unknown,2025-1,global
199326,Unknown,2025-1,global
199327,Unknown,2025-1,global
199328,Unknown,2025-1,global
199329,Unknown,2025-1,global
199330,Unknown,2025-1,global
199331,Unknown,2025-1,global
199332,Unknown,2025-1,global
199333,Unknown,2025-1,global
199334,Unknown,2025-1,global
199335,Unknown,2025-1,global
199336,Unknown,2025-1,global
199337,Unknown,2025-1,global
199338,Unknown,2025-1,global
199339,Unknown,2025-1,global
199341,Unknown,2025-1,global
199342,Unknown,2025-1,global
199342,Unknown,2025-1,caribbean
199342,Unknown,2025-1,gulf_of mexico
199343,Unknown,2025-1,global
199344,Unknown,2025-1,global
199345,Unknown,2025-1,global
199346,Unknown,2025-1,global
199347,Unknown,2025-1,global
199348,Unknown,2025-1,global
199349,Unknown,2025-1,global
199350,Unknown,2025-1,global
199351,Unknown,2025-1,global
199352,Unknown,2025-1,global
199353,Unknown,2025-1,global
199354,Unknown,2025-1,global
199355,Unknown,2025-1,global
199357,Unknown,2025-1,global
199358,Unknown,2025-1,global
199359,Unknown,2025-1,global
199361,Unknown,2025-1,global
199361,Unknown,2025-1,caribbean
199362,Unknown,2025-1,global
199364,Unknown,2025-1,global
199364,Unknown,2025-1,caribbean
199365,Unknown,2025-1,global
199366,Unknown,2025-1,global
199367,Unknown,2025-1,global
199368,Unknown,2025-1,global
199369,Unknown,2025-1,global
199370,Unknown,2025-1,global
199371,Unknown,2025-1,global
199372,Unknown,2025-1,global
199373,Unknown,2025-1,global
199374,Unknown,2025-1,global
199375,Unknown,2025-1,global
199376,Unknown,2025-1,global
199376,Unknown,2025-1,caribbean
199377,Unknown,2025-1,global
199378,Unknown,2025-1,global
199379,Unknown,2025-1,global
199380,Unknown,2025-1,global
199381,Unknown,2025-1,global
199382,Unknown,2025-1,global
199383,Unknown,2025-1,global
199384,Unknown,2025-1,global
199385,Unknown,2025-1,global
199386,Unknown,2025-1,global
199387,Unknown,2025-1,global
199388,Unknown,2025-1,global
199389,Unknown,2025-1,global
199390,Unknown,2025-1,global
199390,Unknown,2025-1,caribbean
199391,Unknown,2025-1,global
199392,Unknown,2025-1,global
199393,Unknown,2025-1,global
199394,Unknown,2025-1,global
199395,Unknown,2025-1,global
199397,Unknown,2025-1,global
199398,Unknown,2025-1,global
199399,Unknown,2025-1,global
199401,Unknown,2025-1,global
199402,Unknown,2025-1,global
199403,Unknown,2025-1,global
199404,Unknown,2025-1,global
199405,Unknown,2025-1,global
199406,Unknown,2025-1,global
199407,Unknown,2025-1,global
199408,Unknown,2025-1,global
199409,Unknown,2025-1,global
199410,Unknown,2025-1,global
199412,Unknown,2025-1,global
199415,Unknown,2025-1,global
199416,Unknown,2025-1,global
199417,Unknown,2025-1,global
199418,Unknown,2025-1,global
199419,Unknown,2025-1,global
199658,Unknown,2025-1,global
199659,Unknown,2025-1,global
199855,Unknown,2025-1,global
199855,Unknown,2025-1,caribbean
199855,Unknown,2025-1,gulf_of mexico
200714,Unknown,2025-1,global
200797,Unknown,2025-1,global
200855,Unknown,2025-1,global
200866,Unknown,2025-1,global
200901,Unknown,2025-1,global
200950,Unknown,2025-1,global
200957,Unknown,2025-1,global
200958,Unknown,2025-1,global
200959,Unknown,2025-1,global
200966,Unknown,2025-1,global
200988,Unknown,2025-1,global
201004,Unknown,2025-1,global
201031,Unknown,2025-1,global
201041,Unknown,2025-1,global
201062,Unknown,2025-1,global
201075,Unknown,2025-1,global
201085,Unknown,2025-1,global
201096,Unknown,2025-1,global
201098,Unknown,2025-1,global
201106,Unknown,2025-1,global
201108,Unknown,2025-1,global
201121,Unknown,2025-1,global
201141,Unknown,2025-1,global
201159,Unknown,2025-1,global
201164,Unknown,2025-1,global
201194,Unknown,2025-1,global
201244,Unknown,2025-1,global
201249,Unknown,2025-1,global
201281,Unknown,2025-1,global
201314,Unknown,2025-1,global
201315,Unknown,2025-1,global
201995,Unknown,2025-1,global
201996,Unknown,2025-1,global
201997,Unknown,2025-1,global
202001,Unknown,2025-1,global
202007,Unknown,2025-1,global
202008,Unknown,2025-1,global
202018,Unknown,2025-1,global
202019,Unknown,2025-1,global
202021,Unknown,2025-1,global
202022,Unknown,2025-1,global
202023,Unknown,2025-1,global
202024,Unknown,2025-1,global
202026,Unknown,2025-1,global
202027,Unknown,2025-1,global
202028,Unknown,2025-1,global
202030,Unknown,2025-1,global
202031,Unknown,2025-1,global
202032,Unknown,2025-1,global
202033,Unknown,2025-1,global
202037,Unknown,2025-1,global
202038,Unknown,2025-1,global
202039,Unknown,2025-1,global
202040,Unknown,2025-1,global
202042,Unknown,2025-1,global
20724,Unknown,2025-1,global
20731,Unknown,2025-1,mediterranean
2113,Unknown,2025-1,global
21342,Unknown,2025-1,global
21855,Unknown,2025-1,global
21994,Unknown,2025-1,global
23211,Unknown,2025-1,mediterranean
3764,Unknown,2025-1,global
39336,Unknown,2025-1,global
41736,Unknown,2025-1,global
41830,Unknown,2025-1,global
44565,Unknown,2025-1,global
130394197,Unknown,2025-1,global
4805,Unknown,2025-1,global
5269,Unknown,2025-1,global
5272,Unknown,2025-1,global
5273,Unknown,2025-1,global
60209,Unknown,2025-1,global
60212,Unknown,2025-1,global
61250,Unknown,2025-1,global
7134,Unknown,2025-1,global
11369,Unknown,2025-1,global
11375,Unknown,2025-1,global
13232,Unknown,2025-1,mediterranean
132762,Unknown,2025-1,mediterranean
132796,Unknown,2025-1,mediterranean
132828,Unknown,2025-1,mediterranean
135484,Unknown,2025-1,global
135567,Unknown,2025-1,western_africa
135567,Unknown,2025-1,eastern_africa
135574,Unknown,2025-1,global
135644,Unknown,2025-1,europe
135689,Unknown,2025-1,western_africa
14054,Unknown,2025-1,mediterranean
14627,Unknown,2025-1,central_africa
14627,Unknown,2025-1,western_africa
153648,Unknown,2025-1,global
154619,Unknown,2025-1,global
154622,Unknown,2025-1,global
154625,Unknown,2025-1,global
154626,Unknown,2025-1,global
154628,Unknown,2025-1,global
154630,Unknown,2025-1,global
154634,Unknown,2025-1,global
154637,Unknown,2025-1,global
154639,Unknown,2025-1,global
154642,Unknown,2025-1,global
154645,Unknown,2025-1,global
154647,Unknown,2025-1,global
154647,Unknown,2025-1,mediterranean
154651,Unknown,2025-1,global
154664,Unknown,2025-1,global
154667,Unknown,2025-1,global
154672,Unknown,2025-1,global
154673,Unknown,2025-1,global
154675,Unknown,2025-1,global
154678,Unknown,2025-1,global
154680,Unknown,2025-1,global
154687,Unknown,2025-1,mediterranean
154688,Unknown,2025-1,global
154689,Unknown,2025-1,global
154694,Unknown,2025-1,global
154697,Unknown,2025-1,global
154700,Unknown,2025-1,global
154701,Unknown,2025-1,global
154711,Unknown,2025-1,global
154712,Unknown,2025-1,mediterranean
154713,Unknown,2025-1,global
154719,Unknown,2025-1,global
154720,Unknown,2025-1,global
154722,Unknown,2025-1,global
154725,Unknown,2025-1,global
154727,Unknown,2025-1,global
154728,Unknown,2025-1,global
154729,Unknown,2025-1,global
154729,Unknown,2025-1,mediterranean
154737,Unknown,2025-1,global
154738,Unknown,2025-1,global
154740,Unknown,2025-1,global
154751,Unknown,2025-1,global
154752,Unknown,2025-1,global
154753,Unknown,2025-1,global
154753,Unknown,2025-1,mediterranean
154757,Unknown,2025-1,global
154762,Unknown,2025-1,global
154763,Unknown,2025-1,global
154766,Unknown,2025-1,global
154783,Unknown,2025-1,global
154790,Unknown,2025-1,global
154796,Unknown,2025-1,global
154797,Unknown,2025-1,global
154798,Unknown,2025-1,global
154801,Unknown,2025-1,global
154803,Unknown,2025-1,global
154807,Unknown,2025-1,global
154809,Unknown,2025-1,global
154813,Unknown,2025-1,global
154815,Unknown,2025-1,global
154820,Unknown,2025-1,global
154820,Unknown,2025-1,mediterranean
154821,Unknown,2025-1,global
154825,Unknown,2025-1,global
154832,Unknown,2025-1,global
154841,Unknown,2025-1,global
154842,Unknown,2025-1,global
154852,Unknown,2025-1,global
154855,Unknown,2025-1,eastern_africa
154855,Unknown,2025-1,pan-africa
154856,Unknown,2025-1,global
154868,Unknown,2025-1,global
154884,Unknown,2025-1,global
154887,Unknown,2025-1,global
154891,Unknown,2025-1,global
154894,Unknown,2025-1,global
154895,Unknown,2025-1,global
154899,Unknown,2025-1,global
154903,Unknown,2025-1,global
154904,Unknown,2025-1,global
154906,Unknown,2025-1,global
154907,Unknown,2025-1,global
154910,Unknown,2025-1,global
154911,Unknown,2025-1,global
154912,Unknown,2025-1,global
154916,Unknown,2025-1,global
154928,Unknown,2025-1,global
154929,Unknown,2025-1,global
154929,Unknown,2025-1,mediterranean
154930,Unknown,2025-1,global
154933,Unknown,2025-1,global
154934,Unknown,2025-1,global
154935,Unknown,2025-1,global
154939,Unknown,2025-1,global
154948,Unknown,2025-1,global
154950,Unknown,2025-1,global
154952,Unknown,2025-1,global
154957,Unknown,2025-1,global
154962,Unknown,2025-1,global
154965,Unknown,2025-1,global
154966,Unknown,2025-1,global
154969,Unknown,2025-1,global
154970,Unknown,2025-1,global
154973,Unknown,2025-1,global
154974,Unknown,2025-1,global
154987,Unknown,2025-1,global
154994,Unknown,2025-1,global
154995,Unknown,2025-1,global
154995,Unknown,2025-1,mediterranean
154997,Unknown,2025-1,global
154998,Unknown,2025-1,mediterranean
155001,Unknown,2025-1,global
155002,Unknown,2025-1,global
155003,Unknown,2025-1,global
155004,Unknown,2025-1,global
155005,Unknown,2025-1,global
155006,Unknown,2025-1,global
155079,Unknown,2025-1,global
155007,Unknown,2025-1,global
155011,Unknown,2025-1,global
155084,Unknown,2025-1,global
155013,Unknown,2025-1,global
155014,Unknown,2025-1,global
155015,Unknown,2025-1,global
155017,Unknown,2025-1,global
155090,Unknown,2025-1,global
155019,Unknown,2025-1,global
155094,Unknown,2025-1,global
155023,Unknown,2025-1,global
155095,Unknown,2025-1,global
155024,Unknown,2025-1,global
155097,Unknown,2025-1,global
155098,Unknown,2025-1,global
155028,Unknown,2025-1,global
155029,Unknown,2025-1,global
155030,Unknown,2025-1,global
155031,Unknown,2025-1,global
155101,Unknown,2025-1,global
155032,Unknown,2025-1,global
155102,Unknown,2025-1,global
155033,Unknown,2025-1,global
155103,Unknown,2025-1,global
155034,Unknown,2025-1,global
155104,Unknown,2025-1,global
155105,Unknown,2025-1,global
155036,Unknown,2025-1,global
155041,Unknown,2025-1,global
155111,Unknown,2025-1,global
155112,Unknown,2025-1,global
155044,Unknown,2025-1,mediterranean
155046,Unknown,2025-1,global
155047,Unknown,2025-1,global
155118,Unknown,2025-1,global
155126,Unknown,2025-1,global
155059,Unknown,2025-1,global
155068,Unknown,2025-1,mediterranean
155072,Unknown,2025-1,global
155133,Unknown,2025-1,global
155134,Unknown,2025-1,global
155075,Unknown,2025-1,global
155136,Unknown,2025-1,global
155138,Unknown,2025-1,global
155146,Unknown,2025-1,global
155150,Unknown,2025-1,global
155151,Unknown,2025-1,global
155153,Unknown,2025-1,global
155155,Unknown,2025-1,global
155166,Unknown,2025-1,global
155167,Unknown,2025-1,global
155170,Unknown,2025-1,global
155182,Unknown,2025-1,global
155182,Unknown,2025-1,mediterranean
155186,Unknown,2025-1,global
155187,Unknown,2025-1,global
155188,Unknown,2025-1,global
155194,Unknown,2025-1,global
155196,Unknown,2025-1,global
155201,Unknown,2025-1,eastern_africa
155203,Unknown,2025-1,global
155206,Unknown,2025-1,global
155213,Unknown,2025-1,global
155213,Unknown,2025-1,mediterranean
155215,Unknown,2025-1,mediterranean
155221,Unknown,2025-1,global
155225,Unknown,2025-1,mediterranean
155234,Unknown,2025-1,global
155237,Unknown,2025-1,global
155238,Unknown,2025-1,global
155239,Unknown,2025-1,global
155243,Unknown,2025-1,global
155250,Unknown,2025-1,global
155251,Unknown,2025-1,global
155252,Unknown,2025-1,global
155256,Unknown,2025-1,global
155257,Unknown,2025-1,global
155260,Unknown,2025-1,global
155266,Unknown,2025-1,global
155268,Unknown,2025-1,global
155282,Unknown,2025-1,mediterranean
155287,Unknown,2025-1,global
155298,Unknown,2025-1,global
155303,Unknown,2025-1,global
155312,Unknown,2025-1,global
155313,Unknown,2025-1,global
155314,Unknown,2025-1,global
155318,Unknown,2025-1,mediterranean
155320,Unknown,2025-1,global
155321,Unknown,2025-1,global
155326,Unknown,2025-1,global
155474,Unknown,2025-1,global
155474,Unknown,2025-1,europe
155552,Unknown,2025-1,global
155552,Unknown,2025-1,europe
155552,Unknown,2025-1,mediterranean
155562,Unknown,2025-1,global
155562,Unknown,2025-1,europe
155597,Unknown,2025-1,global
155597,Unknown,2025-1,europe
155597,Unknown,2025-1,mediterranean
155608,Unknown,2025-1,europe
155608,Unknown,2025-1,global
155610,Unknown,2025-1,global
155610,Unknown,2025-1,europe
155623,Unknown,2025-1,global
155734,Unknown,2025-1,global
155734,Unknown,2025-1,europe
155734,Unknown,2025-1,pan-africa
155734,Unknown,2025-1,northern_africa
155835,Unknown,2025-1,global
155843,Unknown,2025-1,global
155843,Unknown,2025-1,europe
155843,Unknown,2025-1,mediterranean
155989,Unknown,2025-1,europe
155989,Unknown,2025-1,mediterranean
155989,Unknown,2025-1,global
155989,Unknown,2025-1,pan-africa
155989,Unknown,2025-1,northern_africa
156018,Unknown,2025-1,global
156018,Unknown,2025-1,europe
156018,Unknown,2025-1,mediterranean
158630,Unknown,2025-1,global
16012,Unknown,2025-1,eastern_africa
161322,Unknown,2025-1,global
165613,Unknown,2025-1,global
165618,Unknown,2025-1,global
165621,Unknown,2025-1,global
165623,Unknown,2025-1,global
165638,Unknown,2025-1,global
165641,Unknown,2025-1,global
165642,Unknown,2025-1,global
165643,Unknown,2025-1,global
165644,Unknown,2025-1,global
165645,Unknown,2025-1,global
165646,Unknown,2025-1,global
165647,Unknown,2025-1,global
165667,Unknown,2025-1,global
165671,Unknown,2025-1,global
165673,Unknown,2025-1,global
165674,Unknown,2025-1,global
165676,Unknown,2025-1,global
165687,Unknown,2025-1,global
165690,Unknown,2025-1,global
165694,Unknown,2025-1,global
165700,Unknown,2025-1,global
165701,Unknown,2025-1,global
165707,Unknown,2025-1,global
165727,Unknown,2025-1,global
165769,Unknown,2025-1,s._africa fw
165769,Unknown,2025-1,western_africa
165769,Unknown,2025-1,central_africa
165778,Unknown,2025-1,s._africa fw
165779,Unknown,2025-1,s._africa fw
165779,Unknown,2025-1,central_africa
165780,Unknown,2025-1,s._africa fw
165780,Unknown,2025-1,western_africa
165780,Unknown,2025-1,central_africa
165788,Unknown,2025-1,s._africa fw
165788,Unknown,2025-1,western_africa
165788,Unknown,2025-1,central_africa
165803,Unknown,2025-1,western_africa
165803,Unknown,2025-1,central_africa
165811,Unknown,2025-1,pan-africa
165811,Unknown,2025-1,s._africa fw
165826,Unknown,2025-1,global
165837,Unknown,2025-1,global
165844,Unknown,2025-1,global
165847,Unknown,2025-1,global
165869,Unknown,2025-1,global
165892,Unknown,2025-1,global
165894,Unknown,2025-1,global
165910,Unknown,2025-1,global
165912,Unknown,2025-1,global
166009,Unknown,2025-1,global
166189,Unknown,2025-1,s._africa fw
166428,Unknown,2025-1,global
166552,Unknown,2025-1,global
166552,Unknown,2025-1,pan-africa
166552,Unknown,2025-1,eastern_africa
166693,Unknown,2025-1,global
166699,Unknown,2025-1,global
166700,Unknown,2025-1,global
166704,Unknown,2025-1,global
166708,Unknown,2025-1,global
166715,Unknown,2025-1,global
166719,Unknown,2025-1,global
166722,Unknown,2025-1,global
166725,Unknown,2025-1,global
166739,Unknown,2025-1,global
166742,Unknown,2025-1,global
166750,Unknown,2025-1,global
166754,Unknown,2025-1,global
166756,Unknown,2025-1,global
166777,Unknown,2025-1,global
166778,Unknown,2025-1,global
166781,Unknown,2025-1,global
166783,Unknown,2025-1,global
166794,Unknown,2025-1,global
166805,Unknown,2025-1,global
166856,Unknown,2025-1,eastern_africa
166856,Unknown,2025-1,pan-africa
166868,Unknown,2025-1,eastern_africa
166868,Unknown,2025-1,pan-africa
166892,Unknown,2025-1,eastern_africa
166925,Unknown,2025-1,northern_africa
167944,Unknown,2025-1,s._africa fw
167944,Unknown,2025-1,western_africa
167944,Unknown,2025-1,central_africa
167946,Unknown,2025-1,central_africa
167996,Unknown,2025-1,central_africa
167996,Unknown,2025-1,pan-africa
167996,Unknown,2025-1,western_africa
167997,Unknown,2025-1,s._africa fw
167997,Unknown,2025-1,western_africa
167997,Unknown,2025-1,central_africa
168000,Unknown,2025-1,western_africa
168000,Unknown,2025-1,central_africa
168297,Unknown,2025-1,global
168780,Unknown,2025-1,global
169361,Unknown,2025-1,s._africa fw
169361,Unknown,2025-1,eastern_africa
169376,Unknown,2025-1,global
169595,Unknown,2025-1,global
169948,Unknown,2025-1,global
169949,Unknown,2025-1,global
169951,Unknown,2025-1,global
169954,Unknown,2025-1,global
169956,Unknown,2025-1,global
169957,Unknown,2025-1,global
169958,Unknown,2025-1,global
169959,Unknown,2025-1,global
169960,Unknown,2025-1,global
169962,Unknown,2025-1,global
169964,Unknown,2025-1,global
169969,Unknown,2025-1,global
169970,Unknown,2025-1,global
169971,Unknown,2025-1,global
169972,Unknown,2025-1,global
169973,Unknown,2025-1,global
169974,Unknown,2025-1,global
169977,Unknown,2025-1,global
169978,Unknown,2025-1,global
169979,Unknown,2025-1,global
169981,Unknown,2025-1,global
169983,Unknown,2025-1,global
169985,Unknown,2025-1,global
169986,Unknown,2025-1,global
169988,Unknown,2025-1,global
169989,Unknown,2025-1,global
169990,Unknown,2025-1,global
169991,Unknown,2025-1,global
169993,Unknown,2025-1,global
169995,Unknown,2025-1,global
169996,Unknown,2025-1,global
169997,Unknown,2025-1,global
170060,Unknown,2025-1,global
170000,Unknown,2025-1,global
170061,Unknown,2025-1,global
170063,Unknown,2025-1,global
170002,Unknown,2025-1,global
170062,Unknown,2025-1,global
170003,Unknown,2025-1,global
170064,Unknown,2025-1,global
170004,Unknown,2025-1,global
170065,Unknown,2025-1,global
170005,Unknown,2025-1,global
170006,Unknown,2025-1,global
170007,Unknown,2025-1,global
170008,Unknown,2025-1,global
170079,Unknown,2025-1,global
170010,Unknown,2025-1,global
170080,Unknown,2025-1,global
170081,Unknown,2025-1,global
170082,Unknown,2025-1,global
170013,Unknown,2025-1,global
170014,Unknown,2025-1,global
170015,Unknown,2025-1,global
170085,Unknown,2025-1,global
170016,Unknown,2025-1,global
170086,Unknown,2025-1,global
170017,Unknown,2025-1,global
170018,Unknown,2025-1,global
170088,Unknown,2025-1,global
170019,Unknown,2025-1,global
170089,Unknown,2025-1,global
170020,Unknown,2025-1,global
170090,Unknown,2025-1,global
170021,Unknown,2025-1,global
170091,Unknown,2025-1,global
170022,Unknown,2025-1,global
170092,Unknown,2025-1,global
170023,Unknown,2025-1,global
170093,Unknown,2025-1,global
170024,Unknown,2025-1,global
170095,Unknown,2025-1,global
170026,Unknown,2025-1,global
170096,Unknown,2025-1,global
170097,Unknown,2025-1,global
170028,Unknown,2025-1,global
170029,Unknown,2025-1,global
170030,Unknown,2025-1,global
170031,Unknown,2025-1,global
170032,Unknown,2025-1,global
170033,Unknown,2025-1,global
170034,Unknown,2025-1,global
170035,Unknown,2025-1,global
170036,Unknown,2025-1,global
170037,Unknown,2025-1,global
170038,Unknown,2025-1,global
170039,Unknown,2025-1,global
170040,Unknown,2025-1,global
170041,Unknown,2025-1,global
170042,Unknown,2025-1,global
170043,Unknown,2025-1,global
170044,Unknown,2025-1,global
170046,Unknown,2025-1,global
170047,Unknown,2025-1,global
170048,Unknown,2025-1,global
170049,Unknown,2025-1,global
170051,Unknown,2025-1,global
170052,Unknown,2025-1,global
170053,Unknown,2025-1,global
170054,Unknown,2025-1,global
170055,Unknown,2025-1,global
170056,Unknown,2025-1,global
170057,Unknown,2025-1,global
170059,Unknown,2025-1,global
170066,Unknown,2025-1,global
170067,Unknown,2025-1,global
170068,Unknown,2025-1,global
170069,Unknown,2025-1,global
170070,Unknown,2025-1,global
170071,Unknown,2025-1,global
170073,Unknown,2025-1,global
170074,Unknown,2025-1,global
170075,Unknown,2025-1,global
170159,Unknown,2025-1,mediterranean
170166,Unknown,2025-1,mediterranean
170186,Unknown,2025-1,mediterranean
170220,Unknown,2025-1,mediterranean
170232,Unknown,2025-1,mediterranean
170284,Unknown,2025-1,mediterranean
170322,Unknown,2025-1,mediterranean
170326,Unknown,2025-1,mediterranean
170350,Unknown,2025-1,mediterranean
172321,Unknown,2025-1,eastern_africa
172395,Unknown,2025-1,global
172415,Unknown,2025-1,global
172470,Unknown,2025-1,global
173157,Unknown,2025-1,global
173176,Unknown,2025-1,global
173325,Unknown,2025-1,global
173326,Unknown,2025-1,global
173329,Unknown,2025-1,global
173330,Unknown,2025-1,global
173334,Unknown,2025-1,global
173340,Unknown,2025-1,global
173347,Unknown,2025-1,global
173353,Unknown,2025-1,global
173359,Unknown,2025-1,global
173362,Unknown,2025-1,global
173365,Unknown,2025-1,global
173373,Unknown,2025-1,global
173375,Unknown,2025-1,global
173376,Unknown,2025-1,global
173379,Unknown,2025-1,global
173383,Unknown,2025-1,global
17399,Unknown,2025-1,global
175093,Unknown,2025-1,global
175095,Unknown,2025-1,global
175104,Unknown,2025-1,global
175136,Unknown,2025-1,western_africa
175136,Unknown,2025-1,central_africa
175138,Unknown,2025-1,western_africa
175138,Unknown,2025-1,central_africa
175074,Unknown,2025-1,global
175139,Unknown,2025-1,western_africa
176670,Unknown,2025-1,global
176672,Unknown,2025-1,global
176677,Unknown,2025-1,global
176678,Unknown,2025-1,global
176680,Unknown,2025-1,global
176691,Unknown,2025-1,global
176706,Unknown,2025-1,global
176707,Unknown,2025-1,global
176709,Unknown,2025-1,global
176713,Unknown,2025-1,global
176715,Unknown,2025-1,global
176717,Unknown,2025-1,global
176721,Unknown,2025-1,global
176722,Unknown,2025-1,global
176723,Unknown,2025-1,global
176724,Unknown,2025-1,global
176726,Unknown,2025-1,global
176727,Unknown,2025-1,global
176728,Unknown,2025-1,global
176729,Unknown,2025-1,global
176730,Unknown,2025-1,global
176731,Unknown,2025-1,global
176732,Unknown,2025-1,global
176733,Unknown,2025-1,global
176735,Unknown,2025-1,global
176736,Unknown,2025-1,global
176737,Unknown,2025-1,global
176739,Unknown,2025-1,global
176740,Unknown,2025-1,global
176742,Unknown,2025-1,global
176743,Unknown,2025-1,global
176744,Unknown,2025-1,global
176745,Unknown,2025-1,global
176749,Unknown,2025-1,global
176751,Unknown,2025-1,global
176752,Unknown,2025-1,global
176753,Unknown,2025-1,global
176754,Unknown,2025-1,global
176755,Unknown,2025-1,global
176757,Unknown,2025-1,global
176758,Unknown,2025-1,global
176759,Unknown,2025-1,global
176760,Unknown,2025-1,global
176761,Unknown,2025-1,global
176762,Unknown,2025-1,global
176765,Unknown,2025-1,global
176766,Unknown,2025-1,global
176767,Unknown,2025-1,global
176768,Unknown,2025-1,global
176772,Unknown,2025-1,global
176773,Unknown,2025-1,global
177147,Unknown,2025-1,global
177249,Unknown,2025-1,global
177286,Unknown,2025-1,global
178060,Unknown,2025-1,global
178077,Unknown,2025-1,global
178097,Unknown,2025-1,global
178100,Unknown,2025-1,global
178102,Unknown,2025-1,global
178105,Unknown,2025-1,global
178106,Unknown,2025-1,global
178107,Unknown,2025-1,global
178108,Unknown,2025-1,global
178043,Unknown,2025-1,global
178048,Unknown,2025-1,global
178051,Unknown,2025-1,global
178054,Unknown,2025-1,global
178057,Unknown,2025-1,global
178066,Unknown,2025-1,global
178072,Unknown,2025-1,global
178074,Unknown,2025-1,global
178800,Unknown,2025-1,global
178810,Unknown,2025-1,global
178848,Unknown,2025-1,global
180103,Unknown,2025-1,global
180105,Unknown,2025-1,global
180106,Unknown,2025-1,global
180107,Unknown,2025-1,global
180108,Unknown,2025-1,global
180109,Unknown,2025-1,global
180110,Unknown,2025-1,global
180111,Unknown,2025-1,global
180112,Unknown,2025-1,global
180114,Unknown,2025-1,global
180115,Unknown,2025-1,global
180116,Unknown,2025-1,global
180118,Unknown,2025-1,global
180120,Unknown,2025-1,global
180121,Unknown,2025-1,global
180122,Unknown,2025-1,global
180123,Unknown,2025-1,global
180125,Unknown,2025-1,global
180126,Unknown,2025-1,global
180127,Unknown,2025-1,global
180129,Unknown,2025-1,global
180131,Unknown,2025-1,global
180133,Unknown,2025-1,global
180135,Unknown,2025-1,global
180136,Unknown,2025-1,global
180139,Unknown,2025-1,global
180142,Unknown,2025-1,global
181000,Unknown,2025-1,pan-africa
181000,Unknown,2025-1,s._africa fw
181550,Unknown,2025-1,northern_africa
181550,Unknown,2025-1,central_africa
181567,Unknown,2025-1,s._africa fw
181567,Unknown,2025-1,western_africa
181567,Unknown,2025-1,central_africa
181577,Unknown,2025-1,s._africa fw
181577,Unknown,2025-1,western_africa
181577,Unknown,2025-1,central_africa
181585,Unknown,2025-1,central_africa
18175,Unknown,2025-1,central_africa
181797,Unknown,2025-1,western_africa
181797,Unknown,2025-1,central_africa
181807,Unknown,2025-1,northern_africa
181807,Unknown,2025-1,western_africa
181807,Unknown,2025-1,eastern_africa
181933,Unknown,2025-1,western_africa
181933,Unknown,2025-1,central_africa
181984,Unknown,2025-1,pan-africa
181984,Unknown,2025-1,western_africa
182136,Unknown,2025-1,eastern_africa
182136,Unknown,2025-1,northern_africa
182136,Unknown,2025-1,central_africa
182136,Unknown,2025-1,western_africa
182165,Unknown,2025-1,western_africa
182165,Unknown,2025-1,central_africa
182223,Unknown,2025-1,northern_africa
182223,Unknown,2025-1,s._africa fw
182223,Unknown,2025-1,central_africa
182223,Unknown,2025-1,western_africa
182239,Unknown,2025-1,s._africa fw
182239,Unknown,2025-1,western_africa
182239,Unknown,2025-1,central_africa
182285,Unknown,2025-1,western_africa
182285,Unknown,2025-1,central_africa
182330,Unknown,2025-1,western_africa
182330,Unknown,2025-1,central_africa
182363,Unknown,2025-1,western_africa
182363,Unknown,2025-1,central_africa
182389,Unknown,2025-1,western_africa
182470,Unknown,2025-1,western_africa
182470,Unknown,2025-1,central_africa
182498,Unknown,2025-1,global
182498,Unknown,2025-1,central_africa
182498,Unknown,2025-1,pan-africa
182512,Unknown,2025-1,western_africa
182512,Unknown,2025-1,central_africa
182611,Unknown,2025-1,western_africa
182611,Unknown,2025-1,central_africa
182807,Unknown,2025-1,western_africa
182807,Unknown,2025-1,central_africa
182905,Unknown,2025-1,western_africa
182905,Unknown,2025-1,central_africa
182933,Unknown,2025-1,western_africa
183152,Unknown,2025-1,s._africa fw
183152,Unknown,2025-1,pan-africa
183152,Unknown,2025-1,eastern_africa
183153,Unknown,2025-1,pan-africa
183153,Unknown,2025-1,central_africa
183155,Unknown,2025-1,s._africa fw
183155,Unknown,2025-1,pan-africa
183155,Unknown,2025-1,eastern_africa
183156,Unknown,2025-1,s._africa fw
183156,Unknown,2025-1,western_africa
183156,Unknown,2025-1,pan-africa
183156,Unknown,2025-1,central_africa
183158,Unknown,2025-1,pan-africa
183158,Unknown,2025-1,eastern_africa
183160,Unknown,2025-1,s._africa fw
183160,Unknown,2025-1,pan-africa
183160,Unknown,2025-1,eastern_africa
183161,Unknown,2025-1,western_africa
183161,Unknown,2025-1,pan-africa
183161,Unknown,2025-1,central_africa
183167,Unknown,2025-1,eastern_africa
183167,Unknown,2025-1,pan-africa
183169,Unknown,2025-1,s._africa fw
183169,Unknown,2025-1,western_africa
183169,Unknown,2025-1,pan-africa
183169,Unknown,2025-1,central_africa
183170,Unknown,2025-1,western_africa
183170,Unknown,2025-1,pan-africa
183170,Unknown,2025-1,central_africa
183171,Unknown,2025-1,western_africa
183171,Unknown,2025-1,pan-africa
183171,Unknown,2025-1,central_africa
183175,Unknown,2025-1,western_africa
183175,Unknown,2025-1,pan-africa
183175,Unknown,2025-1,central_africa
183177,Unknown,2025-1,western_africa
183177,Unknown,2025-1,pan-africa
183177,Unknown,2025-1,central_africa
183178,Unknown,2025-1,pan-africa
183178,Unknown,2025-1,western_africa
183178,Unknown,2025-1,central_africa
183206,Unknown,2025-1,global
183207,Unknown,2025-1,global
183208,Unknown,2025-1,global
183209,Unknown,2025-1,global
183211,Unknown,2025-1,global
183213,Unknown,2025-1,global
183216,Unknown,2025-1,global
183219,Unknown,2025-1,global
183220,Unknown,2025-1,global
183222,Unknown,2025-1,global
183224,Unknown,2025-1,global
183226,Unknown,2025-1,global
183228,Unknown,2025-1,global
183229,Unknown,2025-1,global
183230,Unknown,2025-1,global
183231,Unknown,2025-1,global
183233,Unknown,2025-1,global
183234,Unknown,2025-1,global
183236,Unknown,2025-1,global
183237,Unknown,2025-1,global
183238,Unknown,2025-1,global
183239,Unknown,2025-1,global
183240,Unknown,2025-1,global
183241,Unknown,2025-1,global
183246,Unknown,2025-1,global
183249,Unknown,2025-1,global
183250,Unknown,2025-1,global
183251,Unknown,2025-1,global
183253,Unknown,2025-1,global
183254,Unknown,2025-1,global
183256,Unknown,2025-1,global
183261,Unknown,2025-1,global
183262,Unknown,2025-1,global
183263,Unknown,2025-1,global
183264,Unknown,2025-1,global
183265,Unknown,2025-1,global
183266,Unknown,2025-1,global
183269,Unknown,2025-1,global
183270,Unknown,2025-1,global
183272,Unknown,2025-1,global
183275,Unknown,2025-1,global
183276,Unknown,2025-1,global
183277,Unknown,2025-1,global
183280,Unknown,2025-1,global
183281,Unknown,2025-1,global
183282,Unknown,2025-1,global
183283,Unknown,2025-1,global
183284,Unknown,2025-1,global
183286,Unknown,2025-1,global
183287,Unknown,2025-1,global
183288,Unknown,2025-1,global
183289,Unknown,2025-1,global
183290,Unknown,2025-1,global
183291,Unknown,2025-1,global
183293,Unknown,2025-1,global
183295,Unknown,2025-1,global
183296,Unknown,2025-1,global
183297,Unknown,2025-1,global
183298,Unknown,2025-1,global
183299,Unknown,2025-1,global
183301,Unknown,2025-1,global
183303,Unknown,2025-1,global
183304,Unknown,2025-1,global
183306,Unknown,2025-1,global
183311,Unknown,2025-1,global
183312,Unknown,2025-1,global
183313,Unknown,2025-1,global
183315,Unknown,2025-1,global
183318,Unknown,2025-1,global
183319,Unknown,2025-1,global
183320,Unknown,2025-1,global
183321,Unknown,2025-1,global
183322,Unknown,2025-1,global
183324,Unknown,2025-1,global
183327,Unknown,2025-1,global
183328,Unknown,2025-1,global
183329,Unknown,2025-1,global
183330,Unknown,2025-1,global
183333,Unknown,2025-1,global
183334,Unknown,2025-1,global
183336,Unknown,2025-1,global
183337,Unknown,2025-1,global
183338,Unknown,2025-1,global
183339,Unknown,2025-1,global
183341,Unknown,2025-1,global
183343,Unknown,2025-1,global
183348,Unknown,2025-1,global
183349,Unknown,2025-1,global
183352,Unknown,2025-1,global
183355,Unknown,2025-1,global
183357,Unknown,2025-1,global
183359,Unknown,2025-1,global
183361,Unknown,2025-1,global
183365,Unknown,2025-1,global
183366,Unknown,2025-1,global
183367,Unknown,2025-1,global
183368,Unknown,2025-1,global
183370,Unknown,2025-1,global
183371,Unknown,2025-1,global
183373,Unknown,2025-1,global
183375,Unknown,2025-1,global
183377,Unknown,2025-1,global
183381,Unknown,2025-1,global
183384,Unknown,2025-1,global
183385,Unknown,2025-1,global
183391,Unknown,2025-1,global
183392,Unknown,2025-1,global
183393,Unknown,2025-1,global
183394,Unknown,2025-1,global
183396,Unknown,2025-1,global
183398,Unknown,2025-1,global
183399,Unknown,2025-1,global
183400,Unknown,2025-1,global
183401,Unknown,2025-1,global
183402,Unknown,2025-1,global
183403,Unknown,2025-1,global
183404,Unknown,2025-1,global
183405,Unknown,2025-1,global
183408,Unknown,2025-1,global
183410,Unknown,2025-1,global
183411,Unknown,2025-1,global
183412,Unknown,2025-1,global
183418,Unknown,2025-1,global
183419,Unknown,2025-1,global
183420,Unknown,2025-1,global
183422,Unknown,2025-1,global
183423,Unknown,2025-1,global
183424,Unknown,2025-1,global
183425,Unknown,2025-1,global
183426,Unknown,2025-1,global
183427,Unknown,2025-1,global
183429,Unknown,2025-1,global
183430,Unknown,2025-1,global
183431,Unknown,2025-1,global
183433,Unknown,2025-1,global
183434,Unknown,2025-1,global
183436,Unknown,2025-1,global
183438,Unknown,2025-1,global
183440,Unknown,2025-1,global
183442,Unknown,2025-1,global
183447,Unknown,2025-1,global
183448,Unknown,2025-1,global
183449,Unknown,2025-1,global
183450,Unknown,2025-1,global
183452,Unknown,2025-1,global
183455,Unknown,2025-1,global
183456,Unknown,2025-1,global
183457,Unknown,2025-1,global
183460,Unknown,2025-1,global
183464,Unknown,2025-1,global
183469,Unknown,2025-1,global
183472,Unknown,2025-1,global
183473,Unknown,2025-1,global
183474,Unknown,2025-1,global
183477,Unknown,2025-1,global
183479,Unknown,2025-1,global
183480,Unknown,2025-1,global
183481,Unknown,2025-1,global
183483,Unknown,2025-1,global
183484,Unknown,2025-1,global
183485,Unknown,2025-1,global
183486,Unknown,2025-1,global
183487,Unknown,2025-1,global
183488,Unknown,2025-1,global
183491,Unknown,2025-1,global
183493,Unknown,2025-1,global
183494,Unknown,2025-1,global
183495,Unknown,2025-1,global
183496,Unknown,2025-1,global
183497,Unknown,2025-1,global
183498,Unknown,2025-1,global
183499,Unknown,2025-1,global
183500,Unknown,2025-1,global
183502,Unknown,2025-1,global
183503,Unknown,2025-1,global
183504,Unknown,2025-1,global
183505,Unknown,2025-1,global
183506,Unknown,2025-1,global
183507,Unknown,2025-1,global
183508,Unknown,2025-1,global
183509,Unknown,2025-1,global
183511,Unknown,2025-1,global
183513,Unknown,2025-1,global
183515,Unknown,2025-1,global
183518,Unknown,2025-1,global
183519,Unknown,2025-1,global
183520,Unknown,2025-1,global
183521,Unknown,2025-1,global
183522,Unknown,2025-1,global
183524,Unknown,2025-1,global
183525,Unknown,2025-1,global
183526,Unknown,2025-1,global
183527,Unknown,2025-1,global
183528,Unknown,2025-1,global
183529,Unknown,2025-1,global
183530,Unknown,2025-1,global
183531,Unknown,2025-1,global
183532,Unknown,2025-1,global
183533,Unknown,2025-1,global
183535,Unknown,2025-1,global
183539,Unknown,2025-1,global
183541,Unknown,2025-1,global
183542,Unknown,2025-1,global
183543,Unknown,2025-1,global
183546,Unknown,2025-1,global
183548,Unknown,2025-1,global
183549,Unknown,2025-1,global
183550,Unknown,2025-1,global
183551,Unknown,2025-1,global
183552,Unknown,2025-1,global
183553,Unknown,2025-1,global
183554,Unknown,2025-1,global
183555,Unknown,2025-1,global
183556,Unknown,2025-1,global
183557,Unknown,2025-1,global
183558,Unknown,2025-1,global
183564,Unknown,2025-1,global
183566,Unknown,2025-1,global
183567,Unknown,2025-1,global
183568,Unknown,2025-1,global
183571,Unknown,2025-1,global
183575,Unknown,2025-1,global
183576,Unknown,2025-1,global
183579,Unknown,2025-1,global
183582,Unknown,2025-1,global
183583,Unknown,2025-1,global
183584,Unknown,2025-1,global
183585,Unknown,2025-1,global
183586,Unknown,2025-1,global
183587,Unknown,2025-1,global
183590,Unknown,2025-1,global
183593,Unknown,2025-1,global
183596,Unknown,2025-1,global
183597,Unknown,2025-1,global
183598,Unknown,2025-1,global
183599,Unknown,2025-1,global
183600,Unknown,2025-1,global
183603,Unknown,2025-1,global
183605,Unknown,2025-1,global
183607,Unknown,2025-1,global
183608,Unknown,2025-1,global
183609,Unknown,2025-1,global
183610,Unknown,2025-1,global
183611,Unknown,2025-1,global
183612,Unknown,2025-1,global
183613,Unknown,2025-1,global
183614,Unknown,2025-1,global
183615,Unknown,2025-1,global
183616,Unknown,2025-1,global
183617,Unknown,2025-1,global
183619,Unknown,2025-1,global
183620,Unknown,2025-1,global
183621,Unknown,2025-1,global
183622,Unknown,2025-1,global
183623,Unknown,2025-1,global
183625,Unknown,2025-1,global
183626,Unknown,2025-1,global
183628,Unknown,2025-1,global
183629,Unknown,2025-1,global
183630,Unknown,2025-1,global
183634,Unknown,2025-1,global
183636,Unknown,2025-1,global
183637,Unknown,2025-1,global
183638,Unknown,2025-1,global
183640,Unknown,2025-1,global
183641,Unknown,2025-1,global
183642,Unknown,2025-1,global
183643,Unknown,2025-1,global
183644,Unknown,2025-1,global
183647,Unknown,2025-1,global
183651,Unknown,2025-1,global
183652,Unknown,2025-1,global
183653,Unknown,2025-1,global
183654,Unknown,2025-1,global
183655,Unknown,2025-1,global
183659,Unknown,2025-1,global
183660,Unknown,2025-1,global
183661,Unknown,2025-1,global
183664,Unknown,2025-1,global
183666,Unknown,2025-1,global
183667,Unknown,2025-1,global
183671,Unknown,2025-1,global
183675,Unknown,2025-1,global
183676,Unknown,2025-1,global
183677,Unknown,2025-1,global
183678,Unknown,2025-1,global
183679,Unknown,2025-1,global
183680,Unknown,2025-1,global
183684,Unknown,2025-1,global
183685,Unknown,2025-1,global
183688,Unknown,2025-1,global
183689,Unknown,2025-1,global
183691,Unknown,2025-1,global
183692,Unknown,2025-1,global
183693,Unknown,2025-1,global
183694,Unknown,2025-1,global
183695,Unknown,2025-1,global
183698,Unknown,2025-1,global
183699,Unknown,2025-1,global
183700,Unknown,2025-1,global
183701,Unknown,2025-1,global
183704,Unknown,2025-1,global
183705,Unknown,2025-1,global
183706,Unknown,2025-1,global
183707,Unknown,2025-1,global
183710,Unknown,2025-1,global
183711,Unknown,2025-1,global
183712,Unknown,2025-1,global
183713,Unknown,2025-1,global
183714,Unknown,2025-1,global
183715,Unknown,2025-1,global
183717,Unknown,2025-1,global
183718,Unknown,2025-1,global
183719,Unknown,2025-1,global
183724,Unknown,2025-1,global
183727,Unknown,2025-1,global
183728,Unknown,2025-1,global
183729,Unknown,2025-1,global
183730,Unknown,2025-1,global
183732,Unknown,2025-1,global
183733,Unknown,2025-1,global
183734,Unknown,2025-1,global
183735,Unknown,2025-1,global
183736,Unknown,2025-1,global
183737,Unknown,2025-1,global
183741,Unknown,2025-1,global
183746,Unknown,2025-1,global
183747,Unknown,2025-1,global
183749,Unknown,2025-1,global
183751,Unknown,2025-1,global
183752,Unknown,2025-1,global
183753,Unknown,2025-1,global
183754,Unknown,2025-1,global
183755,Unknown,2025-1,global
183756,Unknown,2025-1,global
183758,Unknown,2025-1,global
183759,Unknown,2025-1,global
183760,Unknown,2025-1,global
183762,Unknown,2025-1,global
183763,Unknown,2025-1,global
183764,Unknown,2025-1,global
183765,Unknown,2025-1,global
183767,Unknown,2025-1,global
183771,Unknown,2025-1,global
183772,Unknown,2025-1,global
183773,Unknown,2025-1,global
183774,Unknown,2025-1,global
183776,Unknown,2025-1,global
183776,Unknown,2025-1,mediterranean
183777,Unknown,2025-1,global
183779,Unknown,2025-1,global
183780,Unknown,2025-1,global
183783,Unknown,2025-1,global
183786,Unknown,2025-1,global
183788,Unknown,2025-1,global
183789,Unknown,2025-1,global
183790,Unknown,2025-1,global
183791,Unknown,2025-1,global
183793,Unknown,2025-1,global
183795,Unknown,2025-1,global
183798,Unknown,2025-1,global
183799,Unknown,2025-1,global
183802,Unknown,2025-1,global
183804,Unknown,2025-1,global
183807,Unknown,2025-1,global
183808,Unknown,2025-1,global
183809,Unknown,2025-1,global
183811,Unknown,2025-1,global
183814,Unknown,2025-1,global
183815,Unknown,2025-1,global
183818,Unknown,2025-1,global
183819,Unknown,2025-1,global
183824,Unknown,2025-1,global
183825,Unknown,2025-1,global
183826,Unknown,2025-1,global
183827,Unknown,2025-1,global
183828,Unknown,2025-1,global
183833,Unknown,2025-1,global
183836,Unknown,2025-1,global
183838,Unknown,2025-1,global
183840,Unknown,2025-1,global
183841,Unknown,2025-1,global
183844,Unknown,2025-1,global
183845,Unknown,2025-1,global
183846,Unknown,2025-1,global
183847,Unknown,2025-1,global
183850,Unknown,2025-1,global
183851,Unknown,2025-1,global
183852,Unknown,2025-1,global
183854,Unknown,2025-1,global
183855,Unknown,2025-1,global
183857,Unknown,2025-1,global
183858,Unknown,2025-1,global
183859,Unknown,2025-1,global
183861,Unknown,2025-1,global
183865,Unknown,2025-1,global
183866,Unknown,2025-1,global
183867,Unknown,2025-1,global
183868,Unknown,2025-1,global
183870,Unknown,2025-1,global
183872,Unknown,2025-1,global
183874,Unknown,2025-1,global
183875,Unknown,2025-1,global
183877,Unknown,2025-1,global
183879,Unknown,2025-1,global
183880,Unknown,2025-1,global
183882,Unknown,2025-1,global
183883,Unknown,2025-1,global
183886,Unknown,2025-1,global
183887,Unknown,2025-1,global
183888,Unknown,2025-1,global
183889,Unknown,2025-1,global
183890,Unknown,2025-1,global
183891,Unknown,2025-1,global
183894,Unknown,2025-1,global
183895,Unknown,2025-1,global
183896,Unknown,2025-1,global
183897,Unknown,2025-1,global
183898,Unknown,2025-1,global
183904,Unknown,2025-1,global
183905,Unknown,2025-1,global
183907,Unknown,2025-1,global
183912,Unknown,2025-1,global
183918,Unknown,2025-1,global
183919,Unknown,2025-1,global
183921,Unknown,2025-1,global
183923,Unknown,2025-1,global
183927,Unknown,2025-1,global
183929,Unknown,2025-1,global
183930,Unknown,2025-1,global
183931,Unknown,2025-1,global
183936,Unknown,2025-1,global
183938,Unknown,2025-1,global
183940,Unknown,2025-1,global
183941,Unknown,2025-1,global
183944,Unknown,2025-1,global
183948,Unknown,2025-1,global
183949,Unknown,2025-1,global
183951,Unknown,2025-1,global
183952,Unknown,2025-1,global
183953,Unknown,2025-1,global
183955,Unknown,2025-1,global
183956,Unknown,2025-1,global
183959,Unknown,2025-1,global
183962,Unknown,2025-1,global
183963,Unknown,2025-1,global
183964,Unknown,2025-1,global
183965,Unknown,2025-1,global
183966,Unknown,2025-1,global
183967,Unknown,2025-1,global
183968,Unknown,2025-1,global
183969,Unknown,2025-1,global
183970,Unknown,2025-1,global
183971,Unknown,2025-1,global
183973,Unknown,2025-1,global
183976,Unknown,2025-1,global
183977,Unknown,2025-1,global
183978,Unknown,2025-1,global
183982,Unknown,2025-1,global
183990,Unknown,2025-1,global
183991,Unknown,2025-1,global
183994,Unknown,2025-1,global
183998,Unknown,2025-1,global
183999,Unknown,2025-1,global
184001,Unknown,2025-1,global
184003,Unknown,2025-1,global
184005,Unknown,2025-1,global
184006,Unknown,2025-1,global
184007,Unknown,2025-1,global
184008,Unknown,2025-1,global
184009,Unknown,2025-1,global
184010,Unknown,2025-1,global
184012,Unknown,2025-1,global
184014,Unknown,2025-1,global
184015,Unknown,2025-1,global
184018,Unknown,2025-1,global
184020,Unknown,2025-1,global
184021,Unknown,2025-1,global
184022,Unknown,2025-1,global
184023,Unknown,2025-1,global
184024,Unknown,2025-1,global
184026,Unknown,2025-1,global
184027,Unknown,2025-1,global
184028,Unknown,2025-1,global
184031,Unknown,2025-1,global
184034,Unknown,2025-1,global
184037,Unknown,2025-1,global
184039,Unknown,2025-1,global
184041,Unknown,2025-1,global
184043,Unknown,2025-1,global
184045,Unknown,2025-1,global
184046,Unknown,2025-1,global
184048,Unknown,2025-1,global
184493,Unknown,2025-1,global
184493,Unknown,2025-1,northeastern_africa
184493,Unknown,2025-1,pan-africa
184520,Unknown,2025-1,global
184520,Unknown,2025-1,northeastern_africa
184520,Unknown,2025-1,pan-africa
184523,Unknown,2025-1,global
184534,Unknown,2025-1,global
184534,Unknown,2025-1,pan-africa
184534,Unknown,2025-1,eastern_africa
184576,Unknown,2025-1,global
184576,Unknown,2025-1,northeastern_africa
184576,Unknown,2025-1,pan-africa
184590,Unknown,2025-1,global
184590,Unknown,2025-1,central_africa
184590,Unknown,2025-1,pan-africa
184617,Unknown,2025-1,northeastern_africa
184617,Unknown,2025-1,pan-africa
184626,Unknown,2025-1,central_africa
184635,Unknown,2025-1,global
184635,Unknown,2025-1,central_africa
184635,Unknown,2025-1,pan-africa
184661,Unknown,2025-1,global
184661,Unknown,2025-1,pan-africa
184661,Unknown,2025-1,northeastern_africa
184679,Unknown,2025-1,eastern_africa
184686,Unknown,2025-1,central_africa
184692,Unknown,2025-1,global
184692,Unknown,2025-1,pan-africa
184692,Unknown,2025-1,northeastern_africa
184700,Unknown,2025-1,global
184700,Unknown,2025-1,pan-africa
184700,Unknown,2025-1,central_africa
184711,Unknown,2025-1,central_africa
184745,Unknown,2025-1,central_africa
184985,Unknown,2025-1,global
184986,Unknown,2025-1,global
184987,Unknown,2025-1,global
184988,Unknown,2025-1,global
184989,Unknown,2025-1,global
184990,Unknown,2025-1,global
184991,Unknown,2025-1,global
184992,Unknown,2025-1,global
184993,Unknown,2025-1,global
184994,Unknown,2025-1,global
184995,Unknown,2025-1,global
184996,Unknown,2025-1,global
184997,Unknown,2025-1,global
184998,Unknown,2025-1,global
184999,Unknown,2025-1,global
185057,Unknown,2025-1,global
185060,Unknown,2025-1,global
185001,Unknown,2025-1,global
185059,Unknown,2025-1,global
185002,Unknown,2025-1,global
185061,Unknown,2025-1,global
185003,Unknown,2025-1,global
185062,Unknown,2025-1,global
185004,Unknown,2025-1,global
185072,Unknown,2025-1,global
185005,Unknown,2025-1,global
185073,Unknown,2025-1,global
185006,Unknown,2025-1,global
185074,Unknown,2025-1,global
185007,Unknown,2025-1,global
185075,Unknown,2025-1,global
185008,Unknown,2025-1,global
185076,Unknown,2025-1,global
185009,Unknown,2025-1,global
185077,Unknown,2025-1,global
185010,Unknown,2025-1,global
185078,Unknown,2025-1,global
185011,Unknown,2025-1,global
185079,Unknown,2025-1,global
185013,Unknown,2025-1,global
185080,Unknown,2025-1,global
185014,Unknown,2025-1,global
185081,Unknown,2025-1,global
185015,Unknown,2025-1,global
185082,Unknown,2025-1,global
185016,Unknown,2025-1,global
185083,Unknown,2025-1,global
185084,Unknown,2025-1,global
185018,Unknown,2025-1,global
185085,Unknown,2025-1,global
185019,Unknown,2025-1,global
185087,Unknown,2025-1,global
185020,Unknown,2025-1,global
185088,Unknown,2025-1,global
185021,Unknown,2025-1,global
185089,Unknown,2025-1,global
185022,Unknown,2025-1,global
185023,Unknown,2025-1,global
185090,Unknown,2025-1,global
185024,Unknown,2025-1,global
185091,Unknown,2025-1,global
185025,Unknown,2025-1,global
185092,Unknown,2025-1,global
185093,Unknown,2025-1,global
185027,Unknown,2025-1,global
185094,Unknown,2025-1,global
185028,Unknown,2025-1,global
185095,Unknown,2025-1,global
185029,Unknown,2025-1,global
185096,Unknown,2025-1,global
185030,Unknown,2025-1,global
185031,Unknown,2025-1,global
185032,Unknown,2025-1,global
185033,Unknown,2025-1,global
185034,Unknown,2025-1,global
185035,Unknown,2025-1,global
185036,Unknown,2025-1,global
185040,Unknown,2025-1,global
185041,Unknown,2025-1,global
185042,Unknown,2025-1,global
185043,Unknown,2025-1,global
185044,Unknown,2025-1,global
185045,Unknown,2025-1,global
185046,Unknown,2025-1,global
185047,Unknown,2025-1,global
185048,Unknown,2025-1,global
185049,Unknown,2025-1,global
185051,Unknown,2025-1,global
185052,Unknown,2025-1,global
185053,Unknown,2025-1,global
185054,Unknown,2025-1,global
185055,Unknown,2025-1,global
185056,Unknown,2025-1,global
185063,Unknown,2025-1,global
185064,Unknown,2025-1,global
185065,Unknown,2025-1,global
185126,Unknown,2025-1,mediterranean
185066,Unknown,2025-1,global
185067,Unknown,2025-1,global
185068,Unknown,2025-1,global
185069,Unknown,2025-1,global
185070,Unknown,2025-1,global
185071,Unknown,2025-1,global
185165,Unknown,2025-1,mediterranean
185168,Unknown,2025-1,mediterranean
185182,Unknown,2025-1,mediterranean
185750,Unknown,2025-1,central_africa
185774,Unknown,2025-1,northeastern_africa
185774,Unknown,2025-1,pan-africa
185775,Unknown,2025-1,northeastern_africa
185778,Unknown,2025-1,pan-africa
185778,Unknown,2025-1,northeastern_africa
185783,Unknown,2025-1,northeastern_africa
186078,Unknown,2025-1,central_africa
186106,Unknown,2025-1,global
186106,Unknown,2025-1,mediterranean
186069,Unknown,2025-1,central_africa
187368,Unknown,2025-1,global
187369,Unknown,2025-1,global
187370,Unknown,2025-1,global
187371,Unknown,2025-1,global
187372,Unknown,2025-1,global
187373,Unknown,2025-1,global
187374,Unknown,2025-1,global
187375,Unknown,2025-1,global
187376,Unknown,2025-1,global
187377,Unknown,2025-1,global
187378,Unknown,2025-1,global
187379,Unknown,2025-1,global
187380,Unknown,2025-1,global
187382,Unknown,2025-1,global
187383,Unknown,2025-1,global
187384,Unknown,2025-1,global
187385,Unknown,2025-1,global
187386,Unknown,2025-1,global
187387,Unknown,2025-1,global
187388,Unknown,2025-1,global
187389,Unknown,2025-1,global
187390,Unknown,2025-1,global
187391,Unknown,2025-1,global
187393,Unknown,2025-1,global
187394,Unknown,2025-1,global
187395,Unknown,2025-1,global
187396,Unknown,2025-1,global
187398,Unknown,2025-1,global
187399,Unknown,2025-1,global
187401,Unknown,2025-1,global
187402,Unknown,2025-1,global
187403,Unknown,2025-1,global
187404,Unknown,2025-1,global
187405,Unknown,2025-1,global
187406,Unknown,2025-1,global
187407,Unknown,2025-1,global
187408,Unknown,2025-1,global
187409,Unknown,2025-1,global
187410,Unknown,2025-1,global
187411,Unknown,2025-1,global
187412,Unknown,2025-1,global
187413,Unknown,2025-1,global
187414,Unknown,2025-1,global
187415,Unknown,2025-1,global
187416,Unknown,2025-1,global
187417,Unknown,2025-1,global
187419,Unknown,2025-1,global
187420,Unknown,2025-1,global
187421,Unknown,2025-1,global
187422,Unknown,2025-1,global
187423,Unknown,2025-1,global
187424,Unknown,2025-1,global
187425,Unknown,2025-1,global
187427,Unknown,2025-1,global
187428,Unknown,2025-1,global
187429,Unknown,2025-1,global
187430,Unknown,2025-1,global
187431,Unknown,2025-1,global
187432,Unknown,2025-1,global
187433,Unknown,2025-1,global
187434,Unknown,2025-1,global
187437,Unknown,2025-1,global
187438,Unknown,2025-1,global
187439,Unknown,2025-1,global
187440,Unknown,2025-1,global
187441,Unknown,2025-1,global
187443,Unknown,2025-1,global
187444,Unknown,2025-1,global
187445,Unknown,2025-1,global
187446,Unknown,2025-1,global
187447,Unknown,2025-1,global
187448,Unknown,2025-1,global
187449,Unknown,2025-1,global
187450,Unknown,2025-1,global
187451,Unknown,2025-1,global
187452,Unknown,2025-1,global
187454,Unknown,2025-1,global
187456,Unknown,2025-1,global
187457,Unknown,2025-1,global
187458,Unknown,2025-1,global
187459,Unknown,2025-1,global
187460,Unknown,2025-1,global
187461,Unknown,2025-1,global
187462,Unknown,2025-1,global
187463,Unknown,2025-1,global
187464,Unknown,2025-1,global
187465,Unknown,2025-1,global
187466,Unknown,2025-1,global
187467,Unknown,2025-1,global
187468,Unknown,2025-1,global
187469,Unknown,2025-1,global
187470,Unknown,2025-1,global
187471,Unknown,2025-1,global
187472,Unknown,2025-1,global
187473,Unknown,2025-1,global
187474,Unknown,2025-1,global
187476,Unknown,2025-1,global
187477,Unknown,2025-1,global
187478,Unknown,2025-1,global
187480,Unknown,2025-1,global
187481,Unknown,2025-1,global
187482,Unknown,2025-1,global
187483,Unknown,2025-1,global
187484,Unknown,2025-1,global
187485,Unknown,2025-1,global
187486,Unknown,2025-1,global
187487,Unknown,2025-1,global
187488,Unknown,2025-1,global
187489,Unknown,2025-1,global
187490,Unknown,2025-1,global
187494,Unknown,2025-1,global
187496,Unknown,2025-1,global
187497,Unknown,2025-1,global
187498,Unknown,2025-1,global
187499,Unknown,2025-1,global
187500,Unknown,2025-1,global
187501,Unknown,2025-1,global
187502,Unknown,2025-1,global
187503,Unknown,2025-1,global
187504,Unknown,2025-1,global
187505,Unknown,2025-1,global
187507,Unknown,2025-1,global
187508,Unknown,2025-1,global
187509,Unknown,2025-1,global
187510,Unknown,2025-1,global
187511,Unknown,2025-1,global
187512,Unknown,2025-1,global
187513,Unknown,2025-1,global
187514,Unknown,2025-1,global
187515,Unknown,2025-1,global
187516,Unknown,2025-1,global
187517,Unknown,2025-1,global
187518,Unknown,2025-1,global
187519,Unknown,2025-1,global
187521,Unknown,2025-1,global
187522,Unknown,2025-1,global
187522,Unknown,2025-1,mediterranean
187523,Unknown,2025-1,global
187524,Unknown,2025-1,global
187525,Unknown,2025-1,global
187526,Unknown,2025-1,global
187527,Unknown,2025-1,global
187528,Unknown,2025-1,global
187529,Unknown,2025-1,global
187530,Unknown,2025-1,global
187531,Unknown,2025-1,global
187532,Unknown,2025-1,global
187533,Unknown,2025-1,global
187534,Unknown,2025-1,global
187535,Unknown,2025-1,global
187536,Unknown,2025-1,global
187537,Unknown,2025-1,global
187538,Unknown,2025-1,global
187539,Unknown,2025-1,global
187540,Unknown,2025-1,global
187542,Unknown,2025-1,global
187543,Unknown,2025-1,global
187546,Unknown,2025-1,global
187547,Unknown,2025-1,global
187548,Unknown,2025-1,global
187549,Unknown,2025-1,global
187550,Unknown,2025-1,global
187551,Unknown,2025-1,global
187552,Unknown,2025-1,global
187553,Unknown,2025-1,global
187554,Unknown,2025-1,global
187556,Unknown,2025-1,global
187557,Unknown,2025-1,global
187558,Unknown,2025-1,global
187559,Unknown,2025-1,global
187560,Unknown,2025-1,global
187561,Unknown,2025-1,global
187562,Unknown,2025-1,global
187563,Unknown,2025-1,global
187564,Unknown,2025-1,global
187566,Unknown,2025-1,global
187569,Unknown,2025-1,global
187570,Unknown,2025-1,global
187571,Unknown,2025-1,global
187574,Unknown,2025-1,global
187575,Unknown,2025-1,global
187576,Unknown,2025-1,global
187577,Unknown,2025-1,global
187578,Unknown,2025-1,global
187579,Unknown,2025-1,global
187580,Unknown,2025-1,global
187581,Unknown,2025-1,global
187582,Unknown,2025-1,global
187583,Unknown,2025-1,global
187584,Unknown,2025-1,global
187585,Unknown,2025-1,global
187586,Unknown,2025-1,global
187587,Unknown,2025-1,global
187588,Unknown,2025-1,global
187589,Unknown,2025-1,global
187590,Unknown,2025-1,global
187591,Unknown,2025-1,global
187592,Unknown,2025-1,global
187593,Unknown,2025-1,global
187594,Unknown,2025-1,global
187596,Unknown,2025-1,global
187597,Unknown,2025-1,global
187598,Unknown,2025-1,global
187599,Unknown,2025-1,global
187600,Unknown,2025-1,global
187601,Unknown,2025-1,global
187602,Unknown,2025-1,global
187603,Unknown,2025-1,global
187604,Unknown,2025-1,global
187605,Unknown,2025-1,global
187606,Unknown,2025-1,global
187607,Unknown,2025-1,global
187609,Unknown,2025-1,global
187610,Unknown,2025-1,global
187611,Unknown,2025-1,global
187612,Unknown,2025-1,global
187614,Unknown,2025-1,global
187615,Unknown,2025-1,global
187616,Unknown,2025-1,global
187617,Unknown,2025-1,global
187618,Unknown,2025-1,global
187619,Unknown,2025-1,global
187620,Unknown,2025-1,global
187621,Unknown,2025-1,global
187622,Unknown,2025-1,global
187623,Unknown,2025-1,global
187624,Unknown,2025-1,global
187625,Unknown,2025-1,global
187626,Unknown,2025-1,global
187627,Unknown,2025-1,global
187628,Unknown,2025-1,global
187629,Unknown,2025-1,global
187630,Unknown,2025-1,global
187631,Unknown,2025-1,global
187632,Unknown,2025-1,global
187633,Unknown,2025-1,global
187634,Unknown,2025-1,global
187635,Unknown,2025-1,global
187636,Unknown,2025-1,global
187638,Unknown,2025-1,global
187639,Unknown,2025-1,global
187640,Unknown,2025-1,global
187641,Unknown,2025-1,global
187642,Unknown,2025-1,global
187643,Unknown,2025-1,global
187644,Unknown,2025-1,global
187645,Unknown,2025-1,global
187646,Unknown,2025-1,global
187647,Unknown,2025-1,global
187648,Unknown,2025-1,global
187649,Unknown,2025-1,global
187650,Unknown,2025-1,global
187651,Unknown,2025-1,global
187652,Unknown,2025-1,global
187655,Unknown,2025-1,global
187656,Unknown,2025-1,global
187657,Unknown,2025-1,global
187658,Unknown,2025-1,global
187659,Unknown,2025-1,global
187660,Unknown,2025-1,global
187661,Unknown,2025-1,global
187662,Unknown,2025-1,global
187664,Unknown,2025-1,global
187665,Unknown,2025-1,global
187666,Unknown,2025-1,global
187667,Unknown,2025-1,global
187668,Unknown,2025-1,global
187669,Unknown,2025-1,global
187670,Unknown,2025-1,global
187671,Unknown,2025-1,global
187672,Unknown,2025-1,global
187673,Unknown,2025-1,global
187674,Unknown,2025-1,global
187675,Unknown,2025-1,global
187676,Unknown,2025-1,global
187677,Unknown,2025-1,global
187680,Unknown,2025-1,global
187681,Unknown,2025-1,global
187682,Unknown,2025-1,global
187683,Unknown,2025-1,global
187684,Unknown,2025-1,global
187685,Unknown,2025-1,global
187686,Unknown,2025-1,global
187687,Unknown,2025-1,global
187688,Unknown,2025-1,global
187689,Unknown,2025-1,global
187690,Unknown,2025-1,global
187691,Unknown,2025-1,global
187692,Unknown,2025-1,global
187693,Unknown,2025-1,global
187694,Unknown,2025-1,global
187695,Unknown,2025-1,global
187696,Unknown,2025-1,mediterranean
187697,Unknown,2025-1,global
187698,Unknown,2025-1,global
187699,Unknown,2025-1,global
187700,Unknown,2025-1,global
187701,Unknown,2025-1,global
187702,Unknown,2025-1,global
187703,Unknown,2025-1,global
187704,Unknown,2025-1,global
187705,Unknown,2025-1,global
187706,Unknown,2025-1,global
187707,Unknown,2025-1,global
187708,Unknown,2025-1,global
187709,Unknown,2025-1,global
187712,Unknown,2025-1,global
187713,Unknown,2025-1,global
187715,Unknown,2025-1,global
187716,Unknown,2025-1,global
187717,Unknown,2025-1,global
187718,Unknown,2025-1,global
187719,Unknown,2025-1,global
187720,Unknown,2025-1,global
187721,Unknown,2025-1,global
187722,Unknown,2025-1,global
187724,Unknown,2025-1,global
187725,Unknown,2025-1,global
187726,Unknown,2025-1,global
187727,Unknown,2025-1,global
187728,Unknown,2025-1,global
187729,Unknown,2025-1,global
187730,Unknown,2025-1,global
187731,Unknown,2025-1,global
187732,Unknown,2025-1,global
187733,Unknown,2025-1,global
187734,Unknown,2025-1,global
187735,Unknown,2025-1,global
187736,Unknown,2025-1,global
187737,Unknown,2025-1,global
187738,Unknown,2025-1,global
187739,Unknown,2025-1,global
187740,Unknown,2025-1,global
187741,Unknown,2025-1,global
187742,Unknown,2025-1,global
187743,Unknown,2025-1,global
187744,Unknown,2025-1,global
187745,Unknown,2025-1,global
187746,Unknown,2025-1,global
187747,Unknown,2025-1,global
187749,Unknown,2025-1,global
187750,Unknown,2025-1,global
187753,Unknown,2025-1,global
187754,Unknown,2025-1,global
187755,Unknown,2025-1,global
187757,Unknown,2025-1,global
187760,Unknown,2025-1,global
187761,Unknown,2025-1,global
187762,Unknown,2025-1,global
187763,Unknown,2025-1,global
187765,Unknown,2025-1,global
187766,Unknown,2025-1,global
187767,Unknown,2025-1,global
187768,Unknown,2025-1,global
187769,Unknown,2025-1,global
187770,Unknown,2025-1,global
187771,Unknown,2025-1,global
187772,Unknown,2025-1,global
187774,Unknown,2025-1,global
187776,Unknown,2025-1,global
187777,Unknown,2025-1,global
187778,Unknown,2025-1,global
187779,Unknown,2025-1,global
187780,Unknown,2025-1,global
187781,Unknown,2025-1,global
187782,Unknown,2025-1,global
187783,Unknown,2025-1,global
187785,Unknown,2025-1,global
187786,Unknown,2025-1,global
187787,Unknown,2025-1,global
187788,Unknown,2025-1,global
187789,Unknown,2025-1,global
187791,Unknown,2025-1,global
187792,Unknown,2025-1,global
187793,Unknown,2025-1,global
187794,Unknown,2025-1,global
187795,Unknown,2025-1,global
187796,Unknown,2025-1,global
187797,Unknown,2025-1,global
187798,Unknown,2025-1,global
187799,Unknown,2025-1,global
187801,Unknown,2025-1,global
187802,Unknown,2025-1,global
187804,Unknown,2025-1,global
187806,Unknown,2025-1,global
187807,Unknown,2025-1,global
187809,Unknown,2025-1,global
187810,Unknown,2025-1,global
187811,Unknown,2025-1,global
187812,Unknown,2025-1,global
187813,Unknown,2025-1,global
187814,Unknown,2025-1,global
187815,Unknown,2025-1,global
187935,Unknown,2025-1,global
188919,Unknown,2025-1,global
188952,Unknown,2025-1,global
188980,Unknown,2025-1,global
189103,Unknown,2025-1,global
189201,Unknown,2025-1,global
189223,Unknown,2025-1,global
189357,Unknown,2025-1,global
189378,Unknown,2025-1,global
189403,Unknown,2025-1,global
189405,Unknown,2025-1,global
189416,Unknown,2025-1,global
189417,Unknown,2025-1,global
189424,Unknown,2025-1,global
189480,Unknown,2025-1,global
189513,Unknown,2025-1,global
189550,Unknown,2025-1,global
189618,Unknown,2025-1,global
189818,Unknown,2025-1,mediterranean
189820,Unknown,2025-1,mediterranean
190064,Unknown,2025-1,mediterranean
190080,Unknown,2025-1,mediterranean
190090,Unknown,2025-1,mediterranean
190100,Unknown,2025-1,mediterranean
190101,Unknown,2025-1,mediterranean
190116,Unknown,2025-1,mediterranean
190133,Unknown,2025-1,mediterranean
190070,Unknown,2025-1,mediterranean
190163,Unknown,2025-1,mediterranean
190207,Unknown,2025-1,mediterranean
190211,Unknown,2025-1,mediterranean
190214,Unknown,2025-1,mediterranean
190279,Unknown,2025-1,mediterranean
190285,Unknown,2025-1,mediterranean
190292,Unknown,2025-1,mediterranean
190324,Unknown,2025-1,mediterranean
190335,Unknown,2025-1,mediterranean
190346,Unknown,2025-1,mediterranean
190378,Unknown,2025-1,mediterranean
190422,Unknown,2025-1,mediterranean
190425,Unknown,2025-1,mediterranean
190431,Unknown,2025-1,mediterranean
190432,Unknown,2025-1,mediterranean
190446,Unknown,2025-1,mediterranean
190458,Unknown,2025-1,mediterranean
190464,Unknown,2025-1,mediterranean
190466,Unknown,2025-1,mediterranean
190471,Unknown,2025-1,mediterranean
193758,Unknown,2025-1,mediterranean
194428,Unknown,2025-1,mediterranean
194433,Unknown,2025-1,mediterranean
194816,Unknown,2025-1,global
194816,Unknown,2025-1,mediterranean
194846,Unknown,2025-1,global
194846,Unknown,2025-1,mediterranean
194848,Unknown,2025-1,global
194848,Unknown,2025-1,mediterranean
194876,Unknown,2025-1,global
194876,Unknown,2025-1,mediterranean
194894,Unknown,2025-1,global
194894,Unknown,2025-1,mediterranean
194967,Unknown,2025-1,mediterranean
194968,Unknown,2025-1,mediterranean
194969,Unknown,2025-1,mediterranean
194970,Unknown,2025-1,mediterranean
194971,Unknown,2025-1,mediterranean
194973,Unknown,2025-1,mediterranean
194974,Unknown,2025-1,mediterranean
194976,Unknown,2025-1,mediterranean
194979,Unknown,2025-1,mediterranean
194980,Unknown,2025-1,mediterranean
194981,Unknown,2025-1,mediterranean
194982,Unknown,2025-1,mediterranean
194984,Unknown,2025-1,mediterranean
194986,Unknown,2025-1,mediterranean
194989,Unknown,2025-1,mediterranean
194990,Unknown,2025-1,mediterranean
194991,Unknown,2025-1,mediterranean
194992,Unknown,2025-1,mediterranean
194993,Unknown,2025-1,mediterranean
194995,Unknown,2025-1,mediterranean
194997,Unknown,2025-1,mediterranean
194998,Unknown,2025-1,mediterranean
194999,Unknown,2025-1,mediterranean
195001,Unknown,2025-1,mediterranean
195003,Unknown,2025-1,mediterranean
195091,Unknown,2025-1,mediterranean
195093,Unknown,2025-1,mediterranean
195038,Unknown,2025-1,mediterranean
195345,Unknown,2025-1,global
195420,Unknown,2025-1,global
195851,Unknown,2025-1,mediterranean
195856,Unknown,2025-1,mediterranean
195886,Unknown,2025-1,mediterranean
196057,Unknown,2025-1,global
196057,Unknown,2025-1,mediterranean
196058,Unknown,2025-1,global
196059,Unknown,2025-1,global
196060,Unknown,2025-1,global
196061,Unknown,2025-1,global
196071,Unknown,2025-1,global
196072,Unknown,2025-1,global
196074,Unknown,2025-1,global
196076,Unknown,2025-1,global
196012,Unknown,2025-1,global
196013,Unknown,2025-1,global
196014,Unknown,2025-1,global
196015,Unknown,2025-1,global
196017,Unknown,2025-1,global
196018,Unknown,2025-1,global
196020,Unknown,2025-1,global
196021,Unknown,2025-1,global
196022,Unknown,2025-1,global
196023,Unknown,2025-1,global
196024,Unknown,2025-1,global
196026,Unknown,2025-1,global
196027,Unknown,2025-1,global
196029,Unknown,2025-1,global
196030,Unknown,2025-1,global
196031,Unknown,2025-1,global
196032,Unknown,2025-1,global
196034,Unknown,2025-1,global
196035,Unknown,2025-1,global
196036,Unknown,2025-1,global
196037,Unknown,2025-1,global
196038,Unknown,2025-1,global
196039,Unknown,2025-1,global
196040,Unknown,2025-1,global
196041,Unknown,2025-1,global
196042,Unknown,2025-1,global
196043,Unknown,2025-1,global
196045,Unknown,2025-1,global
196046,Unknown,2025-1,global
196049,Unknown,2025-1,global
196050,Unknown,2025-1,global
196051,Unknown,2025-1,global
196052,Unknown,2025-1,global
196053,Unknown,2025-1,global
196054,Unknown,2025-1,global
196055,Unknown,2025-1,global
196062,Unknown,2025-1,global
196063,Unknown,2025-1,global
196064,Unknown,2025-1,global
196065,Unknown,2025-1,global
196066,Unknown,2025-1,global
196067,Unknown,2025-1,global
196068,Unknown,2025-1,global
196069,Unknown,2025-1,global
198546,Unknown,2025-1,mediterranean
198547,Unknown,2025-1,mediterranean
198548,Unknown,2025-1,mediterranean
198549,Unknown,2025-1,mediterranean
198552,Unknown,2025-1,mediterranean
198553,Unknown,2025-1,mediterranean
198554,Unknown,2025-1,mediterranean
198555,Unknown,2025-1,mediterranean
198556,Unknown,2025-1,mediterranean
198557,Unknown,2025-1,mediterranean
198558,Unknown,2025-1,mediterranean
198559,Unknown,2025-1,mediterranean
198560,Unknown,2025-1,mediterranean
198561,Unknown,2025-1,mediterranean
198563,Unknown,2025-1,mediterranean
198564,Unknown,2025-1,mediterranean
198566,Unknown,2025-1,mediterranean
198567,Unknown,2025-1,mediterranean
198571,Unknown,2025-1,mediterranean
198573,Unknown,2025-1,mediterranean
198574,Unknown,2025-1,mediterranean
198575,Unknown,2025-1,mediterranean
198576,Unknown,2025-1,mediterranean
198577,Unknown,2025-1,mediterranean
198578,Unknown,2025-1,mediterranean
198579,Unknown,2025-1,mediterranean
198581,Unknown,2025-1,mediterranean
198582,Unknown,2025-1,mediterranean
198583,Unknown,2025-1,mediterranean
198584,Unknown,2025-1,mediterranean
198585,Unknown,2025-1,mediterranean
198586,Unknown,2025-1,mediterranean
198587,Unknown,2025-1,mediterranean
198588,Unknown,2025-1,mediterranean
198589,Unknown,2025-1,mediterranean
198590,Unknown,2025-1,mediterranean
198591,Unknown,2025-1,mediterranean
198592,Unknown,2025-1,mediterranean
198593,Unknown,2025-1,mediterranean
198594,Unknown,2025-1,mediterranean
198595,Unknown,2025-1,mediterranean
198596,Unknown,2025-1,mediterranean
198597,Unknown,2025-1,mediterranean
198598,Unknown,2025-1,mediterranean
198599,Unknown,2025-1,mediterranean
198600,Unknown,2025-1,mediterranean
198601,Unknown,2025-1,mediterranean
198602,Unknown,2025-1,mediterranean
198603,Unknown,2025-1,mediterranean
198604,Unknown,2025-1,mediterranean
198605,Unknown,2025-1,mediterranean
198606,Unknown,2025-1,mediterranean
198608,Unknown,2025-1,mediterranean
198611,Unknown,2025-1,mediterranean
198612,Unknown,2025-1,mediterranean
198613,Unknown,2025-1,mediterranean
198614,Unknown,2025-1,mediterranean
198615,Unknown,2025-1,mediterranean
198617,Unknown,2025-1,mediterranean
198618,Unknown,2025-1,mediterranean
198619,Unknown,2025-1,mediterranean
198620,Unknown,2025-1,mediterranean
198621,Unknown,2025-1,mediterranean
198622,Unknown,2025-1,mediterranean
198623,Unknown,2025-1,mediterranean
198624,Unknown,2025-1,mediterranean
198625,Unknown,2025-1,mediterranean
198626,Unknown,2025-1,mediterranean
198627,Unknown,2025-1,mediterranean
198628,Unknown,2025-1,mediterranean
198629,Unknown,2025-1,mediterranean
198633,Unknown,2025-1,mediterranean
198634,Unknown,2025-1,mediterranean
198635,Unknown,2025-1,mediterranean
198636,Unknown,2025-1,mediterranean
198637,Unknown,2025-1,mediterranean
198638,Unknown,2025-1,mediterranean
198640,Unknown,2025-1,mediterranean
198642,Unknown,2025-1,mediterranean
198648,Unknown,2025-1,mediterranean
198649,Unknown,2025-1,mediterranean
198650,Unknown,2025-1,mediterranean
198651,Unknown,2025-1,mediterranean
198652,Unknown,2025-1,mediterranean
198653,Unknown,2025-1,mediterranean
198655,Unknown,2025-1,mediterranean
198656,Unknown,2025-1,mediterranean
198659,Unknown,2025-1,mediterranean
198660,Unknown,2025-1,mediterranean
198663,Unknown,2025-1,mediterranean
198664,Unknown,2025-1,mediterranean
198665,Unknown,2025-1,mediterranean
198666,Unknown,2025-1,mediterranean
198669,Unknown,2025-1,mediterranean
198670,Unknown,2025-1,mediterranean
198671,Unknown,2025-1,mediterranean
198675,Unknown,2025-1,mediterranean
198676,Unknown,2025-1,mediterranean
198706,Unknown,2025-1,mediterranean
198708,Unknown,2025-1,mediterranean
198710,Unknown,2025-1,mediterranean
198715,Unknown,2025-1,mediterranean
198716,Unknown,2025-1,mediterranean
198717,Unknown,2025-1,mediterranean
198720,Unknown,2025-1,mediterranean
198721,Unknown,2025-1,mediterranean
198723,Unknown,2025-1,mediterranean
198724,Unknown,2025-1,mediterranean
198727,Unknown,2025-1,mediterranean
198728,Unknown,2025-1,mediterranean
198729,Unknown,2025-1,mediterranean
198732,Unknown,2025-1,mediterranean
198733,Unknown,2025-1,mediterranean
198734,Unknown,2025-1,mediterranean
198735,Unknown,2025-1,mediterranean
198736,Unknown,2025-1,mediterranean
198737,Unknown,2025-1,mediterranean
198738,Unknown,2025-1,mediterranean
198740,Unknown,2025-1,mediterranean
198741,Unknown,2025-1,mediterranean
198742,Unknown,2025-1,mediterranean
198743,Unknown,2025-1,mediterranean
198744,Unknown,2025-1,mediterranean
198745,Unknown,2025-1,mediterranean
198746,Unknown,2025-1,mediterranean
198747,Unknown,2025-1,mediterranean
198748,Unknown,2025-1,mediterranean
198749,Unknown,2025-1,mediterranean
198750,Unknown,2025-1,mediterranean
198751,Unknown,2025-1,mediterranean
198752,Unknown,2025-1,mediterranean
198753,Unknown,2025-1,mediterranean
198754,Unknown,2025-1,mediterranean
198755,Unknown,2025-1,mediterranean
198756,Unknown,2025-1,mediterranean
198757,Unknown,2025-1,mediterranean
198758,Unknown,2025-1,mediterranean
198759,Unknown,2025-1,mediterranean
198760,Unknown,2025-1,mediterranean
198761,Unknown,2025-1,mediterranean
198762,Unknown,2025-1,mediterranean
198769,Unknown,2025-1,mediterranean
198770,Unknown,2025-1,mediterranean
198775,Unknown,2025-1,mediterranean
198776,Unknown,2025-1,mediterranean
154708,Unknown,2025-1,mediterranean
194812,Unknown,2025-1,global
194812,Unknown,2025-1,mediterranean
20795,Unknown,2025-1,global
21689,Unknown,2025-1,global
23259,Unknown,2025-1,mediterranean
39414,Unknown,2025-1,central_africa
39414,Unknown,2025-1,western_africa
4363,Unknown,2025-1,global
43972,Unknown,2025-1,global
43972,Unknown,2025-1,mediterranean
44668,Unknown,2025-1,global
44679,Unknown,2025-1,global
44685,Unknown,2025-1,global
44669,Unknown,2025-1,global
44670,Unknown,2025-1,global
44671,Unknown,2025-1,global
60447,Unknown,2025-1,s._africa fw
60690,Unknown,2025-1,central_africa
60690,Unknown,2025-1,northern_africa
60690,Unknown,2025-1,s._africa fw
60690,Unknown,2025-1,western_africa
61213,Unknown,2025-1,pan-africa
61335,Unknown,2025-1,global
61422,Unknown,2025-1,global
63245,Unknown,2025-1,global
63245,Unknown,2025-1,pan-africa
63245,Unknown,2025-1,s._africa fw
63442,Unknown,2025-1,global
63442,Unknown,2025-1,pan-africa
63442,Unknown,2025-1,s._africa fw
63448,Unknown,2025-1,global
63448,Unknown,2025-1,pan-africa
63448,Unknown,2025-1,s._africa fw
63578,Unknown,2025-1,global
63581,Unknown,2025-1,global
63582,Unknown,2025-1,global
63583,Unknown,2025-1,global
63584,Unknown,2025-1,global
63586,Unknown,2025-1,global
63588,Unknown,2025-1,global
63589,Unknown,2025-1,global
63590,Unknown,2025-1,global
63592,Unknown,2025-1,global
63594,Unknown,2025-1,global
63595,Unknown,2025-1,global
63597,Unknown,2025-1,global
63599,Unknown,2025-1,global
63573,Unknown,2025-1,global
63574,Unknown,2025-1,global
63575,Unknown,2025-1,global
63576,Unknown,2025-1,global
63577,Unknown,2025-1,global
63600,Unknown,2025-1,global
63601,Unknown,2025-1,global
63602,Unknown,2025-1,global
63603,Unknown,2025-1,global
63604,Unknown,2025-1,global
63605,Unknown,2025-1,global
63606,Unknown,2025-1,global
63607,Unknown,2025-1,global
63608,Unknown,2025-1,global
63609,Unknown,2025-1,global
63610,Unknown,2025-1,global
63611,Unknown,2025-1,global
63613,Unknown,2025-1,global
63615,Unknown,2025-1,global
63616,Unknown,2025-1,global
63617,Unknown,2025-1,global
63618,Unknown,2025-1,global
63619,Unknown,2025-1,global
63620,Unknown,2025-1,global
63621,Unknown,2025-1,global
63623,Unknown,2025-1,global
63624,Unknown,2025-1,global
63625,Unknown,2025-1,global
63626,Unknown,2025-1,global
63627,Unknown,2025-1,global
63628,Unknown,2025-1,global
63629,Unknown,2025-1,global
63630,Unknown,2025-1,global
63631,Unknown,2025-1,global
63632,Unknown,2025-1,global
63633,Unknown,2025-1,global
63634,Unknown,2025-1,global
63635,Unknown,2025-1,global
63636,Unknown,2025-1,global
63637,Unknown,2025-1,global
63638,Unknown,2025-1,global
63639,Unknown,2025-1,global
63640,Unknown,2025-1,global
63641,Unknown,2025-1,global
63642,Unknown,2025-1,global
63643,Unknown,2025-1,global
63645,Unknown,2025-1,global
63647,Unknown,2025-1,global
63648,Unknown,2025-1,global
63649,Unknown,2025-1,global
63650,Unknown,2025-1,global
63651,Unknown,2025-1,global
63652,Unknown,2025-1,global
63654,Unknown,2025-1,global
63655,Unknown,2025-1,global
63656,Unknown,2025-1,global
7135,Unknown,2025-1,eastern_africa
7135,Unknown,2025-1,s._africa fw
7135,Unknown,2025-1,pan-africa
9266,Unknown,2025-1,eastern_africa
9266,Unknown,2025-1,pan-africa
903,Unknown,2025-1,northern_africa
904,Unknown,2025-1,northern_africa
13458323,Unknown,2025-1,global
13458375,Unknown,2025-1,global
13462250,Unknown,2025-1,global
13462325,Unknown,2025-1,global
13462411,Unknown,2025-1,global
194991,Unknown,2025-1,global
13491788,Unknown,2025-1,global
22823,Unknown,2025-1,global
15147715,Unknown,2025-1,global
15147740,Unknown,2025-1,global
15147791,Unknown,2025-1,global
15147816,Unknown,2025-1,global
15147860,Unknown,2025-1,global
15147965,Unknown,2025-1,global
15147977,Unknown,2025-1,global
190265,Unknown,2025-1,global
190298,Unknown,2025-1,global
190264,Unknown,2025-1,global
190198,Unknown,2025-1,global
15148522,Unknown,2025-1,global
15148566,Unknown,2025-1,global
15148742,Unknown,2025-1,global
15148858,Unknown,2025-1,global
15148964,Unknown,2025-1,global
15149028,Unknown,2025-1,global
15149121,Unknown,2025-1,global
15149175,Unknown,2025-1,global
15149262,Unknown,2025-1,global
15149335,Unknown,2025-1,global
183160,Unknown,2025-1,global
61207,Unknown,2025-1,global
154687,Unknown,2025-1,global
154968,Unknown,2025-1,global
155044,Unknown,2025-1,global
155215,Unknown,2025-1,global
154893,Unknown,2025-1,global
190335,Unknown,2025-1,global
195001,Unknown,2025-1,global
195003,Unknown,2025-1,global
198573,Unknown,2025-1,global
189820,Unknown,2025-1,global
198724,Unknown,2025-1,global
198556,Unknown,2025-1,global
198649,Unknown,2025-1,global
194993,Unknown,2025-1,global
182611,Unknown,2025-1,global
182611,Unknown,2025-1,pan-africa
167997,Unknown,2025-1,global
167997,Unknown,2025-1,pan-africa
198580,Unknown,2025-1,global
198582,Unknown,2025-1,global
198728,Unknown,2025-1,global
198555,Unknown,2025-1,global
198653,Unknown,2025-1,global
194995,Unknown,2025-1,global
198576,Unknown,2025-1,global
190163,Unknown,2025-1,global
198566,Unknown,2025-1,global
190292,Unknown,2025-1,global
198577,Unknown,2025-1,global
198652,Unknown,2025-1,global
194992,Unknown,2025-1,global
198775,Unknown,2025-1,global
198594,Unknown,2025-1,global
198596,Unknown,2025-1,global
198597,Unknown,2025-1,global
198598,Unknown,2025-1,global
198599,Unknown,2025-1,global
198600,Unknown,2025-1,global
198602,Unknown,2025-1,global
198559,Unknown,2025-1,global
198612,Unknown,2025-1,global
198613,Unknown,2025-1,global
198615,Unknown,2025-1,global
198617,Unknown,2025-1,global
198618,Unknown,2025-1,global
198619,Unknown,2025-1,global
190425,Unknown,2025-1,global
190466,Unknown,2025-1,global
194998,Unknown,2025-1,global
190101,Unknown,2025-1,global
190211,Unknown,2025-1,global
198743,Unknown,2025-1,global
198560,Unknown,2025-1,global
198744,Unknown,2025-1,global
198745,Unknown,2025-1,global
198746,Unknown,2025-1,global
198748,Unknown,2025-1,global
195093,Unknown,2025-1,global
198547,Unknown,2025-1,global
198734,Unknown,2025-1,global
198735,Unknown,2025-1,global
198736,Unknown,2025-1,global
198553,Unknown,2025-1,global
198740,Unknown,2025-1,global
198752,Unknown,2025-1,global
198753,Unknown,2025-1,global
198755,Unknown,2025-1,global
198756,Unknown,2025-1,global
183274,Unknown,2025-1,global
189828,Unknown,2025-1,global
190065,Unknown,2025-1,global
190069,Unknown,2025-1,global
190093,Unknown,2025-1,global
190099,Unknown,2025-1,global
190169,Unknown,2025-1,global
190180,Unknown,2025-1,global
190232,Unknown,2025-1,global
190237,Unknown,2025-1,global
190243,Unknown,2025-1,global
190276,Unknown,2025-1,global
190286,Unknown,2025-1,global
190311,Unknown,2025-1,global
190316,Unknown,2025-1,global
190321,Unknown,2025-1,global
190334,Unknown,2025-1,global
190362,Unknown,2025-1,global
190369,Unknown,2025-1,global
190385,Unknown,2025-1,global
190389,Unknown,2025-1,global
190391,Unknown,2025-1,global
190404,Unknown,2025-1,global
190488,Unknown,2025-1,global
13462434,Unknown,2025-1,global
13462491,Unknown,2025-1,global
13462557,Unknown,2025-1,global
13462566,Unknown,2025-1,global
13462628,Unknown,2025-1,global
13462713,Unknown,2025-1,global
13462731,Unknown,2025-1,global
13462737,Unknown,2025-1,global
13462745,Unknown,2025-1,global
13462748,Unknown,2025-1,global
13462751,Unknown,2025-1,global
13462757,Unknown,2025-1,global
13462760,Unknown,2025-1,global
13462763,Unknown,2025-1,global
13462771,Unknown,2025-1,global
13462777,Unknown,2025-1,global
13485141,Unknown,2025-1,global
13485161,Unknown,2025-1,global
13485167,Unknown,2025-1,global
13485284,Unknown,2025-1,global
13485312,Unknown,2025-1,global
13485395,Unknown,2025-1,global
13485398,Unknown,2025-1,global
13485411,Unknown,2025-1,global
13485622,Unknown,2025-1,global
13485631,Unknown,2025-1,global
13485635,Unknown,2025-1,global
13485675,Unknown,2025-1,global
13485856,Unknown,2025-1,global
13486028,Unknown,2025-1,global
13486247,Unknown,2025-1,global
13486345,Unknown,2025-1,global
13486360,Unknown,2025-1,global
13486514,Unknown,2025-1,global
13487141,Unknown,2025-1,global
13487690,Unknown,2025-1,global
13487700,Unknown,2025-1,global
13487733,Unknown,2025-1,global
13487874,Unknown,2025-1,global
15521789,Unknown,2025-1,global
15521852,Unknown,2025-1,global
15521875,Unknown,2025-1,global
15521927,Unknown,2025-1,global
15521934,Unknown,2025-1,global
82626288,Unknown,2025-1,global
15522050,Unknown,2025-1,global
15522054,Unknown,2025-1,global
15522061,Unknown,2025-1,global
15522064,Unknown,2025-1,global
15522069,Unknown,2025-1,global
15522073,Unknown,2025-1,global
15522095,Unknown,2025-1,global
15522109,Unknown,2025-1,global
15522140,Unknown,2025-1,global
15522143,Unknown,2025-1,global
15522146,Unknown,2025-1,global
15522149,Unknown,2025-1,global
15522152,Unknown,2025-1,global
15522159,Unknown,2025-1,global
15522187,Unknown,2025-1,global
15522204,Unknown,2025-1,global
15522207,Unknown,2025-1,global
15522210,Unknown,2025-1,global
15522213,Unknown,2025-1,global
15522216,Unknown,2025-1,global
15522226,Unknown,2025-1,global
15522233,Unknown,2025-1,global
15522236,Unknown,2025-1,global
15522264,Unknown,2025-1,global
15522267,Unknown,2025-1,global
15522270,Unknown,2025-1,global
15598540,Unknown,2025-1,global
15598621,Unknown,2025-1,global
15598630,Unknown,2025-1,global
15598666,Unknown,2025-1,global
15598672,Unknown,2025-1,global
15598700,Unknown,2025-1,global
15598704,Unknown,2025-1,global
15598791,Unknown,2025-1,global
15598799,Unknown,2025-1,global
15598815,Unknown,2025-1,global
15598887,Unknown,2025-1,global
15598938,Unknown,2025-1,global
15598948,Unknown,2025-1,global
15598951,Unknown,2025-1,global
15598954,Unknown,2025-1,global
15598957,Unknown,2025-1,global
15598976,Unknown,2025-1,global
15599060,Unknown,2025-1,global
15599064,Unknown,2025-1,global
15599067,Unknown,2025-1,global
15599070,Unknown,2025-1,global
15599074,Unknown,2025-1,global
15599078,Unknown,2025-1,global
15599092,Unknown,2025-1,global
15600713,Unknown,2025-1,global
15600720,Unknown,2025-1,global
15600727,Unknown,2025-1,global
15600731,Unknown,2025-1,global
15600738,Unknown,2025-1,global
15601157,Unknown,2025-1,global
15601865,Unknown,2025-1,global
15601887,Unknown,2025-1,global
15601902,Unknown,2025-1,global
15601905,Unknown,2025-1,global
15601909,Unknown,2025-1,global
15601913,Unknown,2025-1,global
15601916,Unknown,2025-1,global
15601920,Unknown,2025-1,global
15601934,Unknown,2025-1,global
15601937,Unknown,2025-1,global
15601940,Unknown,2025-1,global
15601952,Unknown,2025-1,global
15601959,Unknown,2025-1,global
15601962,Unknown,2025-1,global
15601976,Unknown,2025-1,global
15601979,Unknown,2025-1,global
15601982,Unknown,2025-1,global
15601985,Unknown,2025-1,global
15601988,Unknown,2025-1,global
15602417,Unknown,2025-1,global
15602420,Unknown,2025-1,global
15602435,Unknown,2025-1,global
15602447,Unknown,2025-1,global
15602466,Unknown,2025-1,global
198727,Unknown,2025-1,global
198750,Unknown,2025-1,global
15622233,Unknown,2025-1,global
15622583,Unknown,2025-1,global
15622587,Unknown,2025-1,global
15622597,Unknown,2025-1,global
15622604,Unknown,2025-1,global
15622608,Unknown,2025-1,global
15622611,Unknown,2025-1,global
15622620,Unknown,2025-1,global
15622627,Unknown,2025-1,global
15622630,Unknown,2025-1,global
15622639,Unknown,2025-1,global
15622642,Unknown,2025-1,global
15622649,Unknown,2025-1,global
15622656,Unknown,2025-1,global
15622659,Unknown,2025-1,global
15622672,Unknown,2025-1,global
15622675,Unknown,2025-1,global
15622678,Unknown,2025-1,global
15622684,Unknown,2025-1,global
15622693,Unknown,2025-1,global
15622706,Unknown,2025-1,global
15622711,Unknown,2025-1,global
15622722,Unknown,2025-1,global
15622732,Unknown,2025-1,global
15622740,Unknown,2025-1,global
15622750,Unknown,2025-1,global
15622764,Unknown,2025-1,global
15622773,Unknown,2025-1,global
15622777,Unknown,2025-1,global
15622781,Unknown,2025-1,global
15622786,Unknown,2025-1,global
15622789,Unknown,2025-1,global
15622793,Unknown,2025-1,global
15622796,Unknown,2025-1,global
15622799,Unknown,2025-1,global
15622804,Unknown,2025-1,global
15622827,Unknown,2025-1,global
15622831,Unknown,2025-1,global
15623251,Unknown,2025-1,global
15623265,Unknown,2025-1,global
15623268,Unknown,2025-1,global
15623273,Unknown,2025-1,global
16501591,Unknown,2025-1,global
16466100,Unknown,2025-1,global
16466647,Unknown,2025-1,global
16447988,Unknown,2025-1,global
16427369,Unknown,2025-1,global
16427369,Unknown,2025-1,caribbean
16431737,Unknown,2025-1,global
16405644,Unknown,2025-1,global
16501736,Unknown,2025-1,global
16425187,Unknown,2025-1,global
16427386,Unknown,2025-1,global
16435778,Unknown,2025-1,global
16442013,Unknown,2025-1,global
16439367,Unknown,2025-1,global
16501751,Unknown,2025-1,global
16442003,Unknown,2025-1,global
16431990,Unknown,2025-1,global
16410022,Unknown,2025-1,global
16441698,Unknown,2025-1,global
16443048,Unknown,2025-1,global
16466377,Unknown,2025-1,global
16501568,Unknown,2025-1,global
16435530,Unknown,2025-1,global
16501791,Unknown,2025-1,global
16441738,Unknown,2025-1,global
16441120,Unknown,2025-1,global
16433850,Unknown,2025-1,global
16433850,Unknown,2025-1,caribbean
16501552,Unknown,2025-1,global
16466393,Unknown,2025-1,global
16505842,Unknown,2025-1,global
16425468,Unknown,2025-1,global
16417341,Unknown,2025-1,global
16449531,Unknown,2025-1,global
16442472,Unknown,2025-1,global
16505933,Unknown,2025-1,global
16443285,Unknown,2025-1,global
16439218,Unknown,2025-1,global
16406554,Unknown,2025-1,global
16410245,Unknown,2025-1,global
16442487,Unknown,2025-1,global
16407017,Unknown,2025-1,global
16407017,Unknown,2025-1,caribbean
16502064,Unknown,2025-1,global
16506657,Unknown,2025-1,global
16447568,Unknown,2025-1,global
16407630,Unknown,2025-1,global
16424139,Unknown,2025-1,global
16432073,Unknown,2025-1,global
16410217,Unknown,2025-1,global
16406525,Unknown,2025-1,global
16406486,Unknown,2025-1,global
16439290,Unknown,2025-1,global
16505916,Unknown,2025-1,global
16449034,Unknown,2025-1,global
190441,Unknown,2025-1,global
16502093,Unknown,2025-1,global
16467411,Unknown,2025-1,global
16505616,Unknown,2025-1,global
16425533,Unknown,2025-1,global
16405685,Unknown,2025-1,global
16441799,Unknown,2025-1,global
16501727,Unknown,2025-1,global
16503587,Unknown,2025-1,global
16407217,Unknown,2025-1,global
16441862,Unknown,2025-1,global
16505782,Unknown,2025-1,global
16441865,Unknown,2025-1,global
16467178,Unknown,2025-1,global
16406269,Unknown,2025-1,global
16501868,Unknown,2025-1,global
16443217,Unknown,2025-1,global
16425603,Unknown,2025-1,global
16506725,Unknown,2025-1,global
16501708,Unknown,2025-1,global
16404574,Unknown,2025-1,global
16425314,Unknown,2025-1,global
16407002,Unknown,2025-1,global
190191,Unknown,2025-1,global
16505522,Unknown,2025-1,global
16404805,Unknown,2025-1,global
16447855,Unknown,2025-1,global
16505959,Unknown,2025-1,global
16441631,Unknown,2025-1,global
16425572,Unknown,2025-1,global
16425354,Unknown,2025-1,global
16442081,Unknown,2025-1,global
16440016,Unknown,2025-1,global
16440965,Unknown,2025-1,global
16406968,Unknown,2025-1,global
16506757,Unknown,2025-1,global
16438001,Unknown,2025-1,global
16406327,Unknown,2025-1,global
16406679,Unknown,2025-1,global
16433946,Unknown,2025-1,global
16433946,Unknown,2025-1,caribbean
16439926,Unknown,2025-1,global
16406934,Unknown,2025-1,global
16437988,Unknown,2025-1,global
16425141,Unknown,2025-1,global
16506077,Unknown,2025-1,global
16427324,Unknown,2025-1,global
16441948,Unknown,2025-1,global
16506080,Unknown,2025-1,global
16505486,Unknown,2025-1,global
16425422,Unknown,2025-1,global
16441303,Unknown,2025-1,global
16432098,Unknown,2025-1,global
16432098,Unknown,2025-1,caribbean
16432098,Unknown,2025-1,gulf_of mexico
16466198,Unknown,2025-1,global
16430203,Unknown,2025-1,global
16441433,Unknown,2025-1,global
16441677,Unknown,2025-1,global
16465921,Unknown,2025-1,global
16407184,Unknown,2025-1,global
16506839,Unknown,2025-1,global
16507646,Unknown,2025-1,global
190275,Unknown,2025-1,global
190438,Unknown,2025-1,global
190320,Unknown,2025-1,global
190323,Unknown,2025-1,global
190185,Unknown,2025-1,global
190269,Unknown,2025-1,global
190092,Unknown,2025-1,global
190383,Unknown,2025-1,global
190366,Unknown,2025-1,global
190459,Unknown,2025-1,global
190186,Unknown,2025-1,global
190242,Unknown,2025-1,global
190182,Unknown,2025-1,global
190395,Unknown,2025-1,global
190204,Unknown,2025-1,global
190355,Unknown,2025-1,global
190194,Unknown,2025-1,global
190374,Unknown,2025-1,global
190192,Unknown,2025-1,global
190263,Unknown,2025-1,global
190244,Unknown,2025-1,global
190249,Unknown,2025-1,global
190401,Unknown,2025-1,global
190155,Unknown,2025-1,global
190161,Unknown,2025-1,global
190270,Unknown,2025-1,global
190066,Unknown,2025-1,global
190340,Unknown,2025-1,global
190287,Unknown,2025-1,global
190251,Unknown,2025-1,global
190251,Unknown,2025-1,caribbean
190105,Unknown,2025-1,global
190105,Unknown,2025-1,caribbean
190174,Unknown,2025-1,global
190178,Unknown,2025-1,global
190226,Unknown,2025-1,global
190173,Unknown,2025-1,global
190173,Unknown,2025-1,caribbean
190121,Unknown,2025-1,global
190121,Unknown,2025-1,caribbean
190290,Unknown,2025-1,global
190290,Unknown,2025-1,caribbean
190365,Unknown,2025-1,global
190218,Unknown,2025-1,global
190297,Unknown,2025-1,global
190339,Unknown,2025-1,global
190339,Unknown,2025-1,caribbean
190102,Unknown,2025-1,global
190208,Unknown,2025-1,global
190462,Unknown,2025-1,global
190227,Unknown,2025-1,global
190289,Unknown,2025-1,global
190345,Unknown,2025-1,global
190448,Unknown,2025-1,global
190358,Unknown,2025-1,global
190081,Unknown,2025-1,global
190219,Unknown,2025-1,global
190254,Unknown,2025-1,global
190086,Unknown,2025-1,global
190233,Unknown,2025-1,global
190336,Unknown,2025-1,global
190398,Unknown,2025-1,global
190283,Unknown,2025-1,global
190333,Unknown,2025-1,global
41823,Unknown,2025-1,mediterranean
161432,Unknown,2025-1,mediterranean
3851,Unknown,2025-1,mediterranean
3852,Unknown,2025-1,mediterranean
161731,Unknown,2025-1,mediterranean
16545250,Unknown,2025-1,global
16545164,Unknown,2025-1,global
16546072,Unknown,2025-1,global
16546072,Unknown,2025-1,caribbean
16545086,Unknown,2025-1,global
16545072,Unknown,2025-1,global
63114,Unknown,2025-1,mediterranean
161564,Unknown,2025-1,mediterranean
41741,Unknown,2025-1,mediterranean
19897,Unknown,2025-1,global
19899,Unknown,2025-1,global
190070,Unknown,2025-1,global
16719296,Unknown,2025-1,global
16719685,Unknown,2025-1,global
16719726,Unknown,2025-1,global
16719605,Unknown,2025-1,global
16719651,Unknown,2025-1,global
16719371,Unknown,2025-1,global
16719387,Unknown,2025-1,global
16719509,Unknown,2025-1,global
16719359,Unknown,2025-1,global
16719989,Unknown,2025-1,global
16720537,Unknown,2025-1,global
16719994,Unknown,2025-1,global
16720036,Unknown,2025-1,global
16720577,Unknown,2025-1,global
16720118,Unknown,2025-1,global
16720528,Unknown,2025-1,global
16719843,Unknown,2025-1,global
16719839,Unknown,2025-1,global
16720083,Unknown,2025-1,global
16719904,Unknown,2025-1,global
16720568,Unknown,2025-1,global
16720022,Unknown,2025-1,global
16720383,Unknown,2025-1,global
16720328,Unknown,2025-1,global
16720029,Unknown,2025-1,global
16720267,Unknown,2025-1,global
16719890,Unknown,2025-1,global
155115,Unknown,2025-1,global
16720002,Unknown,2025-1,global
16720345,Unknown,2025-1,global
16720014,Unknown,2025-1,global
16721443,Unknown,2025-1,global
16720607,Unknown,2025-1,global
16721842,Unknown,2025-1,global
16749571,Unknown,2025-1,global
16750054,Unknown,2025-1,global
16749725,Unknown,2025-1,global
183787,Unknown,2025-1,global
190143,Unknown,2025-1,global
190175,Unknown,2025-1,global
16750728,Unknown,2025-1,global
16751128,Unknown,2025-1,global
16751128,Unknown,2025-1,caribbean
16759066,Unknown,2025-1,global
16759066,Unknown,2025-1,caribbean
16759093,Unknown,2025-1,global
16759093,Unknown,2025-1,caribbean
16759111,Unknown,2025-1,global
16759111,Unknown,2025-1,caribbean
16759126,Unknown,2025-1,global
16759126,Unknown,2025-1,caribbean
16759139,Unknown,2025-1,global
16759139,Unknown,2025-1,caribbean
16759144,Unknown,2025-1,global
16759144,Unknown,2025-1,caribbean
16759167,Unknown,2025-1,global
16759167,Unknown,2025-1,caribbean
16759176,Unknown,2025-1,global
16759176,Unknown,2025-1,caribbean
16759184,Unknown,2025-1,global
16759184,Unknown,2025-1,caribbean
16759188,Unknown,2025-1,global
16759188,Unknown,2025-1,caribbean
16759221,Unknown,2025-1,global
16759221,Unknown,2025-1,caribbean
16759230,Unknown,2025-1,global
16759230,Unknown,2025-1,caribbean
16759242,Unknown,2025-1,global
16759321,Unknown,2025-1,global
16759340,Unknown,2025-1,global
16759348,Unknown,2025-1,global
16759348,Unknown,2025-1,caribbean
16759353,Unknown,2025-1,global
16759353,Unknown,2025-1,caribbean
16759357,Unknown,2025-1,global
16759367,Unknown,2025-1,global
16759398,Unknown,2025-1,global
16759398,Unknown,2025-1,caribbean
16759463,Unknown,2025-1,global
16759463,Unknown,2025-1,caribbean
16759509,Unknown,2025-1,global
16759509,Unknown,2025-1,caribbean
16759518,Unknown,2025-1,global
16759535,Unknown,2025-1,global
16759549,Unknown,2025-1,global
16759549,Unknown,2025-1,caribbean
16759552,Unknown,2025-1,global
16759552,Unknown,2025-1,caribbean
16759556,Unknown,2025-1,global
16759559,Unknown,2025-1,global
16759567,Unknown,2025-1,global
16759567,Unknown,2025-1,caribbean
16759571,Unknown,2025-1,global
16759571,Unknown,2025-1,caribbean
16759571,Unknown,2025-1,gulf_of mexico
16759591,Unknown,2025-1,global
16759597,Unknown,2025-1,global
16765067,Unknown,2025-1,global
16765076,Unknown,2025-1,global
16765093,Unknown,2025-1,global
16765190,Unknown,2025-1,global
16765697,Unknown,2025-1,global
16765727,Unknown,2025-1,global
16765806,Unknown,2025-1,global
16766162,Unknown,2025-1,global
16766235,Unknown,2025-1,global
16766259,Unknown,2025-1,global
16766319,Unknown,2025-1,global
16777242,Unknown,2025-1,global
16777283,Unknown,2025-1,global
16777340,Unknown,2025-1,global
16777344,Unknown,2025-1,global
16777347,Unknown,2025-1,global
16777353,Unknown,2025-1,global
16777363,Unknown,2025-1,global
16777371,Unknown,2025-1,global
16777804,Unknown,2025-1,global
16777808,Unknown,2025-1,global
16777813,Unknown,2025-1,global
16778030,Unknown,2025-1,global
16778116,Unknown,2025-1,global
16778128,Unknown,2025-1,global
16778406,Unknown,2025-1,global
16778475,Unknown,2025-1,global
16778581,Unknown,2025-1,global
16778644,Unknown,2025-1,global
16778750,Unknown,2025-1,global
16778824,Unknown,2025-1,global
16778856,Unknown,2025-1,global
16779096,Unknown,2025-1,global
16779138,Unknown,2025-1,global
16779209,Unknown,2025-1,global
16779221,Unknown,2025-1,global
16779231,Unknown,2025-1,global
16779236,Unknown,2025-1,global
16779248,Unknown,2025-1,global
16779254,Unknown,2025-1,global
16779258,Unknown,2025-1,global
16779264,Unknown,2025-1,global
16779308,Unknown,2025-1,global
16779383,Unknown,2025-1,global
16779424,Unknown,2025-1,global
16779436,Unknown,2025-1,global
16779444,Unknown,2025-1,global
16779491,Unknown,2025-1,global
16780973,Unknown,2025-1,global
16781035,Unknown,2025-1,global
16781047,Unknown,2025-1,global
16781050,Unknown,2025-1,global
16781072,Unknown,2025-1,global
16781081,Unknown,2025-1,global
16781085,Unknown,2025-1,global
16781101,Unknown,2025-1,global
16781124,Unknown,2025-1,global
16781181,Unknown,2025-1,global
16811574,Unknown,2025-1,global
16811574,Unknown,2025-1,caribbean
184617,Unknown,2025-1,global
154818,Unknown,2025-1,global
190675,Unknown,2025-1,global
190676,Unknown,2025-1,global
190674,Unknown,2025-1,global
190679,Unknown,2025-1,global
190680,Unknown,2025-1,global
190677,Unknown,2025-1,global
190678,Unknown,2025-1,global
190683,Unknown,2025-1,global
190684,Unknown,2025-1,global
190681,Unknown,2025-1,global
190682,Unknown,2025-1,global
190763,Unknown,2025-1,global
190764,Unknown,2025-1,global
190761,Unknown,2025-1,global
190767,Unknown,2025-1,global
190768,Unknown,2025-1,global
190765,Unknown,2025-1,global
190766,Unknown,2025-1,global
190755,Unknown,2025-1,global
190756,Unknown,2025-1,global
190753,Unknown,2025-1,global
190754,Unknown,2025-1,global
190759,Unknown,2025-1,global
190760,Unknown,2025-1,global
190757,Unknown,2025-1,global
190758,Unknown,2025-1,global
190769,Unknown,2025-1,global
190733,Unknown,2025-1,global
190734,Unknown,2025-1,global
190735,Unknown,2025-1,global
190736,Unknown,2025-1,global
190729,Unknown,2025-1,global
190730,Unknown,2025-1,global
190731,Unknown,2025-1,global
190732,Unknown,2025-1,global
190725,Unknown,2025-1,global
190726,Unknown,2025-1,global
190727,Unknown,2025-1,global
190728,Unknown,2025-1,global
190721,Unknown,2025-1,global
190722,Unknown,2025-1,global
190723,Unknown,2025-1,global
190724,Unknown,2025-1,global
190750,Unknown,2025-1,global
190749,Unknown,2025-1,global
190752,Unknown,2025-1,global
190751,Unknown,2025-1,global
190746,Unknown,2025-1,global
190745,Unknown,2025-1,global
190742,Unknown,2025-1,global
190741,Unknown,2025-1,global
190744,Unknown,2025-1,global
190743,Unknown,2025-1,global
190738,Unknown,2025-1,global
190737,Unknown,2025-1,global
190740,Unknown,2025-1,global
190739,Unknown,2025-1,global
190703,Unknown,2025-1,global
190704,Unknown,2025-1,global
190701,Unknown,2025-1,global
190702,Unknown,2025-1,global
190699,Unknown,2025-1,global
190700,Unknown,2025-1,global
190697,Unknown,2025-1,global
190698,Unknown,2025-1,global
190695,Unknown,2025-1,global
190696,Unknown,2025-1,global
190693,Unknown,2025-1,global
190694,Unknown,2025-1,global
190691,Unknown,2025-1,global
190692,Unknown,2025-1,global
190689,Unknown,2025-1,global
190690,Unknown,2025-1,global
190720,Unknown,2025-1,global
190719,Unknown,2025-1,global
190718,Unknown,2025-1,global
190717,Unknown,2025-1,global
190716,Unknown,2025-1,global
190715,Unknown,2025-1,global
190714,Unknown,2025-1,global
190713,Unknown,2025-1,global
190712,Unknown,2025-1,global
190711,Unknown,2025-1,global
190710,Unknown,2025-1,global
190709,Unknown,2025-1,global
190708,Unknown,2025-1,global
190707,Unknown,2025-1,global
190706,Unknown,2025-1,global
190705,Unknown,2025-1,global
190687,Unknown,2025-1,global
190688,Unknown,2025-1,global
190685,Unknown,2025-1,global
190686,Unknown,2025-1,global
183813,Unknown,2025-1,global
154706,Unknown,2025-1,global
154960,Unknown,2025-1,global
155290,Unknown,2025-1,global
154780,Unknown,2025-1,global
155292,Unknown,2025-1,global
154793,Unknown,2025-1,global
155235,Unknown,2025-1,global
194427,Unknown,2025-1,europe
170222,Unknown,2025-1,europe
170162,Unknown,2025-1,europe
198574,Unknown,2025-1,europe
170333,Unknown,2025-1,europe
15521985,Unknown,2025-1,europe
170357,Unknown,2025-1,europe
170326,Unknown,2025-1,europe
202638,Unknown,2025-1,global
61278,Unknown,2025-1,global
202413,Unknown,2025-1,global
202625,Unknown,2025-1,global
20745,Unknown,2025-1,global
202639,Unknown,2025-1,global
202647,Unknown,2025-1,global
202636,Unknown,2025-1,global
184099,Unknown,2025-1,global
201948,Unknown,2025-1,global
202415,Unknown,2025-1,global
202637,Unknown,2025-1,global
18267928,Unknown,2025-1,global
189820,Unknown,2025-1,europe
190211,Unknown,2025-1,europe
155227,Unknown,2025-1,europe
13145780,Unknown,2025-1,global
13145780,Unknown,2025-1,mediterranean
13168143,Unknown,2025-1,global
13168143,Unknown,2025-1,mediterranean
190077,Unknown,2025-1,global
190335,Unknown,2025-1,europe
198556,Unknown,2025-1,europe
198633,Unknown,2025-1,europe
198638,Unknown,2025-1,europe
16407132,Unknown,2025-1,europe
198557,Unknown,2025-1,europe
194993,Unknown,2025-1,europe
194969,Unknown,2025-1,europe
190210,Unknown,2025-1,europe
198586,Unknown,2025-1,europe
198665,Unknown,2025-1,europe
18257696,Unknown,2025-1,europe
198589,Unknown,2025-1,global
198589,Unknown,2025-1,europe
198775,Unknown,2025-1,europe
196057,Unknown,2025-1,europe
194986,Unknown,2025-1,europe
16439757,Unknown,2025-1,europe
198742,Unknown,2025-1,europe
198603,Unknown,2025-1,europe
198604,Unknown,2025-1,europe
198729,Unknown,2025-1,europe
198743,Unknown,2025-1,europe
198721,Unknown,2025-1,europe
198756,Unknown,2025-1,europe
15623273,Unknown,2025-1,europe
190347,Unknown,2025-1,europe
19620762,Unknown,2025-1,global
19743037,Unknown,2025-1,global
19743027,Unknown,2025-1,global
19711507,Unknown,2025-1,global
19743032,Unknown,2025-1,global
19743022,Unknown,2025-1,global
19743016,Unknown,2025-1,global
19743065,Unknown,2025-1,global
19743072,Unknown,2025-1,global
19743050,Unknown,2025-1,global
19743056,Unknown,2025-1,global
19743044,Unknown,2025-1,global
19712646,Unknown,2025-1,global
19718050,Unknown,2025-1,global
19743004,Unknown,2025-1,global
19742996,Unknown,2025-1,global
19712597,Unknown,2025-1,global
19743170,Unknown,2025-1,global
19743094,Unknown,2025-1,global
19712515,Unknown,2025-1,global
19743079,Unknown,2025-1,global
19743123,Unknown,2025-1,global
19716054,Unknown,2025-1,global
19743108,Unknown,2025-1,global
19743115,Unknown,2025-1,global
19718342,Unknown,2025-1,global
19709023,Unknown,2025-1,global
19711761,Unknown,2025-1,global
19708976,Unknown,2025-1,global
19715612,Unknown,2025-1,global
19743767,Unknown,2025-1,global
19708918,Unknown,2025-1,global
19710927,Unknown,2025-1,global
19715689,Unknown,2025-1,global
19711843,Unknown,2025-1,global
19709103,Unknown,2025-1,global
19712826,Unknown,2025-1,global
19709100,Unknown,2025-1,global
19715765,Unknown,2025-1,global
19710863,Unknown,2025-1,global
19711938,Unknown,2025-1,global
19716630,Unknown,2025-1,global
19719775,Unknown,2025-1,global
19717509,Unknown,2025-1,global
19712189,Unknown,2025-1,global
19743545,Unknown,2025-1,global
19720826,Unknown,2025-1,global
19710984,Unknown,2025-1,global
19720909,Unknown,2025-1,global
19708732,Unknown,2025-1,global
19708753,Unknown,2025-1,global
19711070,Unknown,2025-1,global
19708759,Unknown,2025-1,global
19708766,Unknown,2025-1,global
19716454,Unknown,2025-1,global
19708780,Unknown,2025-1,global
19743693,Unknown,2025-1,global
19717382,Unknown,2025-1,global
19723127,Unknown,2025-1,global
19711082,Unknown,2025-1,global
19708770,Unknown,2025-1,global
19715433,Unknown,2025-1,global
19711112,Unknown,2025-1,global
19708816,Unknown,2025-1,global
19719847,Unknown,2025-1,global
19743628,Unknown,2025-1,global
19743631,Unknown,2025-1,global
19743604,Unknown,2025-1,global
19720743,Unknown,2025-1,global
19715512,Unknown,2025-1,global
19725134,Unknown,2025-1,global
19711179,Unknown,2025-1,global
19720016,Unknown,2025-1,global
19718927,Unknown,2025-1,global
19743327,Unknown,2025-1,global
19743295,Unknown,2025-1,global
19711252,Unknown,2025-1,global
19710303,Unknown,2025-1,global
19743237,Unknown,2025-1,global
19743257,Unknown,2025-1,global
19717334,Unknown,2025-1,global
19719913,Unknown,2025-1,global
19711306,Unknown,2025-1,global
19743205,Unknown,2025-1,global
19743226,Unknown,2025-1,global
19711325,Unknown,2025-1,global
19720962,Unknown,2025-1,global
19712304,Unknown,2025-1,global
19743419,Unknown,2025-1,global
19711394,Unknown,2025-1,global
19715267,Unknown,2025-1,global
19717202,Unknown,2025-1,global
19743348,Unknown,2025-1,global
19715239,Unknown,2025-1,global
19720058,Unknown,2025-1,global
19513716,Unknown,2025-1,global
195091,Unknown,2025-1,global
19798,Unknown,2025-1,global
190464,Unknown,2025-1,global
198575,Unknown,2025-1,global
12398,Unknown,2025-1,global
190252,Unknown,2025-1,global
18156550,Unknown,2025-1,global
190230,Unknown,2025-1,global
190177,Unknown,2025-1,global
154770,Unknown,2025-1,global
190091,Unknown,2025-1,global
190454,Unknown,2025-1,global
194997,Unknown,2025-1,global
189818,Unknown,2025-1,global
190406,Unknown,2025-1,global
20662212,Unknown,2025-1,global
20662092,Unknown,2025-1,global
20672320,Unknown,2025-1,global
20666401,Unknown,2025-1,global
20666401,Unknown,2025-1,caribbean
20662062,Unknown,2025-1,global
20665719,Unknown,2025-1,global
198622,Unknown,2025-1,global
190072,Unknown,2025-1,global
20666310,Unknown,2025-1,global
18138837,Unknown,2025-1,global
20664904,Unknown,2025-1,global
20665797,Unknown,2025-1,global
20665797,Unknown,2025-1,caribbean
20672304,Unknown,2025-1,global
20672323,Unknown,2025-1,global
20672326,Unknown,2025-1,global
198675,Unknown,2025-1,global
20663855,Unknown,2025-1,global
20663917,Unknown,2025-1,global
20664908,Unknown,2025-1,global
20665551,Unknown,2025-1,global
190148,Unknown,2025-1,global
20665673,Unknown,2025-1,global
20665360,Unknown,2025-1,global
20662958,Unknown,2025-1,global
20664078,Unknown,2025-1,global
198579,Unknown,2025-1,global
190259,Unknown,2025-1,global
20665743,Unknown,2025-1,global
20675299,Unknown,2025-1,global
20675303,Unknown,2025-1,global
20675306,Unknown,2025-1,global
20675356,Unknown,2025-1,global
20675360,Unknown,2025-1,global
20664969,Unknown,2025-1,global
20675363,Unknown,2025-1,global
20675416,Unknown,2025-1,global
20675431,Unknown,2025-1,global
20661897,Unknown,2025-1,global
20664143,Unknown,2025-1,global
20665821,Unknown,2025-1,global
20665832,Unknown,2025-1,global
20665832,Unknown,2025-1,caribbean
20665873,Unknown,2025-1,global
20665873,Unknown,2025-1,caribbean
190408,Unknown,2025-1,global
190408,Unknown,2025-1,caribbean
20665034,Unknown,2025-1,global
20665060,Unknown,2025-1,global
190200,Unknown,2025-1,global
20664320,Unknown,2025-1,global
20664578,Unknown,2025-1,global
20664652,Unknown,2025-1,global
20664658,Unknown,2025-1,global
190352,Unknown,2025-1,global
20672329,Unknown,2025-1,global
20672331,Unknown,2025-1,global
20672336,Unknown,2025-1,global
20672341,Unknown,2025-1,global
20662018,Unknown,2025-1,global
20665149,Unknown,2025-1,global
20662028,Unknown,2025-1,global
20665159,Unknown,2025-1,global
20672313,Unknown,2025-1,global
190209,Unknown,2025-1,global
20672310,Unknown,2025-1,global
20672307,Unknown,2025-1,global
20665243,Unknown,2025-1,global
18384,Unknown,2025-1,global
20885884,Unknown,2025-1,global
20885921,Unknown,2025-1,global
20885924,Unknown,2025-1,global
20885933,Unknown,2025-1,global
21101200,Unknown,2025-1,global
18140829,Unknown,2025-1,global
18155920,Unknown,2025-1,global
21101322,Unknown,2025-1,global
18155933,Unknown,2025-1,global
16869,Unknown,2025-1,global
13273,Unknown,2025-1,global
13273,Unknown,2025-1,europe
15968,Unknown,2025-1,global
18155939,Unknown,2025-1,global
21103888,Unknown,2025-1,global
21104612,Unknown,2025-1,global
18155943,Unknown,2025-1,global
198708,Unknown,2025-1,europe
21104620,Unknown,2025-1,global
198710,Unknown,2025-1,europe
18155946,Unknown,2025-1,global
21108245,Unknown,2025-1,global
21110389,Unknown,2025-1,global
21110501,Unknown,2025-1,global
198606,Unknown,2025-1,global
21110616,Unknown,2025-1,global
21110692,Unknown,2025-1,global
198776,Unknown,2025-1,global
21110723,Unknown,2025-1,global
21110190,Unknown,2025-1,global
190217,Unknown,2025-1,global
21132889,Unknown,2025-1,global
21132898,Unknown,2025-1,global
21132901,Unknown,2025-1,global
21132906,Unknown,2025-1,global
18256447,Unknown,2025-1,global
21132910,Unknown,2025-1,global
190229,Unknown,2025-1,global
190360,Unknown,2025-1,global
21132914,Unknown,2025-1,global
21132917,Unknown,2025-1,global
190361,Unknown,2025-1,global
190435,Unknown,2025-1,global
21132922,Unknown,2025-1,global
21132928,Unknown,2025-1,global
18256458,Unknown,2025-1,global
21132931,Unknown,2025-1,global
21132935,Unknown,2025-1,global
198761,Unknown,2025-1,global
21132953,Unknown,2025-1,global
18256490,Unknown,2025-1,global
198762,Unknown,2025-1,global
21132963,Unknown,2025-1,global
190359,Unknown,2025-1,global
190203,Unknown,2025-1,global
21132976,Unknown,2025-1,global
21132979,Unknown,2025-1,global
190324,Unknown,2025-1,global
190291,Unknown,2025-1,global
18256560,Unknown,2025-1,global
190108,Unknown,2025-1,global
190371,Unknown,2025-1,global
21132983,Unknown,2025-1,global
21132986,Unknown,2025-1,global
18256883,Unknown,2025-1,global
21132989,Unknown,2025-1,global
21132997,Unknown,2025-1,global
21133000,Unknown,2025-1,global
21133003,Unknown,2025-1,global
190434,Unknown,2025-1,global
18256943,Unknown,2025-1,global
21133006,Unknown,2025-1,global
21133010,Unknown,2025-1,global
21133013,Unknown,2025-1,global
18256992,Unknown,2025-1,global
21133018,Unknown,2025-1,global
21133028,Unknown,2025-1,global
21133032,Unknown,2025-1,global
18257198,Unknown,2025-1,global
18257269,Unknown,2025-1,global
21133035,Unknown,2025-1,global
21133039,Unknown,2025-1,global
190149,Unknown,2025-1,global
18257303,Unknown,2025-1,global
190103,Unknown,2025-1,global
18257306,Unknown,2025-1,global
21133042,Unknown,2025-1,global
21133045,Unknown,2025-1,global
21133050,Unknown,2025-1,global
18257331,Unknown,2025-1,global
21133058,Unknown,2025-1,global
21133064,Unknown,2025-1,global
21133067,Unknown,2025-1,global
21133076,Unknown,2025-1,global
18257417,Unknown,2025-1,global
21133091,Unknown,2025-1,global
21133099,Unknown,2025-1,global
190370,Unknown,2025-1,global
21133108,Unknown,2025-1,global
21133116,Unknown,2025-1,global
190302,Unknown,2025-1,global
18257501,Unknown,2025-1,global
21133121,Unknown,2025-1,global
198563,Unknown,2025-1,global
18257533,Unknown,2025-1,global
21133131,Unknown,2025-1,global
18257655,Unknown,2025-1,global
21133167,Unknown,2025-1,global
21112742,Unknown,2025-1,global
190073,Unknown,2025-1,global
18123960,Unknown,2025-1,global
21112785,Unknown,2025-1,global
21110276,Unknown,2025-1,global
198578,Unknown,2025-1,global
18127809,Unknown,2025-1,global
198633,Unknown,2025-1,global
198634,Unknown,2025-1,global
198557,Unknown,2025-1,global
21112867,Unknown,2025-1,global
18127741,Unknown,2025-1,global
21112879,Unknown,2025-1,global
190064,Unknown,2025-1,global
190067,Unknown,2025-1,global
190137,Unknown,2025-1,global
21110056,Unknown,2025-1,global
21112967,Unknown,2025-1,global
21112990,Unknown,2025-1,global
21112836,Unknown,2025-1,global
21777393,Unknown,2025-1,global
18127836,Unknown,2025-1,global
21112889,Unknown,2025-1,global
21112898,Unknown,2025-1,global
198609,Unknown,2025-1,global
198610,Unknown,2025-1,global
18127840,Unknown,2025-1,global
21112977,Unknown,2025-1,global
21112632,Unknown,2025-1,global
21112669,Unknown,2025-1,global
198638,Unknown,2025-1,global
198608,Unknown,2025-1,global
190346,Unknown,2025-1,global
183156,Unknown,2025-1,global
2621,Unknown,2025-1,global
186078,Unknown,2025-1,global
182363,Unknown,2025-1,global
182363,Unknown,2025-1,pan-africa
21129297,Unknown,2025-1,global
21129628,Unknown,2025-1,global
21128493,Unknown,2025-1,global
21114995,Unknown,2025-1,global
21130020,Unknown,2025-1,global
21130060,Unknown,2025-1,global
198671,Unknown,2025-1,global
21130109,Unknown,2025-1,europe
21130112,Unknown,2025-1,global
181797,Unknown,2025-1,global
181797,Unknown,2025-1,pan-africa
21115107,Unknown,2025-1,global
21128487,Unknown,2025-1,global
21128498,Unknown,2025-1,global
21129279,Unknown,2025-1,global
21131962,Unknown,2025-1,global
21130133,Unknown,2025-1,global
182933,Unknown,2025-1,global
182933,Unknown,2025-1,pan-africa
21130147,Unknown,2025-1,global
21130156,Unknown,2025-1,global
21130171,Unknown,2025-1,global
21130177,Unknown,2025-1,global
190285,Unknown,2025-1,global
198665,Unknown,2025-1,global
21130837,Unknown,2025-1,global
18160428,Unknown,2025-1,global
186069,Unknown,2025-1,global
21132133,Unknown,2025-1,global
21132139,Unknown,2025-1,global
21130857,Unknown,2025-1,global
183170,Unknown,2025-1,global
182285,Unknown,2025-1,global
182285,Unknown,2025-1,pan-africa
21132848,Unknown,2025-1,global
190087,Unknown,2025-1,global
18252941,Unknown,2025-1,global
183175,Unknown,2025-1,global
21130871,Unknown,2025-1,global
21130938,Unknown,2025-1,global
21130959,Unknown,2025-1,global
21130979,Unknown,2025-1,europe
198758,Unknown,2025-1,global
18252952,Unknown,2025-1,global
198759,Unknown,2025-1,global
181933,Unknown,2025-1,global
181933,Unknown,2025-1,pan-africa
18253276,Unknown,2025-1,global
190118,Unknown,2025-1,global
18253282,Unknown,2025-1,global
18253287,Unknown,2025-1,global
21132859,Unknown,2025-1,global
198760,Unknown,2025-1,global
21132882,Unknown,2025-1,global
190313,Unknown,2025-1,global
21132879,Unknown,2025-1,global
18253296,Unknown,2025-1,global
190145,Unknown,2025-1,global
18253303,Unknown,2025-1,global
196814,Unknown,2025-1,global
196815,Unknown,2025-1,global
21132808,Unknown,2025-1,global
21132815,Unknown,2025-1,global
21132819,Unknown,2025-1,global
21132822,Unknown,2025-1,global
190239,Unknown,2025-1,global
198571,Unknown,2025-1,global
21113874,Unknown,2025-1,global
190310,Unknown,2025-1,global
21113900,Unknown,2025-1,global
21113907,Unknown,2025-1,global
154924,Unknown,2025-1,global
21113133,Unknown,2025-1,global
21113146,Unknown,2025-1,global
21113904,Unknown,2025-1,global
18127641,Unknown,2025-1,global
18257696,Unknown,2025-1,global
14830,Unknown,2025-1,global
14164,Unknown,2025-1,global
21133190,Unknown,2025-1,global
18155952,Unknown,2025-1,global
190147,Unknown,2025-1,global
22493215,Unknown,2025-1,global
22493220,Unknown,2025-1,global
199662,Unknown,2025-1,global
199663,Unknown,2025-1,global
199664,Unknown,2025-1,global
199665,Unknown,2025-1,global
199666,Unknown,2025-1,global
199667,Unknown,2025-1,global
199668,Unknown,2025-1,global
22493228,Unknown,2025-1,global
199669,Unknown,2025-1,global
22493233,Unknown,2025-1,global
199670,Unknown,2025-1,global
19128012,Unknown,2025-1,global
19082979,Unknown,2025-1,global
19379230,Unknown,2025-1,global
170284,Unknown,2025-1,europe
170280,Unknown,2025-1,europe
170283,Unknown,2025-1,europe
194428,Unknown,2025-1,europe
194433,Unknown,2025-1,europe
155182,Unknown,2025-1,europe
170186,Unknown,2025-1,europe
170232,Unknown,2025-1,europe
170166,Unknown,2025-1,europe
170262,Unknown,2025-1,europe
170261,Unknown,2025-1,europe
170197,Unknown,2025-1,europe
170229,Unknown,2025-1,europe
170224,Unknown,2025-1,europe
170220,Unknown,2025-1,europe
170159,Unknown,2025-1,europe
15873,Unknown,2025-1,europe
170258,Unknown,2025-1,europe
18124015,Unknown,2025-1,global
21132444,Unknown,2025-1,global
18179793,Unknown,2025-1,global
21132672,Unknown,2025-1,global
21132290,Unknown,2025-1,global
21132305,Unknown,2025-1,global
190176,Unknown,2025-1,global
132742,Unknown,2025-1,global
190384,Unknown,2025-1,global
18252616,Unknown,2025-1,global
21132825,Unknown,2025-1,global
18227119,Unknown,2025-1,global
21132319,Unknown,2025-1,global
190471,Unknown,2025-1,global
18252718,Unknown,2025-1,global
198721,Unknown,2025-1,global
21132679,Unknown,2025-1,global
190223,Unknown,2025-1,global
18252849,Unknown,2025-1,global
21132559,Unknown,2025-1,global
21132730,Unknown,2025-1,global
21132733,Unknown,2025-1,global
198673,Unknown,2025-1,global
198674,Unknown,2025-1,global
14054,Unknown,2025-1,global
18180983,Unknown,2025-1,global
18180998,Unknown,2025-1,global
21132724,Unknown,2025-1,global
21132575,Unknown,2025-1,global
18227123,Unknown,2025-1,global
21132774,Unknown,2025-1,global
21132618,Unknown,2025-1,global
21132654,Unknown,2025-1,global
198712,Unknown,2025-1,global
21132622,Unknown,2025-1,global
18252853,Unknown,2025-1,global
190296,Unknown,2025-1,global
198718,Unknown,2025-1,global
21132659,Unknown,2025-1,global
21132662,Unknown,2025-1,global
198719,Unknown,2025-1,global
21132665,Unknown,2025-1,global
21132668,Unknown,2025-1,global
198720,Unknown,2025-1,global
21132839,Unknown,2025-1,global
21132707,Unknown,2025-1,global
21132710,Unknown,2025-1,global
198722,Unknown,2025-1,global
197323,Unknown,2025-1,global
170155,Unknown,2025-1,global
21115046,Unknown,2025-1,global
190089,Unknown,2025-1,global
15307973,Unknown,2025-1,global
15307969,Unknown,2025-1,global
15307975,Unknown,2025-1,global
42830689,Unknown,2025-1,global
198635,Unknown,2025-1,global
42830251,Unknown,2025-1,global
18127783,Unknown,2025-1,global
42830260,Unknown,2025-1,global
42830213,Unknown,2025-1,global
42830223,Unknown,2025-1,global
42830236,Unknown,2025-1,global
42830291,Unknown,2025-1,global
42830239,Unknown,2025-1,global
42830277,Unknown,2025-1,global
18128090,Unknown,2025-1,global
18128749,Unknown,2025-1,global
42830286,Unknown,2025-1,global
18158445,Unknown,2025-1,global
18158359,Unknown,2025-1,global
21113090,Unknown,2025-1,global
21113095,Unknown,2025-1,global
198644,Unknown,2025-1,global
21113098,Unknown,2025-1,global
21113101,Unknown,2025-1,global
198642,Unknown,2025-1,global
41866,Unknown,2025-1,global
22103,Unknown,2025-1,global
166575,Unknown,2025-1,global
195291,Unknown,2025-1,global
44600532,Unknown,2025-1,global
44600536,Unknown,2025-1,global
44600576,Unknown,2025-1,global
44600604,Unknown,2025-1,global
44600678,Unknown,2025-1,global
44600742,Unknown,2025-1,global
44600834,Unknown,2025-1,global
18227194,Unknown,2025-1,europe
154820,Unknown,2025-1,europe
15147725,Unknown,2025-1,europe
15147740,Unknown,2025-1,europe
18139074,Unknown,2025-1,europe
190098,Unknown,2025-1,europe
15147860,Unknown,2025-1,europe
190282,Unknown,2025-1,europe
15147977,Unknown,2025-1,europe
15148522,Unknown,2025-1,europe
18139087,Unknown,2025-1,europe
18139615,Unknown,2025-1,europe
15148566,Unknown,2025-1,europe
15148964,Unknown,2025-1,europe
18140253,Unknown,2025-1,europe
190298,Unknown,2025-1,europe
15149028,Unknown,2025-1,europe
15149121,Unknown,2025-1,europe
190264,Unknown,2025-1,europe
15149335,Unknown,2025-1,europe
18155957,Unknown,2025-1,europe
18155960,Unknown,2025-1,global
18155960,Unknown,2025-1,europe
198630,Unknown,2025-1,europe
18155963,Unknown,2025-1,global
18155963,Unknown,2025-1,europe
18155977,Unknown,2025-1,europe
18155982,Unknown,2025-1,global
18155982,Unknown,2025-1,europe
18155993,Unknown,2025-1,europe
18263655,Unknown,2025-1,europe
18123960,Unknown,2025-1,europe
18123632,Unknown,2025-1,europe
190183,Unknown,2025-1,europe
18138798,Unknown,2025-1,global
18138798,Unknown,2025-1,europe
18138803,Unknown,2025-1,europe
13462250,Unknown,2025-1,europe
194990,Unknown,2025-1,europe
198549,Unknown,2025-1,europe
194991,Unknown,2025-1,europe
18140358,Unknown,2025-1,europe
18140736,Unknown,2025-1,europe
190485,Unknown,2025-1,europe
13462491,Unknown,2025-1,europe
195001,Unknown,2025-1,europe
154753,Unknown,2025-1,europe
18214503,Unknown,2025-1,global
18214503,Unknown,2025-1,europe
154687,Unknown,2025-1,europe
198724,Unknown,2025-1,europe
155225,Unknown,2025-1,europe
198725,Unknown,2025-1,europe
195091,Unknown,2025-1,europe
190330,Unknown,2025-1,europe
18156550,Unknown,2025-1,europe
190394,Unknown,2025-1,europe
154997,Unknown,2025-1,europe
198622,Unknown,2025-1,europe
198623,Unknown,2025-1,europe
18138812,Unknown,2025-1,global
18138812,Unknown,2025-1,europe
154798,Unknown,2025-1,europe
198772,Unknown,2025-1,europe
198640,Unknown,2025-1,europe
198641,Unknown,2025-1,europe
198642,Unknown,2025-1,europe
190452,Unknown,2025-1,europe
190070,Unknown,2025-1,europe
18158331,Unknown,2025-1,europe
198643,Unknown,2025-1,europe
198645,Unknown,2025-1,europe
198646,Unknown,2025-1,europe
18158445,Unknown,2025-1,europe
198571,Unknown,2025-1,europe
155081,Unknown,2025-1,europe
198648,Unknown,2025-1,europe
190446,Unknown,2025-1,europe
198649,Unknown,2025-1,europe
154631,Unknown,2025-1,global
1615,Unknown,2025-1,global
21133184,Unknown,2025-1,global
132796,Unknown,2025-1,europe
132762,Unknown,2025-1,europe
132828,Unknown,2025-1,europe
14054,Unknown,2025-1,europe
186106,Unknown,2025-1,europe
187803,Unknown,2025-1,global
187803,Unknown,2025-1,europe
187398,Unknown,2025-1,europe
187522,Unknown,2025-1,europe
190116,Unknown,2025-1,europe
198765,Unknown,2025-1,global
20431538,Unknown,2025-1,global
18127741,Unknown,2025-1,europe
190067,Unknown,2025-1,europe
190064,Unknown,2025-1,europe
18127783,Unknown,2025-1,europe
194967,Unknown,2025-1,europe
198726,Unknown,2025-1,europe
198580,Unknown,2025-1,europe
198581,Unknown,2025-1,europe
198582,Unknown,2025-1,europe
194968,Unknown,2025-1,europe
198583,Unknown,2025-1,europe
194970,Unknown,2025-1,europe
18227468,Unknown,2025-1,europe
18228245,Unknown,2025-1,europe
18237044,Unknown,2025-1,europe
18237151,Unknown,2025-1,global
18237151,Unknown,2025-1,europe
198741,Unknown,2025-1,global
198741,Unknown,2025-1,europe
18237248,Unknown,2025-1,europe
18237257,Unknown,2025-1,europe
18237363,Unknown,2025-1,europe
18237406,Unknown,2025-1,europe
18237427,Unknown,2025-1,europe
18227109,Unknown,2025-1,europe
198727,Unknown,2025-1,europe
198728,Unknown,2025-1,europe
185182,Unknown,2025-1,europe
155093,Unknown,2025-1,europe
199401,Unknown,2025-1,europe
18127809,Unknown,2025-1,europe
193752,Unknown,2025-1,europe
193668,Unknown,2025-1,europe
18124015,Unknown,2025-1,europe
198555,Unknown,2025-1,europe
198652,Unknown,2025-1,europe
194995,Unknown,2025-1,europe
198576,Unknown,2025-1,europe
155104,Unknown,2025-1,europe
190163,Unknown,2025-1,europe
198566,Unknown,2025-1,europe
183776,Unknown,2025-1,europe
190292,Unknown,2025-1,europe
15522140,Unknown,2025-1,europe
198650,Unknown,2025-1,europe
18125034,Unknown,2025-1,europe
198584,Unknown,2025-1,europe
18126034,Unknown,2025-1,global
18126034,Unknown,2025-1,europe
18258863,Unknown,2025-1,europe
13045,Unknown,2025-1,europe
198585,Unknown,2025-1,global
198585,Unknown,2025-1,europe
18125103,Unknown,2025-1,global
18125103,Unknown,2025-1,europe
190304,Unknown,2025-1,europe
18125145,Unknown,2025-1,global
18125145,Unknown,2025-1,europe
198587,Unknown,2025-1,europe
49937576,Unknown,2025-1,europe
190287,Unknown,2025-1,europe
18158583,Unknown,2025-1,europe
16509297,Unknown,2025-1,europe
190432,Unknown,2025-1,europe
18258584,Unknown,2025-1,global
18258584,Unknown,2025-1,europe
198771,Unknown,2025-1,europe
198656,Unknown,2025-1,europe
198666,Unknown,2025-1,europe
190176,Unknown,2025-1,europe
190471,Unknown,2025-1,europe
18252718,Unknown,2025-1,europe
18252849,Unknown,2025-1,europe
18252853,Unknown,2025-1,europe
195838,Unknown,2025-1,europe
195840,Unknown,2025-1,europe
195843,Unknown,2025-1,europe
195844,Unknown,2025-1,europe
18127828,Unknown,2025-1,global
18127828,Unknown,2025-1,europe
18127836,Unknown,2025-1,europe
16447855,Unknown,2025-1,europe
13462751,Unknown,2025-1,europe
194992,Unknown,2025-1,europe
190243,Unknown,2025-1,europe
198561,Unknown,2025-1,europe
195038,Unknown,2025-1,europe
15601934,Unknown,2025-1,europe
18237502,Unknown,2025-1,global
18237502,Unknown,2025-1,europe
18237516,Unknown,2025-1,global
18237516,Unknown,2025-1,europe
154644,Unknown,2025-1,global
154644,Unknown,2025-1,europe
18237707,Unknown,2025-1,global
18237707,Unknown,2025-1,europe
18237712,Unknown,2025-1,global
18237712,Unknown,2025-1,europe
18237734,Unknown,2025-1,europe
18237739,Unknown,2025-1,global
18237739,Unknown,2025-1,europe
18237772,Unknown,2025-1,global
18237772,Unknown,2025-1,europe
18237775,Unknown,2025-1,global
18237775,Unknown,2025-1,europe
18237787,Unknown,2025-1,europe
198609,Unknown,2025-1,europe
198610,Unknown,2025-1,europe
190207,Unknown,2025-1,europe
18125264,Unknown,2025-1,europe
18125362,Unknown,2025-1,global
18125362,Unknown,2025-1,europe
18125379,Unknown,2025-1,global
18125379,Unknown,2025-1,europe
15522054,Unknown,2025-1,europe
18125515,Unknown,2025-1,europe
198588,Unknown,2025-1,europe
154880,Unknown,2025-1,global
154880,Unknown,2025-1,europe
198548,Unknown,2025-1,europe
198591,Unknown,2025-1,europe
198592,Unknown,2025-1,global
198592,Unknown,2025-1,europe
198593,Unknown,2025-1,europe
15522069,Unknown,2025-1,europe
15522095,Unknown,2025-1,europe
18125776,Unknown,2025-1,europe
190122,Unknown,2025-1,europe
18125822,Unknown,2025-1,europe
198594,Unknown,2025-1,europe
198595,Unknown,2025-1,europe
18125838,Unknown,2025-1,global
18125838,Unknown,2025-1,europe
15522159,Unknown,2025-1,europe
198596,Unknown,2025-1,europe
190093,Unknown,2025-1,europe
198597,Unknown,2025-1,europe
198598,Unknown,2025-1,europe
18126112,Unknown,2025-1,europe
18126198,Unknown,2025-1,europe
198599,Unknown,2025-1,europe
190239,Unknown,2025-1,europe
18238049,Unknown,2025-1,europe
18127840,Unknown,2025-1,europe
15522213,Unknown,2025-1,europe
18126294,Unknown,2025-1,europe
198628,Unknown,2025-1,europe
18140801,Unknown,2025-1,europe
198629,Unknown,2025-1,europe
18124697,Unknown,2025-1,europe
193615,Unknown,2025-1,europe
16404943,Unknown,2025-1,europe
190125,Unknown,2025-1,europe
190385,Unknown,2025-1,europe
198600,Unknown,2025-1,europe
198567,Unknown,2025-1,europe
18126404,Unknown,2025-1,europe
154838,Unknown,2025-1,europe
198601,Unknown,2025-1,global
198601,Unknown,2025-1,europe
198602,Unknown,2025-1,europe
198559,Unknown,2025-1,europe
198674,Unknown,2025-1,europe
194971,Unknown,2025-1,europe
195672,Unknown,2025-1,europe
195688,Unknown,2025-1,europe
194973,Unknown,2025-1,europe
15598621,Unknown,2025-1,europe
198616,Unknown,2025-1,europe
190100,Unknown,2025-1,europe
198617,Unknown,2025-1,europe
15599070,Unknown,2025-1,europe
18128938,Unknown,2025-1,europe
198619,Unknown,2025-1,europe
190232,Unknown,2025-1,europe
196060,Unknown,2025-1,europe
196061,Unknown,2025-1,europe
190350,Unknown,2025-1,europe
190214,Unknown,2025-1,europe
18129312,Unknown,2025-1,europe
194976,Unknown,2025-1,europe
190431,Unknown,2025-1,europe
194979,Unknown,2025-1,europe
199373,Unknown,2025-1,europe
198675,Unknown,2025-1,europe
198676,Unknown,2025-1,europe
195852,Unknown,2025-1,europe
190403,Unknown,2025-1,europe
195856,Unknown,2025-1,europe
13485141,Unknown,2025-1,europe
13485167,Unknown,2025-1,europe
190389,Unknown,2025-1,europe
13485312,Unknown,2025-1,europe
154916,Unknown,2025-1,europe
18128090,Unknown,2025-1,europe
18128749,Unknown,2025-1,europe
194980,Unknown,2025-1,europe
194981,Unknown,2025-1,europe
194982,Unknown,2025-1,europe
194984,Unknown,2025-1,europe
199396,Unknown,2025-1,global
199396,Unknown,2025-1,europe
199146,Unknown,2025-1,europe
18138825,Unknown,2025-1,europe
154929,Unknown,2025-1,europe
18138837,Unknown,2025-1,europe
190319,Unknown,2025-1,europe
18138869,Unknown,2025-1,europe
198625,Unknown,2025-1,europe
6204,Unknown,2025-1,global
8010,Unknown,2025-1,global
10340,Unknown,2025-1,global
11696,Unknown,2025-1,global
12246,Unknown,2025-1,global
15106,Unknown,2025-1,global
15269,Unknown,2025-1,global
17013,Unknown,2025-1,global
17023,Unknown,2025-1,global
41670,Unknown,2025-1,global
41672,Unknown,2025-1,global
18214783,Unknown,2025-1,europe
135574,Unknown,2025-1,europe
18227054,Unknown,2025-1,europe
198732,Unknown,2025-1,europe
18238431,Unknown,2025-1,europe
198733,Unknown,2025-1,europe
16425354,Unknown,2025-1,europe
16440027,Unknown,2025-1,europe
18158359,Unknown,2025-1,europe
190310,Unknown,2025-1,europe
18252702,Unknown,2025-1,europe
18237694,Unknown,2025-1,europe
198562,Unknown,2025-1,europe
18139045,Unknown,2025-1,europe
18140823,Unknown,2025-1,europe
18140829,Unknown,2025-1,europe
18155920,Unknown,2025-1,europe
18257722,Unknown,2025-1,europe
194997,Unknown,2025-1,europe
189818,Unknown,2025-1,europe
194998,Unknown,2025-1,europe
13485635,Unknown,2025-1,europe
194999,Unknown,2025-1,europe
190101,Unknown,2025-1,europe
190285,Unknown,2025-1,europe
190258,Unknown,2025-1,europe
198759,Unknown,2025-1,europe
18155933,Unknown,2025-1,europe
18155939,Unknown,2025-1,europe
18155943,Unknown,2025-1,europe
18155946,Unknown,2025-1,europe
18155949,Unknown,2025-1,europe
190217,Unknown,2025-1,europe
18155952,Unknown,2025-1,europe
190147,Unknown,2025-1,europe
188419,Unknown,2025-1,europe
198558,Unknown,2025-1,europe
18237796,Unknown,2025-1,global
18237796,Unknown,2025-1,europe
18237799,Unknown,2025-1,europe
190065,Unknown,2025-1,europe
190378,Unknown,2025-1,europe
18227123,Unknown,2025-1,europe
198560,Unknown,2025-1,europe
198744,Unknown,2025-1,europe
198745,Unknown,2025-1,europe
198747,Unknown,2025-1,europe
198749,Unknown,2025-1,global
198749,Unknown,2025-1,europe
195093,Unknown,2025-1,europe
18237897,Unknown,2025-1,europe
189828,Unknown,2025-1,europe
198711,Unknown,2025-1,europe
155318,Unknown,2025-1,europe
198551,Unknown,2025-1,europe
198712,Unknown,2025-1,europe
190315,Unknown,2025-1,europe
198547,Unknown,2025-1,europe
155044,Unknown,2025-1,europe
155215,Unknown,2025-1,europe
15622649,Unknown,2025-1,europe
198735,Unknown,2025-1,europe
198736,Unknown,2025-1,europe
198737,Unknown,2025-1,global
198737,Unknown,2025-1,europe
198738,Unknown,2025-1,europe
198553,Unknown,2025-1,europe
15622678,Unknown,2025-1,europe
15622684,Unknown,2025-1,europe
198740,Unknown,2025-1,europe
42874318,Unknown,2025-1,global
42874318,Unknown,2025-1,europe
42874318,Unknown,2025-1,mediterranean
198565,Unknown,2025-1,europe
18253282,Unknown,2025-1,europe
154998,Unknown,2025-1,europe
18253287,Unknown,2025-1,europe
18253296,Unknown,2025-1,europe
190145,Unknown,2025-1,europe
18253303,Unknown,2025-1,europe
18178606,Unknown,2025-1,europe
18178611,Unknown,2025-1,europe
18179374,Unknown,2025-1,europe
190479,Unknown,2025-1,europe
18256447,Unknown,2025-1,europe
190229,Unknown,2025-1,europe
190361,Unknown,2025-1,europe
18256458,Unknown,2025-1,europe
198761,Unknown,2025-1,europe
18256490,Unknown,2025-1,europe
18256504,Unknown,2025-1,global
18256504,Unknown,2025-1,europe
198762,Unknown,2025-1,europe
190203,Unknown,2025-1,europe
190291,Unknown,2025-1,europe
18256560,Unknown,2025-1,europe
18256726,Unknown,2025-1,europe
18256883,Unknown,2025-1,europe
18256943,Unknown,2025-1,europe
18256992,Unknown,2025-1,europe
18257189,Unknown,2025-1,europe
18257198,Unknown,2025-1,europe
18257269,Unknown,2025-1,europe
18257303,Unknown,2025-1,europe
18257306,Unknown,2025-1,europe
18257309,Unknown,2025-1,europe
18257331,Unknown,2025-1,europe
18257417,Unknown,2025-1,europe
190302,Unknown,2025-1,europe
18257501,Unknown,2025-1,europe
18257533,Unknown,2025-1,europe
18257655,Unknown,2025-1,europe
18257684,Unknown,2025-1,europe
198715,Unknown,2025-1,europe
194989,Unknown,2025-1,europe
199249,Unknown,2025-1,europe
199242,Unknown,2025-1,europe
199057,Unknown,2025-1,europe
199068,Unknown,2025-1,europe
155190,Unknown,2025-1,europe
155213,Unknown,2025-1,europe
198716,Unknown,2025-1,europe
193758,Unknown,2025-1,europe
190464,Unknown,2025-1,europe
193771,Unknown,2025-1,europe
155168,Unknown,2025-1,europe
198717,Unknown,2025-1,europe
198718,Unknown,2025-1,europe
198720,Unknown,2025-1,europe
18127641,Unknown,2025-1,europe
198608,Unknown,2025-1,europe
18179793,Unknown,2025-1,europe
18179796,Unknown,2025-1,europe
190090,Unknown,2025-1,europe
198752,Unknown,2025-1,europe
198753,Unknown,2025-1,europe
198754,Unknown,2025-1,europe
198755,Unknown,2025-1,europe
198722,Unknown,2025-1,europe
198769,Unknown,2025-1,europe
18179805,Unknown,2025-1,europe
18179810,Unknown,2025-1,europe
18179815,Unknown,2025-1,europe
18179820,Unknown,2025-1,europe
18179823,Unknown,2025-1,europe
18179826,Unknown,2025-1,europe
18179829,Unknown,2025-1,europe
18179837,Unknown,2025-1,europe
18179841,Unknown,2025-1,europe
18179844,Unknown,2025-1,europe
18179848,Unknown,2025-1,europe
18179852,Unknown,2025-1,europe
18179861,Unknown,2025-1,europe
18180935,Unknown,2025-1,europe
198723,Unknown,2025-1,europe
18180983,Unknown,2025-1,europe
18180998,Unknown,2025-1,europe
18181090,Unknown,2025-1,europe
170234,Unknown,2025-1,persian_gulf
154817,Unknown,2025-1,global
155156,Unknown,2025-1,global
178895,Unknown,2025-1,global
180982,Unknown,2025-1,global
183221,Unknown,2025-1,global
183258,Unknown,2025-1,global
183360,Unknown,2025-1,global
183482,Unknown,2025-1,global
183572,Unknown,2025-1,global
183794,Unknown,2025-1,global
183853,Unknown,2025-1,global
183873,Unknown,2025-1,global
183943,Unknown,2025-1,global
184004,Unknown,2025-1,global
199651,Unknown,2025-1,global
18258153,Unknown,2025-1,global
18258153,Unknown,2025-1,europe
198766,Unknown,2025-1,global
198766,Unknown,2025-1,europe
18258256,Unknown,2025-1,global
18258256,Unknown,2025-1,europe
198767,Unknown,2025-1,global
198767,Unknown,2025-1,europe
132735,Unknown,2025-1,global
132772,Unknown,2025-1,global
132774,Unknown,2025-1,global
132787,Unknown,2025-1,global
132793,Unknown,2025-1,global
132814,Unknown,2025-1,global
132824,Unknown,2025-1,global
154615,Unknown,2025-1,global
154709,Unknown,2025-1,global
154774,Unknown,2025-1,global
154959,Unknown,2025-1,global
154999,Unknown,2025-1,global
155116,Unknown,2025-1,global
155124,Unknown,2025-1,global
155162,Unknown,2025-1,global
166868,Unknown,2025-1,global
166892,Unknown,2025-1,global
166897,Unknown,2025-1,global
166925,Unknown,2025-1,global
166990,Unknown,2025-1,global
170312,Unknown,2025-1,global
170313,Unknown,2025-1,global
170336,Unknown,2025-1,global
172469,Unknown,2025-1,global
196345,Unknown,2025-1,global
197047,Unknown,2025-1,global
18123573,Unknown,2025-1,global
18124738,Unknown,2025-1,global
18161519,Unknown,2025-1,global
18178601,Unknown,2025-1,global
18214519,Unknown,2025-1,global
18257687,Unknown,2025-1,global
20249446,Unknown,2025-1,global
20250177,Unknown,2025-1,global
20256270,Unknown,2025-1,global
20256645,Unknown,2025-1,global
20257156,Unknown,2025-1,global
20429981,Unknown,2025-1,global
20437461,Unknown,2025-1,global
46073947,Unknown,2025-1,global
46074027,Unknown,2025-1,global
46074055,Unknown,2025-1,global
257549542,Unknown,2025-1,global
257548227,Unknown,2025-1,global
46075046,Unknown,2025-1,global
46075152,Unknown,2025-1,global
46075167,Unknown,2025-1,global
46075186,Unknown,2025-1,global
46075209,Unknown,2025-1,global
46075224,Unknown,2025-1,global
46075376,Unknown,2025-1,global
67968894,Unknown,2025-1,global
46076682,Unknown,2025-1,global
46076701,Unknown,2025-1,global
46076716,Unknown,2025-1,global
46076734,Unknown,2025-1,global
46076884,Unknown,2025-1,global
46076928,Unknown,2025-1,global
46078918,Unknown,2025-1,global
46078939,Unknown,2025-1,global
46079018,Unknown,2025-1,global
46079034,Unknown,2025-1,global
46080799,Unknown,2025-1,global
46081718,Unknown,2025-1,global
46081803,Unknown,2025-1,global
46082077,Unknown,2025-1,global
46082238,Unknown,2025-1,global
46082241,Unknown,2025-1,global
46082420,Unknown,2025-1,global
46082431,Unknown,2025-1,global
46082575,Unknown,2025-1,global
46082602,Unknown,2025-1,global
46083195,Unknown,2025-1,global
46083503,Unknown,2025-1,global
46084220,Unknown,2025-1,global
46084287,Unknown,2025-1,global
46084385,Unknown,2025-1,global
46084392,Unknown,2025-1,global
46084426,Unknown,2025-1,global
46084436,Unknown,2025-1,global
46084449,Unknown,2025-1,global
46084651,Unknown,2025-1,global
46084720,Unknown,2025-1,global
46084808,Unknown,2025-1,global
46084981,Unknown,2025-1,global
46085242,Unknown,2025-1,global
46085669,Unknown,2025-1,global
46085734,Unknown,2025-1,global
46086124,Unknown,2025-1,global
46086190,Unknown,2025-1,global
46086355,Unknown,2025-1,global
46086366,Unknown,2025-1,global
46086416,Unknown,2025-1,global
46086626,Unknown,2025-1,global
46086643,Unknown,2025-1,global
46086669,Unknown,2025-1,global
46086877,Unknown,2025-1,global
46086928,Unknown,2025-1,global
46087000,Unknown,2025-1,global
46087031,Unknown,2025-1,global
46087040,Unknown,2025-1,global
46087121,Unknown,2025-1,global
46087155,Unknown,2025-1,global
46087177,Unknown,2025-1,global
46087474,Unknown,2025-1,global
46087494,Unknown,2025-1,global
46087522,Unknown,2025-1,global
46087813,Unknown,2025-1,global
46087863,Unknown,2025-1,global
46087917,Unknown,2025-1,global
46087926,Unknown,2025-1,global
46087999,Unknown,2025-1,global
46088026,Unknown,2025-1,global
46088074,Unknown,2025-1,global
46088136,Unknown,2025-1,global
46088156,Unknown,2025-1,global
46088184,Unknown,2025-1,global
46088438,Unknown,2025-1,global
46088493,Unknown,2025-1,global
46088509,Unknown,2025-1,global
46088513,Unknown,2025-1,global
46088524,Unknown,2025-1,global
46088557,Unknown,2025-1,global
46093088,Unknown,2025-1,global
46093091,Unknown,2025-1,global
46093100,Unknown,2025-1,global
46093119,Unknown,2025-1,global
46093128,Unknown,2025-1,global
46093134,Unknown,2025-1,global
46093150,Unknown,2025-1,global
46093157,Unknown,2025-1,global
46093165,Unknown,2025-1,global
46093168,Unknown,2025-1,global
46093175,Unknown,2025-1,global
46093182,Unknown,2025-1,global
46093186,Unknown,2025-1,global
46094228,Unknown,2025-1,global
46094533,Unknown,2025-1,global
46094548,Unknown,2025-1,global
46095433,Unknown,2025-1,global
46095523,Unknown,2025-1,global
46095532,Unknown,2025-1,global
46096138,Unknown,2025-1,global
46096156,Unknown,2025-1,global
46096204,Unknown,2025-1,global
46096692,Unknown,2025-1,global
46096750,Unknown,2025-1,global
46096953,Unknown,2025-1,global
46097614,Unknown,2025-1,global
46097625,Unknown,2025-1,global
46097663,Unknown,2025-1,global
46097723,Unknown,2025-1,global
46097728,Unknown,2025-1,global
46097741,Unknown,2025-1,global
46097767,Unknown,2025-1,global
46098357,Unknown,2025-1,global
46098411,Unknown,2025-1,global
46098924,Unknown,2025-1,global
46099940,Unknown,2025-1,global
46100481,Unknown,2025-1,global
46101009,Unknown,2025-1,global
46101835,Unknown,2025-1,global
46102308,Unknown,2025-1,global
46102475,Unknown,2025-1,global
46102491,Unknown,2025-1,global
46102529,Unknown,2025-1,global
46102569,Unknown,2025-1,global
46102582,Unknown,2025-1,global
46102624,Unknown,2025-1,global
46102674,Unknown,2025-1,global
46102735,Unknown,2025-1,global
46102818,Unknown,2025-1,global
7860,Unknown,2025-1,global
10724,Unknown,2025-1,global
10724,Unknown,2025-1,caribbean
14048,Unknown,2025-1,global
18145,Unknown,2025-1,global
21860,Unknown,2025-1,global
132770,Unknown,2025-1,global
132771,Unknown,2025-1,global
132827,Unknown,2025-1,global
154648,Unknown,2025-1,global
154717,Unknown,2025-1,global
154765,Unknown,2025-1,global
154828,Unknown,2025-1,global
155021,Unknown,2025-1,global
155021,Unknown,2025-1,caribbean
155040,Unknown,2025-1,global
155128,Unknown,2025-1,global
155180,Unknown,2025-1,global
155181,Unknown,2025-1,global
155199,Unknown,2025-1,global
155199,Unknown,2025-1,gulf_of mexico
155218,Unknown,2025-1,global
155218,Unknown,2025-1,caribbean
155253,Unknown,2025-1,global
155294,Unknown,2025-1,global
170323,Unknown,2025-1,global
170327,Unknown,2025-1,global
170340,Unknown,2025-1,global
170357,Unknown,2025-1,global
187435,Unknown,2025-1,global
187613,Unknown,2025-1,global
190248,Unknown,2025-1,global
190299,Unknown,2025-1,global
192942,Unknown,2025-1,global
18158483,Unknown,2025-1,global
46104003,Unknown,2025-1,global
46104003,Unknown,2025-1,caribbean
46104027,Unknown,2025-1,global
46104052,Unknown,2025-1,global
46104061,Unknown,2025-1,global
46104064,Unknown,2025-1,global
46104071,Unknown,2025-1,global
46104074,Unknown,2025-1,global
46106621,Unknown,2025-1,global
46106621,Unknown,2025-1,caribbean
46106621,Unknown,2025-1,gulf_of mexico
46107486,Unknown,2025-1,global
46107620,Unknown,2025-1,global
46107890,Unknown,2025-1,global
46108119,Unknown,2025-1,global
46109068,Unknown,2025-1,global
46109095,Unknown,2025-1,global
46109104,Unknown,2025-1,global
46109137,Unknown,2025-1,global
46109145,Unknown,2025-1,global
46109145,Unknown,2025-1,caribbean
199671,Unknown,2025-1,global
60447,Unknown,2025-1,global
60447,Unknown,2025-1,pan-africa
190075,Unknown,2025-1,global
190146,Unknown,2025-1,global
190159,Unknown,2025-1,global
190184,Unknown,2025-1,global
190207,Unknown,2025-1,global
190216,Unknown,2025-1,global
190305,Unknown,2025-1,global
190353,Unknown,2025-1,global
190364,Unknown,2025-1,global
190376,Unknown,2025-1,global
190465,Unknown,2025-1,global
190477,Unknown,2025-1,global
198628,Unknown,2025-1,global
18256726,Unknown,2025-1,global
18257309,Unknown,2025-1,global
47140113,Unknown,2025-1,global
47140113,Unknown,2025-1,caribbean
47140142,Unknown,2025-1,global
47140142,Unknown,2025-1,caribbean
47140142,Unknown,2025-1,gulf_of mexico
47140895,Unknown,2025-1,global
47140942,Unknown,2025-1,global
47141089,Unknown,2025-1,global
47141104,Unknown,2025-1,global
47141177,Unknown,2025-1,global
47143512,Unknown,2025-1,global
47143570,Unknown,2025-1,global
47143570,Unknown,2025-1,caribbean
47143593,Unknown,2025-1,global
47143593,Unknown,2025-1,caribbean
47143643,Unknown,2025-1,global
47143643,Unknown,2025-1,caribbean
47143653,Unknown,2025-1,global
47145180,Unknown,2025-1,global
47145226,Unknown,2025-1,global
47145520,Unknown,2025-1,global
47145580,Unknown,2025-1,global
47145580,Unknown,2025-1,caribbean
47145645,Unknown,2025-1,global
47149690,Unknown,2025-1,global
47149690,Unknown,2025-1,caribbean
47149690,Unknown,2025-1,gulf_of mexico
47149703,Unknown,2025-1,global
47149703,Unknown,2025-1,caribbean
47149713,Unknown,2025-1,global
47149747,Unknown,2025-1,global
47149747,Unknown,2025-1,caribbean
47149866,Unknown,2025-1,global
47149866,Unknown,2025-1,caribbean
47149869,Unknown,2025-1,global
47149869,Unknown,2025-1,caribbean
47149895,Unknown,2025-1,global
47150056,Unknown,2025-1,global
47150210,Unknown,2025-1,global
47150210,Unknown,2025-1,caribbean
47150446,Unknown,2025-1,global
47150895,Unknown,2025-1,global
47150895,Unknown,2025-1,caribbean
47153711,Unknown,2025-1,global
47153728,Unknown,2025-1,global
47153728,Unknown,2025-1,caribbean
47153773,Unknown,2025-1,global
47153782,Unknown,2025-1,global
47153791,Unknown,2025-1,global
47153800,Unknown,2025-1,global
47164914,Unknown,2025-1,global
47164926,Unknown,2025-1,global
47165067,Unknown,2025-1,global
47165099,Unknown,2025-1,global
47165104,Unknown,2025-1,global
47165158,Unknown,2025-1,global
47165292,Unknown,2025-1,global
47165302,Unknown,2025-1,global
47165317,Unknown,2025-1,global
47165333,Unknown,2025-1,global
47165363,Unknown,2025-1,global
47165366,Unknown,2025-1,global
47165387,Unknown,2025-1,global
47165398,Unknown,2025-1,global
47165457,Unknown,2025-1,global
47165472,Unknown,2025-1,global
47165490,Unknown,2025-1,global
47165538,Unknown,2025-1,global
47259883,Unknown,2025-1,global
47685177,Unknown,2025-1,global
47686544,Unknown,2025-1,global
47686971,Unknown,2025-1,global
47687060,Unknown,2025-1,global
68527310,Unknown,2025-1,global
47728648,Unknown,2025-1,global
47728650,Unknown,2025-1,global
47728602,Unknown,2025-1,global
16011,Unknown,2025-1,global
18156003,Unknown,2025-1,global
47407703,Unknown,2025-1,global
47143372,Unknown,2025-1,global
48321187,Unknown,2025-1,global
47143421,Unknown,2025-1,global
47142330,Unknown,2025-1,global
46104232,Unknown,2025-1,global
47144741,Unknown,2025-1,global
46104090,Unknown,2025-1,global
46104807,Unknown,2025-1,global
48342181,Unknown,2025-1,global
47142908,Unknown,2025-1,global
47143869,Unknown,2025-1,global
46079873,Unknown,2025-1,global
47144922,Unknown,2025-1,global
47142954,Unknown,2025-1,global
48342141,Unknown,2025-1,global
48342435,Unknown,2025-1,global
46104147,Unknown,2025-1,global
47143391,Unknown,2025-1,global
48320397,Unknown,2025-1,global
47144995,Unknown,2025-1,global
47141351,Unknown,2025-1,global
48342268,Unknown,2025-1,global
48342209,Unknown,2025-1,global
46104173,Unknown,2025-1,global
47143176,Unknown,2025-1,global
46104142,Unknown,2025-1,global
46104287,Unknown,2025-1,global
48342284,Unknown,2025-1,global
46104160,Unknown,2025-1,global
46104265,Unknown,2025-1,global
46104109,Unknown,2025-1,global
46104430,Unknown,2025-1,global
47143216,Unknown,2025-1,global
47142915,Unknown,2025-1,global
48342454,Unknown,2025-1,global
48342236,Unknown,2025-1,global
48342351,Unknown,2025-1,global
47144987,Unknown,2025-1,global
47143351,Unknown,2025-1,global
48342288,Unknown,2025-1,global
46104133,Unknown,2025-1,global
47143163,Unknown,2025-1,global
48342487,Unknown,2025-1,global
48320496,Unknown,2025-1,global
47143394,Unknown,2025-1,global
47143144,Unknown,2025-1,global
47143503,Unknown,2025-1,global
46104153,Unknown,2025-1,global
46104167,Unknown,2025-1,global
48342364,Unknown,2025-1,global
47400952,Unknown,2025-1,global
48342143,Unknown,2025-1,global
46104765,Unknown,2025-1,global
46104789,Unknown,2025-1,global
46104211,Unknown,2025-1,global
46104218,Unknown,2025-1,global
48342207,Unknown,2025-1,global
47143314,Unknown,2025-1,global
48342196,Unknown,2025-1,global
48342252,Unknown,2025-1,global
47144901,Unknown,2025-1,global
48342511,Unknown,2025-1,global
47142918,Unknown,2025-1,global
48342120,Unknown,2025-1,global
47143432,Unknown,2025-1,global
48342272,Unknown,2025-1,global
48319933,Unknown,2025-1,global
47144628,Unknown,2025-1,global
48342100,Unknown,2025-1,global
48342150,Unknown,2025-1,global
48342108,Unknown,2025-1,global
47142930,Unknown,2025-1,global
48342178,Unknown,2025-1,global
47141697,Unknown,2025-1,global
47144358,Unknown,2025-1,global
47144999,Unknown,2025-1,global
47144448,Unknown,2025-1,global
48342419,Unknown,2025-1,global
48342158,Unknown,2025-1,global
48342243,Unknown,2025-1,global
47144466,Unknown,2025-1,global
48342253,Unknown,2025-1,global
47144544,Unknown,2025-1,global
46104150,Unknown,2025-1,global
47143154,Unknown,2025-1,global
48342221,Unknown,2025-1,global
47142326,Unknown,2025-1,global
47144911,Unknown,2025-1,global
48342280,Unknown,2025-1,global
47141289,Unknown,2025-1,global
46104199,Unknown,2025-1,global
47143213,Unknown,2025-1,global
47141293,Unknown,2025-1,global
47145002,Unknown,2025-1,global
47142337,Unknown,2025-1,global
21132053,Unknown,2025-1,global
47143381,Unknown,2025-1,global
47143866,Unknown,2025-1,global
48342388,Unknown,2025-1,global
48342152,Unknown,2025-1,global
47144896,Unknown,2025-1,global
47141570,Unknown,2025-1,global
47144698,Unknown,2025-1,global
47144580,Unknown,2025-1,global
48342440,Unknown,2025-1,global
47143398,Unknown,2025-1,global
48342407,Unknown,2025-1,global
47142333,Unknown,2025-1,global
48342328,Unknown,2025-1,global
48342444,Unknown,2025-1,global
48342339,Unknown,2025-1,global
47401609,Unknown,2025-1,global
46104241,Unknown,2025-1,global
48342467,Unknown,2025-1,global
46104124,Unknown,2025-1,global
48342128,Unknown,2025-1,global
46104864,Unknown,2025-1,global
47142944,Unknown,2025-1,global
47143206,Unknown,2025-1,global
47142927,Unknown,2025-1,global
48342294,Unknown,2025-1,global
48342523,Unknown,2025-1,global
47142899,Unknown,2025-1,global
47144879,Unknown,2025-1,global
47141736,Unknown,2025-1,global
47143309,Unknown,2025-1,global
47143452,Unknown,2025-1,global
48342283,Unknown,2025-1,global
47143407,Unknown,2025-1,global
48342357,Unknown,2025-1,global
46104139,Unknown,2025-1,global
47141401,Unknown,2025-1,global
48342414,Unknown,2025-1,global
47144430,Unknown,2025-1,global
47144528,Unknown,2025-1,global
46104127,Unknown,2025-1,global
48342409,Unknown,2025-1,global
170351,Unknown,2025-1,global
170622794,Unknown,2025-1,global
18901743,Unknown,2025-1,europe
41823,Unknown,2025-1,europe
60225,Unknown,2025-1,europe
161425,Unknown,2025-1,europe
161432,Unknown,2025-1,europe
41794,Unknown,2025-1,europe
63114,Unknown,2025-1,europe
63115,Unknown,2025-1,europe
161383,Unknown,2025-1,global
161383,Unknown,2025-1,europe
63119,Unknown,2025-1,europe
44657,Unknown,2025-1,europe
60214,Unknown,2025-1,europe
63123,Unknown,2025-1,europe
60215,Unknown,2025-1,europe
63127,Unknown,2025-1,europe
161748,Unknown,2025-1,europe
44216,Unknown,2025-1,europe
39370,Unknown,2025-1,europe
41741,Unknown,2025-1,europe
39378,Unknown,2025-1,europe
161731,Unknown,2025-1,europe
39336,Unknown,2025-1,europe
60139,Unknown,2025-1,europe
161443,Unknown,2025-1,europe
39341,Unknown,2025-1,europe
60145,Unknown,2025-1,europe
44566,Unknown,2025-1,europe
161564,Unknown,2025-1,europe
161551,Unknown,2025-1,europe
161513,Unknown,2025-1,europe
42700,Unknown,2025-1,europe
161626,Unknown,2025-1,global
161626,Unknown,2025-1,europe
3851,Unknown,2025-1,europe
3852,Unknown,2025-1,europe
161371,Unknown,2025-1,europe
161361,Unknown,2025-1,europe
44599,Unknown,2025-1,europe
194818,Unknown,2025-1,global
194818,Unknown,2025-1,europe
194848,Unknown,2025-1,europe
194847,Unknown,2025-1,europe
194840,Unknown,2025-1,global
194840,Unknown,2025-1,europe
194840,Unknown,2025-1,mediterranean
194838,Unknown,2025-1,global
194838,Unknown,2025-1,europe
194838,Unknown,2025-1,mediterranean
194821,Unknown,2025-1,global
194821,Unknown,2025-1,europe
194821,Unknown,2025-1,mediterranean
194850,Unknown,2025-1,global
194850,Unknown,2025-1,europe
194850,Unknown,2025-1,mediterranean
194819,Unknown,2025-1,global
194819,Unknown,2025-1,europe
194819,Unknown,2025-1,mediterranean
194901,Unknown,2025-1,global
194901,Unknown,2025-1,europe
194901,Unknown,2025-1,mediterranean
194900,Unknown,2025-1,global
194900,Unknown,2025-1,europe
194900,Unknown,2025-1,mediterranean
194814,Unknown,2025-1,global
194814,Unknown,2025-1,europe
194814,Unknown,2025-1,mediterranean
194902,Unknown,2025-1,global
194902,Unknown,2025-1,europe
194902,Unknown,2025-1,mediterranean
194860,Unknown,2025-1,global
194860,Unknown,2025-1,europe
194860,Unknown,2025-1,mediterranean
194859,Unknown,2025-1,global
194859,Unknown,2025-1,europe
194846,Unknown,2025-1,europe
194845,Unknown,2025-1,global
194845,Unknown,2025-1,europe
194845,Unknown,2025-1,mediterranean
194851,Unknown,2025-1,global
194851,Unknown,2025-1,europe
194853,Unknown,2025-1,global
194853,Unknown,2025-1,europe
194853,Unknown,2025-1,mediterranean
194854,Unknown,2025-1,global
194854,Unknown,2025-1,europe
194854,Unknown,2025-1,mediterranean
194856,Unknown,2025-1,global
194856,Unknown,2025-1,europe
194856,Unknown,2025-1,mediterranean
49186795,Unknown,2025-1,global
49178332,Unknown,2025-1,global
49168598,Unknown,2025-1,global
49145085,Unknown,2025-1,global
49188584,Unknown,2025-1,global
49218346,Unknown,2025-1,global
49187091,Unknown,2025-1,global
49181893,Unknown,2025-1,global
49171768,Unknown,2025-1,global
49180983,Unknown,2025-1,global
49178040,Unknown,2025-1,global
49167129,Unknown,2025-1,global
49169275,Unknown,2025-1,global
49181579,Unknown,2025-1,global
47148973,Unknown,2025-1,global
172498,Unknown,2025-1,global
49188539,Unknown,2025-1,global
49177767,Unknown,2025-1,global
49178446,Unknown,2025-1,global
49182929,Unknown,2025-1,global
49178958,Unknown,2025-1,global
49188617,Unknown,2025-1,global
49186734,Unknown,2025-1,global
49173267,Unknown,2025-1,global
49187177,Unknown,2025-1,global
49173495,Unknown,2025-1,global
49170868,Unknown,2025-1,global
49188255,Unknown,2025-1,global
49187711,Unknown,2025-1,global
49218692,Unknown,2025-1,global
49171849,Unknown,2025-1,global
49186781,Unknown,2025-1,global
49167001,Unknown,2025-1,global
49169112,Unknown,2025-1,global
49180541,Unknown,2025-1,global
49218207,Unknown,2025-1,global
49187675,Unknown,2025-1,global
49173102,Unknown,2025-1,global
49182317,Unknown,2025-1,global
49178586,Unknown,2025-1,global
49186930,Unknown,2025-1,global
49167066,Unknown,2025-1,global
47406916,Unknown,2025-1,global
47166659,Unknown,2025-1,global
47166662,Unknown,2025-1,global
47166619,Unknown,2025-1,global
49676740,Unknown,2025-1,global
49677217,Unknown,2025-1,global
49677201,Unknown,2025-1,global
47407240,Unknown,2025-1,global
47136863,Unknown,2025-1,global
47137241,Unknown,2025-1,global
47136868,Unknown,2025-1,global
47260360,Unknown,2025-1,global
49911704,Unknown,2025-1,global
49911704,Unknown,2025-1,europe
49911704,Unknown,2025-1,mediterranean
15622233,Unknown,2025-1,europe
47385652,Unknown,2025-1,global
2474,Unknown,2025-1,global
2476,Unknown,2025-1,global
2480,Unknown,2025-1,global
2763,Unknown,2025-1,global
3778,Unknown,2025-1,global
4161,Unknown,2025-1,global
6335,Unknown,2025-1,global
8153,Unknown,2025-1,global
8551,Unknown,2025-1,global
9249,Unknown,2025-1,global
9250,Unknown,2025-1,global
9461,Unknown,2025-1,global
10707,Unknown,2025-1,global
10708,Unknown,2025-1,global
11047,Unknown,2025-1,global
11048,Unknown,2025-1,global
11140,Unknown,2025-1,global
11141,Unknown,2025-1,global
11142,Unknown,2025-1,global
11143,Unknown,2025-1,global
11144,Unknown,2025-1,global
11145,Unknown,2025-1,global
12125,Unknown,2025-1,global
12126,Unknown,2025-1,global
13241,Unknown,2025-1,global
13242,Unknown,2025-1,global
13243,Unknown,2025-1,global
13244,Unknown,2025-1,global
13245,Unknown,2025-1,global
13247,Unknown,2025-1,global
13248,Unknown,2025-1,global
13249,Unknown,2025-1,global
13251,Unknown,2025-1,global
13704,Unknown,2025-1,global
15421,Unknown,2025-1,global
16564,Unknown,2025-1,global
17029,Unknown,2025-1,global
17032,Unknown,2025-1,global
20729,Unknown,2025-1,global
20730,Unknown,2025-1,global
20731,Unknown,2025-1,global
20732,Unknown,2025-1,global
21500,Unknown,2025-1,global
23211,Unknown,2025-1,global
40635,Unknown,2025-1,global
41711,Unknown,2025-1,global
41714,Unknown,2025-1,global
41715,Unknown,2025-1,global
41760,Unknown,2025-1,global
50012981,Unknown,2025-1,mediterranean
50011647,Unknown,2025-1,mediterranean
50011639,Unknown,2025-1,mediterranean
50020791,Unknown,2025-1,mediterranean
50020855,Unknown,2025-1,mediterranean
50020874,Unknown,2025-1,mediterranean
50020614,Unknown,2025-1,mediterranean
50020625,Unknown,2025-1,global
50020625,Unknown,2025-1,mediterranean
50020635,Unknown,2025-1,mediterranean
50011942,Unknown,2025-1,mediterranean
50011071,Unknown,2025-1,global
50011071,Unknown,2025-1,mediterranean
50011327,Unknown,2025-1,mediterranean
50012298,Unknown,2025-1,mediterranean
50012438,Unknown,2025-1,mediterranean
50012470,Unknown,2025-1,global
50012470,Unknown,2025-1,mediterranean
50012491,Unknown,2025-1,mediterranean
50013151,Unknown,2025-1,mediterranean
50013001,Unknown,2025-1,mediterranean
50012497,Unknown,2025-1,mediterranean
50107293,Unknown,2025-1,global
50149037,Unknown,2025-1,mediterranean
50149045,Unknown,2025-1,mediterranean
50149051,Unknown,2025-1,mediterranean
50149067,Unknown,2025-1,mediterranean
50151546,Unknown,2025-1,mediterranean
50151021,Unknown,2025-1,mediterranean
50158008,Unknown,2025-1,mediterranean
50149039,Unknown,2025-1,mediterranean
50149069,Unknown,2025-1,mediterranean
50151878,Unknown,2025-1,mediterranean
50902750,Unknown,2025-1,mediterranean
50902942,Unknown,2025-1,global
50149125,Unknown,2025-1,mediterranean
50149106,Unknown,2025-1,mediterranean
50151050,Unknown,2025-1,mediterranean
50151117,Unknown,2025-1,mediterranean
50153505,Unknown,2025-1,mediterranean
50161239,Unknown,2025-1,mediterranean
50160832,Unknown,2025-1,mediterranean
50160898,Unknown,2025-1,global
50160898,Unknown,2025-1,mediterranean
50160912,Unknown,2025-1,mediterranean
50161146,Unknown,2025-1,mediterranean
50113080,Unknown,2025-1,mediterranean
50107605,Unknown,2025-1,global
50107605,Unknown,2025-1,europe
50107605,Unknown,2025-1,mediterranean
50107642,Unknown,2025-1,mediterranean
50113156,Unknown,2025-1,mediterranean
50113365,Unknown,2025-1,global
50113365,Unknown,2025-1,europe
50113365,Unknown,2025-1,mediterranean
50148677,Unknown,2025-1,global
50148677,Unknown,2025-1,mediterranean
50148729,Unknown,2025-1,mediterranean
50148748,Unknown,2025-1,mediterranean
50148758,Unknown,2025-1,mediterranean
50103794,Unknown,2025-1,mediterranean
50148787,Unknown,2025-1,global
50148787,Unknown,2025-1,europe
50148787,Unknown,2025-1,mediterranean
50105448,Unknown,2025-1,mediterranean
50105776,Unknown,2025-1,mediterranean
50148809,Unknown,2025-1,mediterranean
50148827,Unknown,2025-1,mediterranean
50148887,Unknown,2025-1,mediterranean
50148895,Unknown,2025-1,mediterranean
50148915,Unknown,2025-1,mediterranean
50148930,Unknown,2025-1,global
50148930,Unknown,2025-1,mediterranean
50148978,Unknown,2025-1,mediterranean
50148999,Unknown,2025-1,mediterranean
50161130,Unknown,2025-1,mediterranean
50149015,Unknown,2025-1,mediterranean
50014359,Unknown,2025-1,mediterranean
50014365,Unknown,2025-1,mediterranean
50016179,Unknown,2025-1,mediterranean
18178598,Unknown,2025-1,global
194904,Unknown,2025-1,global
194904,Unknown,2025-1,europe
53753301,Unknown,2025-1,global
53753301,Unknown,2025-1,caribbean
190152,Unknown,2025-1,global
196417,Unknown,2025-1,global
50902984,Unknown,2025-1,global
50903006,Unknown,2025-1,global
50903234,Unknown,2025-1,global
50903247,Unknown,2025-1,global
50903077,Unknown,2025-1,global
54007396,Unknown,2025-1,global
54007415,Unknown,2025-1,global
183214,Unknown,2025-1,global
47166659,Unknown,2025-1,persian_gulf
190475,Unknown,2025-1,global
50903260,Unknown,2025-1,global
10074,Unknown,2025-1,global
10057,Unknown,2025-1,global
10063,Unknown,2025-1,global
10065,Unknown,2025-1,global
10069,Unknown,2025-1,europe
10077,Unknown,2025-1,global
10083,Unknown,2025-1,global
40773,Unknown,2025-1,global
107261486,Unknown,2025-1,global
41006,Unknown,2025-1,europe
41009,Unknown,2025-1,global
107261198,Unknown,2025-1,global
47735321,Unknown,2025-1,global
154989,Unknown,2025-1,global
170239,Unknown,2025-1,persian_gulf
170188,Unknown,2025-1,persian_gulf
170238,Unknown,2025-1,persian_gulf
170221,Unknown,2025-1,persian_gulf
170155,Unknown,2025-1,persian_gulf
170165,Unknown,2025-1,persian_gulf
170198,Unknown,2025-1,persian_gulf
170174,Unknown,2025-1,persian_gulf
155204,Unknown,2025-1,europe
56084246,Unknown,2025-1,global
56084246,Unknown,2025-1,europe
56287118,Unknown,2025-1,mediterranean
56408578,Unknown,2025-1,mediterranean
56097702,Unknown,2025-1,global
56780905,Unknown,2025-1,europe
56781081,Unknown,2025-1,europe
56852298,Unknown,2025-1,europe
46086190,Unknown,2025-1,europe
193399,Unknown,2025-1,persian_gulf
18123573,Unknown,2025-1,persian_gulf
46073947,Unknown,2025-1,persian_gulf
13486514,Unknown,2025-1,persian_gulf
154844,Unknown,2025-1,persian_gulf
54007355,Unknown,2025-1,persian_gulf
166902,Unknown,2025-1,persian_gulf
18123793,Unknown,2025-1,persian_gulf
183274,Unknown,2025-1,persian_gulf
177987,Unknown,2025-1,persian_gulf
178009,Unknown,2025-1,persian_gulf
47137465,Unknown,2025-1,global
67968894,Unknown,2025-1,persian_gulf
154912,Unknown,2025-1,persian_gulf
46076872,Unknown,2025-1,persian_gulf
46076884,Unknown,2025-1,persian_gulf
46076928,Unknown,2025-1,persian_gulf
46076896,Unknown,2025-1,persian_gulf
193352,Unknown,2025-1,persian_gulf
193381,Unknown,2025-1,persian_gulf
193370,Unknown,2025-1,persian_gulf
193401,Unknown,2025-1,persian_gulf
193299,Unknown,2025-1,persian_gulf
193351,Unknown,2025-1,persian_gulf
46079018,Unknown,2025-1,persian_gulf
46079034,Unknown,2025-1,persian_gulf
46079043,Unknown,2025-1,persian_gulf
196796,Unknown,2025-1,persian_gulf
197026,Unknown,2025-1,persian_gulf
46079059,Unknown,2025-1,persian_gulf
193811,Unknown,2025-1,persian_gulf
46079096,Unknown,2025-1,persian_gulf
46079214,Unknown,2025-1,persian_gulf
46079290,Unknown,2025-1,persian_gulf
46079321,Unknown,2025-1,persian_gulf
46079775,Unknown,2025-1,persian_gulf
46079816,Unknown,2025-1,persian_gulf
155086,Unknown,2025-1,persian_gulf
46079873,Unknown,2025-1,persian_gulf
46079911,Unknown,2025-1,persian_gulf
18263684,Unknown,2025-1,persian_gulf
46080080,Unknown,2025-1,persian_gulf
46080159,Unknown,2025-1,persian_gulf
56852409,Unknown,2025-1,global
56852409,Unknown,2025-1,persian_gulf
46093091,Unknown,2025-1,persian_gulf
18214519,Unknown,2025-1,persian_gulf
46093150,Unknown,2025-1,persian_gulf
154615,Unknown,2025-1,persian_gulf
46075394,Unknown,2025-1,persian_gulf
20249446,Unknown,2025-1,persian_gulf
20250177,Unknown,2025-1,persian_gulf
46080351,Unknown,2025-1,persian_gulf
18156997,Unknown,2025-1,persian_gulf
46080390,Unknown,2025-1,persian_gulf
46080424,Unknown,2025-1,persian_gulf
46080427,Unknown,2025-1,persian_gulf
155023,Unknown,2025-1,persian_gulf
46080696,Unknown,2025-1,persian_gulf
155014,Unknown,2025-1,persian_gulf
20253300,Unknown,2025-1,persian_gulf
46102529,Unknown,2025-1,persian_gulf
46080799,Unknown,2025-1,persian_gulf
165724,Unknown,2025-1,persian_gulf
60324,Unknown,2025-1,persian_gulf
155261,Unknown,2025-1,persian_gulf
46075152,Unknown,2025-1,persian_gulf
18124738,Unknown,2025-1,persian_gulf
46075167,Unknown,2025-1,persian_gulf
154774,Unknown,2025-1,persian_gulf
46075209,Unknown,2025-1,persian_gulf
46075186,Unknown,2025-1,persian_gulf
155116,Unknown,2025-1,persian_gulf
46075248,Unknown,2025-1,persian_gulf
154989,Unknown,2025-1,persian_gulf
46075339,Unknown,2025-1,persian_gulf
46093168,Unknown,2025-1,persian_gulf
166913,Unknown,2025-1,persian_gulf
155052,Unknown,2025-1,persian_gulf
50903234,Unknown,2025-1,persian_gulf
193731,Unknown,2025-1,persian_gulf
190393,Unknown,2025-1,persian_gulf
190152,Unknown,2025-1,persian_gulf
132814,Unknown,2025-1,persian_gulf
132787,Unknown,2025-1,persian_gulf
132774,Unknown,2025-1,persian_gulf
132751,Unknown,2025-1,persian_gulf
132824,Unknown,2025-1,persian_gulf
132735,Unknown,2025-1,persian_gulf
132753,Unknown,2025-1,persian_gulf
132772,Unknown,2025-1,persian_gulf
46074651,Unknown,2025-1,persian_gulf
13487811,Unknown,2025-1,persian_gulf
16781113,Unknown,2025-1,persian_gulf
166897,Unknown,2025-1,persian_gulf
46081926,Unknown,2025-1,persian_gulf
46082238,Unknown,2025-1,persian_gulf
46082241,Unknown,2025-1,persian_gulf
46082420,Unknown,2025-1,persian_gulf
193201,Unknown,2025-1,persian_gulf
193224,Unknown,2025-1,persian_gulf
155124,Unknown,2025-1,persian_gulf
193161,Unknown,2025-1,persian_gulf
193191,Unknown,2025-1,persian_gulf
47685177,Unknown,2025-1,persian_gulf
172443,Unknown,2025-1,persian_gulf
193220,Unknown,2025-1,persian_gulf
19513675,Unknown,2025-1,persian_gulf
154959,Unknown,2025-1,persian_gulf
46082602,Unknown,2025-1,persian_gulf
193253,Unknown,2025-1,persian_gulf
46083195,Unknown,2025-1,persian_gulf
46083503,Unknown,2025-1,persian_gulf
46084220,Unknown,2025-1,persian_gulf
46084287,Unknown,2025-1,persian_gulf
46084392,Unknown,2025-1,persian_gulf
193030,Unknown,2025-1,persian_gulf
46084426,Unknown,2025-1,persian_gulf
193042,Unknown,2025-1,persian_gulf
16011,Unknown,2025-1,persian_gulf
193218,Unknown,2025-1,persian_gulf
47407703,Unknown,2025-1,persian_gulf
193106,Unknown,2025-1,persian_gulf
46084436,Unknown,2025-1,persian_gulf
46084449,Unknown,2025-1,persian_gulf
193007,Unknown,2025-1,persian_gulf
193213,Unknown,2025-1,persian_gulf
46084720,Unknown,2025-1,persian_gulf
47686971,Unknown,2025-1,persian_gulf
196349,Unknown,2025-1,persian_gulf
19513716,Unknown,2025-1,persian_gulf
193097,Unknown,2025-1,persian_gulf
46084808,Unknown,2025-1,persian_gulf
46084981,Unknown,2025-1,persian_gulf
46085242,Unknown,2025-1,persian_gulf
46085669,Unknown,2025-1,persian_gulf
166935,Unknown,2025-1,persian_gulf
192991,Unknown,2025-1,persian_gulf
47687060,Unknown,2025-1,persian_gulf
46085747,Unknown,2025-1,persian_gulf
46097723,Unknown,2025-1,persian_gulf
54007348,Unknown,2025-1,persian_gulf
166900,Unknown,2025-1,persian_gulf
46074827,Unknown,2025-1,persian_gulf
46074973,Unknown,2025-1,persian_gulf
46075046,Unknown,2025-1,persian_gulf
170338,Unknown,2025-1,persian_gulf
46086162,Unknown,2025-1,persian_gulf
198561,Unknown,2025-1,persian_gulf
46086190,Unknown,2025-1,persian_gulf
187618,Unknown,2025-1,persian_gulf
190715,Unknown,2025-1,persian_gulf
187747,Unknown,2025-1,persian_gulf
187790,Unknown,2025-1,global
187790,Unknown,2025-1,persian_gulf
187382,Unknown,2025-1,persian_gulf
187600,Unknown,2025-1,persian_gulf
187465,Unknown,2025-1,persian_gulf
187727,Unknown,2025-1,persian_gulf
187396,Unknown,2025-1,persian_gulf
187797,Unknown,2025-1,persian_gulf
187393,Unknown,2025-1,persian_gulf
187684,Unknown,2025-1,persian_gulf
190759,Unknown,2025-1,persian_gulf
190714,Unknown,2025-1,persian_gulf
190765,Unknown,2025-1,persian_gulf
190736,Unknown,2025-1,persian_gulf
187563,Unknown,2025-1,persian_gulf
187390,Unknown,2025-1,persian_gulf
46086218,Unknown,2025-1,persian_gulf
199622,Unknown,2025-1,persian_gulf
196417,Unknown,2025-1,persian_gulf
50902984,Unknown,2025-1,persian_gulf
50903006,Unknown,2025-1,persian_gulf
50903077,Unknown,2025-1,persian_gulf
166941,Unknown,2025-1,persian_gulf
16719904,Unknown,2025-1,persian_gulf
16720036,Unknown,2025-1,persian_gulf
16720083,Unknown,2025-1,persian_gulf
198670,Unknown,2025-1,persian_gulf
61250,Unknown,2025-1,persian_gulf
194407,Unknown,2025-1,persian_gulf
47406916,Unknown,2025-1,persian_gulf
172495,Unknown,2025-1,persian_gulf
194346,Unknown,2025-1,persian_gulf
194359,Unknown,2025-1,persian_gulf
194403,Unknown,2025-1,persian_gulf
166868,Unknown,2025-1,persian_gulf
46086355,Unknown,2025-1,persian_gulf
16404943,Unknown,2025-1,persian_gulf
46102818,Unknown,2025-1,persian_gulf
56852135,Unknown,2025-1,global
166925,Unknown,2025-1,persian_gulf
197050,Unknown,2025-1,persian_gulf
197042,Unknown,2025-1,persian_gulf
186086,Unknown,2025-1,persian_gulf
135567,Unknown,2025-1,persian_gulf
50903119,Unknown,2025-1,persian_gulf
46086532,Unknown,2025-1,persian_gulf
46086601,Unknown,2025-1,persian_gulf
46086703,Unknown,2025-1,persian_gulf
50903183,Unknown,2025-1,persian_gulf
199344,Unknown,2025-1,persian_gulf
195737,Unknown,2025-1,persian_gulf
46086877,Unknown,2025-1,persian_gulf
46086928,Unknown,2025-1,persian_gulf
46087000,Unknown,2025-1,persian_gulf
46087031,Unknown,2025-1,persian_gulf
46087040,Unknown,2025-1,persian_gulf
46087121,Unknown,2025-1,persian_gulf
46087177,Unknown,2025-1,persian_gulf
199254,Unknown,2025-1,persian_gulf
199204,Unknown,2025-1,persian_gulf
46076701,Unknown,2025-1,persian_gulf
46076716,Unknown,2025-1,persian_gulf
46087474,Unknown,2025-1,persian_gulf
46087494,Unknown,2025-1,persian_gulf
193777,Unknown,2025-1,persian_gulf
193627,Unknown,2025-1,persian_gulf
154933,Unknown,2025-1,persian_gulf
46094228,Unknown,2025-1,persian_gulf
46094533,Unknown,2025-1,persian_gulf
46093186,Unknown,2025-1,persian_gulf
46094548,Unknown,2025-1,persian_gulf
16476,Unknown,2025-1,persian_gulf
46087534,Unknown,2025-1,persian_gulf
46087537,Unknown,2025-1,persian_gulf
46087584,Unknown,2025-1,persian_gulf
46097197,Unknown,2025-1,persian_gulf
46097614,Unknown,2025-1,persian_gulf
155105,Unknown,2025-1,persian_gulf
46097663,Unknown,2025-1,persian_gulf
46097728,Unknown,2025-1,persian_gulf
50903247,Unknown,2025-1,persian_gulf
46097741,Unknown,2025-1,persian_gulf
46097767,Unknown,2025-1,persian_gulf
166964,Unknown,2025-1,persian_gulf
47137515,Unknown,2025-1,global
188338,Unknown,2025-1,persian_gulf
188444,Unknown,2025-1,persian_gulf
188459,Unknown,2025-1,persian_gulf
188629,Unknown,2025-1,persian_gulf
46087863,Unknown,2025-1,persian_gulf
46087917,Unknown,2025-1,persian_gulf
166996,Unknown,2025-1,persian_gulf
56852265,Unknown,2025-1,global
56852265,Unknown,2025-1,persian_gulf
56852190,Unknown,2025-1,global
56852190,Unknown,2025-1,persian_gulf
46088074,Unknown,2025-1,persian_gulf
46086366,Unknown,2025-1,persian_gulf
46086416,Unknown,2025-1,persian_gulf
49438010,Unknown,2025-1,global
172498,Unknown,2025-1,persian_gulf
49177767,Unknown,2025-1,persian_gulf
49178121,Unknown,2025-1,persian_gulf
49188506,Unknown,2025-1,persian_gulf
49188717,Unknown,2025-1,persian_gulf
170344,Unknown,2025-1,persian_gulf
170336,Unknown,2025-1,persian_gulf
170328,Unknown,2025-1,persian_gulf
170311,Unknown,2025-1,persian_gulf
170351,Unknown,2025-1,persian_gulf
190475,Unknown,2025-1,persian_gulf
50903260,Unknown,2025-1,persian_gulf
46098411,Unknown,2025-1,persian_gulf
46098924,Unknown,2025-1,persian_gulf
46099940,Unknown,2025-1,persian_gulf
46088184,Unknown,2025-1,persian_gulf
46088399,Unknown,2025-1,persian_gulf
18178550,Unknown,2025-1,persian_gulf
155025,Unknown,2025-1,persian_gulf
56852510,Unknown,2025-1,global
56852510,Unknown,2025-1,persian_gulf
46096692,Unknown,2025-1,persian_gulf
46100481,Unknown,2025-1,persian_gulf
155000,Unknown,2025-1,persian_gulf
46101009,Unknown,2025-1,persian_gulf
46101835,Unknown,2025-1,persian_gulf
46102071,Unknown,2025-1,persian_gulf
46102308,Unknown,2025-1,persian_gulf
46102569,Unknown,2025-1,persian_gulf
46102582,Unknown,2025-1,persian_gulf
56852595,Unknown,2025-1,persian_gulf
46102674,Unknown,2025-1,persian_gulf
183214,Unknown,2025-1,persian_gulf
172469,Unknown,2025-1,persian_gulf
10075,Unknown,2025-1,persian_gulf
46102735,Unknown,2025-1,persian_gulf
46074027,Unknown,2025-1,persian_gulf
18123647,Unknown,2025-1,persian_gulf
193712,Unknown,2025-1,persian_gulf
172416,Unknown,2025-1,persian_gulf
193718,Unknown,2025-1,persian_gulf
193664,Unknown,2025-1,persian_gulf
166947,Unknown,2025-1,persian_gulf
193622,Unknown,2025-1,persian_gulf
193703,Unknown,2025-1,persian_gulf
193729,Unknown,2025-1,persian_gulf
193795,Unknown,2025-1,persian_gulf
46088618,Unknown,2025-1,persian_gulf
46102491,Unknown,2025-1,persian_gulf
46102475,Unknown,2025-1,persian_gulf
179045,Unknown,2025-1,persian_gulf
178958,Unknown,2025-1,persian_gulf
179020,Unknown,2025-1,persian_gulf
46088800,Unknown,2025-1,persian_gulf
46088809,Unknown,2025-1,persian_gulf
57274554,Unknown,2025-1,global
57274554,Unknown,2025-1,persian_gulf
57693936,Unknown,2025-1,europe
57714556,Unknown,2025-1,europe
57453548,Unknown,2025-1,europe
57452852,Unknown,2025-1,europe
57453584,Unknown,2025-1,europe
57453648,Unknown,2025-1,global
57453648,Unknown,2025-1,europe
57453743,Unknown,2025-1,europe
57453696,Unknown,2025-1,europe
57453720,Unknown,2025-1,europe
15147816,Unknown,2025-1,europe
15147965,Unknown,2025-1,europe
190482,Unknown,2025-1,europe
15148742,Unknown,2025-1,europe
15148858,Unknown,2025-1,europe
154801,Unknown,2025-1,europe
57825241,Unknown,2025-1,europe
58241062,Unknown,2025-1,europe
904,Unknown,2025-1,global
19387,Unknown,2025-1,global
19387,Unknown,2025-1,pan-africa
21628,Unknown,2025-1,global
44478,Unknown,2025-1,global
44479,Unknown,2025-1,global
154855,Unknown,2025-1,global
166881,Unknown,2025-1,global
169358,Unknown,2025-1,global
169361,Unknown,2025-1,global
172363,Unknown,2025-1,global
181000,Unknown,2025-1,global
182038,Unknown,2025-1,global
182136,Unknown,2025-1,global
182136,Unknown,2025-1,pan-africa
182470,Unknown,2025-1,global
182470,Unknown,2025-1,pan-africa
182622,Unknown,2025-1,global
182622,Unknown,2025-1,pan-africa
182622,Unknown,2025-1,western_africa
182905,Unknown,2025-1,global
182905,Unknown,2025-1,pan-africa
183161,Unknown,2025-1,global
186089,Unknown,2025-1,global
194308,Unknown,2025-1,global
57505507,Unknown,2025-1,global
57505709,Unknown,2025-1,global
57506640,Unknown,2025-1,global
57508187,Unknown,2025-1,global
57508615,Unknown,2025-1,global
57509025,Unknown,2025-1,global
57509248,Unknown,2025-1,global
57509279,Unknown,2025-1,global
57509289,Unknown,2025-1,global
57509336,Unknown,2025-1,global
190123,Unknown,2025-1,europe
190391,Unknown,2025-1,europe
18158219,Unknown,2025-1,persian_gulf
20256067,Unknown,2025-1,persian_gulf
20256270,Unknown,2025-1,persian_gulf
155134,Unknown,2025-1,persian_gulf
20256645,Unknown,2025-1,persian_gulf
20256729,Unknown,2025-1,persian_gulf
46080857,Unknown,2025-1,persian_gulf
20257324,Unknown,2025-1,persian_gulf
20429419,Unknown,2025-1,persian_gulf
20429455,Unknown,2025-1,persian_gulf
20429462,Unknown,2025-1,persian_gulf
20429774,Unknown,2025-1,persian_gulf
20429800,Unknown,2025-1,persian_gulf
20429981,Unknown,2025-1,persian_gulf
20430563,Unknown,2025-1,persian_gulf
20430651,Unknown,2025-1,persian_gulf
155130,Unknown,2025-1,persian_gulf
155043,Unknown,2025-1,persian_gulf
20432145,Unknown,2025-1,persian_gulf
20432158,Unknown,2025-1,persian_gulf
190452,Unknown,2025-1,persian_gulf
20432288,Unknown,2025-1,persian_gulf
20434679,Unknown,2025-1,persian_gulf
20434766,Unknown,2025-1,persian_gulf
20435185,Unknown,2025-1,persian_gulf
190388,Unknown,2025-1,persian_gulf
198643,Unknown,2025-1,persian_gulf
20435980,Unknown,2025-1,persian_gulf
20436473,Unknown,2025-1,persian_gulf
20436497,Unknown,2025-1,persian_gulf
20437461,Unknown,2025-1,persian_gulf
20437726,Unknown,2025-1,persian_gulf
46081422,Unknown,2025-1,persian_gulf
50902942,Unknown,2025-1,persian_gulf
56852298,Unknown,2025-1,persian_gulf
198713,Unknown,2025-1,europe
18123632,Unknown,2025-1,global
15601937,Unknown,2025-1,europe
15601940,Unknown,2025-1,europe
190126,Unknown,2025-1,global
190447,Unknown,2025-1,global
60469588,Unknown,2025-1,global
172314,Unknown,2025-1,global
172359,Unknown,2025-1,global
172393,Unknown,2025-1,global
172401,Unknown,2025-1,global
172450,Unknown,2025-1,global
172468,Unknown,2025-1,global
172497,Unknown,2025-1,global
57453548,Unknown,2025-1,global
60469215,Unknown,2025-1,global
60469186,Unknown,2025-1,global
18139074,Unknown,2025-1,global
190419,Unknown,2025-1,global
57453743,Unknown,2025-1,global
60469516,Unknown,2025-1,global
190282,Unknown,2025-1,global
60469527,Unknown,2025-1,global
57825241,Unknown,2025-1,global
60481885,Unknown,2025-1,global
57453678,Unknown,2025-1,global
18138780,Unknown,2025-1,global
57453584,Unknown,2025-1,global
60483363,Unknown,2025-1,global
18140358,Unknown,2025-1,global
18140736,Unknown,2025-1,global
190485,Unknown,2025-1,global
60469552,Unknown,2025-1,global
198623,Unknown,2025-1,global
60470750,Unknown,2025-1,global
60485173,Unknown,2025-1,global
198624,Unknown,2025-1,global
60482259,Unknown,2025-1,global
60482676,Unknown,2025-1,global
60482710,Unknown,2025-1,global
60469615,Unknown,2025-1,global
60469670,Unknown,2025-1,global
60469697,Unknown,2025-1,global
190349,Unknown,2025-1,global
60469712,Unknown,2025-1,global
190260,Unknown,2025-1,global
60470089,Unknown,2025-1,global
190414,Unknown,2025-1,global
190331,Unknown,2025-1,global
67965135,Unknown,2025-1,global
60469816,Unknown,2025-1,global
190109,Unknown,2025-1,global
60470373,Unknown,2025-1,global
60471792,Unknown,2025-1,global
60471825,Unknown,2025-1,global
60483083,Unknown,2025-1,global
190433,Unknown,2025-1,global
60483092,Unknown,2025-1,global
60469196,Unknown,2025-1,global
60469441,Unknown,2025-1,global
60485886,Unknown,2025-1,global
18227109,Unknown,2025-1,global
60470376,Unknown,2025-1,global
60470481,Unknown,2025-1,global
60470485,Unknown,2025-1,global
60470489,Unknown,2025-1,global
60470665,Unknown,2025-1,global
60470674,Unknown,2025-1,global
60470680,Unknown,2025-1,global
60470683,Unknown,2025-1,global
60470687,Unknown,2025-1,global
60483177,Unknown,2025-1,global
60469220,Unknown,2025-1,global
60470344,Unknown,2025-1,global
198607,Unknown,2025-1,global
60470339,Unknown,2025-1,global
21130109,Unknown,2025-1,global
60470745,Unknown,2025-1,global
60482909,Unknown,2025-1,global
21130979,Unknown,2025-1,global
60470704,Unknown,2025-1,global
60469980,Unknown,2025-1,global
60469890,Unknown,2025-1,global
60470792,Unknown,2025-1,global
60470817,Unknown,2025-1,global
60470856,Unknown,2025-1,global
60470876,Unknown,2025-1,global
60470908,Unknown,2025-1,global
60470918,Unknown,2025-1,global
60470770,Unknown,2025-1,global
60472006,Unknown,2025-1,global
60472006,Unknown,2025-1,europe
60472203,Unknown,2025-1,global
60472409,Unknown,2025-1,global
60472779,Unknown,2025-1,global
60472779,Unknown,2025-1,europe
190107,Unknown,2025-1,global
18125776,Unknown,2025-1,global
198595,Unknown,2025-1,global
60469866,Unknown,2025-1,global
60470467,Unknown,2025-1,global
60471195,Unknown,2025-1,global
60475627,Unknown,2025-1,global
60481655,Unknown,2025-1,global
60482037,Unknown,2025-1,global
60476941,Unknown,2025-1,global
60477122,Unknown,2025-1,global
60477337,Unknown,2025-1,global
60477619,Unknown,2025-1,global
60477991,Unknown,2025-1,global
60478393,Unknown,2025-1,global
60482810,Unknown,2025-1,global
60482859,Unknown,2025-1,global
60484333,Unknown,2025-1,global
18140801,Unknown,2025-1,global
60481712,Unknown,2025-1,global
60481729,Unknown,2025-1,global
60481876,Unknown,2025-1,global
190131,Unknown,2025-1,global
60481663,Unknown,2025-1,global
60470461,Unknown,2025-1,global
60471850,Unknown,2025-1,global
17245,Unknown,2025-1,global
60482611,Unknown,2025-1,global
60470092,Unknown,2025-1,global
60470096,Unknown,2025-1,global
60471855,Unknown,2025-1,global
18128938,Unknown,2025-1,global
60471860,Unknown,2025-1,global
60471865,Unknown,2025-1,global
60473762,Unknown,2025-1,global
60474290,Unknown,2025-1,global
60481692,Unknown,2025-1,global
198621,Unknown,2025-1,global
60481936,Unknown,2025-1,global
60485122,Unknown,2025-1,global
190214,Unknown,2025-1,global
60481914,Unknown,2025-1,global
60469804,Unknown,2025-1,global
60469877,Unknown,2025-1,global
60470358,Unknown,2025-1,global
190278,Unknown,2025-1,global
60470361,Unknown,2025-1,global
60471934,Unknown,2025-1,global
190157,Unknown,2025-1,global
60482063,Unknown,2025-1,global
60482102,Unknown,2025-1,global
60482105,Unknown,2025-1,global
60482374,Unknown,2025-1,global
60482553,Unknown,2025-1,global
60482562,Unknown,2025-1,global
190402,Unknown,2025-1,global
60482178,Unknown,2025-1,global
60469175,Unknown,2025-1,global
190201,Unknown,2025-1,global
60469204,Unknown,2025-1,global
57714556,Unknown,2025-1,global
190154,Unknown,2025-1,global
60469264,Unknown,2025-1,global
60469273,Unknown,2025-1,global
60469298,Unknown,2025-1,global
18138825,Unknown,2025-1,global
57693936,Unknown,2025-1,global
60470322,Unknown,2025-1,global
60470977,Unknown,2025-1,global
57453696,Unknown,2025-1,global
60471877,Unknown,2025-1,global
60471883,Unknown,2025-1,global
60471901,Unknown,2025-1,global
60471916,Unknown,2025-1,global
190262,Unknown,2025-1,global
60475013,Unknown,2025-1,global
18138869,Unknown,2025-1,global
60482312,Unknown,2025-1,global
60482715,Unknown,2025-1,global
60482748,Unknown,2025-1,global
60482776,Unknown,2025-1,global
60482786,Unknown,2025-1,global
60484408,Unknown,2025-1,global
18139045,Unknown,2025-1,global
58241062,Unknown,2025-1,global
60483211,Unknown,2025-1,global
60482248,Unknown,2025-1,global
60485860,Unknown,2025-1,global
60469546,Unknown,2025-1,global
60471691,Unknown,2025-1,global
190258,Unknown,2025-1,global
60486567,Unknown,2025-1,global
198604,Unknown,2025-1,global
60469249,Unknown,2025-1,global
57453720,Unknown,2025-1,global
60479648,Unknown,2025-1,global
60480024,Unknown,2025-1,global
60480620,Unknown,2025-1,global
60480946,Unknown,2025-1,global
60481184,Unknown,2025-1,global
60483137,Unknown,2025-1,global
60483257,Unknown,2025-1,global
60483273,Unknown,2025-1,global
190354,Unknown,2025-1,global
17977,Unknown,2025-1,global
60484350,Unknown,2025-1,global
60484369,Unknown,2025-1,global
60484396,Unknown,2025-1,global
60484435,Unknown,2025-1,global
60469170,Unknown,2025-1,global
190341,Unknown,2025-1,global
190130,Unknown,2025-1,global
60476220,Unknown,2025-1,global
60484826,Unknown,2025-1,global
60469232,Unknown,2025-1,global
60469237,Unknown,2025-1,global
60469241,Unknown,2025-1,global
60469244,Unknown,2025-1,global
60469323,Unknown,2025-1,global
60469375,Unknown,2025-1,global
60470379,Unknown,2025-1,global
60470382,Unknown,2025-1,global
190416,Unknown,2025-1,global
60470388,Unknown,2025-1,global
60470392,Unknown,2025-1,global
60470395,Unknown,2025-1,global
60470399,Unknown,2025-1,global
18257189,Unknown,2025-1,global
60471973,Unknown,2025-1,global
60478881,Unknown,2025-1,global
60479167,Unknown,2025-1,global
60479354,Unknown,2025-1,global
60482467,Unknown,2025-1,global
60482532,Unknown,2025-1,global
18257684,Unknown,2025-1,global
60471925,Unknown,2025-1,global
198751,Unknown,2025-1,global
60485561,Unknown,2025-1,global
198723,Unknown,2025-1,global
21113038,Unknown,2025-1,europe
16781113,Unknown,2025-1,europe
13462757,Unknown,2025-1,europe
13486169,Unknown,2025-1,europe
61934220,Unknown,2025-1,global
61934241,Unknown,2025-1,global
61934264,Unknown,2025-1,global
61934392,Unknown,2025-1,global
61934408,Unknown,2025-1,global
61934439,Unknown,2025-1,global
61934580,Unknown,2025-1,global
61935092,Unknown,2025-1,global
61935587,Unknown,2025-1,global
61936075,Unknown,2025-1,global
47407760,Unknown,2025-1,global
60470414,Unknown,2025-1,global
60470418,Unknown,2025-1,global
60470422,Unknown,2025-1,global
60470425,Unknown,2025-1,global
60470440,Unknown,2025-1,global
190256,Unknown,2025-1,global
20435470,Unknown,2025-1,persian_gulf
56852135,Unknown,2025-1,persian_gulf
47166662,Unknown,2025-1,persian_gulf
49677201,Unknown,2025-1,persian_gulf
170236,Unknown,2025-1,persian_gulf
64372284,Unknown,2025-1,global
64372284,Unknown,2025-1,europe
64372284,Unknown,2025-1,mediterranean
64528661,Unknown,2025-1,global
50148776,Unknown,2025-1,mediterranean
50161085,Unknown,2025-1,global
50161085,Unknown,2025-1,europe
50161085,Unknown,2025-1,mediterranean
50161091,Unknown,2025-1,global
50161091,Unknown,2025-1,europe
50161091,Unknown,2025-1,mediterranean
50161093,Unknown,2025-1,global
50161093,Unknown,2025-1,europe
50161093,Unknown,2025-1,mediterranean
50161087,Unknown,2025-1,mediterranean
50113293,Unknown,2025-1,global
50113293,Unknown,2025-1,mediterranean
50161083,Unknown,2025-1,mediterranean
65271380,Unknown,2025-1,mediterranean
65281250,Unknown,2025-1,mediterranean
103081991,Unknown,2025-1,mediterranean
65475106,Unknown,2025-1,mediterranean
65475413,Unknown,2025-1,global
65475413,Unknown,2025-1,europe
65475413,Unknown,2025-1,mediterranean
65476067,Unknown,2025-1,global
65476067,Unknown,2025-1,europe
65476067,Unknown,2025-1,mediterranean
65476258,Unknown,2025-1,global
65476258,Unknown,2025-1,mediterranean
65476625,Unknown,2025-1,mediterranean
50161095,Unknown,2025-1,global
50161095,Unknown,2025-1,europe
50161095,Unknown,2025-1,mediterranean
20250059,Unknown,2025-1,global
20250214,Unknown,2025-1,global
20251047,Unknown,2025-1,global
20251507,Unknown,2025-1,global
20252379,Unknown,2025-1,global
20252707,Unknown,2025-1,global
20252870,Unknown,2025-1,global
20253006,Unknown,2025-1,global
20253151,Unknown,2025-1,global
20253212,Unknown,2025-1,global
20431525,Unknown,2025-1,global
20437921,Unknown,2025-1,global
20251174,Unknown,2025-1,global
50161089,Unknown,2025-1,global
50161089,Unknown,2025-1,europe
50161089,Unknown,2025-1,mediterranean
190747,Unknown,2025-1,global
188065,Unknown,2025-1,global
194863,Unknown,2025-1,mediterranean
194859,Unknown,2025-1,mediterranean
194883,Unknown,2025-1,mediterranean
41006,Unknown,2025-1,global
10069,Unknown,2025-1,global
65134998,Unknown,2025-1,global
65135062,Unknown,2025-1,global
65363543,Unknown,2025-1,global
65134818,Unknown,2025-1,global
154938,Unknown,2025-1,global
65370087,Unknown,2025-1,global
65349869,Unknown,2025-1,global
65350111,Unknown,2025-1,global
65362908,Unknown,2025-1,global
65362977,Unknown,2025-1,global
65364521,Unknown,2025-1,global
65364798,Unknown,2025-1,global
155285,Unknown,2025-1,global
112664138,Unknown,2025-1,global
65365838,Unknown,2025-1,global
65363156,Unknown,2025-1,global
65363069,Unknown,2025-1,global
178111,Unknown,2025-1,global
65368088,Unknown,2025-1,global
65373532,Unknown,2025-1,global
155073,Unknown,2025-1,global
65366061,Unknown,2025-1,global
65366046,Unknown,2025-1,global
65374676,Unknown,2025-1,global
65374622,Unknown,2025-1,global
183512,Unknown,2025-1,global
65374952,Unknown,2025-1,global
65374916,Unknown,2025-1,global
65374735,Unknown,2025-1,global
65374787,Unknown,2025-1,global
183743,Unknown,2025-1,global
65374877,Unknown,2025-1,global
183461,Unknown,2025-1,global
65369305,Unknown,2025-1,global
65375571,Unknown,2025-1,global
65375519,Unknown,2025-1,global
65375703,Unknown,2025-1,global
65370664,Unknown,2025-1,global
65368238,Unknown,2025-1,global
65368242,Unknown,2025-1,global
65370433,Unknown,2025-1,global
65370481,Unknown,2025-1,global
65368181,Unknown,2025-1,global
154617,Unknown,2025-1,global
65369241,Unknown,2025-1,global
40715,Unknown,2025-1,global
20318,Unknown,2025-1,global
20317,Unknown,2025-1,global
20316,Unknown,2025-1,global
65375137,Unknown,2025-1,global
65367054,Unknown,2025-1,global
65370051,Unknown,2025-1,global
65370218,Unknown,2025-1,global
65372732,Unknown,2025-1,global
65372675,Unknown,2025-1,global
65374464,Unknown,2025-1,global
65374417,Unknown,2025-1,global
65374540,Unknown,2025-1,global
65374054,Unknown,2025-1,global
65368756,Unknown,2025-1,global
65368759,Unknown,2025-1,global
65367566,Unknown,2025-1,global
65367935,Unknown,2025-1,global
65367996,Unknown,2025-1,global
65367590,Unknown,2025-1,global
65367461,Unknown,2025-1,global
65367581,Unknown,2025-1,global
65367942,Unknown,2025-1,global
65367328,Unknown,2025-1,global
65367204,Unknown,2025-1,global
65367300,Unknown,2025-1,global
65367195,Unknown,2025-1,global
65367303,Unknown,2025-1,global
65367318,Unknown,2025-1,global
65372036,Unknown,2025-1,global
65367453,Unknown,2025-1,global
65373357,Unknown,2025-1,global
18877,Unknown,2025-1,global
8407,Unknown,2025-1,global
64272080,Unknown,2025-1,global
64272648,Unknown,2025-1,global
64273045,Unknown,2025-1,global
64273493,Unknown,2025-1,global
64315327,Unknown,2025-1,global
64316981,Unknown,2025-1,global
20437454,Unknown,2025-1,global
20249860,Unknown,2025-1,global
20251407,Unknown,2025-1,global
20252909,Unknown,2025-1,global
20249586,Unknown,2025-1,global
20437880,Unknown,2025-1,global
20252449,Unknown,2025-1,global
20436417,Unknown,2025-1,global
20431493,Unknown,2025-1,global
67851665,Unknown,2025-1,global
67852930,Unknown,2025-1,global
67853143,Unknown,2025-1,global
67853294,Unknown,2025-1,global
67853390,Unknown,2025-1,global
67853408,Unknown,2025-1,global
67853416,Unknown,2025-1,global
67853432,Unknown,2025-1,global
67853451,Unknown,2025-1,global
67853562,Unknown,2025-1,global
67854163,Unknown,2025-1,global
67854712,Unknown,2025-1,global
67855065,Unknown,2025-1,global
67855363,Unknown,2025-1,global
67855886,Unknown,2025-1,global
67855905,Unknown,2025-1,global
67855917,Unknown,2025-1,global
67855975,Unknown,2025-1,global
67856047,Unknown,2025-1,global
67856062,Unknown,2025-1,global
21133172,Unknown,2025-1,europe
10066,Unknown,2025-1,europe
67903888,Unknown,2025-1,global
5325,Unknown,2025-1,global
18374,Unknown,2025-1,global
190328,Unknown,2025-1,global
191828,Unknown,2025-1,global
194087,Unknown,2025-1,global
194907,Unknown,2025-1,global
47141354,Unknown,2025-1,global
47141712,Unknown,2025-1,global
258716332,Unknown,2025-1,global
47142939,Unknown,2025-1,global
258746903,Unknown,2025-1,global
47143476,Unknown,2025-1,global
47144957,Unknown,2025-1,global
49437996,Unknown,2025-1,global
49438012,Unknown,2025-1,global
67962484,Unknown,2025-1,europe
67962660,Unknown,2025-1,europe
67963784,Unknown,2025-1,europe
67963815,Unknown,2025-1,europe
67963974,Unknown,2025-1,global
67963974,Unknown,2025-1,europe
67963992,Unknown,2025-1,europe
67964123,Unknown,2025-1,global
67964123,Unknown,2025-1,europe
67964264,Unknown,2025-1,europe
67964394,Unknown,2025-1,global
67964394,Unknown,2025-1,europe
67964577,Unknown,2025-1,europe
67964842,Unknown,2025-1,europe
67964953,Unknown,2025-1,europe
67965135,Unknown,2025-1,europe
67965222,Unknown,2025-1,global
67965222,Unknown,2025-1,europe
67965706,Unknown,2025-1,global
67965706,Unknown,2025-1,europe
67965997,Unknown,2025-1,europe
67966147,Unknown,2025-1,global
67966147,Unknown,2025-1,europe
67966167,Unknown,2025-1,europe
67966197,Unknown,2025-1,global
67966197,Unknown,2025-1,europe
67966222,Unknown,2025-1,europe
67966246,Unknown,2025-1,europe
67966271,Unknown,2025-1,europe
67966291,Unknown,2025-1,global
67966291,Unknown,2025-1,europe
67966314,Unknown,2025-1,europe
67966400,Unknown,2025-1,europe
67966420,Unknown,2025-1,europe
67966497,Unknown,2025-1,europe
67968507,Unknown,2025-1,global
67968587,Unknown,2025-1,global
67968659,Unknown,2025-1,global
67968705,Unknown,2025-1,global
67968922,Unknown,2025-1,global
67968953,Unknown,2025-1,global
155277,Unknown,2025-1,global
67968479,Unknown,2025-1,global
67968571,Unknown,2025-1,global
67968599,Unknown,2025-1,global
67970238,Unknown,2025-1,global
68001146,Unknown,2025-1,global
68282959,Unknown,2025-1,global
68282959,Unknown,2025-1,caribbean
68283383,Unknown,2025-1,global
68308810,Unknown,2025-1,global
68308851,Unknown,2025-1,global
68308851,Unknown,2025-1,caribbean
68308842,Unknown,2025-1,global
68308842,Unknown,2025-1,caribbean
68309086,Unknown,2025-1,global
68309086,Unknown,2025-1,caribbean
68324374,Unknown,2025-1,global
68324665,Unknown,2025-1,global
68326478,Unknown,2025-1,global
68326585,Unknown,2025-1,global
68327714,Unknown,2025-1,global
68328081,Unknown,2025-1,global
68328189,Unknown,2025-1,global
68328401,Unknown,2025-1,global
68328587,Unknown,2025-1,global
68328615,Unknown,2025-1,global
68328817,Unknown,2025-1,global
68329106,Unknown,2025-1,global
68329253,Unknown,2025-1,global
68329324,Unknown,2025-1,global
68329463,Unknown,2025-1,global
68329587,Unknown,2025-1,global
68329682,Unknown,2025-1,global
68329725,Unknown,2025-1,global
68329897,Unknown,2025-1,global
68329954,Unknown,2025-1,global
68330082,Unknown,2025-1,global
68330244,Unknown,2025-1,global
68330332,Unknown,2025-1,global
68330520,Unknown,2025-1,global
68330671,Unknown,2025-1,global
68330723,Unknown,2025-1,global
68330883,Unknown,2025-1,global
68330952,Unknown,2025-1,global
68331297,Unknown,2025-1,global
68332134,Unknown,2025-1,global
68332344,Unknown,2025-1,global
68332472,Unknown,2025-1,global
68332598,Unknown,2025-1,global
68332934,Unknown,2025-1,global
68332983,Unknown,2025-1,global
68333054,Unknown,2025-1,global
68333211,Unknown,2025-1,global
68333251,Unknown,2025-1,global
68333279,Unknown,2025-1,global
68372514,Unknown,2025-1,global
68372590,Unknown,2025-1,global
68372601,Unknown,2025-1,global
68377015,Unknown,2025-1,global
68377082,Unknown,2025-1,global
68377310,Unknown,2025-1,global
68377344,Unknown,2025-1,global
68377359,Unknown,2025-1,global
68383670,Unknown,2025-1,global
68396676,Unknown,2025-1,global
68396826,Unknown,2025-1,global
68397428,Unknown,2025-1,global
68397881,Unknown,2025-1,global
68398246,Unknown,2025-1,global
68400330,Unknown,2025-1,global
63119,Unknown,2025-1,global
41718,Unknown,2025-1,global
42703,Unknown,2025-1,global
161596,Unknown,2025-1,global
60179,Unknown,2025-1,global
44186,Unknown,2025-1,global
41721,Unknown,2025-1,global
41722,Unknown,2025-1,global
41723,Unknown,2025-1,global
41724,Unknown,2025-1,global
41725,Unknown,2025-1,global
41726,Unknown,2025-1,global
41727,Unknown,2025-1,global
41728,Unknown,2025-1,global
41729,Unknown,2025-1,global
161434,Unknown,2025-1,global
41731,Unknown,2025-1,global
161387,Unknown,2025-1,global
41732,Unknown,2025-1,global
44171,Unknown,2025-1,global
41735,Unknown,2025-1,global
41746,Unknown,2025-1,global
41749,Unknown,2025-1,global
174145,Unknown,2025-1,global
195422,Unknown,2025-1,global
181361,Unknown,2025-1,global
42710,Unknown,2025-1,global
42709,Unknown,2025-1,global
161321,Unknown,2025-1,global
195443,Unknown,2025-1,global
161489,Unknown,2025-1,global
195444,Unknown,2025-1,global
195445,Unknown,2025-1,global
195447,Unknown,2025-1,global
161535,Unknown,2025-1,global
195449,Unknown,2025-1,global
195450,Unknown,2025-1,global
195451,Unknown,2025-1,global
202053,Unknown,2025-1,global
195452,Unknown,2025-1,global
195453,Unknown,2025-1,global
41802,Unknown,2025-1,global
161649,Unknown,2025-1,global
41805,Unknown,2025-1,global
41806,Unknown,2025-1,global
41807,Unknown,2025-1,global
41808,Unknown,2025-1,global
161407,Unknown,2025-1,global
124696811,Unknown,2025-1,global
41811,Unknown,2025-1,global
42711,Unknown,2025-1,global
41812,Unknown,2025-1,global
161342,Unknown,2025-1,global
42713,Unknown,2025-1,global
161539,Unknown,2025-1,global
41820,Unknown,2025-1,global
41822,Unknown,2025-1,global
41824,Unknown,2025-1,global
41828,Unknown,2025-1,global
41829,Unknown,2025-1,global
161390,Unknown,2025-1,global
161553,Unknown,2025-1,global
161655,Unknown,2025-1,global
195457,Unknown,2025-1,global
195458,Unknown,2025-1,global
195426,Unknown,2025-1,global
161700,Unknown,2025-1,global
195460,Unknown,2025-1,global
195462,Unknown,2025-1,global
161346,Unknown,2025-1,global
60150,Unknown,2025-1,global
60156,Unknown,2025-1,global
195463,Unknown,2025-1,global
195464,Unknown,2025-1,global
161647,Unknown,2025-1,global
161559,Unknown,2025-1,global
195469,Unknown,2025-1,global
195470,Unknown,2025-1,global
161664,Unknown,2025-1,global
42717,Unknown,2025-1,global
41837,Unknown,2025-1,global
41838,Unknown,2025-1,global
161651,Unknown,2025-1,global
195439,Unknown,2025-1,global
41839,Unknown,2025-1,global
41840,Unknown,2025-1,global
41841,Unknown,2025-1,global
195440,Unknown,2025-1,global
41842,Unknown,2025-1,global
41843,Unknown,2025-1,global
41844,Unknown,2025-1,global
161337,Unknown,2025-1,global
195471,Unknown,2025-1,global
195472,Unknown,2025-1,global
195473,Unknown,2025-1,global
42720,Unknown,2025-1,global
42721,Unknown,2025-1,global
161530,Unknown,2025-1,global
41852,Unknown,2025-1,global
41855,Unknown,2025-1,global
195477,Unknown,2025-1,global
195478,Unknown,2025-1,global
195479,Unknown,2025-1,global
41857,Unknown,2025-1,global
41858,Unknown,2025-1,global
42723,Unknown,2025-1,global
158616,Unknown,2025-1,global
42725,Unknown,2025-1,global
42722,Unknown,2025-1,global
42728,Unknown,2025-1,global
41864,Unknown,2025-1,global
18907453,Unknown,2025-1,global
2539,Unknown,2025-1,europe
199413,Unknown,2025-1,global
199413,Unknown,2025-1,europe
199078,Unknown,2025-1,europe
199360,Unknown,2025-1,global
199360,Unknown,2025-1,europe
199161,Unknown,2025-1,europe
21110389,Unknown,2025-1,europe
60470344,Unknown,2025-1,europe
67963793,Unknown,2025-1,global
67963793,Unknown,2025-1,europe
15522152,Unknown,2025-1,europe
60470467,Unknown,2025-1,europe
190126,Unknown,2025-1,europe
190338,Unknown,2025-1,europe
15522210,Unknown,2025-1,europe
16781168,Unknown,2025-1,europe
195708,Unknown,2025-1,europe
190250,Unknown,2025-1,europe
190318,Unknown,2025-1,europe
195805,Unknown,2025-1,europe
198998,Unknown,2025-1,europe
193768,Unknown,2025-1,europe
60485860,Unknown,2025-1,europe
15622706,Unknown,2025-1,europe
188486,Unknown,2025-1,europe
155125,Unknown,2025-1,global
155125,Unknown,2025-1,europe
15622789,Unknown,2025-1,europe
21132668,Unknown,2025-1,europe
21132672,Unknown,2025-1,europe
187455,Unknown,2025-1,global
187455,Unknown,2025-1,europe
187595,Unknown,2025-1,global
187595,Unknown,2025-1,europe
69126067,Unknown,2025-1,global
69126144,Unknown,2025-1,global
69126222,Unknown,2025-1,global
69126533,Unknown,2025-1,global
69126704,Unknown,2025-1,global
69126756,Unknown,2025-1,global
69128053,Unknown,2025-1,global
69128212,Unknown,2025-1,global
69128289,Unknown,2025-1,global
69128107,Unknown,2025-1,global
69128478,Unknown,2025-1,global
69128541,Unknown,2025-1,global
69130320,Unknown,2025-1,global
69130203,Unknown,2025-1,global
69130229,Unknown,2025-1,global
69130241,Unknown,2025-1,global
69130281,Unknown,2025-1,global
47402978,Unknown,2025-1,global
47402974,Unknown,2025-1,global
47269831,Unknown,2025-1,global
47403067,Unknown,2025-1,global
69179838,Unknown,2025-1,global
69180312,Unknown,2025-1,global
69180629,Unknown,2025-1,global
69181442,Unknown,2025-1,global
69181472,Unknown,2025-1,global
69181503,Unknown,2025-1,global
69181519,Unknown,2025-1,global
69182150,Unknown,2025-1,global
196806,Unknown,2025-1,gulf_of mexico
16441120,Unknown,2025-1,gulf_of mexico
190257,Unknown,2025-1,gulf_of mexico
190438,Unknown,2025-1,gulf_of mexico
196672,Unknown,2025-1,gulf_of mexico
190320,Unknown,2025-1,gulf_of mexico
13486514,Unknown,2025-1,gulf_of mexico
189819,Unknown,2025-1,gulf_of mexico
190195,Unknown,2025-1,gulf_of mexico
191831,Unknown,2025-1,gulf_of mexico
191832,Unknown,2025-1,gulf_of mexico
190327,Unknown,2025-1,gulf_of mexico
191833,Unknown,2025-1,gulf_of mexico
191835,Unknown,2025-1,gulf_of mexico
190418,Unknown,2025-1,gulf_of mexico
191308,Unknown,2025-1,gulf_of mexico
191309,Unknown,2025-1,gulf_of mexico
185990,Unknown,2025-1,gulf_of mexico
185992,Unknown,2025-1,gulf_of mexico
186008,Unknown,2025-1,gulf_of mexico
186019,Unknown,2025-1,gulf_of mexico
16759167,Unknown,2025-1,gulf_of mexico
16759176,Unknown,2025-1,gulf_of mexico
16759184,Unknown,2025-1,gulf_of mexico
16759188,Unknown,2025-1,gulf_of mexico
16759321,Unknown,2025-1,gulf_of mexico
16759340,Unknown,2025-1,gulf_of mexico
16811574,Unknown,2025-1,gulf_of mexico
16759353,Unknown,2025-1,gulf_of mexico
16759357,Unknown,2025-1,gulf_of mexico
193272,Unknown,2025-1,gulf_of mexico
16759367,Unknown,2025-1,gulf_of mexico
190111,Unknown,2025-1,gulf_of mexico
191314,Unknown,2025-1,gulf_of mexico
185971,Unknown,2025-1,gulf_of mexico
192930,Unknown,2025-1,gulf_of mexico
185995,Unknown,2025-1,gulf_of mexico
192932,Unknown,2025-1,gulf_of mexico
195883,Unknown,2025-1,gulf_of mexico
185996,Unknown,2025-1,gulf_of mexico
185993,Unknown,2025-1,gulf_of mexico
183992,Unknown,2025-1,gulf_of mexico
185922,Unknown,2025-1,gulf_of mexico
186005,Unknown,2025-1,gulf_of mexico
185942,Unknown,2025-1,gulf_of mexico
195871,Unknown,2025-1,gulf_of mexico
185943,Unknown,2025-1,gulf_of mexico
195872,Unknown,2025-1,gulf_of mexico
190959,Unknown,2025-1,gulf_of mexico
183177,Unknown,2025-1,gulf_of mexico
185944,Unknown,2025-1,gulf_of mexico
185945,Unknown,2025-1,gulf_of mexico
53753301,Unknown,2025-1,gulf_of mexico
185962,Unknown,2025-1,gulf_of mexico
185957,Unknown,2025-1,gulf_of mexico
185959,Unknown,2025-1,gulf_of mexico
191834,Unknown,2025-1,gulf_of mexico
185965,Unknown,2025-1,gulf_of mexico
185964,Unknown,2025-1,gulf_of mexico
190960,Unknown,2025-1,gulf_of mexico
185967,Unknown,2025-1,gulf_of mexico
185986,Unknown,2025-1,gulf_of mexico
185974,Unknown,2025-1,gulf_of mexico
185915,Unknown,2025-1,gulf_of mexico
185999,Unknown,2025-1,gulf_of mexico
186007,Unknown,2025-1,gulf_of mexico
181984,Unknown,2025-1,gulf_of mexico
186012,Unknown,2025-1,gulf_of mexico
190958,Unknown,2025-1,gulf_of mexico
186018,Unknown,2025-1,gulf_of mexico
190957,Unknown,2025-1,gulf_of mexico
186034,Unknown,2025-1,gulf_of mexico
186033,Unknown,2025-1,gulf_of mexico
186028,Unknown,2025-1,gulf_of mexico
186030,Unknown,2025-1,gulf_of mexico
186035,Unknown,2025-1,gulf_of mexico
186040,Unknown,2025-1,gulf_of mexico
186037,Unknown,2025-1,gulf_of mexico
185885,Unknown,2025-1,gulf_of mexico
186041,Unknown,2025-1,gulf_of mexico
186045,Unknown,2025-1,gulf_of mexico
185895,Unknown,2025-1,gulf_of mexico
185898,Unknown,2025-1,gulf_of mexico
185903,Unknown,2025-1,gulf_of mexico
185982,Unknown,2025-1,gulf_of mexico
185981,Unknown,2025-1,gulf_of mexico
185983,Unknown,2025-1,gulf_of mexico
185909,Unknown,2025-1,gulf_of mexico
191196,Unknown,2025-1,gulf_of mexico
15521852,Unknown,2025-1,gulf_of mexico
15521875,Unknown,2025-1,gulf_of mexico
15521927,Unknown,2025-1,gulf_of mexico
191197,Unknown,2025-1,gulf_of mexico
166985,Unknown,2025-1,gulf_of mexico
15521934,Unknown,2025-1,gulf_of mexico
190409,Unknown,2025-1,gulf_of mexico
192945,Unknown,2025-1,gulf_of mexico
190429,Unknown,2025-1,gulf_of mexico
16545072,Unknown,2025-1,gulf_of mexico
16545086,Unknown,2025-1,gulf_of mexico
16545164,Unknown,2025-1,gulf_of mexico
16546072,Unknown,2025-1,gulf_of mexico
196694,Unknown,2025-1,gulf_of mexico
16749571,Unknown,2025-1,gulf_of mexico
16749725,Unknown,2025-1,gulf_of mexico
186052,Unknown,2025-1,gulf_of mexico
193264,Unknown,2025-1,gulf_of mexico
46104895,Unknown,2025-1,gulf_of mexico
46104959,Unknown,2025-1,gulf_of mexico
46105095,Unknown,2025-1,gulf_of mexico
69183093,Unknown,2025-1,global
69539228,Unknown,2025-1,global
69539262,Unknown,2025-1,global
69539271,Unknown,2025-1,global
69539284,Unknown,2025-1,global
69539293,Unknown,2025-1,global
69539322,Unknown,2025-1,global
69539343,Unknown,2025-1,global
69539356,Unknown,2025-1,global
69539421,Unknown,2025-1,global
69539499,Unknown,2025-1,global
69539506,Unknown,2025-1,global
69539564,Unknown,2025-1,global
69539597,Unknown,2025-1,global
69539611,Unknown,2025-1,global
69539627,Unknown,2025-1,global
69544955,Unknown,2025-1,global
69545233,Unknown,2025-1,global
69545271,Unknown,2025-1,global
69545286,Unknown,2025-1,global
69545298,Unknown,2025-1,global
69545310,Unknown,2025-1,global
69545322,Unknown,2025-1,global
69545329,Unknown,2025-1,global
69545332,Unknown,2025-1,global
69545347,Unknown,2025-1,global
69545360,Unknown,2025-1,global
69545393,Unknown,2025-1,global
69545420,Unknown,2025-1,global
69545432,Unknown,2025-1,global
69545437,Unknown,2025-1,global
69545446,Unknown,2025-1,global
69545454,Unknown,2025-1,global
69545457,Unknown,2025-1,global
69545475,Unknown,2025-1,global
69545484,Unknown,2025-1,global
69545534,Unknown,2025-1,global
69545542,Unknown,2025-1,global
69545545,Unknown,2025-1,global
69545550,Unknown,2025-1,global
69545557,Unknown,2025-1,global
193267,Unknown,2025-1,gulf_of mexico
193268,Unknown,2025-1,gulf_of mexico
46106057,Unknown,2025-1,gulf_of mexico
16749758,Unknown,2025-1,gulf_of mexico
47148543,Unknown,2025-1,gulf_of mexico
193271,Unknown,2025-1,gulf_of mexico
46106542,Unknown,2025-1,gulf_of mexico
16407002,Unknown,2025-1,gulf_of mexico
20666401,Unknown,2025-1,gulf_of mexico
16750054,Unknown,2025-1,gulf_of mexico
16750728,Unknown,2025-1,gulf_of mexico
190178,Unknown,2025-1,gulf_of mexico
16433850,Unknown,2025-1,gulf_of mexico
16433946,Unknown,2025-1,gulf_of mexico
16407017,Unknown,2025-1,gulf_of mexico
16439926,Unknown,2025-1,gulf_of mexico
190226,Unknown,2025-1,gulf_of mexico
190251,Unknown,2025-1,gulf_of mexico
190173,Unknown,2025-1,gulf_of mexico
190121,Unknown,2025-1,gulf_of mexico
47149869,Unknown,2025-1,gulf_of mexico
190290,Unknown,2025-1,gulf_of mexico
16751128,Unknown,2025-1,gulf_of mexico
16759093,Unknown,2025-1,gulf_of mexico
16759066,Unknown,2025-1,gulf_of mexico
47149703,Unknown,2025-1,gulf_of mexico
16759111,Unknown,2025-1,gulf_of mexico
16759126,Unknown,2025-1,gulf_of mexico
16759144,Unknown,2025-1,gulf_of mexico
190105,Unknown,2025-1,gulf_of mexico
16759242,Unknown,2025-1,gulf_of mexico
16759398,Unknown,2025-1,gulf_of mexico
16759463,Unknown,2025-1,gulf_of mexico
16759509,Unknown,2025-1,gulf_of mexico
190218,Unknown,2025-1,gulf_of mexico
190297,Unknown,2025-1,gulf_of mexico
16759518,Unknown,2025-1,gulf_of mexico
16759549,Unknown,2025-1,gulf_of mexico
16759552,Unknown,2025-1,gulf_of mexico
16759556,Unknown,2025-1,gulf_of mexico
190339,Unknown,2025-1,gulf_of mexico
16759559,Unknown,2025-1,gulf_of mexico
16759567,Unknown,2025-1,gulf_of mexico
69181491,Unknown,2025-1,global
69584026,Unknown,2025-1,global
69584048,Unknown,2025-1,global
69584098,Unknown,2025-1,global
69584101,Unknown,2025-1,global
69584331,Unknown,2025-1,global
69584359,Unknown,2025-1,global
69584395,Unknown,2025-1,global
69584403,Unknown,2025-1,global
69584417,Unknown,2025-1,global
69584420,Unknown,2025-1,global
69584428,Unknown,2025-1,global
69584431,Unknown,2025-1,global
69584435,Unknown,2025-1,global
69584469,Unknown,2025-1,global
69584488,Unknown,2025-1,global
69584519,Unknown,2025-1,global
69584524,Unknown,2025-1,global
69584537,Unknown,2025-1,global
69584560,Unknown,2025-1,global
69584566,Unknown,2025-1,global
69584573,Unknown,2025-1,global
69584835,Unknown,2025-1,global
69585676,Unknown,2025-1,global
69585696,Unknown,2025-1,global
69586094,Unknown,2025-1,global
69586671,Unknown,2025-1,global
69587098,Unknown,2025-1,global
69587107,Unknown,2025-1,global
69587178,Unknown,2025-1,global
69587263,Unknown,2025-1,global
69587548,Unknown,2025-1,global
69587773,Unknown,2025-1,global
69588014,Unknown,2025-1,global
69588682,Unknown,2025-1,global
69588709,Unknown,2025-1,global
69588731,Unknown,2025-1,global
69588764,Unknown,2025-1,global
69588900,Unknown,2025-1,global
69588906,Unknown,2025-1,global
69588920,Unknown,2025-1,global
69588949,Unknown,2025-1,global
69588952,Unknown,2025-1,global
69588988,Unknown,2025-1,global
69589013,Unknown,2025-1,global
69589017,Unknown,2025-1,global
69590149,Unknown,2025-1,global
69590390,Unknown,2025-1,global
69590801,Unknown,2025-1,global
69590820,Unknown,2025-1,global
69590843,Unknown,2025-1,global
69590885,Unknown,2025-1,global
69590936,Unknown,2025-1,global
69590965,Unknown,2025-1,global
69591007,Unknown,2025-1,global
69591058,Unknown,2025-1,global
69591538,Unknown,2025-1,global
69591554,Unknown,2025-1,global
69591683,Unknown,2025-1,global
69591715,Unknown,2025-1,global
69591773,Unknown,2025-1,global
69591811,Unknown,2025-1,global
69591923,Unknown,2025-1,global
69591978,Unknown,2025-1,global
69592009,Unknown,2025-1,global
69592012,Unknown,2025-1,global
69592038,Unknown,2025-1,global
69592051,Unknown,2025-1,global
69592060,Unknown,2025-1,global
69592095,Unknown,2025-1,global
47139706,Unknown,2025-1,gulf_of mexico
69616870,Unknown,2025-1,global
186038,Unknown,2025-1,gulf_of mexico
186042,Unknown,2025-1,gulf_of mexico
186043,Unknown,2025-1,gulf_of mexico
69739708,Unknown,2025-1,global
69739731,Unknown,2025-1,global
69739816,Unknown,2025-1,global
69739933,Unknown,2025-1,global
69740574,Unknown,2025-1,global
69740648,Unknown,2025-1,global
69740837,Unknown,2025-1,global
69740861,Unknown,2025-1,global
69740895,Unknown,2025-1,global
69741187,Unknown,2025-1,global
69741220,Unknown,2025-1,global
69741251,Unknown,2025-1,global
69741345,Unknown,2025-1,global
69741351,Unknown,2025-1,global
69741708,Unknown,2025-1,global
69741720,Unknown,2025-1,global
69741856,Unknown,2025-1,global
69741907,Unknown,2025-1,global
69741958,Unknown,2025-1,global
69742023,Unknown,2025-1,global
69743659,Unknown,2025-1,global
69743737,Unknown,2025-1,global
69743759,Unknown,2025-1,global
69743778,Unknown,2025-1,global
69743867,Unknown,2025-1,global
69743871,Unknown,2025-1,global
69743987,Unknown,2025-1,global
69744004,Unknown,2025-1,global
69744038,Unknown,2025-1,global
69744154,Unknown,2025-1,global
69744177,Unknown,2025-1,global
69744182,Unknown,2025-1,global
69744195,Unknown,2025-1,global
69744273,Unknown,2025-1,global
69744363,Unknown,2025-1,global
69744396,Unknown,2025-1,global
69744444,Unknown,2025-1,global
69745130,Unknown,2025-1,global
16441862,Unknown,2025-1,gulf_of mexico
69115853,Unknown,2025-1,global
69778589,Unknown,2025-1,global
69778885,Unknown,2025-1,global
69778947,Unknown,2025-1,global
69779049,Unknown,2025-1,global
69779213,Unknown,2025-1,global
69779346,Unknown,2025-1,global
69779492,Unknown,2025-1,global
69779572,Unknown,2025-1,global
69779611,Unknown,2025-1,global
69779638,Unknown,2025-1,global
69779647,Unknown,2025-1,global
69779662,Unknown,2025-1,global
69779925,Unknown,2025-1,global
69779937,Unknown,2025-1,global
69779969,Unknown,2025-1,global
69779983,Unknown,2025-1,global
69780030,Unknown,2025-1,global
69780099,Unknown,2025-1,global
69780323,Unknown,2025-1,global
69780344,Unknown,2025-1,global
69780365,Unknown,2025-1,global
69780520,Unknown,2025-1,global
69781742,Unknown,2025-1,global
69781826,Unknown,2025-1,global
69781901,Unknown,2025-1,global
69778452,Unknown,2025-1,global
69786726,Unknown,2025-1,global
69786877,Unknown,2025-1,global
69787135,Unknown,2025-1,global
69787355,Unknown,2025-1,global
69787466,Unknown,2025-1,global
69789503,Unknown,2025-1,global
69789808,Unknown,2025-1,global
69789961,Unknown,2025-1,global
69790220,Unknown,2025-1,global
69790273,Unknown,2025-1,global
69790309,Unknown,2025-1,global
69790438,Unknown,2025-1,global
69790649,Unknown,2025-1,global
69790740,Unknown,2025-1,global
69800704,Unknown,2025-1,global
69793032,Unknown,2025-1,global
69793068,Unknown,2025-1,global
69793201,Unknown,2025-1,global
69793403,Unknown,2025-1,global
69793564,Unknown,2025-1,global
69793633,Unknown,2025-1,global
69793471,Unknown,2025-1,global
69793953,Unknown,2025-1,global
69794152,Unknown,2025-1,global
69794251,Unknown,2025-1,global
69797761,Unknown,2025-1,global
69797998,Unknown,2025-1,global
69798179,Unknown,2025-1,global
69798315,Unknown,2025-1,global
69798438,Unknown,2025-1,global
69798514,Unknown,2025-1,global
69798517,Unknown,2025-1,global
69798558,Unknown,2025-1,global
69798571,Unknown,2025-1,global
69798762,Unknown,2025-1,global
69798835,Unknown,2025-1,global
69798967,Unknown,2025-1,global
69799144,Unknown,2025-1,global
69799447,Unknown,2025-1,global
69799689,Unknown,2025-1,global
69799861,Unknown,2025-1,global
69800019,Unknown,2025-1,global
69800178,Unknown,2025-1,global
69800282,Unknown,2025-1,global
69800391,Unknown,2025-1,global
69800498,Unknown,2025-1,global
185954,Unknown,2025-1,gulf_of mexico
155021,Unknown,2025-1,gulf_of mexico
185958,Unknown,2025-1,gulf_of mexico
185960,Unknown,2025-1,gulf_of mexico
185952,Unknown,2025-1,gulf_of mexico
185955,Unknown,2025-1,gulf_of mexico
185980,Unknown,2025-1,gulf_of mexico
186013,Unknown,2025-1,gulf_of mexico
154799,Unknown,2025-1,gulf_of mexico
69179175,Unknown,2025-1,global
69917280,Unknown,2025-1,global
69917385,Unknown,2025-1,global
69917415,Unknown,2025-1,global
69917655,Unknown,2025-1,global
69917664,Unknown,2025-1,global
69917722,Unknown,2025-1,global
69917860,Unknown,2025-1,global
69917918,Unknown,2025-1,global
69918183,Unknown,2025-1,global
69918242,Unknown,2025-1,global
69918395,Unknown,2025-1,global
69918402,Unknown,2025-1,global
69918506,Unknown,2025-1,global
69918527,Unknown,2025-1,global
69918570,Unknown,2025-1,global
69918587,Unknown,2025-1,global
69918603,Unknown,2025-1,global
69918624,Unknown,2025-1,global
69918815,Unknown,2025-1,global
69918902,Unknown,2025-1,global
69918967,Unknown,2025-1,global
69919009,Unknown,2025-1,global
69919036,Unknown,2025-1,global
69919192,Unknown,2025-1,global
69919214,Unknown,2025-1,global
69919230,Unknown,2025-1,global
69919253,Unknown,2025-1,global
69919266,Unknown,2025-1,global
69919546,Unknown,2025-1,global
69919569,Unknown,2025-1,global
69919731,Unknown,2025-1,global
69920041,Unknown,2025-1,global
69920173,Unknown,2025-1,global
69920296,Unknown,2025-1,global
69920346,Unknown,2025-1,global
69920774,Unknown,2025-1,global
190190,Unknown,2025-1,global
154767,Unknown,2025-1,gulf_of mexico
155207,Unknown,2025-1,gulf_of mexico
154844,Unknown,2025-1,gulf_of mexico
155259,Unknown,2025-1,gulf_of mexico
46104027,Unknown,2025-1,gulf_of mexico
46104052,Unknown,2025-1,gulf_of mexico
46104061,Unknown,2025-1,gulf_of mexico
46104064,Unknown,2025-1,gulf_of mexico
46104071,Unknown,2025-1,gulf_of mexico
46104074,Unknown,2025-1,gulf_of mexico
191828,Unknown,2025-1,gulf_of mexico
46104090,Unknown,2025-1,gulf_of mexico
46104127,Unknown,2025-1,gulf_of mexico
47142333,Unknown,2025-1,gulf_of mexico
46104133,Unknown,2025-1,gulf_of mexico
46104139,Unknown,2025-1,gulf_of mexico
46104142,Unknown,2025-1,gulf_of mexico
46104147,Unknown,2025-1,gulf_of mexico
46104150,Unknown,2025-1,gulf_of mexico
47143351,Unknown,2025-1,gulf_of mexico
165621,Unknown,2025-1,gulf_of mexico
165646,Unknown,2025-1,gulf_of mexico
190329,Unknown,2025-1,gulf_of mexico
46104160,Unknown,2025-1,gulf_of mexico
46104167,Unknown,2025-1,gulf_of mexico
155059,Unknown,2025-1,gulf_of mexico
46104173,Unknown,2025-1,gulf_of mexico
194309,Unknown,2025-1,gulf_of mexico
132764,Unknown,2025-1,gulf_of mexico
7854,Unknown,2025-1,gulf_of mexico
195409,Unknown,2025-1,gulf_of mexico
132771,Unknown,2025-1,gulf_of mexico
155279,Unknown,2025-1,gulf_of mexico
44682,Unknown,2025-1,gulf_of mexico
132727,Unknown,2025-1,gulf_of mexico
16781113,Unknown,2025-1,gulf_of mexico
16781124,Unknown,2025-1,gulf_of mexico
46109145,Unknown,2025-1,gulf_of mexico
187570,Unknown,2025-1,gulf_of mexico
187672,Unknown,2025-1,gulf_of mexico
187546,Unknown,2025-1,gulf_of mexico
190757,Unknown,2025-1,gulf_of mexico
187613,Unknown,2025-1,gulf_of mexico
187456,Unknown,2025-1,gulf_of mexico
187703,Unknown,2025-1,gulf_of mexico
187482,Unknown,2025-1,gulf_of mexico
187405,Unknown,2025-1,gulf_of mexico
187512,Unknown,2025-1,gulf_of mexico
187724,Unknown,2025-1,gulf_of mexico
187549,Unknown,2025-1,gulf_of mexico
187444,Unknown,2025-1,gulf_of mexico
187584,Unknown,2025-1,gulf_of mexico
187736,Unknown,2025-1,gulf_of mexico
190730,Unknown,2025-1,gulf_of mexico
190720,Unknown,2025-1,gulf_of mexico
190709,Unknown,2025-1,gulf_of mexico
190732,Unknown,2025-1,gulf_of mexico
190750,Unknown,2025-1,gulf_of mexico
190698,Unknown,2025-1,gulf_of mexico
190768,Unknown,2025-1,gulf_of mexico
190729,Unknown,2025-1,gulf_of mexico
190738,Unknown,2025-1,gulf_of mexico
190712,Unknown,2025-1,gulf_of mexico
190721,Unknown,2025-1,gulf_of mexico
190734,Unknown,2025-1,gulf_of mexico
187652,Unknown,2025-1,gulf_of mexico
154697,Unknown,2025-1,gulf_of mexico
187670,Unknown,2025-1,gulf_of mexico
46104241,Unknown,2025-1,gulf_of mexico
46104211,Unknown,2025-1,gulf_of mexico
46104218,Unknown,2025-1,gulf_of mexico
46104232,Unknown,2025-1,gulf_of mexico
21132053,Unknown,2025-1,gulf_of mexico
46104265,Unknown,2025-1,gulf_of mexico
46104430,Unknown,2025-1,gulf_of mexico
47144544,Unknown,2025-1,gulf_of mexico
46104765,Unknown,2025-1,gulf_of mexico
46104789,Unknown,2025-1,gulf_of mexico
47144879,Unknown,2025-1,gulf_of mexico
46104807,Unknown,2025-1,gulf_of mexico
46104864,Unknown,2025-1,gulf_of mexico
155126,Unknown,2025-1,gulf_of mexico
20665797,Unknown,2025-1,gulf_of mexico
20665832,Unknown,2025-1,gulf_of mexico
20665873,Unknown,2025-1,gulf_of mexico
154764,Unknown,2025-1,gulf_of mexico
165837,Unknown,2025-1,gulf_of mexico
165910,Unknown,2025-1,gulf_of mexico
188315,Unknown,2025-1,gulf_of mexico
188624,Unknown,2025-1,gulf_of mexico
188607,Unknown,2025-1,gulf_of mexico
188469,Unknown,2025-1,gulf_of mexico
188617,Unknown,2025-1,gulf_of mexico
188592,Unknown,2025-1,gulf_of mexico
188569,Unknown,2025-1,gulf_of mexico
188471,Unknown,2025-1,gulf_of mexico
188496,Unknown,2025-1,gulf_of mexico
170156,Unknown,2025-1,gulf_of mexico
170190,Unknown,2025-1,gulf_of mexico
170249,Unknown,2025-1,gulf_of mexico
170187,Unknown,2025-1,gulf_of mexico
170233,Unknown,2025-1,gulf_of mexico
170178,Unknown,2025-1,gulf_of mexico
170207,Unknown,2025-1,gulf_of mexico
170205,Unknown,2025-1,gulf_of mexico
170182,Unknown,2025-1,gulf_of mexico
170264,Unknown,2025-1,gulf_of mexico
15873,Unknown,2025-1,gulf_of mexico
170180,Unknown,2025-1,gulf_of mexico
46107486,Unknown,2025-1,gulf_of mexico
46107620,Unknown,2025-1,gulf_of mexico
46107890,Unknown,2025-1,gulf_of mexico
47150056,Unknown,2025-1,gulf_of mexico
46108119,Unknown,2025-1,gulf_of mexico
155212,Unknown,2025-1,gulf_of mexico
47150446,Unknown,2025-1,gulf_of mexico
10082,Unknown,2025-1,gulf_of mexico
10089,Unknown,2025-1,gulf_of mexico
65370664,Unknown,2025-1,gulf_of mexico
46109068,Unknown,2025-1,gulf_of mexico
46109095,Unknown,2025-1,gulf_of mexico
47153791,Unknown,2025-1,gulf_of mexico
178978,Unknown,2025-1,gulf_of mexico
178910,Unknown,2025-1,gulf_of mexico
179116,Unknown,2025-1,gulf_of mexico
178898,Unknown,2025-1,gulf_of mexico
16439848,Unknown,2025-1,europe
47149866,Unknown,2025-1,gulf_of mexico
70679787,Unknown,2025-1,global
70681387,Unknown,2025-1,global
70688333,Unknown,2025-1,global
47153711,Unknown,2025-1,gulf_of mexico
154613,Unknown,2025-1,europe
154668,Unknown,2025-1,europe
154981,Unknown,2025-1,europe
155075,Unknown,2025-1,europe
155106,Unknown,2025-1,europe
155132,Unknown,2025-1,europe
155169,Unknown,2025-1,europe
155189,Unknown,2025-1,europe
189829,Unknown,2025-1,europe
190130,Unknown,2025-1,europe
190159,Unknown,2025-1,europe
190181,Unknown,2025-1,europe
190272,Unknown,2025-1,europe
190278,Unknown,2025-1,europe
190303,Unknown,2025-1,europe
190373,Unknown,2025-1,europe
190427,Unknown,2025-1,europe
190435,Unknown,2025-1,europe
190477,Unknown,2025-1,europe
190480,Unknown,2025-1,europe
21132889,Unknown,2025-1,europe
21132917,Unknown,2025-1,europe
21132997,Unknown,2025-1,europe
21133000,Unknown,2025-1,europe
21133099,Unknown,2025-1,europe
60469232,Unknown,2025-1,europe
60470358,Unknown,2025-1,europe
67968236,Unknown,2025-1,global
67968236,Unknown,2025-1,europe
68062225,Unknown,2025-1,europe
68062262,Unknown,2025-1,europe
68063640,Unknown,2025-1,europe
68064100,Unknown,2025-1,europe
68064267,Unknown,2025-1,europe
68064271,Unknown,2025-1,europe
68064506,Unknown,2025-1,europe
68064747,Unknown,2025-1,europe
68064929,Unknown,2025-1,europe
68202649,Unknown,2025-1,global
68202649,Unknown,2025-1,europe
44222,Unknown,2025-1,global
44223,Unknown,2025-1,global
44225,Unknown,2025-1,global
63127,Unknown,2025-1,global
41875,Unknown,2025-1,global
42718,Unknown,2025-1,global
41856,Unknown,2025-1,global
47153782,Unknown,2025-1,gulf_of mexico
190168,Unknown,2025-1,gulf_of mexico
46103983,Unknown,2025-1,gulf_of mexico
50078139,Unknown,2025-1,global
60469186,Unknown,2025-1,europe
60481885,Unknown,2025-1,europe
67968894,Unknown,2025-1,europe
21112836,Unknown,2025-1,europe
154844,Unknown,2025-1,europe
191829,Unknown,2025-1,europe
190117,Unknown,2025-1,europe
190447,Unknown,2025-1,europe
21112867,Unknown,2025-1,europe
60469712,Unknown,2025-1,europe
190260,Unknown,2025-1,europe
190331,Unknown,2025-1,europe
21113904,Unknown,2025-1,europe
60471792,Unknown,2025-1,europe
60471825,Unknown,2025-1,europe
60483083,Unknown,2025-1,europe
60483092,Unknown,2025-1,europe
193606,Unknown,2025-1,europe
190137,Unknown,2025-1,europe
190461,Unknown,2025-1,europe
47164926,Unknown,2025-1,europe
13462713,Unknown,2025-1,europe
20665551,Unknown,2025-1,europe
16509242,Unknown,2025-1,europe
60470680,Unknown,2025-1,europe
21132825,Unknown,2025-1,europe
60469980,Unknown,2025-1,europe
190223,Unknown,2025-1,europe
190356,Unknown,2025-1,europe
195839,Unknown,2025-1,europe
15521875,Unknown,2025-1,europe
60470792,Unknown,2025-1,europe
60470817,Unknown,2025-1,europe
20665719,Unknown,2025-1,europe
20665743,Unknown,2025-1,europe
13462745,Unknown,2025-1,europe
190334,Unknown,2025-1,europe
60470770,Unknown,2025-1,europe
60472203,Unknown,2025-1,europe
60472409,Unknown,2025-1,europe
42830286,Unknown,2025-1,europe
60471195,Unknown,2025-1,europe
60482037,Unknown,2025-1,europe
190237,Unknown,2025-1,europe
60477122,Unknown,2025-1,europe
60477337,Unknown,2025-1,europe
60477619,Unknown,2025-1,europe
21132822,Unknown,2025-1,europe
60477991,Unknown,2025-1,europe
60478393,Unknown,2025-1,europe
60482810,Unknown,2025-1,europe
60482859,Unknown,2025-1,europe
61934264,Unknown,2025-1,europe
42830239,Unknown,2025-1,europe
60481712,Unknown,2025-1,europe
193634,Unknown,2025-1,europe
60481663,Unknown,2025-1,europe
60471850,Unknown,2025-1,europe
15522236,Unknown,2025-1,europe
190488,Unknown,2025-1,europe
190314,Unknown,2025-1,europe
15598672,Unknown,2025-1,europe
15598791,Unknown,2025-1,europe
15598799,Unknown,2025-1,europe
15598815,Unknown,2025-1,europe
15598938,Unknown,2025-1,europe
15598948,Unknown,2025-1,europe
15598951,Unknown,2025-1,europe
15598957,Unknown,2025-1,europe
15599136,Unknown,2025-1,europe
15599150,Unknown,2025-1,europe
15600738,Unknown,2025-1,europe
190311,Unknown,2025-1,europe
15601865,Unknown,2025-1,europe
15601902,Unknown,2025-1,europe
15601905,Unknown,2025-1,europe
199323,Unknown,2025-1,europe
60481914,Unknown,2025-1,europe
15601909,Unknown,2025-1,europe
15601913,Unknown,2025-1,europe
16545183,Unknown,2025-1,europe
47145180,Unknown,2025-1,europe
60469804,Unknown,2025-1,europe
42830251,Unknown,2025-1,europe
60469877,Unknown,2025-1,europe
42830260,Unknown,2025-1,europe
61934241,Unknown,2025-1,europe
60470361,Unknown,2025-1,europe
60471934,Unknown,2025-1,europe
42830277,Unknown,2025-1,europe
60482063,Unknown,2025-1,europe
60482102,Unknown,2025-1,europe
60482105,Unknown,2025-1,europe
60482374,Unknown,2025-1,europe
60482562,Unknown,2025-1,europe
190402,Unknown,2025-1,europe
190201,Unknown,2025-1,europe
190154,Unknown,2025-1,europe
60469264,Unknown,2025-1,europe
60471901,Unknown,2025-1,europe
60482312,Unknown,2025-1,europe
60482748,Unknown,2025-1,europe
60482248,Unknown,2025-1,europe
13485398,Unknown,2025-1,europe
13485631,Unknown,2025-1,europe
21108245,Unknown,2025-1,europe
190255,Unknown,2025-1,europe
16749737,Unknown,2025-1,europe
21112632,Unknown,2025-1,europe
60483273,Unknown,2025-1,europe
21132418,Unknown,2025-1,europe
13485675,Unknown,2025-1,europe
20662018,Unknown,2025-1,europe
190316,Unknown,2025-1,europe
13485856,Unknown,2025-1,europe
15622835,Unknown,2025-1,europe
15622672,Unknown,2025-1,europe
190399,Unknown,2025-1,europe
190341,Unknown,2025-1,europe
190118,Unknown,2025-1,europe
21132859,Unknown,2025-1,europe
60476220,Unknown,2025-1,europe
190353,Unknown,2025-1,europe
21132901,Unknown,2025-1,europe
21132910,Unknown,2025-1,europe
190360,Unknown,2025-1,europe
21132914,Unknown,2025-1,europe
21132928,Unknown,2025-1,europe
21132935,Unknown,2025-1,europe
21132953,Unknown,2025-1,europe
21132963,Unknown,2025-1,europe
190359,Unknown,2025-1,europe
60470382,Unknown,2025-1,europe
21132986,Unknown,2025-1,europe
21132989,Unknown,2025-1,europe
47165317,Unknown,2025-1,europe
47165363,Unknown,2025-1,europe
60470418,Unknown,2025-1,europe
60470422,Unknown,2025-1,europe
21133018,Unknown,2025-1,europe
21133039,Unknown,2025-1,europe
190103,Unknown,2025-1,europe
21133050,Unknown,2025-1,europe
21133091,Unknown,2025-1,europe
21133108,Unknown,2025-1,europe
21133116,Unknown,2025-1,europe
47165472,Unknown,2025-1,europe
47165490,Unknown,2025-1,europe
21112669,Unknown,2025-1,europe
199056,Unknown,2025-1,europe
199366,Unknown,2025-1,europe
199025,Unknown,2025-1,europe
16441698,Unknown,2025-1,europe
190296,Unknown,2025-1,europe
60471925,Unknown,2025-1,europe
16449531,Unknown,2025-1,europe
21110117,Unknown,2025-1,europe
21133207,Unknown,2025-1,europe
21133010,Unknown,2025-1,europe
190256,Unknown,2025-1,europe
60471855,Unknown,2025-1,europe
71942692,Unknown,2025-1,europe
60471860,Unknown,2025-1,europe
21133035,Unknown,2025-1,europe
60473762,Unknown,2025-1,europe
60474290,Unknown,2025-1,europe
47402970,Unknown,2025-1,global
47270035,Unknown,2025-1,global
199661,Unknown,2025-1,global
68333312,Unknown,2025-1,global
68333307,Unknown,2025-1,global
75146277,Unknown,2025-1,global
75147101,Unknown,2025-1,global
75147549,Unknown,2025-1,global
75150150,Unknown,2025-1,global
75153246,Unknown,2025-1,global
75153576,Unknown,2025-1,global
75153687,Unknown,2025-1,global
75155119,Unknown,2025-1,global
75155263,Unknown,2025-1,global
75155303,Unknown,2025-1,global
75155644,Unknown,2025-1,global
75156420,Unknown,2025-1,global
75157241,Unknown,2025-1,global
75159326,Unknown,2025-1,global
75159378,Unknown,2025-1,global
75545605,Unknown,2025-1,global
75548420,Unknown,2025-1,global
75550952,Unknown,2025-1,global
75553541,Unknown,2025-1,global
75553587,Unknown,2025-1,global
75553602,Unknown,2025-1,global
75553913,Unknown,2025-1,global
75554336,Unknown,2025-1,global
75555773,Unknown,2025-1,global
75555802,Unknown,2025-1,global
75556569,Unknown,2025-1,global
46104109,Unknown,2025-1,gulf_of mexico
50107293,Unknown,2025-1,mediterranean
56852320,Unknown,2025-1,persian_gulf
170605,Unknown,2025-1,global
170605,Unknown,2025-1,europe
170333,Unknown,2025-1,global
170333,Unknown,2025-1,gulf_of mexico
170338,Unknown,2025-1,gulf_of mexico
170323,Unknown,2025-1,gulf_of mexico
170327,Unknown,2025-1,gulf_of mexico
154906,Unknown,2025-1,gulf_of mexico
190330,Unknown,2025-1,gulf_of mexico
190394,Unknown,2025-1,gulf_of mexico
16440083,Unknown,2025-1,gulf_of mexico
190123,Unknown,2025-1,gulf_of mexico
198575,Unknown,2025-1,gulf_of mexico
190391,Unknown,2025-1,gulf_of mexico
190276,Unknown,2025-1,gulf_of mexico
20885884,Unknown,2025-1,gulf_of mexico
190163,Unknown,2025-1,gulf_of mexico
198566,Unknown,2025-1,gulf_of mexico
190292,Unknown,2025-1,gulf_of mexico
68308810,Unknown,2025-1,gulf_of mexico
20885924,Unknown,2025-1,gulf_of mexico
195038,Unknown,2025-1,gulf_of mexico
190116,Unknown,2025-1,gulf_of mexico
190378,Unknown,2025-1,gulf_of mexico
170357,Unknown,2025-1,gulf_of mexico
190191,Unknown,2025-1,gulf_of mexico
13458323,Unknown,2025-1,gulf_of mexico
16506077,Unknown,2025-1,gulf_of mexico
16407217,Unknown,2025-1,gulf_of mexico
155296,Unknown,2025-1,gulf_of mexico
16407630,Unknown,2025-1,gulf_of mexico
16407645,Unknown,2025-1,gulf_of mexico
154997,Unknown,2025-1,gulf_of mexico
16425572,Unknown,2025-1,gulf_of mexico
16425603,Unknown,2025-1,gulf_of mexico
154928,Unknown,2025-1,gulf_of mexico
190161,Unknown,2025-1,gulf_of mexico
20665243,Unknown,2025-1,gulf_of mexico
155030,Unknown,2025-1,gulf_of mexico
20661580,Unknown,2025-1,gulf_of mexico
190148,Unknown,2025-1,gulf_of mexico
16440965,Unknown,2025-1,gulf_of mexico
190420,Unknown,2025-1,gulf_of mexico
16442472,Unknown,2025-1,gulf_of mexico
16442487,Unknown,2025-1,gulf_of mexico
16442540,Unknown,2025-1,gulf_of mexico
16443048,Unknown,2025-1,gulf_of mexico
16443217,Unknown,2025-1,gulf_of mexico
16443285,Unknown,2025-1,gulf_of mexico
16447362,Unknown,2025-1,gulf_of mexico
16447568,Unknown,2025-1,gulf_of mexico
16447988,Unknown,2025-1,gulf_of mexico
16449034,Unknown,2025-1,gulf_of mexico
190186,Unknown,2025-1,gulf_of mexico
16431990,Unknown,2025-1,gulf_of mexico
155128,Unknown,2025-1,gulf_of mexico
16466377,Unknown,2025-1,gulf_of mexico
190091,Unknown,2025-1,gulf_of mexico
198676,Unknown,2025-1,gulf_of mexico
16545253,Unknown,2025-1,gulf_of mexico
16545256,Unknown,2025-1,gulf_of mexico
20664078,Unknown,2025-1,gulf_of mexico
68283383,Unknown,2025-1,gulf_of mexico
190200,Unknown,2025-1,gulf_of mexico
20664658,Unknown,2025-1,gulf_of mexico
20664320,Unknown,2025-1,gulf_of mexico
20664652,Unknown,2025-1,gulf_of mexico
16425187,Unknown,2025-1,gulf_of mexico
16425314,Unknown,2025-1,gulf_of mexico
190072,Unknown,2025-1,gulf_of mexico
47145752,Unknown,2025-1,gulf_of mexico
47145793,Unknown,2025-1,gulf_of mexico
47145877,Unknown,2025-1,gulf_of mexico
16749737,Unknown,2025-1,gulf_of mexico
198558,Unknown,2025-1,gulf_of mexico
190397,Unknown,2025-1,gulf_of mexico
16778750,Unknown,2025-1,gulf_of mexico
154693,Unknown,2025-1,gulf_of mexico
16778824,Unknown,2025-1,gulf_of mexico
190086,Unknown,2025-1,gulf_of mexico
16779096,Unknown,2025-1,gulf_of mexico
16779138,Unknown,2025-1,gulf_of mexico
190233,Unknown,2025-1,gulf_of mexico
16779209,Unknown,2025-1,gulf_of mexico
16779221,Unknown,2025-1,gulf_of mexico
16779236,Unknown,2025-1,gulf_of mexico
190336,Unknown,2025-1,gulf_of mexico
16779248,Unknown,2025-1,gulf_of mexico
16779254,Unknown,2025-1,gulf_of mexico
16779258,Unknown,2025-1,gulf_of mexico
16779308,Unknown,2025-1,gulf_of mexico
154624,Unknown,2025-1,gulf_of mexico
190484,Unknown,2025-1,gulf_of mexico
46109104,Unknown,2025-1,gulf_of mexico
16779264,Unknown,2025-1,gulf_of mexico
16779383,Unknown,2025-1,gulf_of mexico
16779424,Unknown,2025-1,gulf_of mexico
47143398,Unknown,2025-1,gulf_of mexico
13486028,Unknown,2025-1,gulf_of mexico
16441631,Unknown,2025-1,gulf_of mexico
16441651,Unknown,2025-1,gulf_of mexico
16441698,Unknown,2025-1,gulf_of mexico
190445,Unknown,2025-1,gulf_of mexico
155213,Unknown,2025-1,gulf_of mexico
13486169,Unknown,2025-1,gulf_of mexico
193609,Unknown,2025-1,gulf_of mexico
193644,Unknown,2025-1,gulf_of mexico
193815,Unknown,2025-1,gulf_of mexico
193752,Unknown,2025-1,gulf_of mexico
155166,Unknown,2025-1,gulf_of mexico
193606,Unknown,2025-1,gulf_of mexico
193817,Unknown,2025-1,gulf_of mexico
193668,Unknown,2025-1,gulf_of mexico
193634,Unknown,2025-1,gulf_of mexico
193615,Unknown,2025-1,gulf_of mexico
190333,Unknown,2025-1,gulf_of mexico
16404974,Unknown,2025-1,gulf_of mexico
190125,Unknown,2025-1,gulf_of mexico
16430203,Unknown,2025-1,gulf_of mexico
16431606,Unknown,2025-1,gulf_of mexico
16781145,Unknown,2025-1,gulf_of mexico
16781154,Unknown,2025-1,gulf_of mexico
16781168,Unknown,2025-1,gulf_of mexico
16781181,Unknown,2025-1,gulf_of mexico
193646,Unknown,2025-1,gulf_of mexico
190106,Unknown,2025-1,gulf_of mexico
193816,Unknown,2025-1,gulf_of mexico
190363,Unknown,2025-1,gulf_of mexico
193725,Unknown,2025-1,gulf_of mexico
193793,Unknown,2025-1,gulf_of mexico
190380,Unknown,2025-1,gulf_of mexico
190464,Unknown,2025-1,gulf_of mexico
193759,Unknown,2025-1,gulf_of mexico
193762,Unknown,2025-1,gulf_of mexico
190193,Unknown,2025-1,gulf_of mexico
193630,Unknown,2025-1,gulf_of mexico
193813,Unknown,2025-1,gulf_of mexico
190281,Unknown,2025-1,gulf_of mexico
16435530,Unknown,2025-1,gulf_of mexico
47144448,Unknown,2025-1,gulf_of mexico
47144466,Unknown,2025-1,gulf_of mexico
47144580,Unknown,2025-1,gulf_of mexico
47144911,Unknown,2025-1,gulf_of mexico
16778406,Unknown,2025-1,gulf_of mexico
16779491,Unknown,2025-1,gulf_of mexico
47141293,Unknown,2025-1,gulf_of mexico
47141736,Unknown,2025-1,gulf_of mexico
185182,Unknown,2025-1,gulf_of mexico
47143394,Unknown,2025-1,gulf_of mexico
47143407,Unknown,2025-1,gulf_of mexico
46086162,Unknown,2025-1,gulf_of mexico
46086190,Unknown,2025-1,gulf_of mexico
194908,Unknown,2025-1,gulf_of mexico
47143869,Unknown,2025-1,gulf_of mexico
190399,Unknown,2025-1,gulf_of mexico
20666166,Unknown,2025-1,gulf_of mexico
190362,Unknown,2025-1,gulf_of mexico
16425141,Unknown,2025-1,gulf_of mexico
16779436,Unknown,2025-1,gulf_of mexico
16781047,Unknown,2025-1,gulf_of mexico
16781050,Unknown,2025-1,gulf_of mexico
16781072,Unknown,2025-1,gulf_of mexico
190283,Unknown,2025-1,gulf_of mexico
16781081,Unknown,2025-1,gulf_of mexico
16781085,Unknown,2025-1,gulf_of mexico
16781101,Unknown,2025-1,gulf_of mexico
164116,Unknown,2025-1,global
189829,Unknown,2025-1,global
47141570,Unknown,2025-1,gulf_of mexico
190097,Unknown,2025-1,gulf_of mexico
16424139,Unknown,2025-1,gulf_of mexico
193273,Unknown,2025-1,gulf_of mexico
16405644,Unknown,2025-1,gulf_of mexico
190269,Unknown,2025-1,gulf_of mexico
16405685,Unknown,2025-1,gulf_of mexico
16406327,Unknown,2025-1,gulf_of mexico
16406525,Unknown,2025-1,gulf_of mexico
191214,Unknown,2025-1,gulf_of mexico
190104,Unknown,2025-1,gulf_of mexico
16406679,Unknown,2025-1,gulf_of mexico
16406934,Unknown,2025-1,gulf_of mexico
190345,Unknown,2025-1,gulf_of mexico
190102,Unknown,2025-1,gulf_of mexico
16425468,Unknown,2025-1,gulf_of mexico
16425533,Unknown,2025-1,gulf_of mexico
190185,Unknown,2025-1,gulf_of mexico
190383,Unknown,2025-1,gulf_of mexico
155181,Unknown,2025-1,gulf_of mexico
16438001,Unknown,2025-1,gulf_of mexico
16778475,Unknown,2025-1,gulf_of mexico
20672326,Unknown,2025-1,gulf_of mexico
16440016,Unknown,2025-1,gulf_of mexico
16765190,Unknown,2025-1,gulf_of mexico
16765067,Unknown,2025-1,gulf_of mexico
16765076,Unknown,2025-1,gulf_of mexico
190478,Unknown,2025-1,gulf_of mexico
154793,Unknown,2025-1,gulf_of mexico
155253,Unknown,2025-1,gulf_of mexico
16465921,Unknown,2025-1,gulf_of mexico
16765806,Unknown,2025-1,gulf_of mexico
16466100,Unknown,2025-1,gulf_of mexico
16766319,Unknown,2025-1,gulf_of mexico
16777242,Unknown,2025-1,gulf_of mexico
16777344,Unknown,2025-1,gulf_of mexico
190208,Unknown,2025-1,gulf_of mexico
190227,Unknown,2025-1,gulf_of mexico
190289,Unknown,2025-1,gulf_of mexico
16777283,Unknown,2025-1,gulf_of mexico
16777347,Unknown,2025-1,gulf_of mexico
190462,Unknown,2025-1,gulf_of mexico
16777363,Unknown,2025-1,gulf_of mexico
190355,Unknown,2025-1,gulf_of mexico
155148,Unknown,2025-1,gulf_of mexico
154807,Unknown,2025-1,gulf_of mexico
16507646,Unknown,2025-1,gulf_of mexico
16502064,Unknown,2025-1,gulf_of mexico
190155,Unknown,2025-1,gulf_of mexico
194971,Unknown,2025-1,global
154749,Unknown,2025-1,gulf_of mexico
190459,Unknown,2025-1,gulf_of mexico
16766235,Unknown,2025-1,gulf_of mexico
16406968,Unknown,2025-1,gulf_of mexico
190441,Unknown,2025-1,gulf_of mexico
16467178,Unknown,2025-1,gulf_of mexico
16427386,Unknown,2025-1,gulf_of mexico
16467411,Unknown,2025-1,gulf_of mexico
190344,Unknown,2025-1,gulf_of mexico
16501568,Unknown,2025-1,gulf_of mexico
16506657,Unknown,2025-1,gulf_of mexico
16435778,Unknown,2025-1,gulf_of mexico
16506725,Unknown,2025-1,gulf_of mexico
190066,Unknown,2025-1,gulf_of mexico
155014,Unknown,2025-1,gulf_of mexico
16431737,Unknown,2025-1,gulf_of mexico
190117,Unknown,2025-1,gulf_of mexico
190340,Unknown,2025-1,gulf_of mexico
16506839,Unknown,2025-1,gulf_of mexico
190139,Unknown,2025-1,gulf_of mexico
78748407,Unknown,2025-1,global
78763607,Unknown,2025-1,global
78763614,Unknown,2025-1,global
78763643,Unknown,2025-1,global
78763977,Unknown,2025-1,global
78764148,Unknown,2025-1,global
78764274,Unknown,2025-1,global
78764677,Unknown,2025-1,global
78764711,Unknown,2025-1,global
78764797,Unknown,2025-1,global
78768971,Unknown,2025-1,global
78768980,Unknown,2025-1,global
78769001,Unknown,2025-1,global
78769011,Unknown,2025-1,global
78769875,Unknown,2025-1,global
78771080,Unknown,2025-1,global
78771101,Unknown,2025-1,global
78771163,Unknown,2025-1,global
78771325,Unknown,2025-1,global
78771329,Unknown,2025-1,global
78771388,Unknown,2025-1,global
78771440,Unknown,2025-1,global
78771516,Unknown,2025-1,global
78771608,Unknown,2025-1,global
78771632,Unknown,2025-1,global
78771700,Unknown,2025-1,global
78771710,Unknown,2025-1,global
78772043,Unknown,2025-1,global
78772250,Unknown,2025-1,global
78772274,Unknown,2025-1,global
78772279,Unknown,2025-1,global
154970,Unknown,2025-1,gulf_of mexico
16427324,Unknown,2025-1,gulf_of mexico
16501868,Unknown,2025-1,gulf_of mexico
20675303,Unknown,2025-1,gulf_of mexico
20675356,Unknown,2025-1,gulf_of mexico
20675360,Unknown,2025-1,gulf_of mexico
190244,Unknown,2025-1,gulf_of mexico
20664969,Unknown,2025-1,gulf_of mexico
16502093,Unknown,2025-1,gulf_of mexico
16503587,Unknown,2025-1,gulf_of mexico
16505486,Unknown,2025-1,gulf_of mexico
16505522,Unknown,2025-1,gulf_of mexico
190249,Unknown,2025-1,gulf_of mexico
16505842,Unknown,2025-1,gulf_of mexico
16505933,Unknown,2025-1,gulf_of mexico
16505959,Unknown,2025-1,gulf_of mexico
185925,Unknown,2025-1,gulf_of mexico
185934,Unknown,2025-1,gulf_of mexico
185938,Unknown,2025-1,gulf_of mexico
185935,Unknown,2025-1,gulf_of mexico
185870,Unknown,2025-1,gulf_of mexico
185924,Unknown,2025-1,gulf_of mexico
190974,Unknown,2025-1,gulf_of mexico
185868,Unknown,2025-1,gulf_of mexico
185929,Unknown,2025-1,gulf_of mexico
195881,Unknown,2025-1,gulf_of mexico
186061,Unknown,2025-1,gulf_of mexico
186036,Unknown,2025-1,gulf_of mexico
162709571,Unknown,2025-1,global
46104928,Unknown,2025-1,global
46104928,Unknown,2025-1,caribbean
185921,Unknown,2025-1,gulf_of mexico
185988,Unknown,2025-1,gulf_of mexico
186025,Unknown,2025-1,gulf_of mexico
186022,Unknown,2025-1,gulf_of mexico
186026,Unknown,2025-1,gulf_of mexico
186053,Unknown,2025-1,gulf_of mexico
197060,Unknown,2025-1,gulf_of mexico
16759139,Unknown,2025-1,gulf_of mexico
195680,Unknown,2025-1,gulf_of mexico
195691,Unknown,2025-1,gulf_of mexico
195694,Unknown,2025-1,gulf_of mexico
195731,Unknown,2025-1,gulf_of mexico
195738,Unknown,2025-1,gulf_of mexico
195744,Unknown,2025-1,gulf_of mexico
190250,Unknown,2025-1,gulf_of mexico
195756,Unknown,2025-1,gulf_of mexico
195762,Unknown,2025-1,gulf_of mexico
190351,Unknown,2025-1,gulf_of mexico
190318,Unknown,2025-1,gulf_of mexico
195796,Unknown,2025-1,gulf_of mexico
195805,Unknown,2025-1,gulf_of mexico
155107,Unknown,2025-1,gulf_of mexico
195812,Unknown,2025-1,gulf_of mexico
195825,Unknown,2025-1,gulf_of mexico
190071,Unknown,2025-1,gulf_of mexico
195674,Unknown,2025-1,gulf_of mexico
16425422,Unknown,2025-1,gulf_of mexico
190166,Unknown,2025-1,gulf_of mexico
190342,Unknown,2025-1,gulf_of mexico
199059,Unknown,2025-1,gulf_of mexico
194968,Unknown,2025-1,gulf_of mexico
199391,Unknown,2025-1,gulf_of mexico
199312,Unknown,2025-1,gulf_of mexico
199270,Unknown,2025-1,gulf_of mexico
199078,Unknown,2025-1,gulf_of mexico
199198,Unknown,2025-1,gulf_of mexico
199205,Unknown,2025-1,gulf_of mexico
199223,Unknown,2025-1,gulf_of mexico
199040,Unknown,2025-1,gulf_of mexico
190400,Unknown,2025-1,gulf_of mexico
155131,Unknown,2025-1,gulf_of mexico
199364,Unknown,2025-1,gulf_of mexico
190375,Unknown,2025-1,gulf_of mexico
190142,Unknown,2025-1,gulf_of mexico
190202,Unknown,2025-1,gulf_of mexico
190426,Unknown,2025-1,gulf_of mexico
16404943,Unknown,2025-1,gulf_of mexico
190430,Unknown,2025-1,gulf_of mexico
199311,Unknown,2025-1,gulf_of mexico
199221,Unknown,2025-1,gulf_of mexico
198996,Unknown,2025-1,gulf_of mexico
199287,Unknown,2025-1,gulf_of mexico
154939,Unknown,2025-1,gulf_of mexico
199361,Unknown,2025-1,gulf_of mexico
199302,Unknown,2025-1,gulf_of mexico
199115,Unknown,2025-1,gulf_of mexico
199390,Unknown,2025-1,gulf_of mexico
199347,Unknown,2025-1,gulf_of mexico
199114,Unknown,2025-1,gulf_of mexico
199272,Unknown,2025-1,gulf_of mexico
199267,Unknown,2025-1,gulf_of mexico
199157,Unknown,2025-1,gulf_of mexico
199256,Unknown,2025-1,gulf_of mexico
190405,Unknown,2025-1,gulf_of mexico
190392,Unknown,2025-1,gulf_of mexico
199029,Unknown,2025-1,gulf_of mexico
190440,Unknown,2025-1,gulf_of mexico
199355,Unknown,2025-1,gulf_of mexico
199106,Unknown,2025-1,gulf_of mexico
191110,Unknown,2025-1,gulf_of mexico
190379,Unknown,2025-1,gulf_of mexico
155069,Unknown,2025-1,gulf_of mexico
190160,Unknown,2025-1,gulf_of mexico
199232,Unknown,2025-1,gulf_of mexico
190308,Unknown,2025-1,gulf_of mexico
190220,Unknown,2025-1,gulf_of mexico
199398,Unknown,2025-1,gulf_of mexico
82626288,Unknown,2025-1,gulf_of mexico
16777804,Unknown,2025-1,gulf_of mexico
16777808,Unknown,2025-1,gulf_of mexico
155040,Unknown,2025-1,gulf_of mexico
16777813,Unknown,2025-1,gulf_of mexico
16778030,Unknown,2025-1,gulf_of mexico
16437988,Unknown,2025-1,gulf_of mexico
190358,Unknown,2025-1,gulf_of mexico
16439642,Unknown,2025-1,gulf_of mexico
16439534,Unknown,2025-1,gulf_of mexico
190081,Unknown,2025-1,gulf_of mexico
15622604,Unknown,2025-1,gulf_of mexico
190219,Unknown,2025-1,gulf_of mexico
16778128,Unknown,2025-1,gulf_of mexico
198581,Unknown,2025-1,gulf_of mexico
79800043,Unknown,2025-1,global
79800053,Unknown,2025-1,global
79800103,Unknown,2025-1,global
79800116,Unknown,2025-1,global
79800135,Unknown,2025-1,global
79800159,Unknown,2025-1,global
79800168,Unknown,2025-1,global
79800178,Unknown,2025-1,global
79800188,Unknown,2025-1,global
79800214,Unknown,2025-1,global
79800251,Unknown,2025-1,global
79800470,Unknown,2025-1,global
79800500,Unknown,2025-1,global
79800513,Unknown,2025-1,global
79800524,Unknown,2025-1,global
79800552,Unknown,2025-1,global
79800562,Unknown,2025-1,global
79800594,Unknown,2025-1,global
79800615,Unknown,2025-1,global
79800624,Unknown,2025-1,global
79800643,Unknown,2025-1,global
79800670,Unknown,2025-1,global
79800687,Unknown,2025-1,global
79800718,Unknown,2025-1,global
79800785,Unknown,2025-1,global
79800801,Unknown,2025-1,global
79800812,Unknown,2025-1,global
79800854,Unknown,2025-1,global
79800922,Unknown,2025-1,global
79800964,Unknown,2025-1,global
79800999,Unknown,2025-1,global
79801034,Unknown,2025-1,global
79801064,Unknown,2025-1,global
79801074,Unknown,2025-1,global
79801089,Unknown,2025-1,global
79802334,Unknown,2025-1,global
79802460,Unknown,2025-1,global
79802705,Unknown,2025-1,global
79802886,Unknown,2025-1,global
79802913,Unknown,2025-1,global
79802989,Unknown,2025-1,global
79803001,Unknown,2025-1,global
79803027,Unknown,2025-1,global
79803041,Unknown,2025-1,global
79803091,Unknown,2025-1,global
79803102,Unknown,2025-1,global
79803143,Unknown,2025-1,global
79803162,Unknown,2025-1,global
79803203,Unknown,2025-1,global
79803225,Unknown,2025-1,global
79803311,Unknown,2025-1,global
79919017,Unknown,2025-1,europe
79928092,Unknown,2025-1,europe
79928352,Unknown,2025-1,europe
16441738,Unknown,2025-1,gulf_of mexico
198763,Unknown,2025-1,global
198763,Unknown,2025-1,europe
198764,Unknown,2025-1,global
198764,Unknown,2025-1,europe
195643,Unknown,2025-1,gulf_of mexico
194967,Unknown,2025-1,gulf_of mexico
195645,Unknown,2025-1,gulf_of mexico
195651,Unknown,2025-1,gulf_of mexico
190473,Unknown,2025-1,gulf_of mexico
199278,Unknown,2025-1,gulf_of mexico
79928204,Unknown,2025-1,global
79928204,Unknown,2025-1,europe
79928337,Unknown,2025-1,europe
39333,Unknown,2025-1,global
44209,Unknown,2025-1,global
44215,Unknown,2025-1,global
44226,Unknown,2025-1,global
60227,Unknown,2025-1,global
60231,Unknown,2025-1,global
161334,Unknown,2025-1,global
161648,Unknown,2025-1,global
161640,Unknown,2025-1,global
39363,Unknown,2025-1,global
39396,Unknown,2025-1,global
60177,Unknown,2025-1,global
60112,Unknown,2025-1,global
161683,Unknown,2025-1,global
161486,Unknown,2025-1,global
161452,Unknown,2025-1,global
161629,Unknown,2025-1,global
39416,Unknown,2025-1,global
18258256,Unknown,2025-1,mediterranean
161748,Unknown,2025-1,mediterranean
5379,Unknown,2025-1,global
67966420,Unknown,2025-1,global
68438250,Unknown,2025-1,global
190373,Unknown,2025-1,global
190427,Unknown,2025-1,global
81909538,Unknown,2025-1,persian_gulf
81909791,Unknown,2025-1,persian_gulf
154669,Unknown,2025-1,global
18258266,Unknown,2025-1,global
18258266,Unknown,2025-1,europe
68064267,Unknown,2025-1,global
190480,Unknown,2025-1,global
67966271,Unknown,2025-1,global
190158,Unknown,2025-1,global
82124938,Unknown,2025-1,global
82125026,Unknown,2025-1,global
82125080,Unknown,2025-1,global
82125112,Unknown,2025-1,global
82125176,Unknown,2025-1,global
82125274,Unknown,2025-1,global
82125351,Unknown,2025-1,global
82125424,Unknown,2025-1,global
82125464,Unknown,2025-1,global
82302860,Unknown,2025-1,global
82303284,Unknown,2025-1,global
82303816,Unknown,2025-1,global
82304256,Unknown,2025-1,global
82306863,Unknown,2025-1,global
82306982,Unknown,2025-1,global
82308445,Unknown,2025-1,global
82308484,Unknown,2025-1,global
82308681,Unknown,2025-1,global
82308810,Unknown,2025-1,global
82308832,Unknown,2025-1,global
82308861,Unknown,2025-1,global
82308892,Unknown,2025-1,global
183177,Unknown,2025-1,global
185990,Unknown,2025-1,global
185999,Unknown,2025-1,global
186007,Unknown,2025-1,global
186008,Unknown,2025-1,global
186012,Unknown,2025-1,global
186019,Unknown,2025-1,global
190168,Unknown,2025-1,global
190327,Unknown,2025-1,global
190409,Unknown,2025-1,global
191206,Unknown,2025-1,global
191832,Unknown,2025-1,global
191833,Unknown,2025-1,global
191835,Unknown,2025-1,global
192945,Unknown,2025-1,global
193264,Unknown,2025-1,global
193267,Unknown,2025-1,global
193268,Unknown,2025-1,global
193271,Unknown,2025-1,global
46104959,Unknown,2025-1,global
46105306,Unknown,2025-1,global
46106057,Unknown,2025-1,global
46106266,Unknown,2025-1,global
46106542,Unknown,2025-1,global
47146393,Unknown,2025-1,global
47147556,Unknown,2025-1,global
47147616,Unknown,2025-1,global
47147660,Unknown,2025-1,global
47147702,Unknown,2025-1,global
47147840,Unknown,2025-1,global
47147979,Unknown,2025-1,global
47148013,Unknown,2025-1,global
47148202,Unknown,2025-1,global
47148944,Unknown,2025-1,global
47149007,Unknown,2025-1,global
47149037,Unknown,2025-1,global
47149087,Unknown,2025-1,global
47149357,Unknown,2025-1,global
65134886,Unknown,2025-1,global
56852595,Unknown,2025-1,global
82960375,Unknown,2025-1,global
194409,Unknown,2025-1,gulf_of mexico
194414,Unknown,2025-1,gulf_of mexico
190205,Unknown,2025-1,gulf_of mexico
194415,Unknown,2025-1,gulf_of mexico
194416,Unknown,2025-1,gulf_of mexico
194417,Unknown,2025-1,gulf_of mexico
194419,Unknown,2025-1,gulf_of mexico
194420,Unknown,2025-1,gulf_of mexico
194421,Unknown,2025-1,gulf_of mexico
155163,Unknown,2025-1,gulf_of mexico
16509426,Unknown,2025-1,gulf_of mexico
192937,Unknown,2025-1,gulf_of mexico
192939,Unknown,2025-1,gulf_of mexico
190156,Unknown,2025-1,gulf_of mexico
190372,Unknown,2025-1,gulf_of mexico
176703,Unknown,2025-1,global
176694,Unknown,2025-1,global
191834,Unknown,2025-1,global
191834,Unknown,2025-1,caribbean
176714,Unknown,2025-1,global
132475824,Unknown,2025-1,global
176770,Unknown,2025-1,global
46104895,Unknown,2025-1,global
46104895,Unknown,2025-1,caribbean
47147582,Unknown,2025-1,global
47147582,Unknown,2025-1,caribbean
69181516,Unknown,2025-1,global
189043,Unknown,2025-1,global
84785231,Unknown,2025-1,global
194408,Unknown,2025-1,gulf_of mexico
194418,Unknown,2025-1,gulf_of mexico
194422,Unknown,2025-1,gulf_of mexico
190309,Unknown,2025-1,gulf_of mexico
190170,Unknown,2025-1,gulf_of mexico
192941,Unknown,2025-1,gulf_of mexico
190083,Unknown,2025-1,gulf_of mexico
198562,Unknown,2025-1,global
170600,Unknown,2025-1,global
170600,Unknown,2025-1,europe
170188,Unknown,2025-1,global
19718565,Unknown,2025-1,global
48342396,Unknown,2025-1,global
183739,Unknown,2025-1,global
183961,Unknown,2025-1,global
183326,Unknown,2025-1,global
47406921,Unknown,2025-1,global
155747,Unknown,2025-1,global
155747,Unknown,2025-1,europe
155747,Unknown,2025-1,mediterranean
170601,Unknown,2025-1,global
170601,Unknown,2025-1,europe
75150150,Unknown,2025-1,persian_gulf
75155148,Unknown,2025-1,persian_gulf
75155263,Unknown,2025-1,persian_gulf
75155303,Unknown,2025-1,persian_gulf
196318,Unknown,2025-1,persian_gulf
196319,Unknown,2025-1,persian_gulf
75156420,Unknown,2025-1,persian_gulf
152031540,Unknown,2025-1,global
192939,Unknown,2025-1,global
190111,Unknown,2025-1,global
191314,Unknown,2025-1,global
183364,Unknown,2025-1,global
10939,Unknown,2025-1,global
190478,Unknown,2025-1,global
193273,Unknown,2025-1,global
193274,Unknown,2025-1,global
16406635,Unknown,2025-1,global
16406919,Unknown,2025-1,global
16439534,Unknown,2025-1,global
16439642,Unknown,2025-1,global
16465952,Unknown,2025-1,global
16465969,Unknown,2025-1,global
16466332,Unknown,2025-1,global
166985,Unknown,2025-1,global
190195,Unknown,2025-1,global
190257,Unknown,2025-1,global
191193,Unknown,2025-1,global
191196,Unknown,2025-1,global
191197,Unknown,2025-1,global
46105095,Unknown,2025-1,global
46105095,Unknown,2025-1,caribbean
47148169,Unknown,2025-1,global
47148169,Unknown,2025-1,caribbean
16749758,Unknown,2025-1,global
16749758,Unknown,2025-1,caribbean
47148543,Unknown,2025-1,global
47148543,Unknown,2025-1,caribbean
16749978,Unknown,2025-1,global
16749978,Unknown,2025-1,caribbean
47148847,Unknown,2025-1,global
47148847,Unknown,2025-1,caribbean
47148940,Unknown,2025-1,global
47148940,Unknown,2025-1,caribbean
46106412,Unknown,2025-1,global
46106412,Unknown,2025-1,caribbean
47149427,Unknown,2025-1,global
47149427,Unknown,2025-1,caribbean
47149594,Unknown,2025-1,global
47149594,Unknown,2025-1,caribbean
185872,Unknown,2025-1,global
185872,Unknown,2025-1,caribbean
12399,Unknown,2025-1,global
16467724,Unknown,2025-1,global
191192,Unknown,2025-1,global
191192,Unknown,2025-1,caribbean
191192,Unknown,2025-1,gulf_of mexico
190274,Unknown,2025-1,global
190274,Unknown,2025-1,caribbean
190274,Unknown,2025-1,gulf_of mexico
185943,Unknown,2025-1,global
185943,Unknown,2025-1,caribbean
47150568,Unknown,2025-1,global
47150568,Unknown,2025-1,caribbean
22693211,Unknown,2025-1,global
183152,Unknown,2025-1,global
164280,Unknown,2025-1,pan-africa
87516799,Unknown,2025-1,global
87517463,Unknown,2025-1,global
87517472,Unknown,2025-1,global
87517480,Unknown,2025-1,global
47386952,Unknown,2025-1,global
87517631,Unknown,2025-1,global
87517661,Unknown,2025-1,global
87517673,Unknown,2025-1,global
87517955,Unknown,2025-1,global
87517999,Unknown,2025-1,global
87518214,Unknown,2025-1,global
87518321,Unknown,2025-1,global
87518571,Unknown,2025-1,global
87518590,Unknown,2025-1,global
87518901,Unknown,2025-1,global
87518994,Unknown,2025-1,global
87519052,Unknown,2025-1,global
47386864,Unknown,2025-1,global
87519122,Unknown,2025-1,global
87519221,Unknown,2025-1,global
87519459,Unknown,2025-1,global
87519488,Unknown,2025-1,global
87519575,Unknown,2025-1,global
87519862,Unknown,2025-1,global
87519884,Unknown,2025-1,global
87519651,Unknown,2025-1,global
87520116,Unknown,2025-1,global
87520235,Unknown,2025-1,global
87519667,Unknown,2025-1,global
87519779,Unknown,2025-1,global
87585390,Unknown,2025-1,global
87585409,Unknown,2025-1,global
87585433,Unknown,2025-1,global
87585453,Unknown,2025-1,global
87585478,Unknown,2025-1,global
87585499,Unknown,2025-1,global
87585522,Unknown,2025-1,global
87585545,Unknown,2025-1,global
87585565,Unknown,2025-1,global
169374,Unknown,2025-1,global
169374,Unknown,2025-1,caribbean
169374,Unknown,2025-1,gulf_of mexico
198739,Unknown,2025-1,europe
194307,Unknown,2025-1,global
181337,Unknown,2025-1,global
180644,Unknown,2025-1,global
89808666,Unknown,2025-1,global
89808829,Unknown,2025-1,global
89808868,Unknown,2025-1,global
89808895,Unknown,2025-1,global
180966,Unknown,2025-1,global
196328,Unknown,2025-1,global
89825414,Unknown,2025-1,global
180898,Unknown,2025-1,global
60225,Unknown,2025-1,mediterranean
161513,Unknown,2025-1,mediterranean
155030,Unknown,2025-1,mediterranean
198763,Unknown,2025-1,mediterranean
198764,Unknown,2025-1,mediterranean
21257,Unknown,2025-1,mediterranean
198766,Unknown,2025-1,mediterranean
194904,Unknown,2025-1,mediterranean
198767,Unknown,2025-1,mediterranean
90982465,Unknown,2025-1,global
196335,Unknown,2025-1,global
196362,Unknown,2025-1,global
142074959,Unknown,2025-1,global
196366,Unknown,2025-1,global
90983755,Unknown,2025-1,global
187874,Unknown,2025-1,global
196405,Unknown,2025-1,global
90984522,Unknown,2025-1,global
169554,Unknown,2025-1,global
90985422,Unknown,2025-1,global
90985462,Unknown,2025-1,global
90985510,Unknown,2025-1,global
90985567,Unknown,2025-1,global
90985656,Unknown,2025-1,global
90985687,Unknown,2025-1,global
16870,Unknown,2025-1,global
90985760,Unknown,2025-1,global
90985820,Unknown,2025-1,global
90986192,Unknown,2025-1,global
90994633,Unknown,2025-1,global
91078620,Unknown,2025-1,global
91078805,Unknown,2025-1,global
180851,Unknown,2025-1,global
188016,Unknown,2025-1,global
91079854,Unknown,2025-1,global
91080608,Unknown,2025-1,global
91080722,Unknown,2025-1,global
11502,Unknown,2025-1,global
91081017,Unknown,2025-1,global
196352,Unknown,2025-1,global
91081336,Unknown,2025-1,global
91081499,Unknown,2025-1,global
91081562,Unknown,2025-1,global
142218080,Unknown,2025-1,global
196378,Unknown,2025-1,global
188009,Unknown,2025-1,global
188021,Unknown,2025-1,global
20855,Unknown,2025-1,global
91083121,Unknown,2025-1,global
91083230,Unknown,2025-1,global
91083342,Unknown,2025-1,global
91083447,Unknown,2025-1,global
91083559,Unknown,2025-1,global
91088142,Unknown,2025-1,global
91103716,Unknown,2025-1,global
194903,Unknown,2025-1,global
194903,Unknown,2025-1,europe
194903,Unknown,2025-1,mediterranean
91288252,Unknown,2025-1,global
185774,Unknown,2025-1,global
91288887,Unknown,2025-1,global
91288929,Unknown,2025-1,global
91288981,Unknown,2025-1,global
184918,Unknown,2025-1,global
91289815,Unknown,2025-1,global
91289864,Unknown,2025-1,global
91289947,Unknown,2025-1,global
91290016,Unknown,2025-1,global
180707,Unknown,2025-1,global
181186,Unknown,2025-1,global
91348333,Unknown,2025-1,global
91352888,Unknown,2025-1,global
196434,Unknown,2025-1,global
91603690,Unknown,2025-1,global
91603714,Unknown,2025-1,global
22692880,Unknown,2025-1,global
22693647,Unknown,2025-1,global
22693793,Unknown,2025-1,global
22694148,Unknown,2025-1,global
22696782,Unknown,2025-1,global
22696938,Unknown,2025-1,global
22727481,Unknown,2025-1,global
189453,Unknown,2025-1,global
189048,Unknown,2025-1,global
95496900,Unknown,2025-1,global
95567639,Unknown,2025-1,global
95568732,Unknown,2025-1,global
95569528,Unknown,2025-1,global
95972054,Unknown,2025-1,global
95972092,Unknown,2025-1,global
95984916,Unknown,2025-1,global
95999331,Unknown,2025-1,global
96004823,Unknown,2025-1,global
96004847,Unknown,2025-1,global
196421,Unknown,2025-1,global
197054,Unknown,2025-1,global
170266,Unknown,2025-1,global
18124757,Unknown,2025-1,global
22104,Unknown,2025-1,global
233,Unknown,2025-1,global
193747,Unknown,2025-1,global
193668,Unknown,2025-1,global
193609,Unknown,2025-1,global
190281,Unknown,2025-1,global
193615,Unknown,2025-1,global
97755641,Unknown,2025-1,global
97756224,Unknown,2025-1,global
97755938,Unknown,2025-1,global
97755916,Unknown,2025-1,global
97757259,Unknown,2025-1,global
195022,Unknown,2025-1,global
97780614,Unknown,2025-1,global
97780757,Unknown,2025-1,global
97780868,Unknown,2025-1,global
97784924,Unknown,2025-1,global
97784720,Unknown,2025-1,global
176741,Unknown,2025-1,global
98798114,Unknown,2025-1,global
98798304,Unknown,2025-1,global
98468449,Unknown,2025-1,global
98468550,Unknown,2025-1,global
98470302,Unknown,2025-1,global
98470350,Unknown,2025-1,global
98470496,Unknown,2025-1,global
98470668,Unknown,2025-1,global
98470734,Unknown,2025-1,global
98471199,Unknown,2025-1,global
98472093,Unknown,2025-1,global
98472163,Unknown,2025-1,global
98472309,Unknown,2025-1,global
98472387,Unknown,2025-1,global
98472446,Unknown,2025-1,global
98472646,Unknown,2025-1,global
98472694,Unknown,2025-1,global
98472718,Unknown,2025-1,global
98472908,Unknown,2025-1,global
98472935,Unknown,2025-1,global
98805658,Unknown,2025-1,global
98822415,Unknown,2025-1,global
98822816,Unknown,2025-1,global
98829528,Unknown,2025-1,global
98830797,Unknown,2025-1,global
98831444,Unknown,2025-1,global
98832271,Unknown,2025-1,global
98835195,Unknown,2025-1,global
98835748,Unknown,2025-1,global
98838439,Unknown,2025-1,global
98839002,Unknown,2025-1,global
98839225,Unknown,2025-1,global
98839582,Unknown,2025-1,global
98840585,Unknown,2025-1,global
98841657,Unknown,2025-1,global
98890443,Unknown,2025-1,global
98891738,Unknown,2025-1,global
98892186,Unknown,2025-1,global
98893448,Unknown,2025-1,global
98901778,Unknown,2025-1,global
98940490,Unknown,2025-1,global
98943344,Unknown,2025-1,global
98987583,Unknown,2025-1,global
98987864,Unknown,2025-1,global
98988969,Unknown,2025-1,global
98990439,Unknown,2025-1,global
98991365,Unknown,2025-1,global
99000675,Unknown,2025-1,global
99000824,Unknown,2025-1,global
99001393,Unknown,2025-1,global
99003622,Unknown,2025-1,global
99004333,Unknown,2025-1,global
99004812,Unknown,2025-1,global
99005308,Unknown,2025-1,global
99006153,Unknown,2025-1,global
99006883,Unknown,2025-1,global
99008092,Unknown,2025-1,global
99008295,Unknown,2025-1,global
99079032,Unknown,2025-1,global
99079669,Unknown,2025-1,global
99079806,Unknown,2025-1,global
99079842,Unknown,2025-1,global
99084894,Unknown,2025-1,global
99085985,Unknown,2025-1,global
99086912,Unknown,2025-1,global
98735314,Unknown,2025-1,global
99087971,Unknown,2025-1,global
99092368,Unknown,2025-1,global
99092426,Unknown,2025-1,global
99092571,Unknown,2025-1,global
99092637,Unknown,2025-1,global
99092808,Unknown,2025-1,global
99093073,Unknown,2025-1,global
99167411,Unknown,2025-1,global
183169,Unknown,2025-1,global
182223,Unknown,2025-1,global
182223,Unknown,2025-1,pan-africa
63361,Unknown,2025-1,global
63361,Unknown,2025-1,pan-africa
167944,Unknown,2025-1,global
167944,Unknown,2025-1,pan-africa
182239,Unknown,2025-1,global
182239,Unknown,2025-1,pan-africa
181577,Unknown,2025-1,global
181577,Unknown,2025-1,pan-africa
181567,Unknown,2025-1,global
181567,Unknown,2025-1,pan-africa
132754,Unknown,2025-1,global
132782,Unknown,2025-1,global
132725,Unknown,2025-1,global
132791,Unknown,2025-1,global
132737,Unknown,2025-1,global
132789,Unknown,2025-1,global
132786,Unknown,2025-1,global
132779,Unknown,2025-1,global
132805,Unknown,2025-1,global
132803,Unknown,2025-1,global
132741,Unknown,2025-1,global
132825,Unknown,2025-1,global
132767,Unknown,2025-1,global
44672,Unknown,2025-1,global
61336,Unknown,2025-1,global
132752,Unknown,2025-1,global
132813,Unknown,2025-1,global
132796,Unknown,2025-1,global
64397,Unknown,2025-1,global
44686,Unknown,2025-1,global
132763,Unknown,2025-1,global
132762,Unknown,2025-1,global
132815,Unknown,2025-1,global
61337,Unknown,2025-1,global
64412,Unknown,2025-1,global
132731,Unknown,2025-1,global
44675,Unknown,2025-1,global
132776,Unknown,2025-1,global
132785,Unknown,2025-1,global
132769,Unknown,2025-1,global
132817,Unknown,2025-1,global
132760,Unknown,2025-1,global
132726,Unknown,2025-1,global
132798,Unknown,2025-1,global
132829,Unknown,2025-1,global
64402,Unknown,2025-1,global
44676,Unknown,2025-1,global
64403,Unknown,2025-1,global
132748,Unknown,2025-1,global
132784,Unknown,2025-1,global
132746,Unknown,2025-1,global
132756,Unknown,2025-1,global
132804,Unknown,2025-1,global
132802,Unknown,2025-1,global
132797,Unknown,2025-1,global
132799,Unknown,2025-1,global
132755,Unknown,2025-1,global
132794,Unknown,2025-1,global
132736,Unknown,2025-1,global
132780,Unknown,2025-1,global
132749,Unknown,2025-1,global
64405,Unknown,2025-1,global
132728,Unknown,2025-1,global
132758,Unknown,2025-1,global
64406,Unknown,2025-1,global
132821,Unknown,2025-1,global
132768,Unknown,2025-1,global
64407,Unknown,2025-1,global
132773,Unknown,2025-1,global
64408,Unknown,2025-1,global
132739,Unknown,2025-1,global
132800,Unknown,2025-1,global
64399,Unknown,2025-1,global
7855,Unknown,2025-1,global
132828,Unknown,2025-1,global
132734,Unknown,2025-1,global
64404,Unknown,2025-1,global
14052,Unknown,2025-1,global
132818,Unknown,2025-1,global
132801,Unknown,2025-1,global
132816,Unknown,2025-1,global
132790,Unknown,2025-1,global
50108167,Unknown,2025-1,global
50108167,Unknown,2025-1,mediterranean
10064,Unknown,2025-1,global
18258153,Unknown,2025-1,mediterranean
180353,Unknown,2025-1,global
180493,Unknown,2025-1,global
180225,Unknown,2025-1,global
194976,Unknown,2025-1,global
180492,Unknown,2025-1,global
180374,Unknown,2025-1,global
180519,Unknown,2025-1,global
180430,Unknown,2025-1,global
180516,Unknown,2025-1,global
183709,Unknown,2025-1,global
183437,Unknown,2025-1,global
169587,Unknown,2025-1,global
183910,Unknown,2025-1,global
183235,Unknown,2025-1,global
167996,Unknown,2025-1,global
183416,Unknown,2025-1,global
154814,Unknown,2025-1,global
154759,Unknown,2025-1,global
183309,Unknown,2025-1,global
154975,Unknown,2025-1,global
183635,Unknown,2025-1,global
183470,Unknown,2025-1,global
183382,Unknown,2025-1,global
183245,Unknown,2025-1,global
183604,Unknown,2025-1,global
183244,Unknown,2025-1,global
183516,Unknown,2025-1,global
184000,Unknown,2025-1,global
183934,Unknown,2025-1,global
183878,Unknown,2025-1,global
154743,Unknown,2025-1,global
183856,Unknown,2025-1,global
183379,Unknown,2025-1,global
155240,Unknown,2025-1,global
183757,Unknown,2025-1,global
183217,Unknown,2025-1,global
183387,Unknown,2025-1,global
183922,Unknown,2025-1,global
183876,Unknown,2025-1,global
183414,Unknown,2025-1,global
155311,Unknown,2025-1,global
101729662,Unknown,2025-1,global
101730582,Unknown,2025-1,global
101730467,Unknown,2025-1,global
103422139,Unknown,2025-1,global
103636217,Unknown,2025-1,global
103644972,Unknown,2025-1,global
103644983,Unknown,2025-1,global
103645020,Unknown,2025-1,global
103645058,Unknown,2025-1,global
103645074,Unknown,2025-1,global
103645092,Unknown,2025-1,global
103645102,Unknown,2025-1,global
103645110,Unknown,2025-1,global
103645248,Unknown,2025-1,global
103684104,Unknown,2025-1,global
103684251,Unknown,2025-1,global
103684273,Unknown,2025-1,global
103684425,Unknown,2025-1,global
103684487,Unknown,2025-1,global
103684596,Unknown,2025-1,global
103684703,Unknown,2025-1,global
103685071,Unknown,2025-1,global
103685124,Unknown,2025-1,global
103685136,Unknown,2025-1,global
103686062,Unknown,2025-1,global
103686142,Unknown,2025-1,global
103686485,Unknown,2025-1,global
103686565,Unknown,2025-1,global
103686608,Unknown,2025-1,global
103686617,Unknown,2025-1,global
103686659,Unknown,2025-1,global
103686888,Unknown,2025-1,global
103686963,Unknown,2025-1,global
103686976,Unknown,2025-1,global
103686984,Unknown,2025-1,global
103687048,Unknown,2025-1,global
103693374,Unknown,2025-1,global
103693422,Unknown,2025-1,global
103693452,Unknown,2025-1,global
103693468,Unknown,2025-1,global
103693476,Unknown,2025-1,global
103693483,Unknown,2025-1,global
103693544,Unknown,2025-1,global
103706507,Unknown,2025-1,global
103706741,Unknown,2025-1,global
103706961,Unknown,2025-1,global
103707116,Unknown,2025-1,global
103707192,Unknown,2025-1,global
103707288,Unknown,2025-1,global
103707334,Unknown,2025-1,global
103707407,Unknown,2025-1,global
103707538,Unknown,2025-1,global
103707547,Unknown,2025-1,global
103707683,Unknown,2025-1,global
103707707,Unknown,2025-1,global
103707728,Unknown,2025-1,global
103707812,Unknown,2025-1,global
103707975,Unknown,2025-1,global
103707999,Unknown,2025-1,global
103708028,Unknown,2025-1,global
103708069,Unknown,2025-1,global
103708283,Unknown,2025-1,global
103708356,Unknown,2025-1,global
60176,Unknown,2025-1,global
194897,Unknown,2025-1,global
194897,Unknown,2025-1,europe
194857,Unknown,2025-1,global
194857,Unknown,2025-1,europe
16545183,Unknown,2025-1,gulf_of mexico
16545183,Unknown,2025-1,global
195442,Unknown,2025-1,global
161505,Unknown,2025-1,global
195319,Unknown,2025-1,global
180022425,Unknown,2025-1,global
44227,Unknown,2025-1,global
44227,Unknown,2025-1,arabian_sea
60143,Unknown,2025-1,global
60143,Unknown,2025-1,arabian_sea
161340,Unknown,2025-1,global
161340,Unknown,2025-1,arabian_sea
161349,Unknown,2025-1,global
161349,Unknown,2025-1,arabian_sea
161470,Unknown,2025-1,global
161470,Unknown,2025-1,arabian_sea
161499,Unknown,2025-1,global
161499,Unknown,2025-1,arabian_sea
161625,Unknown,2025-1,global
161625,Unknown,2025-1,arabian_sea
161632,Unknown,2025-1,global
161632,Unknown,2025-1,arabian_sea
161663,Unknown,2025-1,global
161663,Unknown,2025-1,arabian_sea
161690,Unknown,2025-1,global
161690,Unknown,2025-1,arabian_sea
161720,Unknown,2025-1,global
161720,Unknown,2025-1,arabian_sea
161723,Unknown,2025-1,global
161723,Unknown,2025-1,arabian_sea
103055306,Unknown,2025-1,global
103055306,Unknown,2025-1,arabian_sea
103055459,Unknown,2025-1,global
103055459,Unknown,2025-1,arabian_sea
107604242,Unknown,2025-1,global
107604242,Unknown,2025-1,arabian_sea
107604828,Unknown,2025-1,global
107604828,Unknown,2025-1,arabian_sea
12404,Unknown,2025-1,global
22683645,Unknown,2025-1,global
50149061,Unknown,2025-1,global
50149061,Unknown,2025-1,mediterranean
21133172,Unknown,2025-1,global
112664063,Unknown,2025-1,global
112664105,Unknown,2025-1,global
112723955,Unknown,2025-1,global
104006414,Unknown,2025-1,global
155169,Unknown,2025-1,global
194359,Unknown,2025-1,global
114154997,Unknown,2025-1,global
114155029,Unknown,2025-1,global
114155070,Unknown,2025-1,global
114155120,Unknown,2025-1,global
114155173,Unknown,2025-1,global
114155281,Unknown,2025-1,global
114155385,Unknown,2025-1,global
114155499,Unknown,2025-1,global
114155541,Unknown,2025-1,global
114155627,Unknown,2025-1,global
114156068,Unknown,2025-1,global
114156111,Unknown,2025-1,global
114156399,Unknown,2025-1,global
190455,Unknown,2025-1,global
114157206,Unknown,2025-1,global
114157301,Unknown,2025-1,global
114157332,Unknown,2025-1,global
114157603,Unknown,2025-1,global
114157777,Unknown,2025-1,global
114157824,Unknown,2025-1,global
114158274,Unknown,2025-1,global
114158383,Unknown,2025-1,global
114158503,Unknown,2025-1,global
114161140,Unknown,2025-1,global
114161302,Unknown,2025-1,global
114161459,Unknown,2025-1,global
114161670,Unknown,2025-1,global
114161707,Unknown,2025-1,global
114164022,Unknown,2025-1,global
114164251,Unknown,2025-1,global
114165531,Unknown,2025-1,global
114166122,Unknown,2025-1,global
114166534,Unknown,2025-1,global
114166743,Unknown,2025-1,global
114167178,Unknown,2025-1,global
114167535,Unknown,2025-1,global
114167619,Unknown,2025-1,global
114167824,Unknown,2025-1,global
114168358,Unknown,2025-1,global
114168486,Unknown,2025-1,global
114168573,Unknown,2025-1,global
114168625,Unknown,2025-1,global
114168672,Unknown,2025-1,global
114168754,Unknown,2025-1,global
69181469,Unknown,2025-1,global
114169380,Unknown,2025-1,global
114169434,Unknown,2025-1,global
114169573,Unknown,2025-1,global
114171899,Unknown,2025-1,global
114171927,Unknown,2025-1,global
114171994,Unknown,2025-1,global
114172033,Unknown,2025-1,global
114172187,Unknown,2025-1,global
114172380,Unknown,2025-1,global
114172439,Unknown,2025-1,global
114172794,Unknown,2025-1,global
114173026,Unknown,2025-1,global
114173064,Unknown,2025-1,global
114173325,Unknown,2025-1,global
114173401,Unknown,2025-1,global
114173439,Unknown,2025-1,global
114173725,Unknown,2025-1,global
114175236,Unknown,2025-1,global
114175462,Unknown,2025-1,global
114175552,Unknown,2025-1,global
114175593,Unknown,2025-1,global
114175639,Unknown,2025-1,global
114175703,Unknown,2025-1,global
114683109,Unknown,2025-1,global
114155455,Unknown,2025-1,global
114172998,Unknown,2025-1,global
114192721,Unknown,2025-1,global
114192667,Unknown,2025-1,global
114192579,Unknown,2025-1,global
114192573,Unknown,2025-1,global
114192542,Unknown,2025-1,global
114192438,Unknown,2025-1,global
114192261,Unknown,2025-1,global
114192257,Unknown,2025-1,global
114177365,Unknown,2025-1,global
114177474,Unknown,2025-1,global
114177531,Unknown,2025-1,global
114177614,Unknown,2025-1,global
1308,Unknown,2025-1,global
8408,Unknown,2025-1,global
10310,Unknown,2025-1,global
16474,Unknown,2025-1,global
16476,Unknown,2025-1,global
61314,Unknown,2025-1,global
154612,Unknown,2025-1,global
154614,Unknown,2025-1,global
154616,Unknown,2025-1,global
154618,Unknown,2025-1,global
154620,Unknown,2025-1,global
154624,Unknown,2025-1,global
154633,Unknown,2025-1,global
154635,Unknown,2025-1,global
154636,Unknown,2025-1,global
154638,Unknown,2025-1,global
154640,Unknown,2025-1,global
154646,Unknown,2025-1,global
154650,Unknown,2025-1,global
154652,Unknown,2025-1,global
154653,Unknown,2025-1,global
154654,Unknown,2025-1,global
154655,Unknown,2025-1,global
154658,Unknown,2025-1,global
154659,Unknown,2025-1,global
154661,Unknown,2025-1,global
154663,Unknown,2025-1,global
154665,Unknown,2025-1,global
154666,Unknown,2025-1,global
154668,Unknown,2025-1,global
154670,Unknown,2025-1,global
154671,Unknown,2025-1,global
154674,Unknown,2025-1,global
154679,Unknown,2025-1,global
154681,Unknown,2025-1,global
154682,Unknown,2025-1,global
154684,Unknown,2025-1,global
154685,Unknown,2025-1,global
154686,Unknown,2025-1,global
154691,Unknown,2025-1,global
154693,Unknown,2025-1,global
154695,Unknown,2025-1,global
154696,Unknown,2025-1,global
154698,Unknown,2025-1,global
154702,Unknown,2025-1,global
154703,Unknown,2025-1,global
154710,Unknown,2025-1,global
154715,Unknown,2025-1,global
154716,Unknown,2025-1,global
154718,Unknown,2025-1,global
154721,Unknown,2025-1,global
154724,Unknown,2025-1,global
154726,Unknown,2025-1,global
154730,Unknown,2025-1,global
154733,Unknown,2025-1,global
154735,Unknown,2025-1,global
154736,Unknown,2025-1,global
154744,Unknown,2025-1,global
154745,Unknown,2025-1,global
154747,Unknown,2025-1,global
154748,Unknown,2025-1,global
154749,Unknown,2025-1,global
154750,Unknown,2025-1,global
154754,Unknown,2025-1,global
154756,Unknown,2025-1,global
154764,Unknown,2025-1,global
154768,Unknown,2025-1,global
154772,Unknown,2025-1,global
154773,Unknown,2025-1,global
154776,Unknown,2025-1,global
154777,Unknown,2025-1,global
154778,Unknown,2025-1,global
154779,Unknown,2025-1,global
154781,Unknown,2025-1,global
154787,Unknown,2025-1,global
154789,Unknown,2025-1,global
154794,Unknown,2025-1,global
154799,Unknown,2025-1,global
154804,Unknown,2025-1,global
154806,Unknown,2025-1,global
154808,Unknown,2025-1,global
154816,Unknown,2025-1,global
154819,Unknown,2025-1,global
154827,Unknown,2025-1,global
154830,Unknown,2025-1,global
154838,Unknown,2025-1,global
154850,Unknown,2025-1,global
154851,Unknown,2025-1,global
154854,Unknown,2025-1,global
154858,Unknown,2025-1,global
154860,Unknown,2025-1,global
154865,Unknown,2025-1,global
154866,Unknown,2025-1,global
154867,Unknown,2025-1,global
154869,Unknown,2025-1,global
154873,Unknown,2025-1,global
154879,Unknown,2025-1,global
154881,Unknown,2025-1,global
154882,Unknown,2025-1,global
154885,Unknown,2025-1,global
154888,Unknown,2025-1,global
154889,Unknown,2025-1,global
154890,Unknown,2025-1,global
154892,Unknown,2025-1,global
154896,Unknown,2025-1,global
154901,Unknown,2025-1,global
154905,Unknown,2025-1,global
154908,Unknown,2025-1,global
154909,Unknown,2025-1,global
154913,Unknown,2025-1,global
154918,Unknown,2025-1,global
154921,Unknown,2025-1,global
154922,Unknown,2025-1,global
154923,Unknown,2025-1,global
154931,Unknown,2025-1,global
154932,Unknown,2025-1,global
154940,Unknown,2025-1,global
154941,Unknown,2025-1,global
154942,Unknown,2025-1,global
154945,Unknown,2025-1,global
154949,Unknown,2025-1,global
154951,Unknown,2025-1,global
154953,Unknown,2025-1,global
154955,Unknown,2025-1,global
154964,Unknown,2025-1,global
154978,Unknown,2025-1,global
154981,Unknown,2025-1,global
154982,Unknown,2025-1,global
154988,Unknown,2025-1,global
154992,Unknown,2025-1,global
154993,Unknown,2025-1,global
155000,Unknown,2025-1,global
155008,Unknown,2025-1,global
155009,Unknown,2025-1,global
155010,Unknown,2025-1,global
155012,Unknown,2025-1,global
155016,Unknown,2025-1,global
155025,Unknown,2025-1,global
155026,Unknown,2025-1,global
155037,Unknown,2025-1,global
155038,Unknown,2025-1,global
155039,Unknown,2025-1,global
155045,Unknown,2025-1,global
155048,Unknown,2025-1,global
155049,Unknown,2025-1,global
155052,Unknown,2025-1,global
155053,Unknown,2025-1,global
155054,Unknown,2025-1,global
155055,Unknown,2025-1,global
155056,Unknown,2025-1,global
155060,Unknown,2025-1,global
155061,Unknown,2025-1,global
155062,Unknown,2025-1,global
155063,Unknown,2025-1,global
155065,Unknown,2025-1,global
155067,Unknown,2025-1,global
155069,Unknown,2025-1,global
155071,Unknown,2025-1,global
155074,Unknown,2025-1,global
155077,Unknown,2025-1,global
155078,Unknown,2025-1,global
155081,Unknown,2025-1,global
155082,Unknown,2025-1,global
155088,Unknown,2025-1,global
155091,Unknown,2025-1,global
155093,Unknown,2025-1,global
155106,Unknown,2025-1,global
155107,Unknown,2025-1,global
155110,Unknown,2025-1,global
155113,Unknown,2025-1,global
155114,Unknown,2025-1,global
155117,Unknown,2025-1,global
155119,Unknown,2025-1,global
155122,Unknown,2025-1,global
155127,Unknown,2025-1,global
155129,Unknown,2025-1,global
155131,Unknown,2025-1,global
155132,Unknown,2025-1,global
155135,Unknown,2025-1,global
155139,Unknown,2025-1,global
155141,Unknown,2025-1,global
155142,Unknown,2025-1,global
155143,Unknown,2025-1,global
155147,Unknown,2025-1,global
155148,Unknown,2025-1,global
155154,Unknown,2025-1,global
155160,Unknown,2025-1,global
155161,Unknown,2025-1,global
155163,Unknown,2025-1,global
155171,Unknown,2025-1,global
155172,Unknown,2025-1,global
155175,Unknown,2025-1,global
155176,Unknown,2025-1,global
155177,Unknown,2025-1,global
155178,Unknown,2025-1,global
155179,Unknown,2025-1,global
155184,Unknown,2025-1,global
155185,Unknown,2025-1,global
155189,Unknown,2025-1,global
155190,Unknown,2025-1,global
155191,Unknown,2025-1,global
155195,Unknown,2025-1,global
155197,Unknown,2025-1,global
155198,Unknown,2025-1,global
155200,Unknown,2025-1,global
155202,Unknown,2025-1,global
155204,Unknown,2025-1,global
155208,Unknown,2025-1,global
155209,Unknown,2025-1,global
155210,Unknown,2025-1,global
155211,Unknown,2025-1,global
155216,Unknown,2025-1,global
155219,Unknown,2025-1,global
155222,Unknown,2025-1,global
155224,Unknown,2025-1,global
155227,Unknown,2025-1,global
155228,Unknown,2025-1,global
155230,Unknown,2025-1,global
155231,Unknown,2025-1,global
155232,Unknown,2025-1,global
155233,Unknown,2025-1,global
155241,Unknown,2025-1,global
155244,Unknown,2025-1,global
155249,Unknown,2025-1,global
155254,Unknown,2025-1,global
155255,Unknown,2025-1,global
155258,Unknown,2025-1,global
155262,Unknown,2025-1,global
155264,Unknown,2025-1,global
155265,Unknown,2025-1,global
155267,Unknown,2025-1,global
155269,Unknown,2025-1,global
155271,Unknown,2025-1,global
155279,Unknown,2025-1,global
155281,Unknown,2025-1,global
155286,Unknown,2025-1,global
155288,Unknown,2025-1,global
155289,Unknown,2025-1,global
155293,Unknown,2025-1,global
155295,Unknown,2025-1,global
155296,Unknown,2025-1,global
155299,Unknown,2025-1,global
155300,Unknown,2025-1,global
155301,Unknown,2025-1,global
155304,Unknown,2025-1,global
155306,Unknown,2025-1,global
155307,Unknown,2025-1,global
155309,Unknown,2025-1,global
155317,Unknown,2025-1,global
155322,Unknown,2025-1,global
155323,Unknown,2025-1,global
155324,Unknown,2025-1,global
155325,Unknown,2025-1,global
155328,Unknown,2025-1,global
155329,Unknown,2025-1,global
155330,Unknown,2025-1,global
158624,Unknown,2025-1,global
158625,Unknown,2025-1,global
158627,Unknown,2025-1,global
158628,Unknown,2025-1,global
165913,Unknown,2025-1,global
166919,Unknown,2025-1,global
190116,Unknown,2025-1,global
190117,Unknown,2025-1,global
190123,Unknown,2025-1,global
190125,Unknown,2025-1,global
190139,Unknown,2025-1,global
190156,Unknown,2025-1,global
190205,Unknown,2025-1,global
190247,Unknown,2025-1,global
190330,Unknown,2025-1,global
190363,Unknown,2025-1,global
190372,Unknown,2025-1,global
190378,Unknown,2025-1,global
190394,Unknown,2025-1,global
190399,Unknown,2025-1,global
190418,Unknown,2025-1,global
190445,Unknown,2025-1,global
190484,Unknown,2025-1,global
192937,Unknown,2025-1,global
193606,Unknown,2025-1,global
193634,Unknown,2025-1,global
193752,Unknown,2025-1,global
193816,Unknown,2025-1,global
193817,Unknown,2025-1,global
194414,Unknown,2025-1,global
194415,Unknown,2025-1,global
194416,Unknown,2025-1,global
194417,Unknown,2025-1,global
194419,Unknown,2025-1,global
194420,Unknown,2025-1,global
194421,Unknown,2025-1,global
194436,Unknown,2025-1,global
195038,Unknown,2025-1,global
198558,Unknown,2025-1,global
198581,Unknown,2025-1,global
198643,Unknown,2025-1,global
198676,Unknown,2025-1,global
13486169,Unknown,2025-1,global
16404943,Unknown,2025-1,global
16404974,Unknown,2025-1,global
16407645,Unknown,2025-1,global
16431606,Unknown,2025-1,global
16440083,Unknown,2025-1,global
16441651,Unknown,2025-1,global
16442540,Unknown,2025-1,global
16447362,Unknown,2025-1,global
16509426,Unknown,2025-1,global
16545253,Unknown,2025-1,global
16545256,Unknown,2025-1,global
16749737,Unknown,2025-1,global
16781113,Unknown,2025-1,global
16781145,Unknown,2025-1,global
16781154,Unknown,2025-1,global
16781168,Unknown,2025-1,global
18124163,Unknown,2025-1,global
18158219,Unknown,2025-1,global
18158262,Unknown,2025-1,global
18257780,Unknown,2025-1,global
20253300,Unknown,2025-1,global
20255775,Unknown,2025-1,global
20256067,Unknown,2025-1,global
20256729,Unknown,2025-1,global
20257324,Unknown,2025-1,global
20429419,Unknown,2025-1,global
20429438,Unknown,2025-1,global
20429448,Unknown,2025-1,global
20429455,Unknown,2025-1,global
20429462,Unknown,2025-1,global
20429774,Unknown,2025-1,global
20429787,Unknown,2025-1,global
20429793,Unknown,2025-1,global
20429800,Unknown,2025-1,global
20429854,Unknown,2025-1,global
20429869,Unknown,2025-1,global
20430011,Unknown,2025-1,global
20430563,Unknown,2025-1,global
20430651,Unknown,2025-1,global
20430679,Unknown,2025-1,global
20430774,Unknown,2025-1,global
20430800,Unknown,2025-1,global
20431518,Unknown,2025-1,global
20432145,Unknown,2025-1,global
20432158,Unknown,2025-1,global
20432226,Unknown,2025-1,global
20434679,Unknown,2025-1,global
20434766,Unknown,2025-1,global
20435070,Unknown,2025-1,global
20435185,Unknown,2025-1,global
20435470,Unknown,2025-1,global
20435675,Unknown,2025-1,global
20435860,Unknown,2025-1,global
20435980,Unknown,2025-1,global
20436452,Unknown,2025-1,global
20436473,Unknown,2025-1,global
20436497,Unknown,2025-1,global
20437309,Unknown,2025-1,global
20661580,Unknown,2025-1,global
20662040,Unknown,2025-1,global
20666166,Unknown,2025-1,global
46080857,Unknown,2025-1,global
46081422,Unknown,2025-1,global
46081534,Unknown,2025-1,global
46081926,Unknown,2025-1,global
46086162,Unknown,2025-1,global
46086601,Unknown,2025-1,global
46086703,Unknown,2025-1,global
46086775,Unknown,2025-1,global
46088346,Unknown,2025-1,global
46088399,Unknown,2025-1,global
46102713,Unknown,2025-1,global
47139706,Unknown,2025-1,global
47139816,Unknown,2025-1,global
47145752,Unknown,2025-1,global
47145793,Unknown,2025-1,global
47145877,Unknown,2025-1,global
47407717,Unknown,2025-1,global
50902961,Unknown,2025-1,global
50903183,Unknown,2025-1,global
56852298,Unknown,2025-1,global
65134524,Unknown,2025-1,global
65134839,Unknown,2025-1,global
65363244,Unknown,2025-1,global
65363316,Unknown,2025-1,global
65363417,Unknown,2025-1,global
65363473,Unknown,2025-1,global
65363628,Unknown,2025-1,global
65363696,Unknown,2025-1,global
65364120,Unknown,2025-1,global
65364143,Unknown,2025-1,global
65364201,Unknown,2025-1,global
65364594,Unknown,2025-1,global
65364895,Unknown,2025-1,global
65365107,Unknown,2025-1,global
65365349,Unknown,2025-1,global
65365798,Unknown,2025-1,global
65365975,Unknown,2025-1,global
65366073,Unknown,2025-1,global
65366280,Unknown,2025-1,global
65366377,Unknown,2025-1,global
65366455,Unknown,2025-1,global
65367059,Unknown,2025-1,global
65367594,Unknown,2025-1,global
65367655,Unknown,2025-1,global
65367712,Unknown,2025-1,global
65368085,Unknown,2025-1,global
65368802,Unknown,2025-1,global
65369051,Unknown,2025-1,global
65369313,Unknown,2025-1,global
65369760,Unknown,2025-1,global
65369844,Unknown,2025-1,global
65369867,Unknown,2025-1,global
65370029,Unknown,2025-1,global
65370289,Unknown,2025-1,global
65370522,Unknown,2025-1,global
65370734,Unknown,2025-1,global
65370765,Unknown,2025-1,global
65371161,Unknown,2025-1,global
65371194,Unknown,2025-1,global
65371373,Unknown,2025-1,global
65371669,Unknown,2025-1,global
65371695,Unknown,2025-1,global
65371889,Unknown,2025-1,global
65372227,Unknown,2025-1,global
65372435,Unknown,2025-1,global
65372543,Unknown,2025-1,global
65373278,Unknown,2025-1,global
65375205,Unknown,2025-1,global
67869125,Unknown,2025-1,global
67869551,Unknown,2025-1,global
67869566,Unknown,2025-1,global
67869953,Unknown,2025-1,global
67869958,Unknown,2025-1,global
67869976,Unknown,2025-1,global
67870015,Unknown,2025-1,global
67871020,Unknown,2025-1,global
67871036,Unknown,2025-1,global
67871071,Unknown,2025-1,global
67871080,Unknown,2025-1,global
67871084,Unknown,2025-1,global
67871116,Unknown,2025-1,global
67871136,Unknown,2025-1,global
67871143,Unknown,2025-1,global
67871203,Unknown,2025-1,global
67871260,Unknown,2025-1,global
67871355,Unknown,2025-1,global
67899355,Unknown,2025-1,global
67899421,Unknown,2025-1,global
67899512,Unknown,2025-1,global
67899637,Unknown,2025-1,global
67899687,Unknown,2025-1,global
67899690,Unknown,2025-1,global
67899725,Unknown,2025-1,global
67899781,Unknown,2025-1,global
67899991,Unknown,2025-1,global
67900591,Unknown,2025-1,global
67900607,Unknown,2025-1,global
67900621,Unknown,2025-1,global
67901205,Unknown,2025-1,global
67901306,Unknown,2025-1,global
67902046,Unknown,2025-1,global
67902071,Unknown,2025-1,global
67902084,Unknown,2025-1,global
67902088,Unknown,2025-1,global
67902103,Unknown,2025-1,global
67902620,Unknown,2025-1,global
67902640,Unknown,2025-1,global
67902657,Unknown,2025-1,global
67902908,Unknown,2025-1,global
67902985,Unknown,2025-1,global
67903042,Unknown,2025-1,global
67903074,Unknown,2025-1,global
67903124,Unknown,2025-1,global
67903149,Unknown,2025-1,global
67903174,Unknown,2025-1,global
67903264,Unknown,2025-1,global
67903537,Unknown,2025-1,global
67903591,Unknown,2025-1,global
67904147,Unknown,2025-1,global
67905401,Unknown,2025-1,global
67905414,Unknown,2025-1,global
67905433,Unknown,2025-1,global
67905470,Unknown,2025-1,global
67905489,Unknown,2025-1,global
67905532,Unknown,2025-1,global
67905646,Unknown,2025-1,global
67905735,Unknown,2025-1,global
67968365,Unknown,2025-1,global
67970335,Unknown,2025-1,global
67996575,Unknown,2025-1,global
67996584,Unknown,2025-1,global
67996744,Unknown,2025-1,global
67996765,Unknown,2025-1,global
67997172,Unknown,2025-1,global
67997318,Unknown,2025-1,global
67997668,Unknown,2025-1,global
67997694,Unknown,2025-1,global
67997714,Unknown,2025-1,global
67997787,Unknown,2025-1,global
67997808,Unknown,2025-1,global
67997819,Unknown,2025-1,global
67997836,Unknown,2025-1,global
67997845,Unknown,2025-1,global
67997854,Unknown,2025-1,global
67997869,Unknown,2025-1,global
67997876,Unknown,2025-1,global
67997879,Unknown,2025-1,global
67997886,Unknown,2025-1,global
67997893,Unknown,2025-1,global
67997896,Unknown,2025-1,global
67999325,Unknown,2025-1,global
67999339,Unknown,2025-1,global
68000633,Unknown,2025-1,global
68000804,Unknown,2025-1,global
68324528,Unknown,2025-1,global
68324675,Unknown,2025-1,global
68324892,Unknown,2025-1,global
68398868,Unknown,2025-1,global
69181822,Unknown,2025-1,global
69181847,Unknown,2025-1,global
69181934,Unknown,2025-1,global
69181941,Unknown,2025-1,global
69181948,Unknown,2025-1,global
69181969,Unknown,2025-1,global
69182291,Unknown,2025-1,global
69182614,Unknown,2025-1,global
69182673,Unknown,2025-1,global
69182687,Unknown,2025-1,global
69182717,Unknown,2025-1,global
69182861,Unknown,2025-1,global
69183023,Unknown,2025-1,global
69538564,Unknown,2025-1,global
69538573,Unknown,2025-1,global
69538576,Unknown,2025-1,global
69538579,Unknown,2025-1,global
69538589,Unknown,2025-1,global
69544768,Unknown,2025-1,global
69544771,Unknown,2025-1,global
69544846,Unknown,2025-1,global
69583335,Unknown,2025-1,global
69583348,Unknown,2025-1,global
69583361,Unknown,2025-1,global
69583368,Unknown,2025-1,global
69583371,Unknown,2025-1,global
69583382,Unknown,2025-1,global
69583393,Unknown,2025-1,global
69583400,Unknown,2025-1,global
69583407,Unknown,2025-1,global
69583414,Unknown,2025-1,global
69583417,Unknown,2025-1,global
69583420,Unknown,2025-1,global
69583423,Unknown,2025-1,global
69583426,Unknown,2025-1,global
69583433,Unknown,2025-1,global
69583436,Unknown,2025-1,global
69583439,Unknown,2025-1,global
69583442,Unknown,2025-1,global
69583447,Unknown,2025-1,global
69583454,Unknown,2025-1,global
69583457,Unknown,2025-1,global
69583460,Unknown,2025-1,global
69583463,Unknown,2025-1,global
69583466,Unknown,2025-1,global
69689070,Unknown,2025-1,global
69689242,Unknown,2025-1,global
69689424,Unknown,2025-1,global
69689554,Unknown,2025-1,global
69689777,Unknown,2025-1,global
69690025,Unknown,2025-1,global
69690275,Unknown,2025-1,global
69738690,Unknown,2025-1,global
69738727,Unknown,2025-1,global
69738738,Unknown,2025-1,global
69738881,Unknown,2025-1,global
69738927,Unknown,2025-1,global
69738933,Unknown,2025-1,global
69738962,Unknown,2025-1,global
69738986,Unknown,2025-1,global
69739558,Unknown,2025-1,global
69739591,Unknown,2025-1,global
69739648,Unknown,2025-1,global
69921147,Unknown,2025-1,global
70010111,Unknown,2025-1,global
70010234,Unknown,2025-1,global
70010260,Unknown,2025-1,global
70010275,Unknown,2025-1,global
70010402,Unknown,2025-1,global
70010437,Unknown,2025-1,global
70010557,Unknown,2025-1,global
70010615,Unknown,2025-1,global
70010872,Unknown,2025-1,global
70010999,Unknown,2025-1,global
70011018,Unknown,2025-1,global
70011154,Unknown,2025-1,global
70011534,Unknown,2025-1,global
70011736,Unknown,2025-1,global
72497402,Unknown,2025-1,global
79800315,Unknown,2025-1,global
79800379,Unknown,2025-1,global
87568608,Unknown,2025-1,global
87568739,Unknown,2025-1,global
88342975,Unknown,2025-1,global
95882787,Unknown,2025-1,global
96011200,Unknown,2025-1,global
96018882,Unknown,2025-1,global
197048,Unknown,2025-1,global
197048,Unknown,2025-1,persian_gulf
46083881,Unknown,2025-1,global
46083881,Unknown,2025-1,persian_gulf
46085237,Unknown,2025-1,global
46085237,Unknown,2025-1,persian_gulf
46087798,Unknown,2025-1,global
46087798,Unknown,2025-1,persian_gulf
46088833,Unknown,2025-1,global
46088833,Unknown,2025-1,persian_gulf
46096141,Unknown,2025-1,global
46096141,Unknown,2025-1,persian_gulf
46096184,Unknown,2025-1,global
46096184,Unknown,2025-1,persian_gulf
46102792,Unknown,2025-1,global
46102792,Unknown,2025-1,persian_gulf
54007474,Unknown,2025-1,global
54007474,Unknown,2025-1,persian_gulf
56852351,Unknown,2025-1,global
56852351,Unknown,2025-1,persian_gulf
194847,Unknown,2025-1,global
194847,Unknown,2025-1,mediterranean
114177681,Unknown,2025-1,global
114177913,Unknown,2025-1,global
195049,Unknown,2025-1,global
20434340,Unknown,2025-1,global
114178035,Unknown,2025-1,global
114178081,Unknown,2025-1,global
115696622,Unknown,2025-1,global
114178119,Unknown,2025-1,global
114178151,Unknown,2025-1,global
114178239,Unknown,2025-1,global
114173059,Unknown,2025-1,global
81909791,Unknown,2025-1,global
114178331,Unknown,2025-1,global
114178375,Unknown,2025-1,global
114178416,Unknown,2025-1,global
114178539,Unknown,2025-1,global
114178601,Unknown,2025-1,global
114157725,Unknown,2025-1,global
114176786,Unknown,2025-1,global
114177120,Unknown,2025-1,global
114178726,Unknown,2025-1,global
114158419,Unknown,2025-1,global
114179335,Unknown,2025-1,global
114179392,Unknown,2025-1,global
114179475,Unknown,2025-1,global
114179950,Unknown,2025-1,global
114180108,Unknown,2025-1,global
114180377,Unknown,2025-1,global
114180416,Unknown,2025-1,global
114180444,Unknown,2025-1,global
114180459,Unknown,2025-1,global
114180492,Unknown,2025-1,global
41719,Unknown,2025-1,global
41804,Unknown,2025-1,global
41809,Unknown,2025-1,global
41814,Unknown,2025-1,global
41845,Unknown,2025-1,global
41860,Unknown,2025-1,global
116863205,Unknown,2025-1,global
41870,Unknown,2025-1,global
44170,Unknown,2025-1,global
60091,Unknown,2025-1,global
60099,Unknown,2025-1,global
60101,Unknown,2025-1,global
161382,Unknown,2025-1,global
161414,Unknown,2025-1,global
161420,Unknown,2025-1,global
161469,Unknown,2025-1,global
161500,Unknown,2025-1,global
161509,Unknown,2025-1,global
161550,Unknown,2025-1,global
161552,Unknown,2025-1,global
161577,Unknown,2025-1,global
161602,Unknown,2025-1,global
161688,Unknown,2025-1,global
161703,Unknown,2025-1,global
161726,Unknown,2025-1,global
195421,Unknown,2025-1,global
195425,Unknown,2025-1,global
195466,Unknown,2025-1,global
195467,Unknown,2025-1,global
114180533,Unknown,2025-1,global
114180644,Unknown,2025-1,global
48342528,Unknown,2025-1,global
116847578,Unknown,2025-1,global
116855477,Unknown,2025-1,global
116858686,Unknown,2025-1,global
116863615,Unknown,2025-1,global
116863801,Unknown,2025-1,global
116864194,Unknown,2025-1,global
116864416,Unknown,2025-1,global
116878521,Unknown,2025-1,global
116878536,Unknown,2025-1,global
116878550,Unknown,2025-1,global
116878564,Unknown,2025-1,global
116878608,Unknown,2025-1,global
116878630,Unknown,2025-1,global
42704,Unknown,2025-1,global
116880225,Unknown,2025-1,global
47403216,Unknown,2025-1,global
47403021,Unknown,2025-1,global
117006624,Unknown,2025-1,global
117007082,Unknown,2025-1,global
117007235,Unknown,2025-1,global
117007442,Unknown,2025-1,global
117007700,Unknown,2025-1,global
117007716,Unknown,2025-1,global
117007746,Unknown,2025-1,global
117007764,Unknown,2025-1,global
117007856,Unknown,2025-1,global
117007988,Unknown,2025-1,global
117008020,Unknown,2025-1,global
117008133,Unknown,2025-1,global
117008207,Unknown,2025-1,global
117008255,Unknown,2025-1,global
117008369,Unknown,2025-1,global
117008482,Unknown,2025-1,global
117008614,Unknown,2025-1,global
117008646,Unknown,2025-1,global
117008661,Unknown,2025-1,global
117008689,Unknown,2025-1,global
117008715,Unknown,2025-1,global
117008727,Unknown,2025-1,global
117008764,Unknown,2025-1,global
117016720,Unknown,2025-1,global
117016730,Unknown,2025-1,global
117016738,Unknown,2025-1,global
117016765,Unknown,2025-1,global
117016784,Unknown,2025-1,global
117016801,Unknown,2025-1,global
117016815,Unknown,2025-1,global
117016819,Unknown,2025-1,global
117016885,Unknown,2025-1,global
117016908,Unknown,2025-1,global
117016941,Unknown,2025-1,global
117017108,Unknown,2025-1,global
117017124,Unknown,2025-1,global
117017134,Unknown,2025-1,global
117017138,Unknown,2025-1,global
117017142,Unknown,2025-1,global
117017146,Unknown,2025-1,global
117017150,Unknown,2025-1,global
117017154,Unknown,2025-1,global
117043719,Unknown,2025-1,global
117043730,Unknown,2025-1,global
117043760,Unknown,2025-1,global
117043783,Unknown,2025-1,global
117043791,Unknown,2025-1,global
117043805,Unknown,2025-1,global
117043828,Unknown,2025-1,global
117043856,Unknown,2025-1,global
117043864,Unknown,2025-1,global
117043884,Unknown,2025-1,global
117043921,Unknown,2025-1,global
117043928,Unknown,2025-1,global
117043966,Unknown,2025-1,global
117043984,Unknown,2025-1,global
117044000,Unknown,2025-1,global
117044004,Unknown,2025-1,global
117044012,Unknown,2025-1,global
117044031,Unknown,2025-1,global
117044038,Unknown,2025-1,global
117044060,Unknown,2025-1,global
117044064,Unknown,2025-1,global
117044072,Unknown,2025-1,global
117044080,Unknown,2025-1,global
117044084,Unknown,2025-1,global
117044088,Unknown,2025-1,global
117044130,Unknown,2025-1,global
117044179,Unknown,2025-1,global
117044199,Unknown,2025-1,global
117044203,Unknown,2025-1,global
117044223,Unknown,2025-1,global
183397,Unknown,2025-1,global
41861,Unknown,2025-1,global
117017080,Unknown,2025-1,global
48342104,Unknown,2025-1,global
48342358,Unknown,2025-1,global
47407568,Unknown,2025-1,global
47407633,Unknown,2025-1,global
118353317,Unknown,2025-1,global
118353365,Unknown,2025-1,global
118353346,Unknown,2025-1,global
118353792,Unknown,2025-1,global
118354389,Unknown,2025-1,global
118354006,Unknown,2025-1,global
118354019,Unknown,2025-1,global
118354076,Unknown,2025-1,global
118354444,Unknown,2025-1,global
118354515,Unknown,2025-1,global
118354540,Unknown,2025-1,global
118354604,Unknown,2025-1,global
118354654,Unknown,2025-1,global
118354744,Unknown,2025-1,global
118354800,Unknown,2025-1,global
118354866,Unknown,2025-1,global
118355114,Unknown,2025-1,global
118355154,Unknown,2025-1,global
118355257,Unknown,2025-1,global
118355300,Unknown,2025-1,global
118355328,Unknown,2025-1,global
118355413,Unknown,2025-1,global
118355457,Unknown,2025-1,global
118355537,Unknown,2025-1,global
118355587,Unknown,2025-1,global
118355604,Unknown,2025-1,global
118355622,Unknown,2025-1,global
118355645,Unknown,2025-1,global
118356183,Unknown,2025-1,global
118356821,Unknown,2025-1,global
118356838,Unknown,2025-1,global
118356869,Unknown,2025-1,global
118356930,Unknown,2025-1,global
118357019,Unknown,2025-1,global
118360435,Unknown,2025-1,global
118360643,Unknown,2025-1,global
68399571,Unknown,2025-1,global
47401641,Unknown,2025-1,global
68400327,Unknown,2025-1,global
22712157,Unknown,2025-1,global
154876,Unknown,2025-1,global
22135,Unknown,2025-1,global
231062018,Unknown,2025-1,global
96378503,Unknown,2025-1,global
96378879,Unknown,2025-1,global
22686806,Unknown,2025-1,global
67905791,Unknown,2025-1,global
114169344,Unknown,2025-1,global
118354225,Unknown,2025-1,global
120942051,Unknown,2025-1,global
77129706,Unknown,2025-1,global
190141,Unknown,2025-1,global
190277,Unknown,2025-1,global
190421,Unknown,2025-1,global
190423,Unknown,2025-1,global
47387347,Unknown,2025-1,global
67962581,Unknown,2025-1,global
77129484,Unknown,2025-1,global
77130370,Unknown,2025-1,global
67963992,Unknown,2025-1,global
67964577,Unknown,2025-1,global
67964842,Unknown,2025-1,global
190483,Unknown,2025-1,global
68284296,Unknown,2025-1,global
68284350,Unknown,2025-1,global
190272,Unknown,2025-1,global
190187,Unknown,2025-1,global
67966497,Unknown,2025-1,global
190303,Unknown,2025-1,global
195016,Unknown,2025-1,global
155630,Unknown,2025-1,global
118355982,Unknown,2025-1,global
118354461,Unknown,2025-1,global
123320518,Unknown,2025-1,global
123320543,Unknown,2025-1,global
123320646,Unknown,2025-1,global
123320674,Unknown,2025-1,global
123320677,Unknown,2025-1,global
123320865,Unknown,2025-1,global
123320960,Unknown,2025-1,global
123321065,Unknown,2025-1,global
123321147,Unknown,2025-1,global
123321390,Unknown,2025-1,global
123321397,Unknown,2025-1,global
123321416,Unknown,2025-1,global
123321449,Unknown,2025-1,global
123321480,Unknown,2025-1,global
123321528,Unknown,2025-1,global
123321579,Unknown,2025-1,global
123321601,Unknown,2025-1,global
123321694,Unknown,2025-1,global
123321720,Unknown,2025-1,global
123321739,Unknown,2025-1,global
123321868,Unknown,2025-1,global
123321944,Unknown,2025-1,global
123321954,Unknown,2025-1,global
123321962,Unknown,2025-1,global
123321965,Unknown,2025-1,global
123321972,Unknown,2025-1,global
123321975,Unknown,2025-1,global
123322013,Unknown,2025-1,global
123322027,Unknown,2025-1,global
123322121,Unknown,2025-1,global
123322193,Unknown,2025-1,global
123322234,Unknown,2025-1,global
123322237,Unknown,2025-1,global
123322264,Unknown,2025-1,global
123322282,Unknown,2025-1,global
123322424,Unknown,2025-1,global
123322448,Unknown,2025-1,global
123322451,Unknown,2025-1,global
123322455,Unknown,2025-1,global
123323165,Unknown,2025-1,global
123323253,Unknown,2025-1,global
123323262,Unknown,2025-1,global
123323283,Unknown,2025-1,global
123323295,Unknown,2025-1,global
123323339,Unknown,2025-1,global
123323351,Unknown,2025-1,global
123323356,Unknown,2025-1,global
123323359,Unknown,2025-1,global
123323368,Unknown,2025-1,global
123323371,Unknown,2025-1,global
123323380,Unknown,2025-1,global
123323383,Unknown,2025-1,global
123323392,Unknown,2025-1,global
123323411,Unknown,2025-1,global
123323452,Unknown,2025-1,global
123323464,Unknown,2025-1,global
123323471,Unknown,2025-1,global
123323501,Unknown,2025-1,global
123323849,Unknown,2025-1,global
123323873,Unknown,2025-1,global
123323914,Unknown,2025-1,global
123323927,Unknown,2025-1,global
123323933,Unknown,2025-1,global
123324008,Unknown,2025-1,global
123324046,Unknown,2025-1,global
123324238,Unknown,2025-1,global
123324256,Unknown,2025-1,global
123324473,Unknown,2025-1,global
123324530,Unknown,2025-1,global
123324551,Unknown,2025-1,global
123324669,Unknown,2025-1,global
123324701,Unknown,2025-1,global
123324812,Unknown,2025-1,global
123324877,Unknown,2025-1,global
123324951,Unknown,2025-1,global
123324964,Unknown,2025-1,global
123325036,Unknown,2025-1,global
123325104,Unknown,2025-1,global
123325166,Unknown,2025-1,global
123325193,Unknown,2025-1,global
123325240,Unknown,2025-1,global
123325265,Unknown,2025-1,global
123325302,Unknown,2025-1,global
123325459,Unknown,2025-1,global
123325715,Unknown,2025-1,global
123325779,Unknown,2025-1,global
123325782,Unknown,2025-1,global
123325801,Unknown,2025-1,global
123325837,Unknown,2025-1,global
123325896,Unknown,2025-1,global
123325962,Unknown,2025-1,global
123326019,Unknown,2025-1,global
123326064,Unknown,2025-1,global
123326101,Unknown,2025-1,global
123326216,Unknown,2025-1,global
123326288,Unknown,2025-1,global
123334405,Unknown,2025-1,global
123334420,Unknown,2025-1,global
123334430,Unknown,2025-1,global
123334575,Unknown,2025-1,global
123334668,Unknown,2025-1,global
123334701,Unknown,2025-1,global
123334745,Unknown,2025-1,global
123334762,Unknown,2025-1,global
123334771,Unknown,2025-1,global
123334873,Unknown,2025-1,global
123334902,Unknown,2025-1,global
123334955,Unknown,2025-1,global
123334962,Unknown,2025-1,global
123335133,Unknown,2025-1,global
123335148,Unknown,2025-1,global
123335178,Unknown,2025-1,global
123335187,Unknown,2025-1,global
123335263,Unknown,2025-1,global
123335326,Unknown,2025-1,global
123335390,Unknown,2025-1,global
123335481,Unknown,2025-1,global
123335557,Unknown,2025-1,global
123335574,Unknown,2025-1,global
123335589,Unknown,2025-1,global
123335620,Unknown,2025-1,global
123335673,Unknown,2025-1,global
123335677,Unknown,2025-1,global
123335680,Unknown,2025-1,global
123350079,Unknown,2025-1,global
123350095,Unknown,2025-1,global
123350103,Unknown,2025-1,global
123350109,Unknown,2025-1,global
123350119,Unknown,2025-1,global
123350125,Unknown,2025-1,global
123354369,Unknown,2025-1,global
123354372,Unknown,2025-1,global
123354384,Unknown,2025-1,global
123354387,Unknown,2025-1,global
123354515,Unknown,2025-1,global
123354731,Unknown,2025-1,global
123354734,Unknown,2025-1,global
123354780,Unknown,2025-1,global
123354795,Unknown,2025-1,global
123354821,Unknown,2025-1,global
123354833,Unknown,2025-1,global
123354995,Unknown,2025-1,global
123355098,Unknown,2025-1,global
123355145,Unknown,2025-1,global
123355158,Unknown,2025-1,global
123355193,Unknown,2025-1,global
123355275,Unknown,2025-1,global
123355281,Unknown,2025-1,global
123355292,Unknown,2025-1,global
123355359,Unknown,2025-1,global
123355374,Unknown,2025-1,global
123355378,Unknown,2025-1,global
123355386,Unknown,2025-1,global
123355395,Unknown,2025-1,global
123355425,Unknown,2025-1,global
123355554,Unknown,2025-1,global
123355563,Unknown,2025-1,global
123355696,Unknown,2025-1,global
123355965,Unknown,2025-1,global
123355990,Unknown,2025-1,global
123356060,Unknown,2025-1,global
123356073,Unknown,2025-1,global
123356234,Unknown,2025-1,global
123356265,Unknown,2025-1,global
123356336,Unknown,2025-1,global
123356346,Unknown,2025-1,global
123356374,Unknown,2025-1,global
123356516,Unknown,2025-1,global
123356530,Unknown,2025-1,global
123356696,Unknown,2025-1,global
123356757,Unknown,2025-1,global
123356787,Unknown,2025-1,global
123356887,Unknown,2025-1,global
123358153,Unknown,2025-1,global
123358174,Unknown,2025-1,global
123358198,Unknown,2025-1,global
123358272,Unknown,2025-1,global
123358286,Unknown,2025-1,global
123358301,Unknown,2025-1,global
123358392,Unknown,2025-1,global
123358403,Unknown,2025-1,global
123358410,Unknown,2025-1,global
123358425,Unknown,2025-1,global
123358434,Unknown,2025-1,global
123358439,Unknown,2025-1,global
123358453,Unknown,2025-1,global
123358461,Unknown,2025-1,global
123358676,Unknown,2025-1,global
123358759,Unknown,2025-1,global
123359079,Unknown,2025-1,global
123359108,Unknown,2025-1,global
123359164,Unknown,2025-1,global
123359249,Unknown,2025-1,global
123359277,Unknown,2025-1,global
123359280,Unknown,2025-1,global
123359305,Unknown,2025-1,global
123359368,Unknown,2025-1,global
123359431,Unknown,2025-1,global
123359446,Unknown,2025-1,global
123359459,Unknown,2025-1,global
123359513,Unknown,2025-1,global
123359677,Unknown,2025-1,global
123359692,Unknown,2025-1,global
123359782,Unknown,2025-1,global
123359924,Unknown,2025-1,global
123359970,Unknown,2025-1,global
123360411,Unknown,2025-1,global
123360429,Unknown,2025-1,global
123360476,Unknown,2025-1,global
123360481,Unknown,2025-1,global
123360553,Unknown,2025-1,global
123360771,Unknown,2025-1,global
123360857,Unknown,2025-1,global
123360888,Unknown,2025-1,global
123360939,Unknown,2025-1,global
123361038,Unknown,2025-1,global
123361068,Unknown,2025-1,global
123373847,Unknown,2025-1,global
123374956,Unknown,2025-1,global
123374976,Unknown,2025-1,global
123375793,Unknown,2025-1,global
123375825,Unknown,2025-1,global
123375849,Unknown,2025-1,global
123375979,Unknown,2025-1,global
123376181,Unknown,2025-1,global
123376199,Unknown,2025-1,global
123376283,Unknown,2025-1,global
123376425,Unknown,2025-1,global
123376458,Unknown,2025-1,global
195780,Unknown,2025-1,global
196375,Unknown,2025-1,global
196403,Unknown,2025-1,global
122902110,Unknown,2025-1,global
122904059,Unknown,2025-1,global
122904064,Unknown,2025-1,global
122905558,Unknown,2025-1,global
123376569,Unknown,2025-1,global
123423043,Unknown,2025-1,global
123423200,Unknown,2025-1,global
123423211,Unknown,2025-1,global
123423234,Unknown,2025-1,global
123423794,Unknown,2025-1,global
123423864,Unknown,2025-1,global
123424059,Unknown,2025-1,global
123424090,Unknown,2025-1,global
118354464,Unknown,2025-1,global
118354490,Unknown,2025-1,global
123484382,Unknown,2025-1,global
123424581,Unknown,2025-1,global
123424845,Unknown,2025-1,global
123424889,Unknown,2025-1,global
123424951,Unknown,2025-1,global
123424986,Unknown,2025-1,global
123425392,Unknown,2025-1,global
123426284,Unknown,2025-1,global
123426960,Unknown,2025-1,global
123426979,Unknown,2025-1,global
123427800,Unknown,2025-1,global
123427908,Unknown,2025-1,global
123427946,Unknown,2025-1,global
123428754,Unknown,2025-1,global
123428798,Unknown,2025-1,global
123430275,Unknown,2025-1,global
123430310,Unknown,2025-1,global
123430352,Unknown,2025-1,global
123431270,Unknown,2025-1,global
123431317,Unknown,2025-1,global
123431387,Unknown,2025-1,global
123431411,Unknown,2025-1,global
123431971,Unknown,2025-1,global
123432479,Unknown,2025-1,global
123432514,Unknown,2025-1,global
123433638,Unknown,2025-1,global
123433722,Unknown,2025-1,global
123433751,Unknown,2025-1,global
123433770,Unknown,2025-1,global
123433930,Unknown,2025-1,global
123433971,Unknown,2025-1,global
123434119,Unknown,2025-1,global
123434761,Unknown,2025-1,global
123434776,Unknown,2025-1,global
123434849,Unknown,2025-1,global
123434969,Unknown,2025-1,global
123435117,Unknown,2025-1,global
123435142,Unknown,2025-1,global
123435177,Unknown,2025-1,global
123435299,Unknown,2025-1,global
123435331,Unknown,2025-1,global
123437511,Unknown,2025-1,global
123437732,Unknown,2025-1,global
123438566,Unknown,2025-1,global
123439530,Unknown,2025-1,global
123439535,Unknown,2025-1,global
123439665,Unknown,2025-1,global
123439691,Unknown,2025-1,global
123439694,Unknown,2025-1,global
123439722,Unknown,2025-1,global
123439745,Unknown,2025-1,global
123439804,Unknown,2025-1,global
123439834,Unknown,2025-1,global
123439842,Unknown,2025-1,global
123439853,Unknown,2025-1,global
123440719,Unknown,2025-1,global
123440780,Unknown,2025-1,global
123441448,Unknown,2025-1,global
123441501,Unknown,2025-1,global
123456077,Unknown,2025-1,global
123479789,Unknown,2025-1,global
123479792,Unknown,2025-1,global
123479810,Unknown,2025-1,global
123480251,Unknown,2025-1,global
123481305,Unknown,2025-1,global
123481338,Unknown,2025-1,global
123481349,Unknown,2025-1,global
123481390,Unknown,2025-1,global
123481902,Unknown,2025-1,global
123481988,Unknown,2025-1,global
123482008,Unknown,2025-1,global
123482119,Unknown,2025-1,global
123482149,Unknown,2025-1,global
123482176,Unknown,2025-1,global
123482213,Unknown,2025-1,global
123482256,Unknown,2025-1,global
123482273,Unknown,2025-1,global
123482304,Unknown,2025-1,global
123482315,Unknown,2025-1,global
123482318,Unknown,2025-1,global
123482322,Unknown,2025-1,global
123482346,Unknown,2025-1,global
123482355,Unknown,2025-1,global
123482384,Unknown,2025-1,global
123482461,Unknown,2025-1,global
123482474,Unknown,2025-1,global
123482501,Unknown,2025-1,global
123482511,Unknown,2025-1,global
123482517,Unknown,2025-1,global
123482570,Unknown,2025-1,global
123482609,Unknown,2025-1,global
123482627,Unknown,2025-1,global
123482676,Unknown,2025-1,global
123483738,Unknown,2025-1,global
123483756,Unknown,2025-1,global
123491396,Unknown,2025-1,global
123491533,Unknown,2025-1,global
123491577,Unknown,2025-1,global
123491697,Unknown,2025-1,global
123491720,Unknown,2025-1,global
123491789,Unknown,2025-1,global
123491822,Unknown,2025-1,global
123491892,Unknown,2025-1,global
123491900,Unknown,2025-1,global
123491918,Unknown,2025-1,global
123491937,Unknown,2025-1,global
123491959,Unknown,2025-1,global
123491963,Unknown,2025-1,global
123492102,Unknown,2025-1,global
123492148,Unknown,2025-1,global
123495235,Unknown,2025-1,global
123495297,Unknown,2025-1,global
123495360,Unknown,2025-1,global
123495565,Unknown,2025-1,global
123495795,Unknown,2025-1,global
123495846,Unknown,2025-1,global
123495849,Unknown,2025-1,global
123495852,Unknown,2025-1,global
123495886,Unknown,2025-1,global
123495890,Unknown,2025-1,global
123495948,Unknown,2025-1,global
123496007,Unknown,2025-1,global
123496476,Unknown,2025-1,global
123496569,Unknown,2025-1,global
123496683,Unknown,2025-1,global
123496899,Unknown,2025-1,global
123497006,Unknown,2025-1,global
123497053,Unknown,2025-1,global
123498424,Unknown,2025-1,global
123498476,Unknown,2025-1,global
123498530,Unknown,2025-1,global
123498533,Unknown,2025-1,global
123498563,Unknown,2025-1,global
123498577,Unknown,2025-1,global
123498679,Unknown,2025-1,global
123498699,Unknown,2025-1,global
123498776,Unknown,2025-1,global
123498959,Unknown,2025-1,global
123499036,Unknown,2025-1,global
123499110,Unknown,2025-1,global
123499145,Unknown,2025-1,global
123499266,Unknown,2025-1,global
123499299,Unknown,2025-1,global
123499355,Unknown,2025-1,global
123499447,Unknown,2025-1,global
123499485,Unknown,2025-1,global
123499639,Unknown,2025-1,global
123499659,Unknown,2025-1,global
123499677,Unknown,2025-1,global
123501294,Unknown,2025-1,global
123501308,Unknown,2025-1,global
123501367,Unknown,2025-1,global
123501377,Unknown,2025-1,global
123501434,Unknown,2025-1,global
123502093,Unknown,2025-1,global
123502396,Unknown,2025-1,global
123502410,Unknown,2025-1,global
123502420,Unknown,2025-1,global
123502441,Unknown,2025-1,global
123502456,Unknown,2025-1,global
123502504,Unknown,2025-1,global
123502853,Unknown,2025-1,global
123502871,Unknown,2025-1,global
123502900,Unknown,2025-1,global
123502973,Unknown,2025-1,global
123502982,Unknown,2025-1,global
123503097,Unknown,2025-1,global
123503127,Unknown,2025-1,global
123503235,Unknown,2025-1,global
123503261,Unknown,2025-1,global
123503272,Unknown,2025-1,global
123503627,Unknown,2025-1,global
123503647,Unknown,2025-1,global
123503697,Unknown,2025-1,global
123503731,Unknown,2025-1,global
123503741,Unknown,2025-1,global
123503751,Unknown,2025-1,global
123503861,Unknown,2025-1,global
123503881,Unknown,2025-1,global
123503888,Unknown,2025-1,global
123514105,Unknown,2025-1,global
123514185,Unknown,2025-1,global
123516559,Unknown,2025-1,global
123670775,Unknown,2025-1,global
123670775,Unknown,2025-1,europe
79928092,Unknown,2025-1,global
79928337,Unknown,2025-1,global
79928352,Unknown,2025-1,global
118354917,Unknown,2025-1,global
39338,Unknown,2025-1,global
39354,Unknown,2025-1,global
41813,Unknown,2025-1,global
44585,Unknown,2025-1,global
44604,Unknown,2025-1,global
141744346,Unknown,2025-1,global
44608,Unknown,2025-1,global
44610,Unknown,2025-1,global
44646,Unknown,2025-1,global
60086,Unknown,2025-1,global
60096,Unknown,2025-1,global
60169,Unknown,2025-1,global
60184,Unknown,2025-1,global
60186,Unknown,2025-1,global
60190,Unknown,2025-1,global
60226,Unknown,2025-1,global
60234,Unknown,2025-1,global
63136,Unknown,2025-1,global
161341,Unknown,2025-1,global
161343,Unknown,2025-1,global
161348,Unknown,2025-1,global
161351,Unknown,2025-1,global
161392,Unknown,2025-1,global
161396,Unknown,2025-1,global
161400,Unknown,2025-1,global
161428,Unknown,2025-1,global
161429,Unknown,2025-1,global
161458,Unknown,2025-1,global
161460,Unknown,2025-1,global
161490,Unknown,2025-1,global
161493,Unknown,2025-1,global
161502,Unknown,2025-1,global
161531,Unknown,2025-1,global
161537,Unknown,2025-1,global
161554,Unknown,2025-1,global
161582,Unknown,2025-1,global
161583,Unknown,2025-1,global
161583,Unknown,2025-1,europe
161592,Unknown,2025-1,global
161646,Unknown,2025-1,global
161678,Unknown,2025-1,global
161697,Unknown,2025-1,global
161704,Unknown,2025-1,global
161710,Unknown,2025-1,global
161736,Unknown,2025-1,global
195454,Unknown,2025-1,global
124357052,Unknown,2025-1,global
195485,Unknown,2025-1,global
124357224,Unknown,2025-1,global
124396026,Unknown,2025-1,global
124396124,Unknown,2025-1,global
124396530,Unknown,2025-1,global
124398187,Unknown,2025-1,global
124398222,Unknown,2025-1,global
124398312,Unknown,2025-1,global
124398342,Unknown,2025-1,global
124552788,Unknown,2025-1,global
118354732,Unknown,2025-1,global
125961121,Unknown,2025-1,global
125962361,Unknown,2025-1,global
125979553,Unknown,2025-1,global
196327,Unknown,2025-1,global
126707333,Unknown,2025-1,global
127827012,Unknown,2025-1,global
127932540,Unknown,2025-1,global
127932780,Unknown,2025-1,global
127933043,Unknown,2025-1,global
196409,Unknown,2025-1,global
196410,Unknown,2025-1,global
154761,Unknown,2025-1,global
190068,Unknown,2025-1,global
190084,Unknown,2025-1,global
190088,Unknown,2025-1,global
190112,Unknown,2025-1,global
190127,Unknown,2025-1,global
190189,Unknown,2025-1,global
190234,Unknown,2025-1,global
190294,Unknown,2025-1,global
190301,Unknown,2025-1,global
190322,Unknown,2025-1,global
190381,Unknown,2025-1,global
190382,Unknown,2025-1,global
190396,Unknown,2025-1,global
190411,Unknown,2025-1,global
190415,Unknown,2025-1,global
190439,Unknown,2025-1,global
190450,Unknown,2025-1,global
18129312,Unknown,2025-1,global
67966352,Unknown,2025-1,global
114156725,Unknown,2025-1,global
128706414,Unknown,2025-1,global
128706509,Unknown,2025-1,global
128709742,Unknown,2025-1,global
128710323,Unknown,2025-1,global
128710885,Unknown,2025-1,global
4159,Unknown,2025-1,global
68064111,Unknown,2025-1,global
71942692,Unknown,2025-1,global
197277,Unknown,2025-1,global
197279,Unknown,2025-1,global
2895,Unknown,2025-1,global
193081,Unknown,2025-1,global
142323988,Unknown,2025-1,global
123387810,Unknown,2025-1,global
183945,Unknown,2025-1,global
198575,Unknown,2025-1,europe
67962617,Unknown,2025-1,global
129305725,Unknown,2025-1,global
129295407,Unknown,2025-1,global
129295975,Unknown,2025-1,global
129296277,Unknown,2025-1,global
129494544,Unknown,2025-1,global
129495269,Unknown,2025-1,global
129495390,Unknown,2025-1,global
129495487,Unknown,2025-1,global
129495645,Unknown,2025-1,global
129495899,Unknown,2025-1,global
129495924,Unknown,2025-1,global
129512036,Unknown,2025-1,global
129299545,Unknown,2025-1,global
129299583,Unknown,2025-1,global
129299900,Unknown,2025-1,global
129511248,Unknown,2025-1,global
129511252,Unknown,2025-1,global
129511256,Unknown,2025-1,global
129511300,Unknown,2025-1,global
129511525,Unknown,2025-1,global
129511528,Unknown,2025-1,global
129511555,Unknown,2025-1,global
129511606,Unknown,2025-1,global
129511614,Unknown,2025-1,global
129511745,Unknown,2025-1,global
129511856,Unknown,2025-1,global
129511949,Unknown,2025-1,global
129296993,Unknown,2025-1,global
129297014,Unknown,2025-1,global
129297060,Unknown,2025-1,global
129297075,Unknown,2025-1,global
129297101,Unknown,2025-1,global
129297138,Unknown,2025-1,global
129297200,Unknown,2025-1,global
129297232,Unknown,2025-1,global
129298547,Unknown,2025-1,global
129300105,Unknown,2025-1,global
129300151,Unknown,2025-1,global
129300299,Unknown,2025-1,global
129300330,Unknown,2025-1,global
129302496,Unknown,2025-1,global
129388312,Unknown,2025-1,global
129388760,Unknown,2025-1,global
129389236,Unknown,2025-1,global
129389241,Unknown,2025-1,global
129389418,Unknown,2025-1,global
129389530,Unknown,2025-1,global
129389577,Unknown,2025-1,global
129390126,Unknown,2025-1,global
129390462,Unknown,2025-1,global
129390595,Unknown,2025-1,global
129391378,Unknown,2025-1,global
129391467,Unknown,2025-1,global
129391553,Unknown,2025-1,global
129394062,Unknown,2025-1,global
129394341,Unknown,2025-1,global
129394449,Unknown,2025-1,global
129394511,Unknown,2025-1,global
129394603,Unknown,2025-1,global
129394677,Unknown,2025-1,global
129511241,Unknown,2025-1,global
129511234,Unknown,2025-1,global
129511227,Unknown,2025-1,global
129511220,Unknown,2025-1,global
129511181,Unknown,2025-1,global
129511170,Unknown,2025-1,global
18129278,Unknown,2025-1,global
129511152,Unknown,2025-1,global
129511143,Unknown,2025-1,global
129299170,Unknown,2025-1,global
184047,Unknown,2025-1,global
199653,Unknown,2025-1,global
47269499,Unknown,2025-1,global
47403227,Unknown,2025-1,global
199655,Unknown,2025-1,global
47403212,Unknown,2025-1,global
199654,Unknown,2025-1,global
190367,Unknown,2025-1,global
18179796,Unknown,2025-1,global
190319,Unknown,2025-1,global
67962660,Unknown,2025-1,global
18140823,Unknown,2025-1,global
68064747,Unknown,2025-1,global
194999,Unknown,2025-1,global
198648,Unknown,2025-1,global
68062225,Unknown,2025-1,global
190181,Unknown,2025-1,global
190338,Unknown,2025-1,global
68064929,Unknown,2025-1,global
18126112,Unknown,2025-1,global
68062262,Unknown,2025-1,global
67963784,Unknown,2025-1,global
181547,Unknown,2025-1,global
191747,Unknown,2025-1,global
181105,Unknown,2025-1,global
63570,Unknown,2025-1,global
198706,Unknown,2025-1,global
155157,Unknown,2025-1,global
154979,Unknown,2025-1,global
169353,Unknown,2025-1,global
154822,Unknown,2025-1,global
130263584,Unknown,2025-1,global
130263812,Unknown,2025-1,global
130275086,Unknown,2025-1,global
130275173,Unknown,2025-1,global
130275223,Unknown,2025-1,global
130275248,Unknown,2025-1,global
130275254,Unknown,2025-1,global
130275315,Unknown,2025-1,global
130281858,Unknown,2025-1,global
130282156,Unknown,2025-1,global
130282200,Unknown,2025-1,global
130282230,Unknown,2025-1,global
130282441,Unknown,2025-1,global
130282725,Unknown,2025-1,global
130282824,Unknown,2025-1,global
130283033,Unknown,2025-1,global
130283639,Unknown,2025-1,global
130284409,Unknown,2025-1,global
130284614,Unknown,2025-1,global
130284836,Unknown,2025-1,global
130285078,Unknown,2025-1,global
130285307,Unknown,2025-1,global
130285744,Unknown,2025-1,global
130285977,Unknown,2025-1,global
130286039,Unknown,2025-1,global
130286297,Unknown,2025-1,global
130286757,Unknown,2025-1,global
130286778,Unknown,2025-1,global
130286787,Unknown,2025-1,global
130286796,Unknown,2025-1,global
130286816,Unknown,2025-1,global
130286847,Unknown,2025-1,global
130286862,Unknown,2025-1,global
130338284,Unknown,2025-1,global
130344486,Unknown,2025-1,global
130344504,Unknown,2025-1,global
130344655,Unknown,2025-1,global
130345331,Unknown,2025-1,global
130345678,Unknown,2025-1,global
130346023,Unknown,2025-1,global
130346041,Unknown,2025-1,global
130346273,Unknown,2025-1,global
130346280,Unknown,2025-1,global
130346283,Unknown,2025-1,global
130346410,Unknown,2025-1,global
130346424,Unknown,2025-1,global
130346459,Unknown,2025-1,global
130350139,Unknown,2025-1,global
130350168,Unknown,2025-1,global
130350177,Unknown,2025-1,global
130350214,Unknown,2025-1,global
130350264,Unknown,2025-1,global
130350272,Unknown,2025-1,global
130350289,Unknown,2025-1,global
130350490,Unknown,2025-1,global
130350493,Unknown,2025-1,global
130350496,Unknown,2025-1,global
130350503,Unknown,2025-1,global
130350508,Unknown,2025-1,global
130350511,Unknown,2025-1,global
130350523,Unknown,2025-1,global
130350534,Unknown,2025-1,global
130350547,Unknown,2025-1,global
130350552,Unknown,2025-1,global
130350565,Unknown,2025-1,global
130350771,Unknown,2025-1,global
130350825,Unknown,2025-1,global
130351028,Unknown,2025-1,global
130352266,Unknown,2025-1,global
130352497,Unknown,2025-1,global
130352723,Unknown,2025-1,global
130353171,Unknown,2025-1,global
130353324,Unknown,2025-1,global
130353354,Unknown,2025-1,global
130353401,Unknown,2025-1,global
130353406,Unknown,2025-1,global
22726340,Unknown,2025-1,global
130350312,Unknown,2025-1,global
130350372,Unknown,2025-1,global
130350451,Unknown,2025-1,global
130350484,Unknown,2025-1,global
130281888,Unknown,2025-1,global
183984,Unknown,2025-1,global
183864,Unknown,2025-1,global
183561,Unknown,2025-1,global
183409,Unknown,2025-1,global
183478,Unknown,2025-1,global
183510,Unknown,2025-1,global
183559,Unknown,2025-1,global
183778,Unknown,2025-1,global
183954,Unknown,2025-1,global
183248,Unknown,2025-1,global
183686,Unknown,2025-1,global
183439,Unknown,2025-1,global
183996,Unknown,2025-1,global
154782,Unknown,2025-1,global
183358,Unknown,2025-1,global
183901,Unknown,2025-1,global
183278,Unknown,2025-1,global
155173,Unknown,2025-1,global
183580,Unknown,2025-1,global
183342,Unknown,2025-1,global
154704,Unknown,2025-1,global
155192,Unknown,2025-1,global
19735,Unknown,2025-1,global
184032,Unknown,2025-1,global
183471,Unknown,2025-1,global
183386,Unknown,2025-1,global
183380,Unknown,2025-1,global
183536,Unknown,2025-1,global
183648,Unknown,2025-1,global
183669,Unknown,2025-1,global
183869,Unknown,2025-1,global
183989,Unknown,2025-1,global
183578,Unknown,2025-1,global
183602,Unknown,2025-1,global
158886688,Unknown,2025-1,global
183383,Unknown,2025-1,global
49186649,Unknown,2025-1,global
183252,Unknown,2025-1,global
183812,Unknown,2025-1,global
183997,Unknown,2025-1,global
183390,Unknown,2025-1,global
183350,Unknown,2025-1,global
183946,Unknown,2025-1,global
183523,Unknown,2025-1,global
183995,Unknown,2025-1,global
183935,Unknown,2025-1,global
183639,Unknown,2025-1,global
183581,Unknown,2025-1,global
183829,Unknown,2025-1,global
183332,Unknown,2025-1,global
183356,Unknown,2025-1,global
183863,Unknown,2025-1,global
184033,Unknown,2025-1,global
183444,Unknown,2025-1,global
49217539,Unknown,2025-1,global
49217590,Unknown,2025-1,global
49217654,Unknown,2025-1,global
49218151,Unknown,2025-1,global
183830,Unknown,2025-1,global
154864,Unknown,2025-1,global
183565,Unknown,2025-1,global
183750,Unknown,2025-1,global
183740,Unknown,2025-1,global
183721,Unknown,2025-1,global
183501,Unknown,2025-1,global
154662,Unknown,2025-1,global
184019,Unknown,2025-1,global
183569,Unknown,2025-1,global
183562,Unknown,2025-1,global
183271,Unknown,2025-1,global
183911,Unknown,2025-1,global
183974,Unknown,2025-1,global
183344,Unknown,2025-1,global
183588,Unknown,2025-1,global
183592,Unknown,2025-1,global
183893,Unknown,2025-1,global
183843,Unknown,2025-1,global
198708,Unknown,2025-1,global
183388,Unknown,2025-1,global
183302,Unknown,2025-1,global
183899,Unknown,2025-1,global
183744,Unknown,2025-1,global
198710,Unknown,2025-1,global
49218712,Unknown,2025-1,global
183354,Unknown,2025-1,global
184038,Unknown,2025-1,global
190094,Unknown,2025-1,global
114179305,Unknown,2025-1,global
7135,Unknown,2025-1,global
190326,Unknown,2025-1,global
68063640,Unknown,2025-1,global
190144,Unknown,2025-1,global
68064100,Unknown,2025-1,global
68064271,Unknown,2025-1,global
190457,Unknown,2025-1,global
67966167,Unknown,2025-1,global
22692418,Unknown,2025-1,global
22697123,Unknown,2025-1,global
22680021,Unknown,2025-1,global
22680492,Unknown,2025-1,global
22724879,Unknown,2025-1,global
22694601,Unknown,2025-1,global
22694324,Unknown,2025-1,global
123321617,Unknown,2025-1,global
129302854,Unknown,2025-1,global
22680405,Unknown,2025-1,global
22694362,Unknown,2025-1,global
22694420,Unknown,2025-1,global
22694493,Unknown,2025-1,global
22694612,Unknown,2025-1,global
22694861,Unknown,2025-1,global
22696610,Unknown,2025-1,global
22696743,Unknown,2025-1,global
22696770,Unknown,2025-1,global
22696779,Unknown,2025-1,global
22696799,Unknown,2025-1,global
22696901,Unknown,2025-1,global
22698097,Unknown,2025-1,global
22698136,Unknown,2025-1,global
22698155,Unknown,2025-1,global
22698195,Unknown,2025-1,global
22698226,Unknown,2025-1,global
22698388,Unknown,2025-1,global
22698442,Unknown,2025-1,global
22698477,Unknown,2025-1,global
22698530,Unknown,2025-1,global
22698548,Unknown,2025-1,global
22728011,Unknown,2025-1,global
22728808,Unknown,2025-1,global
22732244,Unknown,2025-1,global
45354823,Unknown,2025-1,global
62026537,Unknown,2025-1,global
132675986,Unknown,2025-1,global
176746,Unknown,2025-1,global
198625,Unknown,2025-1,global
18139017,Unknown,2025-1,global
195044,Unknown,2025-1,global
190110,Unknown,2025-1,global
190410,Unknown,2025-1,global
67966314,Unknown,2025-1,global
18138815,Unknown,2025-1,global
57452852,Unknown,2025-1,global
67966246,Unknown,2025-1,global
22729686,Unknown,2025-1,global
22696813,Unknown,2025-1,global
22696883,Unknown,2025-1,global
176716,Unknown,2025-1,global
190470,Unknown,2025-1,global
190470,Unknown,2025-1,gulf_of mexico
134554100,Unknown,2025-1,global
134554171,Unknown,2025-1,global
182330,Unknown,2025-1,global
182330,Unknown,2025-1,pan-africa
182435,Unknown,2025-1,global
182435,Unknown,2025-1,pan-africa
182435,Unknown,2025-1,western_africa
182093,Unknown,2025-1,global
182093,Unknown,2025-1,pan-africa
182093,Unknown,2025-1,western_africa
182963,Unknown,2025-1,global
182963,Unknown,2025-1,pan-africa
182963,Unknown,2025-1,western_africa
163269,Unknown,2025-1,global
163198,Unknown,2025-1,global
163369,Unknown,2025-1,global
182389,Unknown,2025-1,global
182389,Unknown,2025-1,central_africa
182389,Unknown,2025-1,pan-africa
181943,Unknown,2025-1,global
181943,Unknown,2025-1,pan-africa
181943,Unknown,2025-1,western_africa
182512,Unknown,2025-1,global
182512,Unknown,2025-1,pan-africa
181585,Unknown,2025-1,global
181585,Unknown,2025-1,pan-africa
197043,Unknown,2025-1,global
181550,Unknown,2025-1,global
181550,Unknown,2025-1,pan-africa
199363,Unknown,2025-1,global
182807,Unknown,2025-1,global
182807,Unknown,2025-1,pan-africa
67964953,Unknown,2025-1,global
181807,Unknown,2025-1,global
181807,Unknown,2025-1,pan-africa
182549,Unknown,2025-1,global
182549,Unknown,2025-1,central_africa
182549,Unknown,2025-1,pan-africa
2761,Unknown,2025-1,global
2761,Unknown,2025-1,europe
15631,Unknown,2025-1,global
15631,Unknown,2025-1,europe
21257,Unknown,2025-1,global
40708,Unknown,2025-1,global
40708,Unknown,2025-1,europe
135545,Unknown,2025-1,global
170759990,Unknown,2025-1,global
170759990,Unknown,2025-1,europe
249532191,Unknown,2025-1,global
188115,Unknown,2025-1,global
188115,Unknown,2025-1,europe
135446117,Unknown,2025-1,global
135383783,Unknown,2025-1,global
135384014,Unknown,2025-1,global
135384178,Unknown,2025-1,global
135385234,Unknown,2025-1,global
135385274,Unknown,2025-1,global
135385310,Unknown,2025-1,global
135385511,Unknown,2025-1,global
135385529,Unknown,2025-1,global
135385554,Unknown,2025-1,global
135385583,Unknown,2025-1,global
135385599,Unknown,2025-1,global
135385613,Unknown,2025-1,global
135385638,Unknown,2025-1,global
135385685,Unknown,2025-1,global
135386429,Unknown,2025-1,global
135388190,Unknown,2025-1,global
135388252,Unknown,2025-1,global
135388528,Unknown,2025-1,global
135388689,Unknown,2025-1,global
135388708,Unknown,2025-1,global
135388770,Unknown,2025-1,global
135388809,Unknown,2025-1,global
135388821,Unknown,2025-1,global
135388865,Unknown,2025-1,global
135390246,Unknown,2025-1,global
135390360,Unknown,2025-1,global
135390600,Unknown,2025-1,global
135390761,Unknown,2025-1,global
135390778,Unknown,2025-1,global
135391499,Unknown,2025-1,global
135392230,Unknown,2025-1,global
135394947,Unknown,2025-1,global
135396041,Unknown,2025-1,global
135396104,Unknown,2025-1,global
135396194,Unknown,2025-1,global
135396217,Unknown,2025-1,global
135396264,Unknown,2025-1,global
135396274,Unknown,2025-1,global
135396309,Unknown,2025-1,global
135397502,Unknown,2025-1,global
135397573,Unknown,2025-1,global
135400993,Unknown,2025-1,global
135401024,Unknown,2025-1,global
135401118,Unknown,2025-1,global
135401143,Unknown,2025-1,global
135401158,Unknown,2025-1,global
135401243,Unknown,2025-1,global
135401364,Unknown,2025-1,global
135401381,Unknown,2025-1,global
135401391,Unknown,2025-1,global
135401401,Unknown,2025-1,global
135401421,Unknown,2025-1,global
135401461,Unknown,2025-1,global
135402293,Unknown,2025-1,global
135402378,Unknown,2025-1,global
135402494,Unknown,2025-1,global
135402500,Unknown,2025-1,global
135402647,Unknown,2025-1,global
135402719,Unknown,2025-1,global
135402795,Unknown,2025-1,global
135402834,Unknown,2025-1,global
135402870,Unknown,2025-1,global
135402905,Unknown,2025-1,global
135402922,Unknown,2025-1,global
135402974,Unknown,2025-1,global
135403041,Unknown,2025-1,global
135403070,Unknown,2025-1,global
135403176,Unknown,2025-1,global
135403197,Unknown,2025-1,global
135403239,Unknown,2025-1,global
135403299,Unknown,2025-1,global
135403333,Unknown,2025-1,global
135403373,Unknown,2025-1,global
135403469,Unknown,2025-1,global
135403488,Unknown,2025-1,global
135403510,Unknown,2025-1,global
135403518,Unknown,2025-1,global
135403534,Unknown,2025-1,global
135403650,Unknown,2025-1,global
135403704,Unknown,2025-1,global
135403715,Unknown,2025-1,global
135405142,Unknown,2025-1,global
135405775,Unknown,2025-1,global
135405891,Unknown,2025-1,global
135405941,Unknown,2025-1,global
135406017,Unknown,2025-1,global
135406072,Unknown,2025-1,global
135406116,Unknown,2025-1,global
135406366,Unknown,2025-1,global
135406434,Unknown,2025-1,global
135406539,Unknown,2025-1,global
135406616,Unknown,2025-1,global
135406689,Unknown,2025-1,global
135406728,Unknown,2025-1,global
135406842,Unknown,2025-1,global
135407588,Unknown,2025-1,global
135409876,Unknown,2025-1,global
135431816,Unknown,2025-1,global
135431992,Unknown,2025-1,global
135432051,Unknown,2025-1,global
135432106,Unknown,2025-1,global
135432191,Unknown,2025-1,global
135432447,Unknown,2025-1,global
135432592,Unknown,2025-1,global
135432619,Unknown,2025-1,global
135432657,Unknown,2025-1,global
135432746,Unknown,2025-1,global
135432812,Unknown,2025-1,global
135434080,Unknown,2025-1,global
135434121,Unknown,2025-1,global
135434141,Unknown,2025-1,global
135434162,Unknown,2025-1,global
135434516,Unknown,2025-1,global
135434569,Unknown,2025-1,global
135435256,Unknown,2025-1,global
135435298,Unknown,2025-1,global
135435329,Unknown,2025-1,global
135435430,Unknown,2025-1,global
135435459,Unknown,2025-1,global
135435484,Unknown,2025-1,global
135435494,Unknown,2025-1,global
135435580,Unknown,2025-1,global
135435604,Unknown,2025-1,global
135435617,Unknown,2025-1,global
135435623,Unknown,2025-1,global
135435677,Unknown,2025-1,global
135435733,Unknown,2025-1,global
135435809,Unknown,2025-1,global
135435827,Unknown,2025-1,global
135435872,Unknown,2025-1,global
135435883,Unknown,2025-1,global
135435963,Unknown,2025-1,global
135436007,Unknown,2025-1,global
135436119,Unknown,2025-1,global
135436136,Unknown,2025-1,global
135436148,Unknown,2025-1,global
135436158,Unknown,2025-1,global
135436181,Unknown,2025-1,global
135436207,Unknown,2025-1,global
135436252,Unknown,2025-1,global
135436279,Unknown,2025-1,global
135436328,Unknown,2025-1,global
135436351,Unknown,2025-1,global
135436449,Unknown,2025-1,global
135436488,Unknown,2025-1,global
135436509,Unknown,2025-1,global
135436536,Unknown,2025-1,global
135436556,Unknown,2025-1,global
135436632,Unknown,2025-1,global
135436700,Unknown,2025-1,global
135436746,Unknown,2025-1,global
135437006,Unknown,2025-1,global
135437053,Unknown,2025-1,global
135437114,Unknown,2025-1,global
135437131,Unknown,2025-1,global
135437170,Unknown,2025-1,global
135437203,Unknown,2025-1,global
125852567,Unknown,2025-1,global
183171,Unknown,2025-1,global
42830242,Unknown,2025-1,global
176708,Unknown,2025-1,global
176711,Unknown,2025-1,global
190074,Unknown,2025-1,global
155305,Unknown,2025-1,global
135437754,Unknown,2025-1,global
135437799,Unknown,2025-1,global
135437833,Unknown,2025-1,global
135437860,Unknown,2025-1,global
135437933,Unknown,2025-1,global
135438109,Unknown,2025-1,global
135438205,Unknown,2025-1,global
135438398,Unknown,2025-1,global
135438435,Unknown,2025-1,global
135438492,Unknown,2025-1,global
135438789,Unknown,2025-1,global
135438843,Unknown,2025-1,global
135438953,Unknown,2025-1,global
135438973,Unknown,2025-1,global
135439071,Unknown,2025-1,global
135441349,Unknown,2025-1,global
60482607,Unknown,2025-1,global
180980,Unknown,2025-1,global
196318,Unknown,2025-1,global
135654,Unknown,2025-1,global
5369,Unknown,2025-1,global
5369,Unknown,2025-1,europe
135612,Unknown,2025-1,global
135612,Unknown,2025-1,europe
40710,Unknown,2025-1,global
40710,Unknown,2025-1,europe
135446364,Unknown,2025-1,global
135446376,Unknown,2025-1,global
135446420,Unknown,2025-1,global
135446685,Unknown,2025-1,global
135446731,Unknown,2025-1,global
135446863,Unknown,2025-1,global
135447285,Unknown,2025-1,global
135447486,Unknown,2025-1,global
135447515,Unknown,2025-1,global
135447519,Unknown,2025-1,global
135447628,Unknown,2025-1,global
135439270,Unknown,2025-1,global
135439406,Unknown,2025-1,global
135439439,Unknown,2025-1,global
135439455,Unknown,2025-1,global
135439465,Unknown,2025-1,global
135439483,Unknown,2025-1,global
135439487,Unknown,2025-1,global
135439613,Unknown,2025-1,global
135439661,Unknown,2025-1,global
135439731,Unknown,2025-1,global
135439767,Unknown,2025-1,global
135439808,Unknown,2025-1,global
135440284,Unknown,2025-1,global
135440446,Unknown,2025-1,global
135440575,Unknown,2025-1,global
135440669,Unknown,2025-1,global
135440679,Unknown,2025-1,global
135440698,Unknown,2025-1,global
135440702,Unknown,2025-1,global
135440706,Unknown,2025-1,global
135440784,Unknown,2025-1,global
135440838,Unknown,2025-1,global
135440855,Unknown,2025-1,global
135440859,Unknown,2025-1,global
135440869,Unknown,2025-1,global
135441087,Unknown,2025-1,global
135441092,Unknown,2025-1,global
135441259,Unknown,2025-1,global
135442422,Unknown,2025-1,global
135442447,Unknown,2025-1,global
135442457,Unknown,2025-1,global
135442461,Unknown,2025-1,global
135442471,Unknown,2025-1,global
135442485,Unknown,2025-1,global
135442491,Unknown,2025-1,global
135442501,Unknown,2025-1,global
135442511,Unknown,2025-1,global
135442550,Unknown,2025-1,global
135442601,Unknown,2025-1,global
135442607,Unknown,2025-1,global
135442614,Unknown,2025-1,global
135442627,Unknown,2025-1,global
135442660,Unknown,2025-1,global
135442693,Unknown,2025-1,global
135442713,Unknown,2025-1,global
135442768,Unknown,2025-1,global
135442774,Unknown,2025-1,global
135442826,Unknown,2025-1,global
135442862,Unknown,2025-1,global
135442899,Unknown,2025-1,global
135442924,Unknown,2025-1,global
135443047,Unknown,2025-1,global
135443066,Unknown,2025-1,global
135443138,Unknown,2025-1,global
135443161,Unknown,2025-1,global
135443182,Unknown,2025-1,global
135443202,Unknown,2025-1,global
135443218,Unknown,2025-1,global
135443237,Unknown,2025-1,global
135443253,Unknown,2025-1,global
135443356,Unknown,2025-1,global
135443392,Unknown,2025-1,global
135443414,Unknown,2025-1,global
135443456,Unknown,2025-1,global
135443535,Unknown,2025-1,global
135443590,Unknown,2025-1,global
135443770,Unknown,2025-1,global
135443929,Unknown,2025-1,global
135444109,Unknown,2025-1,global
135444113,Unknown,2025-1,global
135444118,Unknown,2025-1,global
135444165,Unknown,2025-1,global
135444212,Unknown,2025-1,global
135444494,Unknown,2025-1,global
135444803,Unknown,2025-1,global
135444821,Unknown,2025-1,global
135444879,Unknown,2025-1,global
135444944,Unknown,2025-1,global
135444957,Unknown,2025-1,global
135444969,Unknown,2025-1,global
135444993,Unknown,2025-1,global
135445065,Unknown,2025-1,global
135445122,Unknown,2025-1,global
135445875,Unknown,2025-1,global
135445918,Unknown,2025-1,global
135445965,Unknown,2025-1,global
135446036,Unknown,2025-1,global
135447951,Unknown,2025-1,global
135447972,Unknown,2025-1,global
135447977,Unknown,2025-1,global
135447989,Unknown,2025-1,global
135447993,Unknown,2025-1,global
135447999,Unknown,2025-1,global
137454006,Unknown,2025-1,global
137455428,Unknown,2025-1,global
137455517,Unknown,2025-1,global
137455534,Unknown,2025-1,global
137455590,Unknown,2025-1,global
137455635,Unknown,2025-1,global
137455671,Unknown,2025-1,global
137455698,Unknown,2025-1,global
137455704,Unknown,2025-1,global
137455708,Unknown,2025-1,global
137455719,Unknown,2025-1,global
137458129,Unknown,2025-1,global
137458789,Unknown,2025-1,global
137461025,Unknown,2025-1,global
137461727,Unknown,2025-1,global
137462266,Unknown,2025-1,global
137463132,Unknown,2025-1,global
137463722,Unknown,2025-1,global
137464293,Unknown,2025-1,global
137466286,Unknown,2025-1,global
137468437,Unknown,2025-1,global
137468866,Unknown,2025-1,global
137468928,Unknown,2025-1,global
137468988,Unknown,2025-1,global
137469030,Unknown,2025-1,global
137469062,Unknown,2025-1,global
137469080,Unknown,2025-1,global
137469231,Unknown,2025-1,global
137469307,Unknown,2025-1,global
137469400,Unknown,2025-1,global
137469425,Unknown,2025-1,global
137469512,Unknown,2025-1,global
137469584,Unknown,2025-1,global
137469612,Unknown,2025-1,global
137469631,Unknown,2025-1,global
137469649,Unknown,2025-1,global
137469661,Unknown,2025-1,global
137469768,Unknown,2025-1,global
137469775,Unknown,2025-1,global
137469788,Unknown,2025-1,global
137469812,Unknown,2025-1,global
137469824,Unknown,2025-1,global
137469850,Unknown,2025-1,global
137469887,Unknown,2025-1,global
137469938,Unknown,2025-1,global
137470743,Unknown,2025-1,global
137471015,Unknown,2025-1,global
137471106,Unknown,2025-1,global
137471309,Unknown,2025-1,global
137471321,Unknown,2025-1,global
137471343,Unknown,2025-1,global
137471371,Unknown,2025-1,global
137471399,Unknown,2025-1,global
137471542,Unknown,2025-1,global
137471864,Unknown,2025-1,global
137471902,Unknown,2025-1,global
137471919,Unknown,2025-1,global
137472082,Unknown,2025-1,global
137472158,Unknown,2025-1,global
137472482,Unknown,2025-1,global
137472568,Unknown,2025-1,global
137472715,Unknown,2025-1,global
137472733,Unknown,2025-1,global
137472775,Unknown,2025-1,global
137472788,Unknown,2025-1,global
137472807,Unknown,2025-1,global
137472890,Unknown,2025-1,global
137473052,Unknown,2025-1,global
137473074,Unknown,2025-1,global
137473173,Unknown,2025-1,global
137473194,Unknown,2025-1,global
137473327,Unknown,2025-1,global
137473683,Unknown,2025-1,global
137473695,Unknown,2025-1,global
137474280,Unknown,2025-1,global
137474579,Unknown,2025-1,global
137475316,Unknown,2025-1,global
137475321,Unknown,2025-1,global
137475427,Unknown,2025-1,global
137475440,Unknown,2025-1,global
137475931,Unknown,2025-1,global
137475952,Unknown,2025-1,global
137476204,Unknown,2025-1,global
137476249,Unknown,2025-1,global
137476260,Unknown,2025-1,global
137476345,Unknown,2025-1,global
137476441,Unknown,2025-1,global
137476465,Unknown,2025-1,global
137477075,Unknown,2025-1,global
137478075,Unknown,2025-1,global
137478884,Unknown,2025-1,global
137481157,Unknown,2025-1,global
137481775,Unknown,2025-1,global
137482694,Unknown,2025-1,global
137483910,Unknown,2025-1,global
137484582,Unknown,2025-1,global
137485159,Unknown,2025-1,global
137485582,Unknown,2025-1,global
137486238,Unknown,2025-1,global
137487256,Unknown,2025-1,global
137488091,Unknown,2025-1,global
137488624,Unknown,2025-1,global
137489033,Unknown,2025-1,global
137489054,Unknown,2025-1,global
137489143,Unknown,2025-1,global
137489179,Unknown,2025-1,global
137489196,Unknown,2025-1,global
137489288,Unknown,2025-1,global
137498920,Unknown,2025-1,global
137498946,Unknown,2025-1,global
137498955,Unknown,2025-1,global
137499072,Unknown,2025-1,global
137499084,Unknown,2025-1,global
137499153,Unknown,2025-1,global
137496751,Unknown,2025-1,global
137496810,Unknown,2025-1,global
137496824,Unknown,2025-1,global
137498462,Unknown,2025-1,global
137498884,Unknown,2025-1,global
137498902,Unknown,2025-1,global
137499322,Unknown,2025-1,global
137499376,Unknown,2025-1,global
137516825,Unknown,2025-1,global
137516856,Unknown,2025-1,global
137516877,Unknown,2025-1,global
137516940,Unknown,2025-1,global
137517016,Unknown,2025-1,global
137517119,Unknown,2025-1,global
137519294,Unknown,2025-1,global
137519413,Unknown,2025-1,global
137521266,Unknown,2025-1,global
137522233,Unknown,2025-1,global
137522168,Unknown,2025-1,global
137546677,Unknown,2025-1,global
137546680,Unknown,2025-1,global
137546683,Unknown,2025-1,global
137546685,Unknown,2025-1,global
137546688,Unknown,2025-1,global
137546691,Unknown,2025-1,global
137546694,Unknown,2025-1,global
137546697,Unknown,2025-1,global
137546700,Unknown,2025-1,global
137546703,Unknown,2025-1,global
137546706,Unknown,2025-1,global
137546709,Unknown,2025-1,global
137546712,Unknown,2025-1,global
137546715,Unknown,2025-1,global
137546718,Unknown,2025-1,global
137546721,Unknown,2025-1,global
137546724,Unknown,2025-1,global
137546727,Unknown,2025-1,global
137546730,Unknown,2025-1,global
137546733,Unknown,2025-1,global
137546736,Unknown,2025-1,global
137546739,Unknown,2025-1,global
137546742,Unknown,2025-1,global
137546745,Unknown,2025-1,global
137546748,Unknown,2025-1,global
137546751,Unknown,2025-1,global
137546754,Unknown,2025-1,global
137546757,Unknown,2025-1,global
137546760,Unknown,2025-1,global
137546763,Unknown,2025-1,global
137546766,Unknown,2025-1,global
137546769,Unknown,2025-1,global
137546772,Unknown,2025-1,global
137546775,Unknown,2025-1,global
137546778,Unknown,2025-1,global
137546781,Unknown,2025-1,global
137546784,Unknown,2025-1,global
137546787,Unknown,2025-1,global
137546790,Unknown,2025-1,global
137546793,Unknown,2025-1,global
137546981,Unknown,2025-1,global
137548743,Unknown,2025-1,global
137549329,Unknown,2025-1,global
137550044,Unknown,2025-1,global
137551006,Unknown,2025-1,global
137551063,Unknown,2025-1,global
137551066,Unknown,2025-1,global
137551069,Unknown,2025-1,global
137551218,Unknown,2025-1,global
137551236,Unknown,2025-1,global
137551240,Unknown,2025-1,global
137551338,Unknown,2025-1,global
137551353,Unknown,2025-1,global
137551374,Unknown,2025-1,global
137551391,Unknown,2025-1,global
137551403,Unknown,2025-1,global
137551728,Unknown,2025-1,global
137551777,Unknown,2025-1,global
137552007,Unknown,2025-1,global
137552044,Unknown,2025-1,global
137552050,Unknown,2025-1,global
137552145,Unknown,2025-1,global
137558965,Unknown,2025-1,global
137558996,Unknown,2025-1,global
137559051,Unknown,2025-1,global
137559151,Unknown,2025-1,global
137563977,Unknown,2025-1,global
137564171,Unknown,2025-1,global
137564220,Unknown,2025-1,global
137565393,Unknown,2025-1,global
137566072,Unknown,2025-1,global
137566161,Unknown,2025-1,global
137566263,Unknown,2025-1,global
137566286,Unknown,2025-1,global
137566290,Unknown,2025-1,global
137566382,Unknown,2025-1,global
137566428,Unknown,2025-1,global
137566486,Unknown,2025-1,global
137566591,Unknown,2025-1,global
137566923,Unknown,2025-1,global
137568083,Unknown,2025-1,global
137568123,Unknown,2025-1,global
137568170,Unknown,2025-1,global
137568248,Unknown,2025-1,global
137568477,Unknown,2025-1,global
137568775,Unknown,2025-1,global
137568785,Unknown,2025-1,global
137568863,Unknown,2025-1,global
137568872,Unknown,2025-1,global
137568884,Unknown,2025-1,global
137568888,Unknown,2025-1,global
137568977,Unknown,2025-1,global
137569297,Unknown,2025-1,global
137569340,Unknown,2025-1,global
137569640,Unknown,2025-1,global
137569717,Unknown,2025-1,global
137569775,Unknown,2025-1,global
137569789,Unknown,2025-1,global
137569859,Unknown,2025-1,global
137569875,Unknown,2025-1,global
137569915,Unknown,2025-1,global
137569930,Unknown,2025-1,global
137569933,Unknown,2025-1,global
137569944,Unknown,2025-1,global
137569964,Unknown,2025-1,global
137570216,Unknown,2025-1,global
137570258,Unknown,2025-1,global
137570304,Unknown,2025-1,global
137570319,Unknown,2025-1,global
137570333,Unknown,2025-1,global
137570680,Unknown,2025-1,global
137574113,Unknown,2025-1,global
137574133,Unknown,2025-1,global
137574140,Unknown,2025-1,global
137574172,Unknown,2025-1,global
137574247,Unknown,2025-1,global
137574454,Unknown,2025-1,global
137574462,Unknown,2025-1,global
137574474,Unknown,2025-1,global
137574565,Unknown,2025-1,global
137574584,Unknown,2025-1,global
137574614,Unknown,2025-1,global
137574638,Unknown,2025-1,global
137575141,Unknown,2025-1,global
137575160,Unknown,2025-1,global
137575307,Unknown,2025-1,global
137575412,Unknown,2025-1,global
137575497,Unknown,2025-1,global
137575616,Unknown,2025-1,global
137575642,Unknown,2025-1,global
137575689,Unknown,2025-1,global
137575721,Unknown,2025-1,global
137575782,Unknown,2025-1,global
137575848,Unknown,2025-1,global
137575874,Unknown,2025-1,global
137575992,Unknown,2025-1,global
137576275,Unknown,2025-1,global
137576389,Unknown,2025-1,global
137576396,Unknown,2025-1,global
137576427,Unknown,2025-1,global
114179309,Unknown,2025-1,global
81909538,Unknown,2025-1,global
44228,Unknown,2025-1,global
139558003,Unknown,2025-1,global
110834677,Unknown,2025-1,global
139924892,Unknown,2025-1,global
139925003,Unknown,2025-1,global
139927678,Unknown,2025-1,global
139927766,Unknown,2025-1,global
139927792,Unknown,2025-1,global
139927865,Unknown,2025-1,global
139928515,Unknown,2025-1,global
139928544,Unknown,2025-1,global
139928566,Unknown,2025-1,global
139928642,Unknown,2025-1,global
139928695,Unknown,2025-1,global
139928736,Unknown,2025-1,global
139928740,Unknown,2025-1,global
139928790,Unknown,2025-1,global
139928803,Unknown,2025-1,global
139928929,Unknown,2025-1,global
139928991,Unknown,2025-1,global
139928998,Unknown,2025-1,global
139929006,Unknown,2025-1,global
139929043,Unknown,2025-1,global
140199933,Unknown,2025-1,global
140202403,Unknown,2025-1,global
140202414,Unknown,2025-1,global
140202449,Unknown,2025-1,global
140293395,Unknown,2025-1,global
140300257,Unknown,2025-1,global
140300290,Unknown,2025-1,global
140300323,Unknown,2025-1,global
140300357,Unknown,2025-1,global
140300447,Unknown,2025-1,global
140300461,Unknown,2025-1,global
140300494,Unknown,2025-1,global
140300513,Unknown,2025-1,global
140301383,Unknown,2025-1,global
140301432,Unknown,2025-1,global
140301457,Unknown,2025-1,global
139890267,Unknown,2025-1,global
139890569,Unknown,2025-1,global
139890701,Unknown,2025-1,global
139901305,Unknown,2025-1,global
139922437,Unknown,2025-1,global
139922486,Unknown,2025-1,global
139922898,Unknown,2025-1,global
139924923,Unknown,2025-1,global
139929030,Unknown,2025-1,global
139929862,Unknown,2025-1,global
139929873,Unknown,2025-1,global
139929929,Unknown,2025-1,global
139929968,Unknown,2025-1,global
139929974,Unknown,2025-1,global
140024240,Unknown,2025-1,global
140026414,Unknown,2025-1,global
140026489,Unknown,2025-1,global
140026504,Unknown,2025-1,global
140026535,Unknown,2025-1,global
140026546,Unknown,2025-1,global
140026571,Unknown,2025-1,global
140026656,Unknown,2025-1,global
140026864,Unknown,2025-1,global
140026907,Unknown,2025-1,global
140026985,Unknown,2025-1,global
140047872,Unknown,2025-1,global
140048406,Unknown,2025-1,global
140078353,Unknown,2025-1,global
140078455,Unknown,2025-1,global
140078823,Unknown,2025-1,global
140078829,Unknown,2025-1,global
140078915,Unknown,2025-1,global
140079035,Unknown,2025-1,global
140079075,Unknown,2025-1,global
140079099,Unknown,2025-1,global
140079317,Unknown,2025-1,global
140151138,Unknown,2025-1,global
140156007,Unknown,2025-1,global
140162649,Unknown,2025-1,global
140189271,Unknown,2025-1,global
140189490,Unknown,2025-1,global
140191515,Unknown,2025-1,global
140191559,Unknown,2025-1,global
140198436,Unknown,2025-1,global
140198461,Unknown,2025-1,global
140198472,Unknown,2025-1,global
140198484,Unknown,2025-1,global
140198493,Unknown,2025-1,global
140198504,Unknown,2025-1,global
140198539,Unknown,2025-1,global
140198558,Unknown,2025-1,global
140200539,Unknown,2025-1,global
140200560,Unknown,2025-1,global
140200745,Unknown,2025-1,global
140200969,Unknown,2025-1,global
140202440,Unknown,2025-1,global
140202550,Unknown,2025-1,global
44614,Unknown,2025-1,global
183913,Unknown,2025-1,global
161617,Unknown,2025-1,global
60136,Unknown,2025-1,global
140348014,Unknown,2025-1,global
140348039,Unknown,2025-1,global
140348061,Unknown,2025-1,global
140348122,Unknown,2025-1,global
140348234,Unknown,2025-1,global
140348310,Unknown,2025-1,global
140348402,Unknown,2025-1,global
140348411,Unknown,2025-1,global
140348433,Unknown,2025-1,global
140348444,Unknown,2025-1,global
140348478,Unknown,2025-1,global
140348493,Unknown,2025-1,global
140348502,Unknown,2025-1,global
140348512,Unknown,2025-1,global
140348515,Unknown,2025-1,global
140348556,Unknown,2025-1,global
140348577,Unknown,2025-1,global
140348660,Unknown,2025-1,global
140348751,Unknown,2025-1,global
140348760,Unknown,2025-1,global
140348802,Unknown,2025-1,global
140348882,Unknown,2025-1,global
140348915,Unknown,2025-1,global
140349107,Unknown,2025-1,global
140349213,Unknown,2025-1,global
140349330,Unknown,2025-1,global
140349354,Unknown,2025-1,global
140349395,Unknown,2025-1,global
140349409,Unknown,2025-1,global
140349438,Unknown,2025-1,global
140349483,Unknown,2025-1,global
140349486,Unknown,2025-1,global
140349491,Unknown,2025-1,global
140349619,Unknown,2025-1,global
140349791,Unknown,2025-1,global
140349833,Unknown,2025-1,global
140349925,Unknown,2025-1,global
140349938,Unknown,2025-1,global
140349944,Unknown,2025-1,global
140349977,Unknown,2025-1,global
140349995,Unknown,2025-1,global
140350052,Unknown,2025-1,global
140330910,Unknown,2025-1,global
140331012,Unknown,2025-1,global
140331093,Unknown,2025-1,global
140331165,Unknown,2025-1,global
140331238,Unknown,2025-1,global
140331274,Unknown,2025-1,global
140331376,Unknown,2025-1,global
140337605,Unknown,2025-1,global
140337799,Unknown,2025-1,global
140340097,Unknown,2025-1,global
140340236,Unknown,2025-1,global
140340595,Unknown,2025-1,global
140340775,Unknown,2025-1,global
140342538,Unknown,2025-1,global
140343931,Unknown,2025-1,global
140346293,Unknown,2025-1,global
140346319,Unknown,2025-1,global
140346338,Unknown,2025-1,global
140346348,Unknown,2025-1,global
140346387,Unknown,2025-1,global
140346416,Unknown,2025-1,global
140346439,Unknown,2025-1,global
140346488,Unknown,2025-1,global
140346508,Unknown,2025-1,global
140346854,Unknown,2025-1,global
140346909,Unknown,2025-1,global
140346948,Unknown,2025-1,global
140346987,Unknown,2025-1,global
140347020,Unknown,2025-1,global
140349877,Unknown,2025-1,global
140349900,Unknown,2025-1,global
141362457,Unknown,2025-1,global
141362468,Unknown,2025-1,global
141362646,Unknown,2025-1,global
141481160,Unknown,2025-1,global
141484017,Unknown,2025-1,global
141484116,Unknown,2025-1,global
141363954,Unknown,2025-1,global
141363974,Unknown,2025-1,global
141363998,Unknown,2025-1,global
141364001,Unknown,2025-1,global
141364025,Unknown,2025-1,global
141364028,Unknown,2025-1,global
141364039,Unknown,2025-1,global
141364061,Unknown,2025-1,global
141364354,Unknown,2025-1,global
141364370,Unknown,2025-1,global
141364373,Unknown,2025-1,global
141364378,Unknown,2025-1,global
141364381,Unknown,2025-1,global
141364384,Unknown,2025-1,global
141364389,Unknown,2025-1,global
141364394,Unknown,2025-1,global
141364397,Unknown,2025-1,global
141364402,Unknown,2025-1,global
141364407,Unknown,2025-1,global
141364412,Unknown,2025-1,global
141364443,Unknown,2025-1,global
141364461,Unknown,2025-1,global
141364466,Unknown,2025-1,global
141364476,Unknown,2025-1,global
141364495,Unknown,2025-1,global
141364518,Unknown,2025-1,global
141364523,Unknown,2025-1,global
141364530,Unknown,2025-1,global
141365104,Unknown,2025-1,global
141365108,Unknown,2025-1,global
141366179,Unknown,2025-1,global
141366232,Unknown,2025-1,global
141366527,Unknown,2025-1,global
141366573,Unknown,2025-1,global
141366592,Unknown,2025-1,global
141366648,Unknown,2025-1,global
141366669,Unknown,2025-1,global
141366683,Unknown,2025-1,global
141366687,Unknown,2025-1,global
141366702,Unknown,2025-1,global
141366732,Unknown,2025-1,global
141367438,Unknown,2025-1,global
141367466,Unknown,2025-1,global
141367524,Unknown,2025-1,global
141367541,Unknown,2025-1,global
141367581,Unknown,2025-1,global
141367596,Unknown,2025-1,global
141367612,Unknown,2025-1,global
141367633,Unknown,2025-1,global
141367648,Unknown,2025-1,global
141367675,Unknown,2025-1,global
141367710,Unknown,2025-1,global
141367751,Unknown,2025-1,global
141367760,Unknown,2025-1,global
141367771,Unknown,2025-1,global
141367781,Unknown,2025-1,global
141367804,Unknown,2025-1,global
141367814,Unknown,2025-1,global
141367822,Unknown,2025-1,global
141367825,Unknown,2025-1,global
141367842,Unknown,2025-1,global
141367864,Unknown,2025-1,global
141367867,Unknown,2025-1,global
141367887,Unknown,2025-1,global
141373335,Unknown,2025-1,global
141374447,Unknown,2025-1,global
141374524,Unknown,2025-1,global
141374570,Unknown,2025-1,global
141374595,Unknown,2025-1,global
141374653,Unknown,2025-1,global
141374775,Unknown,2025-1,global
141374828,Unknown,2025-1,global
141374869,Unknown,2025-1,global
141374944,Unknown,2025-1,global
141374986,Unknown,2025-1,global
141375168,Unknown,2025-1,global
141375242,Unknown,2025-1,global
141375291,Unknown,2025-1,global
141375337,Unknown,2025-1,global
141375385,Unknown,2025-1,global
141745938,Unknown,2025-1,global
141481104,Unknown,2025-1,global
141481252,Unknown,2025-1,global
141481460,Unknown,2025-1,global
141484154,Unknown,2025-1,global
141748350,Unknown,2025-1,global
141375031,Unknown,2025-1,global
141375077,Unknown,2025-1,global
141375113,Unknown,2025-1,global
141748589,Unknown,2025-1,global
141748635,Unknown,2025-1,global
141748720,Unknown,2025-1,global
141363164,Unknown,2025-1,global
190236,Unknown,2025-1,global
199648,Unknown,2025-1,global
47270244,Unknown,2025-1,global
47388190,Unknown,2025-1,global
47389014,Unknown,2025-1,global
47389495,Unknown,2025-1,global
47389858,Unknown,2025-1,global
47390205,Unknown,2025-1,global
47390220,Unknown,2025-1,global
47392828,Unknown,2025-1,global
47392945,Unknown,2025-1,global
47393536,Unknown,2025-1,global
47665073,Unknown,2025-1,global
137471008,Unknown,2025-1,global
141357100,Unknown,2025-1,global
141357127,Unknown,2025-1,global
141357143,Unknown,2025-1,global
141357194,Unknown,2025-1,global
141357317,Unknown,2025-1,global
141357344,Unknown,2025-1,global
141357490,Unknown,2025-1,global
141357500,Unknown,2025-1,global
141357618,Unknown,2025-1,global
141357666,Unknown,2025-1,global
141357698,Unknown,2025-1,global
141357740,Unknown,2025-1,global
141357755,Unknown,2025-1,global
141357849,Unknown,2025-1,global
141357860,Unknown,2025-1,global
141357878,Unknown,2025-1,global
141357925,Unknown,2025-1,global
141357934,Unknown,2025-1,global
141357963,Unknown,2025-1,global
141357972,Unknown,2025-1,global
141357986,Unknown,2025-1,global
141357989,Unknown,2025-1,global
141358008,Unknown,2025-1,global
141358057,Unknown,2025-1,global
141358087,Unknown,2025-1,global
141358103,Unknown,2025-1,global
141358112,Unknown,2025-1,global
141358121,Unknown,2025-1,global
141358181,Unknown,2025-1,global
141358203,Unknown,2025-1,global
141358240,Unknown,2025-1,global
141358263,Unknown,2025-1,global
141358455,Unknown,2025-1,global
141358472,Unknown,2025-1,global
141358501,Unknown,2025-1,global
141358516,Unknown,2025-1,global
141358557,Unknown,2025-1,global
141358568,Unknown,2025-1,global
141358741,Unknown,2025-1,global
141358790,Unknown,2025-1,global
141358837,Unknown,2025-1,global
141358857,Unknown,2025-1,global
141358889,Unknown,2025-1,global
141358949,Unknown,2025-1,global
141359674,Unknown,2025-1,global
141359722,Unknown,2025-1,global
141359749,Unknown,2025-1,global
141359772,Unknown,2025-1,global
141359788,Unknown,2025-1,global
141359863,Unknown,2025-1,global
141359877,Unknown,2025-1,global
141359951,Unknown,2025-1,global
141359957,Unknown,2025-1,global
141359967,Unknown,2025-1,global
141359981,Unknown,2025-1,global
141359992,Unknown,2025-1,global
141360036,Unknown,2025-1,global
141360076,Unknown,2025-1,global
141360079,Unknown,2025-1,global
141360110,Unknown,2025-1,global
141360223,Unknown,2025-1,global
141360235,Unknown,2025-1,global
141360252,Unknown,2025-1,global
141360403,Unknown,2025-1,global
141360419,Unknown,2025-1,global
141360674,Unknown,2025-1,global
141360692,Unknown,2025-1,global
141360763,Unknown,2025-1,global
141360814,Unknown,2025-1,global
141360861,Unknown,2025-1,global
141360898,Unknown,2025-1,global
141747748,Unknown,2025-1,global
141363194,Unknown,2025-1,global
141363377,Unknown,2025-1,global
141363399,Unknown,2025-1,global
141481612,Unknown,2025-1,global
143613507,Unknown,2025-1,global
143613723,Unknown,2025-1,global
143614057,Unknown,2025-1,global
143614074,Unknown,2025-1,global
143614772,Unknown,2025-1,global
143615567,Unknown,2025-1,global
143615229,Unknown,2025-1,global
143615596,Unknown,2025-1,global
143615692,Unknown,2025-1,global
143615727,Unknown,2025-1,global
143615764,Unknown,2025-1,global
143615833,Unknown,2025-1,global
143615840,Unknown,2025-1,global
143615852,Unknown,2025-1,global
143615865,Unknown,2025-1,global
143616007,Unknown,2025-1,global
143616254,Unknown,2025-1,global
143616537,Unknown,2025-1,global
143616581,Unknown,2025-1,global
143616584,Unknown,2025-1,global
143616677,Unknown,2025-1,global
143617069,Unknown,2025-1,global
143617239,Unknown,2025-1,global
143618198,Unknown,2025-1,global
143619704,Unknown,2025-1,global
143620010,Unknown,2025-1,global
143620640,Unknown,2025-1,global
143620739,Unknown,2025-1,global
143620778,Unknown,2025-1,global
143621380,Unknown,2025-1,global
143621420,Unknown,2025-1,global
143621599,Unknown,2025-1,global
143621618,Unknown,2025-1,global
154723,Unknown,2025-1,global
154792,Unknown,2025-1,global
155280,Unknown,2025-1,global
166863,Unknown,2025-1,global
180141,Unknown,2025-1,global
181215,Unknown,2025-1,global
181239,Unknown,2025-1,global
183347,Unknown,2025-1,global
183670,Unknown,2025-1,global
183742,Unknown,2025-1,global
183885,Unknown,2025-1,global
198583,Unknown,2025-1,global
201999,Unknown,2025-1,global
202000,Unknown,2025-1,global
15522003,Unknown,2025-1,global
16466246,Unknown,2025-1,global
46075248,Unknown,2025-1,global
46075339,Unknown,2025-1,global
75153777,Unknown,2025-1,global
75153870,Unknown,2025-1,global
75154011,Unknown,2025-1,global
75155918,Unknown,2025-1,global
75156473,Unknown,2025-1,global
91350867,Unknown,2025-1,global
91351231,Unknown,2025-1,global
97758877,Unknown,2025-1,global
97759908,Unknown,2025-1,global
98470072,Unknown,2025-1,global
98735411,Unknown,2025-1,global
98893713,Unknown,2025-1,global
98897391,Unknown,2025-1,global
98899338,Unknown,2025-1,global
98953869,Unknown,2025-1,global
98962403,Unknown,2025-1,global
98969433,Unknown,2025-1,global
98990237,Unknown,2025-1,global
99079982,Unknown,2025-1,global
99080026,Unknown,2025-1,global
99085827,Unknown,2025-1,global
99086293,Unknown,2025-1,global
99086953,Unknown,2025-1,global
99167147,Unknown,2025-1,global
99167321,Unknown,2025-1,global
99167483,Unknown,2025-1,global
114164094,Unknown,2025-1,global
123361228,Unknown,2025-1,global
143819109,Unknown,2025-1,global
143819132,Unknown,2025-1,global
143819237,Unknown,2025-1,global
143819267,Unknown,2025-1,global
143819319,Unknown,2025-1,global
143819428,Unknown,2025-1,global
143819432,Unknown,2025-1,global
143819473,Unknown,2025-1,global
143819484,Unknown,2025-1,global
143819504,Unknown,2025-1,global
143819526,Unknown,2025-1,global
143819535,Unknown,2025-1,global
143819551,Unknown,2025-1,global
143819655,Unknown,2025-1,global
143819673,Unknown,2025-1,global
143819705,Unknown,2025-1,global
143819743,Unknown,2025-1,global
143819776,Unknown,2025-1,global
143819799,Unknown,2025-1,global
143819808,Unknown,2025-1,global
143819821,Unknown,2025-1,global
143819884,Unknown,2025-1,global
143819918,Unknown,2025-1,global
143820044,Unknown,2025-1,global
143820074,Unknown,2025-1,global
143820125,Unknown,2025-1,global
143820171,Unknown,2025-1,global
143820315,Unknown,2025-1,global
143820459,Unknown,2025-1,global
143820481,Unknown,2025-1,global
143820504,Unknown,2025-1,global
143820549,Unknown,2025-1,global
143820674,Unknown,2025-1,global
143820719,Unknown,2025-1,global
143820764,Unknown,2025-1,global
143820839,Unknown,2025-1,global
143820882,Unknown,2025-1,global
143820976,Unknown,2025-1,global
143821071,Unknown,2025-1,global
143825261,Unknown,2025-1,global
143825390,Unknown,2025-1,global
143825410,Unknown,2025-1,global
143825464,Unknown,2025-1,global
143825748,Unknown,2025-1,global
143825819,Unknown,2025-1,global
143825838,Unknown,2025-1,global
143825997,Unknown,2025-1,global
143826089,Unknown,2025-1,global
143826195,Unknown,2025-1,global
143826326,Unknown,2025-1,global
143826377,Unknown,2025-1,global
143827893,Unknown,2025-1,global
143827988,Unknown,2025-1,global
143828203,Unknown,2025-1,global
143828232,Unknown,2025-1,global
143828274,Unknown,2025-1,global
143838560,Unknown,2025-1,global
143844058,Unknown,2025-1,global
143844102,Unknown,2025-1,global
143844125,Unknown,2025-1,global
143844209,Unknown,2025-1,global
143844248,Unknown,2025-1,global
143844258,Unknown,2025-1,global
143844300,Unknown,2025-1,global
143844335,Unknown,2025-1,global
196673,Unknown,2025-1,global
196673,Unknown,2025-1,caribbean
196673,Unknown,2025-1,gulf_of mexico
18124888,Unknown,2025-1,global
18124888,Unknown,2025-1,europe
46075359,Unknown,2025-1,global
46075359,Unknown,2025-1,persian_gulf
196674,Unknown,2025-1,global
196674,Unknown,2025-1,caribbean
196674,Unknown,2025-1,gulf_of mexico
167946,Unknown,2025-1,global
167946,Unknown,2025-1,pan-africa
195085,Unknown,2025-1,global
181359,Unknown,2025-1,global
136623,Unknown,2025-1,global
155066,Unknown,2025-1,global
155070,Unknown,2025-1,global
141483768,Unknown,2025-1,global
141483785,Unknown,2025-1,global
141483795,Unknown,2025-1,global
196336,Unknown,2025-1,global
145199903,Unknown,2025-1,global
75555966,Unknown,2025-1,global
145337546,Unknown,2025-1,global
145337626,Unknown,2025-1,global
145337758,Unknown,2025-1,global
145337921,Unknown,2025-1,global
18596,Unknown,2025-1,global
145379801,Unknown,2025-1,global
145380159,Unknown,2025-1,global
145380180,Unknown,2025-1,global
145380214,Unknown,2025-1,global
145380245,Unknown,2025-1,global
145380272,Unknown,2025-1,global
145380421,Unknown,2025-1,global
145380484,Unknown,2025-1,global
145380559,Unknown,2025-1,global
22693388,Unknown,2025-1,global
146946489,Unknown,2025-1,global
146946513,Unknown,2025-1,global
146946542,Unknown,2025-1,global
146946640,Unknown,2025-1,global
146946645,Unknown,2025-1,global
146946654,Unknown,2025-1,global
146946663,Unknown,2025-1,global
146946679,Unknown,2025-1,global
146946690,Unknown,2025-1,global
146946722,Unknown,2025-1,global
146946732,Unknown,2025-1,global
146946735,Unknown,2025-1,global
146946749,Unknown,2025-1,global
146946774,Unknown,2025-1,global
146946888,Unknown,2025-1,global
146946895,Unknown,2025-1,global
146946915,Unknown,2025-1,global
146946919,Unknown,2025-1,global
146946922,Unknown,2025-1,global
146947088,Unknown,2025-1,global
146947112,Unknown,2025-1,global
146947121,Unknown,2025-1,global
146947137,Unknown,2025-1,global
146947149,Unknown,2025-1,global
146947164,Unknown,2025-1,global
146947167,Unknown,2025-1,global
146947291,Unknown,2025-1,global
146947936,Unknown,2025-1,global
146947943,Unknown,2025-1,global
146947989,Unknown,2025-1,global
146948008,Unknown,2025-1,global
146948812,Unknown,2025-1,global
146948841,Unknown,2025-1,global
146948845,Unknown,2025-1,global
146948857,Unknown,2025-1,global
146948866,Unknown,2025-1,global
146948875,Unknown,2025-1,global
146948887,Unknown,2025-1,global
146948897,Unknown,2025-1,global
146948906,Unknown,2025-1,global
146948943,Unknown,2025-1,global
146948957,Unknown,2025-1,global
146948961,Unknown,2025-1,global
146948989,Unknown,2025-1,global
146948998,Unknown,2025-1,global
146949785,Unknown,2025-1,global
146949792,Unknown,2025-1,global
146951381,Unknown,2025-1,global
146951392,Unknown,2025-1,global
146951396,Unknown,2025-1,global
146951416,Unknown,2025-1,global
146951436,Unknown,2025-1,global
146951447,Unknown,2025-1,global
146951450,Unknown,2025-1,global
146951460,Unknown,2025-1,global
146951463,Unknown,2025-1,global
146951485,Unknown,2025-1,global
146951488,Unknown,2025-1,global
141483816,Unknown,2025-1,global
195501,Unknown,2025-1,global
193318,Unknown,2025-1,global
196438,Unknown,2025-1,global
180682,Unknown,2025-1,global
196332,Unknown,2025-1,global
196337,Unknown,2025-1,global
180866,Unknown,2025-1,global
181048,Unknown,2025-1,global
196350,Unknown,2025-1,global
196356,Unknown,2025-1,global
196379,Unknown,2025-1,global
196380,Unknown,2025-1,global
196383,Unknown,2025-1,global
196385,Unknown,2025-1,global
196387,Unknown,2025-1,global
196390,Unknown,2025-1,global
196400,Unknown,2025-1,global
196407,Unknown,2025-1,global
184723,Unknown,2025-1,global
184723,Unknown,2025-1,central_africa
184723,Unknown,2025-1,pan-africa
148802388,Unknown,2025-1,global
184732,Unknown,2025-1,global
184732,Unknown,2025-1,central_africa
184732,Unknown,2025-1,pan-africa
147657796,Unknown,2025-1,global
147658057,Unknown,2025-1,global
147658697,Unknown,2025-1,global
18546,Unknown,2025-1,global
172416,Unknown,2025-1,global
198132,Unknown,2025-1,global
141483916,Unknown,2025-1,global
114175970,Unknown,2025-1,global
154795,Unknown,2025-1,global
195084,Unknown,2025-1,global
184745,Unknown,2025-1,global
184745,Unknown,2025-1,pan-africa
184544,Unknown,2025-1,global
184544,Unknown,2025-1,central_africa
184544,Unknown,2025-1,pan-africa
141484010,Unknown,2025-1,global
141481850,Unknown,2025-1,global
183475,Unknown,2025-1,global
149249824,Unknown,2025-1,global
141482209,Unknown,2025-1,global
141482238,Unknown,2025-1,global
141482274,Unknown,2025-1,global
141482311,Unknown,2025-1,global
141482327,Unknown,2025-1,global
141482452,Unknown,2025-1,global
141482455,Unknown,2025-1,global
141482554,Unknown,2025-1,global
141482634,Unknown,2025-1,global
141482650,Unknown,2025-1,global
141482736,Unknown,2025-1,global
141482833,Unknown,2025-1,global
141482867,Unknown,2025-1,global
141482900,Unknown,2025-1,global
141482930,Unknown,2025-1,global
141483105,Unknown,2025-1,global
141483137,Unknown,2025-1,global
141483196,Unknown,2025-1,global
141483311,Unknown,2025-1,global
141483319,Unknown,2025-1,global
141483336,Unknown,2025-1,global
141483352,Unknown,2025-1,global
141483379,Unknown,2025-1,global
123431369,Unknown,2025-1,global
141481752,Unknown,2025-1,global
141483511,Unknown,2025-1,global
141483531,Unknown,2025-1,global
141483551,Unknown,2025-1,global
141483580,Unknown,2025-1,global
141483602,Unknown,2025-1,global
141483717,Unknown,2025-1,global
61213,Unknown,2025-1,global
218631185,Unknown,2025-1,global
175138,Unknown,2025-1,global
175138,Unknown,2025-1,pan-africa
160702103,Unknown,2025-1,global
165380,Unknown,2025-1,global
165380,Unknown,2025-1,pan-africa
165380,Unknown,2025-1,western_africa
175136,Unknown,2025-1,global
175136,Unknown,2025-1,pan-africa
165778,Unknown,2025-1,global
165778,Unknown,2025-1,pan-africa
14627,Unknown,2025-1,global
14627,Unknown,2025-1,pan-africa
165780,Unknown,2025-1,global
165780,Unknown,2025-1,pan-africa
165803,Unknown,2025-1,global
165803,Unknown,2025-1,pan-africa
165769,Unknown,2025-1,global
165769,Unknown,2025-1,pan-africa
175140,Unknown,2025-1,global
175140,Unknown,2025-1,pan-africa
175140,Unknown,2025-1,western_africa
165779,Unknown,2025-1,global
165779,Unknown,2025-1,pan-africa
199656,Unknown,2025-1,global
18177504,Unknown,2025-1,global
60324,Unknown,2025-1,global
195086,Unknown,2025-1,global
190188,Unknown,2025-1,global
114175910,Unknown,2025-1,global
114176003,Unknown,2025-1,global
114176047,Unknown,2025-1,global
47407523,Unknown,2025-1,global
22694064,Unknown,2025-1,global
155158,Unknown,2025-1,global
114177251,Unknown,2025-1,global
114178923,Unknown,2025-1,global
114179083,Unknown,2025-1,global
114179126,Unknown,2025-1,global
22696602,Unknown,2025-1,global
22692667,Unknown,2025-1,global
22735615,Unknown,2025-1,global
22696993,Unknown,2025-1,global
114179176,Unknown,2025-1,global
114179201,Unknown,2025-1,global
114179226,Unknown,2025-1,global
114179260,Unknown,2025-1,global
114180338,Unknown,2025-1,global
22694428,Unknown,2025-1,global
22694730,Unknown,2025-1,global
114192219,Unknown,2025-1,global
195502,Unknown,2025-1,global
196303,Unknown,2025-1,global
197276,Unknown,2025-1,global
114192231,Unknown,2025-1,global
114192240,Unknown,2025-1,global
114192251,Unknown,2025-1,global
114192254,Unknown,2025-1,global
141363454,Unknown,2025-1,global
141363488,Unknown,2025-1,global
141363565,Unknown,2025-1,global
60690,Unknown,2025-1,global
60690,Unknown,2025-1,pan-africa
11533,Unknown,2025-1,global
22697555,Unknown,2025-1,global
22697043,Unknown,2025-1,global
22692792,Unknown,2025-1,global
22694623,Unknown,2025-1,global
22694308,Unknown,2025-1,global
22694635,Unknown,2025-1,global
22698039,Unknown,2025-1,global
199660,Unknown,2025-1,global
183656,Unknown,2025-1,global
184042,Unknown,2025-1,global
183834,Unknown,2025-1,global
183797,Unknown,2025-1,global
154847,Unknown,2025-1,global
183988,Unknown,2025-1,global
183645,Unknown,2025-1,global
183362,Unknown,2025-1,global
183316,Unknown,2025-1,global
183537,Unknown,2025-1,global
183428,Unknown,2025-1,global
183374,Unknown,2025-1,global
183761,Unknown,2025-1,global
155058,Unknown,2025-1,global
183933,Unknown,2025-1,global
183547,Unknown,2025-1,global
183687,Unknown,2025-1,global
183823,Unknown,2025-1,global
183268,Unknown,2025-1,global
156754995,Unknown,2025-1,global
156755140,Unknown,2025-1,global
156755278,Unknown,2025-1,global
156755653,Unknown,2025-1,global
156755702,Unknown,2025-1,global
156755866,Unknown,2025-1,global
156756575,Unknown,2025-1,global
156756692,Unknown,2025-1,global
156756871,Unknown,2025-1,global
156757038,Unknown,2025-1,global
156758702,Unknown,2025-1,global
156758973,Unknown,2025-1,global
156761759,Unknown,2025-1,global
156763140,Unknown,2025-1,global
20861,Unknown,2025-1,global
20733,Unknown,2025-1,global
22563,Unknown,2025-1,global
157247863,Unknown,2025-1,global
155149,Unknown,2025-1,global
155225,Unknown,2025-1,global
183862,Unknown,2025-1,global
155137,Unknown,2025-1,global
183467,Unknown,2025-1,global
183232,Unknown,2025-1,global
183903,Unknown,2025-1,global
183514,Unknown,2025-1,global
183665,Unknown,2025-1,global
183346,Unknown,2025-1,global
183696,Unknown,2025-1,global
157702758,Unknown,2025-1,global
157702812,Unknown,2025-1,global
157703016,Unknown,2025-1,global
157703119,Unknown,2025-1,global
157703231,Unknown,2025-1,global
157715403,Unknown,2025-1,global
157715467,Unknown,2025-1,global
157715642,Unknown,2025-1,global
157715686,Unknown,2025-1,global
157715716,Unknown,2025-1,global
157718171,Unknown,2025-1,global
157718687,Unknown,2025-1,global
157720147,Unknown,2025-1,global
157720831,Unknown,2025-1,global
157722538,Unknown,2025-1,global
157722679,Unknown,2025-1,global
157722768,Unknown,2025-1,global
157732028,Unknown,2025-1,global
157733480,Unknown,2025-1,global
157734512,Unknown,2025-1,global
157734651,Unknown,2025-1,global
157734945,Unknown,2025-1,global
157735154,Unknown,2025-1,global
157772408,Unknown,2025-1,global
157772443,Unknown,2025-1,global
157772501,Unknown,2025-1,global
157772605,Unknown,2025-1,global
157772803,Unknown,2025-1,global
157777615,Unknown,2025-1,global
157778795,Unknown,2025-1,global
157781173,Unknown,2025-1,global
157782070,Unknown,2025-1,global
157783266,Unknown,2025-1,global
157783956,Unknown,2025-1,global
157786353,Unknown,2025-1,global
157786883,Unknown,2025-1,global
157786893,Unknown,2025-1,global
157786976,Unknown,2025-1,global
157846127,Unknown,2025-1,global
157846146,Unknown,2025-1,global
157846164,Unknown,2025-1,global
157846171,Unknown,2025-1,global
157846178,Unknown,2025-1,global
157846281,Unknown,2025-1,global
157846332,Unknown,2025-1,global
157846409,Unknown,2025-1,global
157846490,Unknown,2025-1,global
157850651,Unknown,2025-1,global
157850657,Unknown,2025-1,global
157850677,Unknown,2025-1,global
157850705,Unknown,2025-1,global
157858690,Unknown,2025-1,global
157861471,Unknown,2025-1,global
157861491,Unknown,2025-1,global
157861594,Unknown,2025-1,global
157861604,Unknown,2025-1,global
157861608,Unknown,2025-1,global
157861649,Unknown,2025-1,global
157861655,Unknown,2025-1,global
157861694,Unknown,2025-1,global
157861722,Unknown,2025-1,global
157866176,Unknown,2025-1,global
157866229,Unknown,2025-1,global
157866293,Unknown,2025-1,global
157866309,Unknown,2025-1,global
157866313,Unknown,2025-1,global
157866633,Unknown,2025-1,global
157866709,Unknown,2025-1,global
157867007,Unknown,2025-1,global
157867042,Unknown,2025-1,global
157867061,Unknown,2025-1,global
157856812,Unknown,2025-1,global
157856815,Unknown,2025-1,global
157867188,Unknown,2025-1,global
157867208,Unknown,2025-1,global
157867255,Unknown,2025-1,global
157867259,Unknown,2025-1,global
157867269,Unknown,2025-1,global
157867298,Unknown,2025-1,global
157867328,Unknown,2025-1,global
157867341,Unknown,2025-1,global
157867345,Unknown,2025-1,global
157867377,Unknown,2025-1,global
157867387,Unknown,2025-1,global
157867391,Unknown,2025-1,global
157867399,Unknown,2025-1,global
157867417,Unknown,2025-1,global
157867421,Unknown,2025-1,global
157857023,Unknown,2025-1,global
157857026,Unknown,2025-1,global
157857029,Unknown,2025-1,global
157909867,Unknown,2025-1,global
157909880,Unknown,2025-1,global
157909995,Unknown,2025-1,global
157910032,Unknown,2025-1,global
157910046,Unknown,2025-1,global
157910197,Unknown,2025-1,global
157910230,Unknown,2025-1,global
157910258,Unknown,2025-1,global
157910264,Unknown,2025-1,global
157910270,Unknown,2025-1,global
157910369,Unknown,2025-1,global
157910494,Unknown,2025-1,global
157715572,Unknown,2025-1,global
158152945,Unknown,2025-1,global
158153228,Unknown,2025-1,global
184711,Unknown,2025-1,global
184711,Unknown,2025-1,pan-africa
175139,Unknown,2025-1,global
184686,Unknown,2025-1,global
184686,Unknown,2025-1,pan-africa
158395702,Unknown,2025-1,global
158396340,Unknown,2025-1,global
184626,Unknown,2025-1,global
184626,Unknown,2025-1,pan-africa
158568370,Unknown,2025-1,global
158620785,Unknown,2025-1,global
158620915,Unknown,2025-1,global
158621105,Unknown,2025-1,global
158621132,Unknown,2025-1,global
158621217,Unknown,2025-1,global
158621286,Unknown,2025-1,global
158621313,Unknown,2025-1,global
158621580,Unknown,2025-1,global
158621882,Unknown,2025-1,global
158621929,Unknown,2025-1,global
158622072,Unknown,2025-1,global
158622102,Unknown,2025-1,global
158622377,Unknown,2025-1,global
158622475,Unknown,2025-1,global
158622495,Unknown,2025-1,global
158622617,Unknown,2025-1,global
158622621,Unknown,2025-1,global
158622936,Unknown,2025-1,global
158623105,Unknown,2025-1,global
158623350,Unknown,2025-1,global
158623410,Unknown,2025-1,global
158623455,Unknown,2025-1,global
158623522,Unknown,2025-1,global
158623542,Unknown,2025-1,global
158623643,Unknown,2025-1,global
158631929,Unknown,2025-1,global
158632011,Unknown,2025-1,global
158632357,Unknown,2025-1,global
158632688,Unknown,2025-1,global
158632931,Unknown,2025-1,global
158633166,Unknown,2025-1,global
158638809,Unknown,2025-1,global
158638897,Unknown,2025-1,global
158638924,Unknown,2025-1,global
158638929,Unknown,2025-1,global
158638938,Unknown,2025-1,global
158638945,Unknown,2025-1,global
158638981,Unknown,2025-1,global
158639034,Unknown,2025-1,global
158639066,Unknown,2025-1,global
158639146,Unknown,2025-1,global
158639825,Unknown,2025-1,global
158640029,Unknown,2025-1,global
158644366,Unknown,2025-1,global
158644441,Unknown,2025-1,global
158644577,Unknown,2025-1,global
158644596,Unknown,2025-1,global
158645678,Unknown,2025-1,global
158646101,Unknown,2025-1,global
158646470,Unknown,2025-1,global
158646489,Unknown,2025-1,global
158646632,Unknown,2025-1,global
158646729,Unknown,2025-1,global
158671558,Unknown,2025-1,global
158671571,Unknown,2025-1,global
158671587,Unknown,2025-1,global
158671675,Unknown,2025-1,global
158671849,Unknown,2025-1,global
158671895,Unknown,2025-1,global
158671917,Unknown,2025-1,global
158672448,Unknown,2025-1,global
158672475,Unknown,2025-1,global
158672506,Unknown,2025-1,global
158672576,Unknown,2025-1,global
158672829,Unknown,2025-1,global
158673049,Unknown,2025-1,global
158673195,Unknown,2025-1,global
158673225,Unknown,2025-1,global
158673307,Unknown,2025-1,global
158673458,Unknown,2025-1,global
158673884,Unknown,2025-1,global
158673917,Unknown,2025-1,global
158674561,Unknown,2025-1,global
158674616,Unknown,2025-1,global
158674637,Unknown,2025-1,global
158674672,Unknown,2025-1,global
158674694,Unknown,2025-1,global
158674751,Unknown,2025-1,global
158674774,Unknown,2025-1,global
158876675,Unknown,2025-1,global
158876758,Unknown,2025-1,global
158876789,Unknown,2025-1,global
158876908,Unknown,2025-1,global
158877016,Unknown,2025-1,global
158877156,Unknown,2025-1,global
158877194,Unknown,2025-1,global
158877202,Unknown,2025-1,global
158877295,Unknown,2025-1,global
158877329,Unknown,2025-1,global
158877343,Unknown,2025-1,global
158877477,Unknown,2025-1,global
158877494,Unknown,2025-1,global
158877513,Unknown,2025-1,global
158877542,Unknown,2025-1,global
158877552,Unknown,2025-1,global
158877672,Unknown,2025-1,global
158877695,Unknown,2025-1,global
158877733,Unknown,2025-1,global
158877787,Unknown,2025-1,global
158877800,Unknown,2025-1,global
158878027,Unknown,2025-1,global
158878123,Unknown,2025-1,global
158878136,Unknown,2025-1,global
158878192,Unknown,2025-1,global
158878297,Unknown,2025-1,global
158878334,Unknown,2025-1,global
158878443,Unknown,2025-1,global
158878486,Unknown,2025-1,global
158878674,Unknown,2025-1,global
158878734,Unknown,2025-1,global
158878778,Unknown,2025-1,global
158878846,Unknown,2025-1,global
158879314,Unknown,2025-1,global
158879329,Unknown,2025-1,global
158879365,Unknown,2025-1,global
158879553,Unknown,2025-1,global
158879635,Unknown,2025-1,global
158879668,Unknown,2025-1,global
158879977,Unknown,2025-1,global
158879993,Unknown,2025-1,global
158880053,Unknown,2025-1,global
158880150,Unknown,2025-1,global
158880240,Unknown,2025-1,global
158880285,Unknown,2025-1,global
158880573,Unknown,2025-1,global
158880612,Unknown,2025-1,global
158880677,Unknown,2025-1,global
158880751,Unknown,2025-1,global
158880824,Unknown,2025-1,global
158880874,Unknown,2025-1,global
158880934,Unknown,2025-1,global
158880956,Unknown,2025-1,global
158881003,Unknown,2025-1,global
158881014,Unknown,2025-1,global
158881030,Unknown,2025-1,global
158881036,Unknown,2025-1,global
158881129,Unknown,2025-1,global
158881166,Unknown,2025-1,global
158881223,Unknown,2025-1,global
158881297,Unknown,2025-1,global
158882395,Unknown,2025-1,global
158882453,Unknown,2025-1,global
158882544,Unknown,2025-1,global
158882686,Unknown,2025-1,global
158882723,Unknown,2025-1,global
158883246,Unknown,2025-1,global
158883594,Unknown,2025-1,global
154739,Unknown,2025-1,global
183810,Unknown,2025-1,global
183227,Unknown,2025-1,global
183796,Unknown,2025-1,global
183601,Unknown,2025-1,global
183376,Unknown,2025-1,global
183803,Unknown,2025-1,global
183432,Unknown,2025-1,global
183892,Unknown,2025-1,global
183906,Unknown,2025-1,global
183806,Unknown,2025-1,global
183683,Unknown,2025-1,global
183606,Unknown,2025-1,global
183210,Unknown,2025-1,global
183215,Unknown,2025-1,global
183881,Unknown,2025-1,global
159099689,Unknown,2025-1,global
159099721,Unknown,2025-1,global
159099770,Unknown,2025-1,global
159099804,Unknown,2025-1,global
159099835,Unknown,2025-1,global
159099958,Unknown,2025-1,global
159097220,Unknown,2025-1,global
159099353,Unknown,2025-1,global
159098975,Unknown,2025-1,global
159099200,Unknown,2025-1,global
159099258,Unknown,2025-1,global
159099284,Unknown,2025-1,global
159025755,Unknown,2025-1,global
159099095,Unknown,2025-1,global
159145434,Unknown,2025-1,global
159145430,Unknown,2025-1,global
159145278,Unknown,2025-1,global
159145282,Unknown,2025-1,global
159145286,Unknown,2025-1,global
159145290,Unknown,2025-1,global
159145294,Unknown,2025-1,global
159145298,Unknown,2025-1,global
159145302,Unknown,2025-1,global
159145308,Unknown,2025-1,global
159145312,Unknown,2025-1,global
159145316,Unknown,2025-1,global
159145320,Unknown,2025-1,global
159145324,Unknown,2025-1,global
159145332,Unknown,2025-1,global
159145336,Unknown,2025-1,global
159145340,Unknown,2025-1,global
159145386,Unknown,2025-1,global
159145390,Unknown,2025-1,global
159145398,Unknown,2025-1,global
159145394,Unknown,2025-1,global
159145402,Unknown,2025-1,global
159145406,Unknown,2025-1,global
159145410,Unknown,2025-1,global
159100515,Unknown,2025-1,global
159145356,Unknown,2025-1,global
159629490,Unknown,2025-1,global
159630073,Unknown,2025-1,global
159633608,Unknown,2025-1,global
159639612,Unknown,2025-1,global
166144,Unknown,2025-1,global
23259,Unknown,2025-1,global
23259,Unknown,2025-1,europe
181137,Unknown,2025-1,global
159667176,Unknown,2025-1,global
159667348,Unknown,2025-1,global
159667568,Unknown,2025-1,global
159667609,Unknown,2025-1,global
159667628,Unknown,2025-1,global
159667650,Unknown,2025-1,global
159667690,Unknown,2025-1,global
198667,Unknown,2025-1,global
159668860,Unknown,2025-1,global
159708848,Unknown,2025-1,global
159717665,Unknown,2025-1,global
159719717,Unknown,2025-1,global
159721589,Unknown,2025-1,global
159721834,Unknown,2025-1,global
159722086,Unknown,2025-1,global
159723084,Unknown,2025-1,global
159723134,Unknown,2025-1,global
183860,Unknown,2025-1,global
154936,Unknown,2025-1,global
155283,Unknown,2025-1,global
196312,Unknown,2025-1,global
160969723,Unknown,2025-1,global
41755,Unknown,2025-1,global
161063461,Unknown,2025-1,global
161064099,Unknown,2025-1,global
161068798,Unknown,2025-1,global
161069045,Unknown,2025-1,global
161069326,Unknown,2025-1,global
161069594,Unknown,2025-1,global
161069818,Unknown,2025-1,global
161070284,Unknown,2025-1,global
161070702,Unknown,2025-1,global
161071454,Unknown,2025-1,global
161071479,Unknown,2025-1,global
161071738,Unknown,2025-1,global
161071940,Unknown,2025-1,global
161076417,Unknown,2025-1,global
161077247,Unknown,2025-1,global
161077447,Unknown,2025-1,global
161077712,Unknown,2025-1,global
161303416,Unknown,2025-1,global
161303437,Unknown,2025-1,global
161303579,Unknown,2025-1,global
161303645,Unknown,2025-1,global
161334052,Unknown,2025-1,global
180706,Unknown,2025-1,global
183928,Unknown,2025-1,global
183389,Unknown,2025-1,global
178064,Unknown,2025-1,global
183574,Unknown,2025-1,global
183292,Unknown,2025-1,global
183331,Unknown,2025-1,global
183663,Unknown,2025-1,global
183920,Unknown,2025-1,global
183942,Unknown,2025-1,global
154886,Unknown,2025-1,global
162160049,Unknown,2025-1,global
162160686,Unknown,2025-1,global
162160716,Unknown,2025-1,global
162161861,Unknown,2025-1,global
162161923,Unknown,2025-1,global
15239,Unknown,2025-1,global
15939,Unknown,2025-1,global
169362,Unknown,2025-1,global
187987,Unknown,2025-1,global
196334,Unknown,2025-1,global
196419,Unknown,2025-1,global
162209137,Unknown,2025-1,global
162215361,Unknown,2025-1,global
162215534,Unknown,2025-1,global
162215720,Unknown,2025-1,global
162215803,Unknown,2025-1,global
162481387,Unknown,2025-1,global
162693357,Unknown,2025-1,global
162693427,Unknown,2025-1,global
162702131,Unknown,2025-1,global
162702544,Unknown,2025-1,global
162702813,Unknown,2025-1,global
162705679,Unknown,2025-1,global
183674,Unknown,2025-1,global
18238431,Unknown,2025-1,global
198733,Unknown,2025-1,global
162917734,Unknown,2025-1,global
162917776,Unknown,2025-1,global
162917796,Unknown,2025-1,global
162919068,Unknown,2025-1,global
162918514,Unknown,2025-1,global
162919274,Unknown,2025-1,global
162919600,Unknown,2025-1,global
162922914,Unknown,2025-1,global
162922945,Unknown,2025-1,global
162923089,Unknown,2025-1,global
162923149,Unknown,2025-1,global
162923192,Unknown,2025-1,global
162923259,Unknown,2025-1,global
162923287,Unknown,2025-1,global
162923448,Unknown,2025-1,global
162923551,Unknown,2025-1,global
162923857,Unknown,2025-1,global
162924045,Unknown,2025-1,global
162924353,Unknown,2025-1,global
162924385,Unknown,2025-1,global
162924447,Unknown,2025-1,global
162924490,Unknown,2025-1,global
162924758,Unknown,2025-1,global
162924863,Unknown,2025-1,global
162924936,Unknown,2025-1,global
162925027,Unknown,2025-1,global
162925085,Unknown,2025-1,global
162925161,Unknown,2025-1,global
162925217,Unknown,2025-1,global
162925240,Unknown,2025-1,global
162925305,Unknown,2025-1,global
162925652,Unknown,2025-1,global
162925980,Unknown,2025-1,global
154771,Unknown,2025-1,global
163021569,Unknown,2025-1,global
164506963,Unknown,2025-1,global
164527512,Unknown,2025-1,global
164691422,Unknown,2025-1,global
158621613,Unknown,2025-1,global
132862,Unknown,2025-1,global
132867,Unknown,2025-1,global
132886,Unknown,2025-1,global
132902,Unknown,2025-1,global
132915,Unknown,2025-1,global
132941,Unknown,2025-1,global
132945,Unknown,2025-1,global
132951,Unknown,2025-1,global
132960,Unknown,2025-1,global
132961,Unknown,2025-1,global
132963,Unknown,2025-1,global
132982,Unknown,2025-1,global
133004,Unknown,2025-1,global
133027,Unknown,2025-1,global
133037,Unknown,2025-1,global
133047,Unknown,2025-1,global
133100,Unknown,2025-1,global
133104,Unknown,2025-1,global
133119,Unknown,2025-1,global
133122,Unknown,2025-1,global
133141,Unknown,2025-1,global
133153,Unknown,2025-1,global
133165,Unknown,2025-1,global
133195,Unknown,2025-1,global
133204,Unknown,2025-1,global
133212,Unknown,2025-1,global
133217,Unknown,2025-1,global
133237,Unknown,2025-1,global
133241,Unknown,2025-1,global
133309,Unknown,2025-1,global
133312,Unknown,2025-1,global
133318,Unknown,2025-1,global
133334,Unknown,2025-1,global
133344,Unknown,2025-1,global
133347,Unknown,2025-1,global
133350,Unknown,2025-1,global
133352,Unknown,2025-1,global
133363,Unknown,2025-1,global
133393,Unknown,2025-1,global
133395,Unknown,2025-1,global
133425,Unknown,2025-1,global
133444,Unknown,2025-1,global
133446,Unknown,2025-1,global
133449,Unknown,2025-1,global
133455,Unknown,2025-1,global
133465,Unknown,2025-1,global
133476,Unknown,2025-1,global
133480,Unknown,2025-1,global
133483,Unknown,2025-1,global
133487,Unknown,2025-1,global
133504,Unknown,2025-1,global
133517,Unknown,2025-1,global
133533,Unknown,2025-1,global
133541,Unknown,2025-1,global
133544,Unknown,2025-1,global
133564,Unknown,2025-1,global
133574,Unknown,2025-1,global
133575,Unknown,2025-1,global
133584,Unknown,2025-1,global
133591,Unknown,2025-1,global
133592,Unknown,2025-1,global
133594,Unknown,2025-1,global
133596,Unknown,2025-1,global
133610,Unknown,2025-1,global
133611,Unknown,2025-1,global
133618,Unknown,2025-1,global
133625,Unknown,2025-1,global
133632,Unknown,2025-1,global
133639,Unknown,2025-1,global
133671,Unknown,2025-1,global
133680,Unknown,2025-1,global
133686,Unknown,2025-1,global
133691,Unknown,2025-1,global
133694,Unknown,2025-1,global
195218,Unknown,2025-1,global
195222,Unknown,2025-1,global
50149087,Unknown,2025-1,global
22680373,Unknown,2025-1,europe
22680409,Unknown,2025-1,europe
22686806,Unknown,2025-1,europe
22686815,Unknown,2025-1,europe
22692667,Unknown,2025-1,europe
22693133,Unknown,2025-1,europe
22693178,Unknown,2025-1,europe
22693185,Unknown,2025-1,europe
22693207,Unknown,2025-1,europe
22693379,Unknown,2025-1,europe
22693388,Unknown,2025-1,europe
22693404,Unknown,2025-1,europe
22693420,Unknown,2025-1,europe
22693427,Unknown,2025-1,europe
22693490,Unknown,2025-1,europe
22693494,Unknown,2025-1,europe
22693868,Unknown,2025-1,europe
22693983,Unknown,2025-1,europe
22694240,Unknown,2025-1,europe
22694308,Unknown,2025-1,europe
22694357,Unknown,2025-1,europe
22694428,Unknown,2025-1,europe
22694469,Unknown,2025-1,europe
22694623,Unknown,2025-1,europe
22694782,Unknown,2025-1,europe
22694787,Unknown,2025-1,europe
22694837,Unknown,2025-1,europe
22694861,Unknown,2025-1,europe
22697829,Unknown,2025-1,europe
22697847,Unknown,2025-1,europe
22698132,Unknown,2025-1,europe
22698226,Unknown,2025-1,europe
22698230,Unknown,2025-1,europe
22698477,Unknown,2025-1,europe
22705916,Unknown,2025-1,europe
22710333,Unknown,2025-1,europe
22717434,Unknown,2025-1,europe
22718501,Unknown,2025-1,europe
22718560,Unknown,2025-1,europe
22718567,Unknown,2025-1,europe
22721033,Unknown,2025-1,europe
22721043,Unknown,2025-1,europe
22724879,Unknown,2025-1,europe
22732244,Unknown,2025-1,europe
22735624,Unknown,2025-1,europe
45061132,Unknown,2025-1,europe
62030970,Unknown,2025-1,europe
154980,Unknown,2025-1,global
22694476,Unknown,2025-1,global
22694340,Unknown,2025-1,global
22694740,Unknown,2025-1,global
169836996,Unknown,2025-1,global
184044,Unknown,2025-1,global
154946,Unknown,2025-1,global
170308,Unknown,2025-1,global
170315,Unknown,2025-1,global
170321,Unknown,2025-1,global
170326,Unknown,2025-1,global
170332,Unknown,2025-1,global
170342,Unknown,2025-1,global
170343,Unknown,2025-1,global
170347,Unknown,2025-1,global
170348,Unknown,2025-1,global
170352,Unknown,2025-1,global
170353,Unknown,2025-1,global
170358,Unknown,2025-1,global
168962425,Unknown,2025-1,global
170765178,Unknown,2025-1,global
170766737,Unknown,2025-1,global
170254007,Unknown,2025-1,global
170254095,Unknown,2025-1,global
170254118,Unknown,2025-1,global
170254493,Unknown,2025-1,global
170254610,Unknown,2025-1,global
170254989,Unknown,2025-1,global
170255047,Unknown,2025-1,global
170255203,Unknown,2025-1,global
170255263,Unknown,2025-1,global
170255324,Unknown,2025-1,global
170255367,Unknown,2025-1,global
170256591,Unknown,2025-1,global
170256727,Unknown,2025-1,global
170256742,Unknown,2025-1,global
170257097,Unknown,2025-1,global
170257477,Unknown,2025-1,global
170257837,Unknown,2025-1,global
170258948,Unknown,2025-1,global
170259010,Unknown,2025-1,global
170259073,Unknown,2025-1,global
170259224,Unknown,2025-1,global
170259267,Unknown,2025-1,global
170259364,Unknown,2025-1,global
170276778,Unknown,2025-1,global
170277078,Unknown,2025-1,global
170277278,Unknown,2025-1,global
170277379,Unknown,2025-1,global
170277508,Unknown,2025-1,global
170277559,Unknown,2025-1,global
170277598,Unknown,2025-1,global
170277637,Unknown,2025-1,global
170277741,Unknown,2025-1,global
170278160,Unknown,2025-1,global
170278276,Unknown,2025-1,global
170278421,Unknown,2025-1,global
170293101,Unknown,2025-1,global
170293285,Unknown,2025-1,global
170293297,Unknown,2025-1,global
170293309,Unknown,2025-1,global
170293402,Unknown,2025-1,global
170293451,Unknown,2025-1,global
170293501,Unknown,2025-1,global
170293622,Unknown,2025-1,global
170293656,Unknown,2025-1,global
170293719,Unknown,2025-1,global
170293733,Unknown,2025-1,global
170293812,Unknown,2025-1,global
170294200,Unknown,2025-1,global
170294238,Unknown,2025-1,global
170294254,Unknown,2025-1,global
170294263,Unknown,2025-1,global
170669607,Unknown,2025-1,global
170669722,Unknown,2025-1,global
170730081,Unknown,2025-1,global
170730327,Unknown,2025-1,global
170730371,Unknown,2025-1,global
170730460,Unknown,2025-1,global
170730654,Unknown,2025-1,global
170730663,Unknown,2025-1,global
170730674,Unknown,2025-1,global
170730685,Unknown,2025-1,global
170730698,Unknown,2025-1,global
170730708,Unknown,2025-1,global
170730723,Unknown,2025-1,global
170753998,Unknown,2025-1,global
170754059,Unknown,2025-1,global
170754096,Unknown,2025-1,global
170754182,Unknown,2025-1,global
170754344,Unknown,2025-1,global
170757195,Unknown,2025-1,global
170771638,Unknown,2025-1,global
170872509,Unknown,2025-1,global
170873188,Unknown,2025-1,global
168626955,Unknown,2025-1,global
171339401,Unknown,2025-1,global
171339305,Unknown,2025-1,global
171729462,Unknown,2025-1,global
171729431,Unknown,2025-1,global
18510,Unknown,2025-1,global
152783714,Unknown,2025-1,global
47407576,Unknown,2025-1,global
173140885,Unknown,2025-1,global
133300,Unknown,2025-1,global
166446,Unknown,2025-1,global
166992,Unknown,2025-1,global
185968,Unknown,2025-1,global
185968,Unknown,2025-1,caribbean
185968,Unknown,2025-1,gulf_of mexico
196313,Unknown,2025-1,global
19513675,Unknown,2025-1,global
68325526,Unknown,2025-1,global
151066406,Unknown,2025-1,global
11146,Unknown,2025-1,global
188621,Unknown,2025-1,global
154967,Unknown,2025-1,global
225345695,Unknown,2025-1,global
2644,Unknown,2025-1,global
176092140,Unknown,2025-1,global
178062,Unknown,2025-1,global
191831,Unknown,2025-1,global
178067,Unknown,2025-1,global
193742,Unknown,2025-1,global
193650,Unknown,2025-1,global
193631,Unknown,2025-1,global
166189,Unknown,2025-1,global
166894,Unknown,2025-1,global
183155,Unknown,2025-1,global
195503,Unknown,2025-1,global
196301,Unknown,2025-1,global
196302,Unknown,2025-1,global
198972,Unknown,2025-1,global
198973,Unknown,2025-1,global
18435966,Unknown,2025-1,global
61668607,Unknown,2025-1,global
1866,Unknown,2025-1,global
197019,Unknown,2025-1,global
197019,Unknown,2025-1,caribbean
15350832,Unknown,2025-1,global
22694413,Unknown,2025-1,global
170011,Unknown,2025-1,global
22697590,Unknown,2025-1,global
22693712,Unknown,2025-1,global
19896,Unknown,2025-1,global
198747,Unknown,2025-1,global
163228,Unknown,2025-1,global
178144049,Unknown,2025-1,global
178144352,Unknown,2025-1,global
178146202,Unknown,2025-1,global
178145699,Unknown,2025-1,global
178145340,Unknown,2025-1,global
178144625,Unknown,2025-1,global
178146049,Unknown,2025-1,global
20738,Unknown,2025-1,global
22694296,Unknown,2025-1,global
169229923,Unknown,2025-1,global
179927344,Unknown,2025-1,global
179941082,Unknown,2025-1,global
179941433,Unknown,2025-1,global
179942022,Unknown,2025-1,global
179943800,Unknown,2025-1,global
179942127,Unknown,2025-1,global
179944196,Unknown,2025-1,global
179944047,Unknown,2025-1,global
179944541,Unknown,2025-1,global
179945365,Unknown,2025-1,global
179946548,Unknown,2025-1,global
179946688,Unknown,2025-1,global
180023022,Unknown,2025-1,global
190309,Unknown,2025-1,global
127826787,Unknown,2025-1,global
183782506,Unknown,2025-1,global
183783325,Unknown,2025-1,global
46103983,Unknown,2025-1,global
185662806,Unknown,2025-1,global
162293947,Unknown,2025-1,europe
152781341,Unknown,2025-1,mediterranean
152781341,Unknown,2025-1,europe
22679946,Unknown,2025-1,global
200790,Unknown,2025-1,global
200849,Unknown,2025-1,global
157720198,Unknown,2025-1,global
157721219,Unknown,2025-1,global
157786766,Unknown,2025-1,global
157850735,Unknown,2025-1,global
157856804,Unknown,2025-1,global
157856808,Unknown,2025-1,global
157856823,Unknown,2025-1,global
157856995,Unknown,2025-1,global
157857019,Unknown,2025-1,global
157857032,Unknown,2025-1,global
157857035,Unknown,2025-1,global
157857039,Unknown,2025-1,global
157857179,Unknown,2025-1,global
157857313,Unknown,2025-1,global
157857564,Unknown,2025-1,global
157858181,Unknown,2025-1,global
157858210,Unknown,2025-1,global
157910741,Unknown,2025-1,global
170873445,Unknown,2025-1,global
157857014,Unknown,2025-1,global
195277206,Unknown,2025-1,global
195278682,Unknown,2025-1,global
195278941,Unknown,2025-1,global
195295153,Unknown,2025-1,global
195277242,Unknown,2025-1,global
195279688,Unknown,2025-1,global
195277464,Unknown,2025-1,global
195279947,Unknown,2025-1,global
195280222,Unknown,2025-1,global
195277166,Unknown,2025-1,global
195295180,Unknown,2025-1,global
195295356,Unknown,2025-1,global
195278125,Unknown,2025-1,global
195278428,Unknown,2025-1,global
195294984,Unknown,2025-1,global
195280319,Unknown,2025-1,global
195280342,Unknown,2025-1,global
195280380,Unknown,2025-1,global
195276406,Unknown,2025-1,global
195276867,Unknown,2025-1,global
195277000,Unknown,2025-1,global
157866233,Unknown,2025-1,global
157866713,Unknown,2025-1,global
132341128,Unknown,2025-1,europe
157856975,Unknown,2025-1,global
157866722,Unknown,2025-1,global
157857425,Unknown,2025-1,global
157857480,Unknown,2025-1,global
49145276,Unknown,2025-1,global
49145710,Unknown,2025-1,global
49145872,Unknown,2025-1,global
49167164,Unknown,2025-1,global
49167992,Unknown,2025-1,global
49169558,Unknown,2025-1,global
49169667,Unknown,2025-1,global
49177273,Unknown,2025-1,global
49177958,Unknown,2025-1,global
49178121,Unknown,2025-1,global
49181204,Unknown,2025-1,global
49181248,Unknown,2025-1,global
49181363,Unknown,2025-1,global
49181447,Unknown,2025-1,global
49181520,Unknown,2025-1,global
49181824,Unknown,2025-1,global
49182018,Unknown,2025-1,global
49182073,Unknown,2025-1,global
49182775,Unknown,2025-1,global
49186882,Unknown,2025-1,global
49187023,Unknown,2025-1,global
49187192,Unknown,2025-1,global
49188278,Unknown,2025-1,global
49188296,Unknown,2025-1,global
49188448,Unknown,2025-1,global
49188506,Unknown,2025-1,global
49188621,Unknown,2025-1,global
91602885,Unknown,2025-1,global
143617001,Unknown,2025-1,global
2762,Unknown,2025-1,global
197258416,Unknown,2025-1,global
197258874,Unknown,2025-1,global
157867031,Unknown,2025-1,global
157909980,Unknown,2025-1,global
157846892,Unknown,2025-1,global
192795,Unknown,2025-1,global
198291781,Unknown,2025-1,global
198290445,Unknown,2025-1,global
198284208,Unknown,2025-1,global
198361338,Unknown,2025-1,global
198361668,Unknown,2025-1,global
198361985,Unknown,2025-1,global
198361988,Unknown,2025-1,global
198362208,Unknown,2025-1,global
198362244,Unknown,2025-1,global
195438,Unknown,2025-1,global
41819,Unknown,2025-1,global
157717977,Unknown,2025-1,global
198362478,Unknown,2025-1,global
198362496,Unknown,2025-1,global
198362499,Unknown,2025-1,global
198362786,Unknown,2025-1,global
198362795,Unknown,2025-1,global
176683,Unknown,2025-1,global
198362821,Unknown,2025-1,global
199825464,Unknown,2025-1,global
134817215,Unknown,2025-1,global
198363108,Unknown,2025-1,global
198363275,Unknown,2025-1,global
198363412,Unknown,2025-1,global
198363429,Unknown,2025-1,global
198363471,Unknown,2025-1,global
198363572,Unknown,2025-1,global
198363645,Unknown,2025-1,global
198363890,Unknown,2025-1,global
198364145,Unknown,2025-1,global
198364266,Unknown,2025-1,global
198364412,Unknown,2025-1,global
198364599,Unknown,2025-1,global
198364897,Unknown,2025-1,global
198364951,Unknown,2025-1,global
198365053,Unknown,2025-1,global
198365118,Unknown,2025-1,global
198373224,Unknown,2025-1,global
198373241,Unknown,2025-1,global
198373278,Unknown,2025-1,global
198373312,Unknown,2025-1,global
198373386,Unknown,2025-1,global
198373896,Unknown,2025-1,global
198374163,Unknown,2025-1,global
198374729,Unknown,2025-1,global
198374788,Unknown,2025-1,global
198375209,Unknown,2025-1,global
198375460,Unknown,2025-1,global
198376833,Unknown,2025-1,global
198376939,Unknown,2025-1,global
198376964,Unknown,2025-1,global
198377073,Unknown,2025-1,global
198377635,Unknown,2025-1,global
198377670,Unknown,2025-1,global
67968687,Unknown,2025-1,global
67997188,Unknown,2025-1,global
67997267,Unknown,2025-1,global
67997476,Unknown,2025-1,global
68056442,Unknown,2025-1,global
69126056,Unknown,2025-1,global
69126456,Unknown,2025-1,global
22694740,Unknown,2025-1,europe
103773898,Unknown,2025-1,europe
7035,Unknown,2025-1,global
7035,Unknown,2025-1,europe
200322937,Unknown,2025-1,global
197733990,Unknown,2025-1,global
198113266,Unknown,2025-1,global
198113620,Unknown,2025-1,global
198113679,Unknown,2025-1,global
198113763,Unknown,2025-1,global
198376039,Unknown,2025-1,global
198376692,Unknown,2025-1,global
198376847,Unknown,2025-1,global
198376892,Unknown,2025-1,global
198377156,Unknown,2025-1,global
198377161,Unknown,2025-1,global
198585824,Unknown,2025-1,global
198585903,Unknown,2025-1,global
198585954,Unknown,2025-1,global
198585996,Unknown,2025-1,global
198586015,Unknown,2025-1,global
198586435,Unknown,2025-1,global
198586503,Unknown,2025-1,global
198586652,Unknown,2025-1,global
198586953,Unknown,2025-1,global
198586964,Unknown,2025-1,global
198586978,Unknown,2025-1,global
198587032,Unknown,2025-1,global
198587177,Unknown,2025-1,global
198587185,Unknown,2025-1,global
192983,Unknown,2025-1,global
192994,Unknown,2025-1,global
193026,Unknown,2025-1,global
193045,Unknown,2025-1,global
193083,Unknown,2025-1,global
193138,Unknown,2025-1,global
193165,Unknown,2025-1,global
193210,Unknown,2025-1,global
193480,Unknown,2025-1,global
169229923,Unknown,2025-1,europe
169229923,Unknown,2025-1,mediterranean
198290445,Unknown,2025-1,persian_gulf
206067914,Unknown,2025-1,global
206073989,Unknown,2025-1,global
206073999,Unknown,2025-1,global
206074009,Unknown,2025-1,global
206074019,Unknown,2025-1,global
206074029,Unknown,2025-1,global
206074039,Unknown,2025-1,global
206074049,Unknown,2025-1,global
206074059,Unknown,2025-1,global
206074070,Unknown,2025-1,global
206074080,Unknown,2025-1,global
206074090,Unknown,2025-1,global
206074100,Unknown,2025-1,global
206074110,Unknown,2025-1,global
206074120,Unknown,2025-1,global
206074130,Unknown,2025-1,global
206074140,Unknown,2025-1,global
206074150,Unknown,2025-1,global
206074160,Unknown,2025-1,global
206074170,Unknown,2025-1,global
206074180,Unknown,2025-1,global
206074190,Unknown,2025-1,global
206074200,Unknown,2025-1,global
206074210,Unknown,2025-1,global
206074220,Unknown,2025-1,global
206074230,Unknown,2025-1,global
206074240,Unknown,2025-1,global
206074251,Unknown,2025-1,global
206074261,Unknown,2025-1,global
206074271,Unknown,2025-1,global
206074281,Unknown,2025-1,global
206074292,Unknown,2025-1,global
206074302,Unknown,2025-1,global
206074312,Unknown,2025-1,global
206074322,Unknown,2025-1,global
206074333,Unknown,2025-1,global
206074343,Unknown,2025-1,global
206074353,Unknown,2025-1,global
206074373,Unknown,2025-1,global
206074398,Unknown,2025-1,global
206074408,Unknown,2025-1,global
206074418,Unknown,2025-1,global
206074428,Unknown,2025-1,global
206074438,Unknown,2025-1,global
206074449,Unknown,2025-1,global
206074459,Unknown,2025-1,global
206074469,Unknown,2025-1,global
206074479,Unknown,2025-1,global
206074490,Unknown,2025-1,global
206074500,Unknown,2025-1,global
206074510,Unknown,2025-1,global
123423283,Unknown,2025-1,global
207613727,Unknown,2025-1,global
47269927,Unknown,2025-1,global
207614261,Unknown,2025-1,global
47270031,Unknown,2025-1,global
41821,Unknown,2025-1,global
47270059,Unknown,2025-1,global
47270062,Unknown,2025-1,global
207614384,Unknown,2025-1,global
62256,Unknown,2025-1,europe
208103114,Unknown,2025-1,global
22696495,Unknown,2025-1,mediterranean
67969378,Unknown,2025-1,global
81916633,Unknown,2025-1,global
75545589,Unknown,2025-1,global
13250,Unknown,2025-1,global
45354964,Unknown,2025-1,mediterranean
22695137,Unknown,2025-1,mediterranean
22697797,Unknown,2025-1,global
210901113,Unknown,2025-1,global
210901439,Unknown,2025-1,global
210901499,Unknown,2025-1,global
210901532,Unknown,2025-1,global
210901568,Unknown,2025-1,global
210901624,Unknown,2025-1,global
210901651,Unknown,2025-1,global
210901679,Unknown,2025-1,global
210901737,Unknown,2025-1,global
210901799,Unknown,2025-1,global
210902736,Unknown,2025-1,global
210903074,Unknown,2025-1,global
210903121,Unknown,2025-1,global
210903161,Unknown,2025-1,global
210903182,Unknown,2025-1,global
210903291,Unknown,2025-1,global
210903327,Unknown,2025-1,global
210903370,Unknown,2025-1,global
210903404,Unknown,2025-1,global
210903459,Unknown,2025-1,global
210903484,Unknown,2025-1,global
210903513,Unknown,2025-1,global
210903579,Unknown,2025-1,global
210903609,Unknown,2025-1,global
210903635,Unknown,2025-1,global
210903664,Unknown,2025-1,global
210903765,Unknown,2025-1,global
210903803,Unknown,2025-1,global
211039125,Unknown,2025-1,global
211665334,Unknown,2025-1,global
211665591,Unknown,2025-1,global
211718882,Unknown,2025-1,global
212866460,Unknown,2025-1,global
212943123,Unknown,2025-1,global
2478,Unknown,2025-1,europe
8551,Unknown,2025-1,europe
9249,Unknown,2025-1,europe
9250,Unknown,2025-1,europe
11140,Unknown,2025-1,europe
16564,Unknown,2025-1,europe
18596,Unknown,2025-1,europe
20738,Unknown,2025-1,europe
213319754,Unknown,2025-1,global
22679881,Unknown,2025-1,global
179944416,Unknown,2025-1,global
214365805,Unknown,2025-1,global
214365815,Unknown,2025-1,global
214365825,Unknown,2025-1,global
214365846,Unknown,2025-1,global
214365857,Unknown,2025-1,global
214365869,Unknown,2025-1,global
214365879,Unknown,2025-1,global
214365890,Unknown,2025-1,global
214365901,Unknown,2025-1,global
214365911,Unknown,2025-1,global
214365921,Unknown,2025-1,global
214365931,Unknown,2025-1,global
214365942,Unknown,2025-1,global
214365957,Unknown,2025-1,global
214365967,Unknown,2025-1,global
214365984,Unknown,2025-1,global
214365996,Unknown,2025-1,global
214366007,Unknown,2025-1,global
214366021,Unknown,2025-1,global
214366032,Unknown,2025-1,global
214366046,Unknown,2025-1,global
214366056,Unknown,2025-1,global
214366070,Unknown,2025-1,global
214366080,Unknown,2025-1,global
214366091,Unknown,2025-1,global
214366104,Unknown,2025-1,global
214366115,Unknown,2025-1,global
214366125,Unknown,2025-1,global
214366137,Unknown,2025-1,global
214366148,Unknown,2025-1,global
214366161,Unknown,2025-1,global
214366172,Unknown,2025-1,global
214366182,Unknown,2025-1,global
214366192,Unknown,2025-1,global
214366203,Unknown,2025-1,global
214366214,Unknown,2025-1,global
214366225,Unknown,2025-1,global
214366246,Unknown,2025-1,global
214366258,Unknown,2025-1,global
214366269,Unknown,2025-1,global
214366284,Unknown,2025-1,global
214366294,Unknown,2025-1,global
214366308,Unknown,2025-1,global
214366318,Unknown,2025-1,global
214366328,Unknown,2025-1,global
214366338,Unknown,2025-1,global
214366349,Unknown,2025-1,global
214366359,Unknown,2025-1,global
214366369,Unknown,2025-1,global
214366379,Unknown,2025-1,global
214366389,Unknown,2025-1,global
214366401,Unknown,2025-1,global
214366412,Unknown,2025-1,global
214366424,Unknown,2025-1,global
214366435,Unknown,2025-1,global
214366451,Unknown,2025-1,global
214366466,Unknown,2025-1,global
214366477,Unknown,2025-1,global
214366488,Unknown,2025-1,global
212814626,Unknown,2025-1,global
215686170,Unknown,2025-1,global
215824818,Unknown,2025-1,global
39302,Unknown,2025-1,global
137516649,Unknown,2025-1,global
137516649,Unknown,2025-1,europe
137516649,Unknown,2025-1,mediterranean
22678620,Unknown,2025-1,global
190210,Unknown,2025-1,global
195096,Unknown,2025-1,global
68379228,Unknown,2025-1,global
154791,Unknown,2025-1,global
154990,Unknown,2025-1,global
183300,Unknown,2025-1,global
183307,Unknown,2025-1,global
183407,Unknown,2025-1,global
183441,Unknown,2025-1,global
183445,Unknown,2025-1,global
183476,Unknown,2025-1,global
183534,Unknown,2025-1,global
183702,Unknown,2025-1,global
183720,Unknown,2025-1,global
183745,Unknown,2025-1,global
183782,Unknown,2025-1,global
183784,Unknown,2025-1,global
183805,Unknown,2025-1,global
183820,Unknown,2025-1,global
183842,Unknown,2025-1,global
183884,Unknown,2025-1,global
183925,Unknown,2025-1,global
183937,Unknown,2025-1,global
184025,Unknown,2025-1,global
196025,Unknown,2025-1,global
196028,Unknown,2025-1,global
196033,Unknown,2025-1,global
196047,Unknown,2025-1,global
47137303,Unknown,2025-1,global
123359232,Unknown,2025-1,global
140293642,Unknown,2025-1,global
140299898,Unknown,2025-1,global
183259,Unknown,2025-1,global
183305,Unknown,2025-1,global
183372,Unknown,2025-1,global
183462,Unknown,2025-1,global
183563,Unknown,2025-1,global
183768,Unknown,2025-1,global
183821,Unknown,2025-1,global
183908,Unknown,2025-1,global
9461,Unknown,2025-1,europe
15421,Unknown,2025-1,europe
218630658,Unknown,2025-1,global
218630847,Unknown,2025-1,global
218755974,Unknown,2025-1,global
218756449,Unknown,2025-1,global
218756506,Unknown,2025-1,global
218756772,Unknown,2025-1,global
218756835,Unknown,2025-1,global
218756864,Unknown,2025-1,global
218757223,Unknown,2025-1,global
218867596,Unknown,2025-1,global
218867639,Unknown,2025-1,global
218867652,Unknown,2025-1,global
22563,Unknown,2025-1,europe
82031633,Unknown,2025-1,europe
11047,Unknown,2025-1,europe
11048,Unknown,2025-1,europe
20731,Unknown,2025-1,europe
134817215,Unknown,2025-1,europe
23211,Unknown,2025-1,europe
20732,Unknown,2025-1,europe
6335,Unknown,2025-1,europe
13250,Unknown,2025-1,europe
75547064,Unknown,2025-1,global
219318011,Unknown,2025-1,global
218521889,Unknown,2025-1,global
219443795,Unknown,2025-1,global
219676264,Unknown,2025-1,global
219537746,Unknown,2025-1,global
219536496,Unknown,2025-1,global
219535329,Unknown,2025-1,global
219535297,Unknown,2025-1,global
219555536,Unknown,2025-1,global
219534949,Unknown,2025-1,global
219538684,Unknown,2025-1,global
219556110,Unknown,2025-1,global
219555896,Unknown,2025-1,global
219555893,Unknown,2025-1,global
219555890,Unknown,2025-1,global
219556082,Unknown,2025-1,global
219556079,Unknown,2025-1,global
219645937,Unknown,2025-1,global
219645964,Unknown,2025-1,global
219556725,Unknown,2025-1,global
219556335,Unknown,2025-1,global
219556124,Unknown,2025-1,global
219556748,Unknown,2025-1,global
219645759,Unknown,2025-1,global
219556679,Unknown,2025-1,global
219646107,Unknown,2025-1,global
219646681,Unknown,2025-1,global
219803038,Unknown,2025-1,global
219372935,Unknown,2025-1,global
219362305,Unknown,2025-1,global
219360406,Unknown,2025-1,global
219405448,Unknown,2025-1,global
219360420,Unknown,2025-1,global
219379520,Unknown,2025-1,global
219379503,Unknown,2025-1,global
219379542,Unknown,2025-1,global
219361189,Unknown,2025-1,global
219360762,Unknown,2025-1,global
219360746,Unknown,2025-1,global
219360796,Unknown,2025-1,global
219360834,Unknown,2025-1,global
219361557,Unknown,2025-1,global
219361627,Unknown,2025-1,global
219361603,Unknown,2025-1,global
219361656,Unknown,2025-1,global
219404671,Unknown,2025-1,global
219361692,Unknown,2025-1,global
219379763,Unknown,2025-1,global
219360074,Unknown,2025-1,global
219360115,Unknown,2025-1,global
218755947,Unknown,2025-1,global
219360100,Unknown,2025-1,global
219404791,Unknown,2025-1,global
78771575,Unknown,2025-1,global
220639457,Unknown,2025-1,global
220639634,Unknown,2025-1,global
220640000,Unknown,2025-1,global
220640169,Unknown,2025-1,global
220640473,Unknown,2025-1,global
220640707,Unknown,2025-1,global
220640824,Unknown,2025-1,global
220640876,Unknown,2025-1,global
220641049,Unknown,2025-1,global
220641082,Unknown,2025-1,global
220641121,Unknown,2025-1,global
220641231,Unknown,2025-1,global
220641262,Unknown,2025-1,global
220641282,Unknown,2025-1,global
220641682,Unknown,2025-1,global
220641754,Unknown,2025-1,global
220641817,Unknown,2025-1,global
220641852,Unknown,2025-1,global
220641916,Unknown,2025-1,global
220642551,Unknown,2025-1,global
220658844,Unknown,2025-1,global
220658973,Unknown,2025-1,global
220659050,Unknown,2025-1,global
220659161,Unknown,2025-1,global
220659266,Unknown,2025-1,global
220659359,Unknown,2025-1,global
220659626,Unknown,2025-1,global
220660370,Unknown,2025-1,global
220718350,Unknown,2025-1,global
220719673,Unknown,2025-1,global
220725256,Unknown,2025-1,global
220733176,Unknown,2025-1,global
220733384,Unknown,2025-1,global
220736273,Unknown,2025-1,global
220736883,Unknown,2025-1,global
220738215,Unknown,2025-1,global
220751777,Unknown,2025-1,global
220752695,Unknown,2025-1,global
220752772,Unknown,2025-1,global
220753752,Unknown,2025-1,global
220754052,Unknown,2025-1,global
220754328,Unknown,2025-1,global
220640319,Unknown,2025-1,global
220640845,Unknown,2025-1,global
220641177,Unknown,2025-1,global
220740050,Unknown,2025-1,global
196090,Unknown,2025-1,global
196091,Unknown,2025-1,global
155140,Unknown,2025-1,global
196088,Unknown,2025-1,global
196087,Unknown,2025-1,global
196086,Unknown,2025-1,global
196085,Unknown,2025-1,global
196084,Unknown,2025-1,global
196083,Unknown,2025-1,global
196082,Unknown,2025-1,global
196081,Unknown,2025-1,global
196080,Unknown,2025-1,global
196079,Unknown,2025-1,global
196078,Unknown,2025-1,global
10707,Unknown,2025-1,europe
13241,Unknown,2025-1,europe
13244,Unknown,2025-1,europe
13245,Unknown,2025-1,europe
13247,Unknown,2025-1,europe
1847,Unknown,2025-1,europe
154804479,Unknown,2025-1,europe
156749008,Unknown,2025-1,europe
135548,Unknown,2025-1,europe
904,Unknown,2025-1,europe
907,Unknown,2025-1,europe
906,Unknown,2025-1,europe
221231352,Unknown,2025-1,europe
5375,Unknown,2025-1,europe
20745,Unknown,2025-1,europe
225345695,Unknown,2025-1,europe
18877,Unknown,2025-1,europe
259406860,Unknown,2025-1,europe
188118,Unknown,2025-1,europe
135682,Unknown,2025-1,europe
135656,Unknown,2025-1,europe
135654,Unknown,2025-1,europe
14521,Unknown,2025-1,europe
14524,Unknown,2025-1,europe
188116,Unknown,2025-1,europe
135608,Unknown,2025-1,europe
225345598,Unknown,2025-1,europe
135509,Unknown,2025-1,europe
135708,Unknown,2025-1,europe
135660,Unknown,2025-1,europe
158632797,Unknown,2025-1,europe
21257,Unknown,2025-1,europe
112664049,Unknown,2025-1,europe
135719,Unknown,2025-1,europe
16781,Unknown,2025-1,europe
135491,Unknown,2025-1,europe
39369,Unknown,2025-1,global
22680415,Unknown,2025-1,europe
2476,Unknown,2025-1,europe
225469534,Unknown,2025-1,global
17013,Unknown,2025-1,europe
225274149,Unknown,2025-1,global
225274038,Unknown,2025-1,global
225469363,Unknown,2025-1,global
14214,Unknown,2025-1,europe
135526,Unknown,2025-1,europe
135622,Unknown,2025-1,europe
13232,Unknown,2025-1,europe
18160537,Unknown,2025-1,europe
135665,Unknown,2025-1,europe
135545,Unknown,2025-1,europe
226538829,Unknown,2025-1,europe
154898,Unknown,2025-1,global
198291337,Unknown,2025-1,global
233304336,Unknown,2025-1,global
44166,Unknown,2025-1,europe
227121966,Unknown,2025-1,global
227121877,Unknown,2025-1,global
227121901,Unknown,2025-1,global
227122209,Unknown,2025-1,global
230025395,Unknown,2025-1,global
227121688,Unknown,2025-1,global
231060954,Unknown,2025-1,global
22697713,Unknown,2025-1,global
198291114,Unknown,2025-1,global
179946888,Unknown,2025-1,global
135673,Unknown,2025-1,europe
233303616,Unknown,2025-1,global
233304000,Unknown,2025-1,global
234769150,Unknown,2025-1,global
207613857,Unknown,2025-1,global
245,Unknown,2025-1,europe
246014055,Unknown,2025-1,global
246009782,Unknown,2025-1,global
47386437,Unknown,2025-1,global
68397750,Unknown,2025-1,global
68398158,Unknown,2025-1,global
246003888,Unknown,2025-1,global
154996,Unknown,2025-1,global
166171,Unknown,2025-1,global
154714,Unknown,2025-1,global
183435,Unknown,2025-1,global
183792,Unknown,2025-1,global
154786,Unknown,2025-1,global
154621,Unknown,2025-1,global
155297,Unknown,2025-1,global
183345,Unknown,2025-1,global
154758,Unknown,2025-1,global
184011,Unknown,2025-1,global
154846,Unknown,2025-1,global
183545,Unknown,2025-1,global
154657,Unknown,2025-1,global
183649,Unknown,2025-1,global
183947,Unknown,2025-1,global
183463,Unknown,2025-1,global
183900,Unknown,2025-1,global
183451,Unknown,2025-1,global
183672,Unknown,2025-1,global
154840,Unknown,2025-1,global
183816,Unknown,2025-1,global
154835,Unknown,2025-1,global
155050,Unknown,2025-1,global
183958,Unknown,2025-1,global
183785,Unknown,2025-1,global
183325,Unknown,2025-1,global
183369,Unknown,2025-1,global
183492,Unknown,2025-1,global
183421,Unknown,2025-1,global
154784,Unknown,2025-1,global
183871,Unknown,2025-1,global
166598,Unknown,2025-1,global
154976,Unknown,2025-1,global
183517,Unknown,2025-1,global
181029,Unknown,2025-1,global
183914,Unknown,2025-1,global
183987,Unknown,2025-1,global
183708,Unknown,2025-1,global
183627,Unknown,2025-1,global
154917,Unknown,2025-1,global
183722,Unknown,2025-1,global
154641,Unknown,2025-1,global
183594,Unknown,2025-1,global
183223,Unknown,2025-1,global
168438,Unknown,2025-1,global
155223,Unknown,2025-1,global
183415,Unknown,2025-1,global
183454,Unknown,2025-1,global
183490,Unknown,2025-1,global
183540,Unknown,2025-1,global
183832,Unknown,2025-1,global
183323,Unknown,2025-1,global
183916,Unknown,2025-1,global
183668,Unknown,2025-1,global
183570,Unknown,2025-1,global
183242,Unknown,2025-1,global
154861,Unknown,2025-1,global
169590,Unknown,2025-1,global
183915,Unknown,2025-1,global
183902,Unknown,2025-1,global
183243,Unknown,2025-1,global
183363,Unknown,2025-1,global
183950,Unknown,2025-1,global
183335,Unknown,2025-1,global
183417,Unknown,2025-1,global
184002,Unknown,2025-1,global
184029,Unknown,2025-1,global
183218,Unknown,2025-1,global
183983,Unknown,2025-1,global
183975,Unknown,2025-1,global
183459,Unknown,2025-1,global
183285,Unknown,2025-1,global
155278,Unknown,2025-1,global
181269,Unknown,2025-1,global
155272,Unknown,2025-1,global
155319,Unknown,2025-1,global
196338,Unknown,2025-1,global
169636,Unknown,2025-1,global
183560,Unknown,2025-1,global
183960,Unknown,2025-1,global
183831,Unknown,2025-1,global
184013,Unknown,2025-1,global
154963,Unknown,2025-1,global
169496,Unknown,2025-1,global
155284,Unknown,2025-1,global
183723,Unknown,2025-1,global
183926,Unknown,2025-1,global
154862,Unknown,2025-1,global
154823,Unknown,2025-1,global
154769,Unknown,2025-1,global
154857,Unknown,2025-1,global
183458,Unknown,2025-1,global
183673,Unknown,2025-1,global
183573,Unknown,2025-1,global
183589,Unknown,2025-1,global
154746,Unknown,2025-1,global
154690,Unknown,2025-1,global
183770,Unknown,2025-1,global
178081,Unknown,2025-1,global
178082,Unknown,2025-1,global
178084,Unknown,2025-1,global
178086,Unknown,2025-1,global
178087,Unknown,2025-1,global
178088,Unknown,2025-1,global
178089,Unknown,2025-1,global
178090,Unknown,2025-1,global
178091,Unknown,2025-1,global
178092,Unknown,2025-1,global
178093,Unknown,2025-1,global
178094,Unknown,2025-1,global
155229,Unknown,2025-1,global
196339,Unknown,2025-1,global
196341,Unknown,2025-1,global
196342,Unknown,2025-1,global
196343,Unknown,2025-1,global
196344,Unknown,2025-1,global
154863,Unknown,2025-1,global
196347,Unknown,2025-1,global
183650,Unknown,2025-1,global
154692,Unknown,2025-1,global
154836,Unknown,2025-1,global
194862,Unknown,2025-1,global
194862,Unknown,2025-1,europe
194862,Unknown,2025-1,mediterranean
18159126,Unknown,2025-1,global
18159126,Unknown,2025-1,europe
56779782,Unknown,2025-1,global
56779782,Unknown,2025-1,europe
155226,Unknown,2025-1,global
155226,Unknown,2025-1,europe
194863,Unknown,2025-1,global
194863,Unknown,2025-1,europe
194865,Unknown,2025-1,global
194865,Unknown,2025-1,europe
194865,Unknown,2025-1,mediterranean
5675,Unknown,2025-1,global
198654,Unknown,2025-1,global
198654,Unknown,2025-1,europe
198655,Unknown,2025-1,global
198655,Unknown,2025-1,europe
194867,Unknown,2025-1,global
194867,Unknown,2025-1,europe
194867,Unknown,2025-1,mediterranean
194868,Unknown,2025-1,global
194868,Unknown,2025-1,europe
194868,Unknown,2025-1,mediterranean
194869,Unknown,2025-1,global
194869,Unknown,2025-1,europe
194869,Unknown,2025-1,mediterranean
194871,Unknown,2025-1,global
194871,Unknown,2025-1,europe
182165,Unknown,2025-1,global
194872,Unknown,2025-1,global
194872,Unknown,2025-1,europe
194872,Unknown,2025-1,mediterranean
198657,Unknown,2025-1,global
198657,Unknown,2025-1,europe
198657,Unknown,2025-1,mediterranean
274985026,Unknown,2025-1,global
274985026,Unknown,2025-1,europe
198659,Unknown,2025-1,global
198659,Unknown,2025-1,europe
155214,Unknown,2025-1,global
155214,Unknown,2025-1,europe
155214,Unknown,2025-1,mediterranean
18159556,Unknown,2025-1,global
18159556,Unknown,2025-1,europe
194874,Unknown,2025-1,global
194874,Unknown,2025-1,europe
194874,Unknown,2025-1,mediterranean
194875,Unknown,2025-1,global
194875,Unknown,2025-1,europe
194875,Unknown,2025-1,mediterranean
198663,Unknown,2025-1,global
198663,Unknown,2025-1,europe
194877,Unknown,2025-1,global
194877,Unknown,2025-1,europe
194877,Unknown,2025-1,mediterranean
155282,Unknown,2025-1,global
155282,Unknown,2025-1,europe
198664,Unknown,2025-1,global
198664,Unknown,2025-1,europe
18159823,Unknown,2025-1,global
18159823,Unknown,2025-1,europe
194879,Unknown,2025-1,global
194879,Unknown,2025-1,europe
194881,Unknown,2025-1,global
194881,Unknown,2025-1,europe
194881,Unknown,2025-1,mediterranean
194882,Unknown,2025-1,global
194882,Unknown,2025-1,europe
18159817,Unknown,2025-1,global
18159817,Unknown,2025-1,europe
194883,Unknown,2025-1,global
194883,Unknown,2025-1,europe
18160573,Unknown,2025-1,global
18160573,Unknown,2025-1,europe
198552,Unknown,2025-1,global
198552,Unknown,2025-1,europe
274985417,Unknown,2025-1,global
274985417,Unknown,2025-1,europe
194884,Unknown,2025-1,global
194884,Unknown,2025-1,europe
18160456,Unknown,2025-1,global
18160456,Unknown,2025-1,europe
18160468,Unknown,2025-1,global
18160468,Unknown,2025-1,europe
194887,Unknown,2025-1,global
194887,Unknown,2025-1,europe
194887,Unknown,2025-1,mediterranean
194889,Unknown,2025-1,global
194889,Unknown,2025-1,europe
194889,Unknown,2025-1,mediterranean
198669,Unknown,2025-1,global
198669,Unknown,2025-1,europe
194891,Unknown,2025-1,global
194891,Unknown,2025-1,europe
194891,Unknown,2025-1,mediterranean
18161514,Unknown,2025-1,global
18161514,Unknown,2025-1,europe
194893,Unknown,2025-1,global
194893,Unknown,2025-1,europe
135525,Unknown,2025-1,europe
81916148,Unknown,2025-1,global
69130223,Unknown,2025-1,global
69130217,Unknown,2025-1,global
69130256,Unknown,2025-1,global
69181494,Unknown,2025-1,global
69128239,Unknown,2025-1,global
69130284,Unknown,2025-1,global
69181507,Unknown,2025-1,global
67903613,Unknown,2025-1,global
198771,Unknown,2025-1,global
67903629,Unknown,2025-1,global
68326549,Unknown,2025-1,global
67903666,Unknown,2025-1,global
67903681,Unknown,2025-1,global
68326644,Unknown,2025-1,global
67903734,Unknown,2025-1,global
67903731,Unknown,2025-1,global
67903759,Unknown,2025-1,global
67903756,Unknown,2025-1,global
67903781,Unknown,2025-1,global
68001090,Unknown,2025-1,global
67903851,Unknown,2025-1,global
118353525,Unknown,2025-1,global
118353540,Unknown,2025-1,global
69179788,Unknown,2025-1,global
118354194,Unknown,2025-1,global
68377363,Unknown,2025-1,global
68377366,Unknown,2025-1,global
69127937,Unknown,2025-1,global
68377412,Unknown,2025-1,global
56780975,Unknown,2025-1,global
56780975,Unknown,2025-1,europe
118354091,Unknown,2025-1,global
56780905,Unknown,2025-1,global
69130196,Unknown,2025-1,global
47394785,Unknown,2025-1,global
47395413,Unknown,2025-1,global
81916521,Unknown,2025-1,global
81916170,Unknown,2025-1,global
240973336,Unknown,2025-1,global
241131980,Unknown,2025-1,global
241132565,Unknown,2025-1,global
241132577,Unknown,2025-1,global
241132588,Unknown,2025-1,global
241132598,Unknown,2025-1,global
241132608,Unknown,2025-1,global
241132619,Unknown,2025-1,global
241132630,Unknown,2025-1,global
241132640,Unknown,2025-1,global
241132650,Unknown,2025-1,global
241132660,Unknown,2025-1,global
241132673,Unknown,2025-1,global
241132683,Unknown,2025-1,global
241132694,Unknown,2025-1,global
241132705,Unknown,2025-1,global
241132716,Unknown,2025-1,global
241132727,Unknown,2025-1,global
241132737,Unknown,2025-1,global
241132747,Unknown,2025-1,global
241132757,Unknown,2025-1,global
241132767,Unknown,2025-1,global
241132787,Unknown,2025-1,global
241132797,Unknown,2025-1,global
241132807,Unknown,2025-1,global
241132819,Unknown,2025-1,global
241132830,Unknown,2025-1,global
241132840,Unknown,2025-1,global
241132850,Unknown,2025-1,global
241132860,Unknown,2025-1,global
241132871,Unknown,2025-1,global
241132883,Unknown,2025-1,global
241132895,Unknown,2025-1,global
241132905,Unknown,2025-1,global
241132944,Unknown,2025-1,global
241132955,Unknown,2025-1,global
241132966,Unknown,2025-1,global
241132977,Unknown,2025-1,global
241132989,Unknown,2025-1,global
241133000,Unknown,2025-1,global
241133012,Unknown,2025-1,global
241133023,Unknown,2025-1,global
241133036,Unknown,2025-1,global
241133047,Unknown,2025-1,global
241133058,Unknown,2025-1,global
241133069,Unknown,2025-1,global
241133080,Unknown,2025-1,global
241133093,Unknown,2025-1,global
241133103,Unknown,2025-1,global
241133114,Unknown,2025-1,global
241133144,Unknown,2025-1,global
241133155,Unknown,2025-1,global
241133189,Unknown,2025-1,global
241133199,Unknown,2025-1,global
241133212,Unknown,2025-1,global
241133225,Unknown,2025-1,global
241133235,Unknown,2025-1,global
241133245,Unknown,2025-1,global
241133255,Unknown,2025-1,global
241133265,Unknown,2025-1,global
241133275,Unknown,2025-1,global
241133288,Unknown,2025-1,global
241133298,Unknown,2025-1,global
241133308,Unknown,2025-1,global
241133318,Unknown,2025-1,global
241133328,Unknown,2025-1,global
241133338,Unknown,2025-1,global
241133348,Unknown,2025-1,global
241133358,Unknown,2025-1,global
241133369,Unknown,2025-1,global
241133379,Unknown,2025-1,global
241133389,Unknown,2025-1,global
241133399,Unknown,2025-1,global
241133409,Unknown,2025-1,global
241133419,Unknown,2025-1,global
241133429,Unknown,2025-1,global
241133440,Unknown,2025-1,global
241133450,Unknown,2025-1,global
241133460,Unknown,2025-1,global
241133470,Unknown,2025-1,global
241133480,Unknown,2025-1,global
241133490,Unknown,2025-1,global
241133501,Unknown,2025-1,global
241133511,Unknown,2025-1,global
241133521,Unknown,2025-1,global
241133532,Unknown,2025-1,global
241133544,Unknown,2025-1,global
241133564,Unknown,2025-1,global
241133575,Unknown,2025-1,global
241133586,Unknown,2025-1,global
241133596,Unknown,2025-1,global
241133606,Unknown,2025-1,global
241133616,Unknown,2025-1,global
241133628,Unknown,2025-1,global
241133638,Unknown,2025-1,global
241133648,Unknown,2025-1,global
241133659,Unknown,2025-1,global
241133670,Unknown,2025-1,global
241133680,Unknown,2025-1,global
241133693,Unknown,2025-1,global
241133703,Unknown,2025-1,global
241133713,Unknown,2025-1,global
241133724,Unknown,2025-1,global
241133735,Unknown,2025-1,global
241133745,Unknown,2025-1,global
241133755,Unknown,2025-1,global
241133766,Unknown,2025-1,global
241133776,Unknown,2025-1,global
241133787,Unknown,2025-1,global
241133799,Unknown,2025-1,global
241133809,Unknown,2025-1,global
241133820,Unknown,2025-1,global
241133831,Unknown,2025-1,global
241133841,Unknown,2025-1,global
241133852,Unknown,2025-1,global
241133862,Unknown,2025-1,global
241133873,Unknown,2025-1,global
241133885,Unknown,2025-1,global
241133896,Unknown,2025-1,global
241133906,Unknown,2025-1,global
241133918,Unknown,2025-1,global
241133929,Unknown,2025-1,global
241133941,Unknown,2025-1,global
241133952,Unknown,2025-1,global
241133962,Unknown,2025-1,global
241133972,Unknown,2025-1,global
241133984,Unknown,2025-1,global
241133996,Unknown,2025-1,global
241134007,Unknown,2025-1,global
241134018,Unknown,2025-1,global
241134030,Unknown,2025-1,global
241134041,Unknown,2025-1,global
241134052,Unknown,2025-1,global
241134063,Unknown,2025-1,global
241134073,Unknown,2025-1,global
241134085,Unknown,2025-1,global
241134097,Unknown,2025-1,global
241134108,Unknown,2025-1,global
241134120,Unknown,2025-1,global
241134131,Unknown,2025-1,global
241134142,Unknown,2025-1,global
241134153,Unknown,2025-1,global
241134164,Unknown,2025-1,global
241134175,Unknown,2025-1,global
241134185,Unknown,2025-1,global
241134196,Unknown,2025-1,global
241134206,Unknown,2025-1,global
241134217,Unknown,2025-1,global
241134229,Unknown,2025-1,global
241134240,Unknown,2025-1,global
241134250,Unknown,2025-1,global
241134261,Unknown,2025-1,global
241134272,Unknown,2025-1,global
241134283,Unknown,2025-1,global
241134293,Unknown,2025-1,global
241134303,Unknown,2025-1,global
241134313,Unknown,2025-1,global
241134323,Unknown,2025-1,global
241134333,Unknown,2025-1,global
241134343,Unknown,2025-1,global
241134353,Unknown,2025-1,global
241134363,Unknown,2025-1,global
241134373,Unknown,2025-1,global
241134383,Unknown,2025-1,global
241146973,Unknown,2025-1,global
241146983,Unknown,2025-1,global
241146993,Unknown,2025-1,global
241147008,Unknown,2025-1,global
241147019,Unknown,2025-1,global
241147040,Unknown,2025-1,global
241147051,Unknown,2025-1,global
241147061,Unknown,2025-1,global
241147071,Unknown,2025-1,global
241147081,Unknown,2025-1,global
241147092,Unknown,2025-1,global
241147122,Unknown,2025-1,global
241147142,Unknown,2025-1,global
241147152,Unknown,2025-1,global
241147163,Unknown,2025-1,global
241147173,Unknown,2025-1,global
241147188,Unknown,2025-1,global
241147199,Unknown,2025-1,global
241147209,Unknown,2025-1,global
241147219,Unknown,2025-1,global
241147229,Unknown,2025-1,global
241147239,Unknown,2025-1,global
241147249,Unknown,2025-1,global
241147259,Unknown,2025-1,global
241147269,Unknown,2025-1,global
241147269,Unknown,2025-1,europe
241147280,Unknown,2025-1,global
241147280,Unknown,2025-1,europe
241147280,Unknown,2025-1,mediterranean
241147300,Unknown,2025-1,global
241147310,Unknown,2025-1,global
241147320,Unknown,2025-1,global
241147330,Unknown,2025-1,global
241147340,Unknown,2025-1,global
241147350,Unknown,2025-1,global
241147360,Unknown,2025-1,global
241147370,Unknown,2025-1,global
241147396,Unknown,2025-1,global
241147406,Unknown,2025-1,global
241147416,Unknown,2025-1,global
241147426,Unknown,2025-1,global
241147436,Unknown,2025-1,global
241147447,Unknown,2025-1,global
241147468,Unknown,2025-1,global
241147478,Unknown,2025-1,global
241147488,Unknown,2025-1,global
241147498,Unknown,2025-1,global
241147508,Unknown,2025-1,global
241147518,Unknown,2025-1,global
241147528,Unknown,2025-1,global
241147538,Unknown,2025-1,global
241147548,Unknown,2025-1,global
241147559,Unknown,2025-1,global
241147570,Unknown,2025-1,global
241147581,Unknown,2025-1,global
241147591,Unknown,2025-1,global
241147602,Unknown,2025-1,global
241147612,Unknown,2025-1,global
241147622,Unknown,2025-1,global
241147632,Unknown,2025-1,global
241147642,Unknown,2025-1,global
241147652,Unknown,2025-1,global
241147672,Unknown,2025-1,global
241147683,Unknown,2025-1,global
241147693,Unknown,2025-1,global
241147703,Unknown,2025-1,global
241147713,Unknown,2025-1,global
241147724,Unknown,2025-1,global
241147734,Unknown,2025-1,global
241147744,Unknown,2025-1,global
241147754,Unknown,2025-1,global
241147765,Unknown,2025-1,global
241147776,Unknown,2025-1,global
241147786,Unknown,2025-1,global
241147796,Unknown,2025-1,global
241147815,Unknown,2025-1,global
241147825,Unknown,2025-1,global
241147835,Unknown,2025-1,global
241147845,Unknown,2025-1,global
241147855,Unknown,2025-1,global
241147865,Unknown,2025-1,global
241147875,Unknown,2025-1,global
241147886,Unknown,2025-1,global
241147896,Unknown,2025-1,global
241147906,Unknown,2025-1,global
241147920,Unknown,2025-1,global
241147930,Unknown,2025-1,global
241147940,Unknown,2025-1,global
241147950,Unknown,2025-1,global
241147960,Unknown,2025-1,global
241147970,Unknown,2025-1,global
241147980,Unknown,2025-1,global
241148000,Unknown,2025-1,global
241148021,Unknown,2025-1,global
241148031,Unknown,2025-1,global
241148041,Unknown,2025-1,global
241148051,Unknown,2025-1,global
241148062,Unknown,2025-1,global
241148072,Unknown,2025-1,global
241148082,Unknown,2025-1,global
241148092,Unknown,2025-1,global
241148122,Unknown,2025-1,global
241148132,Unknown,2025-1,global
241148142,Unknown,2025-1,global
241148152,Unknown,2025-1,global
241148163,Unknown,2025-1,global
241148189,Unknown,2025-1,global
241148201,Unknown,2025-1,global
241148211,Unknown,2025-1,global
241148242,Unknown,2025-1,global
241148263,Unknown,2025-1,global
241148276,Unknown,2025-1,global
241148286,Unknown,2025-1,global
241148296,Unknown,2025-1,global
241148310,Unknown,2025-1,global
241148321,Unknown,2025-1,global
241148333,Unknown,2025-1,global
241148343,Unknown,2025-1,global
241148354,Unknown,2025-1,global
241148364,Unknown,2025-1,global
241148374,Unknown,2025-1,global
241148374,Unknown,2025-1,europe
241148384,Unknown,2025-1,global
241148394,Unknown,2025-1,global
241148404,Unknown,2025-1,global
241148414,Unknown,2025-1,global
241148424,Unknown,2025-1,global
241148434,Unknown,2025-1,global
241148445,Unknown,2025-1,global
241148455,Unknown,2025-1,global
241148465,Unknown,2025-1,global
241148476,Unknown,2025-1,global
241148486,Unknown,2025-1,global
241148496,Unknown,2025-1,global
241148507,Unknown,2025-1,global
241148517,Unknown,2025-1,global
241148527,Unknown,2025-1,global
241148538,Unknown,2025-1,global
241148548,Unknown,2025-1,global
241148558,Unknown,2025-1,global
241148568,Unknown,2025-1,global
241148578,Unknown,2025-1,global
241148588,Unknown,2025-1,global
241148599,Unknown,2025-1,global
241148609,Unknown,2025-1,global
241148619,Unknown,2025-1,global
241148629,Unknown,2025-1,global
241148639,Unknown,2025-1,global
241148652,Unknown,2025-1,global
241148662,Unknown,2025-1,global
241148674,Unknown,2025-1,global
241148684,Unknown,2025-1,global
241148694,Unknown,2025-1,global
241148704,Unknown,2025-1,global
241148715,Unknown,2025-1,global
241148727,Unknown,2025-1,global
241148737,Unknown,2025-1,global
241148747,Unknown,2025-1,global
241148757,Unknown,2025-1,global
241148767,Unknown,2025-1,global
241148777,Unknown,2025-1,global
241148777,Unknown,2025-1,europe
241148787,Unknown,2025-1,global
241148787,Unknown,2025-1,europe
241148787,Unknown,2025-1,mediterranean
241148797,Unknown,2025-1,global
241148807,Unknown,2025-1,global
241148817,Unknown,2025-1,global
241148827,Unknown,2025-1,global
241148848,Unknown,2025-1,global
241148859,Unknown,2025-1,global
241148870,Unknown,2025-1,global
241148880,Unknown,2025-1,global
241148890,Unknown,2025-1,global
241148902,Unknown,2025-1,global
241148912,Unknown,2025-1,global
241148933,Unknown,2025-1,global
241148946,Unknown,2025-1,global
241148957,Unknown,2025-1,global
241148967,Unknown,2025-1,global
241148977,Unknown,2025-1,global
241148990,Unknown,2025-1,global
241149003,Unknown,2025-1,global
241149025,Unknown,2025-1,global
241149035,Unknown,2025-1,global
241149045,Unknown,2025-1,global
241149055,Unknown,2025-1,global
241149065,Unknown,2025-1,global
241149075,Unknown,2025-1,global
241149085,Unknown,2025-1,global
241149097,Unknown,2025-1,global
241149107,Unknown,2025-1,global
241149118,Unknown,2025-1,global
241149129,Unknown,2025-1,global
241149152,Unknown,2025-1,global
241149163,Unknown,2025-1,global
241149173,Unknown,2025-1,global
241149183,Unknown,2025-1,global
241149193,Unknown,2025-1,global
241149203,Unknown,2025-1,global
241149214,Unknown,2025-1,global
241149226,Unknown,2025-1,global
241149236,Unknown,2025-1,global
241149247,Unknown,2025-1,global
241149300,Unknown,2025-1,global
241149310,Unknown,2025-1,global
241149320,Unknown,2025-1,global
241149331,Unknown,2025-1,global
241149344,Unknown,2025-1,global
241149355,Unknown,2025-1,global
241149378,Unknown,2025-1,global
241149389,Unknown,2025-1,global
241149401,Unknown,2025-1,global
241149412,Unknown,2025-1,global
241149424,Unknown,2025-1,global
241149436,Unknown,2025-1,global
241149447,Unknown,2025-1,global
241149447,Unknown,2025-1,europe
241149447,Unknown,2025-1,mediterranean
241149457,Unknown,2025-1,global
241149467,Unknown,2025-1,global
241149477,Unknown,2025-1,global
241149477,Unknown,2025-1,europe
241149488,Unknown,2025-1,global
241149499,Unknown,2025-1,global
241149509,Unknown,2025-1,global
241149520,Unknown,2025-1,global
241149531,Unknown,2025-1,global
241149541,Unknown,2025-1,global
241149551,Unknown,2025-1,global
241149563,Unknown,2025-1,global
241149575,Unknown,2025-1,global
241149606,Unknown,2025-1,global
241149606,Unknown,2025-1,europe
241149606,Unknown,2025-1,mediterranean
241149616,Unknown,2025-1,global
241149627,Unknown,2025-1,global
241149637,Unknown,2025-1,global
241149647,Unknown,2025-1,global
241149659,Unknown,2025-1,global
241149669,Unknown,2025-1,global
241149679,Unknown,2025-1,global
241149689,Unknown,2025-1,global
241149699,Unknown,2025-1,global
241149699,Unknown,2025-1,europe
241149719,Unknown,2025-1,global
241149729,Unknown,2025-1,global
241149729,Unknown,2025-1,europe
241149729,Unknown,2025-1,mediterranean
241149739,Unknown,2025-1,global
241149749,Unknown,2025-1,global
241149759,Unknown,2025-1,global
241149769,Unknown,2025-1,global
241149779,Unknown,2025-1,global
241149789,Unknown,2025-1,global
241149799,Unknown,2025-1,global
241149809,Unknown,2025-1,global
241149819,Unknown,2025-1,global
241149819,Unknown,2025-1,europe
241149819,Unknown,2025-1,mediterranean
241149829,Unknown,2025-1,global
241149841,Unknown,2025-1,global
241149852,Unknown,2025-1,global
241149862,Unknown,2025-1,global
241149874,Unknown,2025-1,global
241149885,Unknown,2025-1,global
241149895,Unknown,2025-1,global
241149905,Unknown,2025-1,global
241149915,Unknown,2025-1,global
241149925,Unknown,2025-1,global
241149935,Unknown,2025-1,global
241149946,Unknown,2025-1,global
241149962,Unknown,2025-1,global
241149973,Unknown,2025-1,global
241149984,Unknown,2025-1,global
241149995,Unknown,2025-1,global
241150006,Unknown,2025-1,global
241150016,Unknown,2025-1,global
241150026,Unknown,2025-1,global
241150036,Unknown,2025-1,global
241150047,Unknown,2025-1,global
241150058,Unknown,2025-1,global
241150058,Unknown,2025-1,europe
241150058,Unknown,2025-1,mediterranean
241150068,Unknown,2025-1,global
241150079,Unknown,2025-1,global
241150089,Unknown,2025-1,global
241150204,Unknown,2025-1,global
241150214,Unknown,2025-1,global
241150224,Unknown,2025-1,global
241150234,Unknown,2025-1,global
241150249,Unknown,2025-1,global
241150259,Unknown,2025-1,global
241150269,Unknown,2025-1,global
241150279,Unknown,2025-1,global
241150289,Unknown,2025-1,global
241150312,Unknown,2025-1,global
241150322,Unknown,2025-1,global
241150333,Unknown,2025-1,global
241150343,Unknown,2025-1,global
241150360,Unknown,2025-1,global
241150370,Unknown,2025-1,global
241150381,Unknown,2025-1,global
241150391,Unknown,2025-1,global
241150401,Unknown,2025-1,global
241150412,Unknown,2025-1,global
241150422,Unknown,2025-1,global
241150433,Unknown,2025-1,global
241150443,Unknown,2025-1,global
241150455,Unknown,2025-1,global
241150466,Unknown,2025-1,global
241150477,Unknown,2025-1,global
241150488,Unknown,2025-1,global
241150499,Unknown,2025-1,global
241150509,Unknown,2025-1,global
241150519,Unknown,2025-1,global
241150529,Unknown,2025-1,global
241150539,Unknown,2025-1,global
241150550,Unknown,2025-1,global
241150560,Unknown,2025-1,global
241150570,Unknown,2025-1,global
241150585,Unknown,2025-1,global
241150595,Unknown,2025-1,global
241150605,Unknown,2025-1,global
241150615,Unknown,2025-1,global
241150625,Unknown,2025-1,global
241150635,Unknown,2025-1,global
241150648,Unknown,2025-1,global
241150658,Unknown,2025-1,global
241150668,Unknown,2025-1,global
241150678,Unknown,2025-1,global
241150688,Unknown,2025-1,global
241150698,Unknown,2025-1,global
241150708,Unknown,2025-1,global
241150720,Unknown,2025-1,global
241150730,Unknown,2025-1,global
241150740,Unknown,2025-1,global
241150751,Unknown,2025-1,global
241150761,Unknown,2025-1,global
241150772,Unknown,2025-1,global
241150782,Unknown,2025-1,global
241150792,Unknown,2025-1,global
241150813,Unknown,2025-1,global
241150823,Unknown,2025-1,global
241150833,Unknown,2025-1,global
241150844,Unknown,2025-1,global
241150854,Unknown,2025-1,global
241150864,Unknown,2025-1,global
241150874,Unknown,2025-1,global
241150884,Unknown,2025-1,global
241150895,Unknown,2025-1,global
241150906,Unknown,2025-1,global
241150919,Unknown,2025-1,global
241150929,Unknown,2025-1,global
241150939,Unknown,2025-1,global
241150949,Unknown,2025-1,global
241150959,Unknown,2025-1,global
241150969,Unknown,2025-1,global
241150979,Unknown,2025-1,global
241150991,Unknown,2025-1,global
241151001,Unknown,2025-1,global
241151011,Unknown,2025-1,global
241151021,Unknown,2025-1,global
241151031,Unknown,2025-1,global
241151041,Unknown,2025-1,global
241151051,Unknown,2025-1,global
241151063,Unknown,2025-1,global
241151073,Unknown,2025-1,global
241151083,Unknown,2025-1,global
241151093,Unknown,2025-1,global
241151103,Unknown,2025-1,global
241151113,Unknown,2025-1,global
241151123,Unknown,2025-1,global
241151133,Unknown,2025-1,global
241151157,Unknown,2025-1,global
241151167,Unknown,2025-1,global
241151177,Unknown,2025-1,global
241151187,Unknown,2025-1,global
241151197,Unknown,2025-1,global
241151208,Unknown,2025-1,global
241151218,Unknown,2025-1,global
241151229,Unknown,2025-1,global
241151240,Unknown,2025-1,global
241151260,Unknown,2025-1,global
241151270,Unknown,2025-1,global
241151292,Unknown,2025-1,global
241151323,Unknown,2025-1,global
241151562,Unknown,2025-1,global
241151589,Unknown,2025-1,global
241151623,Unknown,2025-1,global
241151634,Unknown,2025-1,global
241151667,Unknown,2025-1,global
241151677,Unknown,2025-1,global
241151687,Unknown,2025-1,global
241151697,Unknown,2025-1,global
241151707,Unknown,2025-1,global
241151718,Unknown,2025-1,global
241151729,Unknown,2025-1,global
241151740,Unknown,2025-1,global
241151750,Unknown,2025-1,global
241151762,Unknown,2025-1,global
241151778,Unknown,2025-1,global
241151788,Unknown,2025-1,global
241151799,Unknown,2025-1,global
241151810,Unknown,2025-1,global
241151827,Unknown,2025-1,global
241151838,Unknown,2025-1,global
241151848,Unknown,2025-1,global
241151858,Unknown,2025-1,global
241151868,Unknown,2025-1,global
241151878,Unknown,2025-1,global
241151888,Unknown,2025-1,global
241151898,Unknown,2025-1,global
241151908,Unknown,2025-1,global
241151918,Unknown,2025-1,global
241151928,Unknown,2025-1,global
241151938,Unknown,2025-1,global
241151948,Unknown,2025-1,global
241151958,Unknown,2025-1,global
241151971,Unknown,2025-1,global
241151981,Unknown,2025-1,global
241151991,Unknown,2025-1,global
241152001,Unknown,2025-1,global
241152011,Unknown,2025-1,global
241152021,Unknown,2025-1,global
241152031,Unknown,2025-1,global
241152075,Unknown,2025-1,global
241152087,Unknown,2025-1,global
241152100,Unknown,2025-1,global
241152122,Unknown,2025-1,global
241152122,Unknown,2025-1,europe
241152122,Unknown,2025-1,mediterranean
241152132,Unknown,2025-1,global
241152142,Unknown,2025-1,global
241152161,Unknown,2025-1,global
241152172,Unknown,2025-1,global
241152182,Unknown,2025-1,global
241152202,Unknown,2025-1,global
241152212,Unknown,2025-1,global
241152222,Unknown,2025-1,global
241152232,Unknown,2025-1,global
241152242,Unknown,2025-1,global
241152242,Unknown,2025-1,europe
241152242,Unknown,2025-1,mediterranean
241152252,Unknown,2025-1,global
241152262,Unknown,2025-1,global
241152272,Unknown,2025-1,global
241152282,Unknown,2025-1,global
241152292,Unknown,2025-1,global
241152303,Unknown,2025-1,global
241152314,Unknown,2025-1,global
241152314,Unknown,2025-1,europe
241152314,Unknown,2025-1,mediterranean
241152324,Unknown,2025-1,global
241152335,Unknown,2025-1,global
241152347,Unknown,2025-1,global
241152358,Unknown,2025-1,global
241152368,Unknown,2025-1,global
241152378,Unknown,2025-1,global
241152388,Unknown,2025-1,global
241152398,Unknown,2025-1,global
241152408,Unknown,2025-1,global
241152418,Unknown,2025-1,global
241152429,Unknown,2025-1,global
241152440,Unknown,2025-1,global
241152450,Unknown,2025-1,global
241152462,Unknown,2025-1,global
241152472,Unknown,2025-1,global
241152472,Unknown,2025-1,europe
241152472,Unknown,2025-1,mediterranean
241152482,Unknown,2025-1,global
241152493,Unknown,2025-1,global
241152503,Unknown,2025-1,global
241152514,Unknown,2025-1,global
241152524,Unknown,2025-1,global
241152534,Unknown,2025-1,global
241152544,Unknown,2025-1,global
241152555,Unknown,2025-1,global
241152565,Unknown,2025-1,global
241152597,Unknown,2025-1,global
241152597,Unknown,2025-1,europe
198291571,Unknown,2025-1,global
242121080,Unknown,2025-1,global
243924606,Unknown,2025-1,global
244917651,Unknown,2025-1,global
244921272,Unknown,2025-1,global
244921675,Unknown,2025-1,global
244923296,Unknown,2025-1,global
244923659,Unknown,2025-1,global
244925843,Unknown,2025-1,global
244931668,Unknown,2025-1,global
244932290,Unknown,2025-1,global
244932671,Unknown,2025-1,global
244933209,Unknown,2025-1,global
244936659,Unknown,2025-1,global
18159121,Unknown,2025-1,global
198656,Unknown,2025-1,global
198658,Unknown,2025-1,global
198666,Unknown,2025-1,global
274979439,Unknown,2025-1,global
56781081,Unknown,2025-1,global
252564031,Unknown,2025-1,global
17027,Unknown,2025-1,global
274981827,Unknown,2025-1,global
274981122,Unknown,2025-1,global
250270380,Unknown,2025-1,global
252730581,Unknown,2025-1,global
258689628,Unknown,2025-1,global
252246191,Unknown,2025-1,global
169566,Unknown,2025-1,global
252732460,Unknown,2025-1,global
252732614,Unknown,2025-1,global
252733172,Unknown,2025-1,global
252730062,Unknown,2025-1,global
252732832,Unknown,2025-1,global
252732869,Unknown,2025-1,global
252732999,Unknown,2025-1,global
252732105,Unknown,2025-1,global
252732354,Unknown,2025-1,global
252732783,Unknown,2025-1,global
252732406,Unknown,2025-1,global
252731041,Unknown,2025-1,global
252731062,Unknown,2025-1,global
252730089,Unknown,2025-1,global
252731796,Unknown,2025-1,global
252732948,Unknown,2025-1,global
252732710,Unknown,2025-1,global
252732664,Unknown,2025-1,global
252732806,Unknown,2025-1,global
252562934,Unknown,2025-1,global
252566898,Unknown,2025-1,global
252567062,Unknown,2025-1,global
252733159,Unknown,2025-1,global
252732348,Unknown,2025-1,global
252731079,Unknown,2025-1,global
68399507,Unknown,2025-1,global
68400306,Unknown,2025-1,global
68399473,Unknown,2025-1,global
68399409,Unknown,2025-1,global
68400155,Unknown,2025-1,global
68400068,Unknown,2025-1,global
68399399,Unknown,2025-1,global
68399949,Unknown,2025-1,global
22692680,Unknown,2025-1,global
22680277,Unknown,2025-1,global
254254010,Unknown,2025-1,global
254256760,Unknown,2025-1,global
254257010,Unknown,2025-1,global
254253765,Unknown,2025-1,global
254252554,Unknown,2025-1,global
254251669,Unknown,2025-1,global
254253943,Unknown,2025-1,global
254253956,Unknown,2025-1,global
133062,Unknown,2025-1,global
183681,Unknown,2025-1,global
219409385,Unknown,2025-1,global
133655,Unknown,2025-1,global
132950,Unknown,2025-1,global
22693408,Unknown,2025-1,global
274982836,Unknown,2025-1,global
274984062,Unknown,2025-1,global
274987900,Unknown,2025-1,global
274987900,Unknown,2025-1,europe
274987900,Unknown,2025-1,mediterranean
257333306,Unknown,2025-1,global
218650505,Unknown,2025-1,persian_gulf
246003888,Unknown,2025-1,persian_gulf
246014055,Unknown,2025-1,gulf_of mexico
246009782,Unknown,2025-1,gulf_of mexico
246011694,Unknown,2025-1,gulf_of mexico
198291114,Unknown,2025-1,persian_gulf
8010,Unknown,2025-1,europe
261543157,Unknown,2025-1,global
261540853,Unknown,2025-1,global
261543926,Unknown,2025-1,global
261544051,Unknown,2025-1,global
261540595,Unknown,2025-1,global
261542779,Unknown,2025-1,global
261542652,Unknown,2025-1,global
261542906,Unknown,2025-1,global
261540328,Unknown,2025-1,global
261543781,Unknown,2025-1,global
261541094,Unknown,2025-1,global
261540707,Unknown,2025-1,global
261544036,Unknown,2025-1,global
261541476,Unknown,2025-1,global
261541217,Unknown,2025-1,global
261542893,Unknown,2025-1,global
261541226,Unknown,2025-1,global
261542680,Unknown,2025-1,global
261541009,Unknown,2025-1,global
261539473,Unknown,2025-1,global
261541022,Unknown,2025-1,global
261541017,Unknown,2025-1,global
261543943,Unknown,2025-1,global
261542280,Unknown,2025-1,global
261541251,Unknown,2025-1,global
261543940,Unknown,2025-1,global
261542665,Unknown,2025-1,global
261541943,Unknown,2025-1,global
261542454,Unknown,2025-1,global
261541812,Unknown,2025-1,global
261543998,Unknown,2025-1,global
261541051,Unknown,2025-1,global
261542305,Unknown,2025-1,global
261540909,Unknown,2025-1,global
261543726,Unknown,2025-1,global
261543980,Unknown,2025-1,global
261540652,Unknown,2025-1,global
261544105,Unknown,2025-1,global
261542185,Unknown,2025-1,global
261541929,Unknown,2025-1,global
261542826,Unknown,2025-1,global
261542487,Unknown,2025-1,global
261541976,Unknown,2025-1,global
261542484,Unknown,2025-1,global
261542356,Unknown,2025-1,global
261541204,Unknown,2025-1,global
261542865,Unknown,2025-1,global
261542226,Unknown,2025-1,global
261540832,Unknown,2025-1,global
261542235,Unknown,2025-1,global
261544028,Unknown,2025-1,global
261542618,Unknown,2025-1,global
261541466,Unknown,2025-1,global
261541082,Unknown,2025-1,global
261542725,Unknown,2025-1,global
261542598,Unknown,2025-1,global
261542851,Unknown,2025-1,global
261542594,Unknown,2025-1,global
261541199,Unknown,2025-1,global
261542861,Unknown,2025-1,global
261543758,Unknown,2025-1,global
261542348,Unknown,2025-1,global
261552481,Unknown,2025-1,global
261710965,Unknown,2025-1,global
22693717,Unknown,2025-1,global
22693494,Unknown,2025-1,global
22693305,Unknown,2025-1,global
22725856,Unknown,2025-1,global
22683368,Unknown,2025-1,global
22710333,Unknown,2025-1,global
22705916,Unknown,2025-1,global
22713491,Unknown,2025-1,global
22693669,Unknown,2025-1,global
22696788,Unknown,2025-1,global
22697037,Unknown,2025-1,global
22694144,Unknown,2025-1,global
22693879,Unknown,2025-1,global
22693102,Unknown,2025-1,global
22692640,Unknown,2025-1,global
22680086,Unknown,2025-1,global
22727683,Unknown,2025-1,global
22694152,Unknown,2025-1,global
22680243,Unknown,2025-1,global
22692778,Unknown,2025-1,global
62015238,Unknown,2025-1,global
22697128,Unknown,2025-1,global
22693589,Unknown,2025-1,global
22693584,Unknown,2025-1,global
22692560,Unknown,2025-1,global
22693828,Unknown,2025-1,global
22735810,Unknown,2025-1,global
22693832,Unknown,2025-1,global
22692723,Unknown,2025-1,global
22697334,Unknown,2025-1,global
22692705,Unknown,2025-1,global
22693536,Unknown,2025-1,global
22694038,Unknown,2025-1,global
116856245,Unknown,2025-1,global
133135,Unknown,2025-1,global
271051712,Unknown,2025-1,global
