country,year,value,unit,sector,data_source
Albania,1976,0,USD (1),fis,FAO capture production and ex-vessel prices
Albania,1977,0,USD (1),fis,FAO capture production and ex-vessel prices
Albania,1978,0,USD (1),fis,FAO capture production and ex-vessel prices
Albania,1979,0,USD (1),fis,FAO capture production and ex-vessel prices
Albania,1980,0,USD (1),fis,FAO capture production and ex-vessel prices
Albania,1981,0,USD (1),fis,FAO capture production and ex-vessel prices
Albania,1982,0,USD (1),fis,FAO capture production and ex-vessel prices
Albania,1983,1269118.2269122028,USD (1),fis,FAO capture production and ex-vessel prices
Albania,1984,938609.7897359654,USD (1),fis,FAO capture production and ex-vessel prices
Albania,1985,2051924.587952969,USD (1),fis,FAO capture production and ex-vessel prices
Albania,1986,2279554.8752004867,USD (1),fis,FAO capture production and ex-vessel prices
Albania,1987,4061030.6971587283,USD (1),fis,FAO capture production and ex-vessel prices
Albania,1988,3751632.768262349,USD (1),fis,FAO capture production and ex-vessel prices
Albania,1989,2663379.783125848,USD (1),fis,FAO capture production and ex-vessel prices
Albania,1990,5139734.651565614,USD (1),fis,FAO capture production and ex-vessel prices
Albania,1991,1439117.4963365803,USD (1),fis,FAO capture production and ex-vessel prices
Albania,1992,1698024.2962779382,USD (1),fis,FAO capture production and ex-vessel prices
Albania,1993,1913415.8725825793,USD (1),fis,FAO capture production and ex-vessel prices
Albania,1994,1382368.719432642,USD (1),fis,FAO capture production and ex-vessel prices
Albania,1995,1741145.1969424568,USD (1),fis,FAO capture production and ex-vessel prices
Albania,1996,2016444.8816710871,USD (1),fis,FAO capture production and ex-vessel prices
Albania,1997,1103966.6048104013,USD (1),fis,FAO capture production and ex-vessel prices
Albania,1998,2520561.0163560663,USD (1),fis,FAO capture production and ex-vessel prices
Albania,1999,2039150.7860960201,USD (1),fis,FAO capture production and ex-vessel prices
Albania,2000,1820208.3479941397,USD (1),fis,FAO capture production and ex-vessel prices
Albania,2001,2411690.821731872,USD (1),fis,FAO capture production and ex-vessel prices
Albania,2002,3478237.0953264893,USD (1),fis,FAO capture production and ex-vessel prices
Albania,2003,2056176.2108798171,USD (1),fis,FAO capture production and ex-vessel prices
Albania,2004,3157649.6973735993,USD (1),fis,FAO capture production and ex-vessel prices
Albania,2005,2878347.223481629,USD (1),fis,FAO capture production and ex-vessel prices
Albania,2006,3611814.4359340533,USD (1),fis,FAO capture production and ex-vessel prices
Albania,2007,4113741.8737204117,USD (1),fis,FAO capture production and ex-vessel prices
Albania,2008,4430477.99389018,USD (1),fis,FAO capture production and ex-vessel prices
Albania,2009,5771026.3592045,USD (1),fis,FAO capture production and ex-vessel prices
Albania,2010,4623532.716783007,USD (1),fis,FAO capture production and ex-vessel prices
Albania,2011,4069148.035765973,USD (1),fis,FAO capture production and ex-vessel prices
Albania,2012,15207224.92155549,USD (1),fis,FAO capture production and ex-vessel prices
Albania,2013,14843909.914787985,USD (1),fis,FAO capture production and ex-vessel prices
Albania,2014,14273273.842811929,USD (1),fis,FAO capture production and ex-vessel prices
Albania,2015,13164569.202723341,USD (1),fis,FAO capture production and ex-vessel prices
Albania,2016,13924213.430985529,USD (1),fis,FAO capture production and ex-vessel prices
Albania,2017,12984600.601493994,USD (1),fis,FAO capture production and ex-vessel prices
Albania,2018,13815450.171549825,USD (1),fis,FAO capture production and ex-vessel prices
Albania,2019,13121241.748983586,USD (1),fis,FAO capture production and ex-vessel prices
Albania,2020,11532960.323334666,USD (1),fis,FAO capture production and ex-vessel prices
Albania,2021,14687462.0404907,USD (1),fis,FAO capture production and ex-vessel prices
Albania,2022,13178036.951712241,USD (1),fis,FAO capture production and ex-vessel prices
Albania,2023,12941163.323468572,USD (1),fis,FAO capture production and ex-vessel prices
Algeria,1976,10853614.627743442,USD (1),fis,FAO capture production and ex-vessel prices
Algeria,1977,14429679.124326063,USD (1),fis,FAO capture production and ex-vessel prices
Algeria,1978,14622053.517376263,USD (1),fis,FAO capture production and ex-vessel prices
Algeria,1979,16105319.493937362,USD (1),fis,FAO capture production and ex-vessel prices
Algeria,1980,23839434.762680024,USD (1),fis,FAO capture production and ex-vessel prices
Algeria,1981,29742604.903734017,USD (1),fis,FAO capture production and ex-vessel prices
Algeria,1982,30509763.826503627,USD (1),fis,FAO capture production and ex-vessel prices
Algeria,1983,27741622.972618,USD (1),fis,FAO capture production and ex-vessel prices
Algeria,1984,26770549.70785771,USD (1),fis,FAO capture production and ex-vessel prices
Algeria,1985,28623037.06751138,USD (1),fis,FAO capture production and ex-vessel prices
Algeria,1986,33534719.506835368,USD (1),fis,FAO capture production and ex-vessel prices
Algeria,1987,52810330.294071734,USD (1),fis,FAO capture production and ex-vessel prices
Algeria,1988,61784396.07402072,USD (1),fis,FAO capture production and ex-vessel prices
Algeria,1989,47450839.21647508,USD (1),fis,FAO capture production and ex-vessel prices
Algeria,1990,49231836.28001563,USD (1),fis,FAO capture production and ex-vessel prices
Algeria,1991,45427625.61543253,USD (1),fis,FAO capture production and ex-vessel prices
Algeria,1992,59078852.69328284,USD (1),fis,FAO capture production and ex-vessel prices
Algeria,1993,62951913.63926508,USD (1),fis,FAO capture production and ex-vessel prices
Algeria,1994,59891503.87913647,USD (1),fis,FAO capture production and ex-vessel prices
Algeria,1995,56276679.73920512,USD (1),fis,FAO capture production and ex-vessel prices
Algeria,1996,50738022.12024377,USD (1),fis,FAO capture production and ex-vessel prices
Algeria,1997,58907119.50686151,USD (1),fis,FAO capture production and ex-vessel prices
Algeria,1998,77292632.77548133,USD (1),fis,FAO capture production and ex-vessel prices
Algeria,1999,84702481.22344019,USD (1),fis,FAO capture production and ex-vessel prices
Algeria,2000,76057700.02383119,USD (1),fis,FAO capture production and ex-vessel prices
Algeria,2001,67972982.25246505,USD (1),fis,FAO capture production and ex-vessel prices
Algeria,2002,72453038.90738164,USD (1),fis,FAO capture production and ex-vessel prices
Algeria,2003,85062346.68137498,USD (1),fis,FAO capture production and ex-vessel prices
Algeria,2004,79072970.36817816,USD (1),fis,FAO capture production and ex-vessel prices
Algeria,2005,84396848.88428661,USD (1),fis,FAO capture production and ex-vessel prices
Algeria,2006,82570128.46618536,USD (1),fis,FAO capture production and ex-vessel prices
Algeria,2007,82599611.44609654,USD (1),fis,FAO capture production and ex-vessel prices
Algeria,2008,87755347.989374,USD (1),fis,FAO capture production and ex-vessel prices
Algeria,2009,83405260.15978819,USD (1),fis,FAO capture production and ex-vessel prices
Algeria,2010,62157711.425979614,USD (1),fis,FAO capture production and ex-vessel prices
Algeria,2011,82981801.37175907,USD (1),fis,FAO capture production and ex-vessel prices
Algeria,2012,99711564.52070743,USD (1),fis,FAO capture production and ex-vessel prices
Algeria,2013,95242941.3680682,USD (1),fis,FAO capture production and ex-vessel prices
Algeria,2014,81261949.75947252,USD (1),fis,FAO capture production and ex-vessel prices
Algeria,2015,72022947.38686076,USD (1),fis,FAO capture production and ex-vessel prices
Algeria,2016,69555817.01446144,USD (1),fis,FAO capture production and ex-vessel prices
Algeria,2017,85840103.29084054,USD (1),fis,FAO capture production and ex-vessel prices
Algeria,2018,91415380.60505077,USD (1),fis,FAO capture production and ex-vessel prices
Algeria,2019,88809215.70363824,USD (1),fis,FAO capture production and ex-vessel prices
Algeria,2020,63298588.83724039,USD (1),fis,FAO capture production and ex-vessel prices
Algeria,2021,66354791.51885809,USD (1),fis,FAO capture production and ex-vessel prices
Algeria,2022,79558645.17343502,USD (1),fis,FAO capture production and ex-vessel prices
Algeria,2023,75356435.24183741,USD (1),fis,FAO capture production and ex-vessel prices
American Samoa,1976,0,USD (1),fis,FAO capture production and ex-vessel prices
American Samoa,1977,0,USD (1),fis,FAO capture production and ex-vessel prices
American Samoa,1978,0,USD (1),fis,FAO capture production and ex-vessel prices
American Samoa,1979,0,USD (1),fis,FAO capture production and ex-vessel prices
American Samoa,1980,0,USD (1),fis,FAO capture production and ex-vessel prices
American Samoa,1981,0,USD (1),fis,FAO capture production and ex-vessel prices
American Samoa,1982,12265.676328099196,USD (1),fis,FAO capture production and ex-vessel prices
American Samoa,1983,44658.656755058546,USD (1),fis,FAO capture production and ex-vessel prices
American Samoa,1984,85123.59958156775,USD (1),fis,FAO capture production and ex-vessel prices
American Samoa,1985,34577.11970939311,USD (1),fis,FAO capture production and ex-vessel prices
American Samoa,1986,94119.67195314658,USD (1),fis,FAO capture production and ex-vessel prices
American Samoa,1987,85113.48783104746,USD (1),fis,FAO capture production and ex-vessel prices
American Samoa,1988,145966.85802004032,USD (1),fis,FAO capture production and ex-vessel prices
American Samoa,1989,105413.18959770171,USD (1),fis,FAO capture production and ex-vessel prices
American Samoa,1990,38081.5638457442,USD (1),fis,FAO capture production and ex-vessel prices
American Samoa,1991,33935.24953280806,USD (1),fis,FAO capture production and ex-vessel prices
American Samoa,1992,45155.623652032074,USD (1),fis,FAO capture production and ex-vessel prices
American Samoa,1993,29957.78721091952,USD (1),fis,FAO capture production and ex-vessel prices
American Samoa,1994,152359.90857425643,USD (1),fis,FAO capture production and ex-vessel prices
American Samoa,1995,231995.36924471537,USD (1),fis,FAO capture production and ex-vessel prices
American Samoa,1996,219865.01075877988,USD (1),fis,FAO capture production and ex-vessel prices
American Samoa,1997,514184.1663510839,USD (1),fis,FAO capture production and ex-vessel prices
American Samoa,1998,646534.6300654684,USD (1),fis,FAO capture production and ex-vessel prices
American Samoa,1999,546467.1864592839,USD (1),fis,FAO capture production and ex-vessel prices
American Samoa,2000,975355.6112752133,USD (1),fis,FAO capture production and ex-vessel prices
American Samoa,2001,4303116.95555457,USD (1),fis,FAO capture production and ex-vessel prices
American Samoa,2002,6780337.012787437,USD (1),fis,FAO capture production and ex-vessel prices
American Samoa,2003,5548519.120014849,USD (1),fis,FAO capture production and ex-vessel prices
American Samoa,2004,4668734.460166142,USD (1),fis,FAO capture production and ex-vessel prices
American Samoa,2005,4582462.553210793,USD (1),fis,FAO capture production and ex-vessel prices
American Samoa,2006,7049674.768946945,USD (1),fis,FAO capture production and ex-vessel prices
American Samoa,2007,7534897.64773071,USD (1),fis,FAO capture production and ex-vessel prices
American Samoa,2008,8310629.306372565,USD (1),fis,FAO capture production and ex-vessel prices
American Samoa,2009,10737896.024771096,USD (1),fis,FAO capture production and ex-vessel prices
American Samoa,2010,9910832.123037511,USD (1),fis,FAO capture production and ex-vessel prices
American Samoa,2011,3531140.3517124746,USD (1),fis,FAO capture production and ex-vessel prices
American Samoa,2012,4811545.302018988,USD (1),fis,FAO capture production and ex-vessel prices
American Samoa,2013,3267392.5379293654,USD (1),fis,FAO capture production and ex-vessel prices
American Samoa,2014,2738162.843018742,USD (1),fis,FAO capture production and ex-vessel prices
American Samoa,2015,1148065.340762468,USD (1),fis,FAO capture production and ex-vessel prices
American Samoa,2016,3220381.5369040933,USD (1),fis,FAO capture production and ex-vessel prices
American Samoa,2017,3555879.101965286,USD (1),fis,FAO capture production and ex-vessel prices
American Samoa,2018,3202062.7434809147,USD (1),fis,FAO capture production and ex-vessel prices
American Samoa,2019,2262728.2221035296,USD (1),fis,FAO capture production and ex-vessel prices
American Samoa,2020,1563143.729087912,USD (1),fis,FAO capture production and ex-vessel prices
American Samoa,2021,1943424.5242633123,USD (1),fis,FAO capture production and ex-vessel prices
American Samoa,2022,344232.4197293154,USD (1),fis,FAO capture production and ex-vessel prices
American Samoa,2023,600357.7007657419,USD (1),fis,FAO capture production and ex-vessel prices
Angola,1976,11327377.699325394,USD (1),fis,FAO capture production and ex-vessel prices
Angola,1977,25683281.11322661,USD (1),fis,FAO capture production and ex-vessel prices
Angola,1978,26639002.673472065,USD (1),fis,FAO capture production and ex-vessel prices
Angola,1979,29328553.93062621,USD (1),fis,FAO capture production and ex-vessel prices
Angola,1980,23498922.768082652,USD (1),fis,FAO capture production and ex-vessel prices
Angola,1981,30525558.620581202,USD (1),fis,FAO capture production and ex-vessel prices
Angola,1982,23687032.339886352,USD (1),fis,FAO capture production and ex-vessel prices
Angola,1983,18064917.452808,USD (1),fis,FAO capture production and ex-vessel prices
Angola,1984,7048284.657634965,USD (1),fis,FAO capture production and ex-vessel prices
Angola,1985,12422530.404677894,USD (1),fis,FAO capture production and ex-vessel prices
Angola,1986,13014777.046367802,USD (1),fis,FAO capture production and ex-vessel prices
Angola,1987,8657266.198607005,USD (1),fis,FAO capture production and ex-vessel prices
Angola,1988,21369864.56183794,USD (1),fis,FAO capture production and ex-vessel prices
Angola,1989,19826652.393127277,USD (1),fis,FAO capture production and ex-vessel prices
Angola,1990,18118367.236345474,USD (1),fis,FAO capture production and ex-vessel prices
Angola,1991,10665558.74472489,USD (1),fis,FAO capture production and ex-vessel prices
Angola,1992,6895415.118699905,USD (1),fis,FAO capture production and ex-vessel prices
Angola,1993,13261043.91946879,USD (1),fis,FAO capture production and ex-vessel prices
Angola,1994,20436297.31880208,USD (1),fis,FAO capture production and ex-vessel prices
Angola,1995,14730486.445942817,USD (1),fis,FAO capture production and ex-vessel prices
Angola,1996,14368166.684335705,USD (1),fis,FAO capture production and ex-vessel prices
Angola,1997,19238736.597424697,USD (1),fis,FAO capture production and ex-vessel prices
Angola,1998,30527504.34262575,USD (1),fis,FAO capture production and ex-vessel prices
Angola,1999,31553484.72601281,USD (1),fis,FAO capture production and ex-vessel prices
Angola,2000,32460789.665342394,USD (1),fis,FAO capture production and ex-vessel prices
Angola,2001,42497134.040404946,USD (1),fis,FAO capture production and ex-vessel prices
Angola,2002,51175697.446744956,USD (1),fis,FAO capture production and ex-vessel prices
Angola,2003,64374192.38326861,USD (1),fis,FAO capture production and ex-vessel prices
Angola,2004,98794866.2047767,USD (1),fis,FAO capture production and ex-vessel prices
Angola,2005,87105740.05839384,USD (1),fis,FAO capture production and ex-vessel prices
Angola,2006,95366135.39146745,USD (1),fis,FAO capture production and ex-vessel prices
Angola,2007,131847359.90070212,USD (1),fis,FAO capture production and ex-vessel prices
Angola,2008,105657397.05367821,USD (1),fis,FAO capture production and ex-vessel prices
Angola,2009,97382275.00857343,USD (1),fis,FAO capture production and ex-vessel prices
Angola,2010,117576652.61198774,USD (1),fis,FAO capture production and ex-vessel prices
Angola,2011,134707986.2712359,USD (1),fis,FAO capture production and ex-vessel prices
Angola,2012,137657553.3197869,USD (1),fis,FAO capture production and ex-vessel prices
Angola,2013,140304795.83068547,USD (1),fis,FAO capture production and ex-vessel prices
Angola,2014,182006779.71383572,USD (1),fis,FAO capture production and ex-vessel prices
Angola,2015,186815301.2055015,USD (1),fis,FAO capture production and ex-vessel prices
Angola,2016,223268719.53140825,USD (1),fis,FAO capture production and ex-vessel prices
Angola,2017,295459108.776085,USD (1),fis,FAO capture production and ex-vessel prices
Angola,2018,225346034.54832324,USD (1),fis,FAO capture production and ex-vessel prices
Angola,2019,262334121.01363218,USD (1),fis,FAO capture production and ex-vessel prices
Angola,2020,274060050.9371219,USD (1),fis,FAO capture production and ex-vessel prices
Angola,2021,431214925.61458814,USD (1),fis,FAO capture production and ex-vessel prices
Angola,2022,399666103.3585387,USD (1),fis,FAO capture production and ex-vessel prices
Angola,2023,446768648.78640074,USD (1),fis,FAO capture production and ex-vessel prices
Anguilla,1976,177493.17431245514,USD (1),fis,FAO capture production and ex-vessel prices
Anguilla,1977,322460.42329834553,USD (1),fis,FAO capture production and ex-vessel prices
Anguilla,1978,308002.2806110636,USD (1),fis,FAO capture production and ex-vessel prices
Anguilla,1979,543349.3442152797,USD (1),fis,FAO capture production and ex-vessel prices
Anguilla,1980,729690.689728959,USD (1),fis,FAO capture production and ex-vessel prices
Anguilla,1981,802161.8721236375,USD (1),fis,FAO capture production and ex-vessel prices
Anguilla,1982,784064.7935596673,USD (1),fis,FAO capture production and ex-vessel prices
Anguilla,1983,879530.6602108373,USD (1),fis,FAO capture production and ex-vessel prices
Anguilla,1984,855878.6677503444,USD (1),fis,FAO capture production and ex-vessel prices
Anguilla,1985,885627.870128299,USD (1),fis,FAO capture production and ex-vessel prices
Anguilla,1986,1248334.4990629626,USD (1),fis,FAO capture production and ex-vessel prices
Anguilla,1987,1530296.772945032,USD (1),fis,FAO capture production and ex-vessel prices
Anguilla,1988,1353628.828186517,USD (1),fis,FAO capture production and ex-vessel prices
Anguilla,1989,1022669.9671271894,USD (1),fis,FAO capture production and ex-vessel prices
Anguilla,1990,1110632.2303689485,USD (1),fis,FAO capture production and ex-vessel prices
Anguilla,1991,576817.2091119167,USD (1),fis,FAO capture production and ex-vessel prices
Anguilla,1992,1159289.0102729632,USD (1),fis,FAO capture production and ex-vessel prices
Anguilla,1993,967506.5948258898,USD (1),fis,FAO capture production and ex-vessel prices
Anguilla,1994,1284693.3300381755,USD (1),fis,FAO capture production and ex-vessel prices
Anguilla,1995,1464551.405690313,USD (1),fis,FAO capture production and ex-vessel prices
Anguilla,1996,1438785.9126508539,USD (1),fis,FAO capture production and ex-vessel prices
Anguilla,1997,2080052.3287291387,USD (1),fis,FAO capture production and ex-vessel prices
Anguilla,1998,2169782.557385309,USD (1),fis,FAO capture production and ex-vessel prices
Anguilla,1999,3452131.5161996624,USD (1),fis,FAO capture production and ex-vessel prices
Anguilla,2000,2781248.729425254,USD (1),fis,FAO capture production and ex-vessel prices
Anguilla,2001,3349497.5376412435,USD (1),fis,FAO capture production and ex-vessel prices
Anguilla,2002,3766835.4938092004,USD (1),fis,FAO capture production and ex-vessel prices
Anguilla,2003,3406694.7775022746,USD (1),fis,FAO capture production and ex-vessel prices
Anguilla,2004,3495614.4694315046,USD (1),fis,FAO capture production and ex-vessel prices
Anguilla,2005,3792825.234851947,USD (1),fis,FAO capture production and ex-vessel prices
Anguilla,2006,4270532.156807699,USD (1),fis,FAO capture production and ex-vessel prices
Anguilla,2007,4215938.955605039,USD (1),fis,FAO capture production and ex-vessel prices
Anguilla,2008,3909121.8455514987,USD (1),fis,FAO capture production and ex-vessel prices
Anguilla,2009,1673166.4455072857,USD (1),fis,FAO capture production and ex-vessel prices
Anguilla,2010,1557027.9998031515,USD (1),fis,FAO capture production and ex-vessel prices
Anguilla,2011,2366375.738427239,USD (1),fis,FAO capture production and ex-vessel prices
Anguilla,2012,2839737.4382939423,USD (1),fis,FAO capture production and ex-vessel prices
Anguilla,2013,2518032.569957263,USD (1),fis,FAO capture production and ex-vessel prices
Anguilla,2014,2564848.630586026,USD (1),fis,FAO capture production and ex-vessel prices
Anguilla,2015,3552814.008339933,USD (1),fis,FAO capture production and ex-vessel prices
Anguilla,2016,5271938.399986693,USD (1),fis,FAO capture production and ex-vessel prices
Anguilla,2017,3537700.6394723207,USD (1),fis,FAO capture production and ex-vessel prices
Anguilla,2018,3445729.978656753,USD (1),fis,FAO capture production and ex-vessel prices
Anguilla,2019,4055809.360866521,USD (1),fis,FAO capture production and ex-vessel prices
Anguilla,2020,420773.2590156802,USD (1),fis,FAO capture production and ex-vessel prices
Anguilla,2021,501082.1025226894,USD (1),fis,FAO capture production and ex-vessel prices
Anguilla,2022,700053.5761477493,USD (1),fis,FAO capture production and ex-vessel prices
Anguilla,2023,717404.0168311932,USD (1),fis,FAO capture production and ex-vessel prices
Antigua and Barbuda,1976,482781.43412987795,USD (1),fis,FAO capture production and ex-vessel prices
Antigua and Barbuda,1977,806151.0582458638,USD (1),fis,FAO capture production and ex-vessel prices
Antigua and Barbuda,1978,528003.9096189662,USD (1),fis,FAO capture production and ex-vessel prices
Antigua and Barbuda,1979,783975.4823677606,USD (1),fis,FAO capture production and ex-vessel prices
Antigua and Barbuda,1980,518891.1571405931,USD (1),fis,FAO capture production and ex-vessel prices
Antigua and Barbuda,1981,454558.3942033946,USD (1),fis,FAO capture production and ex-vessel prices
Antigua and Barbuda,1982,383320.5657402818,USD (1),fis,FAO capture production and ex-vessel prices
Antigua and Barbuda,1983,439765.33010541863,USD (1),fis,FAO capture production and ex-vessel prices
Antigua and Barbuda,1984,1198230.134850482,USD (1),fis,FAO capture production and ex-vessel prices
Antigua and Barbuda,1985,1036184.6080501098,USD (1),fis,FAO capture production and ex-vessel prices
Antigua and Barbuda,1986,1033104.4130176243,USD (1),fis,FAO capture production and ex-vessel prices
Antigua and Barbuda,1987,1687827.3231011382,USD (1),fis,FAO capture production and ex-vessel prices
Antigua and Barbuda,1988,1279019.3652156068,USD (1),fis,FAO capture production and ex-vessel prices
Antigua and Barbuda,1989,866669.4636671096,USD (1),fis,FAO capture production and ex-vessel prices
Antigua and Barbuda,1990,988360.7921631926,USD (1),fis,FAO capture production and ex-vessel prices
Antigua and Barbuda,1991,1942343.6633360463,USD (1),fis,FAO capture production and ex-vessel prices
Antigua and Barbuda,1992,2246869.421972341,USD (1),fis,FAO capture production and ex-vessel prices
Antigua and Barbuda,1993,1290008.7931011864,USD (1),fis,FAO capture production and ex-vessel prices
Antigua and Barbuda,1994,1998411.8467260506,USD (1),fis,FAO capture production and ex-vessel prices
Antigua and Barbuda,1995,2182181.594478566,USD (1),fis,FAO capture production and ex-vessel prices
Antigua and Barbuda,1996,1634983.9916486975,USD (1),fis,FAO capture production and ex-vessel prices
Antigua and Barbuda,1997,2773403.104972185,USD (1),fis,FAO capture production and ex-vessel prices
Antigua and Barbuda,1998,5958556.715281196,USD (1),fis,FAO capture production and ex-vessel prices
Antigua and Barbuda,1999,6756314.538847911,USD (1),fis,FAO capture production and ex-vessel prices
Antigua and Barbuda,2000,5098956.003946299,USD (1),fis,FAO capture production and ex-vessel prices
Antigua and Barbuda,2001,5699348.973978687,USD (1),fis,FAO capture production and ex-vessel prices
Antigua and Barbuda,2002,6128582.227568337,USD (1),fis,FAO capture production and ex-vessel prices
Antigua and Barbuda,2003,4607292.696801036,USD (1),fis,FAO capture production and ex-vessel prices
Antigua and Barbuda,2004,4520907.020707521,USD (1),fis,FAO capture production and ex-vessel prices
Antigua and Barbuda,2005,5882922.676554283,USD (1),fis,FAO capture production and ex-vessel prices
Antigua and Barbuda,2006,6482758.263113211,USD (1),fis,FAO capture production and ex-vessel prices
Antigua and Barbuda,2007,6111403.880698069,USD (1),fis,FAO capture production and ex-vessel prices
Antigua and Barbuda,2008,2900878.773073663,USD (1),fis,FAO capture production and ex-vessel prices
Antigua and Barbuda,2009,1330898.141750435,USD (1),fis,FAO capture production and ex-vessel prices
Antigua and Barbuda,2010,2376723.1315477635,USD (1),fis,FAO capture production and ex-vessel prices
Antigua and Barbuda,2011,4253185.376490823,USD (1),fis,FAO capture production and ex-vessel prices
Antigua and Barbuda,2012,3129047.644249746,USD (1),fis,FAO capture production and ex-vessel prices
Antigua and Barbuda,2013,1929744.8968434164,USD (1),fis,FAO capture production and ex-vessel prices
Antigua and Barbuda,2014,3383763.3308286793,USD (1),fis,FAO capture production and ex-vessel prices
Antigua and Barbuda,2015,4846180.286015473,USD (1),fis,FAO capture production and ex-vessel prices
Antigua and Barbuda,2016,5109211.476656478,USD (1),fis,FAO capture production and ex-vessel prices
Antigua and Barbuda,2017,4898833.291998314,USD (1),fis,FAO capture production and ex-vessel prices
Antigua and Barbuda,2018,4751900.312707199,USD (1),fis,FAO capture production and ex-vessel prices
Antigua and Barbuda,2019,5590615.879848478,USD (1),fis,FAO capture production and ex-vessel prices
Antigua and Barbuda,2020,5849965.075458026,USD (1),fis,FAO capture production and ex-vessel prices
Antigua and Barbuda,2021,7113105.662920566,USD (1),fis,FAO capture production and ex-vessel prices
Antigua and Barbuda,2022,6763001.359435338,USD (1),fis,FAO capture production and ex-vessel prices
Antigua and Barbuda,2023,5933801.93530689,USD (1),fis,FAO capture production and ex-vessel prices
Argentina,1976,67438928.12947875,USD (1),fis,FAO capture production and ex-vessel prices
Argentina,1977,122275848.65545866,USD (1),fis,FAO capture production and ex-vessel prices
Argentina,1978,184687419.52579644,USD (1),fis,FAO capture production and ex-vessel prices
Argentina,1979,217107979.01485273,USD (1),fis,FAO capture production and ex-vessel prices
Argentina,1980,203255297.03454018,USD (1),fis,FAO capture production and ex-vessel prices
Argentina,1981,212800561.2082154,USD (1),fis,FAO capture production and ex-vessel prices
Argentina,1982,257073135.10936055,USD (1),fis,FAO capture production and ex-vessel prices
Argentina,1983,171391574.69529516,USD (1),fis,FAO capture production and ex-vessel prices
Argentina,1984,103175232.30680417,USD (1),fis,FAO capture production and ex-vessel prices
Argentina,1985,130325337.62208253,USD (1),fis,FAO capture production and ex-vessel prices
Argentina,1986,179004031.07482854,USD (1),fis,FAO capture production and ex-vessel prices
Argentina,1987,217288456.87145647,USD (1),fis,FAO capture production and ex-vessel prices
Argentina,1988,279582922.2497295,USD (1),fis,FAO capture production and ex-vessel prices
Argentina,1989,293290339.6048419,USD (1),fis,FAO capture production and ex-vessel prices
Argentina,1990,300480254.84277284,USD (1),fis,FAO capture production and ex-vessel prices
Argentina,1991,366871376.16804785,USD (1),fis,FAO capture production and ex-vessel prices
Argentina,1992,468645735.2776422,USD (1),fis,FAO capture production and ex-vessel prices
Argentina,1993,615583536.7655233,USD (1),fis,FAO capture production and ex-vessel prices
Argentina,1994,673392642.1204699,USD (1),fis,FAO capture production and ex-vessel prices
Argentina,1995,812188543.4410266,USD (1),fis,FAO capture production and ex-vessel prices
Argentina,1996,906331176.0465662,USD (1),fis,FAO capture production and ex-vessel prices
Argentina,1997,1096973467.6326928,USD (1),fis,FAO capture production and ex-vessel prices
Argentina,1998,879707359.8958162,USD (1),fis,FAO capture production and ex-vessel prices
Argentina,1999,901346266.9746752,USD (1),fis,FAO capture production and ex-vessel prices
Argentina,2000,809408251.3432028,USD (1),fis,FAO capture production and ex-vessel prices
Argentina,2001,768904038.52038455,USD (1),fis,FAO capture production and ex-vessel prices
Argentina,2002,725973051.2205931,USD (1),fis,FAO capture production and ex-vessel prices
Argentina,2003,734316663.8584657,USD (1),fis,FAO capture production and ex-vessel prices
Argentina,2004,718491307.7329303,USD (1),fis,FAO capture production and ex-vessel prices
Argentina,2005,799731048.2970784,USD (1),fis,FAO capture production and ex-vessel prices
Argentina,2006,1196504602.4599094,USD (1),fis,FAO capture production and ex-vessel prices
Argentina,2007,1199824533.4899592,USD (1),fis,FAO capture production and ex-vessel prices
Argentina,2008,1293828783.4656413,USD (1),fis,FAO capture production and ex-vessel prices
Argentina,2009,1167964362.8568008,USD (1),fis,FAO capture production and ex-vessel prices
Argentina,2010,1199191152.8592536,USD (1),fis,FAO capture production and ex-vessel prices
Argentina,2011,1329438673.6075656,USD (1),fis,FAO capture production and ex-vessel prices
Argentina,2012,1255634636.431314,USD (1),fis,FAO capture production and ex-vessel prices
Argentina,2013,1413290991.1287649,USD (1),fis,FAO capture production and ex-vessel prices
Argentina,2014,1405538327.009694,USD (1),fis,FAO capture production and ex-vessel prices
Argentina,2015,1311658491.910703,USD (1),fis,FAO capture production and ex-vessel prices
Argentina,2016,1202941153.3956552,USD (1),fis,FAO capture production and ex-vessel prices
Argentina,2017,1305689500.052241,USD (1),fis,FAO capture production and ex-vessel prices
Argentina,2018,1400077782.000489,USD (1),fis,FAO capture production and ex-vessel prices
Argentina,2019,1297274865.6480868,USD (1),fis,FAO capture production and ex-vessel prices
Argentina,2020,1385927492.4685185,USD (1),fis,FAO capture production and ex-vessel prices
Argentina,2021,1494997313.0177097,USD (1),fis,FAO capture production and ex-vessel prices
Argentina,2022,1596365901.6382089,USD (1),fis,FAO capture production and ex-vessel prices
Argentina,2023,1564605885.294621,USD (1),fis,FAO capture production and ex-vessel prices
Aruba,1976,27787.250661686878,USD (1),fis,FAO capture production and ex-vessel prices
Aruba,1977,33190.5534053338,USD (1),fis,FAO capture production and ex-vessel prices
Aruba,1978,38698.78326131803,USD (1),fis,FAO capture production and ex-vessel prices
Aruba,1979,66456.47049855997,USD (1),fis,FAO capture production and ex-vessel prices
Aruba,1980,69947.35591054539,USD (1),fis,FAO capture production and ex-vessel prices
Aruba,1981,66432.41511383478,USD (1),fis,FAO capture production and ex-vessel prices
Aruba,1982,50888.49666756449,USD (1),fis,FAO capture production and ex-vessel prices
Aruba,1983,67350.13406839801,USD (1),fis,FAO capture production and ex-vessel prices
Aruba,1984,63964.30714853933,USD (1),fis,FAO capture production and ex-vessel prices
Aruba,1985,73830.28783525992,USD (1),fis,FAO capture production and ex-vessel prices
Aruba,1986,93182.89808472464,USD (1),fis,FAO capture production and ex-vessel prices
Aruba,1987,63942.55667442951,USD (1),fis,FAO capture production and ex-vessel prices
Aruba,1988,240463.07633372527,USD (1),fis,FAO capture production and ex-vessel prices
Aruba,1989,212123.21349660115,USD (1),fis,FAO capture production and ex-vessel prices
Aruba,1990,187046.54115527493,USD (1),fis,FAO capture production and ex-vessel prices
Aruba,1991,149652.10977419815,USD (1),fis,FAO capture production and ex-vessel prices
Aruba,1992,129856.91966888108,USD (1),fis,FAO capture production and ex-vessel prices
Aruba,1993,173213.11844161365,USD (1),fis,FAO capture production and ex-vessel prices
Aruba,1994,303096.4639636294,USD (1),fis,FAO capture production and ex-vessel prices
Aruba,1995,117848.41617908228,USD (1),fis,FAO capture production and ex-vessel prices
Aruba,1996,107439.11281428009,USD (1),fis,FAO capture production and ex-vessel prices
Aruba,1997,112788.35605628039,USD (1),fis,FAO capture production and ex-vessel prices
Aruba,1998,137475.14569727352,USD (1),fis,FAO capture production and ex-vessel prices
Aruba,1999,90970.85147925772,USD (1),fis,FAO capture production and ex-vessel prices
Aruba,2000,86792.41901975898,USD (1),fis,FAO capture production and ex-vessel prices
Aruba,2001,82757.58799999829,USD (1),fis,FAO capture production and ex-vessel prices
Aruba,2002,99487.85072001074,USD (1),fis,FAO capture production and ex-vessel prices
Aruba,2003,112876.38147633994,USD (1),fis,FAO capture production and ex-vessel prices
Aruba,2004,103840.51734831255,USD (1),fis,FAO capture production and ex-vessel prices
Aruba,2005,101648.1243959905,USD (1),fis,FAO capture production and ex-vessel prices
Aruba,2006,106768.183511711,USD (1),fis,FAO capture production and ex-vessel prices
Aruba,2007,103363.98067672392,USD (1),fis,FAO capture production and ex-vessel prices
Aruba,2008,183710.72681753998,USD (1),fis,FAO capture production and ex-vessel prices
Aruba,2009,181644.44219867943,USD (1),fis,FAO capture production and ex-vessel prices
Aruba,2010,161660.48689270354,USD (1),fis,FAO capture production and ex-vessel prices
Aruba,2011,75955.41737860377,USD (1),fis,FAO capture production and ex-vessel prices
Aruba,2012,76704.95930223937,USD (1),fis,FAO capture production and ex-vessel prices
Aruba,2013,118351.71653954392,USD (1),fis,FAO capture production and ex-vessel prices
Aruba,2014,105919.50099870798,USD (1),fis,FAO capture production and ex-vessel prices
Aruba,2015,97426.99280997223,USD (1),fis,FAO capture production and ex-vessel prices
Aruba,2016,110515.8577859149,USD (1),fis,FAO capture production and ex-vessel prices
Aruba,2017,103353.75388080077,USD (1),fis,FAO capture production and ex-vessel prices
Aruba,2018,97929.16032261006,USD (1),fis,FAO capture production and ex-vessel prices
Aruba,2019,101001.13950571463,USD (1),fis,FAO capture production and ex-vessel prices
Aruba,2020,112099.91436220633,USD (1),fis,FAO capture production and ex-vessel prices
Aruba,2021,118829.79058368651,USD (1),fis,FAO capture production and ex-vessel prices
Aruba,2022,120163.58287433423,USD (1),fis,FAO capture production and ex-vessel prices
Aruba,2023,150860.099541916,USD (1),fis,FAO capture production and ex-vessel prices
"Ascension, Saint Helena and Tristan da Cunha",1976,5222745.21476981,USD (1),fis,FAO capture production and ex-vessel prices
"Ascension, Saint Helena and Tristan da Cunha",1977,4535363.03004556,USD (1),fis,FAO capture production and ex-vessel prices
"Ascension, Saint Helena and Tristan da Cunha",1978,4186009.278390137,USD (1),fis,FAO capture production and ex-vessel prices
"Ascension, Saint Helena and Tristan da Cunha",1979,3418441.7231457415,USD (1),fis,FAO capture production and ex-vessel prices
"Ascension, Saint Helena and Tristan da Cunha",1980,3775887.17867996,USD (1),fis,FAO capture production and ex-vessel prices
"Ascension, Saint Helena and Tristan da Cunha",1981,3822265.5742293494,USD (1),fis,FAO capture production and ex-vessel prices
"Ascension, Saint Helena and Tristan da Cunha",1982,4728298.616780878,USD (1),fis,FAO capture production and ex-vessel prices
"Ascension, Saint Helena and Tristan da Cunha",1983,3610376.1838239175,USD (1),fis,FAO capture production and ex-vessel prices
"Ascension, Saint Helena and Tristan da Cunha",1984,3829926.090849844,USD (1),fis,FAO capture production and ex-vessel prices
"Ascension, Saint Helena and Tristan da Cunha",1985,4109794.9013337367,USD (1),fis,FAO capture production and ex-vessel prices
"Ascension, Saint Helena and Tristan da Cunha",1986,3809519.597888083,USD (1),fis,FAO capture production and ex-vessel prices
"Ascension, Saint Helena and Tristan da Cunha",1987,5358433.317215142,USD (1),fis,FAO capture production and ex-vessel prices
"Ascension, Saint Helena and Tristan da Cunha",1988,6502222.014022269,USD (1),fis,FAO capture production and ex-vessel prices
"Ascension, Saint Helena and Tristan da Cunha",1989,5343654.028925211,USD (1),fis,FAO capture production and ex-vessel prices
"Ascension, Saint Helena and Tristan da Cunha",1990,6028333.279479384,USD (1),fis,FAO capture production and ex-vessel prices
"Ascension, Saint Helena and Tristan da Cunha",1991,5970016.876120029,USD (1),fis,FAO capture production and ex-vessel prices
"Ascension, Saint Helena and Tristan da Cunha",1992,5139933.509440282,USD (1),fis,FAO capture production and ex-vessel prices
"Ascension, Saint Helena and Tristan da Cunha",1993,4552158.943868777,USD (1),fis,FAO capture production and ex-vessel prices
"Ascension, Saint Helena and Tristan da Cunha",1994,5244453.382027026,USD (1),fis,FAO capture production and ex-vessel prices
"Ascension, Saint Helena and Tristan da Cunha",1995,5478256.826843141,USD (1),fis,FAO capture production and ex-vessel prices
"Ascension, Saint Helena and Tristan da Cunha",1996,5089858.577685616,USD (1),fis,FAO capture production and ex-vessel prices
"Ascension, Saint Helena and Tristan da Cunha",1997,5652620.371188518,USD (1),fis,FAO capture production and ex-vessel prices
"Ascension, Saint Helena and Tristan da Cunha",1998,5511618.281727695,USD (1),fis,FAO capture production and ex-vessel prices
"Ascension, Saint Helena and Tristan da Cunha",1999,4511743.532308622,USD (1),fis,FAO capture production and ex-vessel prices
"Ascension, Saint Helena and Tristan da Cunha",2000,5014648.58868962,USD (1),fis,FAO capture production and ex-vessel prices
"Ascension, Saint Helena and Tristan da Cunha",2001,7016011.062693092,USD (1),fis,FAO capture production and ex-vessel prices
"Ascension, Saint Helena and Tristan da Cunha",2002,5259459.4967964655,USD (1),fis,FAO capture production and ex-vessel prices
"Ascension, Saint Helena and Tristan da Cunha",2003,8075408.476303805,USD (1),fis,FAO capture production and ex-vessel prices
"Ascension, Saint Helena and Tristan da Cunha",2004,5707240.30854394,USD (1),fis,FAO capture production and ex-vessel prices
"Ascension, Saint Helena and Tristan da Cunha",2005,6196661.409247528,USD (1),fis,FAO capture production and ex-vessel prices
"Ascension, Saint Helena and Tristan da Cunha",2006,8317282.853598587,USD (1),fis,FAO capture production and ex-vessel prices
"Ascension, Saint Helena and Tristan da Cunha",2007,6622084.952072605,USD (1),fis,FAO capture production and ex-vessel prices
"Ascension, Saint Helena and Tristan da Cunha",2008,6950213.347675039,USD (1),fis,FAO capture production and ex-vessel prices
"Ascension, Saint Helena and Tristan da Cunha",2009,7373092.866584036,USD (1),fis,FAO capture production and ex-vessel prices
"Ascension, Saint Helena and Tristan da Cunha",2010,9211889.905419065,USD (1),fis,FAO capture production and ex-vessel prices
"Ascension, Saint Helena and Tristan da Cunha",2011,9756256.139497591,USD (1),fis,FAO capture production and ex-vessel prices
"Ascension, Saint Helena and Tristan da Cunha",2012,5625871.802139689,USD (1),fis,FAO capture production and ex-vessel prices
"Ascension, Saint Helena and Tristan da Cunha",2013,8569897.206141666,USD (1),fis,FAO capture production and ex-vessel prices
"Ascension, Saint Helena and Tristan da Cunha",2014,13429796.998895658,USD (1),fis,FAO capture production and ex-vessel prices
"Ascension, Saint Helena and Tristan da Cunha",2015,10845852.692963846,USD (1),fis,FAO capture production and ex-vessel prices
"Ascension, Saint Helena and Tristan da Cunha",2016,14007191.02986173,USD (1),fis,FAO capture production and ex-vessel prices
"Ascension, Saint Helena and Tristan da Cunha",2017,11847184.140683286,USD (1),fis,FAO capture production and ex-vessel prices
"Ascension, Saint Helena and Tristan da Cunha",2018,13241179.720980218,USD (1),fis,FAO capture production and ex-vessel prices
"Ascension, Saint Helena and Tristan da Cunha",2019,12304239.739680892,USD (1),fis,FAO capture production and ex-vessel prices
"Ascension, Saint Helena and Tristan da Cunha",2020,3480516.9858121593,USD (1),fis,FAO capture production and ex-vessel prices
"Ascension, Saint Helena and Tristan da Cunha",2021,3051041.996787152,USD (1),fis,FAO capture production and ex-vessel prices
"Ascension, Saint Helena and Tristan da Cunha",2022,2932831.0241989195,USD (1),fis,FAO capture production and ex-vessel prices
"Ascension, Saint Helena and Tristan da Cunha",2023,2831829.3895031684,USD (1),fis,FAO capture production and ex-vessel prices
Australia,1976,105035961.15036136,USD (1),fis,FAO capture production and ex-vessel prices
Australia,1977,138280856.32290995,USD (1),fis,FAO capture production and ex-vessel prices
Australia,1978,94617386.57997544,USD (1),fis,FAO capture production and ex-vessel prices
Australia,1979,183157762.93877825,USD (1),fis,FAO capture production and ex-vessel prices
Australia,1980,189927362.64595085,USD (1),fis,FAO capture production and ex-vessel prices
Australia,1981,212634486.39935338,USD (1),fis,FAO capture production and ex-vessel prices
Australia,1982,225083035.30761936,USD (1),fis,FAO capture production and ex-vessel prices
Australia,1983,238553887.25742045,USD (1),fis,FAO capture production and ex-vessel prices
Australia,1984,241413690.72286192,USD (1),fis,FAO capture production and ex-vessel prices
Australia,1985,240810826.051378,USD (1),fis,FAO capture production and ex-vessel prices
Australia,1986,265033673.9880003,USD (1),fis,FAO capture production and ex-vessel prices
Australia,1987,250790863.4752886,USD (1),fis,FAO capture production and ex-vessel prices
Australia,1988,319204460.2840221,USD (1),fis,FAO capture production and ex-vessel prices
Australia,1989,295230686.6164672,USD (1),fis,FAO capture production and ex-vessel prices
Australia,1990,315952946.0862947,USD (1),fis,FAO capture production and ex-vessel prices
Australia,1991,385505661.0269149,USD (1),fis,FAO capture production and ex-vessel prices
Australia,1992,414423491.89689606,USD (1),fis,FAO capture production and ex-vessel prices
Australia,1993,363455955.04267704,USD (1),fis,FAO capture production and ex-vessel prices
Australia,1994,466619175.2445941,USD (1),fis,FAO capture production and ex-vessel prices
Australia,1995,465137615.713831,USD (1),fis,FAO capture production and ex-vessel prices
Australia,1996,394731942.7290605,USD (1),fis,FAO capture production and ex-vessel prices
Australia,1997,450890681.54433316,USD (1),fis,FAO capture production and ex-vessel prices
Australia,1998,418261914.42731446,USD (1),fis,FAO capture production and ex-vessel prices
Australia,1999,575916330.7684603,USD (1),fis,FAO capture production and ex-vessel prices
Australia,2000,513818747.83398175,USD (1),fis,FAO capture production and ex-vessel prices
Australia,2001,507317637.83586407,USD (1),fis,FAO capture production and ex-vessel prices
Australia,2002,475504023.0007214,USD (1),fis,FAO capture production and ex-vessel prices
Australia,2003,478043875.51736844,USD (1),fis,FAO capture production and ex-vessel prices
Australia,2004,504563894.1056325,USD (1),fis,FAO capture production and ex-vessel prices
Australia,2005,476416521.44678813,USD (1),fis,FAO capture production and ex-vessel prices
Australia,2006,458532798.94880986,USD (1),fis,FAO capture production and ex-vessel prices
Australia,2007,399356136.4645685,USD (1),fis,FAO capture production and ex-vessel prices
Australia,2008,389813049.26580864,USD (1),fis,FAO capture production and ex-vessel prices
Australia,2009,355064599.0951939,USD (1),fis,FAO capture production and ex-vessel prices
Australia,2010,338295232.93269914,USD (1),fis,FAO capture production and ex-vessel prices
Australia,2011,384098705.44437027,USD (1),fis,FAO capture production and ex-vessel prices
Australia,2012,331145903.5362536,USD (1),fis,FAO capture production and ex-vessel prices
Australia,2013,333861975.72321326,USD (1),fis,FAO capture production and ex-vessel prices
Australia,2014,394144651.11601603,USD (1),fis,FAO capture production and ex-vessel prices
Australia,2015,404131270.2763607,USD (1),fis,FAO capture production and ex-vessel prices
Australia,2016,381243051.42491144,USD (1),fis,FAO capture production and ex-vessel prices
Australia,2017,439259093.7476563,USD (1),fis,FAO capture production and ex-vessel prices
Australia,2018,384915284.2214999,USD (1),fis,FAO capture production and ex-vessel prices
Australia,2019,414566389.7979842,USD (1),fis,FAO capture production and ex-vessel prices
Australia,2020,324163494.10409546,USD (1),fis,FAO capture production and ex-vessel prices
Australia,2021,454987911.2291428,USD (1),fis,FAO capture production and ex-vessel prices
Australia,2022,459728799.486151,USD (1),fis,FAO capture production and ex-vessel prices
Australia,2023,452978471.87180215,USD (1),fis,FAO capture production and ex-vessel prices
Bahamas,1976,6340056.186440897,USD (1),fis,FAO capture production and ex-vessel prices
Bahamas,1977,12000134.324174143,USD (1),fis,FAO capture production and ex-vessel prices
Bahamas,1978,10907680.76621181,USD (1),fis,FAO capture production and ex-vessel prices
Bahamas,1979,21384677.76161565,USD (1),fis,FAO capture production and ex-vessel prices
Bahamas,1980,23463609.511951193,USD (1),fis,FAO capture production and ex-vessel prices
Bahamas,1981,18280377.77472867,USD (1),fis,FAO capture production and ex-vessel prices
Bahamas,1982,21457239.85041623,USD (1),fis,FAO capture production and ex-vessel prices
Bahamas,1983,24697220.93872031,USD (1),fis,FAO capture production and ex-vessel prices
Bahamas,1984,29579166.7574519,USD (1),fis,FAO capture production and ex-vessel prices
Bahamas,1985,48824664.480173126,USD (1),fis,FAO capture production and ex-vessel prices
Bahamas,1986,30760683.89759976,USD (1),fis,FAO capture production and ex-vessel prices
Bahamas,1987,51658768.26904884,USD (1),fis,FAO capture production and ex-vessel prices
Bahamas,1988,54049226.67506952,USD (1),fis,FAO capture production and ex-vessel prices
Bahamas,1989,53681506.579540774,USD (1),fis,FAO capture production and ex-vessel prices
Bahamas,1990,59179376.09158581,USD (1),fis,FAO capture production and ex-vessel prices
Bahamas,1991,89067314.78893943,USD (1),fis,FAO capture production and ex-vessel prices
Bahamas,1992,97508986.01718651,USD (1),fis,FAO capture production and ex-vessel prices
Bahamas,1993,84465249.87827124,USD (1),fis,FAO capture production and ex-vessel prices
Bahamas,1994,109802001.15458995,USD (1),fis,FAO capture production and ex-vessel prices
Bahamas,1995,114941683.31481805,USD (1),fis,FAO capture production and ex-vessel prices
Bahamas,1996,104857471.9992596,USD (1),fis,FAO capture production and ex-vessel prices
Bahamas,1997,136826734.06993762,USD (1),fis,FAO capture production and ex-vessel prices
Bahamas,1998,127910826.69089806,USD (1),fis,FAO capture production and ex-vessel prices
Bahamas,1999,204199785.24513286,USD (1),fis,FAO capture production and ex-vessel prices
Bahamas,2000,168345638.7432236,USD (1),fis,FAO capture production and ex-vessel prices
Bahamas,2001,148724502.5736244,USD (1),fis,FAO capture production and ex-vessel prices
Bahamas,2002,223335467.20216733,USD (1),fis,FAO capture production and ex-vessel prices
Bahamas,2003,198349099.9353217,USD (1),fis,FAO capture production and ex-vessel prices
Bahamas,2004,172389666.37765414,USD (1),fis,FAO capture production and ex-vessel prices
Bahamas,2005,176776651.03533047,USD (1),fis,FAO capture production and ex-vessel prices
Bahamas,2006,169373429.17810082,USD (1),fis,FAO capture production and ex-vessel prices
Bahamas,2007,134328728.4750881,USD (1),fis,FAO capture production and ex-vessel prices
Bahamas,2008,116571303.51430306,USD (1),fis,FAO capture production and ex-vessel prices
Bahamas,2009,91360426.69229195,USD (1),fis,FAO capture production and ex-vessel prices
Bahamas,2010,131506588.14021829,USD (1),fis,FAO capture production and ex-vessel prices
Bahamas,2011,157614389.94170433,USD (1),fis,FAO capture production and ex-vessel prices
Bahamas,2012,192912452.8926833,USD (1),fis,FAO capture production and ex-vessel prices
Bahamas,2013,110051426.75132737,USD (1),fis,FAO capture production and ex-vessel prices
Bahamas,2014,126484525.72190842,USD (1),fis,FAO capture production and ex-vessel prices
Bahamas,2015,112567293.33898573,USD (1),fis,FAO capture production and ex-vessel prices
Bahamas,2016,154362763.14358434,USD (1),fis,FAO capture production and ex-vessel prices
Bahamas,2017,133312792.83748046,USD (1),fis,FAO capture production and ex-vessel prices
Bahamas,2018,99252601.89104347,USD (1),fis,FAO capture production and ex-vessel prices
Bahamas,2019,123656224.44854397,USD (1),fis,FAO capture production and ex-vessel prices
Bahamas,2020,125862604.00150895,USD (1),fis,FAO capture production and ex-vessel prices
Bahamas,2021,164175921.76417875,USD (1),fis,FAO capture production and ex-vessel prices
Bahamas,2022,164468923.64722252,USD (1),fis,FAO capture production and ex-vessel prices
Bahamas,2023,149103687.28970295,USD (1),fis,FAO capture production and ex-vessel prices
Bahrain,1976,814238.9042651348,USD (1),fis,FAO capture production and ex-vessel prices
Bahrain,1977,2820157.1844526445,USD (1),fis,FAO capture production and ex-vessel prices
Bahrain,1978,2342173.9580612825,USD (1),fis,FAO capture production and ex-vessel prices
Bahrain,1979,1050610.2268047875,USD (1),fis,FAO capture production and ex-vessel prices
Bahrain,1980,3856944.841098544,USD (1),fis,FAO capture production and ex-vessel prices
Bahrain,1981,3312393.2317745644,USD (1),fis,FAO capture production and ex-vessel prices
Bahrain,1982,2669504.0458195577,USD (1),fis,FAO capture production and ex-vessel prices
Bahrain,1983,3250409.8687310205,USD (1),fis,FAO capture production and ex-vessel prices
Bahrain,1984,4251373.664881957,USD (1),fis,FAO capture production and ex-vessel prices
Bahrain,1985,10970566.86648588,USD (1),fis,FAO capture production and ex-vessel prices
Bahrain,1986,19735903.301966824,USD (1),fis,FAO capture production and ex-vessel prices
Bahrain,1987,7769723.887047779,USD (1),fis,FAO capture production and ex-vessel prices
Bahrain,1988,3834090.497872884,USD (1),fis,FAO capture production and ex-vessel prices
Bahrain,1989,13926884.624791883,USD (1),fis,FAO capture production and ex-vessel prices
Bahrain,1990,9682224.054577075,USD (1),fis,FAO capture production and ex-vessel prices
Bahrain,1991,7226920.806275546,USD (1),fis,FAO capture production and ex-vessel prices
Bahrain,1992,6800372.424679684,USD (1),fis,FAO capture production and ex-vessel prices
Bahrain,1993,16812561.50745663,USD (1),fis,FAO capture production and ex-vessel prices
Bahrain,1994,11875499.96483059,USD (1),fis,FAO capture production and ex-vessel prices
Bahrain,1995,13742542.1636369,USD (1),fis,FAO capture production and ex-vessel prices
Bahrain,1996,19440791.185708247,USD (1),fis,FAO capture production and ex-vessel prices
Bahrain,1997,14740252.753525274,USD (1),fis,FAO capture production and ex-vessel prices
Bahrain,1998,14645705.893893441,USD (1),fis,FAO capture production and ex-vessel prices
Bahrain,1999,12020420.724333512,USD (1),fis,FAO capture production and ex-vessel prices
Bahrain,2000,14700019.18657609,USD (1),fis,FAO capture production and ex-vessel prices
Bahrain,2001,11741267.871736964,USD (1),fis,FAO capture production and ex-vessel prices
Bahrain,2002,12121964.614474133,USD (1),fis,FAO capture production and ex-vessel prices
Bahrain,2003,14500841.954053499,USD (1),fis,FAO capture production and ex-vessel prices
Bahrain,2004,19595973.838312,USD (1),fis,FAO capture production and ex-vessel prices
Bahrain,2005,19712991.98298959,USD (1),fis,FAO capture production and ex-vessel prices
Bahrain,2006,27418403.465391554,USD (1),fis,FAO capture production and ex-vessel prices
Bahrain,2007,27642045.82475153,USD (1),fis,FAO capture production and ex-vessel prices
Bahrain,2008,31005671.2765736,USD (1),fis,FAO capture production and ex-vessel prices
Bahrain,2009,31151418.468564894,USD (1),fis,FAO capture production and ex-vessel prices
Bahrain,2010,34616217.60279139,USD (1),fis,FAO capture production and ex-vessel prices
Bahrain,2011,24661495.535606354,USD (1),fis,FAO capture production and ex-vessel prices
Bahrain,2012,32630143.741240196,USD (1),fis,FAO capture production and ex-vessel prices
Bahrain,2013,33606539.11976857,USD (1),fis,FAO capture production and ex-vessel prices
Bahrain,2014,43150104.79497166,USD (1),fis,FAO capture production and ex-vessel prices
Bahrain,2015,45885497.84864358,USD (1),fis,FAO capture production and ex-vessel prices
Bahrain,2016,32915674.837190017,USD (1),fis,FAO capture production and ex-vessel prices
Bahrain,2017,47590836.53529871,USD (1),fis,FAO capture production and ex-vessel prices
Bahrain,2018,45820350.82037029,USD (1),fis,FAO capture production and ex-vessel prices
Bahrain,2019,48417234.339573815,USD (1),fis,FAO capture production and ex-vessel prices
Bahrain,2020,47283874.08215823,USD (1),fis,FAO capture production and ex-vessel prices
Bahrain,2021,34276489.30790913,USD (1),fis,FAO capture production and ex-vessel prices
Bahrain,2022,45547019.424087785,USD (1),fis,FAO capture production and ex-vessel prices
Bahrain,2023,37010580.56135833,USD (1),fis,FAO capture production and ex-vessel prices
Bangladesh,1976,0,USD (1),fis,FAO capture production and ex-vessel prices
Bangladesh,1977,0,USD (1),fis,FAO capture production and ex-vessel prices
Bangladesh,1978,0,USD (1),fis,FAO capture production and ex-vessel prices
Bangladesh,1979,0,USD (1),fis,FAO capture production and ex-vessel prices
Bangladesh,1980,0,USD (1),fis,FAO capture production and ex-vessel prices
Bangladesh,1981,0,USD (1),fis,FAO capture production and ex-vessel prices
Bangladesh,1982,0,USD (1),fis,FAO capture production and ex-vessel prices
Bangladesh,1983,0,USD (1),fis,FAO capture production and ex-vessel prices
Bangladesh,1984,19838722.118992742,USD (1),fis,FAO capture production and ex-vessel prices
Bangladesh,1985,12492869.575014025,USD (1),fis,FAO capture production and ex-vessel prices
Bangladesh,1986,24054728.53356837,USD (1),fis,FAO capture production and ex-vessel prices
Bangladesh,1987,31627629.842263978,USD (1),fis,FAO capture production and ex-vessel prices
Bangladesh,1988,27930252.331898645,USD (1),fis,FAO capture production and ex-vessel prices
Bangladesh,1989,37581838.96620304,USD (1),fis,FAO capture production and ex-vessel prices
Bangladesh,1990,46150950.06281856,USD (1),fis,FAO capture production and ex-vessel prices
Bangladesh,1991,56172051.12427099,USD (1),fis,FAO capture production and ex-vessel prices
Bangladesh,1992,70870454.48913214,USD (1),fis,FAO capture production and ex-vessel prices
Bangladesh,1993,83249744.81826393,USD (1),fis,FAO capture production and ex-vessel prices
Bangladesh,1994,75604464,USD (1),fis,FAO capture production and ex-vessel prices
Bangladesh,1995,82504485.00000001,USD (1),fis,FAO capture production and ex-vessel prices
Bangladesh,1996,104090302,USD (1),fis,FAO capture production and ex-vessel prices
Bangladesh,1997,87906680,USD (1),fis,FAO capture production and ex-vessel prices
Bangladesh,1998,80668250,USD (1),fis,FAO capture production and ex-vessel prices
Bangladesh,1999,92868600.00000001,USD (1),fis,FAO capture production and ex-vessel prices
Bangladesh,2000,88431209.99999999,USD (1),fis,FAO capture production and ex-vessel prices
Bangladesh,2001,97432019.99999999,USD (1),fis,FAO capture production and ex-vessel prices
Bangladesh,2002,96737804.99999999,USD (1),fis,FAO capture production and ex-vessel prices
Bangladesh,2003,87096320,USD (1),fis,FAO capture production and ex-vessel prices
Bangladesh,2004,120144700,USD (1),fis,FAO capture production and ex-vessel prices
Bangladesh,2005,130919580,USD (1),fis,FAO capture production and ex-vessel prices
Bangladesh,2006,137206500,USD (1),fis,FAO capture production and ex-vessel prices
Bangladesh,2007,133785920,USD (1),fis,FAO capture production and ex-vessel prices
Bangladesh,2008,217931765.72875684,USD (1),fis,FAO capture production and ex-vessel prices
Bangladesh,2009,308146922.08001715,USD (1),fis,FAO capture production and ex-vessel prices
Bangladesh,2010,263733823.6614144,USD (1),fis,FAO capture production and ex-vessel prices
Bangladesh,2011,495260336.75383043,USD (1),fis,FAO capture production and ex-vessel prices
Bangladesh,2012,479989220.6778239,USD (1),fis,FAO capture production and ex-vessel prices
Bangladesh,2013,327246365.2263529,USD (1),fis,FAO capture production and ex-vessel prices
Bangladesh,2014,368758208.4134099,USD (1),fis,FAO capture production and ex-vessel prices
Bangladesh,2015,491155793.42886764,USD (1),fis,FAO capture production and ex-vessel prices
Bangladesh,2016,273711992.29022115,USD (1),fis,FAO capture production and ex-vessel prices
Bangladesh,2017,389296990.4304346,USD (1),fis,FAO capture production and ex-vessel prices
Bangladesh,2018,414343301.72740626,USD (1),fis,FAO capture production and ex-vessel prices
Bangladesh,2019,398052596.29554826,USD (1),fis,FAO capture production and ex-vessel prices
Bangladesh,2020,2317687646.8889647,USD (1),fis,FAO capture production and ex-vessel prices
Bangladesh,2021,2547625936.076451,USD (1),fis,FAO capture production and ex-vessel prices
Bangladesh,2022,2801344131.1905165,USD (1),fis,FAO capture production and ex-vessel prices
Bangladesh,2023,2523117245.6841187,USD (1),fis,FAO capture production and ex-vessel prices
Barbados,1976,1921573.2842098032,USD (1),fis,FAO capture production and ex-vessel prices
Barbados,1977,1222064.3576522244,USD (1),fis,FAO capture production and ex-vessel prices
Barbados,1978,1427906.776256228,USD (1),fis,FAO capture production and ex-vessel prices
Barbados,1979,1763082.2778289618,USD (1),fis,FAO capture production and ex-vessel prices
Barbados,1980,1104704.2434774113,USD (1),fis,FAO capture production and ex-vessel prices
Barbados,1981,1175086.8480341104,USD (1),fis,FAO capture production and ex-vessel prices
Barbados,1982,1160642.5049857919,USD (1),fis,FAO capture production and ex-vessel prices
Barbados,1983,2470366.2912320066,USD (1),fis,FAO capture production and ex-vessel prices
Barbados,1984,1240583.842863052,USD (1),fis,FAO capture production and ex-vessel prices
Barbados,1985,2265409.786801621,USD (1),fis,FAO capture production and ex-vessel prices
Barbados,1986,1654716.910643953,USD (1),fis,FAO capture production and ex-vessel prices
Barbados,1987,1321451.6473302636,USD (1),fis,FAO capture production and ex-vessel prices
Barbados,1988,3900418.233954196,USD (1),fis,FAO capture production and ex-vessel prices
Barbados,1989,1489562.4922462811,USD (1),fis,FAO capture production and ex-vessel prices
Barbados,1990,1932646.615198705,USD (1),fis,FAO capture production and ex-vessel prices
Barbados,1991,1570979.160499025,USD (1),fis,FAO capture production and ex-vessel prices
Barbados,1992,3039817.8749066577,USD (1),fis,FAO capture production and ex-vessel prices
Barbados,1993,1478563.9861325843,USD (1),fis,FAO capture production and ex-vessel prices
Barbados,1994,1947578.5163137116,USD (1),fis,FAO capture production and ex-vessel prices
Barbados,1995,4173072.7332049944,USD (1),fis,FAO capture production and ex-vessel prices
Barbados,1996,2579852.575064663,USD (1),fis,FAO capture production and ex-vessel prices
Barbados,1997,1750175.390819656,USD (1),fis,FAO capture production and ex-vessel prices
Barbados,1998,1287555.544839527,USD (1),fis,FAO capture production and ex-vessel prices
Barbados,1999,1761167.4916701464,USD (1),fis,FAO capture production and ex-vessel prices
Barbados,2000,1679473.021990325,USD (1),fis,FAO capture production and ex-vessel prices
Barbados,2001,1120093.9416897658,USD (1),fis,FAO capture production and ex-vessel prices
Barbados,2002,1333986.0476266327,USD (1),fis,FAO capture production and ex-vessel prices
Barbados,2003,939247.733853532,USD (1),fis,FAO capture production and ex-vessel prices
Barbados,2004,1073090.899920699,USD (1),fis,FAO capture production and ex-vessel prices
Barbados,2005,1291739.8113372484,USD (1),fis,FAO capture production and ex-vessel prices
Barbados,2006,1421043.880842879,USD (1),fis,FAO capture production and ex-vessel prices
Barbados,2007,1179268.413997004,USD (1),fis,FAO capture production and ex-vessel prices
Barbados,2008,1998296.9655290828,USD (1),fis,FAO capture production and ex-vessel prices
Barbados,2009,1629502.9067041741,USD (1),fis,FAO capture production and ex-vessel prices
Barbados,2010,1186696.8733020248,USD (1),fis,FAO capture production and ex-vessel prices
Barbados,2011,1223208.188880119,USD (1),fis,FAO capture production and ex-vessel prices
Barbados,2012,949638.0326950041,USD (1),fis,FAO capture production and ex-vessel prices
Barbados,2013,1149960.7843324137,USD (1),fis,FAO capture production and ex-vessel prices
Barbados,2014,953555.5200268957,USD (1),fis,FAO capture production and ex-vessel prices
Barbados,2015,1470528.691793818,USD (1),fis,FAO capture production and ex-vessel prices
Barbados,2016,1428299.8937290115,USD (1),fis,FAO capture production and ex-vessel prices
Barbados,2017,1489531.874971839,USD (1),fis,FAO capture production and ex-vessel prices
Barbados,2018,1032329.5551103563,USD (1),fis,FAO capture production and ex-vessel prices
Barbados,2019,864594.660720725,USD (1),fis,FAO capture production and ex-vessel prices
Barbados,2020,759079.1768281178,USD (1),fis,FAO capture production and ex-vessel prices
Barbados,2021,830977.6553971514,USD (1),fis,FAO capture production and ex-vessel prices
Barbados,2022,1001689.9288418497,USD (1),fis,FAO capture production and ex-vessel prices
Barbados,2023,925851.0002523949,USD (1),fis,FAO capture production and ex-vessel prices
Belgium,1976,27606000.110368602,USD (1),fis,FAO capture production and ex-vessel prices
Belgium,1977,29687486.17870802,USD (1),fis,FAO capture production and ex-vessel prices
Belgium,1978,38491736.88215279,USD (1),fis,FAO capture production and ex-vessel prices
Belgium,1979,42309331.0222007,USD (1),fis,FAO capture production and ex-vessel prices
Belgium,1980,42677452.5307917,USD (1),fis,FAO capture production and ex-vessel prices
Belgium,1981,40637480.30583283,USD (1),fis,FAO capture production and ex-vessel prices
Belgium,1982,37107296.055102855,USD (1),fis,FAO capture production and ex-vessel prices
Belgium,1983,44272908.942549124,USD (1),fis,FAO capture production and ex-vessel prices
Belgium,1984,43144462.274572305,USD (1),fis,FAO capture production and ex-vessel prices
Belgium,1985,43330919.201171026,USD (1),fis,FAO capture production and ex-vessel prices
Belgium,1986,50038176.75547266,USD (1),fis,FAO capture production and ex-vessel prices
Belgium,1987,69252525.54395652,USD (1),fis,FAO capture production and ex-vessel prices
Belgium,1988,67587104.52841158,USD (1),fis,FAO capture production and ex-vessel prices
Belgium,1989,58914537.4580009,USD (1),fis,FAO capture production and ex-vessel prices
Belgium,1990,78753052.77198038,USD (1),fis,FAO capture production and ex-vessel prices
Belgium,1991,91493298.64508244,USD (1),fis,FAO capture production and ex-vessel prices
Belgium,1992,73956113.05987547,USD (1),fis,FAO capture production and ex-vessel prices
Belgium,1993,64064696.971683376,USD (1),fis,FAO capture production and ex-vessel prices
Belgium,1994,76798126.58575454,USD (1),fis,FAO capture production and ex-vessel prices
Belgium,1995,78427178.05431159,USD (1),fis,FAO capture production and ex-vessel prices
Belgium,1996,71939319.42660613,USD (1),fis,FAO capture production and ex-vessel prices
Belgium,1997,60064420.09459751,USD (1),fis,FAO capture production and ex-vessel prices
Belgium,1998,70381196.77486508,USD (1),fis,FAO capture production and ex-vessel prices
Belgium,1999,61019329.58383277,USD (1),fis,FAO capture production and ex-vessel prices
Belgium,2000,51694558.476990215,USD (1),fis,FAO capture production and ex-vessel prices
Belgium,2001,51717201.8547767,USD (1),fis,FAO capture production and ex-vessel prices
Belgium,2002,53001891.393233426,USD (1),fis,FAO capture production and ex-vessel prices
Belgium,2003,50811725.59799085,USD (1),fis,FAO capture production and ex-vessel prices
Belgium,2004,52389349.94623082,USD (1),fis,FAO capture production and ex-vessel prices
Belgium,2005,50525118.389315255,USD (1),fis,FAO capture production and ex-vessel prices
Belgium,2006,46141483.142123066,USD (1),fis,FAO capture production and ex-vessel prices
Belgium,2007,55750252.16757552,USD (1),fis,FAO capture production and ex-vessel prices
Belgium,2008,57270224.10190782,USD (1),fis,FAO capture production and ex-vessel prices
Belgium,2009,56500674.64984814,USD (1),fis,FAO capture production and ex-vessel prices
Belgium,2010,54826595.892728865,USD (1),fis,FAO capture production and ex-vessel prices
Belgium,2011,56513235.747588016,USD (1),fis,FAO capture production and ex-vessel prices
Belgium,2012,61668311.16112563,USD (1),fis,FAO capture production and ex-vessel prices
Belgium,2013,59176171.3877025,USD (1),fis,FAO capture production and ex-vessel prices
Belgium,2014,63637427.20103958,USD (1),fis,FAO capture production and ex-vessel prices
Belgium,2015,57194392.84497523,USD (1),fis,FAO capture production and ex-vessel prices
Belgium,2016,62209514.98022691,USD (1),fis,FAO capture production and ex-vessel prices
Belgium,2017,54431882.20432316,USD (1),fis,FAO capture production and ex-vessel prices
Belgium,2018,54843936.88458195,USD (1),fis,FAO capture production and ex-vessel prices
Belgium,2019,85122412.93241982,USD (1),fis,FAO capture production and ex-vessel prices
Belgium,2020,47287243.3458522,USD (1),fis,FAO capture production and ex-vessel prices
Belgium,2021,55629425.532446966,USD (1),fis,FAO capture production and ex-vessel prices
Belgium,2022,59711208.00519905,USD (1),fis,FAO capture production and ex-vessel prices
Belgium,2023,49984352.81540556,USD (1),fis,FAO capture production and ex-vessel prices
Belize,1976,2250613.450281931,USD (1),fis,FAO capture production and ex-vessel prices
Belize,1977,2321715.047748088,USD (1),fis,FAO capture production and ex-vessel prices
Belize,1978,2521218.6684305635,USD (1),fis,FAO capture production and ex-vessel prices
Belize,1979,5146294.503067577,USD (1),fis,FAO capture production and ex-vessel prices
Belize,1980,2991731.8278887323,USD (1),fis,FAO capture production and ex-vessel prices
Belize,1981,6209529.5872021355,USD (1),fis,FAO capture production and ex-vessel prices
Belize,1982,5149881.136326629,USD (1),fis,FAO capture production and ex-vessel prices
Belize,1983,5310766.657824256,USD (1),fis,FAO capture production and ex-vessel prices
Belize,1984,4948493.337720563,USD (1),fis,FAO capture production and ex-vessel prices
Belize,1985,5804253.064358437,USD (1),fis,FAO capture production and ex-vessel prices
Belize,1986,4038944.5829676455,USD (1),fis,FAO capture production and ex-vessel prices
Belize,1987,5369888.684815928,USD (1),fis,FAO capture production and ex-vessel prices
Belize,1988,5660372.274928538,USD (1),fis,FAO capture production and ex-vessel prices
Belize,1989,4251240.60329181,USD (1),fis,FAO capture production and ex-vessel prices
Belize,1990,3933528.6720771366,USD (1),fis,FAO capture production and ex-vessel prices
Belize,1991,5829864.302381262,USD (1),fis,FAO capture production and ex-vessel prices
Belize,1992,5562474.001567893,USD (1),fis,FAO capture production and ex-vessel prices
Belize,1993,5382950.885234676,USD (1),fis,FAO capture production and ex-vessel prices
Belize,1994,19038872.593680717,USD (1),fis,FAO capture production and ex-vessel prices
Belize,1995,21773291.541693784,USD (1),fis,FAO capture production and ex-vessel prices
Belize,1996,24406823.919520583,USD (1),fis,FAO capture production and ex-vessel prices
Belize,1997,37584077.825223304,USD (1),fis,FAO capture production and ex-vessel prices
Belize,1998,23197512.32803696,USD (1),fis,FAO capture production and ex-vessel prices
Belize,1999,33268401.492024608,USD (1),fis,FAO capture production and ex-vessel prices
Belize,2000,31745534.582341205,USD (1),fis,FAO capture production and ex-vessel prices
Belize,2001,42310628.8547452,USD (1),fis,FAO capture production and ex-vessel prices
Belize,2002,57980756.52379523,USD (1),fis,FAO capture production and ex-vessel prices
Belize,2003,30311986.63878216,USD (1),fis,FAO capture production and ex-vessel prices
Belize,2004,28235203.27063727,USD (1),fis,FAO capture production and ex-vessel prices
Belize,2005,24581506.525946602,USD (1),fis,FAO capture production and ex-vessel prices
Belize,2006,48891327.94853604,USD (1),fis,FAO capture production and ex-vessel prices
Belize,2007,87610250.84532136,USD (1),fis,FAO capture production and ex-vessel prices
Belize,2008,92721768.67852812,USD (1),fis,FAO capture production and ex-vessel prices
Belize,2009,81901492.68332571,USD (1),fis,FAO capture production and ex-vessel prices
Belize,2010,113070163.14651625,USD (1),fis,FAO capture production and ex-vessel prices
Belize,2011,128945664.08713686,USD (1),fis,FAO capture production and ex-vessel prices
Belize,2012,85783599.39655685,USD (1),fis,FAO capture production and ex-vessel prices
Belize,2013,46033120.50146686,USD (1),fis,FAO capture production and ex-vessel prices
Belize,2014,64168882.531711586,USD (1),fis,FAO capture production and ex-vessel prices
Belize,2015,78983064.94200246,USD (1),fis,FAO capture production and ex-vessel prices
Belize,2016,70828340.63244915,USD (1),fis,FAO capture production and ex-vessel prices
Belize,2017,129632715.95387442,USD (1),fis,FAO capture production and ex-vessel prices
Belize,2018,249245969.82062235,USD (1),fis,FAO capture production and ex-vessel prices
Belize,2019,222397810.41404766,USD (1),fis,FAO capture production and ex-vessel prices
Belize,2020,204034493.42210302,USD (1),fis,FAO capture production and ex-vessel prices
Belize,2021,223791807.43181226,USD (1),fis,FAO capture production and ex-vessel prices
Belize,2022,273747706.56991446,USD (1),fis,FAO capture production and ex-vessel prices
Belize,2023,262667840.60392424,USD (1),fis,FAO capture production and ex-vessel prices
Benin,1976,28545.94887902702,USD (1),fis,FAO capture production and ex-vessel prices
Benin,1977,40776.27378445916,USD (1),fis,FAO capture production and ex-vessel prices
Benin,1978,32231.782619870814,USD (1),fis,FAO capture production and ex-vessel prices
Benin,1979,161337.82266907603,USD (1),fis,FAO capture production and ex-vessel prices
Benin,1980,339421.6014938519,USD (1),fis,FAO capture production and ex-vessel prices
Benin,1981,624322.5210083334,USD (1),fis,FAO capture production and ex-vessel prices
Benin,1982,589414.288971133,USD (1),fis,FAO capture production and ex-vessel prices
Benin,1983,200152.67872570283,USD (1),fis,FAO capture production and ex-vessel prices
Benin,1984,433384.3180829317,USD (1),fis,FAO capture production and ex-vessel prices
Benin,1985,1839359.7325584616,USD (1),fis,FAO capture production and ex-vessel prices
Benin,1986,1589927.3877661398,USD (1),fis,FAO capture production and ex-vessel prices
Benin,1987,1959642.5098963038,USD (1),fis,FAO capture production and ex-vessel prices
Benin,1988,1348724.0498783095,USD (1),fis,FAO capture production and ex-vessel prices
Benin,1989,1313089.202894248,USD (1),fis,FAO capture production and ex-vessel prices
Benin,1990,1408280.0865648387,USD (1),fis,FAO capture production and ex-vessel prices
Benin,1991,1303202.9687615584,USD (1),fis,FAO capture production and ex-vessel prices
Benin,1992,1381992.1789666235,USD (1),fis,FAO capture production and ex-vessel prices
Benin,1993,1557498.6503132062,USD (1),fis,FAO capture production and ex-vessel prices
Benin,1994,1761807.2381969853,USD (1),fis,FAO capture production and ex-vessel prices
Benin,1995,1891242.1081957761,USD (1),fis,FAO capture production and ex-vessel prices
Benin,1996,2096221.5926481567,USD (1),fis,FAO capture production and ex-vessel prices
Benin,1997,2411441.7311821715,USD (1),fis,FAO capture production and ex-vessel prices
Benin,1998,2206941.217110579,USD (1),fis,FAO capture production and ex-vessel prices
Benin,1999,2324077.9344396614,USD (1),fis,FAO capture production and ex-vessel prices
Benin,2000,1495794.3731255939,USD (1),fis,FAO capture production and ex-vessel prices
Benin,2001,2993264.6348298895,USD (1),fis,FAO capture production and ex-vessel prices
Benin,2002,3151832.3223138344,USD (1),fis,FAO capture production and ex-vessel prices
Benin,2003,5979897.912581872,USD (1),fis,FAO capture production and ex-vessel prices
Benin,2004,6319910.484578702,USD (1),fis,FAO capture production and ex-vessel prices
Benin,2005,4921127.354635113,USD (1),fis,FAO capture production and ex-vessel prices
Benin,2006,4933903.416787386,USD (1),fis,FAO capture production and ex-vessel prices
Benin,2007,3589350.55339682,USD (1),fis,FAO capture production and ex-vessel prices
Benin,2008,3523973.917408852,USD (1),fis,FAO capture production and ex-vessel prices
Benin,2009,4075608.5281917644,USD (1),fis,FAO capture production and ex-vessel prices
Benin,2010,3383405.6509270337,USD (1),fis,FAO capture production and ex-vessel prices
Benin,2011,4565941.335282945,USD (1),fis,FAO capture production and ex-vessel prices
Benin,2012,8142322.875877717,USD (1),fis,FAO capture production and ex-vessel prices
Benin,2013,11491679.350750139,USD (1),fis,FAO capture production and ex-vessel prices
Benin,2014,12237576.815079141,USD (1),fis,FAO capture production and ex-vessel prices
Benin,2015,15913938.260796947,USD (1),fis,FAO capture production and ex-vessel prices
Benin,2016,18048682.388714198,USD (1),fis,FAO capture production and ex-vessel prices
Benin,2017,47311567.835659795,USD (1),fis,FAO capture production and ex-vessel prices
Benin,2018,48311713.61788507,USD (1),fis,FAO capture production and ex-vessel prices
Benin,2019,69037011.66004837,USD (1),fis,FAO capture production and ex-vessel prices
Benin,2020,67418289.62183072,USD (1),fis,FAO capture production and ex-vessel prices
Benin,2021,62886499.82579189,USD (1),fis,FAO capture production and ex-vessel prices
Benin,2022,81506776.92904827,USD (1),fis,FAO capture production and ex-vessel prices
Benin,2023,38249766.40878996,USD (1),fis,FAO capture production and ex-vessel prices
Bermuda,1976,5187350.142923208,USD (1),fis,FAO capture production and ex-vessel prices
Bermuda,1977,6563728.575865084,USD (1),fis,FAO capture production and ex-vessel prices
Bermuda,1978,8795603.85339497,USD (1),fis,FAO capture production and ex-vessel prices
Bermuda,1979,7738123.757714895,USD (1),fis,FAO capture production and ex-vessel prices
Bermuda,1980,5757574.479288316,USD (1),fis,FAO capture production and ex-vessel prices
Bermuda,1981,3026003.680401095,USD (1),fis,FAO capture production and ex-vessel prices
Bermuda,1982,2974699.130000238,USD (1),fis,FAO capture production and ex-vessel prices
Bermuda,1983,678044.5913230446,USD (1),fis,FAO capture production and ex-vessel prices
Bermuda,1984,233463.43405384716,USD (1),fis,FAO capture production and ex-vessel prices
Bermuda,1985,268265.29582023347,USD (1),fis,FAO capture production and ex-vessel prices
Bermuda,1986,301408.0292216167,USD (1),fis,FAO capture production and ex-vessel prices
Bermuda,1987,286275.9593678003,USD (1),fis,FAO capture production and ex-vessel prices
Bermuda,1988,449372.3905626416,USD (1),fis,FAO capture production and ex-vessel prices
Bermuda,1989,430118.34112549847,USD (1),fis,FAO capture production and ex-vessel prices
Bermuda,1990,351539.95895736327,USD (1),fis,FAO capture production and ex-vessel prices
Bermuda,1991,247274.22688912306,USD (1),fis,FAO capture production and ex-vessel prices
Bermuda,1992,401520.54116401373,USD (1),fis,FAO capture production and ex-vessel prices
Bermuda,1993,388954.4010306779,USD (1),fis,FAO capture production and ex-vessel prices
Bermuda,1994,461536.2551319112,USD (1),fis,FAO capture production and ex-vessel prices
Bermuda,1995,474385.6570040817,USD (1),fis,FAO capture production and ex-vessel prices
Bermuda,1996,450859.43235655024,USD (1),fis,FAO capture production and ex-vessel prices
Bermuda,1997,941728.1213558334,USD (1),fis,FAO capture production and ex-vessel prices
Bermuda,1998,812377.3769165699,USD (1),fis,FAO capture production and ex-vessel prices
Bermuda,1999,1139751.7351375837,USD (1),fis,FAO capture production and ex-vessel prices
Bermuda,2000,689454.3328374504,USD (1),fis,FAO capture production and ex-vessel prices
Bermuda,2001,582187.8402460185,USD (1),fis,FAO capture production and ex-vessel prices
Bermuda,2002,813970.2986340501,USD (1),fis,FAO capture production and ex-vessel prices
Bermuda,2003,850174.3119166621,USD (1),fis,FAO capture production and ex-vessel prices
Bermuda,2004,796012.2444702241,USD (1),fis,FAO capture production and ex-vessel prices
Bermuda,2005,1112879.5633526733,USD (1),fis,FAO capture production and ex-vessel prices
Bermuda,2006,1131158.422858586,USD (1),fis,FAO capture production and ex-vessel prices
Bermuda,2007,1214166.6304526574,USD (1),fis,FAO capture production and ex-vessel prices
Bermuda,2008,1352983.6950429194,USD (1),fis,FAO capture production and ex-vessel prices
Bermuda,2009,1331284.2978214172,USD (1),fis,FAO capture production and ex-vessel prices
Bermuda,2010,1224805.4496940612,USD (1),fis,FAO capture production and ex-vessel prices
Bermuda,2011,1437025.5676415435,USD (1),fis,FAO capture production and ex-vessel prices
Bermuda,2012,1702376.3832410462,USD (1),fis,FAO capture production and ex-vessel prices
Bermuda,2013,1320676.1919479142,USD (1),fis,FAO capture production and ex-vessel prices
Bermuda,2014,1396578.6071589834,USD (1),fis,FAO capture production and ex-vessel prices
Bermuda,2015,1297830.4972937135,USD (1),fis,FAO capture production and ex-vessel prices
Bermuda,2016,1245126.011191825,USD (1),fis,FAO capture production and ex-vessel prices
Bermuda,2017,1154256.1779944552,USD (1),fis,FAO capture production and ex-vessel prices
Bermuda,2018,1003776.2924034527,USD (1),fis,FAO capture production and ex-vessel prices
Bermuda,2019,1230738.8680300047,USD (1),fis,FAO capture production and ex-vessel prices
Bermuda,2020,1269310.448321371,USD (1),fis,FAO capture production and ex-vessel prices
Bermuda,2021,1370736.098689383,USD (1),fis,FAO capture production and ex-vessel prices
Bermuda,2022,1481155.2163705418,USD (1),fis,FAO capture production and ex-vessel prices
Bermuda,2023,1297364.8229845567,USD (1),fis,FAO capture production and ex-vessel prices
"Bonaire, Sint Eustatius and Saba",2011,831928.9705408262,USD (1),fis,FAO capture production and ex-vessel prices
"Bonaire, Sint Eustatius and Saba",2012,1321266.7247617648,USD (1),fis,FAO capture production and ex-vessel prices
"Bonaire, Sint Eustatius and Saba",2013,1492833.5950460916,USD (1),fis,FAO capture production and ex-vessel prices
"Bonaire, Sint Eustatius and Saba",2014,1703518.8665832558,USD (1),fis,FAO capture production and ex-vessel prices
"Bonaire, Sint Eustatius and Saba",2015,2145419.0871617952,USD (1),fis,FAO capture production and ex-vessel prices
"Bonaire, Sint Eustatius and Saba",2016,1599760.6179269964,USD (1),fis,FAO capture production and ex-vessel prices
"Bonaire, Sint Eustatius and Saba",2017,1604908.094980126,USD (1),fis,FAO capture production and ex-vessel prices
"Bonaire, Sint Eustatius and Saba",2018,1596801.6974263,USD (1),fis,FAO capture production and ex-vessel prices
"Bonaire, Sint Eustatius and Saba",2019,1879521.4111332658,USD (1),fis,FAO capture production and ex-vessel prices
"Bonaire, Sint Eustatius and Saba",2020,1893479.6655705606,USD (1),fis,FAO capture production and ex-vessel prices
"Bonaire, Sint Eustatius and Saba",2021,2380139.9869827745,USD (1),fis,FAO capture production and ex-vessel prices
"Bonaire, Sint Eustatius and Saba",2022,2216836.3244678727,USD (1),fis,FAO capture production and ex-vessel prices
"Bonaire, Sint Eustatius and Saba",2023,1947239.474256096,USD (1),fis,FAO capture production and ex-vessel prices
Bosnia and Herzegovina,1992,0,USD (1),fis,FAO capture production and ex-vessel prices
Bosnia and Herzegovina,1993,0,USD (1),fis,FAO capture production and ex-vessel prices
Bosnia and Herzegovina,1994,0,USD (1),fis,FAO capture production and ex-vessel prices
Bosnia and Herzegovina,1995,0,USD (1),fis,FAO capture production and ex-vessel prices
Bosnia and Herzegovina,1996,0,USD (1),fis,FAO capture production and ex-vessel prices
Bosnia and Herzegovina,1997,0,USD (1),fis,FAO capture production and ex-vessel prices
Bosnia and Herzegovina,1998,0,USD (1),fis,FAO capture production and ex-vessel prices
Bosnia and Herzegovina,1999,0,USD (1),fis,FAO capture production and ex-vessel prices
Bosnia and Herzegovina,2000,0,USD (1),fis,FAO capture production and ex-vessel prices
Bosnia and Herzegovina,2001,0,USD (1),fis,FAO capture production and ex-vessel prices
Bosnia and Herzegovina,2002,0,USD (1),fis,FAO capture production and ex-vessel prices
Bosnia and Herzegovina,2003,0,USD (1),fis,FAO capture production and ex-vessel prices
Bosnia and Herzegovina,2004,0,USD (1),fis,FAO capture production and ex-vessel prices
Bosnia and Herzegovina,2005,0,USD (1),fis,FAO capture production and ex-vessel prices
Bosnia and Herzegovina,2006,0,USD (1),fis,FAO capture production and ex-vessel prices
Bosnia and Herzegovina,2007,0,USD (1),fis,FAO capture production and ex-vessel prices
Bosnia and Herzegovina,2008,0,USD (1),fis,FAO capture production and ex-vessel prices
Bosnia and Herzegovina,2009,0,USD (1),fis,FAO capture production and ex-vessel prices
Bosnia and Herzegovina,2010,0,USD (1),fis,FAO capture production and ex-vessel prices
Bosnia and Herzegovina,2011,0,USD (1),fis,FAO capture production and ex-vessel prices
Bosnia and Herzegovina,2012,0,USD (1),fis,FAO capture production and ex-vessel prices
Bosnia and Herzegovina,2013,0,USD (1),fis,FAO capture production and ex-vessel prices
Bosnia and Herzegovina,2014,0,USD (1),fis,FAO capture production and ex-vessel prices
Bosnia and Herzegovina,2015,0,USD (1),fis,FAO capture production and ex-vessel prices
Bosnia and Herzegovina,2016,0,USD (1),fis,FAO capture production and ex-vessel prices
Bosnia and Herzegovina,2017,0,USD (1),fis,FAO capture production and ex-vessel prices
Bosnia and Herzegovina,2018,0,USD (1),fis,FAO capture production and ex-vessel prices
Bosnia and Herzegovina,2019,0,USD (1),fis,FAO capture production and ex-vessel prices
Bosnia and Herzegovina,2020,0,USD (1),fis,FAO capture production and ex-vessel prices
Bosnia and Herzegovina,2021,0,USD (1),fis,FAO capture production and ex-vessel prices
Bosnia and Herzegovina,2022,0,USD (1),fis,FAO capture production and ex-vessel prices
Bosnia and Herzegovina,2023,0,USD (1),fis,FAO capture production and ex-vessel prices
Brazil,1976,101954464.57816666,USD (1),fis,FAO capture production and ex-vessel prices
Brazil,1977,150090528.51962587,USD (1),fis,FAO capture production and ex-vessel prices
Brazil,1978,188069669.4759959,USD (1),fis,FAO capture production and ex-vessel prices
Brazil,1979,225259837.15215677,USD (1),fis,FAO capture production and ex-vessel prices
Brazil,1980,223546521.72994456,USD (1),fis,FAO capture production and ex-vessel prices
Brazil,1981,256203753.7060186,USD (1),fis,FAO capture production and ex-vessel prices
Brazil,1982,238778666.44152513,USD (1),fis,FAO capture production and ex-vessel prices
Brazil,1983,208305787.24554196,USD (1),fis,FAO capture production and ex-vessel prices
Brazil,1984,299225532.84401906,USD (1),fis,FAO capture production and ex-vessel prices
Brazil,1985,292007127.30896014,USD (1),fis,FAO capture production and ex-vessel prices
Brazil,1986,326365997.6318297,USD (1),fis,FAO capture production and ex-vessel prices
Brazil,1987,267866969.71814564,USD (1),fis,FAO capture production and ex-vessel prices
Brazil,1988,244833586.19295186,USD (1),fis,FAO capture production and ex-vessel prices
Brazil,1989,268533173.9478169,USD (1),fis,FAO capture production and ex-vessel prices
Brazil,1990,300836386.1417001,USD (1),fis,FAO capture production and ex-vessel prices
Brazil,1991,314660446.92709786,USD (1),fis,FAO capture production and ex-vessel prices
Brazil,1992,315578049.35266554,USD (1),fis,FAO capture production and ex-vessel prices
Brazil,1993,303175360.55444825,USD (1),fis,FAO capture production and ex-vessel prices
Brazil,1994,348228135.1166919,USD (1),fis,FAO capture production and ex-vessel prices
Brazil,1995,433348893.3136707,USD (1),fis,FAO capture production and ex-vessel prices
Brazil,1996,343359026.1497996,USD (1),fis,FAO capture production and ex-vessel prices
Brazil,1997,378020746.77260995,USD (1),fis,FAO capture production and ex-vessel prices
Brazil,1998,322062878.86950827,USD (1),fis,FAO capture production and ex-vessel prices
Brazil,1999,360923694.05904067,USD (1),fis,FAO capture production and ex-vessel prices
Brazil,2000,385369595.9622239,USD (1),fis,FAO capture production and ex-vessel prices
Brazil,2001,428702327.3549972,USD (1),fis,FAO capture production and ex-vessel prices
Brazil,2002,455214318.6081564,USD (1),fis,FAO capture production and ex-vessel prices
Brazil,2003,389349056.9850319,USD (1),fis,FAO capture production and ex-vessel prices
Brazil,2004,425737912.24998003,USD (1),fis,FAO capture production and ex-vessel prices
Brazil,2005,454801259.06298494,USD (1),fis,FAO capture production and ex-vessel prices
Brazil,2006,502298246.30311686,USD (1),fis,FAO capture production and ex-vessel prices
Brazil,2007,499780325.1130132,USD (1),fis,FAO capture production and ex-vessel prices
Brazil,2008,537445732.1781647,USD (1),fis,FAO capture production and ex-vessel prices
Brazil,2009,611098304.6184219,USD (1),fis,FAO capture production and ex-vessel prices
Brazil,2010,589835660.921625,USD (1),fis,FAO capture production and ex-vessel prices
Brazil,2011,644979930.2919981,USD (1),fis,FAO capture production and ex-vessel prices
Brazil,2012,683257492.9922408,USD (1),fis,FAO capture production and ex-vessel prices
Brazil,2013,652542895.6651633,USD (1),fis,FAO capture production and ex-vessel prices
Brazil,2014,673244774.8814282,USD (1),fis,FAO capture production and ex-vessel prices
Brazil,2015,622749734.2626314,USD (1),fis,FAO capture production and ex-vessel prices
Brazil,2016,663204683.9408731,USD (1),fis,FAO capture production and ex-vessel prices
Brazil,2017,714901219.0508482,USD (1),fis,FAO capture production and ex-vessel prices
Brazil,2018,723936049.5853999,USD (1),fis,FAO capture production and ex-vessel prices
Brazil,2019,736264629.9617445,USD (1),fis,FAO capture production and ex-vessel prices
Brazil,2020,709735843.3247473,USD (1),fis,FAO capture production and ex-vessel prices
Brazil,2021,832456165.7717617,USD (1),fis,FAO capture production and ex-vessel prices
Brazil,2022,1005215344.1328372,USD (1),fis,FAO capture production and ex-vessel prices
Brazil,2023,959610658.3375434,USD (1),fis,FAO capture production and ex-vessel prices
British Indian Ocean Territory [former],1976,0,USD (1),fis,FAO capture production and ex-vessel prices
British Indian Ocean Territory [former],1977,0,USD (1),fis,FAO capture production and ex-vessel prices
British Indian Ocean Territory [former],1978,0,USD (1),fis,FAO capture production and ex-vessel prices
British Indian Ocean Territory [former],1979,0,USD (1),fis,FAO capture production and ex-vessel prices
British Indian Ocean Territory [former],1980,0,USD (1),fis,FAO capture production and ex-vessel prices
British Indian Ocean Territory [former],1981,0,USD (1),fis,FAO capture production and ex-vessel prices
British Indian Ocean Territory [former],1982,0,USD (1),fis,FAO capture production and ex-vessel prices
British Indian Ocean Territory [former],1983,0,USD (1),fis,FAO capture production and ex-vessel prices
British Indian Ocean Territory [former],1984,0,USD (1),fis,FAO capture production and ex-vessel prices
British Indian Ocean Territory [former],1985,0,USD (1),fis,FAO capture production and ex-vessel prices
British Indian Ocean Territory [former],1986,0,USD (1),fis,FAO capture production and ex-vessel prices
British Indian Ocean Territory [former],1987,0,USD (1),fis,FAO capture production and ex-vessel prices
British Indian Ocean Territory [former],1988,0,USD (1),fis,FAO capture production and ex-vessel prices
British Indian Ocean Territory [former],1989,0,USD (1),fis,FAO capture production and ex-vessel prices
British Indian Ocean Territory [former],1990,0,USD (1),fis,FAO capture production and ex-vessel prices
British Indian Ocean Territory [former],1991,0,USD (1),fis,FAO capture production and ex-vessel prices
British Indian Ocean Territory [former],1992,0,USD (1),fis,FAO capture production and ex-vessel prices
British Indian Ocean Territory [former],1993,0,USD (1),fis,FAO capture production and ex-vessel prices
British Indian Ocean Territory [former],1994,0,USD (1),fis,FAO capture production and ex-vessel prices
British Indian Ocean Territory [former],1995,0,USD (1),fis,FAO capture production and ex-vessel prices
British Indian Ocean Territory [former],1996,0,USD (1),fis,FAO capture production and ex-vessel prices
British Indian Ocean Territory [former],1997,0,USD (1),fis,FAO capture production and ex-vessel prices
British Indian Ocean Territory [former],1998,0,USD (1),fis,FAO capture production and ex-vessel prices
British Indian Ocean Territory [former],1999,0,USD (1),fis,FAO capture production and ex-vessel prices
British Indian Ocean Territory [former],2000,0,USD (1),fis,FAO capture production and ex-vessel prices
British Indian Ocean Territory [former],2001,0,USD (1),fis,FAO capture production and ex-vessel prices
British Indian Ocean Territory [former],2002,31858.65876223259,USD (1),fis,FAO capture production and ex-vessel prices
British Indian Ocean Territory [former],2003,32398.543780244458,USD (1),fis,FAO capture production and ex-vessel prices
British Indian Ocean Territory [former],2004,30403.212865641173,USD (1),fis,FAO capture production and ex-vessel prices
British Indian Ocean Territory [former],2005,33169.7787678808,USD (1),fis,FAO capture production and ex-vessel prices
British Indian Ocean Territory [former],2006,16449.06064820128,USD (1),fis,FAO capture production and ex-vessel prices
British Indian Ocean Territory [former],2007,17755.075044624307,USD (1),fis,FAO capture production and ex-vessel prices
British Indian Ocean Territory [former],2008,24590.747326824177,USD (1),fis,FAO capture production and ex-vessel prices
British Indian Ocean Territory [former],2009,53465.143688743134,USD (1),fis,FAO capture production and ex-vessel prices
British Indian Ocean Territory [former],2010,77528.7806020845,USD (1),fis,FAO capture production and ex-vessel prices
British Indian Ocean Territory [former],2011,22096.9786608848,USD (1),fis,FAO capture production and ex-vessel prices
British Indian Ocean Territory [former],2012,13059.589128457505,USD (1),fis,FAO capture production and ex-vessel prices
British Indian Ocean Territory [former],2013,23220.44321986322,USD (1),fis,FAO capture production and ex-vessel prices
British Indian Ocean Territory [former],2014,18440.857705930663,USD (1),fis,FAO capture production and ex-vessel prices
British Indian Ocean Territory [former],2015,22680.622256141785,USD (1),fis,FAO capture production and ex-vessel prices
British Indian Ocean Territory [former],2016,14372.72874013183,USD (1),fis,FAO capture production and ex-vessel prices
British Indian Ocean Territory [former],2017,33951.15130928377,USD (1),fis,FAO capture production and ex-vessel prices
British Indian Ocean Territory [former],2018,19950.928759267055,USD (1),fis,FAO capture production and ex-vessel prices
British Virgin Islands,1976,106495.90458747308,USD (1),fis,FAO capture production and ex-vessel prices
British Virgin Islands,1977,138197.32427071952,USD (1),fis,FAO capture production and ex-vessel prices
British Virgin Islands,1978,154001.1403055318,USD (1),fis,FAO capture production and ex-vessel prices
British Virgin Islands,1979,271674.67210763984,USD (1),fis,FAO capture production and ex-vessel prices
British Virgin Islands,1980,283768.60156126186,USD (1),fis,FAO capture production and ex-vessel prices
British Virgin Islands,1981,356516.38761050557,USD (1),fis,FAO capture production and ex-vessel prices
British Virgin Islands,1982,348473.2415820743,USD (1),fis,FAO capture production and ex-vessel prices
British Virgin Islands,1983,430970.0235033102,USD (1),fis,FAO capture production and ex-vessel prices
British Virgin Islands,1984,479292.05394019285,USD (1),fis,FAO capture production and ex-vessel prices
British Virgin Islands,1985,549089.2794795454,USD (1),fis,FAO capture production and ex-vessel prices
British Virgin Islands,1986,559598.2237178799,USD (1),fis,FAO capture production and ex-vessel prices
British Virgin Islands,1987,765148.386472516,USD (1),fis,FAO capture production and ex-vessel prices
British Virgin Islands,1988,746094.629709104,USD (1),fis,FAO capture production and ex-vessel prices
British Virgin Islands,1989,641335.4031136611,USD (1),fis,FAO capture production and ex-vessel prices
British Virgin Islands,1990,764196.48878597375,USD (1),fis,FAO capture production and ex-vessel prices
British Virgin Islands,1991,1059460.1800014798,USD (1),fis,FAO capture production and ex-vessel prices
British Virgin Islands,1992,812697.4505006339,USD (1),fis,FAO capture production and ex-vessel prices
British Virgin Islands,1993,559003.8103438475,USD (1),fis,FAO capture production and ex-vessel prices
British Virgin Islands,1994,1521782.2139687005,USD (1),fis,FAO capture production and ex-vessel prices
British Virgin Islands,1995,533194.2839615942,USD (1),fis,FAO capture production and ex-vessel prices
British Virgin Islands,1996,538832.8926677703,USD (1),fis,FAO capture production and ex-vessel prices
British Virgin Islands,1997,137875.4773925411,USD (1),fis,FAO capture production and ex-vessel prices
British Virgin Islands,1998,154124.64623575623,USD (1),fis,FAO capture production and ex-vessel prices
British Virgin Islands,1999,153844.1373081284,USD (1),fis,FAO capture production and ex-vessel prices
British Virgin Islands,2000,64107.13492824036,USD (1),fis,FAO capture production and ex-vessel prices
British Virgin Islands,2001,2970479.2613496548,USD (1),fis,FAO capture production and ex-vessel prices
British Virgin Islands,2002,4121516.8068793067,USD (1),fis,FAO capture production and ex-vessel prices
British Virgin Islands,2003,3384138.114930548,USD (1),fis,FAO capture production and ex-vessel prices
British Virgin Islands,2004,1651221.5364691545,USD (1),fis,FAO capture production and ex-vessel prices
British Virgin Islands,2005,1715091.4158578028,USD (1),fis,FAO capture production and ex-vessel prices
British Virgin Islands,2006,1850789.3987223322,USD (1),fis,FAO capture production and ex-vessel prices
British Virgin Islands,2007,1714236.5271112649,USD (1),fis,FAO capture production and ex-vessel prices
British Virgin Islands,2008,1424186.3300789532,USD (1),fis,FAO capture production and ex-vessel prices
British Virgin Islands,2009,1481830.7525810641,USD (1),fis,FAO capture production and ex-vessel prices
British Virgin Islands,2010,1535627.0504466803,USD (1),fis,FAO capture production and ex-vessel prices
British Virgin Islands,2011,1784829.721915645,USD (1),fis,FAO capture production and ex-vessel prices
British Virgin Islands,2012,1609932.992395954,USD (1),fis,FAO capture production and ex-vessel prices
British Virgin Islands,2013,1517949.3499082846,USD (1),fis,FAO capture production and ex-vessel prices
British Virgin Islands,2014,1534659.05128225,USD (1),fis,FAO capture production and ex-vessel prices
British Virgin Islands,2015,1548413.3764759079,USD (1),fis,FAO capture production and ex-vessel prices
British Virgin Islands,2016,1518552.1277753941,USD (1),fis,FAO capture production and ex-vessel prices
British Virgin Islands,2017,1462583.8421937637,USD (1),fis,FAO capture production and ex-vessel prices
British Virgin Islands,2018,1507138.332417472,USD (1),fis,FAO capture production and ex-vessel prices
British Virgin Islands,2019,1673870.1776276988,USD (1),fis,FAO capture production and ex-vessel prices
British Virgin Islands,2020,1650955.7684298565,USD (1),fis,FAO capture production and ex-vessel prices
British Virgin Islands,2021,1994181.3004228869,USD (1),fis,FAO capture production and ex-vessel prices
British Virgin Islands,2022,2069408.3436023789,USD (1),fis,FAO capture production and ex-vessel prices
British Virgin Islands,2023,2165269.733228614,USD (1),fis,FAO capture production and ex-vessel prices
Brunei Darussalam,1976,0,USD (1),fis,FAO capture production and ex-vessel prices
Brunei Darussalam,1977,0,USD (1),fis,FAO capture production and ex-vessel prices
Brunei Darussalam,1978,0,USD (1),fis,FAO capture production and ex-vessel prices
Brunei Darussalam,1979,0,USD (1),fis,FAO capture production and ex-vessel prices
Brunei Darussalam,1980,0,USD (1),fis,FAO capture production and ex-vessel prices
Brunei Darussalam,1981,0,USD (1),fis,FAO capture production and ex-vessel prices
Brunei Darussalam,1982,0,USD (1),fis,FAO capture production and ex-vessel prices
Brunei Darussalam,1983,0,USD (1),fis,FAO capture production and ex-vessel prices
Brunei Darussalam,1984,0,USD (1),fis,FAO capture production and ex-vessel prices
Brunei Darussalam,1985,0,USD (1),fis,FAO capture production and ex-vessel prices
Brunei Darussalam,1986,0,USD (1),fis,FAO capture production and ex-vessel prices
Brunei Darussalam,1987,0,USD (1),fis,FAO capture production and ex-vessel prices
Brunei Darussalam,1988,0,USD (1),fis,FAO capture production and ex-vessel prices
Brunei Darussalam,1989,0,USD (1),fis,FAO capture production and ex-vessel prices
Brunei Darussalam,1990,0,USD (1),fis,FAO capture production and ex-vessel prices
Brunei Darussalam,1991,0,USD (1),fis,FAO capture production and ex-vessel prices
Brunei Darussalam,1992,0,USD (1),fis,FAO capture production and ex-vessel prices
Brunei Darussalam,1993,0,USD (1),fis,FAO capture production and ex-vessel prices
Brunei Darussalam,1994,0,USD (1),fis,FAO capture production and ex-vessel prices
Brunei Darussalam,1995,0,USD (1),fis,FAO capture production and ex-vessel prices
Brunei Darussalam,1996,0,USD (1),fis,FAO capture production and ex-vessel prices
Brunei Darussalam,1997,0,USD (1),fis,FAO capture production and ex-vessel prices
Brunei Darussalam,1998,0,USD (1),fis,FAO capture production and ex-vessel prices
Brunei Darussalam,1999,0,USD (1),fis,FAO capture production and ex-vessel prices
Brunei Darussalam,2000,0,USD (1),fis,FAO capture production and ex-vessel prices
Brunei Darussalam,2001,0,USD (1),fis,FAO capture production and ex-vessel prices
Brunei Darussalam,2002,0,USD (1),fis,FAO capture production and ex-vessel prices
Brunei Darussalam,2003,0,USD (1),fis,FAO capture production and ex-vessel prices
Brunei Darussalam,2004,0,USD (1),fis,FAO capture production and ex-vessel prices
Brunei Darussalam,2005,0,USD (1),fis,FAO capture production and ex-vessel prices
Brunei Darussalam,2006,109520.00670832311,USD (1),fis,FAO capture production and ex-vessel prices
Brunei Darussalam,2007,0,USD (1),fis,FAO capture production and ex-vessel prices
Brunei Darussalam,2008,0,USD (1),fis,FAO capture production and ex-vessel prices
Brunei Darussalam,2009,0,USD (1),fis,FAO capture production and ex-vessel prices
Brunei Darussalam,2010,0,USD (1),fis,FAO capture production and ex-vessel prices
Brunei Darussalam,2011,0,USD (1),fis,FAO capture production and ex-vessel prices
Brunei Darussalam,2012,0,USD (1),fis,FAO capture production and ex-vessel prices
Brunei Darussalam,2013,0,USD (1),fis,FAO capture production and ex-vessel prices
Brunei Darussalam,2014,0,USD (1),fis,FAO capture production and ex-vessel prices
Brunei Darussalam,2015,1577797.9504287809,USD (1),fis,FAO capture production and ex-vessel prices
Brunei Darussalam,2016,2314584.501325338,USD (1),fis,FAO capture production and ex-vessel prices
Brunei Darussalam,2017,5511432.805798385,USD (1),fis,FAO capture production and ex-vessel prices
Brunei Darussalam,2018,5873715.098818082,USD (1),fis,FAO capture production and ex-vessel prices
Brunei Darussalam,2019,7079857.591144762,USD (1),fis,FAO capture production and ex-vessel prices
Brunei Darussalam,2020,3269722.757331817,USD (1),fis,FAO capture production and ex-vessel prices
Brunei Darussalam,2021,3285469.313198452,USD (1),fis,FAO capture production and ex-vessel prices
Brunei Darussalam,2022,2998897.778493819,USD (1),fis,FAO capture production and ex-vessel prices
Brunei Darussalam,2023,4268603.833008228,USD (1),fis,FAO capture production and ex-vessel prices
Bulgaria,1976,34991880.57155953,USD (1),fis,FAO capture production and ex-vessel prices
Bulgaria,1977,37147617.36030483,USD (1),fis,FAO capture production and ex-vessel prices
Bulgaria,1978,28250122.601278994,USD (1),fis,FAO capture production and ex-vessel prices
Bulgaria,1979,19608715.522440832,USD (1),fis,FAO capture production and ex-vessel prices
Bulgaria,1980,30957749.60632793,USD (1),fis,FAO capture production and ex-vessel prices
Bulgaria,1981,28505223.80314329,USD (1),fis,FAO capture production and ex-vessel prices
Bulgaria,1982,22227341.46994984,USD (1),fis,FAO capture production and ex-vessel prices
Bulgaria,1983,25993849.14551325,USD (1),fis,FAO capture production and ex-vessel prices
Bulgaria,1984,31831090.860339686,USD (1),fis,FAO capture production and ex-vessel prices
Bulgaria,1985,25866738.381015904,USD (1),fis,FAO capture production and ex-vessel prices
Bulgaria,1986,40761149.72353195,USD (1),fis,FAO capture production and ex-vessel prices
Bulgaria,1987,41395737.88994628,USD (1),fis,FAO capture production and ex-vessel prices
Bulgaria,1988,41707222.16216367,USD (1),fis,FAO capture production and ex-vessel prices
Bulgaria,1989,37662608.2168378,USD (1),fis,FAO capture production and ex-vessel prices
Bulgaria,1990,17809032.420135178,USD (1),fis,FAO capture production and ex-vessel prices
Bulgaria,1991,23165619.250880912,USD (1),fis,FAO capture production and ex-vessel prices
Bulgaria,1992,12745518.412185369,USD (1),fis,FAO capture production and ex-vessel prices
Bulgaria,1993,6042186.524008447,USD (1),fis,FAO capture production and ex-vessel prices
Bulgaria,1994,13762114.371766647,USD (1),fis,FAO capture production and ex-vessel prices
Bulgaria,1995,15373160.723678673,USD (1),fis,FAO capture production and ex-vessel prices
Bulgaria,1996,15040930.252873596,USD (1),fis,FAO capture production and ex-vessel prices
Bulgaria,1997,23234371.77372323,USD (1),fis,FAO capture production and ex-vessel prices
Bulgaria,1998,23000928.22333115,USD (1),fis,FAO capture production and ex-vessel prices
Bulgaria,1999,15970064.70895876,USD (1),fis,FAO capture production and ex-vessel prices
Bulgaria,2000,16973414.366012376,USD (1),fis,FAO capture production and ex-vessel prices
Bulgaria,2001,14683148.26415321,USD (1),fis,FAO capture production and ex-vessel prices
Bulgaria,2002,5188320.878254161,USD (1),fis,FAO capture production and ex-vessel prices
Bulgaria,2003,2619585.8998756465,USD (1),fis,FAO capture production and ex-vessel prices
Bulgaria,2004,9541415.926354883,USD (1),fis,FAO capture production and ex-vessel prices
Bulgaria,2005,2248269.0628434126,USD (1),fis,FAO capture production and ex-vessel prices
Bulgaria,2006,10394312.091528181,USD (1),fis,FAO capture production and ex-vessel prices
Bulgaria,2007,15377164.580549296,USD (1),fis,FAO capture production and ex-vessel prices
Bulgaria,2008,11725695.333376106,USD (1),fis,FAO capture production and ex-vessel prices
Bulgaria,2009,9272435.470334515,USD (1),fis,FAO capture production and ex-vessel prices
Bulgaria,2010,19003622.782828838,USD (1),fis,FAO capture production and ex-vessel prices
Bulgaria,2011,13666066.165780623,USD (1),fis,FAO capture production and ex-vessel prices
Bulgaria,2012,14571630.806465356,USD (1),fis,FAO capture production and ex-vessel prices
Bulgaria,2013,18021666.762629192,USD (1),fis,FAO capture production and ex-vessel prices
Bulgaria,2014,14909826.952624507,USD (1),fis,FAO capture production and ex-vessel prices
Bulgaria,2015,12097223.35362774,USD (1),fis,FAO capture production and ex-vessel prices
Bulgaria,2016,12372152.537602631,USD (1),fis,FAO capture production and ex-vessel prices
Bulgaria,2017,11098360.858431585,USD (1),fis,FAO capture production and ex-vessel prices
Bulgaria,2018,11904074.234091803,USD (1),fis,FAO capture production and ex-vessel prices
Bulgaria,2019,12049613.184310656,USD (1),fis,FAO capture production and ex-vessel prices
Bulgaria,2020,11524664.698437126,USD (1),fis,FAO capture production and ex-vessel prices
Bulgaria,2021,14824846.221561054,USD (1),fis,FAO capture production and ex-vessel prices
Bulgaria,2022,14452474.279813683,USD (1),fis,FAO capture production and ex-vessel prices
Bulgaria,2023,9051892.61221385,USD (1),fis,FAO capture production and ex-vessel prices
Cabo Verde,1976,1026999.7249778135,USD (1),fis,FAO capture production and ex-vessel prices
Cabo Verde,1977,1221089.9459719919,USD (1),fis,FAO capture production and ex-vessel prices
Cabo Verde,1978,2237070.210973468,USD (1),fis,FAO capture production and ex-vessel prices
Cabo Verde,1979,2054040.742012114,USD (1),fis,FAO capture production and ex-vessel prices
Cabo Verde,1980,5388626.318775328,USD (1),fis,FAO capture production and ex-vessel prices
Cabo Verde,1981,8694861.050226958,USD (1),fis,FAO capture production and ex-vessel prices
Cabo Verde,1982,5816320.738010463,USD (1),fis,FAO capture production and ex-vessel prices
Cabo Verde,1983,5615535.554149244,USD (1),fis,FAO capture production and ex-vessel prices
Cabo Verde,1984,4305832.868280674,USD (1),fis,FAO capture production and ex-vessel prices
Cabo Verde,1985,4330053.981064686,USD (1),fis,FAO capture production and ex-vessel prices
Cabo Verde,1986,3397209.895669428,USD (1),fis,FAO capture production and ex-vessel prices
Cabo Verde,1987,5268046.73590937,USD (1),fis,FAO capture production and ex-vessel prices
Cabo Verde,1988,5763993.522501861,USD (1),fis,FAO capture production and ex-vessel prices
Cabo Verde,1989,6162937.965229403,USD (1),fis,FAO capture production and ex-vessel prices
Cabo Verde,1990,4070685.342568277,USD (1),fis,FAO capture production and ex-vessel prices
Cabo Verde,1991,4298017.59715851,USD (1),fis,FAO capture production and ex-vessel prices
Cabo Verde,1992,3913480.6268020277,USD (1),fis,FAO capture production and ex-vessel prices
Cabo Verde,1993,3856136.8580892025,USD (1),fis,FAO capture production and ex-vessel prices
Cabo Verde,1994,5149264.611735833,USD (1),fis,FAO capture production and ex-vessel prices
Cabo Verde,1995,5332339.105582622,USD (1),fis,FAO capture production and ex-vessel prices
Cabo Verde,1996,3943185.6431915513,USD (1),fis,FAO capture production and ex-vessel prices
Cabo Verde,1997,3779545.759398594,USD (1),fis,FAO capture production and ex-vessel prices
Cabo Verde,1998,3905520.4350642706,USD (1),fis,FAO capture production and ex-vessel prices
Cabo Verde,1999,5640481.411738407,USD (1),fis,FAO capture production and ex-vessel prices
Cabo Verde,2000,4844623.57948598,USD (1),fis,FAO capture production and ex-vessel prices
Cabo Verde,2001,4064565.8144968767,USD (1),fis,FAO capture production and ex-vessel prices
Cabo Verde,2002,4175001.409779383,USD (1),fis,FAO capture production and ex-vessel prices
Cabo Verde,2003,3920965.5079030846,USD (1),fis,FAO capture production and ex-vessel prices
Cabo Verde,2004,6243916.819212392,USD (1),fis,FAO capture production and ex-vessel prices
Cabo Verde,2005,22308268.469922937,USD (1),fis,FAO capture production and ex-vessel prices
Cabo Verde,2006,20295953.812868647,USD (1),fis,FAO capture production and ex-vessel prices
Cabo Verde,2007,21166851.413046256,USD (1),fis,FAO capture production and ex-vessel prices
Cabo Verde,2008,35714433.08788602,USD (1),fis,FAO capture production and ex-vessel prices
Cabo Verde,2009,36381991.99745362,USD (1),fis,FAO capture production and ex-vessel prices
Cabo Verde,2010,34385656.5636375,USD (1),fis,FAO capture production and ex-vessel prices
Cabo Verde,2011,21281580.273322206,USD (1),fis,FAO capture production and ex-vessel prices
Cabo Verde,2012,19099691.633998733,USD (1),fis,FAO capture production and ex-vessel prices
Cabo Verde,2013,52164939.11282675,USD (1),fis,FAO capture production and ex-vessel prices
Cabo Verde,2014,48455178.98982034,USD (1),fis,FAO capture production and ex-vessel prices
Cabo Verde,2015,56969928.89588196,USD (1),fis,FAO capture production and ex-vessel prices
Cabo Verde,2016,42003486.16635562,USD (1),fis,FAO capture production and ex-vessel prices
Cabo Verde,2017,30150936.633605555,USD (1),fis,FAO capture production and ex-vessel prices
Cabo Verde,2018,40091837.51728308,USD (1),fis,FAO capture production and ex-vessel prices
Cabo Verde,2019,24370380.34499445,USD (1),fis,FAO capture production and ex-vessel prices
Cabo Verde,2020,29232941.355049714,USD (1),fis,FAO capture production and ex-vessel prices
Cabo Verde,2021,14348831.963490982,USD (1),fis,FAO capture production and ex-vessel prices
Cabo Verde,2022,7514985.8880768735,USD (1),fis,FAO capture production and ex-vessel prices
Cabo Verde,2023,8645357.059622362,USD (1),fis,FAO capture production and ex-vessel prices
Cambodia,1976,0,USD (1),fis,FAO capture production and ex-vessel prices
Cambodia,1977,0,USD (1),fis,FAO capture production and ex-vessel prices
Cambodia,1978,0,USD (1),fis,FAO capture production and ex-vessel prices
Cambodia,1979,0,USD (1),fis,FAO capture production and ex-vessel prices
Cambodia,1980,0,USD (1),fis,FAO capture production and ex-vessel prices
Cambodia,1981,0,USD (1),fis,FAO capture production and ex-vessel prices
Cambodia,1982,0,USD (1),fis,FAO capture production and ex-vessel prices
Cambodia,1983,0,USD (1),fis,FAO capture production and ex-vessel prices
Cambodia,1984,0,USD (1),fis,FAO capture production and ex-vessel prices
Cambodia,1985,0,USD (1),fis,FAO capture production and ex-vessel prices
Cambodia,1986,0,USD (1),fis,FAO capture production and ex-vessel prices
Cambodia,1987,0,USD (1),fis,FAO capture production and ex-vessel prices
Cambodia,1988,0,USD (1),fis,FAO capture production and ex-vessel prices
Cambodia,1989,0,USD (1),fis,FAO capture production and ex-vessel prices
Cambodia,1990,0,USD (1),fis,FAO capture production and ex-vessel prices
Cambodia,1991,0,USD (1),fis,FAO capture production and ex-vessel prices
Cambodia,1992,0,USD (1),fis,FAO capture production and ex-vessel prices
Cambodia,1993,0,USD (1),fis,FAO capture production and ex-vessel prices
Cambodia,1994,0,USD (1),fis,FAO capture production and ex-vessel prices
Cambodia,1995,0,USD (1),fis,FAO capture production and ex-vessel prices
Cambodia,1996,0,USD (1),fis,FAO capture production and ex-vessel prices
Cambodia,1997,0,USD (1),fis,FAO capture production and ex-vessel prices
Cambodia,1998,0,USD (1),fis,FAO capture production and ex-vessel prices
Cambodia,1999,0,USD (1),fis,FAO capture production and ex-vessel prices
Cambodia,2000,3082068.9962126366,USD (1),fis,FAO capture production and ex-vessel prices
Cambodia,2001,1457694.7558989222,USD (1),fis,FAO capture production and ex-vessel prices
Cambodia,2002,41589.038043189044,USD (1),fis,FAO capture production and ex-vessel prices
Cambodia,2003,1140442.492370107,USD (1),fis,FAO capture production and ex-vessel prices
Cambodia,2004,23842.71321600028,USD (1),fis,FAO capture production and ex-vessel prices
Cambodia,2005,0,USD (1),fis,FAO capture production and ex-vessel prices
Cambodia,2006,0,USD (1),fis,FAO capture production and ex-vessel prices
Cambodia,2007,0,USD (1),fis,FAO capture production and ex-vessel prices
Cambodia,2008,0,USD (1),fis,FAO capture production and ex-vessel prices
Cambodia,2009,0,USD (1),fis,FAO capture production and ex-vessel prices
Cambodia,2010,160441.24625509596,USD (1),fis,FAO capture production and ex-vessel prices
Cambodia,2011,1581407.0036170275,USD (1),fis,FAO capture production and ex-vessel prices
Cambodia,2012,2581597.6540937144,USD (1),fis,FAO capture production and ex-vessel prices
Cambodia,2013,17100617.392675262,USD (1),fis,FAO capture production and ex-vessel prices
Cambodia,2014,19050395.16777349,USD (1),fis,FAO capture production and ex-vessel prices
Cambodia,2015,17687769.596991275,USD (1),fis,FAO capture production and ex-vessel prices
Cambodia,2016,19789586.72458405,USD (1),fis,FAO capture production and ex-vessel prices
Cambodia,2017,23993565.69076347,USD (1),fis,FAO capture production and ex-vessel prices
Cambodia,2018,25553293.6627512,USD (1),fis,FAO capture production and ex-vessel prices
Cambodia,2019,22450112.420200728,USD (1),fis,FAO capture production and ex-vessel prices
Cambodia,2020,17669014.713129748,USD (1),fis,FAO capture production and ex-vessel prices
Cambodia,2021,20671752.990327463,USD (1),fis,FAO capture production and ex-vessel prices
Cambodia,2022,27198134.22502407,USD (1),fis,FAO capture production and ex-vessel prices
Cambodia,2023,24957189.720789187,USD (1),fis,FAO capture production and ex-vessel prices
Cameroon,1976,9458174.472982464,USD (1),fis,FAO capture production and ex-vessel prices
Cameroon,1977,10844362.256313317,USD (1),fis,FAO capture production and ex-vessel prices
Cameroon,1978,13033241.186244812,USD (1),fis,FAO capture production and ex-vessel prices
Cameroon,1979,16198709.718737544,USD (1),fis,FAO capture production and ex-vessel prices
Cameroon,1980,20010374.942828923,USD (1),fis,FAO capture production and ex-vessel prices
Cameroon,1981,32615056.443370324,USD (1),fis,FAO capture production and ex-vessel prices
Cameroon,1982,31733701.40648812,USD (1),fis,FAO capture production and ex-vessel prices
Cameroon,1983,26899750.4978118,USD (1),fis,FAO capture production and ex-vessel prices
Cameroon,1984,26126741.132317085,USD (1),fis,FAO capture production and ex-vessel prices
Cameroon,1985,21311421.0149513,USD (1),fis,FAO capture production and ex-vessel prices
Cameroon,1986,8961476.386299165,USD (1),fis,FAO capture production and ex-vessel prices
Cameroon,1987,10742198.420545748,USD (1),fis,FAO capture production and ex-vessel prices
Cameroon,1988,25234398.51098974,USD (1),fis,FAO capture production and ex-vessel prices
Cameroon,1989,24095998.66761724,USD (1),fis,FAO capture production and ex-vessel prices
Cameroon,1990,34499651.3546531,USD (1),fis,FAO capture production and ex-vessel prices
Cameroon,1991,19644655.4638151,USD (1),fis,FAO capture production and ex-vessel prices
Cameroon,1992,16603385.570192099,USD (1),fis,FAO capture production and ex-vessel prices
Cameroon,1993,13017798.896495236,USD (1),fis,FAO capture production and ex-vessel prices
Cameroon,1994,13716186.860711386,USD (1),fis,FAO capture production and ex-vessel prices
Cameroon,1995,20809934.905149773,USD (1),fis,FAO capture production and ex-vessel prices
Cameroon,1996,17817699.18786301,USD (1),fis,FAO capture production and ex-vessel prices
Cameroon,1997,16179031.771008164,USD (1),fis,FAO capture production and ex-vessel prices
Cameroon,1998,16921279.440844905,USD (1),fis,FAO capture production and ex-vessel prices
Cameroon,1999,12045811.083198687,USD (1),fis,FAO capture production and ex-vessel prices
Cameroon,2000,19425029.62083785,USD (1),fis,FAO capture production and ex-vessel prices
Cameroon,2001,58254142.331282854,USD (1),fis,FAO capture production and ex-vessel prices
Cameroon,2002,46173024.961492576,USD (1),fis,FAO capture production and ex-vessel prices
Cameroon,2003,45716211.705932826,USD (1),fis,FAO capture production and ex-vessel prices
Cameroon,2004,48353210.10779162,USD (1),fis,FAO capture production and ex-vessel prices
Cameroon,2005,57624806.80911744,USD (1),fis,FAO capture production and ex-vessel prices
Cameroon,2006,46121859.10503407,USD (1),fis,FAO capture production and ex-vessel prices
Cameroon,2007,58645527.13993095,USD (1),fis,FAO capture production and ex-vessel prices
Cameroon,2008,75740143.03376962,USD (1),fis,FAO capture production and ex-vessel prices
Cameroon,2009,88044548.9753783,USD (1),fis,FAO capture production and ex-vessel prices
Cameroon,2010,105804889.37596717,USD (1),fis,FAO capture production and ex-vessel prices
Cameroon,2011,129148852.79892105,USD (1),fis,FAO capture production and ex-vessel prices
Cameroon,2012,286720808.66782004,USD (1),fis,FAO capture production and ex-vessel prices
Cameroon,2013,202498206.73155567,USD (1),fis,FAO capture production and ex-vessel prices
Cameroon,2014,218832743.6916028,USD (1),fis,FAO capture production and ex-vessel prices
Cameroon,2015,215844904.56768364,USD (1),fis,FAO capture production and ex-vessel prices
Cameroon,2016,238266363.41139728,USD (1),fis,FAO capture production and ex-vessel prices
Cameroon,2017,206793035.90348572,USD (1),fis,FAO capture production and ex-vessel prices
Cameroon,2018,205679452.49723342,USD (1),fis,FAO capture production and ex-vessel prices
Cameroon,2019,226098817.49799156,USD (1),fis,FAO capture production and ex-vessel prices
Cameroon,2020,123094676.38286884,USD (1),fis,FAO capture production and ex-vessel prices
Cameroon,2021,135072062.28755304,USD (1),fis,FAO capture production and ex-vessel prices
Cameroon,2022,181412169.0417035,USD (1),fis,FAO capture production and ex-vessel prices
Cameroon,2023,166739892.2799085,USD (1),fis,FAO capture production and ex-vessel prices
Canada,1976,716597395.3120507,USD (1),fis,FAO capture production and ex-vessel prices
Canada,1977,865719578.1780044,USD (1),fis,FAO capture production and ex-vessel prices
Canada,1978,1107232748.1827087,USD (1),fis,FAO capture production and ex-vessel prices
Canada,1979,1243847412.5085285,USD (1),fis,FAO capture production and ex-vessel prices
Canada,1980,1310251501.1824145,USD (1),fis,FAO capture production and ex-vessel prices
Canada,1981,1347851774.801567,USD (1),fis,FAO capture production and ex-vessel prices
Canada,1982,1271291412.124374,USD (1),fis,FAO capture production and ex-vessel prices
Canada,1983,1297411082.8914213,USD (1),fis,FAO capture production and ex-vessel prices
Canada,1984,1109475507.404358,USD (1),fis,FAO capture production and ex-vessel prices
Canada,1985,1308284036.5566175,USD (1),fis,FAO capture production and ex-vessel prices
Canada,1986,1590920782.768435,USD (1),fis,FAO capture production and ex-vessel prices
Canada,1987,1819359577.2407212,USD (1),fis,FAO capture production and ex-vessel prices
Canada,1988,1764463544.1579607,USD (1),fis,FAO capture production and ex-vessel prices
Canada,1989,1552371085.3954535,USD (1),fis,FAO capture production and ex-vessel prices
Canada,1990,1749239066.0136337,USD (1),fis,FAO capture production and ex-vessel prices
Canada,1991,1760289312.3541472,USD (1),fis,FAO capture production and ex-vessel prices
Canada,1992,1503529792.9327855,USD (1),fis,FAO capture production and ex-vessel prices
Canada,1993,1306333722.378005,USD (1),fis,FAO capture production and ex-vessel prices
Canada,1994,1303518501.6903026,USD (1),fis,FAO capture production and ex-vessel prices
Canada,1995,1121172978.7156038,USD (1),fis,FAO capture production and ex-vessel prices
Canada,1996,1090212890.5984647,USD (1),fis,FAO capture production and ex-vessel prices
Canada,1997,1235931365.004554,USD (1),fis,FAO capture production and ex-vessel prices
Canada,1998,1230926345.760588,USD (1),fis,FAO capture production and ex-vessel prices
Canada,1999,1233805748.1850843,USD (1),fis,FAO capture production and ex-vessel prices
Canada,2000,1323542027.344007,USD (1),fis,FAO capture production and ex-vessel prices
Canada,2001,1384784492.376965,USD (1),fis,FAO capture production and ex-vessel prices
Canada,2002,1374007260.1882071,USD (1),fis,FAO capture production and ex-vessel prices
Canada,2003,1568466961.0216832,USD (1),fis,FAO capture production and ex-vessel prices
Canada,2004,1713798077.6981647,USD (1),fis,FAO capture production and ex-vessel prices
Canada,2005,1644559384.589222,USD (1),fis,FAO capture production and ex-vessel prices
Canada,2006,1800371309.181355,USD (1),fis,FAO capture production and ex-vessel prices
Canada,2007,1965170896.8828914,USD (1),fis,FAO capture production and ex-vessel prices
Canada,2008,1903764562.2037897,USD (1),fis,FAO capture production and ex-vessel prices
Canada,2009,1856130040.820971,USD (1),fis,FAO capture production and ex-vessel prices
Canada,2010,1966751927.028994,USD (1),fis,FAO capture production and ex-vessel prices
Canada,2011,2085919718.00798,USD (1),fis,FAO capture production and ex-vessel prices
Canada,2012,1979004136.3498726,USD (1),fis,FAO capture production and ex-vessel prices
Canada,2013,2015699217.2104604,USD (1),fis,FAO capture production and ex-vessel prices
Canada,2014,2262733296.006799,USD (1),fis,FAO capture production and ex-vessel prices
Canada,2015,2140689172.785352,USD (1),fis,FAO capture production and ex-vessel prices
Canada,2016,2049752747.703517,USD (1),fis,FAO capture production and ex-vessel prices
Canada,2017,1855544707.2995934,USD (1),fis,FAO capture production and ex-vessel prices
Canada,2018,1662430543.1275885,USD (1),fis,FAO capture production and ex-vessel prices
Canada,2019,1968995639.5436418,USD (1),fis,FAO capture production and ex-vessel prices
Canada,2020,2329859298.905327,USD (1),fis,FAO capture production and ex-vessel prices
Canada,2021,3006052957.3047905,USD (1),fis,FAO capture production and ex-vessel prices
Canada,2022,3016435388.957595,USD (1),fis,FAO capture production and ex-vessel prices
Canada,2023,2677606984.512692,USD (1),fis,FAO capture production and ex-vessel prices
Cayman Islands,1976,0,USD (1),fis,FAO capture production and ex-vessel prices
Cayman Islands,1977,0,USD (1),fis,FAO capture production and ex-vessel prices
Cayman Islands,1978,0,USD (1),fis,FAO capture production and ex-vessel prices
Cayman Islands,1979,0,USD (1),fis,FAO capture production and ex-vessel prices
Cayman Islands,1980,1111805.6740708237,USD (1),fis,FAO capture production and ex-vessel prices
Cayman Islands,1981,4668333.766505217,USD (1),fis,FAO capture production and ex-vessel prices
Cayman Islands,1982,106074.9683411115,USD (1),fis,FAO capture production and ex-vessel prices
Cayman Islands,1983,0,USD (1),fis,FAO capture production and ex-vessel prices
Cayman Islands,1984,0,USD (1),fis,FAO capture production and ex-vessel prices
Cayman Islands,1985,0,USD (1),fis,FAO capture production and ex-vessel prices
Cayman Islands,1986,0,USD (1),fis,FAO capture production and ex-vessel prices
Cayman Islands,1987,0,USD (1),fis,FAO capture production and ex-vessel prices
Cayman Islands,1988,0,USD (1),fis,FAO capture production and ex-vessel prices
Cayman Islands,1989,0,USD (1),fis,FAO capture production and ex-vessel prices
Cayman Islands,1990,0,USD (1),fis,FAO capture production and ex-vessel prices
Cayman Islands,1991,0,USD (1),fis,FAO capture production and ex-vessel prices
Cayman Islands,1992,0,USD (1),fis,FAO capture production and ex-vessel prices
Cayman Islands,1993,0,USD (1),fis,FAO capture production and ex-vessel prices
Cayman Islands,1994,0,USD (1),fis,FAO capture production and ex-vessel prices
Cayman Islands,1995,0,USD (1),fis,FAO capture production and ex-vessel prices
Cayman Islands,1996,0,USD (1),fis,FAO capture production and ex-vessel prices
Cayman Islands,1997,0,USD (1),fis,FAO capture production and ex-vessel prices
Cayman Islands,1998,0,USD (1),fis,FAO capture production and ex-vessel prices
Cayman Islands,1999,0,USD (1),fis,FAO capture production and ex-vessel prices
Cayman Islands,2000,0,USD (1),fis,FAO capture production and ex-vessel prices
Cayman Islands,2001,0,USD (1),fis,FAO capture production and ex-vessel prices
Cayman Islands,2002,0,USD (1),fis,FAO capture production and ex-vessel prices
Cayman Islands,2003,0,USD (1),fis,FAO capture production and ex-vessel prices
Cayman Islands,2004,0,USD (1),fis,FAO capture production and ex-vessel prices
Cayman Islands,2005,0,USD (1),fis,FAO capture production and ex-vessel prices
Cayman Islands,2006,0,USD (1),fis,FAO capture production and ex-vessel prices
Cayman Islands,2007,0,USD (1),fis,FAO capture production and ex-vessel prices
Cayman Islands,2008,0,USD (1),fis,FAO capture production and ex-vessel prices
Cayman Islands,2009,0,USD (1),fis,FAO capture production and ex-vessel prices
Cayman Islands,2010,0,USD (1),fis,FAO capture production and ex-vessel prices
Cayman Islands,2011,0,USD (1),fis,FAO capture production and ex-vessel prices
Cayman Islands,2012,0,USD (1),fis,FAO capture production and ex-vessel prices
Cayman Islands,2013,0,USD (1),fis,FAO capture production and ex-vessel prices
Cayman Islands,2014,0,USD (1),fis,FAO capture production and ex-vessel prices
Cayman Islands,2015,0,USD (1),fis,FAO capture production and ex-vessel prices
Cayman Islands,2016,0,USD (1),fis,FAO capture production and ex-vessel prices
Cayman Islands,2017,0,USD (1),fis,FAO capture production and ex-vessel prices
Cayman Islands,2018,0,USD (1),fis,FAO capture production and ex-vessel prices
Cayman Islands,2019,0,USD (1),fis,FAO capture production and ex-vessel prices
Cayman Islands,2020,0,USD (1),fis,FAO capture production and ex-vessel prices
Cayman Islands,2021,0,USD (1),fis,FAO capture production and ex-vessel prices
Cayman Islands,2022,0,USD (1),fis,FAO capture production and ex-vessel prices
Cayman Islands,2023,0,USD (1),fis,FAO capture production and ex-vessel prices
Chile,1976,412278243.45151925,USD (1),fis,FAO capture production and ex-vessel prices
Chile,1977,272280409.5469307,USD (1),fis,FAO capture production and ex-vessel prices
Chile,1978,609301791.998908,USD (1),fis,FAO capture production and ex-vessel prices
Chile,1979,474898959.6011577,USD (1),fis,FAO capture production and ex-vessel prices
Chile,1980,455596015.0291565,USD (1),fis,FAO capture production and ex-vessel prices
Chile,1981,916911535.3119339,USD (1),fis,FAO capture production and ex-vessel prices
Chile,1982,587359341.7752692,USD (1),fis,FAO capture production and ex-vessel prices
Chile,1983,412896488.9858079,USD (1),fis,FAO capture production and ex-vessel prices
Chile,1984,830397527.094678,USD (1),fis,FAO capture production and ex-vessel prices
Chile,1985,797668110.3530507,USD (1),fis,FAO capture production and ex-vessel prices
Chile,1986,2136199931.7316263,USD (1),fis,FAO capture production and ex-vessel prices
Chile,1987,1299307457.3873224,USD (1),fis,FAO capture production and ex-vessel prices
Chile,1988,2176597098.2023673,USD (1),fis,FAO capture production and ex-vessel prices
Chile,1989,3096296828.459434,USD (1),fis,FAO capture production and ex-vessel prices
Chile,1990,2376240377.3547587,USD (1),fis,FAO capture production and ex-vessel prices
Chile,1991,3031008721.324535,USD (1),fis,FAO capture production and ex-vessel prices
Chile,1992,3225233680.3934073,USD (1),fis,FAO capture production and ex-vessel prices
Chile,1993,2979878860.1079087,USD (1),fis,FAO capture production and ex-vessel prices
Chile,1994,4644706481.620123,USD (1),fis,FAO capture production and ex-vessel prices
Chile,1995,4594991249.483036,USD (1),fis,FAO capture production and ex-vessel prices
Chile,1996,4148686187.4834027,USD (1),fis,FAO capture production and ex-vessel prices
Chile,1997,3518688337.1186376,USD (1),fis,FAO capture production and ex-vessel prices
Chile,1998,1926398764.742354,USD (1),fis,FAO capture production and ex-vessel prices
Chile,1999,4138100317.7820697,USD (1),fis,FAO capture production and ex-vessel prices
Chile,2000,3265529895.648417,USD (1),fis,FAO capture production and ex-vessel prices
Chile,2001,2257527894.3392096,USD (1),fis,FAO capture production and ex-vessel prices
Chile,2002,3074572071.7990484,USD (1),fis,FAO capture production and ex-vessel prices
Chile,2003,2269190848.9877014,USD (1),fis,FAO capture production and ex-vessel prices
Chile,2004,3666320356.8807106,USD (1),fis,FAO capture production and ex-vessel prices
Chile,2005,3375576845.5001187,USD (1),fis,FAO capture production and ex-vessel prices
Chile,2006,3311161290.2972584,USD (1),fis,FAO capture production and ex-vessel prices
Chile,2007,3090248158.207171,USD (1),fis,FAO capture production and ex-vessel prices
Chile,2008,2963478177.283297,USD (1),fis,FAO capture production and ex-vessel prices
Chile,2009,3221796430.0086594,USD (1),fis,FAO capture production and ex-vessel prices
Chile,2010,2381114489.924557,USD (1),fis,FAO capture production and ex-vessel prices
Chile,2011,4943612158.412731,USD (1),fis,FAO capture production and ex-vessel prices
Chile,2012,3907282873.5667133,USD (1),fis,FAO capture production and ex-vessel prices
Chile,2013,3188634673.6164603,USD (1),fis,FAO capture production and ex-vessel prices
Chile,2014,3801823437.808905,USD (1),fis,FAO capture production and ex-vessel prices
Chile,2015,2487499088.595765,USD (1),fis,FAO capture production and ex-vessel prices
Chile,2016,2158656123.649333,USD (1),fis,FAO capture production and ex-vessel prices
Chile,2017,3281505460.7643175,USD (1),fis,FAO capture production and ex-vessel prices
Chile,2018,3716384392.90561,USD (1),fis,FAO capture production and ex-vessel prices
Chile,2019,3609791462.842023,USD (1),fis,FAO capture production and ex-vessel prices
Chile,2020,2177981846.9380383,USD (1),fis,FAO capture production and ex-vessel prices
Chile,2021,2640486218.2281055,USD (1),fis,FAO capture production and ex-vessel prices
Chile,2022,3204013923.2719016,USD (1),fis,FAO capture production and ex-vessel prices
Chile,2023,2611193614.367013,USD (1),fis,FAO capture production and ex-vessel prices
China,1976,166285888.79755652,USD (1),fis,FAO capture production and ex-vessel prices
China,1977,316261335.2456528,USD (1),fis,FAO capture production and ex-vessel prices
China,1978,530690324.4752016,USD (1),fis,FAO capture production and ex-vessel prices
China,1979,463350547.49090207,USD (1),fis,FAO capture production and ex-vessel prices
China,1980,441449999.4861735,USD (1),fis,FAO capture production and ex-vessel prices
China,1981,350288718.1091786,USD (1),fis,FAO capture production and ex-vessel prices
China,1982,330947257.1976553,USD (1),fis,FAO capture production and ex-vessel prices
China,1983,373285526.8306843,USD (1),fis,FAO capture production and ex-vessel prices
China,1984,398415147.3168277,USD (1),fis,FAO capture production and ex-vessel prices
China,1985,509823800.3714241,USD (1),fis,FAO capture production and ex-vessel prices
China,1986,614736785.5971478,USD (1),fis,FAO capture production and ex-vessel prices
China,1987,728812154.1750541,USD (1),fis,FAO capture production and ex-vessel prices
China,1988,1100489720.6472383,USD (1),fis,FAO capture production and ex-vessel prices
China,1989,1036081597.4565163,USD (1),fis,FAO capture production and ex-vessel prices
China,1990,1259581974.6677897,USD (1),fis,FAO capture production and ex-vessel prices
China,1991,1917421258.7084303,USD (1),fis,FAO capture production and ex-vessel prices
China,1992,2387688000.1733108,USD (1),fis,FAO capture production and ex-vessel prices
China,1993,2944856770.2441373,USD (1),fis,FAO capture production and ex-vessel prices
China,1994,4090622954.7408943,USD (1),fis,FAO capture production and ex-vessel prices
China,1995,4398167448.381515,USD (1),fis,FAO capture production and ex-vessel prices
China,1996,5124233835.67867,USD (1),fis,FAO capture production and ex-vessel prices
China,1997,5059150642.49294,USD (1),fis,FAO capture production and ex-vessel prices
China,1998,4312561281.136748,USD (1),fis,FAO capture production and ex-vessel prices
China,1999,4573955883.741887,USD (1),fis,FAO capture production and ex-vessel prices
China,2000,4875326554.96435,USD (1),fis,FAO capture production and ex-vessel prices
China,2001,4731040364.16979,USD (1),fis,FAO capture production and ex-vessel prices
China,2002,5058354775.812247,USD (1),fis,FAO capture production and ex-vessel prices
China,2003,6571977639.321165,USD (1),fis,FAO capture production and ex-vessel prices
China,2004,9472373970.66885,USD (1),fis,FAO capture production and ex-vessel prices
China,2005,6410228653.327212,USD (1),fis,FAO capture production and ex-vessel prices
China,2006,7663709463.6846895,USD (1),fis,FAO capture production and ex-vessel prices
China,2007,9304829017.60178,USD (1),fis,FAO capture production and ex-vessel prices
China,2008,9938604567.01649,USD (1),fis,FAO capture production and ex-vessel prices
China,2009,10668503991.125154,USD (1),fis,FAO capture production and ex-vessel prices
China,2010,11426315953.292759,USD (1),fis,FAO capture production and ex-vessel prices
China,2011,12942541936.55714,USD (1),fis,FAO capture production and ex-vessel prices
China,2012,13533881525.101051,USD (1),fis,FAO capture production and ex-vessel prices
China,2013,14717635003.319462,USD (1),fis,FAO capture production and ex-vessel prices
China,2014,17138403861.192478,USD (1),fis,FAO capture production and ex-vessel prices
China,2015,17169462293.87333,USD (1),fis,FAO capture production and ex-vessel prices
China,2016,14571181101.311853,USD (1),fis,FAO capture production and ex-vessel prices
China,2017,14183399953.715252,USD (1),fis,FAO capture production and ex-vessel prices
China,2018,14031447591.698042,USD (1),fis,FAO capture production and ex-vessel prices
China,2019,14436559183.5379,USD (1),fis,FAO capture production and ex-vessel prices
China,2020,13672720307.158203,USD (1),fis,FAO capture production and ex-vessel prices
China,2021,15926050563.160719,USD (1),fis,FAO capture production and ex-vessel prices
China,2022,15901620153.416637,USD (1),fis,FAO capture production and ex-vessel prices
China,2023,15511444520.595032,USD (1),fis,FAO capture production and ex-vessel prices
"China, Hong Kong SAR",1976,7431055.758228228,USD (1),fis,FAO capture production and ex-vessel prices
"China, Hong Kong SAR",1977,7728715.834277756,USD (1),fis,FAO capture production and ex-vessel prices
"China, Hong Kong SAR",1978,4957401.34068181,USD (1),fis,FAO capture production and ex-vessel prices
"China, Hong Kong SAR",1979,8476681.909555553,USD (1),fis,FAO capture production and ex-vessel prices
"China, Hong Kong SAR",1980,16200149.257252438,USD (1),fis,FAO capture production and ex-vessel prices
"China, Hong Kong SAR",1981,5157087.642794666,USD (1),fis,FAO capture production and ex-vessel prices
"China, Hong Kong SAR",1982,6299592.120614103,USD (1),fis,FAO capture production and ex-vessel prices
"China, Hong Kong SAR",1983,6100245.68836123,USD (1),fis,FAO capture production and ex-vessel prices
"China, Hong Kong SAR",1984,7387290.790941847,USD (1),fis,FAO capture production and ex-vessel prices
"China, Hong Kong SAR",1985,7101035.985290859,USD (1),fis,FAO capture production and ex-vessel prices
"China, Hong Kong SAR",1986,16158759.90087839,USD (1),fis,FAO capture production and ex-vessel prices
"China, Hong Kong SAR",1987,15881791.731115006,USD (1),fis,FAO capture production and ex-vessel prices
"China, Hong Kong SAR",1988,13216499.982691724,USD (1),fis,FAO capture production and ex-vessel prices
"China, Hong Kong SAR",1989,12337736.467701433,USD (1),fis,FAO capture production and ex-vessel prices
"China, Hong Kong SAR",1990,10671904.572095433,USD (1),fis,FAO capture production and ex-vessel prices
"China, Hong Kong SAR",1991,17664511.587888848,USD (1),fis,FAO capture production and ex-vessel prices
"China, Hong Kong SAR",1992,20101568.880431164,USD (1),fis,FAO capture production and ex-vessel prices
"China, Hong Kong SAR",1993,11375984.71175577,USD (1),fis,FAO capture production and ex-vessel prices
"China, Hong Kong SAR",1994,9298650.342003576,USD (1),fis,FAO capture production and ex-vessel prices
"China, Hong Kong SAR",1995,8085202.408405909,USD (1),fis,FAO capture production and ex-vessel prices
"China, Hong Kong SAR",1996,6636442.275628454,USD (1),fis,FAO capture production and ex-vessel prices
"China, Hong Kong SAR",1997,6396041.161734093,USD (1),fis,FAO capture production and ex-vessel prices
"China, Hong Kong SAR",1998,5268808.893077912,USD (1),fis,FAO capture production and ex-vessel prices
"China, Hong Kong SAR",1999,3628324.0201093405,USD (1),fis,FAO capture production and ex-vessel prices
"China, Hong Kong SAR",2000,5622009.4562693145,USD (1),fis,FAO capture production and ex-vessel prices
"China, Hong Kong SAR",2001,5695917.52554757,USD (1),fis,FAO capture production and ex-vessel prices
"China, Hong Kong SAR",2002,4632683.017228426,USD (1),fis,FAO capture production and ex-vessel prices
"China, Hong Kong SAR",2003,3949492.6856363933,USD (1),fis,FAO capture production and ex-vessel prices
"China, Hong Kong SAR",2004,3998310.1389594534,USD (1),fis,FAO capture production and ex-vessel prices
"China, Hong Kong SAR",2005,3908169.057873703,USD (1),fis,FAO capture production and ex-vessel prices
"China, Hong Kong SAR",2006,3620284.0077663697,USD (1),fis,FAO capture production and ex-vessel prices
"China, Hong Kong SAR",2007,3309749.4820112796,USD (1),fis,FAO capture production and ex-vessel prices
"China, Hong Kong SAR",2008,3737874.6946059223,USD (1),fis,FAO capture production and ex-vessel prices
"China, Hong Kong SAR",2009,4283584.831849378,USD (1),fis,FAO capture production and ex-vessel prices
"China, Hong Kong SAR",2010,4385112.43957351,USD (1),fis,FAO capture production and ex-vessel prices
"China, Hong Kong SAR",2011,4907671.183515736,USD (1),fis,FAO capture production and ex-vessel prices
"China, Hong Kong SAR",2012,5275176.6334931655,USD (1),fis,FAO capture production and ex-vessel prices
"China, Hong Kong SAR",2013,5129159.985245164,USD (1),fis,FAO capture production and ex-vessel prices
"China, Hong Kong SAR",2014,5078188.587072404,USD (1),fis,FAO capture production and ex-vessel prices
"China, Hong Kong SAR",2015,4929625.943847088,USD (1),fis,FAO capture production and ex-vessel prices
"China, Hong Kong SAR",2016,4033075.76824028,USD (1),fis,FAO capture production and ex-vessel prices
"China, Hong Kong SAR",2017,4245457.24259417,USD (1),fis,FAO capture production and ex-vessel prices
"China, Hong Kong SAR",2018,4128379.8052972215,USD (1),fis,FAO capture production and ex-vessel prices
"China, Hong Kong SAR",2019,4192292.490129859,USD (1),fis,FAO capture production and ex-vessel prices
"China, Hong Kong SAR",2020,3639782.3735445864,USD (1),fis,FAO capture production and ex-vessel prices
"China, Hong Kong SAR",2021,3659851.1915501207,USD (1),fis,FAO capture production and ex-vessel prices
"China, Hong Kong SAR",2022,2767282.3461166387,USD (1),fis,FAO capture production and ex-vessel prices
"China, Hong Kong SAR",2023,3017556.7577304877,USD (1),fis,FAO capture production and ex-vessel prices
"China, Macao SAR",1976,0,USD (1),fis,FAO capture production and ex-vessel prices
"China, Macao SAR",1977,0,USD (1),fis,FAO capture production and ex-vessel prices
"China, Macao SAR",1978,0,USD (1),fis,FAO capture production and ex-vessel prices
"China, Macao SAR",1979,0,USD (1),fis,FAO capture production and ex-vessel prices
"China, Macao SAR",1980,0,USD (1),fis,FAO capture production and ex-vessel prices
"China, Macao SAR",1981,0,USD (1),fis,FAO capture production and ex-vessel prices
"China, Macao SAR",1982,0,USD (1),fis,FAO capture production and ex-vessel prices
"China, Macao SAR",1983,0,USD (1),fis,FAO capture production and ex-vessel prices
"China, Macao SAR",1984,0,USD (1),fis,FAO capture production and ex-vessel prices
"China, Macao SAR",1985,0,USD (1),fis,FAO capture production and ex-vessel prices
"China, Macao SAR",1986,0,USD (1),fis,FAO capture production and ex-vessel prices
"China, Macao SAR",1987,0,USD (1),fis,FAO capture production and ex-vessel prices
"China, Macao SAR",1988,0,USD (1),fis,FAO capture production and ex-vessel prices
"China, Macao SAR",1989,0,USD (1),fis,FAO capture production and ex-vessel prices
"China, Macao SAR",1990,0,USD (1),fis,FAO capture production and ex-vessel prices
"China, Macao SAR",1991,0,USD (1),fis,FAO capture production and ex-vessel prices
"China, Macao SAR",1992,0,USD (1),fis,FAO capture production and ex-vessel prices
"China, Macao SAR",1993,0,USD (1),fis,FAO capture production and ex-vessel prices
"China, Macao SAR",1994,0,USD (1),fis,FAO capture production and ex-vessel prices
"China, Macao SAR",1995,0,USD (1),fis,FAO capture production and ex-vessel prices
"China, Macao SAR",1996,0,USD (1),fis,FAO capture production and ex-vessel prices
"China, Macao SAR",1997,0,USD (1),fis,FAO capture production and ex-vessel prices
"China, Macao SAR",1998,0,USD (1),fis,FAO capture production and ex-vessel prices
"China, Macao SAR",1999,0,USD (1),fis,FAO capture production and ex-vessel prices
"China, Macao SAR",2000,0,USD (1),fis,FAO capture production and ex-vessel prices
"China, Macao SAR",2001,0,USD (1),fis,FAO capture production and ex-vessel prices
"China, Macao SAR",2002,0,USD (1),fis,FAO capture production and ex-vessel prices
"China, Macao SAR",2003,0,USD (1),fis,FAO capture production and ex-vessel prices
"China, Macao SAR",2004,0,USD (1),fis,FAO capture production and ex-vessel prices
"China, Macao SAR",2005,0,USD (1),fis,FAO capture production and ex-vessel prices
"China, Macao SAR",2006,0,USD (1),fis,FAO capture production and ex-vessel prices
"China, Macao SAR",2007,0,USD (1),fis,FAO capture production and ex-vessel prices
"China, Macao SAR",2008,0,USD (1),fis,FAO capture production and ex-vessel prices
"China, Macao SAR",2009,0,USD (1),fis,FAO capture production and ex-vessel prices
"China, Macao SAR",2010,0,USD (1),fis,FAO capture production and ex-vessel prices
"China, Macao SAR",2011,0,USD (1),fis,FAO capture production and ex-vessel prices
"China, Macao SAR",2012,0,USD (1),fis,FAO capture production and ex-vessel prices
"China, Macao SAR",2013,0,USD (1),fis,FAO capture production and ex-vessel prices
"China, Macao SAR",2014,0,USD (1),fis,FAO capture production and ex-vessel prices
"China, Macao SAR",2015,0,USD (1),fis,FAO capture production and ex-vessel prices
"China, Macao SAR",2016,0,USD (1),fis,FAO capture production and ex-vessel prices
"China, Macao SAR",2017,0,USD (1),fis,FAO capture production and ex-vessel prices
"China, Macao SAR",2018,0,USD (1),fis,FAO capture production and ex-vessel prices
"China, Macao SAR",2019,0,USD (1),fis,FAO capture production and ex-vessel prices
"China, Macao SAR",2020,0,USD (1),fis,FAO capture production and ex-vessel prices
"China, Macao SAR",2021,0,USD (1),fis,FAO capture production and ex-vessel prices
"China, Macao SAR",2022,0,USD (1),fis,FAO capture production and ex-vessel prices
"China, Macao SAR",2023,0,USD (1),fis,FAO capture production and ex-vessel prices
Colombia,1976,4864281.968454224,USD (1),fis,FAO capture production and ex-vessel prices
Colombia,1977,14004427.054105919,USD (1),fis,FAO capture production and ex-vessel prices
Colombia,1978,17317588.14717687,USD (1),fis,FAO capture production and ex-vessel prices
Colombia,1979,9672947.661444772,USD (1),fis,FAO capture production and ex-vessel prices
Colombia,1980,26522862.653291557,USD (1),fis,FAO capture production and ex-vessel prices
Colombia,1981,43891346.95750311,USD (1),fis,FAO capture production and ex-vessel prices
Colombia,1982,13592909.92852907,USD (1),fis,FAO capture production and ex-vessel prices
Colombia,1983,7850421.348886858,USD (1),fis,FAO capture production and ex-vessel prices
Colombia,1984,15913194.859278552,USD (1),fis,FAO capture production and ex-vessel prices
Colombia,1985,12672817.751963474,USD (1),fis,FAO capture production and ex-vessel prices
Colombia,1986,20752839.509672895,USD (1),fis,FAO capture production and ex-vessel prices
Colombia,1987,11119908.626253504,USD (1),fis,FAO capture production and ex-vessel prices
Colombia,1988,10790810.724095738,USD (1),fis,FAO capture production and ex-vessel prices
Colombia,1989,29717956.161209356,USD (1),fis,FAO capture production and ex-vessel prices
Colombia,1990,38737672.8423343,USD (1),fis,FAO capture production and ex-vessel prices
Colombia,1991,45084869.71714512,USD (1),fis,FAO capture production and ex-vessel prices
Colombia,1992,48723812.39814575,USD (1),fis,FAO capture production and ex-vessel prices
Colombia,1993,59674647.63343736,USD (1),fis,FAO capture production and ex-vessel prices
Colombia,1994,73878718.51559232,USD (1),fis,FAO capture production and ex-vessel prices
Colombia,1995,101839895.39259683,USD (1),fis,FAO capture production and ex-vessel prices
Colombia,1996,103225598.19109322,USD (1),fis,FAO capture production and ex-vessel prices
Colombia,1997,76580842.0372863,USD (1),fis,FAO capture production and ex-vessel prices
Colombia,1998,66987114.67340972,USD (1),fis,FAO capture production and ex-vessel prices
Colombia,1999,73266675.23750532,USD (1),fis,FAO capture production and ex-vessel prices
Colombia,2000,74014479.4694495,USD (1),fis,FAO capture production and ex-vessel prices
Colombia,2001,67394803.50419837,USD (1),fis,FAO capture production and ex-vessel prices
Colombia,2002,83597819.78512363,USD (1),fis,FAO capture production and ex-vessel prices
Colombia,2003,106518557.60724258,USD (1),fis,FAO capture production and ex-vessel prices
Colombia,2004,63420463.10931791,USD (1),fis,FAO capture production and ex-vessel prices
Colombia,2005,65149304.85213078,USD (1),fis,FAO capture production and ex-vessel prices
Colombia,2006,90850427.413298,USD (1),fis,FAO capture production and ex-vessel prices
Colombia,2007,102877044.14538684,USD (1),fis,FAO capture production and ex-vessel prices
Colombia,2008,159765476.6020096,USD (1),fis,FAO capture production and ex-vessel prices
Colombia,2009,133671075.51824872,USD (1),fis,FAO capture production and ex-vessel prices
Colombia,2010,99322389.05259551,USD (1),fis,FAO capture production and ex-vessel prices
Colombia,2011,78602741.15151787,USD (1),fis,FAO capture production and ex-vessel prices
Colombia,2012,64370173.06277271,USD (1),fis,FAO capture production and ex-vessel prices
Colombia,2013,74680387.65798563,USD (1),fis,FAO capture production and ex-vessel prices
Colombia,2014,65487635.61771677,USD (1),fis,FAO capture production and ex-vessel prices
Colombia,2015,58832903.23512685,USD (1),fis,FAO capture production and ex-vessel prices
Colombia,2016,72957673.8335617,USD (1),fis,FAO capture production and ex-vessel prices
Colombia,2017,91940886.39677894,USD (1),fis,FAO capture production and ex-vessel prices
Colombia,2018,87049009.35211559,USD (1),fis,FAO capture production and ex-vessel prices
Colombia,2019,158440545.32884687,USD (1),fis,FAO capture production and ex-vessel prices
Colombia,2020,127329007.9026988,USD (1),fis,FAO capture production and ex-vessel prices
Colombia,2021,124586779.82991567,USD (1),fis,FAO capture production and ex-vessel prices
Colombia,2022,148547937.39905456,USD (1),fis,FAO capture production and ex-vessel prices
Colombia,2023,85101693.14694206,USD (1),fis,FAO capture production and ex-vessel prices
Comoros,1976,1513694.5415602867,USD (1),fis,FAO capture production and ex-vessel prices
Comoros,1977,2459443.779581642,USD (1),fis,FAO capture production and ex-vessel prices
Comoros,1978,2826738.0671808985,USD (1),fis,FAO capture production and ex-vessel prices
Comoros,1979,3998444.0573194274,USD (1),fis,FAO capture production and ex-vessel prices
Comoros,1980,5961787.021050814,USD (1),fis,FAO capture production and ex-vessel prices
Comoros,1981,6261977.077067194,USD (1),fis,FAO capture production and ex-vessel prices
Comoros,1982,5397486.269968612,USD (1),fis,FAO capture production and ex-vessel prices
Comoros,1983,5972659.087575197,USD (1),fis,FAO capture production and ex-vessel prices
Comoros,1984,6248052.030653395,USD (1),fis,FAO capture production and ex-vessel prices
Comoros,1985,6570679.837985909,USD (1),fis,FAO capture production and ex-vessel prices
Comoros,1986,7718475.632495296,USD (1),fis,FAO capture production and ex-vessel prices
Comoros,1987,9477853.916989943,USD (1),fis,FAO capture production and ex-vessel prices
Comoros,1988,11658041.097402532,USD (1),fis,FAO capture production and ex-vessel prices
Comoros,1989,11017558.683672613,USD (1),fis,FAO capture production and ex-vessel prices
Comoros,1990,9516543.84314478,USD (1),fis,FAO capture production and ex-vessel prices
Comoros,1991,9324275.488914633,USD (1),fis,FAO capture production and ex-vessel prices
Comoros,1992,10185749.1134993,USD (1),fis,FAO capture production and ex-vessel prices
Comoros,1993,12231374.445425065,USD (1),fis,FAO capture production and ex-vessel prices
Comoros,1994,14212175.933411984,USD (1),fis,FAO capture production and ex-vessel prices
Comoros,1995,13143982.05231248,USD (1),fis,FAO capture production and ex-vessel prices
Comoros,1996,12447926.411496513,USD (1),fis,FAO capture production and ex-vessel prices
Comoros,1997,11358780.475973235,USD (1),fis,FAO capture production and ex-vessel prices
Comoros,1998,10763128.866402168,USD (1),fis,FAO capture production and ex-vessel prices
Comoros,1999,9848508.751664761,USD (1),fis,FAO capture production and ex-vessel prices
Comoros,2000,10369951.15452159,USD (1),fis,FAO capture production and ex-vessel prices
Comoros,2001,9623369.02946685,USD (1),fis,FAO capture production and ex-vessel prices
Comoros,2002,8800786.027468752,USD (1),fis,FAO capture production and ex-vessel prices
Comoros,2003,8950302.426859846,USD (1),fis,FAO capture production and ex-vessel prices
Comoros,2004,8299024.419070403,USD (1),fis,FAO capture production and ex-vessel prices
Comoros,2005,9738086.799747758,USD (1),fis,FAO capture production and ex-vessel prices
Comoros,2006,9835025.221451648,USD (1),fis,FAO capture production and ex-vessel prices
Comoros,2007,11564490.507075764,USD (1),fis,FAO capture production and ex-vessel prices
Comoros,2008,23969831.05062966,USD (1),fis,FAO capture production and ex-vessel prices
Comoros,2009,30317757.433157153,USD (1),fis,FAO capture production and ex-vessel prices
Comoros,2010,35025300.92410663,USD (1),fis,FAO capture production and ex-vessel prices
Comoros,2011,18452109.221256245,USD (1),fis,FAO capture production and ex-vessel prices
Comoros,2012,17145940.94508233,USD (1),fis,FAO capture production and ex-vessel prices
Comoros,2013,34156873.226143815,USD (1),fis,FAO capture production and ex-vessel prices
Comoros,2014,9878748.124223815,USD (1),fis,FAO capture production and ex-vessel prices
Comoros,2015,15065285.176718995,USD (1),fis,FAO capture production and ex-vessel prices
Comoros,2016,26508543.70380409,USD (1),fis,FAO capture production and ex-vessel prices
Comoros,2017,25981154.50544968,USD (1),fis,FAO capture production and ex-vessel prices
Comoros,2018,20319526.69550878,USD (1),fis,FAO capture production and ex-vessel prices
Comoros,2019,24540081.38305046,USD (1),fis,FAO capture production and ex-vessel prices
Comoros,2020,30443907.645441193,USD (1),fis,FAO capture production and ex-vessel prices
Comoros,2021,30292734.433245316,USD (1),fis,FAO capture production and ex-vessel prices
Comoros,2022,33318958.859456178,USD (1),fis,FAO capture production and ex-vessel prices
Comoros,2023,23612913.80300256,USD (1),fis,FAO capture production and ex-vessel prices
Congo,1976,398619.5303876435,USD (1),fis,FAO capture production and ex-vessel prices
Congo,1977,519309.06560741755,USD (1),fis,FAO capture production and ex-vessel prices
Congo,1978,1380708.3693827994,USD (1),fis,FAO capture production and ex-vessel prices
Congo,1979,1583019.934716029,USD (1),fis,FAO capture production and ex-vessel prices
Congo,1980,4351321.595246892,USD (1),fis,FAO capture production and ex-vessel prices
Congo,1981,2671346.602133369,USD (1),fis,FAO capture production and ex-vessel prices
Congo,1982,1738534.9559955015,USD (1),fis,FAO capture production and ex-vessel prices
Congo,1983,2053022.064719988,USD (1),fis,FAO capture production and ex-vessel prices
Congo,1984,1631236.063910368,USD (1),fis,FAO capture production and ex-vessel prices
Congo,1985,1677275.3926831947,USD (1),fis,FAO capture production and ex-vessel prices
Congo,1986,1475773.3185170912,USD (1),fis,FAO capture production and ex-vessel prices
Congo,1987,1045270.0679034006,USD (1),fis,FAO capture production and ex-vessel prices
Congo,1988,2475707.124789974,USD (1),fis,FAO capture production and ex-vessel prices
Congo,1989,3884864.1755536017,USD (1),fis,FAO capture production and ex-vessel prices
Congo,1990,3221442.056893594,USD (1),fis,FAO capture production and ex-vessel prices
Congo,1991,3373859.8112493777,USD (1),fis,FAO capture production and ex-vessel prices
Congo,1992,5400558.283238019,USD (1),fis,FAO capture production and ex-vessel prices
Congo,1993,8202727.372261448,USD (1),fis,FAO capture production and ex-vessel prices
Congo,1994,4824311.34709251,USD (1),fis,FAO capture production and ex-vessel prices
Congo,1995,5118975.400880299,USD (1),fis,FAO capture production and ex-vessel prices
Congo,1996,9028315.813156325,USD (1),fis,FAO capture production and ex-vessel prices
Congo,1997,4263865.913291336,USD (1),fis,FAO capture production and ex-vessel prices
Congo,1998,3049564.5574818193,USD (1),fis,FAO capture production and ex-vessel prices
Congo,1999,3558969.31099473,USD (1),fis,FAO capture production and ex-vessel prices
Congo,2000,3556194.974466555,USD (1),fis,FAO capture production and ex-vessel prices
Congo,2001,4567153.625855073,USD (1),fis,FAO capture production and ex-vessel prices
Congo,2002,5228473.987697726,USD (1),fis,FAO capture production and ex-vessel prices
Congo,2003,8410411.038704928,USD (1),fis,FAO capture production and ex-vessel prices
Congo,2004,7602274.094921379,USD (1),fis,FAO capture production and ex-vessel prices
Congo,2005,7817407.588356623,USD (1),fis,FAO capture production and ex-vessel prices
Congo,2006,8900256.963732861,USD (1),fis,FAO capture production and ex-vessel prices
Congo,2007,13794116.377080716,USD (1),fis,FAO capture production and ex-vessel prices
Congo,2008,9302926.042054532,USD (1),fis,FAO capture production and ex-vessel prices
Congo,2009,17570076.839719445,USD (1),fis,FAO capture production and ex-vessel prices
Congo,2010,17953208.27549137,USD (1),fis,FAO capture production and ex-vessel prices
Congo,2011,19714774.122745823,USD (1),fis,FAO capture production and ex-vessel prices
Congo,2012,35232593.95155886,USD (1),fis,FAO capture production and ex-vessel prices
Congo,2013,28190840.439923547,USD (1),fis,FAO capture production and ex-vessel prices
Congo,2014,27935337.19949436,USD (1),fis,FAO capture production and ex-vessel prices
Congo,2015,28297416.861347426,USD (1),fis,FAO capture production and ex-vessel prices
Congo,2016,35300394.49142468,USD (1),fis,FAO capture production and ex-vessel prices
Congo,2017,49117780.379928194,USD (1),fis,FAO capture production and ex-vessel prices
Congo,2018,47844756.31080023,USD (1),fis,FAO capture production and ex-vessel prices
Congo,2019,29939830.394619115,USD (1),fis,FAO capture production and ex-vessel prices
Congo,2020,22158840.732292015,USD (1),fis,FAO capture production and ex-vessel prices
Congo,2021,22966281.631405715,USD (1),fis,FAO capture production and ex-vessel prices
Congo,2022,26525953.442841895,USD (1),fis,FAO capture production and ex-vessel prices
Congo,2023,23544122.826688703,USD (1),fis,FAO capture production and ex-vessel prices
Cook Islands,1976,10531.869112212516,USD (1),fis,FAO capture production and ex-vessel prices
Cook Islands,1977,13134.858506660768,USD (1),fis,FAO capture production and ex-vessel prices
Cook Islands,1978,6292.978373088548,USD (1),fis,FAO capture production and ex-vessel prices
Cook Islands,1979,18045.436601071182,USD (1),fis,FAO capture production and ex-vessel prices
Cook Islands,1980,0,USD (1),fis,FAO capture production and ex-vessel prices
Cook Islands,1981,0,USD (1),fis,FAO capture production and ex-vessel prices
Cook Islands,1982,0,USD (1),fis,FAO capture production and ex-vessel prices
Cook Islands,1983,0,USD (1),fis,FAO capture production and ex-vessel prices
Cook Islands,1984,0,USD (1),fis,FAO capture production and ex-vessel prices
Cook Islands,1985,0,USD (1),fis,FAO capture production and ex-vessel prices
Cook Islands,1986,0,USD (1),fis,FAO capture production and ex-vessel prices
Cook Islands,1987,0,USD (1),fis,FAO capture production and ex-vessel prices
Cook Islands,1988,0,USD (1),fis,FAO capture production and ex-vessel prices
Cook Islands,1989,0,USD (1),fis,FAO capture production and ex-vessel prices
Cook Islands,1990,0,USD (1),fis,FAO capture production and ex-vessel prices
Cook Islands,1991,0,USD (1),fis,FAO capture production and ex-vessel prices
Cook Islands,1992,0,USD (1),fis,FAO capture production and ex-vessel prices
Cook Islands,1993,0,USD (1),fis,FAO capture production and ex-vessel prices
Cook Islands,1994,150048.66187668833,USD (1),fis,FAO capture production and ex-vessel prices
Cook Islands,1995,246291.52442015993,USD (1),fis,FAO capture production and ex-vessel prices
Cook Islands,1996,125605.70954685412,USD (1),fis,FAO capture production and ex-vessel prices
Cook Islands,1997,96373.52921246395,USD (1),fis,FAO capture production and ex-vessel prices
Cook Islands,1998,67800.73907021186,USD (1),fis,FAO capture production and ex-vessel prices
Cook Islands,1999,102045.76893623776,USD (1),fis,FAO capture production and ex-vessel prices
Cook Islands,2000,431755.74220791785,USD (1),fis,FAO capture production and ex-vessel prices
Cook Islands,2001,274125.46679768123,USD (1),fis,FAO capture production and ex-vessel prices
Cook Islands,2002,900648.1421142732,USD (1),fis,FAO capture production and ex-vessel prices
Cook Islands,2003,3178936.8023582087,USD (1),fis,FAO capture production and ex-vessel prices
Cook Islands,2004,4483183.031906558,USD (1),fis,FAO capture production and ex-vessel prices
Cook Islands,2005,4127201.022569928,USD (1),fis,FAO capture production and ex-vessel prices
Cook Islands,2006,4440148.156026496,USD (1),fis,FAO capture production and ex-vessel prices
Cook Islands,2007,4420805.387212956,USD (1),fis,FAO capture production and ex-vessel prices
Cook Islands,2008,6263290.755955096,USD (1),fis,FAO capture production and ex-vessel prices
Cook Islands,2009,5004373.069501328,USD (1),fis,FAO capture production and ex-vessel prices
Cook Islands,2010,8394023.597492134,USD (1),fis,FAO capture production and ex-vessel prices
Cook Islands,2011,4586171.110773883,USD (1),fis,FAO capture production and ex-vessel prices
Cook Islands,2012,8128850.239667448,USD (1),fis,FAO capture production and ex-vessel prices
Cook Islands,2013,2845458.510130024,USD (1),fis,FAO capture production and ex-vessel prices
Cook Islands,2014,3193631.092791272,USD (1),fis,FAO capture production and ex-vessel prices
Cook Islands,2015,6297328.0860171765,USD (1),fis,FAO capture production and ex-vessel prices
Cook Islands,2016,2986206.4167749477,USD (1),fis,FAO capture production and ex-vessel prices
Cook Islands,2017,5999156.0289528845,USD (1),fis,FAO capture production and ex-vessel prices
Cook Islands,2018,6470608.329321211,USD (1),fis,FAO capture production and ex-vessel prices
Cook Islands,2019,9575724.930754106,USD (1),fis,FAO capture production and ex-vessel prices
Cook Islands,2020,3986466.20056125,USD (1),fis,FAO capture production and ex-vessel prices
Cook Islands,2021,10220530.958450492,USD (1),fis,FAO capture production and ex-vessel prices
Cook Islands,2022,13416546.070474973,USD (1),fis,FAO capture production and ex-vessel prices
Cook Islands,2023,8104830.534392994,USD (1),fis,FAO capture production and ex-vessel prices
Costa Rica,1976,3361421.6676247665,USD (1),fis,FAO capture production and ex-vessel prices
Costa Rica,1977,8416354.83305807,USD (1),fis,FAO capture production and ex-vessel prices
Costa Rica,1978,16558134.126831833,USD (1),fis,FAO capture production and ex-vessel prices
Costa Rica,1979,14892323.785447797,USD (1),fis,FAO capture production and ex-vessel prices
Costa Rica,1980,12678011.0371137,USD (1),fis,FAO capture production and ex-vessel prices
Costa Rica,1981,8958644.461001422,USD (1),fis,FAO capture production and ex-vessel prices
Costa Rica,1982,2435569.576897026,USD (1),fis,FAO capture production and ex-vessel prices
Costa Rica,1983,3829269.0329556265,USD (1),fis,FAO capture production and ex-vessel prices
Costa Rica,1984,11377748.741918655,USD (1),fis,FAO capture production and ex-vessel prices
Costa Rica,1985,12718430.866734859,USD (1),fis,FAO capture production and ex-vessel prices
Costa Rica,1986,12948277.62646476,USD (1),fis,FAO capture production and ex-vessel prices
Costa Rica,1987,4780013.853561901,USD (1),fis,FAO capture production and ex-vessel prices
Costa Rica,1988,4338383.527410725,USD (1),fis,FAO capture production and ex-vessel prices
Costa Rica,1989,9747826.752329856,USD (1),fis,FAO capture production and ex-vessel prices
Costa Rica,1990,10736801.915498683,USD (1),fis,FAO capture production and ex-vessel prices
Costa Rica,1991,12038530.770506358,USD (1),fis,FAO capture production and ex-vessel prices
Costa Rica,1992,10456186.804591967,USD (1),fis,FAO capture production and ex-vessel prices
Costa Rica,1993,8701700.119194204,USD (1),fis,FAO capture production and ex-vessel prices
Costa Rica,1994,11540981.623323709,USD (1),fis,FAO capture production and ex-vessel prices
Costa Rica,1995,11087987.195930954,USD (1),fis,FAO capture production and ex-vessel prices
Costa Rica,1996,13940231.999188192,USD (1),fis,FAO capture production and ex-vessel prices
Costa Rica,1997,12408395.04578828,USD (1),fis,FAO capture production and ex-vessel prices
Costa Rica,1998,6568740.715008271,USD (1),fis,FAO capture production and ex-vessel prices
Costa Rica,1999,10168355.112557383,USD (1),fis,FAO capture production and ex-vessel prices
Costa Rica,2000,24825999.582074188,USD (1),fis,FAO capture production and ex-vessel prices
Costa Rica,2001,21188562.622547314,USD (1),fis,FAO capture production and ex-vessel prices
Costa Rica,2002,21846669.786552507,USD (1),fis,FAO capture production and ex-vessel prices
Costa Rica,2003,10374198.257205384,USD (1),fis,FAO capture production and ex-vessel prices
Costa Rica,2004,8846063.982975317,USD (1),fis,FAO capture production and ex-vessel prices
Costa Rica,2005,12039004.930651179,USD (1),fis,FAO capture production and ex-vessel prices
Costa Rica,2006,11933032.860593228,USD (1),fis,FAO capture production and ex-vessel prices
Costa Rica,2007,12194429.624972697,USD (1),fis,FAO capture production and ex-vessel prices
Costa Rica,2008,15580427.61019301,USD (1),fis,FAO capture production and ex-vessel prices
Costa Rica,2009,13933073.00659346,USD (1),fis,FAO capture production and ex-vessel prices
Costa Rica,2010,12965129.514362622,USD (1),fis,FAO capture production and ex-vessel prices
Costa Rica,2011,8660463.88262838,USD (1),fis,FAO capture production and ex-vessel prices
Costa Rica,2012,8359110.232214262,USD (1),fis,FAO capture production and ex-vessel prices
Costa Rica,2013,25531360.41391017,USD (1),fis,FAO capture production and ex-vessel prices
Costa Rica,2014,20005047.031462226,USD (1),fis,FAO capture production and ex-vessel prices
Costa Rica,2015,21546973.23953051,USD (1),fis,FAO capture production and ex-vessel prices
Costa Rica,2016,12820446.238164082,USD (1),fis,FAO capture production and ex-vessel prices
Costa Rica,2017,20635730.49524057,USD (1),fis,FAO capture production and ex-vessel prices
Costa Rica,2018,21488689.413355645,USD (1),fis,FAO capture production and ex-vessel prices
Costa Rica,2019,16016445.264539478,USD (1),fis,FAO capture production and ex-vessel prices
Costa Rica,2020,18108641.27886337,USD (1),fis,FAO capture production and ex-vessel prices
Costa Rica,2021,27646687.68624857,USD (1),fis,FAO capture production and ex-vessel prices
Costa Rica,2022,37484616.33376837,USD (1),fis,FAO capture production and ex-vessel prices
Costa Rica,2023,33348313.477420982,USD (1),fis,FAO capture production and ex-vessel prices
Croatia,1992,24470850.719778854,USD (1),fis,FAO capture production and ex-vessel prices
Croatia,1993,29323667.532613568,USD (1),fis,FAO capture production and ex-vessel prices
Croatia,1994,23019503.97447838,USD (1),fis,FAO capture production and ex-vessel prices
Croatia,1995,19796048.01388533,USD (1),fis,FAO capture production and ex-vessel prices
Croatia,1996,17961909.13137655,USD (1),fis,FAO capture production and ex-vessel prices
Croatia,1997,18459037.794319108,USD (1),fis,FAO capture production and ex-vessel prices
Croatia,1998,23556929.88158173,USD (1),fis,FAO capture production and ex-vessel prices
Croatia,1999,21368398.26408618,USD (1),fis,FAO capture production and ex-vessel prices
Croatia,2000,21484893.296842117,USD (1),fis,FAO capture production and ex-vessel prices
Croatia,2001,15683481.863514425,USD (1),fis,FAO capture production and ex-vessel prices
Croatia,2002,15311857.776574586,USD (1),fis,FAO capture production and ex-vessel prices
Croatia,2003,19740350.97431764,USD (1),fis,FAO capture production and ex-vessel prices
Croatia,2004,20239511.29042133,USD (1),fis,FAO capture production and ex-vessel prices
Croatia,2005,26821503.818399664,USD (1),fis,FAO capture production and ex-vessel prices
Croatia,2006,31669414.052447572,USD (1),fis,FAO capture production and ex-vessel prices
Croatia,2007,32217928.88873897,USD (1),fis,FAO capture production and ex-vessel prices
Croatia,2008,38153424.023562334,USD (1),fis,FAO capture production and ex-vessel prices
Croatia,2009,47899790.84729248,USD (1),fis,FAO capture production and ex-vessel prices
Croatia,2010,41626175.57344921,USD (1),fis,FAO capture production and ex-vessel prices
Croatia,2011,74854115.36629713,USD (1),fis,FAO capture production and ex-vessel prices
Croatia,2012,73445545.16275072,USD (1),fis,FAO capture production and ex-vessel prices
Croatia,2013,92518160.72580765,USD (1),fis,FAO capture production and ex-vessel prices
Croatia,2014,108647326.54777567,USD (1),fis,FAO capture production and ex-vessel prices
Croatia,2015,83362253.8232816,USD (1),fis,FAO capture production and ex-vessel prices
Croatia,2016,81807776.8197219,USD (1),fis,FAO capture production and ex-vessel prices
Croatia,2017,86876966.37966245,USD (1),fis,FAO capture production and ex-vessel prices
Croatia,2018,91457479.23905455,USD (1),fis,FAO capture production and ex-vessel prices
Croatia,2019,85808192.10613893,USD (1),fis,FAO capture production and ex-vessel prices
Croatia,2020,62856440.71929216,USD (1),fis,FAO capture production and ex-vessel prices
Croatia,2021,63380704.3941339,USD (1),fis,FAO capture production and ex-vessel prices
Croatia,2022,80273517.24389414,USD (1),fis,FAO capture production and ex-vessel prices
Croatia,2023,73283782.62004977,USD (1),fis,FAO capture production and ex-vessel prices
Cuba,1976,85322381.05682553,USD (1),fis,FAO capture production and ex-vessel prices
Cuba,1977,98726825.1227356,USD (1),fis,FAO capture production and ex-vessel prices
Cuba,1978,125084260.14846629,USD (1),fis,FAO capture production and ex-vessel prices
Cuba,1979,146349220.46384978,USD (1),fis,FAO capture production and ex-vessel prices
Cuba,1980,159047953.13541296,USD (1),fis,FAO capture production and ex-vessel prices
Cuba,1981,161737105.03094128,USD (1),fis,FAO capture production and ex-vessel prices
Cuba,1982,157688313.23854715,USD (1),fis,FAO capture production and ex-vessel prices
Cuba,1983,158128304.58577755,USD (1),fis,FAO capture production and ex-vessel prices
Cuba,1984,179603350.94048083,USD (1),fis,FAO capture production and ex-vessel prices
Cuba,1985,210834713.3470178,USD (1),fis,FAO capture production and ex-vessel prices
Cuba,1986,224721155.5406706,USD (1),fis,FAO capture production and ex-vessel prices
Cuba,1987,240195724.87504917,USD (1),fis,FAO capture production and ex-vessel prices
Cuba,1988,226729440.5874234,USD (1),fis,FAO capture production and ex-vessel prices
Cuba,1989,194091913.75911078,USD (1),fis,FAO capture production and ex-vessel prices
Cuba,1990,161104367.93375877,USD (1),fis,FAO capture production and ex-vessel prices
Cuba,1991,204465307.33904406,USD (1),fis,FAO capture production and ex-vessel prices
Cuba,1992,170748866.56939754,USD (1),fis,FAO capture production and ex-vessel prices
Cuba,1993,151410996.09253857,USD (1),fis,FAO capture production and ex-vessel prices
Cuba,1994,186499252.60217437,USD (1),fis,FAO capture production and ex-vessel prices
Cuba,1995,191382972.57986784,USD (1),fis,FAO capture production and ex-vessel prices
Cuba,1996,174334483.96538836,USD (1),fis,FAO capture production and ex-vessel prices
Cuba,1997,201554177.58661807,USD (1),fis,FAO capture production and ex-vessel prices
Cuba,1998,189486343.53356296,USD (1),fis,FAO capture production and ex-vessel prices
Cuba,1999,266164442.3513061,USD (1),fis,FAO capture production and ex-vessel prices
Cuba,2000,169030289.1012935,USD (1),fis,FAO capture production and ex-vessel prices
Cuba,2001,170350585.38250542,USD (1),fis,FAO capture production and ex-vessel prices
Cuba,2002,195320985.5703212,USD (1),fis,FAO capture production and ex-vessel prices
Cuba,2003,117834851.47369242,USD (1),fis,FAO capture production and ex-vessel prices
Cuba,2004,155461014.623714,USD (1),fis,FAO capture production and ex-vessel prices
Cuba,2005,126144234.45064642,USD (1),fis,FAO capture production and ex-vessel prices
Cuba,2006,106470333.71539956,USD (1),fis,FAO capture production and ex-vessel prices
Cuba,2007,105027443.70041223,USD (1),fis,FAO capture production and ex-vessel prices
Cuba,2008,111976936.07930335,USD (1),fis,FAO capture production and ex-vessel prices
Cuba,2009,70337818.11428463,USD (1),fis,FAO capture production and ex-vessel prices
Cuba,2010,78683154.30511755,USD (1),fis,FAO capture production and ex-vessel prices
Cuba,2011,109803492.30760965,USD (1),fis,FAO capture production and ex-vessel prices
Cuba,2012,103532543.63437495,USD (1),fis,FAO capture production and ex-vessel prices
Cuba,2013,96652377.10717356,USD (1),fis,FAO capture production and ex-vessel prices
Cuba,2014,96951131.58231725,USD (1),fis,FAO capture production and ex-vessel prices
Cuba,2015,84805367.31001759,USD (1),fis,FAO capture production and ex-vessel prices
Cuba,2016,98434621.99522075,USD (1),fis,FAO capture production and ex-vessel prices
Cuba,2017,84423361.25090191,USD (1),fis,FAO capture production and ex-vessel prices
Cuba,2018,91044369.77984732,USD (1),fis,FAO capture production and ex-vessel prices
Cuba,2019,77078949.774276,USD (1),fis,FAO capture production and ex-vessel prices
Cuba,2020,94404939.48305668,USD (1),fis,FAO capture production and ex-vessel prices
Cuba,2021,102215875.27145371,USD (1),fis,FAO capture production and ex-vessel prices
Cuba,2022,108652987.85241203,USD (1),fis,FAO capture production and ex-vessel prices
Cuba,2023,65092927.0232222,USD (1),fis,FAO capture production and ex-vessel prices
Curaçao,2011,28704421.778163925,USD (1),fis,FAO capture production and ex-vessel prices
Curaçao,2012,34698728.617179915,USD (1),fis,FAO capture production and ex-vessel prices
Curaçao,2013,47757353.27845447,USD (1),fis,FAO capture production and ex-vessel prices
Curaçao,2014,44182314.18640772,USD (1),fis,FAO capture production and ex-vessel prices
Curaçao,2015,47813618.91046808,USD (1),fis,FAO capture production and ex-vessel prices
Curaçao,2016,59452967.61935254,USD (1),fis,FAO capture production and ex-vessel prices
Curaçao,2017,65592992.12317485,USD (1),fis,FAO capture production and ex-vessel prices
Curaçao,2018,74221234.76748872,USD (1),fis,FAO capture production and ex-vessel prices
Curaçao,2019,50869418.94265975,USD (1),fis,FAO capture production and ex-vessel prices
Curaçao,2020,39844225.97422652,USD (1),fis,FAO capture production and ex-vessel prices
Curaçao,2021,46961638.88232834,USD (1),fis,FAO capture production and ex-vessel prices
Curaçao,2022,16902787.80254436,USD (1),fis,FAO capture production and ex-vessel prices
Curaçao,2023,2826978.7283762395,USD (1),fis,FAO capture production and ex-vessel prices
Cyprus,1976,341543.2656145983,USD (1),fis,FAO capture production and ex-vessel prices
Cyprus,1977,514352.458938519,USD (1),fis,FAO capture production and ex-vessel prices
Cyprus,1978,449605.27313918306,USD (1),fis,FAO capture production and ex-vessel prices
Cyprus,1979,552871.4142503135,USD (1),fis,FAO capture production and ex-vessel prices
Cyprus,1980,1365242.8856081693,USD (1),fis,FAO capture production and ex-vessel prices
Cyprus,1981,720609.4280082353,USD (1),fis,FAO capture production and ex-vessel prices
Cyprus,1982,866590.8556142913,USD (1),fis,FAO capture production and ex-vessel prices
Cyprus,1983,733325.8492290486,USD (1),fis,FAO capture production and ex-vessel prices
Cyprus,1984,985667.4448725313,USD (1),fis,FAO capture production and ex-vessel prices
Cyprus,1985,1072911.4561916082,USD (1),fis,FAO capture production and ex-vessel prices
Cyprus,1986,1835598.4270921308,USD (1),fis,FAO capture production and ex-vessel prices
Cyprus,1987,1821360.3058066198,USD (1),fis,FAO capture production and ex-vessel prices
Cyprus,1988,1887621.5578915947,USD (1),fis,FAO capture production and ex-vessel prices
Cyprus,1989,1771370.907116272,USD (1),fis,FAO capture production and ex-vessel prices
Cyprus,1990,2284935.952098228,USD (1),fis,FAO capture production and ex-vessel prices
Cyprus,1991,2167856.7642968893,USD (1),fis,FAO capture production and ex-vessel prices
Cyprus,1992,8946549.71545044,USD (1),fis,FAO capture production and ex-vessel prices
Cyprus,1993,12135028.521126067,USD (1),fis,FAO capture production and ex-vessel prices
Cyprus,1994,16687718.14811355,USD (1),fis,FAO capture production and ex-vessel prices
Cyprus,1995,15578485.99004845,USD (1),fis,FAO capture production and ex-vessel prices
Cyprus,1996,14551645.346755255,USD (1),fis,FAO capture production and ex-vessel prices
Cyprus,1997,15487036.345846286,USD (1),fis,FAO capture production and ex-vessel prices
Cyprus,1998,7839984.452772459,USD (1),fis,FAO capture production and ex-vessel prices
Cyprus,1999,17317914.75040686,USD (1),fis,FAO capture production and ex-vessel prices
Cyprus,2000,25890934.81337289,USD (1),fis,FAO capture production and ex-vessel prices
Cyprus,2001,13255858.787905341,USD (1),fis,FAO capture production and ex-vessel prices
Cyprus,2002,22974529.142896317,USD (1),fis,FAO capture production and ex-vessel prices
Cyprus,2003,10345448.776292173,USD (1),fis,FAO capture production and ex-vessel prices
Cyprus,2004,13636702.601723252,USD (1),fis,FAO capture production and ex-vessel prices
Cyprus,2005,10529228.657103017,USD (1),fis,FAO capture production and ex-vessel prices
Cyprus,2006,7572607.167953707,USD (1),fis,FAO capture production and ex-vessel prices
Cyprus,2007,2452165.5948332786,USD (1),fis,FAO capture production and ex-vessel prices
Cyprus,2008,4269189.562830715,USD (1),fis,FAO capture production and ex-vessel prices
Cyprus,2009,2176990.051478926,USD (1),fis,FAO capture production and ex-vessel prices
Cyprus,2010,2363020.4006369463,USD (1),fis,FAO capture production and ex-vessel prices
Cyprus,2011,2051414.693264176,USD (1),fis,FAO capture production and ex-vessel prices
Cyprus,2012,2149200.9501995253,USD (1),fis,FAO capture production and ex-vessel prices
Cyprus,2013,1767987.4914211822,USD (1),fis,FAO capture production and ex-vessel prices
Cyprus,2014,2181714.768200524,USD (1),fis,FAO capture production and ex-vessel prices
Cyprus,2015,3669680.6658903193,USD (1),fis,FAO capture production and ex-vessel prices
Cyprus,2016,3036583.991374005,USD (1),fis,FAO capture production and ex-vessel prices
Cyprus,2017,4044972.93821289,USD (1),fis,FAO capture production and ex-vessel prices
Cyprus,2018,3677849.3488876815,USD (1),fis,FAO capture production and ex-vessel prices
Cyprus,2019,3756895.4982581926,USD (1),fis,FAO capture production and ex-vessel prices
Cyprus,2020,3381457.057367192,USD (1),fis,FAO capture production and ex-vessel prices
Cyprus,2021,3967282.168804051,USD (1),fis,FAO capture production and ex-vessel prices
Cyprus,2022,4592877.9949338315,USD (1),fis,FAO capture production and ex-vessel prices
Cyprus,2023,4502366.02280516,USD (1),fis,FAO capture production and ex-vessel prices
Côte d'Ivoire,1976,19195291.895112097,USD (1),fis,FAO capture production and ex-vessel prices
Côte d'Ivoire,1977,20382497.618462503,USD (1),fis,FAO capture production and ex-vessel prices
Côte d'Ivoire,1978,20452675.20492979,USD (1),fis,FAO capture production and ex-vessel prices
Côte d'Ivoire,1979,20260041.600097705,USD (1),fis,FAO capture production and ex-vessel prices
Côte d'Ivoire,1980,19683460.52091683,USD (1),fis,FAO capture production and ex-vessel prices
Côte d'Ivoire,1981,27193303.31463609,USD (1),fis,FAO capture production and ex-vessel prices
Côte d'Ivoire,1982,24824084.222278915,USD (1),fis,FAO capture production and ex-vessel prices
Côte d'Ivoire,1983,26819434.456673272,USD (1),fis,FAO capture production and ex-vessel prices
Côte d'Ivoire,1984,24654951.835847568,USD (1),fis,FAO capture production and ex-vessel prices
Côte d'Ivoire,1985,26037458.711990155,USD (1),fis,FAO capture production and ex-vessel prices
Côte d'Ivoire,1986,17684995.035066485,USD (1),fis,FAO capture production and ex-vessel prices
Côte d'Ivoire,1987,27177775.31771271,USD (1),fis,FAO capture production and ex-vessel prices
Côte d'Ivoire,1988,25182989.35736572,USD (1),fis,FAO capture production and ex-vessel prices
Côte d'Ivoire,1989,34050211.13689099,USD (1),fis,FAO capture production and ex-vessel prices
Côte d'Ivoire,1990,54449629.17535353,USD (1),fis,FAO capture production and ex-vessel prices
Côte d'Ivoire,1991,34119119.89960716,USD (1),fis,FAO capture production and ex-vessel prices
Côte d'Ivoire,1992,38066500.33622495,USD (1),fis,FAO capture production and ex-vessel prices
Côte d'Ivoire,1993,28625345.98753853,USD (1),fis,FAO capture production and ex-vessel prices
Côte d'Ivoire,1994,29600772.41490316,USD (1),fis,FAO capture production and ex-vessel prices
Côte d'Ivoire,1995,35758723.26676429,USD (1),fis,FAO capture production and ex-vessel prices
Côte d'Ivoire,1996,33386028.592491694,USD (1),fis,FAO capture production and ex-vessel prices
Côte d'Ivoire,1997,31292777.818489943,USD (1),fis,FAO capture production and ex-vessel prices
Côte d'Ivoire,1998,16870126.275170792,USD (1),fis,FAO capture production and ex-vessel prices
Côte d'Ivoire,1999,20977732.20106883,USD (1),fis,FAO capture production and ex-vessel prices
Côte d'Ivoire,2000,24692942.451589923,USD (1),fis,FAO capture production and ex-vessel prices
Côte d'Ivoire,2001,12187601.308793047,USD (1),fis,FAO capture production and ex-vessel prices
Côte d'Ivoire,2002,12899008.284260107,USD (1),fis,FAO capture production and ex-vessel prices
Côte d'Ivoire,2003,10060830.20197531,USD (1),fis,FAO capture production and ex-vessel prices
Côte d'Ivoire,2004,12350960.266912816,USD (1),fis,FAO capture production and ex-vessel prices
Côte d'Ivoire,2005,14866120.96385221,USD (1),fis,FAO capture production and ex-vessel prices
Côte d'Ivoire,2006,14725282.663339453,USD (1),fis,FAO capture production and ex-vessel prices
Côte d'Ivoire,2007,13434762.420527244,USD (1),fis,FAO capture production and ex-vessel prices
Côte d'Ivoire,2008,32963822.682462145,USD (1),fis,FAO capture production and ex-vessel prices
Côte d'Ivoire,2009,43539591.30375721,USD (1),fis,FAO capture production and ex-vessel prices
Côte d'Ivoire,2010,40419622.8323399,USD (1),fis,FAO capture production and ex-vessel prices
Côte d'Ivoire,2011,43478136.54530365,USD (1),fis,FAO capture production and ex-vessel prices
Côte d'Ivoire,2012,48893738.23030703,USD (1),fis,FAO capture production and ex-vessel prices
Côte d'Ivoire,2013,63976728.7331947,USD (1),fis,FAO capture production and ex-vessel prices
Côte d'Ivoire,2014,72638405.957443,USD (1),fis,FAO capture production and ex-vessel prices
Côte d'Ivoire,2015,87112992.00562072,USD (1),fis,FAO capture production and ex-vessel prices
Côte d'Ivoire,2016,59540837.51528598,USD (1),fis,FAO capture production and ex-vessel prices
Côte d'Ivoire,2017,75177843.98005435,USD (1),fis,FAO capture production and ex-vessel prices
Côte d'Ivoire,2018,112562752.76548253,USD (1),fis,FAO capture production and ex-vessel prices
Côte d'Ivoire,2019,135568245.7605566,USD (1),fis,FAO capture production and ex-vessel prices
Côte d'Ivoire,2020,62727632.23158179,USD (1),fis,FAO capture production and ex-vessel prices
Côte d'Ivoire,2021,83077798.33082834,USD (1),fis,FAO capture production and ex-vessel prices
Côte d'Ivoire,2022,125865495.06304269,USD (1),fis,FAO capture production and ex-vessel prices
Côte d'Ivoire,2023,108030992.76133852,USD (1),fis,FAO capture production and ex-vessel prices
Democratic People's Republic of Korea,1976,0,USD (1),fis,FAO capture production and ex-vessel prices
Democratic People's Republic of Korea,1977,0,USD (1),fis,FAO capture production and ex-vessel prices
Democratic People's Republic of Korea,1978,0,USD (1),fis,FAO capture production and ex-vessel prices
Democratic People's Republic of Korea,1979,0,USD (1),fis,FAO capture production and ex-vessel prices
Democratic People's Republic of Korea,1980,0,USD (1),fis,FAO capture production and ex-vessel prices
Democratic People's Republic of Korea,1981,0,USD (1),fis,FAO capture production and ex-vessel prices
Democratic People's Republic of Korea,1982,0,USD (1),fis,FAO capture production and ex-vessel prices
Democratic People's Republic of Korea,1983,0,USD (1),fis,FAO capture production and ex-vessel prices
Democratic People's Republic of Korea,1984,0,USD (1),fis,FAO capture production and ex-vessel prices
Democratic People's Republic of Korea,1985,0,USD (1),fis,FAO capture production and ex-vessel prices
Democratic People's Republic of Korea,1986,0,USD (1),fis,FAO capture production and ex-vessel prices
Democratic People's Republic of Korea,1987,0,USD (1),fis,FAO capture production and ex-vessel prices
Democratic People's Republic of Korea,1988,0,USD (1),fis,FAO capture production and ex-vessel prices
Democratic People's Republic of Korea,1989,0,USD (1),fis,FAO capture production and ex-vessel prices
Democratic People's Republic of Korea,1990,0,USD (1),fis,FAO capture production and ex-vessel prices
Democratic People's Republic of Korea,1991,0,USD (1),fis,FAO capture production and ex-vessel prices
Democratic People's Republic of Korea,1992,0,USD (1),fis,FAO capture production and ex-vessel prices
Democratic People's Republic of Korea,1993,0,USD (1),fis,FAO capture production and ex-vessel prices
Democratic People's Republic of Korea,1994,153003263.44807222,USD (1),fis,FAO capture production and ex-vessel prices
Democratic People's Republic of Korea,1995,177967072.93196815,USD (1),fis,FAO capture production and ex-vessel prices
Democratic People's Republic of Korea,1996,31942543.736428045,USD (1),fis,FAO capture production and ex-vessel prices
Democratic People's Republic of Korea,1997,89272346.80975343,USD (1),fis,FAO capture production and ex-vessel prices
Democratic People's Republic of Korea,1998,56694926.6951836,USD (1),fis,FAO capture production and ex-vessel prices
Democratic People's Republic of Korea,1999,69901204.81068799,USD (1),fis,FAO capture production and ex-vessel prices
Democratic People's Republic of Korea,2000,63477809.64421301,USD (1),fis,FAO capture production and ex-vessel prices
Democratic People's Republic of Korea,2001,68973362.78221035,USD (1),fis,FAO capture production and ex-vessel prices
Democratic People's Republic of Korea,2002,67980606.721471,USD (1),fis,FAO capture production and ex-vessel prices
Democratic People's Republic of Korea,2003,66539110.65894262,USD (1),fis,FAO capture production and ex-vessel prices
Democratic People's Republic of Korea,2004,55318570.131177664,USD (1),fis,FAO capture production and ex-vessel prices
Democratic People's Republic of Korea,2005,42375071.41943231,USD (1),fis,FAO capture production and ex-vessel prices
Democratic People's Republic of Korea,2006,41940915.72623329,USD (1),fis,FAO capture production and ex-vessel prices
Democratic People's Republic of Korea,2007,39681607.8863757,USD (1),fis,FAO capture production and ex-vessel prices
Democratic People's Republic of Korea,2008,44825397.959183276,USD (1),fis,FAO capture production and ex-vessel prices
Democratic People's Republic of Korea,2009,54641270.88533336,USD (1),fis,FAO capture production and ex-vessel prices
Democratic People's Republic of Korea,2010,59139893.88895534,USD (1),fis,FAO capture production and ex-vessel prices
Democratic People's Republic of Korea,2011,62297350.50792906,USD (1),fis,FAO capture production and ex-vessel prices
Democratic People's Republic of Korea,2012,71900241.03472917,USD (1),fis,FAO capture production and ex-vessel prices
Democratic People's Republic of Korea,2013,55776650.635282725,USD (1),fis,FAO capture production and ex-vessel prices
Democratic People's Republic of Korea,2014,61575796.16617431,USD (1),fis,FAO capture production and ex-vessel prices
Democratic People's Republic of Korea,2015,56264958.59895884,USD (1),fis,FAO capture production and ex-vessel prices
Democratic People's Republic of Korea,2016,51697890.15767,USD (1),fis,FAO capture production and ex-vessel prices
Democratic People's Republic of Korea,2017,50551933.00997144,USD (1),fis,FAO capture production and ex-vessel prices
Democratic People's Republic of Korea,2018,54539279.02017282,USD (1),fis,FAO capture production and ex-vessel prices
Democratic People's Republic of Korea,2019,58661821.50598335,USD (1),fis,FAO capture production and ex-vessel prices
Democratic People's Republic of Korea,2020,55103571.565867156,USD (1),fis,FAO capture production and ex-vessel prices
Democratic People's Republic of Korea,2021,56819408.75567613,USD (1),fis,FAO capture production and ex-vessel prices
Democratic People's Republic of Korea,2022,64063381.15256874,USD (1),fis,FAO capture production and ex-vessel prices
Democratic People's Republic of Korea,2023,61227484.81745008,USD (1),fis,FAO capture production and ex-vessel prices
Democratic Republic of the Congo,1976,1396550.36421106,USD (1),fis,FAO capture production and ex-vessel prices
Democratic Republic of the Congo,1977,261892.94817106327,USD (1),fis,FAO capture production and ex-vessel prices
Democratic Republic of the Congo,1978,40841.68112000449,USD (1),fis,FAO capture production and ex-vessel prices
Democratic Republic of the Congo,1979,86034.93912805212,USD (1),fis,FAO capture production and ex-vessel prices
Democratic Republic of the Congo,1980,73012.43573007722,USD (1),fis,FAO capture production and ex-vessel prices
Democratic Republic of the Congo,1981,97775.79431193991,USD (1),fis,FAO capture production and ex-vessel prices
Democratic Republic of the Congo,1982,105415.58845017344,USD (1),fis,FAO capture production and ex-vessel prices
Democratic Republic of the Congo,1983,165124.91925177193,USD (1),fis,FAO capture production and ex-vessel prices
Democratic Republic of the Congo,1984,270609.118937426,USD (1),fis,FAO capture production and ex-vessel prices
Democratic Republic of the Congo,1985,251961.48834330082,USD (1),fis,FAO capture production and ex-vessel prices
Democratic Republic of the Congo,1986,356586.5534257699,USD (1),fis,FAO capture production and ex-vessel prices
Democratic Republic of the Congo,1987,357134.5310632044,USD (1),fis,FAO capture production and ex-vessel prices
Democratic Republic of the Congo,1988,508044.49013925396,USD (1),fis,FAO capture production and ex-vessel prices
Democratic Republic of the Congo,1989,525928.2521440726,USD (1),fis,FAO capture production and ex-vessel prices
Democratic Republic of the Congo,1990,587905.2902581716,USD (1),fis,FAO capture production and ex-vessel prices
Democratic Republic of the Congo,1991,735089.6723293315,USD (1),fis,FAO capture production and ex-vessel prices
Democratic Republic of the Congo,1992,993774.1212449018,USD (1),fis,FAO capture production and ex-vessel prices
Democratic Republic of the Congo,1993,767769.5245074814,USD (1),fis,FAO capture production and ex-vessel prices
Democratic Republic of the Congo,1994,1141785.734619339,USD (1),fis,FAO capture production and ex-vessel prices
Democratic Republic of the Congo,1995,1437583.2687394768,USD (1),fis,FAO capture production and ex-vessel prices
Democratic Republic of the Congo,1996,1408245.0852994458,USD (1),fis,FAO capture production and ex-vessel prices
Democratic Republic of the Congo,1997,1263158.4841287676,USD (1),fis,FAO capture production and ex-vessel prices
Democratic Republic of the Congo,1998,1139167.9409988397,USD (1),fis,FAO capture production and ex-vessel prices
Democratic Republic of the Congo,1999,1032535.9845269589,USD (1),fis,FAO capture production and ex-vessel prices
Democratic Republic of the Congo,2000,1218690.579051927,USD (1),fis,FAO capture production and ex-vessel prices
Democratic Republic of the Congo,2001,825471.7909394352,USD (1),fis,FAO capture production and ex-vessel prices
Democratic Republic of the Congo,2002,969487.9989465888,USD (1),fis,FAO capture production and ex-vessel prices
Democratic Republic of the Congo,2003,1231323.6768226614,USD (1),fis,FAO capture production and ex-vessel prices
Democratic Republic of the Congo,2004,1109066.5911508738,USD (1),fis,FAO capture production and ex-vessel prices
Democratic Republic of the Congo,2005,1192509.5806932529,USD (1),fis,FAO capture production and ex-vessel prices
Democratic Republic of the Congo,2006,1064285.7060464132,USD (1),fis,FAO capture production and ex-vessel prices
Democratic Republic of the Congo,2007,904512.549449391,USD (1),fis,FAO capture production and ex-vessel prices
Democratic Republic of the Congo,2008,1490456.8005040467,USD (1),fis,FAO capture production and ex-vessel prices
Democratic Republic of the Congo,2009,1610872.7455641076,USD (1),fis,FAO capture production and ex-vessel prices
Democratic Republic of the Congo,2010,1825605.9972101944,USD (1),fis,FAO capture production and ex-vessel prices
Democratic Republic of the Congo,2011,2106626.432423572,USD (1),fis,FAO capture production and ex-vessel prices
Democratic Republic of the Congo,2012,2272585.657321753,USD (1),fis,FAO capture production and ex-vessel prices
Democratic Republic of the Congo,2013,2157135.342949666,USD (1),fis,FAO capture production and ex-vessel prices
Democratic Republic of the Congo,2014,2381801.156659999,USD (1),fis,FAO capture production and ex-vessel prices
Democratic Republic of the Congo,2015,2959257.7608799515,USD (1),fis,FAO capture production and ex-vessel prices
Democratic Republic of the Congo,2016,4113959.9772464116,USD (1),fis,FAO capture production and ex-vessel prices
Democratic Republic of the Congo,2017,4905531.972004922,USD (1),fis,FAO capture production and ex-vessel prices
Democratic Republic of the Congo,2018,4966535.516796209,USD (1),fis,FAO capture production and ex-vessel prices
Democratic Republic of the Congo,2019,5813216.5236988915,USD (1),fis,FAO capture production and ex-vessel prices
Democratic Republic of the Congo,2020,4061080.7860455117,USD (1),fis,FAO capture production and ex-vessel prices
Democratic Republic of the Congo,2021,4304819.166009201,USD (1),fis,FAO capture production and ex-vessel prices
Democratic Republic of the Congo,2022,4859133.203324202,USD (1),fis,FAO capture production and ex-vessel prices
Democratic Republic of the Congo,2023,4661125.454815375,USD (1),fis,FAO capture production and ex-vessel prices
Denmark,1976,449242111.373999,USD (1),fis,FAO capture production and ex-vessel prices
Denmark,1977,418317111.7532732,USD (1),fis,FAO capture production and ex-vessel prices
Denmark,1978,424467669.75080585,USD (1),fis,FAO capture production and ex-vessel prices
Denmark,1979,522463007.18740517,USD (1),fis,FAO capture production and ex-vessel prices
Denmark,1980,640595359.9896271,USD (1),fis,FAO capture production and ex-vessel prices
Denmark,1981,503281742.07275367,USD (1),fis,FAO capture production and ex-vessel prices
Denmark,1982,578736629.0897318,USD (1),fis,FAO capture production and ex-vessel prices
Denmark,1983,583050671.3276441,USD (1),fis,FAO capture production and ex-vessel prices
Denmark,1984,516928986.2981094,USD (1),fis,FAO capture production and ex-vessel prices
Denmark,1985,522243494.44420654,USD (1),fis,FAO capture production and ex-vessel prices
Denmark,1986,583343284.3615259,USD (1),fis,FAO capture production and ex-vessel prices
Denmark,1987,673693588.0360985,USD (1),fis,FAO capture production and ex-vessel prices
Denmark,1988,682721822.0693156,USD (1),fis,FAO capture production and ex-vessel prices
Denmark,1989,576119396.9071227,USD (1),fis,FAO capture production and ex-vessel prices
Denmark,1990,660740960.0996072,USD (1),fis,FAO capture production and ex-vessel prices
Denmark,1991,734427397.4939942,USD (1),fis,FAO capture production and ex-vessel prices
Denmark,1992,828532441.0031582,USD (1),fis,FAO capture production and ex-vessel prices
Denmark,1993,538443773.0179558,USD (1),fis,FAO capture production and ex-vessel prices
Denmark,1994,604726861.3346235,USD (1),fis,FAO capture production and ex-vessel prices
Denmark,1995,666218819.231122,USD (1),fis,FAO capture production and ex-vessel prices
Denmark,1996,617253893.4294426,USD (1),fis,FAO capture production and ex-vessel prices
Denmark,1997,555421955.0637897,USD (1),fis,FAO capture production and ex-vessel prices
Denmark,1998,455895756.2794964,USD (1),fis,FAO capture production and ex-vessel prices
Denmark,1999,408828548.2279219,USD (1),fis,FAO capture production and ex-vessel prices
Denmark,2000,388860293.48121846,USD (1),fis,FAO capture production and ex-vessel prices
Denmark,2001,359384057.1818413,USD (1),fis,FAO capture production and ex-vessel prices
Denmark,2002,365184150.2360855,USD (1),fis,FAO capture production and ex-vessel prices
Denmark,2003,333819317.88307166,USD (1),fis,FAO capture production and ex-vessel prices
Denmark,2004,359127661.68816924,USD (1),fis,FAO capture production and ex-vessel prices
Denmark,2005,352754725.3033948,USD (1),fis,FAO capture production and ex-vessel prices
Denmark,2006,365831227.0917928,USD (1),fis,FAO capture production and ex-vessel prices
Denmark,2007,306188975.08703244,USD (1),fis,FAO capture production and ex-vessel prices
Denmark,2008,350494986.2023506,USD (1),fis,FAO capture production and ex-vessel prices
Denmark,2009,313279278.4312099,USD (1),fis,FAO capture production and ex-vessel prices
Denmark,2010,415358853.2729878,USD (1),fis,FAO capture production and ex-vessel prices
Denmark,2011,393339198.0295455,USD (1),fis,FAO capture production and ex-vessel prices
Denmark,2012,449532795.57106316,USD (1),fis,FAO capture production and ex-vessel prices
Denmark,2013,413774745.0860115,USD (1),fis,FAO capture production and ex-vessel prices
Denmark,2014,443605601.1754997,USD (1),fis,FAO capture production and ex-vessel prices
Denmark,2015,397180777.7036421,USD (1),fis,FAO capture production and ex-vessel prices
Denmark,2016,441562483.55501664,USD (1),fis,FAO capture production and ex-vessel prices
Denmark,2017,399868673.6399589,USD (1),fis,FAO capture production and ex-vessel prices
Denmark,2018,408703694.47203064,USD (1),fis,FAO capture production and ex-vessel prices
Denmark,2019,412041172.0140754,USD (1),fis,FAO capture production and ex-vessel prices
Denmark,2020,359672049.2569572,USD (1),fis,FAO capture production and ex-vessel prices
Denmark,2021,337357183.74067765,USD (1),fis,FAO capture production and ex-vessel prices
Denmark,2022,293631365.5832182,USD (1),fis,FAO capture production and ex-vessel prices
Denmark,2023,247023744.69937778,USD (1),fis,FAO capture production and ex-vessel prices
Djibouti,1976,0,USD (1),fis,FAO capture production and ex-vessel prices
Djibouti,1977,0,USD (1),fis,FAO capture production and ex-vessel prices
Djibouti,1978,0,USD (1),fis,FAO capture production and ex-vessel prices
Djibouti,1979,0,USD (1),fis,FAO capture production and ex-vessel prices
Djibouti,1980,0,USD (1),fis,FAO capture production and ex-vessel prices
Djibouti,1981,0,USD (1),fis,FAO capture production and ex-vessel prices
Djibouti,1982,0,USD (1),fis,FAO capture production and ex-vessel prices
Djibouti,1983,0,USD (1),fis,FAO capture production and ex-vessel prices
Djibouti,1984,0,USD (1),fis,FAO capture production and ex-vessel prices
Djibouti,1985,0,USD (1),fis,FAO capture production and ex-vessel prices
Djibouti,1986,0,USD (1),fis,FAO capture production and ex-vessel prices
Djibouti,1987,0,USD (1),fis,FAO capture production and ex-vessel prices
Djibouti,1988,0,USD (1),fis,FAO capture production and ex-vessel prices
Djibouti,1989,0,USD (1),fis,FAO capture production and ex-vessel prices
Djibouti,1990,0,USD (1),fis,FAO capture production and ex-vessel prices
Djibouti,1991,0,USD (1),fis,FAO capture production and ex-vessel prices
Djibouti,1992,0,USD (1),fis,FAO capture production and ex-vessel prices
Djibouti,1993,0,USD (1),fis,FAO capture production and ex-vessel prices
Djibouti,1994,0,USD (1),fis,FAO capture production and ex-vessel prices
Djibouti,1995,0,USD (1),fis,FAO capture production and ex-vessel prices
Djibouti,1996,0,USD (1),fis,FAO capture production and ex-vessel prices
Djibouti,1997,0,USD (1),fis,FAO capture production and ex-vessel prices
Djibouti,1998,0,USD (1),fis,FAO capture production and ex-vessel prices
Djibouti,1999,0,USD (1),fis,FAO capture production and ex-vessel prices
Djibouti,2000,0,USD (1),fis,FAO capture production and ex-vessel prices
Djibouti,2001,0,USD (1),fis,FAO capture production and ex-vessel prices
Djibouti,2002,0,USD (1),fis,FAO capture production and ex-vessel prices
Djibouti,2003,0,USD (1),fis,FAO capture production and ex-vessel prices
Djibouti,2004,0,USD (1),fis,FAO capture production and ex-vessel prices
Djibouti,2005,0,USD (1),fis,FAO capture production and ex-vessel prices
Djibouti,2006,0,USD (1),fis,FAO capture production and ex-vessel prices
Djibouti,2007,0,USD (1),fis,FAO capture production and ex-vessel prices
Djibouti,2008,0,USD (1),fis,FAO capture production and ex-vessel prices
Djibouti,2009,0,USD (1),fis,FAO capture production and ex-vessel prices
Djibouti,2010,28693.2210342496,USD (1),fis,FAO capture production and ex-vessel prices
Djibouti,2011,26646.140824429083,USD (1),fis,FAO capture production and ex-vessel prices
Djibouti,2012,15540.292006131604,USD (1),fis,FAO capture production and ex-vessel prices
Djibouti,2013,23998.35123188761,USD (1),fis,FAO capture production and ex-vessel prices
Djibouti,2014,269156.65354822983,USD (1),fis,FAO capture production and ex-vessel prices
Djibouti,2015,169536.69004460055,USD (1),fis,FAO capture production and ex-vessel prices
Djibouti,2016,58708.94606242118,USD (1),fis,FAO capture production and ex-vessel prices
Djibouti,2017,18582.017102316946,USD (1),fis,FAO capture production and ex-vessel prices
Djibouti,2018,218323.75310803013,USD (1),fis,FAO capture production and ex-vessel prices
Djibouti,2019,4366024.273118839,USD (1),fis,FAO capture production and ex-vessel prices
Djibouti,2020,4615204.774262761,USD (1),fis,FAO capture production and ex-vessel prices
Djibouti,2021,6727578.1148681315,USD (1),fis,FAO capture production and ex-vessel prices
Djibouti,2022,8207996.607664862,USD (1),fis,FAO capture production and ex-vessel prices
Djibouti,2023,7710809.6298950985,USD (1),fis,FAO capture production and ex-vessel prices
Dominica,1976,0,USD (1),fis,FAO capture production and ex-vessel prices
Dominica,1977,0,USD (1),fis,FAO capture production and ex-vessel prices
Dominica,1978,0,USD (1),fis,FAO capture production and ex-vessel prices
Dominica,1979,0,USD (1),fis,FAO capture production and ex-vessel prices
Dominica,1980,0,USD (1),fis,FAO capture production and ex-vessel prices
Dominica,1981,0,USD (1),fis,FAO capture production and ex-vessel prices
Dominica,1982,0,USD (1),fis,FAO capture production and ex-vessel prices
Dominica,1983,0,USD (1),fis,FAO capture production and ex-vessel prices
Dominica,1984,0,USD (1),fis,FAO capture production and ex-vessel prices
Dominica,1985,0,USD (1),fis,FAO capture production and ex-vessel prices
Dominica,1986,0,USD (1),fis,FAO capture production and ex-vessel prices
Dominica,1987,0,USD (1),fis,FAO capture production and ex-vessel prices
Dominica,1988,1096.9453756051355,USD (1),fis,FAO capture production and ex-vessel prices
Dominica,1989,4420.6286089664345,USD (1),fis,FAO capture production and ex-vessel prices
Dominica,1990,201871.27588403493,USD (1),fis,FAO capture production and ex-vessel prices
Dominica,1991,165752.97628662045,USD (1),fis,FAO capture production and ex-vessel prices
Dominica,1992,220209.67307838617,USD (1),fis,FAO capture production and ex-vessel prices
Dominica,1993,191214.4520890699,USD (1),fis,FAO capture production and ex-vessel prices
Dominica,1994,256944.1127369778,USD (1),fis,FAO capture production and ex-vessel prices
Dominica,1995,247840.48118558782,USD (1),fis,FAO capture production and ex-vessel prices
Dominica,1996,145807.13793801834,USD (1),fis,FAO capture production and ex-vessel prices
Dominica,1997,140926.81357292863,USD (1),fis,FAO capture production and ex-vessel prices
Dominica,1998,158468.39941836588,USD (1),fis,FAO capture production and ex-vessel prices
Dominica,1999,391749.55812442274,USD (1),fis,FAO capture production and ex-vessel prices
Dominica,2000,383478.14641429187,USD (1),fis,FAO capture production and ex-vessel prices
Dominica,2001,332269.8050185548,USD (1),fis,FAO capture production and ex-vessel prices
Dominica,2002,848156.0661770998,USD (1),fis,FAO capture production and ex-vessel prices
Dominica,2003,512612.60567544174,USD (1),fis,FAO capture production and ex-vessel prices
Dominica,2004,336399.0137199112,USD (1),fis,FAO capture production and ex-vessel prices
Dominica,2005,465452.31458409573,USD (1),fis,FAO capture production and ex-vessel prices
Dominica,2006,618615.0004649336,USD (1),fis,FAO capture production and ex-vessel prices
Dominica,2007,652138.7121467447,USD (1),fis,FAO capture production and ex-vessel prices
Dominica,2008,972424.6353054096,USD (1),fis,FAO capture production and ex-vessel prices
Dominica,2009,909881.1983607978,USD (1),fis,FAO capture production and ex-vessel prices
Dominica,2010,752861.6038518781,USD (1),fis,FAO capture production and ex-vessel prices
Dominica,2011,542440.7628286049,USD (1),fis,FAO capture production and ex-vessel prices
Dominica,2012,430462.1767247181,USD (1),fis,FAO capture production and ex-vessel prices
Dominica,2013,417315.80902690894,USD (1),fis,FAO capture production and ex-vessel prices
Dominica,2014,1034064.565447771,USD (1),fis,FAO capture production and ex-vessel prices
Dominica,2015,1065763.651740244,USD (1),fis,FAO capture production and ex-vessel prices
Dominica,2016,758472.5402710793,USD (1),fis,FAO capture production and ex-vessel prices
Dominica,2017,1333026.6431561687,USD (1),fis,FAO capture production and ex-vessel prices
Dominica,2018,790056.5669927091,USD (1),fis,FAO capture production and ex-vessel prices
Dominica,2019,1066275.6937123798,USD (1),fis,FAO capture production and ex-vessel prices
Dominica,2020,538887.1445650471,USD (1),fis,FAO capture production and ex-vessel prices
Dominica,2021,428863.593828752,USD (1),fis,FAO capture production and ex-vessel prices
Dominica,2022,497993.0400755278,USD (1),fis,FAO capture production and ex-vessel prices
Dominica,2023,677265.3254959413,USD (1),fis,FAO capture production and ex-vessel prices
Dominican Republic,1976,1103878.5794828495,USD (1),fis,FAO capture production and ex-vessel prices
Dominican Republic,1977,991816.2297712915,USD (1),fis,FAO capture production and ex-vessel prices
Dominican Republic,1978,2212547.898621551,USD (1),fis,FAO capture production and ex-vessel prices
Dominican Republic,1979,5106072.832836771,USD (1),fis,FAO capture production and ex-vessel prices
Dominican Republic,1980,4755068.223111135,USD (1),fis,FAO capture production and ex-vessel prices
Dominican Republic,1981,6001933.364368235,USD (1),fis,FAO capture production and ex-vessel prices
Dominican Republic,1982,5154845.428375208,USD (1),fis,FAO capture production and ex-vessel prices
Dominican Republic,1983,8166882.182214243,USD (1),fis,FAO capture production and ex-vessel prices
Dominican Republic,1984,6473108.977230229,USD (1),fis,FAO capture production and ex-vessel prices
Dominican Republic,1985,11866460.350074226,USD (1),fis,FAO capture production and ex-vessel prices
Dominican Republic,1986,9747322.777692255,USD (1),fis,FAO capture production and ex-vessel prices
Dominican Republic,1987,14874084.529624354,USD (1),fis,FAO capture production and ex-vessel prices
Dominican Republic,1988,8144430.222695426,USD (1),fis,FAO capture production and ex-vessel prices
Dominican Republic,1989,14148933.894997694,USD (1),fis,FAO capture production and ex-vessel prices
Dominican Republic,1990,14856881.744446939,USD (1),fis,FAO capture production and ex-vessel prices
Dominican Republic,1991,15252244.57908285,USD (1),fis,FAO capture production and ex-vessel prices
Dominican Republic,1992,14111528.070799885,USD (1),fis,FAO capture production and ex-vessel prices
Dominican Republic,1993,12688001.212957364,USD (1),fis,FAO capture production and ex-vessel prices
Dominican Republic,1994,27681169.689927712,USD (1),fis,FAO capture production and ex-vessel prices
Dominican Republic,1995,26887427.685356233,USD (1),fis,FAO capture production and ex-vessel prices
Dominican Republic,1996,18180943.04101869,USD (1),fis,FAO capture production and ex-vessel prices
Dominican Republic,1997,29843802.472552158,USD (1),fis,FAO capture production and ex-vessel prices
Dominican Republic,1998,17882458.951661672,USD (1),fis,FAO capture production and ex-vessel prices
Dominican Republic,1999,24148051.511191756,USD (1),fis,FAO capture production and ex-vessel prices
Dominican Republic,2000,27411220.04278447,USD (1),fis,FAO capture production and ex-vessel prices
Dominican Republic,2001,29690706.910893027,USD (1),fis,FAO capture production and ex-vessel prices
Dominican Republic,2002,58903261.32925756,USD (1),fis,FAO capture production and ex-vessel prices
Dominican Republic,2003,20893010.527466398,USD (1),fis,FAO capture production and ex-vessel prices
Dominican Republic,2004,21438411.174867243,USD (1),fis,FAO capture production and ex-vessel prices
Dominican Republic,2005,20613218.777142584,USD (1),fis,FAO capture production and ex-vessel prices
Dominican Republic,2006,20703706.54211536,USD (1),fis,FAO capture production and ex-vessel prices
Dominican Republic,2007,25037167.97813749,USD (1),fis,FAO capture production and ex-vessel prices
Dominican Republic,2008,26924917.061737914,USD (1),fis,FAO capture production and ex-vessel prices
Dominican Republic,2009,29208695.651669193,USD (1),fis,FAO capture production and ex-vessel prices
Dominican Republic,2010,25427577.735131864,USD (1),fis,FAO capture production and ex-vessel prices
Dominican Republic,2011,54240898.54798269,USD (1),fis,FAO capture production and ex-vessel prices
Dominican Republic,2012,55220508.4832209,USD (1),fis,FAO capture production and ex-vessel prices
Dominican Republic,2013,51616655.519330725,USD (1),fis,FAO capture production and ex-vessel prices
Dominican Republic,2014,52536947.02944119,USD (1),fis,FAO capture production and ex-vessel prices
Dominican Republic,2015,27126313.79885112,USD (1),fis,FAO capture production and ex-vessel prices
Dominican Republic,2016,32933582.511479564,USD (1),fis,FAO capture production and ex-vessel prices
Dominican Republic,2017,34966566.4624716,USD (1),fis,FAO capture production and ex-vessel prices
Dominican Republic,2018,40611771.865127794,USD (1),fis,FAO capture production and ex-vessel prices
Dominican Republic,2019,45663663.13441627,USD (1),fis,FAO capture production and ex-vessel prices
Dominican Republic,2020,33663685.25232243,USD (1),fis,FAO capture production and ex-vessel prices
Dominican Republic,2021,49785511.15322635,USD (1),fis,FAO capture production and ex-vessel prices
Dominican Republic,2022,50173737.51268139,USD (1),fis,FAO capture production and ex-vessel prices
Dominican Republic,2023,42232889.723182455,USD (1),fis,FAO capture production and ex-vessel prices
Ecuador,1976,107046371.72472106,USD (1),fis,FAO capture production and ex-vessel prices
Ecuador,1977,204534934.7580777,USD (1),fis,FAO capture production and ex-vessel prices
Ecuador,1978,309398787.7133104,USD (1),fis,FAO capture production and ex-vessel prices
Ecuador,1979,325976325.07035816,USD (1),fis,FAO capture production and ex-vessel prices
Ecuador,1980,407194951.4819742,USD (1),fis,FAO capture production and ex-vessel prices
Ecuador,1981,259364919.30548725,USD (1),fis,FAO capture production and ex-vessel prices
Ecuador,1982,239921549.24949118,USD (1),fis,FAO capture production and ex-vessel prices
Ecuador,1983,152884701.34979668,USD (1),fis,FAO capture production and ex-vessel prices
Ecuador,1984,281962152.23261714,USD (1),fis,FAO capture production and ex-vessel prices
Ecuador,1985,155647001.55083427,USD (1),fis,FAO capture production and ex-vessel prices
Ecuador,1986,250588004.45170435,USD (1),fis,FAO capture production and ex-vessel prices
Ecuador,1987,244032856.33369178,USD (1),fis,FAO capture production and ex-vessel prices
Ecuador,1988,285636293.34081393,USD (1),fis,FAO capture production and ex-vessel prices
Ecuador,1989,336330839.4529899,USD (1),fis,FAO capture production and ex-vessel prices
Ecuador,1990,247212670.29970834,USD (1),fis,FAO capture production and ex-vessel prices
Ecuador,1991,259162144.12768155,USD (1),fis,FAO capture production and ex-vessel prices
Ecuador,1992,243786674.9321479,USD (1),fis,FAO capture production and ex-vessel prices
Ecuador,1993,299225648.2893262,USD (1),fis,FAO capture production and ex-vessel prices
Ecuador,1994,325621349.98319703,USD (1),fis,FAO capture production and ex-vessel prices
Ecuador,1995,424290893.7811528,USD (1),fis,FAO capture production and ex-vessel prices
Ecuador,1996,335759097.17554045,USD (1),fis,FAO capture production and ex-vessel prices
Ecuador,1997,470597104.763932,USD (1),fis,FAO capture production and ex-vessel prices
Ecuador,1998,324835747.142821,USD (1),fis,FAO capture production and ex-vessel prices
Ecuador,1999,422845474.40230536,USD (1),fis,FAO capture production and ex-vessel prices
Ecuador,2000,388460886.9071709,USD (1),fis,FAO capture production and ex-vessel prices
Ecuador,2001,408241088.789578,USD (1),fis,FAO capture production and ex-vessel prices
Ecuador,2002,312346386.6872891,USD (1),fis,FAO capture production and ex-vessel prices
Ecuador,2003,365430723.40908813,USD (1),fis,FAO capture production and ex-vessel prices
Ecuador,2004,318300722.35078555,USD (1),fis,FAO capture production and ex-vessel prices
Ecuador,2005,484183413.19505984,USD (1),fis,FAO capture production and ex-vessel prices
Ecuador,2006,605618236.0834566,USD (1),fis,FAO capture production and ex-vessel prices
Ecuador,2007,542463986.3804147,USD (1),fis,FAO capture production and ex-vessel prices
Ecuador,2008,1050251235.0641595,USD (1),fis,FAO capture production and ex-vessel prices
Ecuador,2009,1029599358.3335823,USD (1),fis,FAO capture production and ex-vessel prices
Ecuador,2010,743763471.4597285,USD (1),fis,FAO capture production and ex-vessel prices
Ecuador,2011,641314820.1339947,USD (1),fis,FAO capture production and ex-vessel prices
Ecuador,2012,718686381.9497329,USD (1),fis,FAO capture production and ex-vessel prices
Ecuador,2013,801956638.8237207,USD (1),fis,FAO capture production and ex-vessel prices
Ecuador,2014,963642681.264514,USD (1),fis,FAO capture production and ex-vessel prices
Ecuador,2015,1032203678.308214,USD (1),fis,FAO capture production and ex-vessel prices
Ecuador,2016,1087288440.896745,USD (1),fis,FAO capture production and ex-vessel prices
Ecuador,2017,1195142433.5117626,USD (1),fis,FAO capture production and ex-vessel prices
Ecuador,2018,1103558365.852464,USD (1),fis,FAO capture production and ex-vessel prices
Ecuador,2019,1062163962.6946943,USD (1),fis,FAO capture production and ex-vessel prices
Ecuador,2020,1172805712.3866735,USD (1),fis,FAO capture production and ex-vessel prices
Ecuador,2021,1968093540.8193507,USD (1),fis,FAO capture production and ex-vessel prices
Ecuador,2022,1728324252.8160198,USD (1),fis,FAO capture production and ex-vessel prices
Ecuador,2023,1709450024.1445189,USD (1),fis,FAO capture production and ex-vessel prices
Egypt,1976,817323.4398394222,USD (1),fis,FAO capture production and ex-vessel prices
Egypt,1977,1370081.3211152882,USD (1),fis,FAO capture production and ex-vessel prices
Egypt,1978,2887521.3699933165,USD (1),fis,FAO capture production and ex-vessel prices
Egypt,1979,3348686.619630599,USD (1),fis,FAO capture production and ex-vessel prices
Egypt,1980,4041693.143558774,USD (1),fis,FAO capture production and ex-vessel prices
Egypt,1981,5399797.113370832,USD (1),fis,FAO capture production and ex-vessel prices
Egypt,1982,3670016.313640102,USD (1),fis,FAO capture production and ex-vessel prices
Egypt,1983,2755704.394117622,USD (1),fis,FAO capture production and ex-vessel prices
Egypt,1984,3626886.5639896584,USD (1),fis,FAO capture production and ex-vessel prices
Egypt,1985,2826833.57659308,USD (1),fis,FAO capture production and ex-vessel prices
Egypt,1986,4542015.578697183,USD (1),fis,FAO capture production and ex-vessel prices
Egypt,1987,4410277.541282771,USD (1),fis,FAO capture production and ex-vessel prices
Egypt,1988,11625088.225675328,USD (1),fis,FAO capture production and ex-vessel prices
Egypt,1989,18231519.6616374,USD (1),fis,FAO capture production and ex-vessel prices
Egypt,1990,33066884.48084634,USD (1),fis,FAO capture production and ex-vessel prices
Egypt,1991,14860037.967394672,USD (1),fis,FAO capture production and ex-vessel prices
Egypt,1992,20561250.41973053,USD (1),fis,FAO capture production and ex-vessel prices
Egypt,1993,27428244.30948727,USD (1),fis,FAO capture production and ex-vessel prices
Egypt,1994,32347668.13428068,USD (1),fis,FAO capture production and ex-vessel prices
Egypt,1995,27387059.389098343,USD (1),fis,FAO capture production and ex-vessel prices
Egypt,1996,43303835.12480235,USD (1),fis,FAO capture production and ex-vessel prices
Egypt,1997,30498410.146414205,USD (1),fis,FAO capture production and ex-vessel prices
Egypt,1998,29920843.02707445,USD (1),fis,FAO capture production and ex-vessel prices
Egypt,1999,31489817.602015033,USD (1),fis,FAO capture production and ex-vessel prices
Egypt,2000,25466897.0799574,USD (1),fis,FAO capture production and ex-vessel prices
Egypt,2001,23530686.4614046,USD (1),fis,FAO capture production and ex-vessel prices
Egypt,2002,31819800.448838115,USD (1),fis,FAO capture production and ex-vessel prices
Egypt,2003,40057411.1536515,USD (1),fis,FAO capture production and ex-vessel prices
Egypt,2004,41530406.56157785,USD (1),fis,FAO capture production and ex-vessel prices
Egypt,2005,48378208.84263057,USD (1),fis,FAO capture production and ex-vessel prices
Egypt,2006,57773112.99518735,USD (1),fis,FAO capture production and ex-vessel prices
Egypt,2007,66846785.63763205,USD (1),fis,FAO capture production and ex-vessel prices
Egypt,2008,79638928.02579154,USD (1),fis,FAO capture production and ex-vessel prices
Egypt,2009,74373357.22515829,USD (1),fis,FAO capture production and ex-vessel prices
Egypt,2010,77337533.85736646,USD (1),fis,FAO capture production and ex-vessel prices
Egypt,2011,82691669.05332325,USD (1),fis,FAO capture production and ex-vessel prices
Egypt,2012,63624035.50937962,USD (1),fis,FAO capture production and ex-vessel prices
Egypt,2013,63619984.28465842,USD (1),fis,FAO capture production and ex-vessel prices
Egypt,2014,63969194.570672765,USD (1),fis,FAO capture production and ex-vessel prices
Egypt,2015,67783766.64031516,USD (1),fis,FAO capture production and ex-vessel prices
Egypt,2016,59151841.716303825,USD (1),fis,FAO capture production and ex-vessel prices
Egypt,2017,70802771.27565482,USD (1),fis,FAO capture production and ex-vessel prices
Egypt,2018,70409150.31746517,USD (1),fis,FAO capture production and ex-vessel prices
Egypt,2019,87710902.84558868,USD (1),fis,FAO capture production and ex-vessel prices
Egypt,2020,61781384.11592796,USD (1),fis,FAO capture production and ex-vessel prices
Egypt,2021,68341439.64483042,USD (1),fis,FAO capture production and ex-vessel prices
Egypt,2022,86618030.05486935,USD (1),fis,FAO capture production and ex-vessel prices
Egypt,2023,84073060.69158518,USD (1),fis,FAO capture production and ex-vessel prices
El Salvador,1976,957205.6733203862,USD (1),fis,FAO capture production and ex-vessel prices
El Salvador,1977,3155492.4860588815,USD (1),fis,FAO capture production and ex-vessel prices
El Salvador,1978,4024349.049113944,USD (1),fis,FAO capture production and ex-vessel prices
El Salvador,1979,10081485.643829005,USD (1),fis,FAO capture production and ex-vessel prices
El Salvador,1980,30436642.222931772,USD (1),fis,FAO capture production and ex-vessel prices
El Salvador,1981,54459446.75722026,USD (1),fis,FAO capture production and ex-vessel prices
El Salvador,1982,25938240.234102864,USD (1),fis,FAO capture production and ex-vessel prices
El Salvador,1983,9682735.779422237,USD (1),fis,FAO capture production and ex-vessel prices
El Salvador,1984,13565347.171305455,USD (1),fis,FAO capture production and ex-vessel prices
El Salvador,1985,20016567.615068946,USD (1),fis,FAO capture production and ex-vessel prices
El Salvador,1986,37523151.5167773,USD (1),fis,FAO capture production and ex-vessel prices
El Salvador,1987,61346737.592281185,USD (1),fis,FAO capture production and ex-vessel prices
El Salvador,1988,16543352.20586393,USD (1),fis,FAO capture production and ex-vessel prices
El Salvador,1989,3911457.50278452,USD (1),fis,FAO capture production and ex-vessel prices
El Salvador,1990,2757281.044341969,USD (1),fis,FAO capture production and ex-vessel prices
El Salvador,1991,4010741.399711838,USD (1),fis,FAO capture production and ex-vessel prices
El Salvador,1992,3967364.7091913866,USD (1),fis,FAO capture production and ex-vessel prices
El Salvador,1993,11709378.542000445,USD (1),fis,FAO capture production and ex-vessel prices
El Salvador,1994,17295181.94925488,USD (1),fis,FAO capture production and ex-vessel prices
El Salvador,1995,15704815.116200443,USD (1),fis,FAO capture production and ex-vessel prices
El Salvador,1996,10688917.169168357,USD (1),fis,FAO capture production and ex-vessel prices
El Salvador,1997,7122499.414041664,USD (1),fis,FAO capture production and ex-vessel prices
El Salvador,1998,8856632.621160394,USD (1),fis,FAO capture production and ex-vessel prices
El Salvador,1999,5890147.891787497,USD (1),fis,FAO capture production and ex-vessel prices
El Salvador,2000,2845293.8324101972,USD (1),fis,FAO capture production and ex-vessel prices
El Salvador,2001,21712153.91052773,USD (1),fis,FAO capture production and ex-vessel prices
El Salvador,2002,44974966.09711614,USD (1),fis,FAO capture production and ex-vessel prices
El Salvador,2003,60816021.893528275,USD (1),fis,FAO capture production and ex-vessel prices
El Salvador,2004,68352632.38528936,USD (1),fis,FAO capture production and ex-vessel prices
El Salvador,2005,109945611.66250864,USD (1),fis,FAO capture production and ex-vessel prices
El Salvador,2006,96241988.32137185,USD (1),fis,FAO capture production and ex-vessel prices
El Salvador,2007,124316892.81853347,USD (1),fis,FAO capture production and ex-vessel prices
El Salvador,2008,124757360.94215709,USD (1),fis,FAO capture production and ex-vessel prices
El Salvador,2009,105443713.21741763,USD (1),fis,FAO capture production and ex-vessel prices
El Salvador,2010,57931622.37480477,USD (1),fis,FAO capture production and ex-vessel prices
El Salvador,2011,49035856.716001794,USD (1),fis,FAO capture production and ex-vessel prices
El Salvador,2012,52554864.237893306,USD (1),fis,FAO capture production and ex-vessel prices
El Salvador,2013,68228842.94605199,USD (1),fis,FAO capture production and ex-vessel prices
El Salvador,2014,77571255.33637625,USD (1),fis,FAO capture production and ex-vessel prices
El Salvador,2015,75150027.44083735,USD (1),fis,FAO capture production and ex-vessel prices
El Salvador,2016,85895285.4747853,USD (1),fis,FAO capture production and ex-vessel prices
El Salvador,2017,90926301.52086768,USD (1),fis,FAO capture production and ex-vessel prices
El Salvador,2018,94788896.24136227,USD (1),fis,FAO capture production and ex-vessel prices
El Salvador,2019,80567717.10587576,USD (1),fis,FAO capture production and ex-vessel prices
El Salvador,2020,99356783.6729508,USD (1),fis,FAO capture production and ex-vessel prices
El Salvador,2021,96022686.13103716,USD (1),fis,FAO capture production and ex-vessel prices
El Salvador,2022,108494134.78396092,USD (1),fis,FAO capture production and ex-vessel prices
El Salvador,2023,102324894.88036487,USD (1),fis,FAO capture production and ex-vessel prices
Equatorial Guinea,1976,74283.17834468812,USD (1),fis,FAO capture production and ex-vessel prices
Equatorial Guinea,1977,87389.50241584334,USD (1),fis,FAO capture production and ex-vessel prices
Equatorial Guinea,1978,93768.38150276258,USD (1),fis,FAO capture production and ex-vessel prices
Equatorial Guinea,1979,96430.85746855907,USD (1),fis,FAO capture production and ex-vessel prices
Equatorial Guinea,1980,118735.4862037859,USD (1),fis,FAO capture production and ex-vessel prices
Equatorial Guinea,1981,129064.5806678257,USD (1),fis,FAO capture production and ex-vessel prices
Equatorial Guinea,1982,100360.7205067958,USD (1),fis,FAO capture production and ex-vessel prices
Equatorial Guinea,1983,106957.45287441532,USD (1),fis,FAO capture production and ex-vessel prices
Equatorial Guinea,1984,175670.01324682112,USD (1),fis,FAO capture production and ex-vessel prices
Equatorial Guinea,1985,137871.20701827717,USD (1),fis,FAO capture production and ex-vessel prices
Equatorial Guinea,1986,197129.7935992699,USD (1),fis,FAO capture production and ex-vessel prices
Equatorial Guinea,1987,202839.27661137268,USD (1),fis,FAO capture production and ex-vessel prices
Equatorial Guinea,1988,246228.92831094906,USD (1),fis,FAO capture production and ex-vessel prices
Equatorial Guinea,1989,256872.5720038521,USD (1),fis,FAO capture production and ex-vessel prices
Equatorial Guinea,1990,251047.1093761623,USD (1),fis,FAO capture production and ex-vessel prices
Equatorial Guinea,1991,221044.5500498789,USD (1),fis,FAO capture production and ex-vessel prices
Equatorial Guinea,1992,241192.98984624541,USD (1),fis,FAO capture production and ex-vessel prices
Equatorial Guinea,1993,252378.245155066,USD (1),fis,FAO capture production and ex-vessel prices
Equatorial Guinea,1994,607152.3883379195,USD (1),fis,FAO capture production and ex-vessel prices
Equatorial Guinea,1995,246599.33013457386,USD (1),fis,FAO capture production and ex-vessel prices
Equatorial Guinea,1996,329419.77110074245,USD (1),fis,FAO capture production and ex-vessel prices
Equatorial Guinea,1997,335998.7364886572,USD (1),fis,FAO capture production and ex-vessel prices
Equatorial Guinea,1998,353102.4083358962,USD (1),fis,FAO capture production and ex-vessel prices
Equatorial Guinea,1999,507337.52740152384,USD (1),fis,FAO capture production and ex-vessel prices
Equatorial Guinea,2000,41892.111432335645,USD (1),fis,FAO capture production and ex-vessel prices
Equatorial Guinea,2001,32277.471731476566,USD (1),fis,FAO capture production and ex-vessel prices
Equatorial Guinea,2002,29087.046592921768,USD (1),fis,FAO capture production and ex-vessel prices
Equatorial Guinea,2003,33060.478978250634,USD (1),fis,FAO capture production and ex-vessel prices
Equatorial Guinea,2004,27309.662084454732,USD (1),fis,FAO capture production and ex-vessel prices
Equatorial Guinea,2005,26023.479538471827,USD (1),fis,FAO capture production and ex-vessel prices
Equatorial Guinea,2006,30586.368959221585,USD (1),fis,FAO capture production and ex-vessel prices
Equatorial Guinea,2007,40532.98359676955,USD (1),fis,FAO capture production and ex-vessel prices
Equatorial Guinea,2008,143646.97761038624,USD (1),fis,FAO capture production and ex-vessel prices
Equatorial Guinea,2009,5873863.012006307,USD (1),fis,FAO capture production and ex-vessel prices
Equatorial Guinea,2010,5306832.253496464,USD (1),fis,FAO capture production and ex-vessel prices
Equatorial Guinea,2011,1727521.3180325546,USD (1),fis,FAO capture production and ex-vessel prices
Equatorial Guinea,2012,142417.41071271902,USD (1),fis,FAO capture production and ex-vessel prices
Equatorial Guinea,2013,154385.275544139,USD (1),fis,FAO capture production and ex-vessel prices
Equatorial Guinea,2014,420685.4969048059,USD (1),fis,FAO capture production and ex-vessel prices
Equatorial Guinea,2015,1054313.3698228863,USD (1),fis,FAO capture production and ex-vessel prices
Equatorial Guinea,2016,493096.41293788597,USD (1),fis,FAO capture production and ex-vessel prices
Equatorial Guinea,2017,522530.2367596698,USD (1),fis,FAO capture production and ex-vessel prices
Equatorial Guinea,2018,584054.7753629113,USD (1),fis,FAO capture production and ex-vessel prices
Equatorial Guinea,2019,587704.2767990141,USD (1),fis,FAO capture production and ex-vessel prices
Equatorial Guinea,2020,647685.6012437362,USD (1),fis,FAO capture production and ex-vessel prices
Equatorial Guinea,2021,665337.9037388915,USD (1),fis,FAO capture production and ex-vessel prices
Equatorial Guinea,2022,1089103.9063682891,USD (1),fis,FAO capture production and ex-vessel prices
Equatorial Guinea,2023,2020262.8786958798,USD (1),fis,FAO capture production and ex-vessel prices
Eritrea,1993,0,USD (1),fis,FAO capture production and ex-vessel prices
Eritrea,1994,183238.6877159447,USD (1),fis,FAO capture production and ex-vessel prices
Eritrea,1995,226072.61641841807,USD (1),fis,FAO capture production and ex-vessel prices
Eritrea,1996,640053.4544321988,USD (1),fis,FAO capture production and ex-vessel prices
Eritrea,1997,258561.84824142946,USD (1),fis,FAO capture production and ex-vessel prices
Eritrea,1998,300628.6134112475,USD (1),fis,FAO capture production and ex-vessel prices
Eritrea,1999,428097.42746051645,USD (1),fis,FAO capture production and ex-vessel prices
Eritrea,2000,1694326.8669283444,USD (1),fis,FAO capture production and ex-vessel prices
Eritrea,2001,960411.691038929,USD (1),fis,FAO capture production and ex-vessel prices
Eritrea,2002,643081.296372853,USD (1),fis,FAO capture production and ex-vessel prices
Eritrea,2003,512154.3495160114,USD (1),fis,FAO capture production and ex-vessel prices
Eritrea,2004,765674.5469569577,USD (1),fis,FAO capture production and ex-vessel prices
Eritrea,2005,179912.2143969214,USD (1),fis,FAO capture production and ex-vessel prices
Eritrea,2006,636248.6983433623,USD (1),fis,FAO capture production and ex-vessel prices
Eritrea,2007,505444.6662863025,USD (1),fis,FAO capture production and ex-vessel prices
Eritrea,2008,882501.0352504246,USD (1),fis,FAO capture production and ex-vessel prices
Eritrea,2009,1581407.7576486303,USD (1),fis,FAO capture production and ex-vessel prices
Eritrea,2010,600657.5541685935,USD (1),fis,FAO capture production and ex-vessel prices
Eritrea,2011,343316.7028563447,USD (1),fis,FAO capture production and ex-vessel prices
Eritrea,2012,305937.29122497584,USD (1),fis,FAO capture production and ex-vessel prices
Eritrea,2013,625011.2726479843,USD (1),fis,FAO capture production and ex-vessel prices
Eritrea,2014,621689.7350285909,USD (1),fis,FAO capture production and ex-vessel prices
Eritrea,2015,648698.9389123651,USD (1),fis,FAO capture production and ex-vessel prices
Eritrea,2016,466859.3067118895,USD (1),fis,FAO capture production and ex-vessel prices
Eritrea,2017,1020213.7597735331,USD (1),fis,FAO capture production and ex-vessel prices
Eritrea,2018,1232569.3061106442,USD (1),fis,FAO capture production and ex-vessel prices
Eritrea,2019,1265513.6070071056,USD (1),fis,FAO capture production and ex-vessel prices
Eritrea,2020,861981.2734490847,USD (1),fis,FAO capture production and ex-vessel prices
Eritrea,2021,626042.4251606554,USD (1),fis,FAO capture production and ex-vessel prices
Eritrea,2022,1684537.4968298853,USD (1),fis,FAO capture production and ex-vessel prices
Eritrea,2023,1683750.6981966086,USD (1),fis,FAO capture production and ex-vessel prices
Estonia,1992,22183392.33801929,USD (1),fis,FAO capture production and ex-vessel prices
Estonia,1993,22338183.188486468,USD (1),fis,FAO capture production and ex-vessel prices
Estonia,1994,26837035.934901968,USD (1),fis,FAO capture production and ex-vessel prices
Estonia,1995,36096873.13821017,USD (1),fis,FAO capture production and ex-vessel prices
Estonia,1996,29661639.432057746,USD (1),fis,FAO capture production and ex-vessel prices
Estonia,1997,32471747.318150617,USD (1),fis,FAO capture production and ex-vessel prices
Estonia,1998,40082682.520938754,USD (1),fis,FAO capture production and ex-vessel prices
Estonia,1999,45795244.03268702,USD (1),fis,FAO capture production and ex-vessel prices
Estonia,2000,41216200.497711636,USD (1),fis,FAO capture production and ex-vessel prices
Estonia,2001,45614368.46027312,USD (1),fis,FAO capture production and ex-vessel prices
Estonia,2002,50498577.77210873,USD (1),fis,FAO capture production and ex-vessel prices
Estonia,2003,48390920.97060842,USD (1),fis,FAO capture production and ex-vessel prices
Estonia,2004,50850231.57524284,USD (1),fis,FAO capture production and ex-vessel prices
Estonia,2005,44713226.18658097,USD (1),fis,FAO capture production and ex-vessel prices
Estonia,2006,32934293.495786775,USD (1),fis,FAO capture production and ex-vessel prices
Estonia,2007,61323066.380375735,USD (1),fis,FAO capture production and ex-vessel prices
Estonia,2008,58693300.612768576,USD (1),fis,FAO capture production and ex-vessel prices
Estonia,2009,45611378.18823058,USD (1),fis,FAO capture production and ex-vessel prices
Estonia,2010,49865268.76543514,USD (1),fis,FAO capture production and ex-vessel prices
Estonia,2011,67429256.84753643,USD (1),fis,FAO capture production and ex-vessel prices
Estonia,2012,52006650.42416399,USD (1),fis,FAO capture production and ex-vessel prices
Estonia,2013,50790789.904455766,USD (1),fis,FAO capture production and ex-vessel prices
Estonia,2014,54661485.121535905,USD (1),fis,FAO capture production and ex-vessel prices
Estonia,2015,49541688.13470031,USD (1),fis,FAO capture production and ex-vessel prices
Estonia,2016,57744083.35127982,USD (1),fis,FAO capture production and ex-vessel prices
Estonia,2017,63118395.62655766,USD (1),fis,FAO capture production and ex-vessel prices
Estonia,2018,65331016.42105736,USD (1),fis,FAO capture production and ex-vessel prices
Estonia,2019,66914633.72914232,USD (1),fis,FAO capture production and ex-vessel prices
Estonia,2020,57393603.4097898,USD (1),fis,FAO capture production and ex-vessel prices
Estonia,2021,56585108.61655272,USD (1),fis,FAO capture production and ex-vessel prices
Estonia,2022,59652186.94009316,USD (1),fis,FAO capture production and ex-vessel prices
Estonia,2023,64440338.34493994,USD (1),fis,FAO capture production and ex-vessel prices
Ethiopia PDR [former],1976,0,USD (1),fis,FAO capture production and ex-vessel prices
Ethiopia PDR [former],1977,0,USD (1),fis,FAO capture production and ex-vessel prices
Ethiopia PDR [former],1978,0,USD (1),fis,FAO capture production and ex-vessel prices
Ethiopia PDR [former],1980,0,USD (1),fis,FAO capture production and ex-vessel prices
Ethiopia PDR [former],1981,0,USD (1),fis,FAO capture production and ex-vessel prices
Ethiopia PDR [former],1982,0,USD (1),fis,FAO capture production and ex-vessel prices
Ethiopia PDR [former],1983,0,USD (1),fis,FAO capture production and ex-vessel prices
Ethiopia PDR [former],1984,0,USD (1),fis,FAO capture production and ex-vessel prices
Ethiopia PDR [former],1985,0,USD (1),fis,FAO capture production and ex-vessel prices
Ethiopia PDR [former],1986,0,USD (1),fis,FAO capture production and ex-vessel prices
Ethiopia PDR [former],1987,0,USD (1),fis,FAO capture production and ex-vessel prices
Ethiopia PDR [former],1988,0,USD (1),fis,FAO capture production and ex-vessel prices
Ethiopia PDR [former],1989,0,USD (1),fis,FAO capture production and ex-vessel prices
Ethiopia PDR [former],1990,0,USD (1),fis,FAO capture production and ex-vessel prices
Ethiopia PDR [former],1991,0,USD (1),fis,FAO capture production and ex-vessel prices
Ethiopia PDR [former],1992,0,USD (1),fis,FAO capture production and ex-vessel prices
Falkland Islands (Malvinas),1976,0,USD (1),fis,FAO capture production and ex-vessel prices
Falkland Islands (Malvinas),1977,0,USD (1),fis,FAO capture production and ex-vessel prices
Falkland Islands (Malvinas),1978,0,USD (1),fis,FAO capture production and ex-vessel prices
Falkland Islands (Malvinas),1979,0,USD (1),fis,FAO capture production and ex-vessel prices
Falkland Islands (Malvinas),1980,0,USD (1),fis,FAO capture production and ex-vessel prices
Falkland Islands (Malvinas),1981,0,USD (1),fis,FAO capture production and ex-vessel prices
Falkland Islands (Malvinas),1982,0,USD (1),fis,FAO capture production and ex-vessel prices
Falkland Islands (Malvinas),1983,0,USD (1),fis,FAO capture production and ex-vessel prices
Falkland Islands (Malvinas),1984,0,USD (1),fis,FAO capture production and ex-vessel prices
Falkland Islands (Malvinas),1985,21069.605707944993,USD (1),fis,FAO capture production and ex-vessel prices
Falkland Islands (Malvinas),1986,30614.22373075472,USD (1),fis,FAO capture production and ex-vessel prices
Falkland Islands (Malvinas),1987,107049.34917078428,USD (1),fis,FAO capture production and ex-vessel prices
Falkland Islands (Malvinas),1988,3362922.9289061897,USD (1),fis,FAO capture production and ex-vessel prices
Falkland Islands (Malvinas),1989,9164305.883068707,USD (1),fis,FAO capture production and ex-vessel prices
Falkland Islands (Malvinas),1990,12617975.694316817,USD (1),fis,FAO capture production and ex-vessel prices
Falkland Islands (Malvinas),1991,2218609.6097361376,USD (1),fis,FAO capture production and ex-vessel prices
Falkland Islands (Malvinas),1992,3366982.0167079587,USD (1),fis,FAO capture production and ex-vessel prices
Falkland Islands (Malvinas),1993,2911894.1175597,USD (1),fis,FAO capture production and ex-vessel prices
Falkland Islands (Malvinas),1994,12377777.64157786,USD (1),fis,FAO capture production and ex-vessel prices
Falkland Islands (Malvinas),1995,57625917.92219661,USD (1),fis,FAO capture production and ex-vessel prices
Falkland Islands (Malvinas),1996,58435484.72153413,USD (1),fis,FAO capture production and ex-vessel prices
Falkland Islands (Malvinas),1997,47312001.782217294,USD (1),fis,FAO capture production and ex-vessel prices
Falkland Islands (Malvinas),1998,89491084.9719623,USD (1),fis,FAO capture production and ex-vessel prices
Falkland Islands (Malvinas),1999,73409180.52520639,USD (1),fis,FAO capture production and ex-vessel prices
Falkland Islands (Malvinas),2000,125301756.72292662,USD (1),fis,FAO capture production and ex-vessel prices
Falkland Islands (Malvinas),2001,116728252.80676611,USD (1),fis,FAO capture production and ex-vessel prices
Falkland Islands (Malvinas),2002,80144623.45740654,USD (1),fis,FAO capture production and ex-vessel prices
Falkland Islands (Malvinas),2003,106101418.174945,USD (1),fis,FAO capture production and ex-vessel prices
Falkland Islands (Malvinas),2004,67253791.32657628,USD (1),fis,FAO capture production and ex-vessel prices
Falkland Islands (Malvinas),2005,117291224.45878363,USD (1),fis,FAO capture production and ex-vessel prices
Falkland Islands (Malvinas),2006,102256022.12788172,USD (1),fis,FAO capture production and ex-vessel prices
Falkland Islands (Malvinas),2007,115015531.52717204,USD (1),fis,FAO capture production and ex-vessel prices
Falkland Islands (Malvinas),2008,150556585.98524866,USD (1),fis,FAO capture production and ex-vessel prices
Falkland Islands (Malvinas),2009,92298584.97358404,USD (1),fis,FAO capture production and ex-vessel prices
Falkland Islands (Malvinas),2010,156327866.24502212,USD (1),fis,FAO capture production and ex-vessel prices
Falkland Islands (Malvinas),2011,115841533.7687747,USD (1),fis,FAO capture production and ex-vessel prices
Falkland Islands (Malvinas),2012,174252680.27324864,USD (1),fis,FAO capture production and ex-vessel prices
Falkland Islands (Malvinas),2013,118670346.47369938,USD (1),fis,FAO capture production and ex-vessel prices
Falkland Islands (Malvinas),2014,141004290.20421508,USD (1),fis,FAO capture production and ex-vessel prices
Falkland Islands (Malvinas),2015,113597795.24834873,USD (1),fis,FAO capture production and ex-vessel prices
Falkland Islands (Malvinas),2016,122661482.56864735,USD (1),fis,FAO capture production and ex-vessel prices
Falkland Islands (Malvinas),2017,183049912.61383,USD (1),fis,FAO capture production and ex-vessel prices
Falkland Islands (Malvinas),2018,266738009.17907625,USD (1),fis,FAO capture production and ex-vessel prices
Falkland Islands (Malvinas),2019,280155201.341436,USD (1),fis,FAO capture production and ex-vessel prices
Falkland Islands (Malvinas),2020,273589224.55954963,USD (1),fis,FAO capture production and ex-vessel prices
Falkland Islands (Malvinas),2021,493085172.546359,USD (1),fis,FAO capture production and ex-vessel prices
Falkland Islands (Malvinas),2022,502866955.3177086,USD (1),fis,FAO capture production and ex-vessel prices
Falkland Islands (Malvinas),2023,406281020.717633,USD (1),fis,FAO capture production and ex-vessel prices
Faroe Islands,1976,122888772.68701096,USD (1),fis,FAO capture production and ex-vessel prices
Faroe Islands,1977,155564580.68709028,USD (1),fis,FAO capture production and ex-vessel prices
Faroe Islands,1978,156775521.9433275,USD (1),fis,FAO capture production and ex-vessel prices
Faroe Islands,1979,146320809.38897932,USD (1),fis,FAO capture production and ex-vessel prices
Faroe Islands,1980,178332012.29467052,USD (1),fis,FAO capture production and ex-vessel prices
Faroe Islands,1981,158886042.8425969,USD (1),fis,FAO capture production and ex-vessel prices
Faroe Islands,1982,154557829.58138266,USD (1),fis,FAO capture production and ex-vessel prices
Faroe Islands,1983,206144502.17809772,USD (1),fis,FAO capture production and ex-vessel prices
Faroe Islands,1984,184427763.72555187,USD (1),fis,FAO capture production and ex-vessel prices
Faroe Islands,1985,215239495.90281194,USD (1),fis,FAO capture production and ex-vessel prices
Faroe Islands,1986,250736605.42125818,USD (1),fis,FAO capture production and ex-vessel prices
Faroe Islands,1987,264357491.78744602,USD (1),fis,FAO capture production and ex-vessel prices
Faroe Islands,1988,242937777.8033739,USD (1),fis,FAO capture production and ex-vessel prices
Faroe Islands,1989,226232508.91043395,USD (1),fis,FAO capture production and ex-vessel prices
Faroe Islands,1990,251438633.36782843,USD (1),fis,FAO capture production and ex-vessel prices
Faroe Islands,1991,254774988.68402347,USD (1),fis,FAO capture production and ex-vessel prices
Faroe Islands,1992,220071785.4736606,USD (1),fis,FAO capture production and ex-vessel prices
Faroe Islands,1993,212556851.2297684,USD (1),fis,FAO capture production and ex-vessel prices
Faroe Islands,1994,235011078.81280112,USD (1),fis,FAO capture production and ex-vessel prices
Faroe Islands,1995,241518263.9816826,USD (1),fis,FAO capture production and ex-vessel prices
Faroe Islands,1996,272806869.22398615,USD (1),fis,FAO capture production and ex-vessel prices
Faroe Islands,1997,260098853.0580874,USD (1),fis,FAO capture production and ex-vessel prices
Faroe Islands,1998,261524672.4786995,USD (1),fis,FAO capture production and ex-vessel prices
Faroe Islands,1999,222060966.06662104,USD (1),fis,FAO capture production and ex-vessel prices
Faroe Islands,2000,249273782.59424913,USD (1),fis,FAO capture production and ex-vessel prices
Faroe Islands,2001,264304431.68450058,USD (1),fis,FAO capture production and ex-vessel prices
Faroe Islands,2002,302625686.9048686,USD (1),fis,FAO capture production and ex-vessel prices
Faroe Islands,2003,321433984.92244375,USD (1),fis,FAO capture production and ex-vessel prices
Faroe Islands,2004,295991669.0279983,USD (1),fis,FAO capture production and ex-vessel prices
Faroe Islands,2005,314324845.27684116,USD (1),fis,FAO capture production and ex-vessel prices
Faroe Islands,2006,335383814.79240364,USD (1),fis,FAO capture production and ex-vessel prices
Faroe Islands,2007,361681805.55007017,USD (1),fis,FAO capture production and ex-vessel prices
Faroe Islands,2008,369569242.7199259,USD (1),fis,FAO capture production and ex-vessel prices
Faroe Islands,2009,326892719.5741793,USD (1),fis,FAO capture production and ex-vessel prices
Faroe Islands,2010,384284716.7636967,USD (1),fis,FAO capture production and ex-vessel prices
Faroe Islands,2011,439133609.9422864,USD (1),fis,FAO capture production and ex-vessel prices
Faroe Islands,2012,417751329.85349613,USD (1),fis,FAO capture production and ex-vessel prices
Faroe Islands,2013,384524740.6618673,USD (1),fis,FAO capture production and ex-vessel prices
Faroe Islands,2014,381996036.0497092,USD (1),fis,FAO capture production and ex-vessel prices
Faroe Islands,2015,354668958.9516044,USD (1),fis,FAO capture production and ex-vessel prices
Faroe Islands,2016,372327857.1340725,USD (1),fis,FAO capture production and ex-vessel prices
Faroe Islands,2017,435868304.67211294,USD (1),fis,FAO capture production and ex-vessel prices
Faroe Islands,2018,424189167.2373709,USD (1),fis,FAO capture production and ex-vessel prices
Faroe Islands,2019,463204286.6326779,USD (1),fis,FAO capture production and ex-vessel prices
Faroe Islands,2020,382594743.1257804,USD (1),fis,FAO capture production and ex-vessel prices
Faroe Islands,2021,389652788.5970624,USD (1),fis,FAO capture production and ex-vessel prices
Faroe Islands,2022,452552195.0708902,USD (1),fis,FAO capture production and ex-vessel prices
Faroe Islands,2023,516478209.7651321,USD (1),fis,FAO capture production and ex-vessel prices
Fiji,1976,1493087.4445964682,USD (1),fis,FAO capture production and ex-vessel prices
Fiji,1977,3068324.987878764,USD (1),fis,FAO capture production and ex-vessel prices
Fiji,1978,3706358.822341711,USD (1),fis,FAO capture production and ex-vessel prices
Fiji,1979,7429108.647247918,USD (1),fis,FAO capture production and ex-vessel prices
Fiji,1980,11905212.919419717,USD (1),fis,FAO capture production and ex-vessel prices
Fiji,1981,15094665.790787516,USD (1),fis,FAO capture production and ex-vessel prices
Fiji,1982,10399525.112992618,USD (1),fis,FAO capture production and ex-vessel prices
Fiji,1983,8176827.109174858,USD (1),fis,FAO capture production and ex-vessel prices
Fiji,1984,8077165.308760787,USD (1),fis,FAO capture production and ex-vessel prices
Fiji,1985,7705370.699817218,USD (1),fis,FAO capture production and ex-vessel prices
Fiji,1986,7444359.1608458655,USD (1),fis,FAO capture production and ex-vessel prices
Fiji,1987,8599439.298597354,USD (1),fis,FAO capture production and ex-vessel prices
Fiji,1988,9625330.613850843,USD (1),fis,FAO capture production and ex-vessel prices
Fiji,1989,11197928.53671179,USD (1),fis,FAO capture production and ex-vessel prices
Fiji,1990,10820804.177624041,USD (1),fis,FAO capture production and ex-vessel prices
Fiji,1991,11077839.952325447,USD (1),fis,FAO capture production and ex-vessel prices
Fiji,1992,9838888.230165562,USD (1),fis,FAO capture production and ex-vessel prices
Fiji,1993,8720044.914921192,USD (1),fis,FAO capture production and ex-vessel prices
Fiji,1994,11654960.241397567,USD (1),fis,FAO capture production and ex-vessel prices
Fiji,1995,15985144.169592151,USD (1),fis,FAO capture production and ex-vessel prices
Fiji,1996,14490219.909326551,USD (1),fis,FAO capture production and ex-vessel prices
Fiji,1997,9672411.560922718,USD (1),fis,FAO capture production and ex-vessel prices
Fiji,1998,8962421.56053824,USD (1),fis,FAO capture production and ex-vessel prices
Fiji,1999,10626648.31868943,USD (1),fis,FAO capture production and ex-vessel prices
Fiji,2000,16416098.098741543,USD (1),fis,FAO capture production and ex-vessel prices
Fiji,2001,17753966.579500467,USD (1),fis,FAO capture production and ex-vessel prices
Fiji,2002,14810375.214065343,USD (1),fis,FAO capture production and ex-vessel prices
Fiji,2003,13214509.54738537,USD (1),fis,FAO capture production and ex-vessel prices
Fiji,2004,22250316.238283798,USD (1),fis,FAO capture production and ex-vessel prices
Fiji,2005,20208437.295942124,USD (1),fis,FAO capture production and ex-vessel prices
Fiji,2006,23054819.440894127,USD (1),fis,FAO capture production and ex-vessel prices
Fiji,2007,14460438.052877441,USD (1),fis,FAO capture production and ex-vessel prices
Fiji,2008,28556470.81142344,USD (1),fis,FAO capture production and ex-vessel prices
Fiji,2009,38433788.88201953,USD (1),fis,FAO capture production and ex-vessel prices
Fiji,2010,26771453.496952843,USD (1),fis,FAO capture production and ex-vessel prices
Fiji,2011,20945415.678677954,USD (1),fis,FAO capture production and ex-vessel prices
Fiji,2012,25425249.667822372,USD (1),fis,FAO capture production and ex-vessel prices
Fiji,2013,22181633.551655382,USD (1),fis,FAO capture production and ex-vessel prices
Fiji,2014,20545642.26355469,USD (1),fis,FAO capture production and ex-vessel prices
Fiji,2015,20561214.43798344,USD (1),fis,FAO capture production and ex-vessel prices
Fiji,2016,24277498.926946186,USD (1),fis,FAO capture production and ex-vessel prices
Fiji,2017,30151909.561865304,USD (1),fis,FAO capture production and ex-vessel prices
Fiji,2018,24968626.731044516,USD (1),fis,FAO capture production and ex-vessel prices
Fiji,2019,26126378.326537333,USD (1),fis,FAO capture production and ex-vessel prices
Fiji,2020,23582015.943547815,USD (1),fis,FAO capture production and ex-vessel prices
Fiji,2021,27758815.28709542,USD (1),fis,FAO capture production and ex-vessel prices
Fiji,2022,27961058.714423478,USD (1),fis,FAO capture production and ex-vessel prices
Fiji,2023,26763950.427854672,USD (1),fis,FAO capture production and ex-vessel prices
Finland,1976,21672346.45420623,USD (1),fis,FAO capture production and ex-vessel prices
Finland,1977,26891820.733041223,USD (1),fis,FAO capture production and ex-vessel prices
Finland,1978,38117859.90187381,USD (1),fis,FAO capture production and ex-vessel prices
Finland,1979,38488514.48139059,USD (1),fis,FAO capture production and ex-vessel prices
Finland,1980,37697495.45754659,USD (1),fis,FAO capture production and ex-vessel prices
Finland,1981,29096611.12884826,USD (1),fis,FAO capture production and ex-vessel prices
Finland,1982,26940499.79360088,USD (1),fis,FAO capture production and ex-vessel prices
Finland,1983,25850519.922371946,USD (1),fis,FAO capture production and ex-vessel prices
Finland,1984,25898521.21700979,USD (1),fis,FAO capture production and ex-vessel prices
Finland,1985,23752231.378214728,USD (1),fis,FAO capture production and ex-vessel prices
Finland,1986,27369595.55049792,USD (1),fis,FAO capture production and ex-vessel prices
Finland,1987,30423374.706371393,USD (1),fis,FAO capture production and ex-vessel prices
Finland,1988,31452395.855727818,USD (1),fis,FAO capture production and ex-vessel prices
Finland,1989,36300050.11669809,USD (1),fis,FAO capture production and ex-vessel prices
Finland,1990,29381624.55891333,USD (1),fis,FAO capture production and ex-vessel prices
Finland,1991,31122990.793157548,USD (1),fis,FAO capture production and ex-vessel prices
Finland,1992,42029188.17554446,USD (1),fis,FAO capture production and ex-vessel prices
Finland,1993,40565032.38012127,USD (1),fis,FAO capture production and ex-vessel prices
Finland,1994,29699771.78621781,USD (1),fis,FAO capture production and ex-vessel prices
Finland,1995,33872345.20649478,USD (1),fis,FAO capture production and ex-vessel prices
Finland,1996,41229903.083302744,USD (1),fis,FAO capture production and ex-vessel prices
Finland,1997,37556990.17555683,USD (1),fis,FAO capture production and ex-vessel prices
Finland,1998,34420861.5981464,USD (1),fis,FAO capture production and ex-vessel prices
Finland,1999,34810962.099194385,USD (1),fis,FAO capture production and ex-vessel prices
Finland,2000,34003315.78379931,USD (1),fis,FAO capture production and ex-vessel prices
Finland,2001,37570909.330157764,USD (1),fis,FAO capture production and ex-vessel prices
Finland,2002,30722318.607383996,USD (1),fis,FAO capture production and ex-vessel prices
Finland,2003,25466980.079281088,USD (1),fis,FAO capture production and ex-vessel prices
Finland,2004,26912077.949311506,USD (1),fis,FAO capture production and ex-vessel prices
Finland,2005,28081090.010476485,USD (1),fis,FAO capture production and ex-vessel prices
Finland,2006,32717748.74615224,USD (1),fis,FAO capture production and ex-vessel prices
Finland,2007,35308577.359419,USD (1),fis,FAO capture production and ex-vessel prices
Finland,2008,32156860.001245614,USD (1),fis,FAO capture production and ex-vessel prices
Finland,2009,31377452.57656882,USD (1),fis,FAO capture production and ex-vessel prices
Finland,2010,33840159.56231517,USD (1),fis,FAO capture production and ex-vessel prices
Finland,2011,76123842.71398482,USD (1),fis,FAO capture production and ex-vessel prices
Finland,2012,83897088.32542887,USD (1),fis,FAO capture production and ex-vessel prices
Finland,2013,77424298.03461881,USD (1),fis,FAO capture production and ex-vessel prices
Finland,2014,84104412.56022358,USD (1),fis,FAO capture production and ex-vessel prices
Finland,2015,71092396.57764673,USD (1),fis,FAO capture production and ex-vessel prices
Finland,2016,86116672.07598557,USD (1),fis,FAO capture production and ex-vessel prices
Finland,2017,76587686.45864081,USD (1),fis,FAO capture production and ex-vessel prices
Finland,2018,66488399.28751344,USD (1),fis,FAO capture production and ex-vessel prices
Finland,2019,57294094.17579581,USD (1),fis,FAO capture production and ex-vessel prices
Finland,2020,39616811.29702298,USD (1),fis,FAO capture production and ex-vessel prices
Finland,2021,40963683.895480104,USD (1),fis,FAO capture production and ex-vessel prices
Finland,2022,34814973.66498302,USD (1),fis,FAO capture production and ex-vessel prices
Finland,2023,38916270.48760379,USD (1),fis,FAO capture production and ex-vessel prices
France,1976,306691832.13927525,USD (1),fis,FAO capture production and ex-vessel prices
France,1977,372695254.55867934,USD (1),fis,FAO capture production and ex-vessel prices
France,1978,405485557.5089601,USD (1),fis,FAO capture production and ex-vessel prices
France,1979,456854776.29036087,USD (1),fis,FAO capture production and ex-vessel prices
France,1980,500523665.80751914,USD (1),fis,FAO capture production and ex-vessel prices
France,1981,491536335.57963383,USD (1),fis,FAO capture production and ex-vessel prices
France,1982,455983579.65162253,USD (1),fis,FAO capture production and ex-vessel prices
France,1983,467705945.0361032,USD (1),fis,FAO capture production and ex-vessel prices
France,1984,383981137.4999115,USD (1),fis,FAO capture production and ex-vessel prices
France,1985,419472853.1606406,USD (1),fis,FAO capture production and ex-vessel prices
France,1986,545726570.3451664,USD (1),fis,FAO capture production and ex-vessel prices
France,1987,642289113.8267215,USD (1),fis,FAO capture production and ex-vessel prices
France,1988,701423748.7361757,USD (1),fis,FAO capture production and ex-vessel prices
France,1989,680255217.5497034,USD (1),fis,FAO capture production and ex-vessel prices
France,1990,687247813.4986161,USD (1),fis,FAO capture production and ex-vessel prices
France,1991,678934030.5636328,USD (1),fis,FAO capture production and ex-vessel prices
France,1992,689622430.996625,USD (1),fis,FAO capture production and ex-vessel prices
France,1993,759229796.2773094,USD (1),fis,FAO capture production and ex-vessel prices
France,1994,820478932.0876231,USD (1),fis,FAO capture production and ex-vessel prices
France,1995,760147916.2804701,USD (1),fis,FAO capture production and ex-vessel prices
France,1996,692606512.6312718,USD (1),fis,FAO capture production and ex-vessel prices
France,1997,680006969.8815254,USD (1),fis,FAO capture production and ex-vessel prices
France,1998,647383520.1210105,USD (1),fis,FAO capture production and ex-vessel prices
France,1999,679281756.192302,USD (1),fis,FAO capture production and ex-vessel prices
France,2000,717147121.6277182,USD (1),fis,FAO capture production and ex-vessel prices
France,2001,637907673.1674267,USD (1),fis,FAO capture production and ex-vessel prices
France,2002,667532019.3447793,USD (1),fis,FAO capture production and ex-vessel prices
France,2003,681909567.371989,USD (1),fis,FAO capture production and ex-vessel prices
France,2004,646299312.1987916,USD (1),fis,FAO capture production and ex-vessel prices
France,2005,708121050.6893989,USD (1),fis,FAO capture production and ex-vessel prices
France,2006,724383380.0073376,USD (1),fis,FAO capture production and ex-vessel prices
France,2007,706393033.0134944,USD (1),fis,FAO capture production and ex-vessel prices
France,2008,710038645.2866265,USD (1),fis,FAO capture production and ex-vessel prices
France,2009,802728139.8232574,USD (1),fis,FAO capture production and ex-vessel prices
France,2010,787883260.0295186,USD (1),fis,FAO capture production and ex-vessel prices
France,2011,802101565.1591009,USD (1),fis,FAO capture production and ex-vessel prices
France,2012,731961457.7141134,USD (1),fis,FAO capture production and ex-vessel prices
France,2013,820011799.8264614,USD (1),fis,FAO capture production and ex-vessel prices
France,2014,805360435.3247511,USD (1),fis,FAO capture production and ex-vessel prices
France,2015,808128004.1520859,USD (1),fis,FAO capture production and ex-vessel prices
France,2016,859482989.192542,USD (1),fis,FAO capture production and ex-vessel prices
France,2017,875399335.8183405,USD (1),fis,FAO capture production and ex-vessel prices
France,2018,938716213.0875317,USD (1),fis,FAO capture production and ex-vessel prices
France,2019,923567898.4573734,USD (1),fis,FAO capture production and ex-vessel prices
France,2020,731866377.5472643,USD (1),fis,FAO capture production and ex-vessel prices
France,2021,948528695.5196232,USD (1),fis,FAO capture production and ex-vessel prices
France,2022,994228228.8474321,USD (1),fis,FAO capture production and ex-vessel prices
France,2023,869140105.2797663,USD (1),fis,FAO capture production and ex-vessel prices
French Guiana,1976,0,USD (1),fis,FAO capture production and ex-vessel prices
French Guiana,1977,0,USD (1),fis,FAO capture production and ex-vessel prices
French Guiana,1978,0,USD (1),fis,FAO capture production and ex-vessel prices
French Guiana,1979,0,USD (1),fis,FAO capture production and ex-vessel prices
French Guiana,1980,0,USD (1),fis,FAO capture production and ex-vessel prices
French Guiana,1981,0,USD (1),fis,FAO capture production and ex-vessel prices
French Guiana,1982,0,USD (1),fis,FAO capture production and ex-vessel prices
French Guiana,1983,0,USD (1),fis,FAO capture production and ex-vessel prices
French Guiana,1984,0,USD (1),fis,FAO capture production and ex-vessel prices
French Guiana,1985,0,USD (1),fis,FAO capture production and ex-vessel prices
French Guiana,1986,0,USD (1),fis,FAO capture production and ex-vessel prices
French Guiana,1987,0,USD (1),fis,FAO capture production and ex-vessel prices
French Guiana,1988,0,USD (1),fis,FAO capture production and ex-vessel prices
French Guiana,1989,0,USD (1),fis,FAO capture production and ex-vessel prices
French Guiana,1990,0,USD (1),fis,FAO capture production and ex-vessel prices
French Guiana,1991,0,USD (1),fis,FAO capture production and ex-vessel prices
French Guiana,1992,0,USD (1),fis,FAO capture production and ex-vessel prices
French Guiana,1993,0,USD (1),fis,FAO capture production and ex-vessel prices
French Guiana,1994,0,USD (1),fis,FAO capture production and ex-vessel prices
French Guiana,1995,0,USD (1),fis,FAO capture production and ex-vessel prices
French Guiana,1996,0,USD (1),fis,FAO capture production and ex-vessel prices
French Guiana,1997,0,USD (1),fis,FAO capture production and ex-vessel prices
French Guiana,1998,0,USD (1),fis,FAO capture production and ex-vessel prices
French Guiana,1999,0,USD (1),fis,FAO capture production and ex-vessel prices
French Guiana,2000,0,USD (1),fis,FAO capture production and ex-vessel prices
French Guiana,2001,0,USD (1),fis,FAO capture production and ex-vessel prices
French Guiana,2002,0,USD (1),fis,FAO capture production and ex-vessel prices
French Guiana,2003,0,USD (1),fis,FAO capture production and ex-vessel prices
French Guiana,2004,0,USD (1),fis,FAO capture production and ex-vessel prices
French Guiana,2005,78335.41356368443,USD (1),fis,FAO capture production and ex-vessel prices
French Guiana,2006,282510.7644973899,USD (1),fis,FAO capture production and ex-vessel prices
French Guiana,2007,471956.6028048095,USD (1),fis,FAO capture production and ex-vessel prices
French Guiana,2008,1961366.2376783027,USD (1),fis,FAO capture production and ex-vessel prices
French Guiana,2009,2248506.6185903223,USD (1),fis,FAO capture production and ex-vessel prices
French Guiana,2010,2995044.205491555,USD (1),fis,FAO capture production and ex-vessel prices
French Guiana,2011,4428984.238192501,USD (1),fis,FAO capture production and ex-vessel prices
French Guiana,2012,2212615.1078267167,USD (1),fis,FAO capture production and ex-vessel prices
French Guiana,2013,2790562.047646396,USD (1),fis,FAO capture production and ex-vessel prices
French Guiana,2014,2705504.8924649367,USD (1),fis,FAO capture production and ex-vessel prices
French Guiana,2015,4476972.475310473,USD (1),fis,FAO capture production and ex-vessel prices
French Guiana,2016,3782734.0018820562,USD (1),fis,FAO capture production and ex-vessel prices
French Guiana,2017,3654601.857486047,USD (1),fis,FAO capture production and ex-vessel prices
French Guiana,2018,3950831.799221187,USD (1),fis,FAO capture production and ex-vessel prices
French Guiana,2019,3805835.1354179415,USD (1),fis,FAO capture production and ex-vessel prices
French Guiana,2020,1926689.177120257,USD (1),fis,FAO capture production and ex-vessel prices
French Guiana,2021,2888023.4772370136,USD (1),fis,FAO capture production and ex-vessel prices
French Guiana,2022,6282246.405455708,USD (1),fis,FAO capture production and ex-vessel prices
French Guiana,2023,4972559.131092201,USD (1),fis,FAO capture production and ex-vessel prices
French Polynesia,1976,757878.6963955013,USD (1),fis,FAO capture production and ex-vessel prices
French Polynesia,1977,306931.5474140214,USD (1),fis,FAO capture production and ex-vessel prices
French Polynesia,1978,1206838.1536789755,USD (1),fis,FAO capture production and ex-vessel prices
French Polynesia,1979,904783.6028367046,USD (1),fis,FAO capture production and ex-vessel prices
French Polynesia,1980,1611927.7904255812,USD (1),fis,FAO capture production and ex-vessel prices
French Polynesia,1981,1405868.7747899182,USD (1),fis,FAO capture production and ex-vessel prices
French Polynesia,1982,1217692.3090005799,USD (1),fis,FAO capture production and ex-vessel prices
French Polynesia,1983,1047582.1812258345,USD (1),fis,FAO capture production and ex-vessel prices
French Polynesia,1984,1324462.8142747274,USD (1),fis,FAO capture production and ex-vessel prices
French Polynesia,1985,970239.7886346589,USD (1),fis,FAO capture production and ex-vessel prices
French Polynesia,1986,1151410.145226438,USD (1),fis,FAO capture production and ex-vessel prices
French Polynesia,1987,1281379.6172473473,USD (1),fis,FAO capture production and ex-vessel prices
French Polynesia,1988,1089572.9118567198,USD (1),fis,FAO capture production and ex-vessel prices
French Polynesia,1989,1162506.7535559905,USD (1),fis,FAO capture production and ex-vessel prices
French Polynesia,1990,2546607.618817376,USD (1),fis,FAO capture production and ex-vessel prices
French Polynesia,1991,2607231.728173925,USD (1),fis,FAO capture production and ex-vessel prices
French Polynesia,1992,2444226.9309926,USD (1),fis,FAO capture production and ex-vessel prices
French Polynesia,1993,4679147.132828779,USD (1),fis,FAO capture production and ex-vessel prices
French Polynesia,1994,5892311.485721173,USD (1),fis,FAO capture production and ex-vessel prices
French Polynesia,1995,6885448.205064812,USD (1),fis,FAO capture production and ex-vessel prices
French Polynesia,1996,6561654.754475657,USD (1),fis,FAO capture production and ex-vessel prices
French Polynesia,1997,8136589.126937424,USD (1),fis,FAO capture production and ex-vessel prices
French Polynesia,1998,9152285.914338237,USD (1),fis,FAO capture production and ex-vessel prices
French Polynesia,1999,8172708.597405784,USD (1),fis,FAO capture production and ex-vessel prices
French Polynesia,2000,11331108.59240163,USD (1),fis,FAO capture production and ex-vessel prices
French Polynesia,2001,12385653.002609408,USD (1),fis,FAO capture production and ex-vessel prices
French Polynesia,2002,10455775.45357411,USD (1),fis,FAO capture production and ex-vessel prices
French Polynesia,2003,8890190.776397767,USD (1),fis,FAO capture production and ex-vessel prices
French Polynesia,2004,8024945.501052257,USD (1),fis,FAO capture production and ex-vessel prices
French Polynesia,2005,9122048.373556556,USD (1),fis,FAO capture production and ex-vessel prices
French Polynesia,2006,10916076.537850412,USD (1),fis,FAO capture production and ex-vessel prices
French Polynesia,2007,10607825.326044364,USD (1),fis,FAO capture production and ex-vessel prices
French Polynesia,2008,15563987.338284949,USD (1),fis,FAO capture production and ex-vessel prices
French Polynesia,2009,19388604.292457197,USD (1),fis,FAO capture production and ex-vessel prices
French Polynesia,2010,17218662.125892024,USD (1),fis,FAO capture production and ex-vessel prices
French Polynesia,2011,8914555.897195322,USD (1),fis,FAO capture production and ex-vessel prices
French Polynesia,2012,11008381.49054966,USD (1),fis,FAO capture production and ex-vessel prices
French Polynesia,2013,12563902.827442434,USD (1),fis,FAO capture production and ex-vessel prices
French Polynesia,2014,13176160.515646925,USD (1),fis,FAO capture production and ex-vessel prices
French Polynesia,2015,13289840.091928475,USD (1),fis,FAO capture production and ex-vessel prices
French Polynesia,2016,13294037.711162055,USD (1),fis,FAO capture production and ex-vessel prices
French Polynesia,2017,15487092.446603568,USD (1),fis,FAO capture production and ex-vessel prices
French Polynesia,2018,15355398.115119873,USD (1),fis,FAO capture production and ex-vessel prices
French Polynesia,2019,15618035.099394754,USD (1),fis,FAO capture production and ex-vessel prices
French Polynesia,2020,14313993.319044244,USD (1),fis,FAO capture production and ex-vessel prices
French Polynesia,2021,16684812.017508486,USD (1),fis,FAO capture production and ex-vessel prices
French Polynesia,2022,20349934.684859797,USD (1),fis,FAO capture production and ex-vessel prices
French Polynesia,2023,20378202.874583956,USD (1),fis,FAO capture production and ex-vessel prices
French Southern Territories,1976,2048284.411300859,USD (1),fis,FAO capture production and ex-vessel prices
French Southern Territories,1977,3547240.704379372,USD (1),fis,FAO capture production and ex-vessel prices
French Southern Territories,1978,4515567.800611712,USD (1),fis,FAO capture production and ex-vessel prices
French Southern Territories,1979,4372514.564362888,USD (1),fis,FAO capture production and ex-vessel prices
French Southern Territories,1980,4451328.696179499,USD (1),fis,FAO capture production and ex-vessel prices
French Southern Territories,1981,5018295.867122177,USD (1),fis,FAO capture production and ex-vessel prices
French Southern Territories,1982,5587465.531139724,USD (1),fis,FAO capture production and ex-vessel prices
French Southern Territories,1983,5340332.705580008,USD (1),fis,FAO capture production and ex-vessel prices
French Southern Territories,1984,5755350.544103465,USD (1),fis,FAO capture production and ex-vessel prices
French Southern Territories,1985,6564647.633704974,USD (1),fis,FAO capture production and ex-vessel prices
French Southern Territories,1986,5317782.481805499,USD (1),fis,FAO capture production and ex-vessel prices
French Southern Territories,1987,6284511.758983344,USD (1),fis,FAO capture production and ex-vessel prices
French Southern Territories,1988,6447202.834674233,USD (1),fis,FAO capture production and ex-vessel prices
French Southern Territories,1989,3837464.660876754,USD (1),fis,FAO capture production and ex-vessel prices
French Southern Territories,1990,3753351.132203929,USD (1),fis,FAO capture production and ex-vessel prices
French Southern Territories,1991,4816739.321853795,USD (1),fis,FAO capture production and ex-vessel prices
French Southern Territories,1992,5370104.635458047,USD (1),fis,FAO capture production and ex-vessel prices
French Southern Territories,1993,4627380.682822641,USD (1),fis,FAO capture production and ex-vessel prices
French Southern Territories,1994,6767181.164438017,USD (1),fis,FAO capture production and ex-vessel prices
French Southern Territories,1995,6251151.711355717,USD (1),fis,FAO capture production and ex-vessel prices
French Southern Territories,1996,5090948.362989641,USD (1),fis,FAO capture production and ex-vessel prices
French Southern Territories,1997,4664516.737076178,USD (1),fis,FAO capture production and ex-vessel prices
French Southern Territories,1998,3979406.6952377646,USD (1),fis,FAO capture production and ex-vessel prices
French Southern Territories,1999,4439433.141318082,USD (1),fis,FAO capture production and ex-vessel prices
French Southern Territories,2000,2842508.0162686803,USD (1),fis,FAO capture production and ex-vessel prices
French Southern Territories,2001,2860088.7169545656,USD (1),fis,FAO capture production and ex-vessel prices
French Southern Territories,2002,5586885.085680276,USD (1),fis,FAO capture production and ex-vessel prices
French Southern Territories,2003,5485793.921244438,USD (1),fis,FAO capture production and ex-vessel prices
French Southern Territories,2004,2474735.771162531,USD (1),fis,FAO capture production and ex-vessel prices
French Southern Territories,2005,2626931.4218618,USD (1),fis,FAO capture production and ex-vessel prices
French Southern Territories,2006,6394254.631730501,USD (1),fis,FAO capture production and ex-vessel prices
French Southern Territories,2007,6810518.124162106,USD (1),fis,FAO capture production and ex-vessel prices
French Southern Territories,2008,6216673.667343048,USD (1),fis,FAO capture production and ex-vessel prices
French Southern Territories,2009,6678404.80377722,USD (1),fis,FAO capture production and ex-vessel prices
French Southern Territories,2010,8198250.432900533,USD (1),fis,FAO capture production and ex-vessel prices
French Southern Territories,2011,10345484.184619779,USD (1),fis,FAO capture production and ex-vessel prices
French Southern Territories,2012,6336164.943232052,USD (1),fis,FAO capture production and ex-vessel prices
French Southern Territories,2013,8168357.401796772,USD (1),fis,FAO capture production and ex-vessel prices
French Southern Territories,2014,12710782.432534384,USD (1),fis,FAO capture production and ex-vessel prices
French Southern Territories,2015,11657013.486572912,USD (1),fis,FAO capture production and ex-vessel prices
French Southern Territories,2016,11968444.97944311,USD (1),fis,FAO capture production and ex-vessel prices
French Southern Territories,2017,10054425.962100107,USD (1),fis,FAO capture production and ex-vessel prices
French Southern Territories,2018,10308606.945332684,USD (1),fis,FAO capture production and ex-vessel prices
French Southern Territories,2019,10697668.466936274,USD (1),fis,FAO capture production and ex-vessel prices
French Southern Territories,2020,9778253.287097242,USD (1),fis,FAO capture production and ex-vessel prices
French Southern Territories,2021,8634198.994015256,USD (1),fis,FAO capture production and ex-vessel prices
French Southern Territories,2022,8226436.3753874665,USD (1),fis,FAO capture production and ex-vessel prices
French Southern Territories,2023,7818664.034803527,USD (1),fis,FAO capture production and ex-vessel prices
Gabon,1976,3227917.2976190774,USD (1),fis,FAO capture production and ex-vessel prices
Gabon,1977,3839482.183021344,USD (1),fis,FAO capture production and ex-vessel prices
Gabon,1978,11620165.38053666,USD (1),fis,FAO capture production and ex-vessel prices
Gabon,1979,12669084.194513904,USD (1),fis,FAO capture production and ex-vessel prices
Gabon,1980,15209223.714499768,USD (1),fis,FAO capture production and ex-vessel prices
Gabon,1981,22644284.453157537,USD (1),fis,FAO capture production and ex-vessel prices
Gabon,1982,16586805.09896806,USD (1),fis,FAO capture production and ex-vessel prices
Gabon,1983,15589459.760699686,USD (1),fis,FAO capture production and ex-vessel prices
Gabon,1984,18593983.21880836,USD (1),fis,FAO capture production and ex-vessel prices
Gabon,1985,22916783.56215948,USD (1),fis,FAO capture production and ex-vessel prices
Gabon,1986,24506567.931402586,USD (1),fis,FAO capture production and ex-vessel prices
Gabon,1987,11927143.274590379,USD (1),fis,FAO capture production and ex-vessel prices
Gabon,1988,16186140.71414711,USD (1),fis,FAO capture production and ex-vessel prices
Gabon,1989,22864107.6180419,USD (1),fis,FAO capture production and ex-vessel prices
Gabon,1990,20559946.992376022,USD (1),fis,FAO capture production and ex-vessel prices
Gabon,1991,14592719.752753068,USD (1),fis,FAO capture production and ex-vessel prices
Gabon,1992,14041322.41318294,USD (1),fis,FAO capture production and ex-vessel prices
Gabon,1993,12555712.700070983,USD (1),fis,FAO capture production and ex-vessel prices
Gabon,1994,11895744.102753429,USD (1),fis,FAO capture production and ex-vessel prices
Gabon,1995,20113903.38724758,USD (1),fis,FAO capture production and ex-vessel prices
Gabon,1996,26347901.498778775,USD (1),fis,FAO capture production and ex-vessel prices
Gabon,1997,20884971.69418418,USD (1),fis,FAO capture production and ex-vessel prices
Gabon,1998,25869880.87362405,USD (1),fis,FAO capture production and ex-vessel prices
Gabon,1999,14795705.956305197,USD (1),fis,FAO capture production and ex-vessel prices
Gabon,2000,18402659.652641527,USD (1),fis,FAO capture production and ex-vessel prices
Gabon,2001,16642226.384841135,USD (1),fis,FAO capture production and ex-vessel prices
Gabon,2002,12364234.705036167,USD (1),fis,FAO capture production and ex-vessel prices
Gabon,2003,13738350.612677328,USD (1),fis,FAO capture production and ex-vessel prices
Gabon,2004,17989712.594644222,USD (1),fis,FAO capture production and ex-vessel prices
Gabon,2005,15577332.590169126,USD (1),fis,FAO capture production and ex-vessel prices
Gabon,2006,13470131.646939829,USD (1),fis,FAO capture production and ex-vessel prices
Gabon,2007,13635908.690925615,USD (1),fis,FAO capture production and ex-vessel prices
Gabon,2008,11851521.758875776,USD (1),fis,FAO capture production and ex-vessel prices
Gabon,2009,13156565.159293054,USD (1),fis,FAO capture production and ex-vessel prices
Gabon,2010,12098301.18566935,USD (1),fis,FAO capture production and ex-vessel prices
Gabon,2011,14522037.285784567,USD (1),fis,FAO capture production and ex-vessel prices
Gabon,2012,29352588.88127328,USD (1),fis,FAO capture production and ex-vessel prices
Gabon,2013,18285282.4121724,USD (1),fis,FAO capture production and ex-vessel prices
Gabon,2014,19985363.015982937,USD (1),fis,FAO capture production and ex-vessel prices
Gabon,2015,19986100.358307652,USD (1),fis,FAO capture production and ex-vessel prices
Gabon,2016,12648979.161978442,USD (1),fis,FAO capture production and ex-vessel prices
Gabon,2017,15153068.057037968,USD (1),fis,FAO capture production and ex-vessel prices
Gabon,2018,13685160.93906778,USD (1),fis,FAO capture production and ex-vessel prices
Gabon,2019,13968313.389327519,USD (1),fis,FAO capture production and ex-vessel prices
Gabon,2020,9864555.307258656,USD (1),fis,FAO capture production and ex-vessel prices
Gabon,2021,10641561.20532457,USD (1),fis,FAO capture production and ex-vessel prices
Gabon,2022,18078816.67647488,USD (1),fis,FAO capture production and ex-vessel prices
Gabon,2023,14061204.854144804,USD (1),fis,FAO capture production and ex-vessel prices
Gambia,1976,2345138.899471896,USD (1),fis,FAO capture production and ex-vessel prices
Gambia,1977,2667576.649030973,USD (1),fis,FAO capture production and ex-vessel prices
Gambia,1978,2951850.0336543336,USD (1),fis,FAO capture production and ex-vessel prices
Gambia,1979,2037975.8001445392,USD (1),fis,FAO capture production and ex-vessel prices
Gambia,1980,4844283.052060519,USD (1),fis,FAO capture production and ex-vessel prices
Gambia,1981,8510794.065479055,USD (1),fis,FAO capture production and ex-vessel prices
Gambia,1982,5260217.336173038,USD (1),fis,FAO capture production and ex-vessel prices
Gambia,1983,7018861.7120195255,USD (1),fis,FAO capture production and ex-vessel prices
Gambia,1984,7866906.674982194,USD (1),fis,FAO capture production and ex-vessel prices
Gambia,1985,8208329.628371509,USD (1),fis,FAO capture production and ex-vessel prices
Gambia,1986,4975173.679667133,USD (1),fis,FAO capture production and ex-vessel prices
Gambia,1987,17713907.545681074,USD (1),fis,FAO capture production and ex-vessel prices
Gambia,1988,6500216.622524904,USD (1),fis,FAO capture production and ex-vessel prices
Gambia,1989,12059166.312557818,USD (1),fis,FAO capture production and ex-vessel prices
Gambia,1990,16488608.35256732,USD (1),fis,FAO capture production and ex-vessel prices
Gambia,1991,12793607.322439777,USD (1),fis,FAO capture production and ex-vessel prices
Gambia,1992,3928892.6407133345,USD (1),fis,FAO capture production and ex-vessel prices
Gambia,1993,6870657.407903638,USD (1),fis,FAO capture production and ex-vessel prices
Gambia,1994,7479949.303245851,USD (1),fis,FAO capture production and ex-vessel prices
Gambia,1995,10300961.690016372,USD (1),fis,FAO capture production and ex-vessel prices
Gambia,1996,11271333.020004537,USD (1),fis,FAO capture production and ex-vessel prices
Gambia,1997,8624411.442849237,USD (1),fis,FAO capture production and ex-vessel prices
Gambia,1998,6946322.802592051,USD (1),fis,FAO capture production and ex-vessel prices
Gambia,1999,8577704.816160358,USD (1),fis,FAO capture production and ex-vessel prices
Gambia,2000,10885123.329248989,USD (1),fis,FAO capture production and ex-vessel prices
Gambia,2001,13801657.50759872,USD (1),fis,FAO capture production and ex-vessel prices
Gambia,2002,12169172.428195797,USD (1),fis,FAO capture production and ex-vessel prices
Gambia,2003,12929378.340464445,USD (1),fis,FAO capture production and ex-vessel prices
Gambia,2004,8795241.410506442,USD (1),fis,FAO capture production and ex-vessel prices
Gambia,2005,15172951.310012687,USD (1),fis,FAO capture production and ex-vessel prices
Gambia,2006,15742872.704439228,USD (1),fis,FAO capture production and ex-vessel prices
Gambia,2007,28027110.326982126,USD (1),fis,FAO capture production and ex-vessel prices
Gambia,2008,28554758.969686795,USD (1),fis,FAO capture production and ex-vessel prices
Gambia,2009,33735009.71266428,USD (1),fis,FAO capture production and ex-vessel prices
Gambia,2010,31706924.99740214,USD (1),fis,FAO capture production and ex-vessel prices
Gambia,2011,33238067.24680202,USD (1),fis,FAO capture production and ex-vessel prices
Gambia,2012,56782107.91049776,USD (1),fis,FAO capture production and ex-vessel prices
Gambia,2013,47997488.997476116,USD (1),fis,FAO capture production and ex-vessel prices
Gambia,2014,56776580.800725155,USD (1),fis,FAO capture production and ex-vessel prices
Gambia,2015,78753177.81629702,USD (1),fis,FAO capture production and ex-vessel prices
Gambia,2016,48580132.27547432,USD (1),fis,FAO capture production and ex-vessel prices
Gambia,2017,70060261.92130516,USD (1),fis,FAO capture production and ex-vessel prices
Gambia,2018,55821947.30232445,USD (1),fis,FAO capture production and ex-vessel prices
Gambia,2019,65432860.26214337,USD (1),fis,FAO capture production and ex-vessel prices
Gambia,2020,48619487.776140265,USD (1),fis,FAO capture production and ex-vessel prices
Gambia,2021,56278386.18694248,USD (1),fis,FAO capture production and ex-vessel prices
Gambia,2022,82558662.14765042,USD (1),fis,FAO capture production and ex-vessel prices
Gambia,2023,71180747.92901532,USD (1),fis,FAO capture production and ex-vessel prices
Georgia,1992,17052670.846245203,USD (1),fis,FAO capture production and ex-vessel prices
Georgia,1993,7813402.107843955,USD (1),fis,FAO capture production and ex-vessel prices
Georgia,1994,2574865.85486203,USD (1),fis,FAO capture production and ex-vessel prices
Georgia,1995,4651144.163982385,USD (1),fis,FAO capture production and ex-vessel prices
Georgia,1996,4322138.069981563,USD (1),fis,FAO capture production and ex-vessel prices
Georgia,1997,2097454.2978289514,USD (1),fis,FAO capture production and ex-vessel prices
Georgia,1998,1819754.446116153,USD (1),fis,FAO capture production and ex-vessel prices
Georgia,1999,1343977.5951080753,USD (1),fis,FAO capture production and ex-vessel prices
Georgia,2000,2396742.503333227,USD (1),fis,FAO capture production and ex-vessel prices
Georgia,2001,2666064.28926348,USD (1),fis,FAO capture production and ex-vessel prices
Georgia,2002,2482676.9819418103,USD (1),fis,FAO capture production and ex-vessel prices
Georgia,2003,3053484.431561667,USD (1),fis,FAO capture production and ex-vessel prices
Georgia,2004,9353332.668172915,USD (1),fis,FAO capture production and ex-vessel prices
Georgia,2005,8529590.388598781,USD (1),fis,FAO capture production and ex-vessel prices
Georgia,2006,11627488.54196899,USD (1),fis,FAO capture production and ex-vessel prices
Georgia,2007,25642076.679198265,USD (1),fis,FAO capture production and ex-vessel prices
Georgia,2008,31619527.82057753,USD (1),fis,FAO capture production and ex-vessel prices
Georgia,2009,30578540.42494524,USD (1),fis,FAO capture production and ex-vessel prices
Georgia,2010,30689217.91622577,USD (1),fis,FAO capture production and ex-vessel prices
Georgia,2011,25649505.118643783,USD (1),fis,FAO capture production and ex-vessel prices
Georgia,2012,12706698.884117482,USD (1),fis,FAO capture production and ex-vessel prices
Georgia,2013,20841388.922712673,USD (1),fis,FAO capture production and ex-vessel prices
Georgia,2014,36108656.76848466,USD (1),fis,FAO capture production and ex-vessel prices
Georgia,2015,32342922.593243543,USD (1),fis,FAO capture production and ex-vessel prices
Georgia,2016,55425809.62184622,USD (1),fis,FAO capture production and ex-vessel prices
Georgia,2017,208810042.26183563,USD (1),fis,FAO capture production and ex-vessel prices
Georgia,2018,259414010.3598762,USD (1),fis,FAO capture production and ex-vessel prices
Georgia,2019,288992564.45173323,USD (1),fis,FAO capture production and ex-vessel prices
Georgia,2020,159090509.98925397,USD (1),fis,FAO capture production and ex-vessel prices
Georgia,2021,181252607.613385,USD (1),fis,FAO capture production and ex-vessel prices
Georgia,2022,212718692.8098727,USD (1),fis,FAO capture production and ex-vessel prices
Georgia,2023,206589081.84452468,USD (1),fis,FAO capture production and ex-vessel prices
Germany,1976,252068677.29226592,USD (1),fis,FAO capture production and ex-vessel prices
Germany,1977,221389042.767542,USD (1),fis,FAO capture production and ex-vessel prices
Germany,1978,241873909.3538507,USD (1),fis,FAO capture production and ex-vessel prices
Germany,1979,245834512.97709394,USD (1),fis,FAO capture production and ex-vessel prices
Germany,1980,206909827.33627406,USD (1),fis,FAO capture production and ex-vessel prices
Germany,1981,189095858.78210288,USD (1),fis,FAO capture production and ex-vessel prices
Germany,1982,197612232.7258584,USD (1),fis,FAO capture production and ex-vessel prices
Germany,1983,165463078.40596756,USD (1),fis,FAO capture production and ex-vessel prices
Germany,1984,185878451.7713066,USD (1),fis,FAO capture production and ex-vessel prices
Germany,1985,151372542.41426647,USD (1),fis,FAO capture production and ex-vessel prices
Germany,1986,160124794.51926997,USD (1),fis,FAO capture production and ex-vessel prices
Germany,1987,189820704.43515182,USD (1),fis,FAO capture production and ex-vessel prices
Germany,1988,189777335.7319526,USD (1),fis,FAO capture production and ex-vessel prices
Germany,1989,172692408.3520525,USD (1),fis,FAO capture production and ex-vessel prices
Germany,1990,197440715.50633004,USD (1),fis,FAO capture production and ex-vessel prices
Germany,1991,198158095.3650289,USD (1),fis,FAO capture production and ex-vessel prices
Germany,1992,147320720.13432896,USD (1),fis,FAO capture production and ex-vessel prices
Germany,1993,155789860.31517884,USD (1),fis,FAO capture production and ex-vessel prices
Germany,1994,176946455.07849294,USD (1),fis,FAO capture production and ex-vessel prices
Germany,1995,176817896.68749726,USD (1),fis,FAO capture production and ex-vessel prices
Germany,1996,241929891.48132184,USD (1),fis,FAO capture production and ex-vessel prices
Germany,1997,230891130.46376684,USD (1),fis,FAO capture production and ex-vessel prices
Germany,1998,207959897.34798515,USD (1),fis,FAO capture production and ex-vessel prices
Germany,1999,171499983.56338868,USD (1),fis,FAO capture production and ex-vessel prices
Germany,2000,161370159.83433688,USD (1),fis,FAO capture production and ex-vessel prices
Germany,2001,140867427.2660358,USD (1),fis,FAO capture production and ex-vessel prices
Germany,2002,148075626.4636038,USD (1),fis,FAO capture production and ex-vessel prices
Germany,2003,163306550.3726301,USD (1),fis,FAO capture production and ex-vessel prices
Germany,2004,212878945.08866462,USD (1),fis,FAO capture production and ex-vessel prices
Germany,2005,296286196.7492503,USD (1),fis,FAO capture production and ex-vessel prices
Germany,2006,211877384.81757432,USD (1),fis,FAO capture production and ex-vessel prices
Germany,2007,200323940.60334274,USD (1),fis,FAO capture production and ex-vessel prices
Germany,2008,235580706.60592028,USD (1),fis,FAO capture production and ex-vessel prices
Germany,2009,211995814.1704125,USD (1),fis,FAO capture production and ex-vessel prices
Germany,2010,246207348.3548224,USD (1),fis,FAO capture production and ex-vessel prices
Germany,2011,271022671.04011095,USD (1),fis,FAO capture production and ex-vessel prices
Germany,2012,365057622.8619543,USD (1),fis,FAO capture production and ex-vessel prices
Germany,2013,305032351.885094,USD (1),fis,FAO capture production and ex-vessel prices
Germany,2014,314221741.449299,USD (1),fis,FAO capture production and ex-vessel prices
Germany,2015,234970859.17255783,USD (1),fis,FAO capture production and ex-vessel prices
Germany,2016,250246479.7289603,USD (1),fis,FAO capture production and ex-vessel prices
Germany,2017,221581511.356724,USD (1),fis,FAO capture production and ex-vessel prices
Germany,2018,308021262.58242357,USD (1),fis,FAO capture production and ex-vessel prices
Germany,2019,243614112.5346812,USD (1),fis,FAO capture production and ex-vessel prices
Germany,2020,214986823.41134754,USD (1),fis,FAO capture production and ex-vessel prices
Germany,2021,217948967.12787244,USD (1),fis,FAO capture production and ex-vessel prices
Germany,2022,215030488.60298282,USD (1),fis,FAO capture production and ex-vessel prices
Germany,2023,194780409.03172177,USD (1),fis,FAO capture production and ex-vessel prices
Ghana,1976,60050082.777010106,USD (1),fis,FAO capture production and ex-vessel prices
Ghana,1977,68027508.4248864,USD (1),fis,FAO capture production and ex-vessel prices
Ghana,1978,86282139.14061695,USD (1),fis,FAO capture production and ex-vessel prices
Ghana,1979,95586458.75375797,USD (1),fis,FAO capture production and ex-vessel prices
Ghana,1980,120367754.4064383,USD (1),fis,FAO capture production and ex-vessel prices
Ghana,1981,144757968.6004704,USD (1),fis,FAO capture production and ex-vessel prices
Ghana,1982,141191743.64566445,USD (1),fis,FAO capture production and ex-vessel prices
Ghana,1983,129639785.64407048,USD (1),fis,FAO capture production and ex-vessel prices
Ghana,1984,150159884.917314,USD (1),fis,FAO capture production and ex-vessel prices
Ghana,1985,117426504.13418894,USD (1),fis,FAO capture production and ex-vessel prices
Ghana,1986,155430851.0849781,USD (1),fis,FAO capture production and ex-vessel prices
Ghana,1987,260833562.68032628,USD (1),fis,FAO capture production and ex-vessel prices
Ghana,1988,240883615.50086966,USD (1),fis,FAO capture production and ex-vessel prices
Ghana,1989,195081049.24555862,USD (1),fis,FAO capture production and ex-vessel prices
Ghana,1990,247716814.73491326,USD (1),fis,FAO capture production and ex-vessel prices
Ghana,1991,208869399.4711262,USD (1),fis,FAO capture production and ex-vessel prices
Ghana,1992,296369583.3145477,USD (1),fis,FAO capture production and ex-vessel prices
Ghana,1993,257351997.21520725,USD (1),fis,FAO capture production and ex-vessel prices
Ghana,1994,251707019.8883157,USD (1),fis,FAO capture production and ex-vessel prices
Ghana,1995,266712061.19539282,USD (1),fis,FAO capture production and ex-vessel prices
Ghana,1996,320628277.4847629,USD (1),fis,FAO capture production and ex-vessel prices
Ghana,1997,297596486.72205544,USD (1),fis,FAO capture production and ex-vessel prices
Ghana,1998,272392274.5299524,USD (1),fis,FAO capture production and ex-vessel prices
Ghana,1999,288618622.05138993,USD (1),fis,FAO capture production and ex-vessel prices
Ghana,2000,263444264.07698083,USD (1),fis,FAO capture production and ex-vessel prices
Ghana,2001,251996265.75050035,USD (1),fis,FAO capture production and ex-vessel prices
Ghana,2002,179052218.24133518,USD (1),fis,FAO capture production and ex-vessel prices
Ghana,2003,221758308.67281753,USD (1),fis,FAO capture production and ex-vessel prices
Ghana,2004,290045348.1831418,USD (1),fis,FAO capture production and ex-vessel prices
Ghana,2005,282501851.61825603,USD (1),fis,FAO capture production and ex-vessel prices
Ghana,2006,235564678.32871222,USD (1),fis,FAO capture production and ex-vessel prices
Ghana,2007,225083744.08563843,USD (1),fis,FAO capture production and ex-vessel prices
Ghana,2008,342491186.1688266,USD (1),fis,FAO capture production and ex-vessel prices
Ghana,2009,330793323.9064644,USD (1),fis,FAO capture production and ex-vessel prices
Ghana,2010,312096066.1853043,USD (1),fis,FAO capture production and ex-vessel prices
Ghana,2011,272496569.93328536,USD (1),fis,FAO capture production and ex-vessel prices
Ghana,2012,293169008.4249878,USD (1),fis,FAO capture production and ex-vessel prices
Ghana,2013,245030139.38410777,USD (1),fis,FAO capture production and ex-vessel prices
Ghana,2014,292921516.78892666,USD (1),fis,FAO capture production and ex-vessel prices
Ghana,2015,382328862.9110754,USD (1),fis,FAO capture production and ex-vessel prices
Ghana,2016,303691164.26704514,USD (1),fis,FAO capture production and ex-vessel prices
Ghana,2017,436607874.08233833,USD (1),fis,FAO capture production and ex-vessel prices
Ghana,2018,458861540.7857624,USD (1),fis,FAO capture production and ex-vessel prices
Ghana,2019,385006749.44233364,USD (1),fis,FAO capture production and ex-vessel prices
Ghana,2020,386211472.6644393,USD (1),fis,FAO capture production and ex-vessel prices
Ghana,2021,406487490.5640701,USD (1),fis,FAO capture production and ex-vessel prices
Ghana,2022,701258883.6699802,USD (1),fis,FAO capture production and ex-vessel prices
Ghana,2023,541220408.6973369,USD (1),fis,FAO capture production and ex-vessel prices
Gibraltar,1976,0,USD (1),fis,FAO capture production and ex-vessel prices
Gibraltar,1977,0,USD (1),fis,FAO capture production and ex-vessel prices
Gibraltar,1978,0,USD (1),fis,FAO capture production and ex-vessel prices
Gibraltar,1979,0,USD (1),fis,FAO capture production and ex-vessel prices
Gibraltar,1980,0,USD (1),fis,FAO capture production and ex-vessel prices
Gibraltar,1981,0,USD (1),fis,FAO capture production and ex-vessel prices
Gibraltar,1982,0,USD (1),fis,FAO capture production and ex-vessel prices
Gibraltar,1983,0,USD (1),fis,FAO capture production and ex-vessel prices
Gibraltar,1984,0,USD (1),fis,FAO capture production and ex-vessel prices
Gibraltar,1985,0,USD (1),fis,FAO capture production and ex-vessel prices
Gibraltar,1986,0,USD (1),fis,FAO capture production and ex-vessel prices
Gibraltar,1987,0,USD (1),fis,FAO capture production and ex-vessel prices
Gibraltar,1988,0,USD (1),fis,FAO capture production and ex-vessel prices
Gibraltar,1989,0,USD (1),fis,FAO capture production and ex-vessel prices
Gibraltar,1990,0,USD (1),fis,FAO capture production and ex-vessel prices
Gibraltar,1991,0,USD (1),fis,FAO capture production and ex-vessel prices
Gibraltar,1992,0,USD (1),fis,FAO capture production and ex-vessel prices
Gibraltar,1993,0,USD (1),fis,FAO capture production and ex-vessel prices
Gibraltar,1994,0,USD (1),fis,FAO capture production and ex-vessel prices
Gibraltar,1995,0,USD (1),fis,FAO capture production and ex-vessel prices
Gibraltar,1996,0,USD (1),fis,FAO capture production and ex-vessel prices
Gibraltar,1997,0,USD (1),fis,FAO capture production and ex-vessel prices
Gibraltar,1998,0,USD (1),fis,FAO capture production and ex-vessel prices
Gibraltar,1999,0,USD (1),fis,FAO capture production and ex-vessel prices
Gibraltar,2000,0,USD (1),fis,FAO capture production and ex-vessel prices
Gibraltar,2001,0,USD (1),fis,FAO capture production and ex-vessel prices
Gibraltar,2002,0,USD (1),fis,FAO capture production and ex-vessel prices
Gibraltar,2003,0,USD (1),fis,FAO capture production and ex-vessel prices
Gibraltar,2004,0,USD (1),fis,FAO capture production and ex-vessel prices
Gibraltar,2005,0,USD (1),fis,FAO capture production and ex-vessel prices
Gibraltar,2006,0,USD (1),fis,FAO capture production and ex-vessel prices
Gibraltar,2007,0,USD (1),fis,FAO capture production and ex-vessel prices
Gibraltar,2008,0,USD (1),fis,FAO capture production and ex-vessel prices
Gibraltar,2009,0,USD (1),fis,FAO capture production and ex-vessel prices
Gibraltar,2010,0,USD (1),fis,FAO capture production and ex-vessel prices
Gibraltar,2011,0,USD (1),fis,FAO capture production and ex-vessel prices
Gibraltar,2012,0,USD (1),fis,FAO capture production and ex-vessel prices
Gibraltar,2013,0,USD (1),fis,FAO capture production and ex-vessel prices
Gibraltar,2014,0,USD (1),fis,FAO capture production and ex-vessel prices
Gibraltar,2015,0,USD (1),fis,FAO capture production and ex-vessel prices
Gibraltar,2016,0,USD (1),fis,FAO capture production and ex-vessel prices
Gibraltar,2017,0,USD (1),fis,FAO capture production and ex-vessel prices
Gibraltar,2018,0,USD (1),fis,FAO capture production and ex-vessel prices
Gibraltar,2019,0,USD (1),fis,FAO capture production and ex-vessel prices
Gibraltar,2020,0,USD (1),fis,FAO capture production and ex-vessel prices
Gibraltar,2021,0,USD (1),fis,FAO capture production and ex-vessel prices
Gibraltar,2022,0,USD (1),fis,FAO capture production and ex-vessel prices
Gibraltar,2023,0,USD (1),fis,FAO capture production and ex-vessel prices
Greece,1976,35437324.667314336,USD (1),fis,FAO capture production and ex-vessel prices
Greece,1977,40855325.98919592,USD (1),fis,FAO capture production and ex-vessel prices
Greece,1978,43034828.381622754,USD (1),fis,FAO capture production and ex-vessel prices
Greece,1979,45142592.67387188,USD (1),fis,FAO capture production and ex-vessel prices
Greece,1980,58881251.82808218,USD (1),fis,FAO capture production and ex-vessel prices
Greece,1981,58260341.82325771,USD (1),fis,FAO capture production and ex-vessel prices
Greece,1982,69984781.39872295,USD (1),fis,FAO capture production and ex-vessel prices
Greece,1983,61541813.39915368,USD (1),fis,FAO capture production and ex-vessel prices
Greece,1984,59624774.025034696,USD (1),fis,FAO capture production and ex-vessel prices
Greece,1985,67903238.77613407,USD (1),fis,FAO capture production and ex-vessel prices
Greece,1986,102065525.80457534,USD (1),fis,FAO capture production and ex-vessel prices
Greece,1987,123649620.27548349,USD (1),fis,FAO capture production and ex-vessel prices
Greece,1988,114650462.45246364,USD (1),fis,FAO capture production and ex-vessel prices
Greece,1989,132278235.86563548,USD (1),fis,FAO capture production and ex-vessel prices
Greece,1990,145458983.87788782,USD (1),fis,FAO capture production and ex-vessel prices
Greece,1991,148081024.07563284,USD (1),fis,FAO capture production and ex-vessel prices
Greece,1992,178605353.56456295,USD (1),fis,FAO capture production and ex-vessel prices
Greece,1993,213772867.55420873,USD (1),fis,FAO capture production and ex-vessel prices
Greece,1994,291634551.18746734,USD (1),fis,FAO capture production and ex-vessel prices
Greece,1995,222119990.68413565,USD (1),fis,FAO capture production and ex-vessel prices
Greece,1996,217543362.0909302,USD (1),fis,FAO capture production and ex-vessel prices
Greece,1997,188143083.94048283,USD (1),fis,FAO capture production and ex-vessel prices
Greece,1998,130025224.13568491,USD (1),fis,FAO capture production and ex-vessel prices
Greece,1999,133843864.00933182,USD (1),fis,FAO capture production and ex-vessel prices
Greece,2000,111076270.9825066,USD (1),fis,FAO capture production and ex-vessel prices
Greece,2001,104226424.90958045,USD (1),fis,FAO capture production and ex-vessel prices
Greece,2002,95788787.32114945,USD (1),fis,FAO capture production and ex-vessel prices
Greece,2003,105521795.12994112,USD (1),fis,FAO capture production and ex-vessel prices
Greece,2004,111159517.21942565,USD (1),fis,FAO capture production and ex-vessel prices
Greece,2005,122602486.49631031,USD (1),fis,FAO capture production and ex-vessel prices
Greece,2006,127439504.84617254,USD (1),fis,FAO capture production and ex-vessel prices
Greece,2007,119855702.62156688,USD (1),fis,FAO capture production and ex-vessel prices
Greece,2008,113537178.51553589,USD (1),fis,FAO capture production and ex-vessel prices
Greece,2009,120820033.25311027,USD (1),fis,FAO capture production and ex-vessel prices
Greece,2010,102550161.02189283,USD (1),fis,FAO capture production and ex-vessel prices
Greece,2011,103129461.41560712,USD (1),fis,FAO capture production and ex-vessel prices
Greece,2012,96046648.0574722,USD (1),fis,FAO capture production and ex-vessel prices
Greece,2013,101062454.63601178,USD (1),fis,FAO capture production and ex-vessel prices
Greece,2014,106213248.53033249,USD (1),fis,FAO capture production and ex-vessel prices
Greece,2015,119494429.84444854,USD (1),fis,FAO capture production and ex-vessel prices
Greece,2016,139939490.07682946,USD (1),fis,FAO capture production and ex-vessel prices
Greece,2017,148053403.1878203,USD (1),fis,FAO capture production and ex-vessel prices
Greece,2018,146852114.3518973,USD (1),fis,FAO capture production and ex-vessel prices
Greece,2019,166113053.45500025,USD (1),fis,FAO capture production and ex-vessel prices
Greece,2020,129414704.49669236,USD (1),fis,FAO capture production and ex-vessel prices
Greece,2021,132560121.77144912,USD (1),fis,FAO capture production and ex-vessel prices
Greece,2022,148055123.13524586,USD (1),fis,FAO capture production and ex-vessel prices
Greece,2023,130869670.59737216,USD (1),fis,FAO capture production and ex-vessel prices
Greenland,1976,29983186.348336298,USD (1),fis,FAO capture production and ex-vessel prices
Greenland,1977,70358832.9144964,USD (1),fis,FAO capture production and ex-vessel prices
Greenland,1978,77501760.04353765,USD (1),fis,FAO capture production and ex-vessel prices
Greenland,1979,104084521.77843715,USD (1),fis,FAO capture production and ex-vessel prices
Greenland,1980,151659522.72033325,USD (1),fis,FAO capture production and ex-vessel prices
Greenland,1981,153543549.00205928,USD (1),fis,FAO capture production and ex-vessel prices
Greenland,1982,123142617.02943921,USD (1),fis,FAO capture production and ex-vessel prices
Greenland,1983,121799681.90836197,USD (1),fis,FAO capture production and ex-vessel prices
Greenland,1984,126560873.05407044,USD (1),fis,FAO capture production and ex-vessel prices
Greenland,1985,200073027.79677397,USD (1),fis,FAO capture production and ex-vessel prices
Greenland,1986,319235733.7463066,USD (1),fis,FAO capture production and ex-vessel prices
Greenland,1987,179476836.5471377,USD (1),fis,FAO capture production and ex-vessel prices
Greenland,1988,176978980.9879657,USD (1),fis,FAO capture production and ex-vessel prices
Greenland,1989,330853744.847297,USD (1),fis,FAO capture production and ex-vessel prices
Greenland,1990,299626479.69558185,USD (1),fis,FAO capture production and ex-vessel prices
Greenland,1991,316202384.82142454,USD (1),fis,FAO capture production and ex-vessel prices
Greenland,1992,285343589.4168856,USD (1),fis,FAO capture production and ex-vessel prices
Greenland,1993,312475277.9340784,USD (1),fis,FAO capture production and ex-vessel prices
Greenland,1994,373786354.4945246,USD (1),fis,FAO capture production and ex-vessel prices
Greenland,1995,359841139.590698,USD (1),fis,FAO capture production and ex-vessel prices
Greenland,1996,287417124.66190547,USD (1),fis,FAO capture production and ex-vessel prices
Greenland,1997,262626751.12925988,USD (1),fis,FAO capture production and ex-vessel prices
Greenland,1998,280219939.21541923,USD (1),fis,FAO capture production and ex-vessel prices
Greenland,1999,315594691.09046805,USD (1),fis,FAO capture production and ex-vessel prices
Greenland,2000,320516108.23500496,USD (1),fis,FAO capture production and ex-vessel prices
Greenland,2001,318538360.744106,USD (1),fis,FAO capture production and ex-vessel prices
Greenland,2002,394544222.2315412,USD (1),fis,FAO capture production and ex-vessel prices
Greenland,2003,374998321.7497506,USD (1),fis,FAO capture production and ex-vessel prices
Greenland,2004,533585560.2434895,USD (1),fis,FAO capture production and ex-vessel prices
Greenland,2005,551434708.592445,USD (1),fis,FAO capture production and ex-vessel prices
Greenland,2006,618422911.5514076,USD (1),fis,FAO capture production and ex-vessel prices
Greenland,2007,730094593.1942066,USD (1),fis,FAO capture production and ex-vessel prices
Greenland,2008,727860143.0001391,USD (1),fis,FAO capture production and ex-vessel prices
Greenland,2009,719040108.7208934,USD (1),fis,FAO capture production and ex-vessel prices
Greenland,2010,688617983.6647526,USD (1),fis,FAO capture production and ex-vessel prices
Greenland,2011,709282703.7529589,USD (1),fis,FAO capture production and ex-vessel prices
Greenland,2012,687463928.0720221,USD (1),fis,FAO capture production and ex-vessel prices
Greenland,2013,639953580.890779,USD (1),fis,FAO capture production and ex-vessel prices
Greenland,2014,649874922.2879586,USD (1),fis,FAO capture production and ex-vessel prices
Greenland,2015,568638827.3305793,USD (1),fis,FAO capture production and ex-vessel prices
Greenland,2016,642964137.2471201,USD (1),fis,FAO capture production and ex-vessel prices
Greenland,2017,732976282.6560999,USD (1),fis,FAO capture production and ex-vessel prices
Greenland,2018,737508605.6042887,USD (1),fis,FAO capture production and ex-vessel prices
Greenland,2019,791006672.7761205,USD (1),fis,FAO capture production and ex-vessel prices
Greenland,2020,752552447.2371292,USD (1),fis,FAO capture production and ex-vessel prices
Greenland,2021,767680600.2468976,USD (1),fis,FAO capture production and ex-vessel prices
Greenland,2022,822175461.0480773,USD (1),fis,FAO capture production and ex-vessel prices
Greenland,2023,839482210.2521594,USD (1),fis,FAO capture production and ex-vessel prices
Grenada,1976,400449.26407221146,USD (1),fis,FAO capture production and ex-vessel prices
Grenada,1977,1148360.9370803332,USD (1),fis,FAO capture production and ex-vessel prices
Grenada,1978,659756.8461916796,USD (1),fis,FAO capture production and ex-vessel prices
Grenada,1979,664585.8646177059,USD (1),fis,FAO capture production and ex-vessel prices
Grenada,1980,899719.0004759312,USD (1),fis,FAO capture production and ex-vessel prices
Grenada,1981,547480.0066607253,USD (1),fis,FAO capture production and ex-vessel prices
Grenada,1982,435799.3107424412,USD (1),fis,FAO capture production and ex-vessel prices
Grenada,1983,684213.0488864371,USD (1),fis,FAO capture production and ex-vessel prices
Grenada,1984,667780.3321353614,USD (1),fis,FAO capture production and ex-vessel prices
Grenada,1985,707149.4145124247,USD (1),fis,FAO capture production and ex-vessel prices
Grenada,1986,1050492.9210587735,USD (1),fis,FAO capture production and ex-vessel prices
Grenada,1987,1073098.2443667774,USD (1),fis,FAO capture production and ex-vessel prices
Grenada,1988,1550786.1349082214,USD (1),fis,FAO capture production and ex-vessel prices
Grenada,1989,1102122.3553276455,USD (1),fis,FAO capture production and ex-vessel prices
Grenada,1990,1593479.3240866363,USD (1),fis,FAO capture production and ex-vessel prices
Grenada,1991,1730725.5055440909,USD (1),fis,FAO capture production and ex-vessel prices
Grenada,1992,1872334.9240208594,USD (1),fis,FAO capture production and ex-vessel prices
Grenada,1993,2276891.3654274233,USD (1),fis,FAO capture production and ex-vessel prices
Grenada,1994,2422900.727276243,USD (1),fis,FAO capture production and ex-vessel prices
Grenada,1995,3264139.315802221,USD (1),fis,FAO capture production and ex-vessel prices
Grenada,1996,2060310.8622940765,USD (1),fis,FAO capture production and ex-vessel prices
Grenada,1997,1865575.8932564785,USD (1),fis,FAO capture production and ex-vessel prices
Grenada,1998,2406652.1883829487,USD (1),fis,FAO capture production and ex-vessel prices
Grenada,1999,3623485.9540656637,USD (1),fis,FAO capture production and ex-vessel prices
Grenada,2000,2755992.8601278397,USD (1),fis,FAO capture production and ex-vessel prices
Grenada,2001,3011683.898077706,USD (1),fis,FAO capture production and ex-vessel prices
Grenada,2002,2846055.295526412,USD (1),fis,FAO capture production and ex-vessel prices
Grenada,2003,3861374.640849051,USD (1),fis,FAO capture production and ex-vessel prices
Grenada,2004,2906596.5514680794,USD (1),fis,FAO capture production and ex-vessel prices
Grenada,2005,3264035.9433846553,USD (1),fis,FAO capture production and ex-vessel prices
Grenada,2006,2905002.3888912243,USD (1),fis,FAO capture production and ex-vessel prices
Grenada,2007,3174243.723617085,USD (1),fis,FAO capture production and ex-vessel prices
Grenada,2008,4263604.384904182,USD (1),fis,FAO capture production and ex-vessel prices
Grenada,2009,4265388.273964481,USD (1),fis,FAO capture production and ex-vessel prices
Grenada,2010,3119866.7599827563,USD (1),fis,FAO capture production and ex-vessel prices
Grenada,2011,2417819.6655150657,USD (1),fis,FAO capture production and ex-vessel prices
Grenada,2012,2683415.497492231,USD (1),fis,FAO capture production and ex-vessel prices
Grenada,2013,3727177.59294562,USD (1),fis,FAO capture production and ex-vessel prices
Grenada,2014,2492661.4498108556,USD (1),fis,FAO capture production and ex-vessel prices
Grenada,2015,3065204.9785232106,USD (1),fis,FAO capture production and ex-vessel prices
Grenada,2016,3495897.551007931,USD (1),fis,FAO capture production and ex-vessel prices
Grenada,2017,3700165.6941139395,USD (1),fis,FAO capture production and ex-vessel prices
Grenada,2018,3471023.458379831,USD (1),fis,FAO capture production and ex-vessel prices
Grenada,2019,3260625.027512911,USD (1),fis,FAO capture production and ex-vessel prices
Grenada,2020,2995545.863697356,USD (1),fis,FAO capture production and ex-vessel prices
Grenada,2021,2259615.646278897,USD (1),fis,FAO capture production and ex-vessel prices
Grenada,2022,3548741.221434377,USD (1),fis,FAO capture production and ex-vessel prices
Grenada,2023,6327969.0424184855,USD (1),fis,FAO capture production and ex-vessel prices
Guadeloupe,1976,1293394.1817710535,USD (1),fis,FAO capture production and ex-vessel prices
Guadeloupe,1977,1526162.4461016236,USD (1),fis,FAO capture production and ex-vessel prices
Guadeloupe,1978,1426616.7944335418,USD (1),fis,FAO capture production and ex-vessel prices
Guadeloupe,1979,1429848.3906335826,USD (1),fis,FAO capture production and ex-vessel prices
Guadeloupe,1980,1414679.5595926032,USD (1),fis,FAO capture production and ex-vessel prices
Guadeloupe,1981,1557492.6914672554,USD (1),fis,FAO capture production and ex-vessel prices
Guadeloupe,1982,1597826.6016696712,USD (1),fis,FAO capture production and ex-vessel prices
Guadeloupe,1983,1487982.4315716892,USD (1),fis,FAO capture production and ex-vessel prices
Guadeloupe,1984,1620653.0367124558,USD (1),fis,FAO capture production and ex-vessel prices
Guadeloupe,1985,1487052.6255442074,USD (1),fis,FAO capture production and ex-vessel prices
Guadeloupe,1986,1511387.97693874,USD (1),fis,FAO capture production and ex-vessel prices
Guadeloupe,1987,1614368.0067868195,USD (1),fis,FAO capture production and ex-vessel prices
Guadeloupe,1988,1669966.6278621228,USD (1),fis,FAO capture production and ex-vessel prices
Guadeloupe,1989,1714402.138464045,USD (1),fis,FAO capture production and ex-vessel prices
Guadeloupe,1990,1783341.4773580998,USD (1),fis,FAO capture production and ex-vessel prices
Guadeloupe,1991,1681677.2269838313,USD (1),fis,FAO capture production and ex-vessel prices
Guadeloupe,1992,1711298.9613091138,USD (1),fis,FAO capture production and ex-vessel prices
Guadeloupe,1993,1700728.1832917589,USD (1),fis,FAO capture production and ex-vessel prices
Guadeloupe,1994,2488354.639772889,USD (1),fis,FAO capture production and ex-vessel prices
Guadeloupe,1995,4013051.1963029904,USD (1),fis,FAO capture production and ex-vessel prices
Guadeloupe,1996,2607800.1127699395,USD (1),fis,FAO capture production and ex-vessel prices
Guadeloupe,1997,2100185.097547609,USD (1),fis,FAO capture production and ex-vessel prices
Guadeloupe,1998,1922254.7486484433,USD (1),fis,FAO capture production and ex-vessel prices
Guadeloupe,1999,1903088.2952619004,USD (1),fis,FAO capture production and ex-vessel prices
Guadeloupe,2000,1720338.4737052862,USD (1),fis,FAO capture production and ex-vessel prices
Guadeloupe,2001,1500036.9768255167,USD (1),fis,FAO capture production and ex-vessel prices
Guadeloupe,2002,1768963.4043053892,USD (1),fis,FAO capture production and ex-vessel prices
Guadeloupe,2003,707549.7576827183,USD (1),fis,FAO capture production and ex-vessel prices
Guadeloupe,2004,777440.8293431178,USD (1),fis,FAO capture production and ex-vessel prices
Guadeloupe,2005,991100.4366533827,USD (1),fis,FAO capture production and ex-vessel prices
Guadeloupe,2006,957145.5396930933,USD (1),fis,FAO capture production and ex-vessel prices
Guadeloupe,2007,907699.2059135247,USD (1),fis,FAO capture production and ex-vessel prices
Guadeloupe,2008,4415449.134624418,USD (1),fis,FAO capture production and ex-vessel prices
Guadeloupe,2009,4302432.897694073,USD (1),fis,FAO capture production and ex-vessel prices
Guadeloupe,2010,5164970.230421322,USD (1),fis,FAO capture production and ex-vessel prices
Guadeloupe,2011,6533246.686544167,USD (1),fis,FAO capture production and ex-vessel prices
Guadeloupe,2012,4544897.040081838,USD (1),fis,FAO capture production and ex-vessel prices
Guadeloupe,2013,5695939.072681984,USD (1),fis,FAO capture production and ex-vessel prices
Guadeloupe,2014,6011280.202451879,USD (1),fis,FAO capture production and ex-vessel prices
Guadeloupe,2015,6307386.642980186,USD (1),fis,FAO capture production and ex-vessel prices
Guadeloupe,2016,2857434.2149460614,USD (1),fis,FAO capture production and ex-vessel prices
Guadeloupe,2017,4667476.1832477115,USD (1),fis,FAO capture production and ex-vessel prices
Guadeloupe,2018,4820863.912981058,USD (1),fis,FAO capture production and ex-vessel prices
Guadeloupe,2019,4773706.1489604,USD (1),fis,FAO capture production and ex-vessel prices
Guadeloupe,2020,5876622.757836945,USD (1),fis,FAO capture production and ex-vessel prices
Guadeloupe,2021,4730960.685978855,USD (1),fis,FAO capture production and ex-vessel prices
Guadeloupe,2022,4824221.6454265015,USD (1),fis,FAO capture production and ex-vessel prices
Guadeloupe,2023,4070332.1679959716,USD (1),fis,FAO capture production and ex-vessel prices
Guam,1976,0,USD (1),fis,FAO capture production and ex-vessel prices
Guam,1977,0,USD (1),fis,FAO capture production and ex-vessel prices
Guam,1978,0,USD (1),fis,FAO capture production and ex-vessel prices
Guam,1979,0,USD (1),fis,FAO capture production and ex-vessel prices
Guam,1980,32275.704490094024,USD (1),fis,FAO capture production and ex-vessel prices
Guam,1981,45836.019497820074,USD (1),fis,FAO capture production and ex-vessel prices
Guam,1982,122269.3650050453,USD (1),fis,FAO capture production and ex-vessel prices
Guam,1983,105025.57452238504,USD (1),fis,FAO capture production and ex-vessel prices
Guam,1984,170823.44853736061,USD (1),fis,FAO capture production and ex-vessel prices
Guam,1985,139976.03296428925,USD (1),fis,FAO capture production and ex-vessel prices
Guam,1986,149080.73791708186,USD (1),fis,FAO capture production and ex-vessel prices
Guam,1987,134138.8520033929,USD (1),fis,FAO capture production and ex-vessel prices
Guam,1988,369161.90251283813,USD (1),fis,FAO capture production and ex-vessel prices
Guam,1989,314813.7705902912,USD (1),fis,FAO capture production and ex-vessel prices
Guam,1990,365972.59038771177,USD (1),fis,FAO capture production and ex-vessel prices
Guam,1991,648075.8098746571,USD (1),fis,FAO capture production and ex-vessel prices
Guam,1992,478146.91241960187,USD (1),fis,FAO capture production and ex-vessel prices
Guam,1993,530319.7804555544,USD (1),fis,FAO capture production and ex-vessel prices
Guam,1994,583106.4989586363,USD (1),fis,FAO capture production and ex-vessel prices
Guam,1995,617963.3781446181,USD (1),fis,FAO capture production and ex-vessel prices
Guam,1996,337992.12940691947,USD (1),fis,FAO capture production and ex-vessel prices
Guam,1997,320489.7659086758,USD (1),fis,FAO capture production and ex-vessel prices
Guam,1998,395873.10063082137,USD (1),fis,FAO capture production and ex-vessel prices
Guam,1999,246727.5563006958,USD (1),fis,FAO capture production and ex-vessel prices
Guam,2000,314242.91207889945,USD (1),fis,FAO capture production and ex-vessel prices
Guam,2001,406155.0070560757,USD (1),fis,FAO capture production and ex-vessel prices
Guam,2002,327931.7804584311,USD (1),fis,FAO capture production and ex-vessel prices
Guam,2003,269113.78780540987,USD (1),fis,FAO capture production and ex-vessel prices
Guam,2004,380966.05175703444,USD (1),fis,FAO capture production and ex-vessel prices
Guam,2005,253469.61135416094,USD (1),fis,FAO capture production and ex-vessel prices
Guam,2006,366567.4786442307,USD (1),fis,FAO capture production and ex-vessel prices
Guam,2007,407006.15140356147,USD (1),fis,FAO capture production and ex-vessel prices
Guam,2008,699784.0946636264,USD (1),fis,FAO capture production and ex-vessel prices
Guam,2009,901292.5629837282,USD (1),fis,FAO capture production and ex-vessel prices
Guam,2010,210721.70737534962,USD (1),fis,FAO capture production and ex-vessel prices
Guam,2011,113954.49882670301,USD (1),fis,FAO capture production and ex-vessel prices
Guam,2012,91148.01334637946,USD (1),fis,FAO capture production and ex-vessel prices
Guam,2013,125734.46922120881,USD (1),fis,FAO capture production and ex-vessel prices
Guam,2014,82472.30981458875,USD (1),fis,FAO capture production and ex-vessel prices
Guam,2015,80604.4055896195,USD (1),fis,FAO capture production and ex-vessel prices
Guam,2016,73872.0107812008,USD (1),fis,FAO capture production and ex-vessel prices
Guam,2017,148349.37549656155,USD (1),fis,FAO capture production and ex-vessel prices
Guam,2018,109254.16237377927,USD (1),fis,FAO capture production and ex-vessel prices
Guam,2019,136619.3698508773,USD (1),fis,FAO capture production and ex-vessel prices
Guam,2020,72664.04030155392,USD (1),fis,FAO capture production and ex-vessel prices
Guam,2021,50437.613168196745,USD (1),fis,FAO capture production and ex-vessel prices
Guam,2022,68102.44293678287,USD (1),fis,FAO capture production and ex-vessel prices
Guam,2023,80895.75435555444,USD (1),fis,FAO capture production and ex-vessel prices
Guatemala,1976,480780.8464925317,USD (1),fis,FAO capture production and ex-vessel prices
Guatemala,1977,1530597.3019965023,USD (1),fis,FAO capture production and ex-vessel prices
Guatemala,1978,4235028.982566629,USD (1),fis,FAO capture production and ex-vessel prices
Guatemala,1979,3527242.2449531923,USD (1),fis,FAO capture production and ex-vessel prices
Guatemala,1980,3074684.2236177,USD (1),fis,FAO capture production and ex-vessel prices
Guatemala,1981,2702562.7881449405,USD (1),fis,FAO capture production and ex-vessel prices
Guatemala,1982,1804620.0463767108,USD (1),fis,FAO capture production and ex-vessel prices
Guatemala,1983,1408034.1399247795,USD (1),fis,FAO capture production and ex-vessel prices
Guatemala,1984,2279242.6843488133,USD (1),fis,FAO capture production and ex-vessel prices
Guatemala,1985,3341446.7864387487,USD (1),fis,FAO capture production and ex-vessel prices
Guatemala,1986,2072470.701881558,USD (1),fis,FAO capture production and ex-vessel prices
Guatemala,1987,660301.3403461148,USD (1),fis,FAO capture production and ex-vessel prices
Guatemala,1988,951242.7734894514,USD (1),fis,FAO capture production and ex-vessel prices
Guatemala,1989,2334081.58422077,USD (1),fis,FAO capture production and ex-vessel prices
Guatemala,1990,1974954.7139787166,USD (1),fis,FAO capture production and ex-vessel prices
Guatemala,1991,3491181.7241281765,USD (1),fis,FAO capture production and ex-vessel prices
Guatemala,1992,2419081.1392344185,USD (1),fis,FAO capture production and ex-vessel prices
Guatemala,1993,3013275.336896099,USD (1),fis,FAO capture production and ex-vessel prices
Guatemala,1994,5094219.961103157,USD (1),fis,FAO capture production and ex-vessel prices
Guatemala,1995,4020013.039742847,USD (1),fis,FAO capture production and ex-vessel prices
Guatemala,1996,2702899.6143261148,USD (1),fis,FAO capture production and ex-vessel prices
Guatemala,1997,759093.1197078645,USD (1),fis,FAO capture production and ex-vessel prices
Guatemala,1998,1644065.245013273,USD (1),fis,FAO capture production and ex-vessel prices
Guatemala,1999,16287115.989446431,USD (1),fis,FAO capture production and ex-vessel prices
Guatemala,2000,61614403.32030119,USD (1),fis,FAO capture production and ex-vessel prices
Guatemala,2001,33084281.67475609,USD (1),fis,FAO capture production and ex-vessel prices
Guatemala,2002,21891256.793870136,USD (1),fis,FAO capture production and ex-vessel prices
Guatemala,2003,23970795.092827898,USD (1),fis,FAO capture production and ex-vessel prices
Guatemala,2004,6872989.007245936,USD (1),fis,FAO capture production and ex-vessel prices
Guatemala,2005,21315887.582305435,USD (1),fis,FAO capture production and ex-vessel prices
Guatemala,2006,21954030.93797611,USD (1),fis,FAO capture production and ex-vessel prices
Guatemala,2007,24039000.562266264,USD (1),fis,FAO capture production and ex-vessel prices
Guatemala,2008,53073909.241673775,USD (1),fis,FAO capture production and ex-vessel prices
Guatemala,2009,46266199.84963254,USD (1),fis,FAO capture production and ex-vessel prices
Guatemala,2010,43488882.119138084,USD (1),fis,FAO capture production and ex-vessel prices
Guatemala,2011,20925738.1746999,USD (1),fis,FAO capture production and ex-vessel prices
Guatemala,2012,15367806.803118963,USD (1),fis,FAO capture production and ex-vessel prices
Guatemala,2013,22502379.374701947,USD (1),fis,FAO capture production and ex-vessel prices
Guatemala,2014,23565595.22106015,USD (1),fis,FAO capture production and ex-vessel prices
Guatemala,2015,21622559.882186197,USD (1),fis,FAO capture production and ex-vessel prices
Guatemala,2016,24629703.835551355,USD (1),fis,FAO capture production and ex-vessel prices
Guatemala,2017,35984098.036438435,USD (1),fis,FAO capture production and ex-vessel prices
Guatemala,2018,30546143.44037186,USD (1),fis,FAO capture production and ex-vessel prices
Guatemala,2019,27281478.043737527,USD (1),fis,FAO capture production and ex-vessel prices
Guatemala,2020,21213168.123498697,USD (1),fis,FAO capture production and ex-vessel prices
Guatemala,2021,20408673.592483882,USD (1),fis,FAO capture production and ex-vessel prices
Guatemala,2022,30359692.865991905,USD (1),fis,FAO capture production and ex-vessel prices
Guatemala,2023,23345276.339978207,USD (1),fis,FAO capture production and ex-vessel prices
Guernsey,1976,1819201.296522308,USD (1),fis,FAO capture production and ex-vessel prices
Guernsey,1977,2534882.316525924,USD (1),fis,FAO capture production and ex-vessel prices
Guernsey,1978,3728495.116518913,USD (1),fis,FAO capture production and ex-vessel prices
Guernsey,1979,4116472.5544581385,USD (1),fis,FAO capture production and ex-vessel prices
Guernsey,1980,4436889.106882353,USD (1),fis,FAO capture production and ex-vessel prices
Guernsey,1981,4188623.00706775,USD (1),fis,FAO capture production and ex-vessel prices
Guernsey,1982,2900826.233972421,USD (1),fis,FAO capture production and ex-vessel prices
Guernsey,1983,2452739.9169001216,USD (1),fis,FAO capture production and ex-vessel prices
Guernsey,1984,2062414.777151407,USD (1),fis,FAO capture production and ex-vessel prices
Guernsey,1985,2046509.8044245967,USD (1),fis,FAO capture production and ex-vessel prices
Guernsey,1986,2508295.462903487,USD (1),fis,FAO capture production and ex-vessel prices
Guernsey,1987,2802440.1540154614,USD (1),fis,FAO capture production and ex-vessel prices
Guernsey,1988,3352989.9838050334,USD (1),fis,FAO capture production and ex-vessel prices
Guernsey,1989,3826156.7501372714,USD (1),fis,FAO capture production and ex-vessel prices
Guernsey,1990,4428866.215156903,USD (1),fis,FAO capture production and ex-vessel prices
Guernsey,1991,3941492.3977935473,USD (1),fis,FAO capture production and ex-vessel prices
Guernsey,1992,3724613.477378553,USD (1),fis,FAO capture production and ex-vessel prices
Guernsey,1993,3510609.492599654,USD (1),fis,FAO capture production and ex-vessel prices
Guernsey,1994,5010096.442104372,USD (1),fis,FAO capture production and ex-vessel prices
Guernsey,1995,3665916.0453525693,USD (1),fis,FAO capture production and ex-vessel prices
Guernsey,1996,5089842.431450732,USD (1),fis,FAO capture production and ex-vessel prices
Guernsey,1997,4516469.12419646,USD (1),fis,FAO capture production and ex-vessel prices
Guernsey,1998,4250540.775752472,USD (1),fis,FAO capture production and ex-vessel prices
Guernsey,1999,3689416.2510339473,USD (1),fis,FAO capture production and ex-vessel prices
Guernsey,2000,3079616.8921110136,USD (1),fis,FAO capture production and ex-vessel prices
Guernsey,2001,2777831.0639909147,USD (1),fis,FAO capture production and ex-vessel prices
Guernsey,2002,2309966.8858393794,USD (1),fis,FAO capture production and ex-vessel prices
Guernsey,2003,2525226.843727234,USD (1),fis,FAO capture production and ex-vessel prices
Guernsey,2004,3249880.9045420717,USD (1),fis,FAO capture production and ex-vessel prices
Guernsey,2005,3677168.316194871,USD (1),fis,FAO capture production and ex-vessel prices
Guernsey,2006,3552439.165712853,USD (1),fis,FAO capture production and ex-vessel prices
Guernsey,2007,3771537.4073431008,USD (1),fis,FAO capture production and ex-vessel prices
Guernsey,2008,3526973.3678209507,USD (1),fis,FAO capture production and ex-vessel prices
Guernsey,2009,3154118.4006442945,USD (1),fis,FAO capture production and ex-vessel prices
Guernsey,2010,3676383.108879753,USD (1),fis,FAO capture production and ex-vessel prices
Guernsey,2011,3787609.4009257723,USD (1),fis,FAO capture production and ex-vessel prices
Guernsey,2012,3404442.1924893036,USD (1),fis,FAO capture production and ex-vessel prices
Guernsey,2013,3166130.6838489533,USD (1),fis,FAO capture production and ex-vessel prices
Guernsey,2014,3902340.2558175195,USD (1),fis,FAO capture production and ex-vessel prices
Guernsey,2015,3363482.2730570803,USD (1),fis,FAO capture production and ex-vessel prices
Guernsey,2016,3457236.7513720156,USD (1),fis,FAO capture production and ex-vessel prices
Guernsey,2017,3142227.005551402,USD (1),fis,FAO capture production and ex-vessel prices
Guernsey,2018,3397622.200606973,USD (1),fis,FAO capture production and ex-vessel prices
Guernsey,2019,3227202.810146943,USD (1),fis,FAO capture production and ex-vessel prices
Guernsey,2020,4184501.9243221437,USD (1),fis,FAO capture production and ex-vessel prices
Guernsey,2021,5078726.045699343,USD (1),fis,FAO capture production and ex-vessel prices
Guernsey,2022,5459007.635781084,USD (1),fis,FAO capture production and ex-vessel prices
Guernsey,2023,4663057.243421738,USD (1),fis,FAO capture production and ex-vessel prices
Guinea,1976,1877433.563157672,USD (1),fis,FAO capture production and ex-vessel prices
Guinea,1977,1531133.9534590475,USD (1),fis,FAO capture production and ex-vessel prices
Guinea,1978,2436305.528832162,USD (1),fis,FAO capture production and ex-vessel prices
Guinea,1979,4771409.927538452,USD (1),fis,FAO capture production and ex-vessel prices
Guinea,1980,7932221.530656833,USD (1),fis,FAO capture production and ex-vessel prices
Guinea,1981,16693059.404756881,USD (1),fis,FAO capture production and ex-vessel prices
Guinea,1982,17850916.557731513,USD (1),fis,FAO capture production and ex-vessel prices
Guinea,1983,16180782.450076107,USD (1),fis,FAO capture production and ex-vessel prices
Guinea,1984,19312972.402732197,USD (1),fis,FAO capture production and ex-vessel prices
Guinea,1985,16344056.780404486,USD (1),fis,FAO capture production and ex-vessel prices
Guinea,1986,1549244.077238034,USD (1),fis,FAO capture production and ex-vessel prices
Guinea,1987,3797826.7182586053,USD (1),fis,FAO capture production and ex-vessel prices
Guinea,1988,18035640.897650644,USD (1),fis,FAO capture production and ex-vessel prices
Guinea,1989,21560910.591870427,USD (1),fis,FAO capture production and ex-vessel prices
Guinea,1990,32830134.6141177,USD (1),fis,FAO capture production and ex-vessel prices
Guinea,1991,14906615.792491607,USD (1),fis,FAO capture production and ex-vessel prices
Guinea,1992,8525871.583609875,USD (1),fis,FAO capture production and ex-vessel prices
Guinea,1993,12242637.226114128,USD (1),fis,FAO capture production and ex-vessel prices
Guinea,1994,9727926.14618131,USD (1),fis,FAO capture production and ex-vessel prices
Guinea,1995,14582251.398889568,USD (1),fis,FAO capture production and ex-vessel prices
Guinea,1996,14515833.188146058,USD (1),fis,FAO capture production and ex-vessel prices
Guinea,1997,10248746.56197076,USD (1),fis,FAO capture production and ex-vessel prices
Guinea,1998,7039125.902236891,USD (1),fis,FAO capture production and ex-vessel prices
Guinea,1999,4659795.374300283,USD (1),fis,FAO capture production and ex-vessel prices
Guinea,2000,13532117.861098545,USD (1),fis,FAO capture production and ex-vessel prices
Guinea,2001,16567419.405912315,USD (1),fis,FAO capture production and ex-vessel prices
Guinea,2002,18338046.066967234,USD (1),fis,FAO capture production and ex-vessel prices
Guinea,2003,24347637.300817043,USD (1),fis,FAO capture production and ex-vessel prices
Guinea,2004,24693333.35690914,USD (1),fis,FAO capture production and ex-vessel prices
Guinea,2005,24085525.250965156,USD (1),fis,FAO capture production and ex-vessel prices
Guinea,2006,25689525.53170557,USD (1),fis,FAO capture production and ex-vessel prices
Guinea,2007,21956704.033544313,USD (1),fis,FAO capture production and ex-vessel prices
Guinea,2008,31541483.569596462,USD (1),fis,FAO capture production and ex-vessel prices
Guinea,2009,48059079.27599446,USD (1),fis,FAO capture production and ex-vessel prices
Guinea,2010,53322181.35469962,USD (1),fis,FAO capture production and ex-vessel prices
Guinea,2011,74369660.57200868,USD (1),fis,FAO capture production and ex-vessel prices
Guinea,2012,231419715.0843673,USD (1),fis,FAO capture production and ex-vessel prices
Guinea,2013,174225366.1887981,USD (1),fis,FAO capture production and ex-vessel prices
Guinea,2014,160361361.8218825,USD (1),fis,FAO capture production and ex-vessel prices
Guinea,2015,173689960.4962173,USD (1),fis,FAO capture production and ex-vessel prices
Guinea,2016,119467514.236181,USD (1),fis,FAO capture production and ex-vessel prices
Guinea,2017,321921181.59622025,USD (1),fis,FAO capture production and ex-vessel prices
Guinea,2018,240323888.7513686,USD (1),fis,FAO capture production and ex-vessel prices
Guinea,2019,259696745.4392448,USD (1),fis,FAO capture production and ex-vessel prices
Guinea,2020,281529486.38827384,USD (1),fis,FAO capture production and ex-vessel prices
Guinea,2021,280030506.9256365,USD (1),fis,FAO capture production and ex-vessel prices
Guinea,2022,270674700.9349302,USD (1),fis,FAO capture production and ex-vessel prices
Guinea,2023,242976302.0012109,USD (1),fis,FAO capture production and ex-vessel prices
Guinea-Bissau,1976,0,USD (1),fis,FAO capture production and ex-vessel prices
Guinea-Bissau,1977,0,USD (1),fis,FAO capture production and ex-vessel prices
Guinea-Bissau,1978,0,USD (1),fis,FAO capture production and ex-vessel prices
Guinea-Bissau,1979,0,USD (1),fis,FAO capture production and ex-vessel prices
Guinea-Bissau,1980,0,USD (1),fis,FAO capture production and ex-vessel prices
Guinea-Bissau,1981,0,USD (1),fis,FAO capture production and ex-vessel prices
Guinea-Bissau,1982,0,USD (1),fis,FAO capture production and ex-vessel prices
Guinea-Bissau,1983,33857.62424365997,USD (1),fis,FAO capture production and ex-vessel prices
Guinea-Bissau,1984,4834.158740312797,USD (1),fis,FAO capture production and ex-vessel prices
Guinea-Bissau,1985,1153.896766296566,USD (1),fis,FAO capture production and ex-vessel prices
Guinea-Bissau,1986,823.871467725694,USD (1),fis,FAO capture production and ex-vessel prices
Guinea-Bissau,1987,1317.7176368805376,USD (1),fis,FAO capture production and ex-vessel prices
Guinea-Bissau,1988,2994.544637211905,USD (1),fis,FAO capture production and ex-vessel prices
Guinea-Bissau,1989,1475.9247326538805,USD (1),fis,FAO capture production and ex-vessel prices
Guinea-Bissau,1990,1847.84965977126,USD (1),fis,FAO capture production and ex-vessel prices
Guinea-Bissau,1991,2123.543157023808,USD (1),fis,FAO capture production and ex-vessel prices
Guinea-Bissau,1992,2673.357941389958,USD (1),fis,FAO capture production and ex-vessel prices
Guinea-Bissau,1993,4863.7379984148365,USD (1),fis,FAO capture production and ex-vessel prices
Guinea-Bissau,1994,897493.1204705237,USD (1),fis,FAO capture production and ex-vessel prices
Guinea-Bissau,1995,1413403.546867729,USD (1),fis,FAO capture production and ex-vessel prices
Guinea-Bissau,1996,2815027.428154724,USD (1),fis,FAO capture production and ex-vessel prices
Guinea-Bissau,1997,2818176.132948567,USD (1),fis,FAO capture production and ex-vessel prices
Guinea-Bissau,1998,2706159.4647712926,USD (1),fis,FAO capture production and ex-vessel prices
Guinea-Bissau,1999,2855479.931126917,USD (1),fis,FAO capture production and ex-vessel prices
Guinea-Bissau,2000,3178173.4865381485,USD (1),fis,FAO capture production and ex-vessel prices
Guinea-Bissau,2001,5516248.218789963,USD (1),fis,FAO capture production and ex-vessel prices
Guinea-Bissau,2002,4723752.2582965335,USD (1),fis,FAO capture production and ex-vessel prices
Guinea-Bissau,2003,2295187.419680803,USD (1),fis,FAO capture production and ex-vessel prices
Guinea-Bissau,2004,2584343.845434162,USD (1),fis,FAO capture production and ex-vessel prices
Guinea-Bissau,2005,3077156.7292361613,USD (1),fis,FAO capture production and ex-vessel prices
Guinea-Bissau,2006,6767703.0700147925,USD (1),fis,FAO capture production and ex-vessel prices
Guinea-Bissau,2007,4410420.360614033,USD (1),fis,FAO capture production and ex-vessel prices
Guinea-Bissau,2008,2384892.2681617746,USD (1),fis,FAO capture production and ex-vessel prices
Guinea-Bissau,2009,2824974.194165454,USD (1),fis,FAO capture production and ex-vessel prices
Guinea-Bissau,2010,2197778.6239595637,USD (1),fis,FAO capture production and ex-vessel prices
Guinea-Bissau,2011,2741630.1209862577,USD (1),fis,FAO capture production and ex-vessel prices
Guinea-Bissau,2012,3140412.56372115,USD (1),fis,FAO capture production and ex-vessel prices
Guinea-Bissau,2013,2483337.9823001614,USD (1),fis,FAO capture production and ex-vessel prices
Guinea-Bissau,2014,3341228.3812163477,USD (1),fis,FAO capture production and ex-vessel prices
Guinea-Bissau,2015,5169514.2240248555,USD (1),fis,FAO capture production and ex-vessel prices
Guinea-Bissau,2016,3789243.3929640325,USD (1),fis,FAO capture production and ex-vessel prices
Guinea-Bissau,2017,7717200.081948329,USD (1),fis,FAO capture production and ex-vessel prices
Guinea-Bissau,2018,13148288.910096696,USD (1),fis,FAO capture production and ex-vessel prices
Guinea-Bissau,2019,15213273.026510699,USD (1),fis,FAO capture production and ex-vessel prices
Guinea-Bissau,2020,12355089.3792406,USD (1),fis,FAO capture production and ex-vessel prices
Guinea-Bissau,2021,13533468.736042272,USD (1),fis,FAO capture production and ex-vessel prices
Guinea-Bissau,2022,20612648.77150189,USD (1),fis,FAO capture production and ex-vessel prices
Guinea-Bissau,2023,17769773.743126865,USD (1),fis,FAO capture production and ex-vessel prices
Guyana,1976,0,USD (1),fis,FAO capture production and ex-vessel prices
Guyana,1977,0,USD (1),fis,FAO capture production and ex-vessel prices
Guyana,1978,0,USD (1),fis,FAO capture production and ex-vessel prices
Guyana,1979,0,USD (1),fis,FAO capture production and ex-vessel prices
Guyana,1980,0,USD (1),fis,FAO capture production and ex-vessel prices
Guyana,1981,472367.02614919085,USD (1),fis,FAO capture production and ex-vessel prices
Guyana,1982,575825.5894116713,USD (1),fis,FAO capture production and ex-vessel prices
Guyana,1983,576998.0297967108,USD (1),fis,FAO capture production and ex-vessel prices
Guyana,1984,547229.6775882727,USD (1),fis,FAO capture production and ex-vessel prices
Guyana,1985,208440.86423277564,USD (1),fis,FAO capture production and ex-vessel prices
Guyana,1986,196522.6361416037,USD (1),fis,FAO capture production and ex-vessel prices
Guyana,1987,255520.78540040142,USD (1),fis,FAO capture production and ex-vessel prices
Guyana,1988,1133903.4628600827,USD (1),fis,FAO capture production and ex-vessel prices
Guyana,1989,872226.5969804111,USD (1),fis,FAO capture production and ex-vessel prices
Guyana,1990,465964.625871498,USD (1),fis,FAO capture production and ex-vessel prices
Guyana,1991,3808907.5317360903,USD (1),fis,FAO capture production and ex-vessel prices
Guyana,1992,2506364.3749686214,USD (1),fis,FAO capture production and ex-vessel prices
Guyana,1993,5873854.661217248,USD (1),fis,FAO capture production and ex-vessel prices
Guyana,1994,7805598.990948043,USD (1),fis,FAO capture production and ex-vessel prices
Guyana,1995,8831437.803455299,USD (1),fis,FAO capture production and ex-vessel prices
Guyana,1996,8859635.603715483,USD (1),fis,FAO capture production and ex-vessel prices
Guyana,1997,8951682.133545637,USD (1),fis,FAO capture production and ex-vessel prices
Guyana,1998,4276977.485880689,USD (1),fis,FAO capture production and ex-vessel prices
Guyana,1999,8072496.5048726965,USD (1),fis,FAO capture production and ex-vessel prices
Guyana,2000,11988733.819739666,USD (1),fis,FAO capture production and ex-vessel prices
Guyana,2001,12904384.676803827,USD (1),fis,FAO capture production and ex-vessel prices
Guyana,2002,17295921.80396771,USD (1),fis,FAO capture production and ex-vessel prices
Guyana,2003,26831134.794083472,USD (1),fis,FAO capture production and ex-vessel prices
Guyana,2004,23931032.08528111,USD (1),fis,FAO capture production and ex-vessel prices
Guyana,2005,16314686.142617714,USD (1),fis,FAO capture production and ex-vessel prices
Guyana,2006,26531093.008102123,USD (1),fis,FAO capture production and ex-vessel prices
Guyana,2007,68903840.22525598,USD (1),fis,FAO capture production and ex-vessel prices
Guyana,2008,43644632.39480741,USD (1),fis,FAO capture production and ex-vessel prices
Guyana,2009,58104638.092285246,USD (1),fis,FAO capture production and ex-vessel prices
Guyana,2010,60501250.5891296,USD (1),fis,FAO capture production and ex-vessel prices
Guyana,2011,52458549.06529242,USD (1),fis,FAO capture production and ex-vessel prices
Guyana,2012,64383102.063810565,USD (1),fis,FAO capture production and ex-vessel prices
Guyana,2013,67306925.15725288,USD (1),fis,FAO capture production and ex-vessel prices
Guyana,2014,52673916.626660444,USD (1),fis,FAO capture production and ex-vessel prices
Guyana,2015,45415075.73307744,USD (1),fis,FAO capture production and ex-vessel prices
Guyana,2016,52344471.53682726,USD (1),fis,FAO capture production and ex-vessel prices
Guyana,2017,47963257.03957633,USD (1),fis,FAO capture production and ex-vessel prices
Guyana,2018,46918312.00456877,USD (1),fis,FAO capture production and ex-vessel prices
Guyana,2019,37696707.21309651,USD (1),fis,FAO capture production and ex-vessel prices
Guyana,2020,44508515.92858287,USD (1),fis,FAO capture production and ex-vessel prices
Guyana,2021,33381688.29702311,USD (1),fis,FAO capture production and ex-vessel prices
Guyana,2022,28154641.65588008,USD (1),fis,FAO capture production and ex-vessel prices
Guyana,2023,30690413.52225814,USD (1),fis,FAO capture production and ex-vessel prices
Haiti,1976,354986.3486249103,USD (1),fis,FAO capture production and ex-vessel prices
Haiti,1977,1151644.3689226627,USD (1),fis,FAO capture production and ex-vessel prices
Haiti,1978,880006.5160316102,USD (1),fis,FAO capture production and ex-vessel prices
Haiti,1979,1552426.697757942,USD (1),fis,FAO capture production and ex-vessel prices
Haiti,1980,1621534.8660643534,USD (1),fis,FAO capture production and ex-vessel prices
Haiti,1981,1782581.9380525278,USD (1),fis,FAO capture production and ex-vessel prices
Haiti,1982,1742366.2079103717,USD (1),fis,FAO capture production and ex-vessel prices
Haiti,1983,2198826.650527093,USD (1),fis,FAO capture production and ex-vessel prices
Haiti,1984,2567636.003251033,USD (1),fis,FAO capture production and ex-vessel prices
Haiti,1985,2656883.6103848973,USD (1),fis,FAO capture production and ex-vessel prices
Haiti,1986,3443681.3767254143,USD (1),fis,FAO capture production and ex-vessel prices
Haiti,1987,5626091.077003795,USD (1),fis,FAO capture production and ex-vessel prices
Haiti,1988,6395096.826078034,USD (1),fis,FAO capture production and ex-vessel prices
Haiti,1989,6066686.245669767,USD (1),fis,FAO capture production and ex-vessel prices
Haiti,1990,8151429.213717053,USD (1),fis,FAO capture production and ex-vessel prices
Haiti,1991,9417423.822235376,USD (1),fis,FAO capture production and ex-vessel prices
Haiti,1992,8963574.821698168,USD (1),fis,FAO capture production and ex-vessel prices
Haiti,1993,8922560.818949873,USD (1),fis,FAO capture production and ex-vessel prices
Haiti,1994,11134008.860330854,USD (1),fis,FAO capture production and ex-vessel prices
Haiti,1995,13180962.651212817,USD (1),fis,FAO capture production and ex-vessel prices
Haiti,1996,12425878.336530102,USD (1),fis,FAO capture production and ex-vessel prices
Haiti,1997,15600392.46546854,USD (1),fis,FAO capture production and ex-vessel prices
Haiti,1998,15021571.551129064,USD (1),fis,FAO capture production and ex-vessel prices
Haiti,1999,22192274.032712117,USD (1),fis,FAO capture production and ex-vessel prices
Haiti,2000,16687492.376551522,USD (1),fis,FAO capture production and ex-vessel prices
Haiti,2001,18840923.649231996,USD (1),fis,FAO capture production and ex-vessel prices
Haiti,2002,19942070.261342824,USD (1),fis,FAO capture production and ex-vessel prices
Haiti,2003,17033473.887511373,USD (1),fis,FAO capture production and ex-vessel prices
Haiti,2004,15638275.257983046,USD (1),fis,FAO capture production and ex-vessel prices
Haiti,2005,15171300.939407788,USD (1),fis,FAO capture production and ex-vessel prices
Haiti,2006,15251900.560027497,USD (1),fis,FAO capture production and ex-vessel prices
Haiti,2007,13414351.222379671,USD (1),fis,FAO capture production and ex-vessel prices
Haiti,2008,10952281.032795146,USD (1),fis,FAO capture production and ex-vessel prices
Haiti,2009,7663357.765682224,USD (1),fis,FAO capture production and ex-vessel prices
Haiti,2010,5415749.564532701,USD (1),fis,FAO capture production and ex-vessel prices
Haiti,2011,4621827.614115701,USD (1),fis,FAO capture production and ex-vessel prices
Haiti,2012,4930099.719260316,USD (1),fis,FAO capture production and ex-vessel prices
Haiti,2013,4496486.732066541,USD (1),fis,FAO capture production and ex-vessel prices
Haiti,2014,4785165.355570944,USD (1),fis,FAO capture production and ex-vessel prices
Haiti,2015,4290838.1743235905,USD (1),fis,FAO capture production and ex-vessel prices
Haiti,2016,4544774.482747149,USD (1),fis,FAO capture production and ex-vessel prices
Haiti,2017,4314269.0725272205,USD (1),fis,FAO capture production and ex-vessel prices
Haiti,2018,4202109.730069211,USD (1),fis,FAO capture production and ex-vessel prices
Haiti,2019,4946108.976666489,USD (1),fis,FAO capture production and ex-vessel prices
Haiti,2020,5259665.737696002,USD (1),fis,FAO capture production and ex-vessel prices
Haiti,2021,6263526.2815336175,USD (1),fis,FAO capture production and ex-vessel prices
Haiti,2022,6067130.993280494,USD (1),fis,FAO capture production and ex-vessel prices
Haiti,2023,5124314.405937094,USD (1),fis,FAO capture production and ex-vessel prices
Honduras,1976,6954182.569561992,USD (1),fis,FAO capture production and ex-vessel prices
Honduras,1977,8858448.48575312,USD (1),fis,FAO capture production and ex-vessel prices
Honduras,1978,11193682.883922081,USD (1),fis,FAO capture production and ex-vessel prices
Honduras,1979,26616355.733059913,USD (1),fis,FAO capture production and ex-vessel prices
Honduras,1980,17820668.178047244,USD (1),fis,FAO capture production and ex-vessel prices
Honduras,1981,17727777.373932388,USD (1),fis,FAO capture production and ex-vessel prices
Honduras,1982,14714282.625803089,USD (1),fis,FAO capture production and ex-vessel prices
Honduras,1983,34583145.55949012,USD (1),fis,FAO capture production and ex-vessel prices
Honduras,1984,26258357.526580565,USD (1),fis,FAO capture production and ex-vessel prices
Honduras,1985,36000772.920715354,USD (1),fis,FAO capture production and ex-vessel prices
Honduras,1986,45800962.310448006,USD (1),fis,FAO capture production and ex-vessel prices
Honduras,1987,50297254.228413925,USD (1),fis,FAO capture production and ex-vessel prices
Honduras,1988,52088063.64840559,USD (1),fis,FAO capture production and ex-vessel prices
Honduras,1989,38558124.438549705,USD (1),fis,FAO capture production and ex-vessel prices
Honduras,1990,40975793.78691778,USD (1),fis,FAO capture production and ex-vessel prices
Honduras,1991,45938214.437031925,USD (1),fis,FAO capture production and ex-vessel prices
Honduras,1992,50199579.843806215,USD (1),fis,FAO capture production and ex-vessel prices
Honduras,1993,39233633.648612574,USD (1),fis,FAO capture production and ex-vessel prices
Honduras,1994,48598200.26328004,USD (1),fis,FAO capture production and ex-vessel prices
Honduras,1995,57364194.80888427,USD (1),fis,FAO capture production and ex-vessel prices
Honduras,1996,62842077.52999668,USD (1),fis,FAO capture production and ex-vessel prices
Honduras,1997,69456943.33216701,USD (1),fis,FAO capture production and ex-vessel prices
Honduras,1998,64083974.84503718,USD (1),fis,FAO capture production and ex-vessel prices
Honduras,1999,121667918.69013427,USD (1),fis,FAO capture production and ex-vessel prices
Honduras,2000,53024429.22634931,USD (1),fis,FAO capture production and ex-vessel prices
Honduras,2001,75971906.36550081,USD (1),fis,FAO capture production and ex-vessel prices
Honduras,2002,79280808.2167607,USD (1),fis,FAO capture production and ex-vessel prices
Honduras,2003,79205653.57692789,USD (1),fis,FAO capture production and ex-vessel prices
Honduras,2004,97941713.13615467,USD (1),fis,FAO capture production and ex-vessel prices
Honduras,2005,105700816.8964652,USD (1),fis,FAO capture production and ex-vessel prices
Honduras,2006,108899683.5411213,USD (1),fis,FAO capture production and ex-vessel prices
Honduras,2007,73200371.04189935,USD (1),fis,FAO capture production and ex-vessel prices
Honduras,2008,89364882.91765517,USD (1),fis,FAO capture production and ex-vessel prices
Honduras,2009,53490851.06971292,USD (1),fis,FAO capture production and ex-vessel prices
Honduras,2010,60986317.424140066,USD (1),fis,FAO capture production and ex-vessel prices
Honduras,2011,79735769.99872407,USD (1),fis,FAO capture production and ex-vessel prices
Honduras,2012,104951962.82361361,USD (1),fis,FAO capture production and ex-vessel prices
Honduras,2013,89426128.12733936,USD (1),fis,FAO capture production and ex-vessel prices
Honduras,2014,86171257.72312155,USD (1),fis,FAO capture production and ex-vessel prices
Honduras,2015,105657599.2045441,USD (1),fis,FAO capture production and ex-vessel prices
Honduras,2016,85805342.23426616,USD (1),fis,FAO capture production and ex-vessel prices
Honduras,2017,60468795.32054152,USD (1),fis,FAO capture production and ex-vessel prices
Honduras,2018,68443963.2833673,USD (1),fis,FAO capture production and ex-vessel prices
Honduras,2019,73974005.85502401,USD (1),fis,FAO capture production and ex-vessel prices
Honduras,2020,68607079.88250665,USD (1),fis,FAO capture production and ex-vessel prices
Honduras,2021,81475949.8701893,USD (1),fis,FAO capture production and ex-vessel prices
Honduras,2022,63774880.78705996,USD (1),fis,FAO capture production and ex-vessel prices
Honduras,2023,59442047.1088703,USD (1),fis,FAO capture production and ex-vessel prices
Iceland,1976,362227100.1524159,USD (1),fis,FAO capture production and ex-vessel prices
Iceland,1977,548533920.0002455,USD (1),fis,FAO capture production and ex-vessel prices
Iceland,1978,629942654.8292981,USD (1),fis,FAO capture production and ex-vessel prices
Iceland,1979,745810900.3696293,USD (1),fis,FAO capture production and ex-vessel prices
Iceland,1980,827941854.5491327,USD (1),fis,FAO capture production and ex-vessel prices
Iceland,1981,810161909.9893363,USD (1),fis,FAO capture production and ex-vessel prices
Iceland,1982,570004723.0977062,USD (1),fis,FAO capture production and ex-vessel prices
Iceland,1983,566495006.3245294,USD (1),fis,FAO capture production and ex-vessel prices
Iceland,1984,713370146.4431006,USD (1),fis,FAO capture production and ex-vessel prices
Iceland,1985,764586153.5631604,USD (1),fis,FAO capture production and ex-vessel prices
Iceland,1986,1088744960.1969376,USD (1),fis,FAO capture production and ex-vessel prices
Iceland,1987,1212228753.9747941,USD (1),fis,FAO capture production and ex-vessel prices
Iceland,1988,1041402004.5721446,USD (1),fis,FAO capture production and ex-vessel prices
Iceland,1989,978931257.115268,USD (1),fis,FAO capture production and ex-vessel prices
Iceland,1990,1082663288.2330794,USD (1),fis,FAO capture production and ex-vessel prices
Iceland,1991,1140385816.736536,USD (1),fis,FAO capture production and ex-vessel prices
Iceland,1992,1155285095.733891,USD (1),fis,FAO capture production and ex-vessel prices
Iceland,1993,1214256874.726242,USD (1),fis,FAO capture production and ex-vessel prices
Iceland,1994,1384824748.7483714,USD (1),fis,FAO capture production and ex-vessel prices
Iceland,1995,1362373961.2467246,USD (1),fis,FAO capture production and ex-vessel prices
Iceland,1996,1473599689.1501372,USD (1),fis,FAO capture production and ex-vessel prices
Iceland,1997,1344945214.908914,USD (1),fis,FAO capture production and ex-vessel prices
Iceland,1998,1118736258.6258807,USD (1),fis,FAO capture production and ex-vessel prices
Iceland,1999,1070296574.9844326,USD (1),fis,FAO capture production and ex-vessel prices
Iceland,2000,1130915903.3207228,USD (1),fis,FAO capture production and ex-vessel prices
Iceland,2001,1104724702.7973304,USD (1),fis,FAO capture production and ex-vessel prices
Iceland,2002,1237830663.0574145,USD (1),fis,FAO capture production and ex-vessel prices
Iceland,2003,1091348323.1339045,USD (1),fis,FAO capture production and ex-vessel prices
Iceland,2004,1103109587.149694,USD (1),fis,FAO capture production and ex-vessel prices
Iceland,2005,1140220618.0133772,USD (1),fis,FAO capture production and ex-vessel prices
Iceland,2006,1055919322.1090542,USD (1),fis,FAO capture production and ex-vessel prices
Iceland,2007,1186329840.7824037,USD (1),fis,FAO capture production and ex-vessel prices
Iceland,2008,1220330119.5426955,USD (1),fis,FAO capture production and ex-vessel prices
Iceland,2009,1199702499.5244732,USD (1),fis,FAO capture production and ex-vessel prices
Iceland,2010,1241737584.1672847,USD (1),fis,FAO capture production and ex-vessel prices
Iceland,2011,1528521977.748964,USD (1),fis,FAO capture production and ex-vessel prices
Iceland,2012,1586111828.746243,USD (1),fis,FAO capture production and ex-vessel prices
Iceland,2013,1318275614.6803758,USD (1),fis,FAO capture production and ex-vessel prices
Iceland,2014,1166743752.4625335,USD (1),fis,FAO capture production and ex-vessel prices
Iceland,2015,1271893481.6628036,USD (1),fis,FAO capture production and ex-vessel prices
Iceland,2016,1200080464.2645078,USD (1),fis,FAO capture production and ex-vessel prices
Iceland,2017,1399735935.666944,USD (1),fis,FAO capture production and ex-vessel prices
Iceland,2018,1532438823.2723491,USD (1),fis,FAO capture production and ex-vessel prices
Iceland,2019,1411345012.3121436,USD (1),fis,FAO capture production and ex-vessel prices
Iceland,2020,1238714770.6342182,USD (1),fis,FAO capture production and ex-vessel prices
Iceland,2021,1559746638.6786177,USD (1),fis,FAO capture production and ex-vessel prices
Iceland,2022,1749035191.6396427,USD (1),fis,FAO capture production and ex-vessel prices
Iceland,2023,1543498020.4085307,USD (1),fis,FAO capture production and ex-vessel prices
India,1976,247589169.6997409,USD (1),fis,FAO capture production and ex-vessel prices
India,1977,286950732.4742157,USD (1),fis,FAO capture production and ex-vessel prices
India,1978,278601699.2951324,USD (1),fis,FAO capture production and ex-vessel prices
India,1979,358115227.9180436,USD (1),fis,FAO capture production and ex-vessel prices
India,1980,403380011.3728275,USD (1),fis,FAO capture production and ex-vessel prices
India,1981,356347208.67157257,USD (1),fis,FAO capture production and ex-vessel prices
India,1982,314410385.4667975,USD (1),fis,FAO capture production and ex-vessel prices
India,1983,302666462.70167947,USD (1),fis,FAO capture production and ex-vessel prices
India,1984,379636819.1333663,USD (1),fis,FAO capture production and ex-vessel prices
India,1985,346056505.97559184,USD (1),fis,FAO capture production and ex-vessel prices
India,1986,379214314.8997581,USD (1),fis,FAO capture production and ex-vessel prices
India,1987,288385233.9437606,USD (1),fis,FAO capture production and ex-vessel prices
India,1988,692717675.068543,USD (1),fis,FAO capture production and ex-vessel prices
India,1989,1204941540.8864641,USD (1),fis,FAO capture production and ex-vessel prices
India,1990,1159037330.6998842,USD (1),fis,FAO capture production and ex-vessel prices
India,1991,1484794717.3227284,USD (1),fis,FAO capture production and ex-vessel prices
India,1992,1735571795.7328677,USD (1),fis,FAO capture production and ex-vessel prices
India,1993,1828379749.8920245,USD (1),fis,FAO capture production and ex-vessel prices
India,1994,2315608550.711906,USD (1),fis,FAO capture production and ex-vessel prices
India,1995,2148954809.8893104,USD (1),fis,FAO capture production and ex-vessel prices
India,1996,1932859727.788338,USD (1),fis,FAO capture production and ex-vessel prices
India,1997,1729747643.9905317,USD (1),fis,FAO capture production and ex-vessel prices
India,1998,1784113442.844607,USD (1),fis,FAO capture production and ex-vessel prices
India,1999,1729036189.1112585,USD (1),fis,FAO capture production and ex-vessel prices
India,2000,1540056623.1643453,USD (1),fis,FAO capture production and ex-vessel prices
India,2001,1321226751.3504343,USD (1),fis,FAO capture production and ex-vessel prices
India,2002,1213037379.7954822,USD (1),fis,FAO capture production and ex-vessel prices
India,2003,1277147408.2963426,USD (1),fis,FAO capture production and ex-vessel prices
India,2004,1380127015.4563165,USD (1),fis,FAO capture production and ex-vessel prices
India,2005,1517323651.3621902,USD (1),fis,FAO capture production and ex-vessel prices
India,2006,1547525808.3140275,USD (1),fis,FAO capture production and ex-vessel prices
India,2007,1584364566.5371218,USD (1),fis,FAO capture production and ex-vessel prices
India,2008,1846720523.901145,USD (1),fis,FAO capture production and ex-vessel prices
India,2009,1770436766.4979696,USD (1),fis,FAO capture production and ex-vessel prices
India,2010,1404040859.816928,USD (1),fis,FAO capture production and ex-vessel prices
India,2011,1712552149.9275522,USD (1),fis,FAO capture production and ex-vessel prices
India,2012,1825478586.0961905,USD (1),fis,FAO capture production and ex-vessel prices
India,2013,1934779739.9882674,USD (1),fis,FAO capture production and ex-vessel prices
India,2014,2072217223.4434834,USD (1),fis,FAO capture production and ex-vessel prices
India,2015,1968457088.1711562,USD (1),fis,FAO capture production and ex-vessel prices
India,2016,1867520660.1024141,USD (1),fis,FAO capture production and ex-vessel prices
India,2017,2200200969.5953803,USD (1),fis,FAO capture production and ex-vessel prices
India,2018,2081279890.8738894,USD (1),fis,FAO capture production and ex-vessel prices
India,2019,2688329771.779154,USD (1),fis,FAO capture production and ex-vessel prices
India,2020,1554397255.8853204,USD (1),fis,FAO capture production and ex-vessel prices
India,2021,1752916042.0149179,USD (1),fis,FAO capture production and ex-vessel prices
India,2022,2105756095.7125633,USD (1),fis,FAO capture production and ex-vessel prices
India,2023,2175891532.3296394,USD (1),fis,FAO capture production and ex-vessel prices
Indonesia,1976,226400355.19245452,USD (1),fis,FAO capture production and ex-vessel prices
Indonesia,1977,400826083.39250475,USD (1),fis,FAO capture production and ex-vessel prices
Indonesia,1978,459740801.83688504,USD (1),fis,FAO capture production and ex-vessel prices
Indonesia,1979,509467514.71048415,USD (1),fis,FAO capture production and ex-vessel prices
Indonesia,1980,725067802.5128601,USD (1),fis,FAO capture production and ex-vessel prices
Indonesia,1981,613281996.3051215,USD (1),fis,FAO capture production and ex-vessel prices
Indonesia,1982,579337978.6415584,USD (1),fis,FAO capture production and ex-vessel prices
Indonesia,1983,636484766.5200006,USD (1),fis,FAO capture production and ex-vessel prices
Indonesia,1984,678909940.8369353,USD (1),fis,FAO capture production and ex-vessel prices
Indonesia,1985,744983580.5826716,USD (1),fis,FAO capture production and ex-vessel prices
Indonesia,1986,1029860110.1917962,USD (1),fis,FAO capture production and ex-vessel prices
Indonesia,1987,779920951.3288946,USD (1),fis,FAO capture production and ex-vessel prices
Indonesia,1988,1002629144.2436384,USD (1),fis,FAO capture production and ex-vessel prices
Indonesia,1989,1390638044.7788794,USD (1),fis,FAO capture production and ex-vessel prices
Indonesia,1990,1292371741.773681,USD (1),fis,FAO capture production and ex-vessel prices
Indonesia,1991,1318009702.141417,USD (1),fis,FAO capture production and ex-vessel prices
Indonesia,1992,1568765789.3480554,USD (1),fis,FAO capture production and ex-vessel prices
Indonesia,1993,1806318169.5866807,USD (1),fis,FAO capture production and ex-vessel prices
Indonesia,1994,2076500401.605434,USD (1),fis,FAO capture production and ex-vessel prices
Indonesia,1995,2262201126.5884995,USD (1),fis,FAO capture production and ex-vessel prices
Indonesia,1996,2191849146.9270816,USD (1),fis,FAO capture production and ex-vessel prices
Indonesia,1997,2120904133.8770468,USD (1),fis,FAO capture production and ex-vessel prices
Indonesia,1998,2178015735.4587526,USD (1),fis,FAO capture production and ex-vessel prices
Indonesia,1999,2262426210.9790125,USD (1),fis,FAO capture production and ex-vessel prices
Indonesia,2000,2513548107.9252195,USD (1),fis,FAO capture production and ex-vessel prices
Indonesia,2001,2535727062.594835,USD (1),fis,FAO capture production and ex-vessel prices
Indonesia,2002,2371423875.8628983,USD (1),fis,FAO capture production and ex-vessel prices
Indonesia,2003,2573011710.312353,USD (1),fis,FAO capture production and ex-vessel prices
Indonesia,2004,2440680098.291887,USD (1),fis,FAO capture production and ex-vessel prices
Indonesia,2005,2628115933.9077363,USD (1),fis,FAO capture production and ex-vessel prices
Indonesia,2006,2831010907.6232023,USD (1),fis,FAO capture production and ex-vessel prices
Indonesia,2007,3374252778.126723,USD (1),fis,FAO capture production and ex-vessel prices
Indonesia,2008,4575536975.9069605,USD (1),fis,FAO capture production and ex-vessel prices
Indonesia,2009,4878086633.988541,USD (1),fis,FAO capture production and ex-vessel prices
Indonesia,2010,4588971889.56758,USD (1),fis,FAO capture production and ex-vessel prices
Indonesia,2011,3704396974.62659,USD (1),fis,FAO capture production and ex-vessel prices
Indonesia,2012,3954381127.0018826,USD (1),fis,FAO capture production and ex-vessel prices
Indonesia,2013,5004135804.252849,USD (1),fis,FAO capture production and ex-vessel prices
Indonesia,2014,4938013256.576778,USD (1),fis,FAO capture production and ex-vessel prices
Indonesia,2015,4876259157.033604,USD (1),fis,FAO capture production and ex-vessel prices
Indonesia,2016,5129712520.402547,USD (1),fis,FAO capture production and ex-vessel prices
Indonesia,2017,7002674386.255583,USD (1),fis,FAO capture production and ex-vessel prices
Indonesia,2018,6018493487.570542,USD (1),fis,FAO capture production and ex-vessel prices
Indonesia,2019,5551549139.0528755,USD (1),fis,FAO capture production and ex-vessel prices
Indonesia,2020,5282327055.625902,USD (1),fis,FAO capture production and ex-vessel prices
Indonesia,2021,6325267659.593341,USD (1),fis,FAO capture production and ex-vessel prices
Indonesia,2022,7375068519.556332,USD (1),fis,FAO capture production and ex-vessel prices
Indonesia,2023,7778537856.928437,USD (1),fis,FAO capture production and ex-vessel prices
Iran (Islamic Republic of),1976,1610122.203960848,USD (1),fis,FAO capture production and ex-vessel prices
Iran (Islamic Republic of),1977,2054752.8272629054,USD (1),fis,FAO capture production and ex-vessel prices
Iran (Islamic Republic of),1978,33531.48727069195,USD (1),fis,FAO capture production and ex-vessel prices
Iran (Islamic Republic of),1979,1429255.221811332,USD (1),fis,FAO capture production and ex-vessel prices
Iran (Islamic Republic of),1980,1857719.2089640186,USD (1),fis,FAO capture production and ex-vessel prices
Iran (Islamic Republic of),1981,3238881.6120568817,USD (1),fis,FAO capture production and ex-vessel prices
Iran (Islamic Republic of),1982,6247964.315349287,USD (1),fis,FAO capture production and ex-vessel prices
Iran (Islamic Republic of),1983,11512464.58432574,USD (1),fis,FAO capture production and ex-vessel prices
Iran (Islamic Republic of),1984,17017425.932989705,USD (1),fis,FAO capture production and ex-vessel prices
Iran (Islamic Republic of),1985,13912752.975407345,USD (1),fis,FAO capture production and ex-vessel prices
Iran (Islamic Republic of),1986,14072972.421632456,USD (1),fis,FAO capture production and ex-vessel prices
Iran (Islamic Republic of),1987,13709019.474559823,USD (1),fis,FAO capture production and ex-vessel prices
Iran (Islamic Republic of),1988,28419978.963156376,USD (1),fis,FAO capture production and ex-vessel prices
Iran (Islamic Republic of),1989,27906711.93999115,USD (1),fis,FAO capture production and ex-vessel prices
Iran (Islamic Republic of),1990,32001601.88443821,USD (1),fis,FAO capture production and ex-vessel prices
Iran (Islamic Republic of),1991,31777688.938485008,USD (1),fis,FAO capture production and ex-vessel prices
Iran (Islamic Republic of),1992,38297978.01879365,USD (1),fis,FAO capture production and ex-vessel prices
Iran (Islamic Republic of),1993,49304665.39939011,USD (1),fis,FAO capture production and ex-vessel prices
Iran (Islamic Republic of),1994,75740196.08368945,USD (1),fis,FAO capture production and ex-vessel prices
Iran (Islamic Republic of),1995,103829220.64208607,USD (1),fis,FAO capture production and ex-vessel prices
Iran (Islamic Republic of),1996,100571054.26691847,USD (1),fis,FAO capture production and ex-vessel prices
Iran (Islamic Republic of),1997,254070052.16038498,USD (1),fis,FAO capture production and ex-vessel prices
Iran (Islamic Republic of),1998,225722928.5484068,USD (1),fis,FAO capture production and ex-vessel prices
Iran (Islamic Republic of),1999,234847675.6416782,USD (1),fis,FAO capture production and ex-vessel prices
Iran (Islamic Republic of),2000,280025573.94778085,USD (1),fis,FAO capture production and ex-vessel prices
Iran (Islamic Republic of),2001,252672996.79945284,USD (1),fis,FAO capture production and ex-vessel prices
Iran (Islamic Republic of),2002,255722530.1555261,USD (1),fis,FAO capture production and ex-vessel prices
Iran (Islamic Republic of),2003,307033496.0936031,USD (1),fis,FAO capture production and ex-vessel prices
Iran (Islamic Republic of),2004,308323138.2241446,USD (1),fis,FAO capture production and ex-vessel prices
Iran (Islamic Republic of),2005,395508172.77060926,USD (1),fis,FAO capture production and ex-vessel prices
Iran (Islamic Republic of),2006,460022503.72525066,USD (1),fis,FAO capture production and ex-vessel prices
Iran (Islamic Republic of),2007,402573496.78788984,USD (1),fis,FAO capture production and ex-vessel prices
Iran (Islamic Republic of),2008,545025514.9843,USD (1),fis,FAO capture production and ex-vessel prices
Iran (Islamic Republic of),2009,611975925.8980207,USD (1),fis,FAO capture production and ex-vessel prices
Iran (Islamic Republic of),2010,578802653.228908,USD (1),fis,FAO capture production and ex-vessel prices
Iran (Islamic Republic of),2011,466972656.82495254,USD (1),fis,FAO capture production and ex-vessel prices
Iran (Islamic Republic of),2012,539231958.5269971,USD (1),fis,FAO capture production and ex-vessel prices
Iran (Islamic Republic of),2013,628892347.62586,USD (1),fis,FAO capture production and ex-vessel prices
Iran (Islamic Republic of),2014,710677483.7670376,USD (1),fis,FAO capture production and ex-vessel prices
Iran (Islamic Republic of),2015,849166377.4054579,USD (1),fis,FAO capture production and ex-vessel prices
Iran (Islamic Republic of),2016,854625940.3063973,USD (1),fis,FAO capture production and ex-vessel prices
Iran (Islamic Republic of),2017,1164619654.812873,USD (1),fis,FAO capture production and ex-vessel prices
Iran (Islamic Republic of),2018,1160988692.9795034,USD (1),fis,FAO capture production and ex-vessel prices
Iran (Islamic Republic of),2019,1173091482.4252753,USD (1),fis,FAO capture production and ex-vessel prices
Iran (Islamic Republic of),2020,1034175242.0155641,USD (1),fis,FAO capture production and ex-vessel prices
Iran (Islamic Republic of),2021,1208636183.045638,USD (1),fis,FAO capture production and ex-vessel prices
Iran (Islamic Republic of),2022,1495498862.2504456,USD (1),fis,FAO capture production and ex-vessel prices
Iran (Islamic Republic of),2023,1337290582.9559336,USD (1),fis,FAO capture production and ex-vessel prices
Iraq,1976,0,USD (1),fis,FAO capture production and ex-vessel prices
Iraq,1977,0,USD (1),fis,FAO capture production and ex-vessel prices
Iraq,1978,0,USD (1),fis,FAO capture production and ex-vessel prices
Iraq,1979,9983866.61222469,USD (1),fis,FAO capture production and ex-vessel prices
Iraq,1980,7058099.272533737,USD (1),fis,FAO capture production and ex-vessel prices
Iraq,1981,243291.91539836576,USD (1),fis,FAO capture production and ex-vessel prices
Iraq,1982,0,USD (1),fis,FAO capture production and ex-vessel prices
Iraq,1983,0,USD (1),fis,FAO capture production and ex-vessel prices
Iraq,1984,0,USD (1),fis,FAO capture production and ex-vessel prices
Iraq,1985,0,USD (1),fis,FAO capture production and ex-vessel prices
Iraq,1986,0,USD (1),fis,FAO capture production and ex-vessel prices
Iraq,1987,0,USD (1),fis,FAO capture production and ex-vessel prices
Iraq,1988,0,USD (1),fis,FAO capture production and ex-vessel prices
Iraq,1989,0,USD (1),fis,FAO capture production and ex-vessel prices
Iraq,1990,0,USD (1),fis,FAO capture production and ex-vessel prices
Iraq,1991,0,USD (1),fis,FAO capture production and ex-vessel prices
Iraq,1992,0,USD (1),fis,FAO capture production and ex-vessel prices
Iraq,1993,0,USD (1),fis,FAO capture production and ex-vessel prices
Iraq,1994,0,USD (1),fis,FAO capture production and ex-vessel prices
Iraq,1995,0,USD (1),fis,FAO capture production and ex-vessel prices
Iraq,1996,0,USD (1),fis,FAO capture production and ex-vessel prices
Iraq,1997,0,USD (1),fis,FAO capture production and ex-vessel prices
Iraq,1998,0,USD (1),fis,FAO capture production and ex-vessel prices
Iraq,1999,0,USD (1),fis,FAO capture production and ex-vessel prices
Iraq,2000,0,USD (1),fis,FAO capture production and ex-vessel prices
Iraq,2001,0,USD (1),fis,FAO capture production and ex-vessel prices
Iraq,2002,0,USD (1),fis,FAO capture production and ex-vessel prices
Iraq,2003,0,USD (1),fis,FAO capture production and ex-vessel prices
Iraq,2004,739008.470528199,USD (1),fis,FAO capture production and ex-vessel prices
Iraq,2005,452553.0377264289,USD (1),fis,FAO capture production and ex-vessel prices
Iraq,2006,1653982.8225901779,USD (1),fis,FAO capture production and ex-vessel prices
Iraq,2007,2983440.095789577,USD (1),fis,FAO capture production and ex-vessel prices
Iraq,2008,985354.6538768179,USD (1),fis,FAO capture production and ex-vessel prices
Iraq,2009,1116197.814413286,USD (1),fis,FAO capture production and ex-vessel prices
Iraq,2010,1007854.6234790043,USD (1),fis,FAO capture production and ex-vessel prices
Iraq,2011,509282.69004179526,USD (1),fis,FAO capture production and ex-vessel prices
Iraq,2012,8397269.083606845,USD (1),fis,FAO capture production and ex-vessel prices
Iraq,2013,2031282.989527794,USD (1),fis,FAO capture production and ex-vessel prices
Iraq,2014,3567449.6728785676,USD (1),fis,FAO capture production and ex-vessel prices
Iraq,2015,2240131.892827228,USD (1),fis,FAO capture production and ex-vessel prices
Iraq,2016,4842295.63923123,USD (1),fis,FAO capture production and ex-vessel prices
Iraq,2017,7714428.299720448,USD (1),fis,FAO capture production and ex-vessel prices
Iraq,2018,8196584.138851589,USD (1),fis,FAO capture production and ex-vessel prices
Iraq,2019,13075285.812424153,USD (1),fis,FAO capture production and ex-vessel prices
Iraq,2020,21597508.38921295,USD (1),fis,FAO capture production and ex-vessel prices
Iraq,2021,15415333.584377496,USD (1),fis,FAO capture production and ex-vessel prices
Iraq,2022,17035329.08334296,USD (1),fis,FAO capture production and ex-vessel prices
Iraq,2023,19817896.61530307,USD (1),fis,FAO capture production and ex-vessel prices
Ireland,1976,38270876.89607924,USD (1),fis,FAO capture production and ex-vessel prices
Ireland,1977,38471451.30230568,USD (1),fis,FAO capture production and ex-vessel prices
Ireland,1978,46369488.79689734,USD (1),fis,FAO capture production and ex-vessel prices
Ireland,1979,56021673.55040932,USD (1),fis,FAO capture production and ex-vessel prices
Ireland,1980,62668027.84026338,USD (1),fis,FAO capture production and ex-vessel prices
Ireland,1981,72706816.61218904,USD (1),fis,FAO capture production and ex-vessel prices
Ireland,1982,79448846.85388768,USD (1),fis,FAO capture production and ex-vessel prices
Ireland,1983,76318715.42416827,USD (1),fis,FAO capture production and ex-vessel prices
Ireland,1984,65645901.4738857,USD (1),fis,FAO capture production and ex-vessel prices
Ireland,1985,77335431.8905312,USD (1),fis,FAO capture production and ex-vessel prices
Ireland,1986,95513189.63200589,USD (1),fis,FAO capture production and ex-vessel prices
Ireland,1987,126206280.1512026,USD (1),fis,FAO capture production and ex-vessel prices
Ireland,1988,118662667.38351685,USD (1),fis,FAO capture production and ex-vessel prices
Ireland,1989,96387820.65777834,USD (1),fis,FAO capture production and ex-vessel prices
Ireland,1990,107813769.495212,USD (1),fis,FAO capture production and ex-vessel prices
Ireland,1991,120634069.30854276,USD (1),fis,FAO capture production and ex-vessel prices
Ireland,1992,117798039.76073316,USD (1),fis,FAO capture production and ex-vessel prices
Ireland,1993,125879580.00220133,USD (1),fis,FAO capture production and ex-vessel prices
Ireland,1994,160444975.13563046,USD (1),fis,FAO capture production and ex-vessel prices
Ireland,1995,179177986.41860434,USD (1),fis,FAO capture production and ex-vessel prices
Ireland,1996,169045597.93436986,USD (1),fis,FAO capture production and ex-vessel prices
Ireland,1997,181419563.8897564,USD (1),fis,FAO capture production and ex-vessel prices
Ireland,1998,188978687.18235818,USD (1),fis,FAO capture production and ex-vessel prices
Ireland,1999,176608372.00202236,USD (1),fis,FAO capture production and ex-vessel prices
Ireland,2000,170004245.29295847,USD (1),fis,FAO capture production and ex-vessel prices
Ireland,2001,204064196.08552897,USD (1),fis,FAO capture production and ex-vessel prices
Ireland,2002,216367465.48536596,USD (1),fis,FAO capture production and ex-vessel prices
Ireland,2003,169013437.51837406,USD (1),fis,FAO capture production and ex-vessel prices
Ireland,2004,179418728.2638368,USD (1),fis,FAO capture production and ex-vessel prices
Ireland,2005,153218644.7814407,USD (1),fis,FAO capture production and ex-vessel prices
Ireland,2006,153197948.91007876,USD (1),fis,FAO capture production and ex-vessel prices
Ireland,2007,176753157.671323,USD (1),fis,FAO capture production and ex-vessel prices
Ireland,2008,169585778.68129453,USD (1),fis,FAO capture production and ex-vessel prices
Ireland,2009,155895019.47938922,USD (1),fis,FAO capture production and ex-vessel prices
Ireland,2010,179124855.05379796,USD (1),fis,FAO capture production and ex-vessel prices
Ireland,2011,217602701.7381908,USD (1),fis,FAO capture production and ex-vessel prices
Ireland,2012,231108164.27972928,USD (1),fis,FAO capture production and ex-vessel prices
Ireland,2013,198410796.57019645,USD (1),fis,FAO capture production and ex-vessel prices
Ireland,2014,227372616.31841138,USD (1),fis,FAO capture production and ex-vessel prices
Ireland,2015,188613423.61826012,USD (1),fis,FAO capture production and ex-vessel prices
Ireland,2016,190417157.97800907,USD (1),fis,FAO capture production and ex-vessel prices
Ireland,2017,178422347.63887763,USD (1),fis,FAO capture production and ex-vessel prices
Ireland,2018,169740445.37445685,USD (1),fis,FAO capture production and ex-vessel prices
Ireland,2019,174024686.35137653,USD (1),fis,FAO capture production and ex-vessel prices
Ireland,2020,168240109.07923532,USD (1),fis,FAO capture production and ex-vessel prices
Ireland,2021,229459387.3418853,USD (1),fis,FAO capture production and ex-vessel prices
Ireland,2022,219354472.89977828,USD (1),fis,FAO capture production and ex-vessel prices
Ireland,2023,197291734.9126149,USD (1),fis,FAO capture production and ex-vessel prices
Isle of Man,1976,4348928.964149057,USD (1),fis,FAO capture production and ex-vessel prices
Isle of Man,1977,4143731.7072614003,USD (1),fis,FAO capture production and ex-vessel prices
Isle of Man,1978,5612553.001240734,USD (1),fis,FAO capture production and ex-vessel prices
Isle of Man,1979,8587630.835270334,USD (1),fis,FAO capture production and ex-vessel prices
Isle of Man,1980,7609620.06600538,USD (1),fis,FAO capture production and ex-vessel prices
Isle of Man,1981,10630042.123126514,USD (1),fis,FAO capture production and ex-vessel prices
Isle of Man,1982,6484060.122599819,USD (1),fis,FAO capture production and ex-vessel prices
Isle of Man,1983,13865677.758117775,USD (1),fis,FAO capture production and ex-vessel prices
Isle of Man,1984,11212526.506889917,USD (1),fis,FAO capture production and ex-vessel prices
Isle of Man,1985,9892257.083680457,USD (1),fis,FAO capture production and ex-vessel prices
Isle of Man,1986,8521771.396177627,USD (1),fis,FAO capture production and ex-vessel prices
Isle of Man,1987,8779590.625140531,USD (1),fis,FAO capture production and ex-vessel prices
Isle of Man,1988,4931462.775256958,USD (1),fis,FAO capture production and ex-vessel prices
Isle of Man,1989,5893166.527248085,USD (1),fis,FAO capture production and ex-vessel prices
Isle of Man,1990,4793204.709807434,USD (1),fis,FAO capture production and ex-vessel prices
Isle of Man,1991,5476874.140373065,USD (1),fis,FAO capture production and ex-vessel prices
Isle of Man,1992,4144654.0672496087,USD (1),fis,FAO capture production and ex-vessel prices
Isle of Man,1993,4874838.850011885,USD (1),fis,FAO capture production and ex-vessel prices
Isle of Man,1994,5100905.87541501,USD (1),fis,FAO capture production and ex-vessel prices
Isle of Man,1995,5483450.087384962,USD (1),fis,FAO capture production and ex-vessel prices
Isle of Man,1996,4774790.017644549,USD (1),fis,FAO capture production and ex-vessel prices
Isle of Man,1997,5822150.056438654,USD (1),fis,FAO capture production and ex-vessel prices
Isle of Man,1998,3394448.813221455,USD (1),fis,FAO capture production and ex-vessel prices
Isle of Man,1999,4119535.053042817,USD (1),fis,FAO capture production and ex-vessel prices
Isle of Man,2000,5229370.788802228,USD (1),fis,FAO capture production and ex-vessel prices
Isle of Man,2001,4350601.088804316,USD (1),fis,FAO capture production and ex-vessel prices
Isle of Man,2002,4323496.147503417,USD (1),fis,FAO capture production and ex-vessel prices
Isle of Man,2003,4274637.949898337,USD (1),fis,FAO capture production and ex-vessel prices
Isle of Man,2004,4084566.2884844085,USD (1),fis,FAO capture production and ex-vessel prices
Isle of Man,2005,4416684.599674447,USD (1),fis,FAO capture production and ex-vessel prices
Isle of Man,2006,4271453.923332813,USD (1),fis,FAO capture production and ex-vessel prices
Isle of Man,2007,6282740.030648029,USD (1),fis,FAO capture production and ex-vessel prices
Isle of Man,2008,5145166.459648596,USD (1),fis,FAO capture production and ex-vessel prices
Isle of Man,2009,6385761.474631338,USD (1),fis,FAO capture production and ex-vessel prices
Isle of Man,2010,9062438.993742114,USD (1),fis,FAO capture production and ex-vessel prices
Isle of Man,2011,14634152.850889184,USD (1),fis,FAO capture production and ex-vessel prices
Isle of Man,2012,12617725.46780045,USD (1),fis,FAO capture production and ex-vessel prices
Isle of Man,2013,12784619.733843688,USD (1),fis,FAO capture production and ex-vessel prices
Isle of Man,2014,7936193.39438098,USD (1),fis,FAO capture production and ex-vessel prices
Isle of Man,2015,18462905.83175336,USD (1),fis,FAO capture production and ex-vessel prices
Isle of Man,2016,17512743.697532367,USD (1),fis,FAO capture production and ex-vessel prices
Isle of Man,2017,18205068.489695568,USD (1),fis,FAO capture production and ex-vessel prices
Isle of Man,2018,10598258.056521133,USD (1),fis,FAO capture production and ex-vessel prices
Isle of Man,2019,6354606.903361367,USD (1),fis,FAO capture production and ex-vessel prices
Isle of Man,2020,7762153.539796135,USD (1),fis,FAO capture production and ex-vessel prices
Isle of Man,2021,10714313.590101577,USD (1),fis,FAO capture production and ex-vessel prices
Isle of Man,2022,10972829.281882307,USD (1),fis,FAO capture production and ex-vessel prices
Isle of Man,2023,9181750.963955523,USD (1),fis,FAO capture production and ex-vessel prices
Israel,1976,7530751.967064809,USD (1),fis,FAO capture production and ex-vessel prices
Israel,1977,7956855.783489443,USD (1),fis,FAO capture production and ex-vessel prices
Israel,1978,8832392.989653815,USD (1),fis,FAO capture production and ex-vessel prices
Israel,1979,5595821.323404072,USD (1),fis,FAO capture production and ex-vessel prices
Israel,1980,5272325.100552087,USD (1),fis,FAO capture production and ex-vessel prices
Israel,1981,4395309.096833287,USD (1),fis,FAO capture production and ex-vessel prices
Israel,1982,5361799.031745229,USD (1),fis,FAO capture production and ex-vessel prices
Israel,1983,3684990.8274191506,USD (1),fis,FAO capture production and ex-vessel prices
Israel,1984,4289098.750051939,USD (1),fis,FAO capture production and ex-vessel prices
Israel,1985,4151982.722887318,USD (1),fis,FAO capture production and ex-vessel prices
Israel,1986,4061164.532366604,USD (1),fis,FAO capture production and ex-vessel prices
Israel,1987,6415211.695716785,USD (1),fis,FAO capture production and ex-vessel prices
Israel,1988,6217305.502627361,USD (1),fis,FAO capture production and ex-vessel prices
Israel,1989,4953859.062671992,USD (1),fis,FAO capture production and ex-vessel prices
Israel,1990,3855157.7367359237,USD (1),fis,FAO capture production and ex-vessel prices
Israel,1991,1416035.6233859584,USD (1),fis,FAO capture production and ex-vessel prices
Israel,1992,2236174.1089726808,USD (1),fis,FAO capture production and ex-vessel prices
Israel,1993,2119011.2998748897,USD (1),fis,FAO capture production and ex-vessel prices
Israel,1994,2712759.257206669,USD (1),fis,FAO capture production and ex-vessel prices
Israel,1995,2896576.5622315565,USD (1),fis,FAO capture production and ex-vessel prices
Israel,1996,1888736.1409984643,USD (1),fis,FAO capture production and ex-vessel prices
Israel,1997,1483966.67354366,USD (1),fis,FAO capture production and ex-vessel prices
Israel,1998,1470591.2680717062,USD (1),fis,FAO capture production and ex-vessel prices
Israel,1999,1041161.0907957009,USD (1),fis,FAO capture production and ex-vessel prices
Israel,2000,2560958.952043492,USD (1),fis,FAO capture production and ex-vessel prices
Israel,2001,1699064.8324807798,USD (1),fis,FAO capture production and ex-vessel prices
Israel,2002,1475355.934816727,USD (1),fis,FAO capture production and ex-vessel prices
Israel,2003,1375934.7688791621,USD (1),fis,FAO capture production and ex-vessel prices
Israel,2004,1037001.5439685433,USD (1),fis,FAO capture production and ex-vessel prices
Israel,2005,1602709.332411544,USD (1),fis,FAO capture production and ex-vessel prices
Israel,2006,1049084.7516071268,USD (1),fis,FAO capture production and ex-vessel prices
Israel,2007,1473251.583425129,USD (1),fis,FAO capture production and ex-vessel prices
Israel,2008,2400825.781173115,USD (1),fis,FAO capture production and ex-vessel prices
Israel,2009,2989572.1619673995,USD (1),fis,FAO capture production and ex-vessel prices
Israel,2010,2821221.262228178,USD (1),fis,FAO capture production and ex-vessel prices
Israel,2011,1259474.958428989,USD (1),fis,FAO capture production and ex-vessel prices
Israel,2012,2210141.759252968,USD (1),fis,FAO capture production and ex-vessel prices
Israel,2013,1658416.3029401838,USD (1),fis,FAO capture production and ex-vessel prices
Israel,2014,1816855.2830538233,USD (1),fis,FAO capture production and ex-vessel prices
Israel,2015,2064354.9103282315,USD (1),fis,FAO capture production and ex-vessel prices
Israel,2016,1655563.8880762325,USD (1),fis,FAO capture production and ex-vessel prices
Israel,2017,1414475.2329412962,USD (1),fis,FAO capture production and ex-vessel prices
Israel,2018,942089.2497907215,USD (1),fis,FAO capture production and ex-vessel prices
Israel,2019,949584.0692665195,USD (1),fis,FAO capture production and ex-vessel prices
Israel,2020,1759602.5589663202,USD (1),fis,FAO capture production and ex-vessel prices
Israel,2021,1883387.4335788118,USD (1),fis,FAO capture production and ex-vessel prices
Israel,2022,2525252.7545104213,USD (1),fis,FAO capture production and ex-vessel prices
Israel,2023,2361181.88449939,USD (1),fis,FAO capture production and ex-vessel prices
Italy,1976,135178732.59262308,USD (1),fis,FAO capture production and ex-vessel prices
Italy,1977,132759378.92977892,USD (1),fis,FAO capture production and ex-vessel prices
Italy,1978,144907606.2951189,USD (1),fis,FAO capture production and ex-vessel prices
Italy,1979,191867006.46304595,USD (1),fis,FAO capture production and ex-vessel prices
Italy,1980,245143419.6674577,USD (1),fis,FAO capture production and ex-vessel prices
Italy,1981,205488696.28662378,USD (1),fis,FAO capture production and ex-vessel prices
Italy,1982,200417365.81083384,USD (1),fis,FAO capture production and ex-vessel prices
Italy,1983,205918907.76093596,USD (1),fis,FAO capture production and ex-vessel prices
Italy,1984,237982710.0513045,USD (1),fis,FAO capture production and ex-vessel prices
Italy,1985,253967351.02890208,USD (1),fis,FAO capture production and ex-vessel prices
Italy,1986,283017325.6880156,USD (1),fis,FAO capture production and ex-vessel prices
Italy,1987,307177236.02679336,USD (1),fis,FAO capture production and ex-vessel prices
Italy,1988,422923695.1577538,USD (1),fis,FAO capture production and ex-vessel prices
Italy,1989,370309435.26757544,USD (1),fis,FAO capture production and ex-vessel prices
Italy,1990,367276639.4725519,USD (1),fis,FAO capture production and ex-vessel prices
Italy,1991,398587031.78400093,USD (1),fis,FAO capture production and ex-vessel prices
Italy,1992,493661098.50443715,USD (1),fis,FAO capture production and ex-vessel prices
Italy,1993,453227841.0658035,USD (1),fis,FAO capture production and ex-vessel prices
Italy,1994,500729681.0355544,USD (1),fis,FAO capture production and ex-vessel prices
Italy,1995,414520429.9187221,USD (1),fis,FAO capture production and ex-vessel prices
Italy,1996,349185409.97965884,USD (1),fis,FAO capture production and ex-vessel prices
Italy,1997,337306064.41542953,USD (1),fis,FAO capture production and ex-vessel prices
Italy,1998,280737163.70087653,USD (1),fis,FAO capture production and ex-vessel prices
Italy,1999,263554039.0118108,USD (1),fis,FAO capture production and ex-vessel prices
Italy,2000,278000605.9649322,USD (1),fis,FAO capture production and ex-vessel prices
Italy,2001,266772484.07170364,USD (1),fis,FAO capture production and ex-vessel prices
Italy,2002,243996114.65494,USD (1),fis,FAO capture production and ex-vessel prices
Italy,2003,315498676.54462093,USD (1),fis,FAO capture production and ex-vessel prices
Italy,2004,300371313.84646064,USD (1),fis,FAO capture production and ex-vessel prices
Italy,2005,389995956.70871514,USD (1),fis,FAO capture production and ex-vessel prices
Italy,2006,451375512.5561029,USD (1),fis,FAO capture production and ex-vessel prices
Italy,2007,384733373.5921033,USD (1),fis,FAO capture production and ex-vessel prices
Italy,2008,349486153.2802322,USD (1),fis,FAO capture production and ex-vessel prices
Italy,2009,368141923.04789406,USD (1),fis,FAO capture production and ex-vessel prices
Italy,2010,319746981.2645604,USD (1),fis,FAO capture production and ex-vessel prices
Italy,2011,303821354.87547606,USD (1),fis,FAO capture production and ex-vessel prices
Italy,2012,284605643.2356583,USD (1),fis,FAO capture production and ex-vessel prices
Italy,2013,259214104.77398333,USD (1),fis,FAO capture production and ex-vessel prices
Italy,2014,274466018.3342584,USD (1),fis,FAO capture production and ex-vessel prices
Italy,2015,337723877.53050506,USD (1),fis,FAO capture production and ex-vessel prices
Italy,2016,351380825.83659834,USD (1),fis,FAO capture production and ex-vessel prices
Italy,2017,366514654.3915287,USD (1),fis,FAO capture production and ex-vessel prices
Italy,2018,383456565.8674102,USD (1),fis,FAO capture production and ex-vessel prices
Italy,2019,409203359.76211417,USD (1),fis,FAO capture production and ex-vessel prices
Italy,2020,251410085.5420123,USD (1),fis,FAO capture production and ex-vessel prices
Italy,2021,311082230.9542775,USD (1),fis,FAO capture production and ex-vessel prices
Italy,2022,302344450.8750036,USD (1),fis,FAO capture production and ex-vessel prices
Italy,2023,293838702.13968426,USD (1),fis,FAO capture production and ex-vessel prices
Jamaica,1976,106495.90458747308,USD (1),fis,FAO capture production and ex-vessel prices
Jamaica,1977,32246.042329834552,USD (1),fis,FAO capture production and ex-vessel prices
Jamaica,1978,8800.065160316102,USD (1),fis,FAO capture production and ex-vessel prices
Jamaica,1979,7762.133488789709,USD (1),fis,FAO capture production and ex-vessel prices
Jamaica,1980,810.7674330321768,USD (1),fis,FAO capture production and ex-vessel prices
Jamaica,1981,160432.3744247275,USD (1),fis,FAO capture production and ex-vessel prices
Jamaica,1982,121965.63455372602,USD (1),fis,FAO capture production and ex-vessel prices
Jamaica,1983,70362.45281686698,USD (1),fis,FAO capture production and ex-vessel prices
Jamaica,1984,162616.94687256543,USD (1),fis,FAO capture production and ex-vessel prices
Jamaica,1985,1771255.740256598,USD (1),fis,FAO capture production and ex-vessel prices
Jamaica,1986,2264220.5051969597,USD (1),fis,FAO capture production and ex-vessel prices
Jamaica,1987,1068957.304630721,USD (1),fis,FAO capture production and ex-vessel prices
Jamaica,1988,1065849.4710130056,USD (1),fis,FAO capture production and ex-vessel prices
Jamaica,1989,866669.4636671096,USD (1),fis,FAO capture production and ex-vessel prices
Jamaica,1990,2037857.3034292632,USD (1),fis,FAO capture production and ex-vessel prices
Jamaica,1991,2354355.955558844,USD (1),fis,FAO capture production and ex-vessel prices
Jamaica,1992,2390286.6191195115,USD (1),fis,FAO capture production and ex-vessel prices
Jamaica,1993,2687518.318960805,USD (1),fis,FAO capture production and ex-vessel prices
Jamaica,1994,4282311.100127251,USD (1),fis,FAO capture production and ex-vessel prices
Jamaica,1995,5125929.919916095,USD (1),fis,FAO capture production and ex-vessel prices
Jamaica,1996,5310428.00487497,USD (1),fis,FAO capture production and ex-vessel prices
Jamaica,1997,4697451.509046638,USD (1),fis,FAO capture production and ex-vessel prices
Jamaica,1998,2837407.9596577124,USD (1),fis,FAO capture production and ex-vessel prices
Jamaica,1999,8137167.145327776,USD (1),fis,FAO capture production and ex-vessel prices
Jamaica,2000,9586037.287419042,USD (1),fis,FAO capture production and ex-vessel prices
Jamaica,2001,6468717.119569652,USD (1),fis,FAO capture production and ex-vessel prices
Jamaica,2002,7954670.248691194,USD (1),fis,FAO capture production and ex-vessel prices
Jamaica,2003,6245607.0920875035,USD (1),fis,FAO capture production and ex-vessel prices
Jamaica,2004,5519391.267523428,USD (1),fis,FAO capture production and ex-vessel prices
Jamaica,2005,13995525.116603684,USD (1),fis,FAO capture production and ex-vessel prices
Jamaica,2006,1992915.0065102596,USD (1),fis,FAO capture production and ex-vessel prices
Jamaica,2007,2874503.8333670725,USD (1),fis,FAO capture production and ex-vessel prices
Jamaica,2008,2527449.469106572,USD (1),fis,FAO capture production and ex-vessel prices
Jamaica,2009,1915839.441420556,USD (1),fis,FAO capture production and ex-vessel prices
Jamaica,2010,2707874.7822663505,USD (1),fis,FAO capture production and ex-vessel prices
Jamaica,2011,4621827.614115701,USD (1),fis,FAO capture production and ex-vessel prices
Jamaica,2012,5916119.66311238,USD (1),fis,FAO capture production and ex-vessel prices
Jamaica,2013,5395784.078479849,USD (1),fis,FAO capture production and ex-vessel prices
Jamaica,2014,5742198.426685132,USD (1),fis,FAO capture production and ex-vessel prices
Jamaica,2015,6007173.444053027,USD (1),fis,FAO capture production and ex-vessel prices
Jamaica,2016,5871848.631709316,USD (1),fis,FAO capture production and ex-vessel prices
Jamaica,2017,8352424.9244126985,USD (1),fis,FAO capture production and ex-vessel prices
Jamaica,2018,4017216.9019461656,USD (1),fis,FAO capture production and ex-vessel prices
Jamaica,2019,4530635.822626504,USD (1),fis,FAO capture production and ex-vessel prices
Jamaica,2020,4895276.095388423,USD (1),fis,FAO capture production and ex-vessel prices
Jamaica,2021,7516231.53784034,USD (1),fis,FAO capture production and ex-vessel prices
Jamaica,2022,8054349.744771905,USD (1),fis,FAO capture production and ex-vessel prices
Jamaica,2023,7071553.88019319,USD (1),fis,FAO capture production and ex-vessel prices
Japan,1976,3800035510.9378996,USD (1),fis,FAO capture production and ex-vessel prices
Japan,1977,4022214859.492502,USD (1),fis,FAO capture production and ex-vessel prices
Japan,1978,4255372706.5596,USD (1),fis,FAO capture production and ex-vessel prices
Japan,1979,4497334819.58775,USD (1),fis,FAO capture production and ex-vessel prices
Japan,1980,4981610892.722448,USD (1),fis,FAO capture production and ex-vessel prices
Japan,1981,4614110418.125659,USD (1),fis,FAO capture production and ex-vessel prices
Japan,1982,4282748446.86712,USD (1),fis,FAO capture production and ex-vessel prices
Japan,1983,4020079245.802735,USD (1),fis,FAO capture production and ex-vessel prices
Japan,1984,5086303326.613975,USD (1),fis,FAO capture production and ex-vessel prices
Japan,1985,5053710775.106089,USD (1),fis,FAO capture production and ex-vessel prices
Japan,1986,5885418392.369922,USD (1),fis,FAO capture production and ex-vessel prices
Japan,1987,5297657174.604726,USD (1),fis,FAO capture production and ex-vessel prices
Japan,1988,5584296155.991951,USD (1),fis,FAO capture production and ex-vessel prices
Japan,1989,5376732070.7402725,USD (1),fis,FAO capture production and ex-vessel prices
Japan,1990,5295721358.938455,USD (1),fis,FAO capture production and ex-vessel prices
Japan,1991,5712207143.538814,USD (1),fis,FAO capture production and ex-vessel prices
Japan,1992,5883032466.169275,USD (1),fis,FAO capture production and ex-vessel prices
Japan,1993,5815386633.01893,USD (1),fis,FAO capture production and ex-vessel prices
Japan,1994,6752214157.788472,USD (1),fis,FAO capture production and ex-vessel prices
Japan,1995,6321037221.7142105,USD (1),fis,FAO capture production and ex-vessel prices
Japan,1996,5880457519.214987,USD (1),fis,FAO capture production and ex-vessel prices
Japan,1997,5573224137.876447,USD (1),fis,FAO capture production and ex-vessel prices
Japan,1998,4892757978.860819,USD (1),fis,FAO capture production and ex-vessel prices
Japan,1999,5058988464.011523,USD (1),fis,FAO capture production and ex-vessel prices
Japan,2000,5156699639.317414,USD (1),fis,FAO capture production and ex-vessel prices
Japan,2001,4594564748.298336,USD (1),fis,FAO capture production and ex-vessel prices
Japan,2002,4127507260.340841,USD (1),fis,FAO capture production and ex-vessel prices
Japan,2003,4554084534.724647,USD (1),fis,FAO capture production and ex-vessel prices
Japan,2004,4183191447.5166306,USD (1),fis,FAO capture production and ex-vessel prices
Japan,2005,4219500864.4120026,USD (1),fis,FAO capture production and ex-vessel prices
Japan,2006,4199200133.6340547,USD (1),fis,FAO capture production and ex-vessel prices
Japan,2007,4389907800.280908,USD (1),fis,FAO capture production and ex-vessel prices
Japan,2008,5569897356.212593,USD (1),fis,FAO capture production and ex-vessel prices
Japan,2009,5642322169.8216095,USD (1),fis,FAO capture production and ex-vessel prices
Japan,2010,5284180554.390244,USD (1),fis,FAO capture production and ex-vessel prices
Japan,2011,4533292561.585969,USD (1),fis,FAO capture production and ex-vessel prices
Japan,2012,4539968201.093662,USD (1),fis,FAO capture production and ex-vessel prices
Japan,2013,4552293725.7533245,USD (1),fis,FAO capture production and ex-vessel prices
Japan,2014,4898411288.858441,USD (1),fis,FAO capture production and ex-vessel prices
Japan,2015,3859327145.756134,USD (1),fis,FAO capture production and ex-vessel prices
Japan,2016,3849257139.5376163,USD (1),fis,FAO capture production and ex-vessel prices
Japan,2017,4220400399.120092,USD (1),fis,FAO capture production and ex-vessel prices
Japan,2018,4609319010.270959,USD (1),fis,FAO capture production and ex-vessel prices
Japan,2019,4303291107.729902,USD (1),fis,FAO capture production and ex-vessel prices
Japan,2020,4020917615.236273,USD (1),fis,FAO capture production and ex-vessel prices
Japan,2021,4625301698.785519,USD (1),fis,FAO capture production and ex-vessel prices
Japan,2022,4158404014.4587946,USD (1),fis,FAO capture production and ex-vessel prices
Japan,2023,3979619771.52287,USD (1),fis,FAO capture production and ex-vessel prices
Jersey,1983,1778196.4071897196,USD (1),fis,FAO capture production and ex-vessel prices
Jersey,1984,2380606.8785717995,USD (1),fis,FAO capture production and ex-vessel prices
Jersey,1985,1718466.1514140056,USD (1),fis,FAO capture production and ex-vessel prices
Jersey,1986,1626831.4035118823,USD (1),fis,FAO capture production and ex-vessel prices
Jersey,1987,1847154.46800735,USD (1),fis,FAO capture production and ex-vessel prices
Jersey,1988,1933881.4340988428,USD (1),fis,FAO capture production and ex-vessel prices
Jersey,1989,1150294.8337912948,USD (1),fis,FAO capture production and ex-vessel prices
Jersey,1990,1398088.7413521737,USD (1),fis,FAO capture production and ex-vessel prices
Jersey,1991,1147929.114454907,USD (1),fis,FAO capture production and ex-vessel prices
Jersey,1992,1381069.767087905,USD (1),fis,FAO capture production and ex-vessel prices
Jersey,1993,1409192.664982771,USD (1),fis,FAO capture production and ex-vessel prices
Jersey,1994,1501892.5842121977,USD (1),fis,FAO capture production and ex-vessel prices
Jersey,1995,2609957.511654774,USD (1),fis,FAO capture production and ex-vessel prices
Jersey,1996,4366135.116405049,USD (1),fis,FAO capture production and ex-vessel prices
Jersey,1997,4386009.609556173,USD (1),fis,FAO capture production and ex-vessel prices
Jersey,1998,3370989.2776858765,USD (1),fis,FAO capture production and ex-vessel prices
Jersey,1999,2648740.84834147,USD (1),fis,FAO capture production and ex-vessel prices
Jersey,2000,3367390.3811949072,USD (1),fis,FAO capture production and ex-vessel prices
Jersey,2001,3974525.9122918597,USD (1),fis,FAO capture production and ex-vessel prices
Jersey,2002,3469449.503096012,USD (1),fis,FAO capture production and ex-vessel prices
Jersey,2003,3251159.4894709107,USD (1),fis,FAO capture production and ex-vessel prices
Jersey,2004,3168958.2870583422,USD (1),fis,FAO capture production and ex-vessel prices
Jersey,2005,3298422.9780893703,USD (1),fis,FAO capture production and ex-vessel prices
Jersey,2006,3421261.2846245137,USD (1),fis,FAO capture production and ex-vessel prices
Jersey,2007,3783294.2658262053,USD (1),fis,FAO capture production and ex-vessel prices
Jersey,2008,3892227.4037837666,USD (1),fis,FAO capture production and ex-vessel prices
Jersey,2009,3499945.594488707,USD (1),fis,FAO capture production and ex-vessel prices
Jersey,2010,4944595.258724522,USD (1),fis,FAO capture production and ex-vessel prices
Jersey,2011,4807766.478237475,USD (1),fis,FAO capture production and ex-vessel prices
Jersey,2012,4060415.1497110454,USD (1),fis,FAO capture production and ex-vessel prices
Jersey,2013,4175378.5517270677,USD (1),fis,FAO capture production and ex-vessel prices
Jersey,2014,4114616.111818701,USD (1),fis,FAO capture production and ex-vessel prices
Jersey,2015,3810627.8876085714,USD (1),fis,FAO capture production and ex-vessel prices
Jersey,2016,4513296.748424846,USD (1),fis,FAO capture production and ex-vessel prices
Jersey,2017,4226572.878157809,USD (1),fis,FAO capture production and ex-vessel prices
Jersey,2018,4889362.046942813,USD (1),fis,FAO capture production and ex-vessel prices
Jersey,2019,4616198.15501485,USD (1),fis,FAO capture production and ex-vessel prices
Jersey,2020,4302635.561460906,USD (1),fis,FAO capture production and ex-vessel prices
Jersey,2021,5634634.350529986,USD (1),fis,FAO capture production and ex-vessel prices
Jersey,2022,5826037.188889972,USD (1),fis,FAO capture production and ex-vessel prices
Jersey,2023,4295558.120687155,USD (1),fis,FAO capture production and ex-vessel prices
Jordan,1976,0,USD (1),fis,FAO capture production and ex-vessel prices
Jordan,1977,0,USD (1),fis,FAO capture production and ex-vessel prices
Jordan,1978,0,USD (1),fis,FAO capture production and ex-vessel prices
Jordan,1979,0,USD (1),fis,FAO capture production and ex-vessel prices
Jordan,1980,0,USD (1),fis,FAO capture production and ex-vessel prices
Jordan,1981,0,USD (1),fis,FAO capture production and ex-vessel prices
Jordan,1982,0,USD (1),fis,FAO capture production and ex-vessel prices
Jordan,1983,0,USD (1),fis,FAO capture production and ex-vessel prices
Jordan,1984,0,USD (1),fis,FAO capture production and ex-vessel prices
Jordan,1985,0,USD (1),fis,FAO capture production and ex-vessel prices
Jordan,1986,0,USD (1),fis,FAO capture production and ex-vessel prices
Jordan,1987,0,USD (1),fis,FAO capture production and ex-vessel prices
Jordan,1988,0,USD (1),fis,FAO capture production and ex-vessel prices
Jordan,1989,0,USD (1),fis,FAO capture production and ex-vessel prices
Jordan,1990,0,USD (1),fis,FAO capture production and ex-vessel prices
Jordan,1991,0,USD (1),fis,FAO capture production and ex-vessel prices
Jordan,1992,0,USD (1),fis,FAO capture production and ex-vessel prices
Jordan,1993,0,USD (1),fis,FAO capture production and ex-vessel prices
Jordan,1994,0,USD (1),fis,FAO capture production and ex-vessel prices
Jordan,1995,0,USD (1),fis,FAO capture production and ex-vessel prices
Jordan,1996,0,USD (1),fis,FAO capture production and ex-vessel prices
Jordan,1997,0,USD (1),fis,FAO capture production and ex-vessel prices
Jordan,1998,95787.72599884862,USD (1),fis,FAO capture production and ex-vessel prices
Jordan,1999,142394.01931849055,USD (1),fis,FAO capture production and ex-vessel prices
Jordan,2000,138087.4031022511,USD (1),fis,FAO capture production and ex-vessel prices
Jordan,2001,168457.33797430532,USD (1),fis,FAO capture production and ex-vessel prices
Jordan,2002,154805.62479713635,USD (1),fis,FAO capture production and ex-vessel prices
Jordan,2003,154471.03144295735,USD (1),fis,FAO capture production and ex-vessel prices
Jordan,2004,145835.004963656,USD (1),fis,FAO capture production and ex-vessel prices
Jordan,2005,212044.22339946916,USD (1),fis,FAO capture production and ex-vessel prices
Jordan,2006,196542.23395855504,USD (1),fis,FAO capture production and ex-vessel prices
Jordan,2007,170797.3300425169,USD (1),fis,FAO capture production and ex-vessel prices
Jordan,2008,265755.57284612354,USD (1),fis,FAO capture production and ex-vessel prices
Jordan,2009,352886.7505149246,USD (1),fis,FAO capture production and ex-vessel prices
Jordan,2010,243157.59566800517,USD (1),fis,FAO capture production and ex-vessel prices
Jordan,2011,127485.90736626482,USD (1),fis,FAO capture production and ex-vessel prices
Jordan,2012,152808.49731643643,USD (1),fis,FAO capture production and ex-vessel prices
Jordan,2013,117224.5835701497,USD (1),fis,FAO capture production and ex-vessel prices
Jordan,2014,263927.0348596519,USD (1),fis,FAO capture production and ex-vessel prices
Jordan,2015,208990.5165072919,USD (1),fis,FAO capture production and ex-vessel prices
Jordan,2016,276044.80238022417,USD (1),fis,FAO capture production and ex-vessel prices
Jordan,2017,376056.9787778307,USD (1),fis,FAO capture production and ex-vessel prices
Jordan,2018,326541.966195135,USD (1),fis,FAO capture production and ex-vessel prices
Jordan,2019,318182.95976845943,USD (1),fis,FAO capture production and ex-vessel prices
Jordan,2020,175056.1769636686,USD (1),fis,FAO capture production and ex-vessel prices
Jordan,2021,271803.7957222932,USD (1),fis,FAO capture production and ex-vessel prices
Jordan,2022,323758.11716189707,USD (1),fis,FAO capture production and ex-vessel prices
Jordan,2023,288371.84863889683,USD (1),fis,FAO capture production and ex-vessel prices
Kenya,1976,165722.84232454904,USD (1),fis,FAO capture production and ex-vessel prices
Kenya,1977,314016.37082482147,USD (1),fis,FAO capture production and ex-vessel prices
Kenya,1978,111347.3917040164,USD (1),fis,FAO capture production and ex-vessel prices
Kenya,1979,112865.24427121965,USD (1),fis,FAO capture production and ex-vessel prices
Kenya,1980,439465.1083256517,USD (1),fis,FAO capture production and ex-vessel prices
Kenya,1981,899582.1735439856,USD (1),fis,FAO capture production and ex-vessel prices
Kenya,1982,903514.2630627673,USD (1),fis,FAO capture production and ex-vessel prices
Kenya,1983,1007847.6421931933,USD (1),fis,FAO capture production and ex-vessel prices
Kenya,1984,483928.7499230817,USD (1),fis,FAO capture production and ex-vessel prices
Kenya,1985,577536.0060860818,USD (1),fis,FAO capture production and ex-vessel prices
Kenya,1986,634477.722003188,USD (1),fis,FAO capture production and ex-vessel prices
Kenya,1987,868759.0620698085,USD (1),fis,FAO capture production and ex-vessel prices
Kenya,1988,853609.2637378508,USD (1),fis,FAO capture production and ex-vessel prices
Kenya,1989,673420.6326874476,USD (1),fis,FAO capture production and ex-vessel prices
Kenya,1990,864920.1610119351,USD (1),fis,FAO capture production and ex-vessel prices
Kenya,1991,770581.3449951387,USD (1),fis,FAO capture production and ex-vessel prices
Kenya,1992,1164941.432854218,USD (1),fis,FAO capture production and ex-vessel prices
Kenya,1993,1156822.259932743,USD (1),fis,FAO capture production and ex-vessel prices
Kenya,1994,1254473.5740102734,USD (1),fis,FAO capture production and ex-vessel prices
Kenya,1995,1029889.7238348115,USD (1),fis,FAO capture production and ex-vessel prices
Kenya,1996,893193.005835835,USD (1),fis,FAO capture production and ex-vessel prices
Kenya,1997,789717.6734822524,USD (1),fis,FAO capture production and ex-vessel prices
Kenya,1998,829155.355957828,USD (1),fis,FAO capture production and ex-vessel prices
Kenya,1999,804148.2929915179,USD (1),fis,FAO capture production and ex-vessel prices
Kenya,2000,843208.5917051991,USD (1),fis,FAO capture production and ex-vessel prices
Kenya,2001,777261.9064179399,USD (1),fis,FAO capture production and ex-vessel prices
Kenya,2002,730871.5422688777,USD (1),fis,FAO capture production and ex-vessel prices
Kenya,2003,904884.7295781864,USD (1),fis,FAO capture production and ex-vessel prices
Kenya,2004,812242.8214144559,USD (1),fis,FAO capture production and ex-vessel prices
Kenya,2005,2128013.8057563542,USD (1),fis,FAO capture production and ex-vessel prices
Kenya,2006,1626923.098537132,USD (1),fis,FAO capture production and ex-vessel prices
Kenya,2007,1232098.1849813282,USD (1),fis,FAO capture production and ex-vessel prices
Kenya,2008,2712910.5074550887,USD (1),fis,FAO capture production and ex-vessel prices
Kenya,2009,3114825.500573632,USD (1),fis,FAO capture production and ex-vessel prices
Kenya,2010,1592153.1659003603,USD (1),fis,FAO capture production and ex-vessel prices
Kenya,2011,606978.4735407592,USD (1),fis,FAO capture production and ex-vessel prices
Kenya,2012,522054.87614648516,USD (1),fis,FAO capture production and ex-vessel prices
Kenya,2013,837430.1618046802,USD (1),fis,FAO capture production and ex-vessel prices
Kenya,2014,1536422.465455671,USD (1),fis,FAO capture production and ex-vessel prices
Kenya,2015,1059406.8257073266,USD (1),fis,FAO capture production and ex-vessel prices
Kenya,2016,3896086.8244458823,USD (1),fis,FAO capture production and ex-vessel prices
Kenya,2017,4869939.39756317,USD (1),fis,FAO capture production and ex-vessel prices
Kenya,2018,11833860.867264705,USD (1),fis,FAO capture production and ex-vessel prices
Kenya,2019,12735893.816313962,USD (1),fis,FAO capture production and ex-vessel prices
Kenya,2020,6943033.810310334,USD (1),fis,FAO capture production and ex-vessel prices
Kenya,2021,12089761.886226373,USD (1),fis,FAO capture production and ex-vessel prices
Kenya,2022,11680522.603850473,USD (1),fis,FAO capture production and ex-vessel prices
Kenya,2023,11369360.45879788,USD (1),fis,FAO capture production and ex-vessel prices
Kiribati,1976,194333.40666305504,USD (1),fis,FAO capture production and ex-vessel prices
Kiribati,1977,276800.85685153265,USD (1),fis,FAO capture production and ex-vessel prices
Kiribati,1978,205518.04329647924,USD (1),fis,FAO capture production and ex-vessel prices
Kiribati,1979,302945.52292951103,USD (1),fis,FAO capture production and ex-vessel prices
Kiribati,1980,2251621.05833602,USD (1),fis,FAO capture production and ex-vessel prices
Kiribati,1981,2487007.626656872,USD (1),fis,FAO capture production and ex-vessel prices
Kiribati,1982,1897125.8677593912,USD (1),fis,FAO capture production and ex-vessel prices
Kiribati,1983,3641151.3854929404,USD (1),fis,FAO capture production and ex-vessel prices
Kiribati,1984,4076746.9999623634,USD (1),fis,FAO capture production and ex-vessel prices
Kiribati,1985,2627717.6721630176,USD (1),fis,FAO capture production and ex-vessel prices
Kiribati,1986,4524381.7281365,USD (1),fis,FAO capture production and ex-vessel prices
Kiribati,1987,2630556.663863061,USD (1),fis,FAO capture production and ex-vessel prices
Kiribati,1988,4273885.589035455,USD (1),fis,FAO capture production and ex-vessel prices
Kiribati,1989,5314084.005931209,USD (1),fis,FAO capture production and ex-vessel prices
Kiribati,1990,3071274.7656906205,USD (1),fis,FAO capture production and ex-vessel prices
Kiribati,1991,2027783.2966501762,USD (1),fis,FAO capture production and ex-vessel prices
Kiribati,1992,3336153.059690155,USD (1),fis,FAO capture production and ex-vessel prices
Kiribati,1993,3386734.6326437597,USD (1),fis,FAO capture production and ex-vessel prices
Kiribati,1994,4530391.014036013,USD (1),fis,FAO capture production and ex-vessel prices
Kiribati,1995,8015367.1531104315,USD (1),fis,FAO capture production and ex-vessel prices
Kiribati,1996,9694574.606155459,USD (1),fis,FAO capture production and ex-vessel prices
Kiribati,1997,9779538.183394799,USD (1),fis,FAO capture production and ex-vessel prices
Kiribati,1998,12240216.661772197,USD (1),fis,FAO capture production and ex-vessel prices
Kiribati,1999,12980295.50893985,USD (1),fis,FAO capture production and ex-vessel prices
Kiribati,2000,19226467.279846806,USD (1),fis,FAO capture production and ex-vessel prices
Kiribati,2001,12088952.77146074,USD (1),fis,FAO capture production and ex-vessel prices
Kiribati,2002,11253383.185633687,USD (1),fis,FAO capture production and ex-vessel prices
Kiribati,2003,8336575.974451467,USD (1),fis,FAO capture production and ex-vessel prices
Kiribati,2004,7446176.785898855,USD (1),fis,FAO capture production and ex-vessel prices
Kiribati,2005,12957701.523575408,USD (1),fis,FAO capture production and ex-vessel prices
Kiribati,2006,10369723.414087933,USD (1),fis,FAO capture production and ex-vessel prices
Kiribati,2007,27694127.332880065,USD (1),fis,FAO capture production and ex-vessel prices
Kiribati,2008,48530792.48179561,USD (1),fis,FAO capture production and ex-vessel prices
Kiribati,2009,97407780.32251287,USD (1),fis,FAO capture production and ex-vessel prices
Kiribati,2010,100702252.92225161,USD (1),fis,FAO capture production and ex-vessel prices
Kiribati,2011,78109486.6570779,USD (1),fis,FAO capture production and ex-vessel prices
Kiribati,2012,107023407.16705225,USD (1),fis,FAO capture production and ex-vessel prices
Kiribati,2013,145098247.09250507,USD (1),fis,FAO capture production and ex-vessel prices
Kiribati,2014,176809892.4900807,USD (1),fis,FAO capture production and ex-vessel prices
Kiribati,2015,236676053.16000724,USD (1),fis,FAO capture production and ex-vessel prices
Kiribati,2016,293619645.34572273,USD (1),fis,FAO capture production and ex-vessel prices
Kiribati,2017,335095947.56958246,USD (1),fis,FAO capture production and ex-vessel prices
Kiribati,2018,401076767.3712255,USD (1),fis,FAO capture production and ex-vessel prices
Kiribati,2019,441084694.3956135,USD (1),fis,FAO capture production and ex-vessel prices
Kiribati,2020,415889107.4849105,USD (1),fis,FAO capture production and ex-vessel prices
Kiribati,2021,388187318.07654923,USD (1),fis,FAO capture production and ex-vessel prices
Kiribati,2022,448843546.72422117,USD (1),fis,FAO capture production and ex-vessel prices
Kiribati,2023,560201266.4276893,USD (1),fis,FAO capture production and ex-vessel prices
Kuwait,1976,541074.2821297618,USD (1),fis,FAO capture production and ex-vessel prices
Kuwait,1977,634763.9448656088,USD (1),fis,FAO capture production and ex-vessel prices
Kuwait,1978,872220.3356648369,USD (1),fis,FAO capture production and ex-vessel prices
Kuwait,1979,572197.7846604908,USD (1),fis,FAO capture production and ex-vessel prices
Kuwait,1980,1021467.4368225429,USD (1),fis,FAO capture production and ex-vessel prices
Kuwait,1981,985369.0174363257,USD (1),fis,FAO capture production and ex-vessel prices
Kuwait,1982,1280290.509340166,USD (1),fis,FAO capture production and ex-vessel prices
Kuwait,1983,659220.7529439417,USD (1),fis,FAO capture production and ex-vessel prices
Kuwait,1984,748800.5255123632,USD (1),fis,FAO capture production and ex-vessel prices
Kuwait,1985,231270.43139930582,USD (1),fis,FAO capture production and ex-vessel prices
Kuwait,1986,586472.1014519981,USD (1),fis,FAO capture production and ex-vessel prices
Kuwait,1987,928203.5214513191,USD (1),fis,FAO capture production and ex-vessel prices
Kuwait,1988,1038343.1213129895,USD (1),fis,FAO capture production and ex-vessel prices
Kuwait,1989,1416347.3260249342,USD (1),fis,FAO capture production and ex-vessel prices
Kuwait,1990,1262369.4923564887,USD (1),fis,FAO capture production and ex-vessel prices
Kuwait,1991,1084743.7491520494,USD (1),fis,FAO capture production and ex-vessel prices
Kuwait,1992,2515090.3849766855,USD (1),fis,FAO capture production and ex-vessel prices
Kuwait,1993,3074584.826303484,USD (1),fis,FAO capture production and ex-vessel prices
Kuwait,1994,5280305.049405436,USD (1),fis,FAO capture production and ex-vessel prices
Kuwait,1995,6255985.209228758,USD (1),fis,FAO capture production and ex-vessel prices
Kuwait,1996,4405637.379314419,USD (1),fis,FAO capture production and ex-vessel prices
Kuwait,1997,3076163.688498794,USD (1),fis,FAO capture production and ex-vessel prices
Kuwait,1998,3007247.9650823795,USD (1),fis,FAO capture production and ex-vessel prices
Kuwait,1999,3483237.0043545747,USD (1),fis,FAO capture production and ex-vessel prices
Kuwait,2000,5481895.318279992,USD (1),fis,FAO capture production and ex-vessel prices
Kuwait,2001,3853125.1886400958,USD (1),fis,FAO capture production and ex-vessel prices
Kuwait,2002,3203119.704723676,USD (1),fis,FAO capture production and ex-vessel prices
Kuwait,2003,2310530.764739447,USD (1),fis,FAO capture production and ex-vessel prices
Kuwait,2004,3610340.216083656,USD (1),fis,FAO capture production and ex-vessel prices
Kuwait,2005,3311454.4295918327,USD (1),fis,FAO capture production and ex-vessel prices
Kuwait,2006,3631142.950410592,USD (1),fis,FAO capture production and ex-vessel prices
Kuwait,2007,2780312.0789267835,USD (1),fis,FAO capture production and ex-vessel prices
Kuwait,2008,2455292.5424354835,USD (1),fis,FAO capture production and ex-vessel prices
Kuwait,2009,4053523.3686764673,USD (1),fis,FAO capture production and ex-vessel prices
Kuwait,2010,5636943.532629624,USD (1),fis,FAO capture production and ex-vessel prices
Kuwait,2011,4250499.667744427,USD (1),fis,FAO capture production and ex-vessel prices
Kuwait,2012,3469253.2173136305,USD (1),fis,FAO capture production and ex-vessel prices
Kuwait,2013,4242330.907421378,USD (1),fis,FAO capture production and ex-vessel prices
Kuwait,2014,3911810.7357947016,USD (1),fis,FAO capture production and ex-vessel prices
Kuwait,2015,5141363.4635833,USD (1),fis,FAO capture production and ex-vessel prices
Kuwait,2016,5564792.252051469,USD (1),fis,FAO capture production and ex-vessel prices
Kuwait,2017,4840549.380287687,USD (1),fis,FAO capture production and ex-vessel prices
Kuwait,2018,3684046.2629056964,USD (1),fis,FAO capture production and ex-vessel prices
Kuwait,2019,3086540.9942501946,USD (1),fis,FAO capture production and ex-vessel prices
Kuwait,2020,3587732.670532603,USD (1),fis,FAO capture production and ex-vessel prices
Kuwait,2021,4482473.589421052,USD (1),fis,FAO capture production and ex-vessel prices
Kuwait,2022,2587491.010304103,USD (1),fis,FAO capture production and ex-vessel prices
Kuwait,2023,3268161.5359492158,USD (1),fis,FAO capture production and ex-vessel prices
Latvia,1992,29744443.669234652,USD (1),fis,FAO capture production and ex-vessel prices
Latvia,1993,25210458.948114425,USD (1),fis,FAO capture production and ex-vessel prices
Latvia,1994,20382935.149965193,USD (1),fis,FAO capture production and ex-vessel prices
Latvia,1995,27179898.7482456,USD (1),fis,FAO capture production and ex-vessel prices
Latvia,1996,29907018.10986205,USD (1),fis,FAO capture production and ex-vessel prices
Latvia,1997,22679795.721318245,USD (1),fis,FAO capture production and ex-vessel prices
Latvia,1998,26953282.406757437,USD (1),fis,FAO capture production and ex-vessel prices
Latvia,1999,35828180.80767153,USD (1),fis,FAO capture production and ex-vessel prices
Latvia,2000,43977033.25887898,USD (1),fis,FAO capture production and ex-vessel prices
Latvia,2001,40223467.55778594,USD (1),fis,FAO capture production and ex-vessel prices
Latvia,2002,32837662.02956523,USD (1),fis,FAO capture production and ex-vessel prices
Latvia,2003,38838741.34171669,USD (1),fis,FAO capture production and ex-vessel prices
Latvia,2004,38310803.25039693,USD (1),fis,FAO capture production and ex-vessel prices
Latvia,2005,39161048.5351804,USD (1),fis,FAO capture production and ex-vessel prices
Latvia,2006,39496122.57274808,USD (1),fis,FAO capture production and ex-vessel prices
Latvia,2007,51641845.2241131,USD (1),fis,FAO capture production and ex-vessel prices
Latvia,2008,52317037.33318678,USD (1),fis,FAO capture production and ex-vessel prices
Latvia,2009,59956415.3468931,USD (1),fis,FAO capture production and ex-vessel prices
Latvia,2010,51421011.70862788,USD (1),fis,FAO capture production and ex-vessel prices
Latvia,2011,79812435.68558359,USD (1),fis,FAO capture production and ex-vessel prices
Latvia,2012,54876362.74517863,USD (1),fis,FAO capture production and ex-vessel prices
Latvia,2013,53212387.40408003,USD (1),fis,FAO capture production and ex-vessel prices
Latvia,2014,55589679.90538138,USD (1),fis,FAO capture production and ex-vessel prices
Latvia,2015,54431482.49334079,USD (1),fis,FAO capture production and ex-vessel prices
Latvia,2016,66956591.298331186,USD (1),fis,FAO capture production and ex-vessel prices
Latvia,2017,30716170.19804458,USD (1),fis,FAO capture production and ex-vessel prices
Latvia,2018,30407804.10094971,USD (1),fis,FAO capture production and ex-vessel prices
Latvia,2019,28248696.925085623,USD (1),fis,FAO capture production and ex-vessel prices
Latvia,2020,19811312.42550191,USD (1),fis,FAO capture production and ex-vessel prices
Latvia,2021,19154652.332189083,USD (1),fis,FAO capture production and ex-vessel prices
Latvia,2022,18017804.416235063,USD (1),fis,FAO capture production and ex-vessel prices
Latvia,2023,36160349.24929691,USD (1),fis,FAO capture production and ex-vessel prices
Lebanon,1976,0,USD (1),fis,FAO capture production and ex-vessel prices
Lebanon,1977,0,USD (1),fis,FAO capture production and ex-vessel prices
Lebanon,1978,0,USD (1),fis,FAO capture production and ex-vessel prices
Lebanon,1979,0,USD (1),fis,FAO capture production and ex-vessel prices
Lebanon,1980,0,USD (1),fis,FAO capture production and ex-vessel prices
Lebanon,1981,0,USD (1),fis,FAO capture production and ex-vessel prices
Lebanon,1982,0,USD (1),fis,FAO capture production and ex-vessel prices
Lebanon,1983,0,USD (1),fis,FAO capture production and ex-vessel prices
Lebanon,1984,0,USD (1),fis,FAO capture production and ex-vessel prices
Lebanon,1985,0,USD (1),fis,FAO capture production and ex-vessel prices
Lebanon,1986,0,USD (1),fis,FAO capture production and ex-vessel prices
Lebanon,1987,1560.955139582958,USD (1),fis,FAO capture production and ex-vessel prices
Lebanon,1988,12765.65064517333,USD (1),fis,FAO capture production and ex-vessel prices
Lebanon,1989,13715.798559820685,USD (1),fis,FAO capture production and ex-vessel prices
Lebanon,1990,12513.19127751617,USD (1),fis,FAO capture production and ex-vessel prices
Lebanon,1991,13988.000395134182,USD (1),fis,FAO capture production and ex-vessel prices
Lebanon,1992,14231.782727172887,USD (1),fis,FAO capture production and ex-vessel prices
Lebanon,1993,15367.751116031875,USD (1),fis,FAO capture production and ex-vessel prices
Lebanon,1994,13174.393463584229,USD (1),fis,FAO capture production and ex-vessel prices
Lebanon,1995,5237.890834424477,USD (1),fis,FAO capture production and ex-vessel prices
Lebanon,1996,7241.305809896781,USD (1),fis,FAO capture production and ex-vessel prices
Lebanon,1997,11256.340415674062,USD (1),fis,FAO capture production and ex-vessel prices
Lebanon,1998,62387.5917536496,USD (1),fis,FAO capture production and ex-vessel prices
Lebanon,1999,54389.03337258033,USD (1),fis,FAO capture production and ex-vessel prices
Lebanon,2000,54937.36136325069,USD (1),fis,FAO capture production and ex-vessel prices
Lebanon,2001,69308.30356231377,USD (1),fis,FAO capture production and ex-vessel prices
Lebanon,2002,60747.39425802232,USD (1),fis,FAO capture production and ex-vessel prices
Lebanon,2003,54567.268234346,USD (1),fis,FAO capture production and ex-vessel prices
Lebanon,2004,61677.11259700209,USD (1),fis,FAO capture production and ex-vessel prices
Lebanon,2005,69024.58141263651,USD (1),fis,FAO capture production and ex-vessel prices
Lebanon,2006,61992.12000057023,USD (1),fis,FAO capture production and ex-vessel prices
Lebanon,2007,73136.7193183016,USD (1),fis,FAO capture production and ex-vessel prices
Lebanon,2008,68288.42105890607,USD (1),fis,FAO capture production and ex-vessel prices
Lebanon,2009,73604.62031940164,USD (1),fis,FAO capture production and ex-vessel prices
Lebanon,2010,71713.90735502276,USD (1),fis,FAO capture production and ex-vessel prices
Lebanon,2011,65215.39631453631,USD (1),fis,FAO capture production and ex-vessel prices
Lebanon,2012,61094.580875006366,USD (1),fis,FAO capture production and ex-vessel prices
Lebanon,2013,47542.16306306785,USD (1),fis,FAO capture production and ex-vessel prices
Lebanon,2014,4575837.979983217,USD (1),fis,FAO capture production and ex-vessel prices
Lebanon,2015,5808743.068959335,USD (1),fis,FAO capture production and ex-vessel prices
Lebanon,2016,5438835.874413347,USD (1),fis,FAO capture production and ex-vessel prices
Lebanon,2017,6257199.197988117,USD (1),fis,FAO capture production and ex-vessel prices
Lebanon,2018,4532429.617655439,USD (1),fis,FAO capture production and ex-vessel prices
Lebanon,2019,6536558.907925867,USD (1),fis,FAO capture production and ex-vessel prices
Lebanon,2020,4810045.485861449,USD (1),fis,FAO capture production and ex-vessel prices
Lebanon,2021,5535582.53302201,USD (1),fis,FAO capture production and ex-vessel prices
Lebanon,2022,6119343.957122913,USD (1),fis,FAO capture production and ex-vessel prices
Lebanon,2023,5983626.900161886,USD (1),fis,FAO capture production and ex-vessel prices
Liberia,1976,334251.0438259247,USD (1),fis,FAO capture production and ex-vessel prices
Liberia,1977,354341.9954015185,USD (1),fis,FAO capture production and ex-vessel prices
Liberia,1978,1217266.9409342685,USD (1),fis,FAO capture production and ex-vessel prices
Liberia,1979,560342.2934253888,USD (1),fis,FAO capture production and ex-vessel prices
Liberia,1980,486405.77075691684,USD (1),fis,FAO capture production and ex-vessel prices
Liberia,1981,895668.4656905427,USD (1),fis,FAO capture production and ex-vessel prices
Liberia,1982,1015254.0673393339,USD (1),fis,FAO capture production and ex-vessel prices
Liberia,1983,1313392.8038565258,USD (1),fis,FAO capture production and ex-vessel prices
Liberia,1984,1858030.5045390415,USD (1),fis,FAO capture production and ex-vessel prices
Liberia,1985,770442.4414648317,USD (1),fis,FAO capture production and ex-vessel prices
Liberia,1986,2601670.6442984943,USD (1),fis,FAO capture production and ex-vessel prices
Liberia,1987,2897114.765085428,USD (1),fis,FAO capture production and ex-vessel prices
Liberia,1988,2436613.5709406496,USD (1),fis,FAO capture production and ex-vessel prices
Liberia,1989,2350856.804573937,USD (1),fis,FAO capture production and ex-vessel prices
Liberia,1990,474782.838888812,USD (1),fis,FAO capture production and ex-vessel prices
Liberia,1991,1102940.0741814992,USD (1),fis,FAO capture production and ex-vessel prices
Liberia,1992,1298267.3354770606,USD (1),fis,FAO capture production and ex-vessel prices
Liberia,1993,1228583.7551410173,USD (1),fis,FAO capture production and ex-vessel prices
Liberia,1994,1621071.5246446258,USD (1),fis,FAO capture production and ex-vessel prices
Liberia,1995,2514103.1791100716,USD (1),fis,FAO capture production and ex-vessel prices
Liberia,1996,1622223.6859960882,USD (1),fis,FAO capture production and ex-vessel prices
Liberia,1997,4508912.9373950735,USD (1),fis,FAO capture production and ex-vessel prices
Liberia,1998,2380334.848591582,USD (1),fis,FAO capture production and ex-vessel prices
Liberia,1999,5744260.237870488,USD (1),fis,FAO capture production and ex-vessel prices
Liberia,2000,3572692.290423362,USD (1),fis,FAO capture production and ex-vessel prices
Liberia,2001,2460209.566004585,USD (1),fis,FAO capture production and ex-vessel prices
Liberia,2002,2420892.355563038,USD (1),fis,FAO capture production and ex-vessel prices
Liberia,2003,2124433.482164964,USD (1),fis,FAO capture production and ex-vessel prices
Liberia,2004,4851011.717345767,USD (1),fis,FAO capture production and ex-vessel prices
Liberia,2005,5294908.746613107,USD (1),fis,FAO capture production and ex-vessel prices
Liberia,2006,2283027.7924351795,USD (1),fis,FAO capture production and ex-vessel prices
Liberia,2007,9065897.206726942,USD (1),fis,FAO capture production and ex-vessel prices
Liberia,2008,6200284.86368697,USD (1),fis,FAO capture production and ex-vessel prices
Liberia,2009,7441434.387513516,USD (1),fis,FAO capture production and ex-vessel prices
Liberia,2010,6519483.668173639,USD (1),fis,FAO capture production and ex-vessel prices
Liberia,2011,8884134.15971985,USD (1),fis,FAO capture production and ex-vessel prices
Liberia,2012,8456058.746152004,USD (1),fis,FAO capture production and ex-vessel prices
Liberia,2013,8756221.73207341,USD (1),fis,FAO capture production and ex-vessel prices
Liberia,2014,11147197.150670456,USD (1),fis,FAO capture production and ex-vessel prices
Liberia,2015,13949207.331338963,USD (1),fis,FAO capture production and ex-vessel prices
Liberia,2016,8115427.099586164,USD (1),fis,FAO capture production and ex-vessel prices
Liberia,2017,11555912.203797236,USD (1),fis,FAO capture production and ex-vessel prices
Liberia,2018,12426384.288751563,USD (1),fis,FAO capture production and ex-vessel prices
Liberia,2019,27338345.083419044,USD (1),fis,FAO capture production and ex-vessel prices
Liberia,2020,58779064.33079281,USD (1),fis,FAO capture production and ex-vessel prices
Liberia,2021,31295960.173543718,USD (1),fis,FAO capture production and ex-vessel prices
Liberia,2022,70935708.29663599,USD (1),fis,FAO capture production and ex-vessel prices
Liberia,2023,54604293.68807267,USD (1),fis,FAO capture production and ex-vessel prices
Libya,1976,655835.7233004539,USD (1),fis,FAO capture production and ex-vessel prices
Libya,1977,400812.1642092082,USD (1),fis,FAO capture production and ex-vessel prices
Libya,1978,899036.0958970247,USD (1),fis,FAO capture production and ex-vessel prices
Libya,1979,976422.1150727479,USD (1),fis,FAO capture production and ex-vessel prices
Libya,1980,1222589.0041269779,USD (1),fis,FAO capture production and ex-vessel prices
Libya,1981,1469870.6248412104,USD (1),fis,FAO capture production and ex-vessel prices
Libya,1982,1770625.4843227402,USD (1),fis,FAO capture production and ex-vessel prices
Libya,1983,2989940.3933766186,USD (1),fis,FAO capture production and ex-vessel prices
Libya,1984,4061947.765809909,USD (1),fis,FAO capture production and ex-vessel prices
Libya,1985,4882358.605532547,USD (1),fis,FAO capture production and ex-vessel prices
Libya,1986,6937221.278813785,USD (1),fis,FAO capture production and ex-vessel prices
Libya,1987,9139815.783612235,USD (1),fis,FAO capture production and ex-vessel prices
Libya,1988,9690323.621295298,USD (1),fis,FAO capture production and ex-vessel prices
Libya,1989,14505685.512065053,USD (1),fis,FAO capture production and ex-vessel prices
Libya,1990,17617787.079460483,USD (1),fis,FAO capture production and ex-vessel prices
Libya,1991,19529367.276245587,USD (1),fis,FAO capture production and ex-vessel prices
Libya,1992,24630319.25074557,USD (1),fis,FAO capture production and ex-vessel prices
Libya,1993,31365368.336835124,USD (1),fis,FAO capture production and ex-vessel prices
Libya,1994,31575131.832201447,USD (1),fis,FAO capture production and ex-vessel prices
Libya,1995,37615409.32437526,USD (1),fis,FAO capture production and ex-vessel prices
Libya,1996,30752072.39623285,USD (1),fis,FAO capture production and ex-vessel prices
Libya,1997,28812068.63434608,USD (1),fis,FAO capture production and ex-vessel prices
Libya,1998,33556270.940971196,USD (1),fis,FAO capture production and ex-vessel prices
Libya,1999,32977554.858348876,USD (1),fis,FAO capture production and ex-vessel prices
Libya,2000,36612471.61288859,USD (1),fis,FAO capture production and ex-vessel prices
Libya,2001,35205202.538293816,USD (1),fis,FAO capture production and ex-vessel prices
Libya,2002,23822335.724834867,USD (1),fis,FAO capture production and ex-vessel prices
Libya,2003,27653405.586574446,USD (1),fis,FAO capture production and ex-vessel prices
Libya,2004,26678819.08036017,USD (1),fis,FAO capture production and ex-vessel prices
Libya,2005,26066983.151004672,USD (1),fis,FAO capture production and ex-vessel prices
Libya,2006,23200175.17926726,USD (1),fis,FAO capture production and ex-vessel prices
Libya,2007,34194407.753640644,USD (1),fis,FAO capture production and ex-vessel prices
Libya,2008,62649575.0659328,USD (1),fis,FAO capture production and ex-vessel prices
Libya,2009,78714909.80975021,USD (1),fis,FAO capture production and ex-vessel prices
Libya,2010,72058870.30334286,USD (1),fis,FAO capture production and ex-vessel prices
Libya,2011,45231185.37968284,USD (1),fis,FAO capture production and ex-vessel prices
Libya,2012,48176818.046871655,USD (1),fis,FAO capture production and ex-vessel prices
Libya,2013,47026933.62277581,USD (1),fis,FAO capture production and ex-vessel prices
Libya,2014,35285720.44742929,USD (1),fis,FAO capture production and ex-vessel prices
Libya,2015,41888362.45123813,USD (1),fis,FAO capture production and ex-vessel prices
Libya,2016,49105765.76448367,USD (1),fis,FAO capture production and ex-vessel prices
Libya,2017,54320978.62598818,USD (1),fis,FAO capture production and ex-vessel prices
Libya,2018,55524250.912050344,USD (1),fis,FAO capture production and ex-vessel prices
Libya,2019,60993940.10142641,USD (1),fis,FAO capture production and ex-vessel prices
Libya,2020,57826298.91797572,USD (1),fis,FAO capture production and ex-vessel prices
Libya,2021,65204290.49081068,USD (1),fis,FAO capture production and ex-vessel prices
Libya,2022,72309541.92783584,USD (1),fis,FAO capture production and ex-vessel prices
Libya,2023,68951780.94886298,USD (1),fis,FAO capture production and ex-vessel prices
Lithuania,1992,37371077.71320894,USD (1),fis,FAO capture production and ex-vessel prices
Lithuania,1993,38297220.21358987,USD (1),fis,FAO capture production and ex-vessel prices
Lithuania,1994,18388707.727498062,USD (1),fis,FAO capture production and ex-vessel prices
Lithuania,1995,13016262.410072148,USD (1),fis,FAO capture production and ex-vessel prices
Lithuania,1996,21526527.486550786,USD (1),fis,FAO capture production and ex-vessel prices
Lithuania,1997,12608963.887793805,USD (1),fis,FAO capture production and ex-vessel prices
Lithuania,1998,26841233.518770937,USD (1),fis,FAO capture production and ex-vessel prices
Lithuania,1999,38356342.93231509,USD (1),fis,FAO capture production and ex-vessel prices
Lithuania,2000,46247683.255712956,USD (1),fis,FAO capture production and ex-vessel prices
Lithuania,2001,38605036.70822716,USD (1),fis,FAO capture production and ex-vessel prices
Lithuania,2002,44222371.0957714,USD (1),fis,FAO capture production and ex-vessel prices
Lithuania,2003,57106382.14629215,USD (1),fis,FAO capture production and ex-vessel prices
Lithuania,2004,63828860.96460361,USD (1),fis,FAO capture production and ex-vessel prices
Lithuania,2005,51805742.89858672,USD (1),fis,FAO capture production and ex-vessel prices
Lithuania,2006,62755651.72669657,USD (1),fis,FAO capture production and ex-vessel prices
Lithuania,2007,72697168.91222738,USD (1),fis,FAO capture production and ex-vessel prices
Lithuania,2008,84145245.56019276,USD (1),fis,FAO capture production and ex-vessel prices
Lithuania,2009,69610972.75990137,USD (1),fis,FAO capture production and ex-vessel prices
Lithuania,2010,70708273.52026212,USD (1),fis,FAO capture production and ex-vessel prices
Lithuania,2011,90622879.54870541,USD (1),fis,FAO capture production and ex-vessel prices
Lithuania,2012,46430459.66893552,USD (1),fis,FAO capture production and ex-vessel prices
Lithuania,2013,65793353.27686872,USD (1),fis,FAO capture production and ex-vessel prices
Lithuania,2014,106563920.55546644,USD (1),fis,FAO capture production and ex-vessel prices
Lithuania,2015,41323118.41896011,USD (1),fis,FAO capture production and ex-vessel prices
Lithuania,2016,58551481.74882933,USD (1),fis,FAO capture production and ex-vessel prices
Lithuania,2017,82676408.71377824,USD (1),fis,FAO capture production and ex-vessel prices
Lithuania,2018,68859035.29657967,USD (1),fis,FAO capture production and ex-vessel prices
Lithuania,2019,136242437.10637087,USD (1),fis,FAO capture production and ex-vessel prices
Lithuania,2020,98313085.98294641,USD (1),fis,FAO capture production and ex-vessel prices
Lithuania,2021,109299862.48839153,USD (1),fis,FAO capture production and ex-vessel prices
Lithuania,2022,150668238.4218419,USD (1),fis,FAO capture production and ex-vessel prices
Lithuania,2023,88002781.31366114,USD (1),fis,FAO capture production and ex-vessel prices
Madagascar,1976,3847164.6190275378,USD (1),fis,FAO capture production and ex-vessel prices
Madagascar,1977,4602252.912468881,USD (1),fis,FAO capture production and ex-vessel prices
Madagascar,1978,4819764.019195281,USD (1),fis,FAO capture production and ex-vessel prices
Madagascar,1979,6356430.569888002,USD (1),fis,FAO capture production and ex-vessel prices
Madagascar,1980,7704244.695609081,USD (1),fis,FAO capture production and ex-vessel prices
Madagascar,1981,7806246.470437945,USD (1),fis,FAO capture production and ex-vessel prices
Madagascar,1982,7282053.867202014,USD (1),fis,FAO capture production and ex-vessel prices
Madagascar,1983,5773460.147279216,USD (1),fis,FAO capture production and ex-vessel prices
Madagascar,1984,7659751.547814505,USD (1),fis,FAO capture production and ex-vessel prices
Madagascar,1985,7483209.697817183,USD (1),fis,FAO capture production and ex-vessel prices
Madagascar,1986,7263357.177301929,USD (1),fis,FAO capture production and ex-vessel prices
Madagascar,1987,7761632.986398546,USD (1),fis,FAO capture production and ex-vessel prices
Madagascar,1988,7274734.872981047,USD (1),fis,FAO capture production and ex-vessel prices
Madagascar,1989,6490075.7739798045,USD (1),fis,FAO capture production and ex-vessel prices
Madagascar,1990,9622270.626338445,USD (1),fis,FAO capture production and ex-vessel prices
Madagascar,1991,7529434.912768081,USD (1),fis,FAO capture production and ex-vessel prices
Madagascar,1992,12803587.918154983,USD (1),fis,FAO capture production and ex-vessel prices
Madagascar,1993,11266113.444129122,USD (1),fis,FAO capture production and ex-vessel prices
Madagascar,1994,10767139.808084387,USD (1),fis,FAO capture production and ex-vessel prices
Madagascar,1995,11080506.875124916,USD (1),fis,FAO capture production and ex-vessel prices
Madagascar,1996,11639619.52378233,USD (1),fis,FAO capture production and ex-vessel prices
Madagascar,1997,8972237.03685318,USD (1),fis,FAO capture production and ex-vessel prices
Madagascar,1998,9423678.221035812,USD (1),fis,FAO capture production and ex-vessel prices
Madagascar,1999,9513262.638463713,USD (1),fis,FAO capture production and ex-vessel prices
Madagascar,2000,8456855.159466606,USD (1),fis,FAO capture production and ex-vessel prices
Madagascar,2001,7831746.74815855,USD (1),fis,FAO capture production and ex-vessel prices
Madagascar,2002,8220721.148090666,USD (1),fis,FAO capture production and ex-vessel prices
Madagascar,2003,9383273.471668031,USD (1),fis,FAO capture production and ex-vessel prices
Madagascar,2004,9162276.710083015,USD (1),fis,FAO capture production and ex-vessel prices
Madagascar,2005,12458898.67569629,USD (1),fis,FAO capture production and ex-vessel prices
Madagascar,2006,10395534.81527946,USD (1),fis,FAO capture production and ex-vessel prices
Madagascar,2007,10393270.687027568,USD (1),fis,FAO capture production and ex-vessel prices
Madagascar,2008,17424403.68589605,USD (1),fis,FAO capture production and ex-vessel prices
Madagascar,2009,19716329.937457874,USD (1),fis,FAO capture production and ex-vessel prices
Madagascar,2010,14585661.892145414,USD (1),fis,FAO capture production and ex-vessel prices
Madagascar,2011,7498965.279592631,USD (1),fis,FAO capture production and ex-vessel prices
Madagascar,2012,10756499.031988136,USD (1),fis,FAO capture production and ex-vessel prices
Madagascar,2013,13450144.357658718,USD (1),fis,FAO capture production and ex-vessel prices
Madagascar,2014,11361022.352859117,USD (1),fis,FAO capture production and ex-vessel prices
Madagascar,2015,12219241.655206483,USD (1),fis,FAO capture production and ex-vessel prices
Madagascar,2016,13913672.05638486,USD (1),fis,FAO capture production and ex-vessel prices
Madagascar,2017,16434294.622992048,USD (1),fis,FAO capture production and ex-vessel prices
Madagascar,2018,15151496.657774571,USD (1),fis,FAO capture production and ex-vessel prices
Madagascar,2019,14705201.975742064,USD (1),fis,FAO capture production and ex-vessel prices
Madagascar,2020,12915669.552433208,USD (1),fis,FAO capture production and ex-vessel prices
Madagascar,2021,13136578.331053121,USD (1),fis,FAO capture production and ex-vessel prices
Madagascar,2022,15987792.59737084,USD (1),fis,FAO capture production and ex-vessel prices
Madagascar,2023,16080032.172106266,USD (1),fis,FAO capture production and ex-vessel prices
Malaysia,1976,43043177.28107406,USD (1),fis,FAO capture production and ex-vessel prices
Malaysia,1977,65550434.187101096,USD (1),fis,FAO capture production and ex-vessel prices
Malaysia,1978,71511950.26068674,USD (1),fis,FAO capture production and ex-vessel prices
Malaysia,1979,72613798.28059429,USD (1),fis,FAO capture production and ex-vessel prices
Malaysia,1980,86810233.81115456,USD (1),fis,FAO capture production and ex-vessel prices
Malaysia,1981,129423276.64982443,USD (1),fis,FAO capture production and ex-vessel prices
Malaysia,1982,103361021.01985049,USD (1),fis,FAO capture production and ex-vessel prices
Malaysia,1983,110830278.65009424,USD (1),fis,FAO capture production and ex-vessel prices
Malaysia,1984,120702828.1467155,USD (1),fis,FAO capture production and ex-vessel prices
Malaysia,1985,111814074.7113644,USD (1),fis,FAO capture production and ex-vessel prices
Malaysia,1986,134109157.23294868,USD (1),fis,FAO capture production and ex-vessel prices
Malaysia,1987,149158235.74598256,USD (1),fis,FAO capture production and ex-vessel prices
Malaysia,1988,219132630.055769,USD (1),fis,FAO capture production and ex-vessel prices
Malaysia,1989,135941037.29316518,USD (1),fis,FAO capture production and ex-vessel prices
Malaysia,1990,186897763.61991528,USD (1),fis,FAO capture production and ex-vessel prices
Malaysia,1991,200696235.8020991,USD (1),fis,FAO capture production and ex-vessel prices
Malaysia,1992,341095761.4683575,USD (1),fis,FAO capture production and ex-vessel prices
Malaysia,1993,330304474.8576454,USD (1),fis,FAO capture production and ex-vessel prices
Malaysia,1994,394240727.8797181,USD (1),fis,FAO capture production and ex-vessel prices
Malaysia,1995,370120248.3201618,USD (1),fis,FAO capture production and ex-vessel prices
Malaysia,1996,317789178.60300386,USD (1),fis,FAO capture production and ex-vessel prices
Malaysia,1997,309087200.1358084,USD (1),fis,FAO capture production and ex-vessel prices
Malaysia,1998,279883915.9093626,USD (1),fis,FAO capture production and ex-vessel prices
Malaysia,1999,406523833.31421894,USD (1),fis,FAO capture production and ex-vessel prices
Malaysia,2000,375997026.73070675,USD (1),fis,FAO capture production and ex-vessel prices
Malaysia,2001,324849350.1519206,USD (1),fis,FAO capture production and ex-vessel prices
Malaysia,2002,292715060.8422575,USD (1),fis,FAO capture production and ex-vessel prices
Malaysia,2003,305325213.47888505,USD (1),fis,FAO capture production and ex-vessel prices
Malaysia,2004,306112774.9952258,USD (1),fis,FAO capture production and ex-vessel prices
Malaysia,2005,247212375.624461,USD (1),fis,FAO capture production and ex-vessel prices
Malaysia,2006,293572765.4269392,USD (1),fis,FAO capture production and ex-vessel prices
Malaysia,2007,314456174.7668895,USD (1),fis,FAO capture production and ex-vessel prices
Malaysia,2008,599139323.8407862,USD (1),fis,FAO capture production and ex-vessel prices
Malaysia,2009,597569847.339087,USD (1),fis,FAO capture production and ex-vessel prices
Malaysia,2010,548497400.008829,USD (1),fis,FAO capture production and ex-vessel prices
Malaysia,2011,479311754.9668484,USD (1),fis,FAO capture production and ex-vessel prices
Malaysia,2012,530959191.4922399,USD (1),fis,FAO capture production and ex-vessel prices
Malaysia,2013,626036300.3340005,USD (1),fis,FAO capture production and ex-vessel prices
Malaysia,2014,692571419.1514313,USD (1),fis,FAO capture production and ex-vessel prices
Malaysia,2015,734445242.2870423,USD (1),fis,FAO capture production and ex-vessel prices
Malaysia,2016,729711239.5068243,USD (1),fis,FAO capture production and ex-vessel prices
Malaysia,2017,913370918.3914783,USD (1),fis,FAO capture production and ex-vessel prices
Malaysia,2018,913160876.5302103,USD (1),fis,FAO capture production and ex-vessel prices
Malaysia,2019,884776353.7668462,USD (1),fis,FAO capture production and ex-vessel prices
Malaysia,2020,991513183.9634787,USD (1),fis,FAO capture production and ex-vessel prices
Malaysia,2021,1017771861.9654213,USD (1),fis,FAO capture production and ex-vessel prices
Malaysia,2022,1188708501.736228,USD (1),fis,FAO capture production and ex-vessel prices
Malaysia,2023,1244978676.8331716,USD (1),fis,FAO capture production and ex-vessel prices
Maldives,1976,25121750.472628545,USD (1),fis,FAO capture production and ex-vessel prices
Maldives,1977,24807086.555782508,USD (1),fis,FAO capture production and ex-vessel prices
Maldives,1978,21936641.507902537,USD (1),fis,FAO capture production and ex-vessel prices
Maldives,1979,32608346.516453803,USD (1),fis,FAO capture production and ex-vessel prices
Maldives,1980,54711984.61151095,USD (1),fis,FAO capture production and ex-vessel prices
Maldives,1981,49323375.80463754,USD (1),fis,FAO capture production and ex-vessel prices
Maldives,1982,32866628.484493796,USD (1),fis,FAO capture production and ex-vessel prices
Maldives,1983,39679596.47822548,USD (1),fis,FAO capture production and ex-vessel prices
Maldives,1984,51073635.716342,USD (1),fis,FAO capture production and ex-vessel prices
Maldives,1985,66144407.233005084,USD (1),fis,FAO capture production and ex-vessel prices
Maldives,1986,70957117.43279412,USD (1),fis,FAO capture production and ex-vessel prices
Maldives,1987,75239802.50587735,USD (1),fis,FAO capture production and ex-vessel prices
Maldives,1988,115104426.11008592,USD (1),fis,FAO capture production and ex-vessel prices
Maldives,1989,90469411.16977873,USD (1),fis,FAO capture production and ex-vessel prices
Maldives,1990,88825720.57967286,USD (1),fis,FAO capture production and ex-vessel prices
Maldives,1991,81783730.98112363,USD (1),fis,FAO capture production and ex-vessel prices
Maldives,1992,83947522.20502777,USD (1),fis,FAO capture production and ex-vessel prices
Maldives,1993,97761618.33854075,USD (1),fis,FAO capture production and ex-vessel prices
Maldives,1994,127895814.42422114,USD (1),fis,FAO capture production and ex-vessel prices
Maldives,1995,122472259.642676,USD (1),fis,FAO capture production and ex-vessel prices
Maldives,1996,107298251.66445681,USD (1),fis,FAO capture production and ex-vessel prices
Maldives,1997,106365413.17443693,USD (1),fis,FAO capture production and ex-vessel prices
Maldives,1998,134326555.0613521,USD (1),fis,FAO capture production and ex-vessel prices
Maldives,1999,123097733.30871102,USD (1),fis,FAO capture production and ex-vessel prices
Maldives,2000,119981431.51784527,USD (1),fis,FAO capture production and ex-vessel prices
Maldives,2001,130009805.34845628,USD (1),fis,FAO capture production and ex-vessel prices
Maldives,2002,155027848.26209718,USD (1),fis,FAO capture production and ex-vessel prices
Maldives,2003,160577779.35696796,USD (1),fis,FAO capture production and ex-vessel prices
Maldives,2004,147315034.627583,USD (1),fis,FAO capture production and ex-vessel prices
Maldives,2005,231389422.43040472,USD (1),fis,FAO capture production and ex-vessel prices
Maldives,2006,262833150.19743752,USD (1),fis,FAO capture production and ex-vessel prices
Maldives,2007,198071102.68301067,USD (1),fis,FAO capture production and ex-vessel prices
Maldives,2008,321099608.8621338,USD (1),fis,FAO capture production and ex-vessel prices
Maldives,2009,270051438.248004,USD (1),fis,FAO capture production and ex-vessel prices
Maldives,2010,270142707.9063425,USD (1),fis,FAO capture production and ex-vessel prices
Maldives,2011,117572594.99482188,USD (1),fis,FAO capture production and ex-vessel prices
Maldives,2012,129317259.74001993,USD (1),fis,FAO capture production and ex-vessel prices
Maldives,2013,214294641.81723928,USD (1),fis,FAO capture production and ex-vessel prices
Maldives,2014,178672278.91229576,USD (1),fis,FAO capture production and ex-vessel prices
Maldives,2015,181944104.9060131,USD (1),fis,FAO capture production and ex-vessel prices
Maldives,2016,194654374.00978613,USD (1),fis,FAO capture production and ex-vessel prices
Maldives,2017,271586581.9818032,USD (1),fis,FAO capture production and ex-vessel prices
Maldives,2018,281111616.8030465,USD (1),fis,FAO capture production and ex-vessel prices
Maldives,2019,231605796.23559555,USD (1),fis,FAO capture production and ex-vessel prices
Maldives,2020,276788807.4655039,USD (1),fis,FAO capture production and ex-vessel prices
Maldives,2021,297635443.7105291,USD (1),fis,FAO capture production and ex-vessel prices
Maldives,2022,340446842.6865648,USD (1),fis,FAO capture production and ex-vessel prices
Maldives,2023,379837361.9899577,USD (1),fis,FAO capture production and ex-vessel prices
Malta,1976,1034781.9833800114,USD (1),fis,FAO capture production and ex-vessel prices
Malta,1977,897182.1240668595,USD (1),fis,FAO capture production and ex-vessel prices
Malta,1978,742561.9624423858,USD (1),fis,FAO capture production and ex-vessel prices
Malta,1979,913244.1877922369,USD (1),fis,FAO capture production and ex-vessel prices
Malta,1980,847202.0370450157,USD (1),fis,FAO capture production and ex-vessel prices
Malta,1981,782298.3193138152,USD (1),fis,FAO capture production and ex-vessel prices
Malta,1982,1039662.8041131931,USD (1),fis,FAO capture production and ex-vessel prices
Malta,1983,979909.3283689831,USD (1),fis,FAO capture production and ex-vessel prices
Malta,1984,1295475.191946708,USD (1),fis,FAO capture production and ex-vessel prices
Malta,1985,1640310.9999835887,USD (1),fis,FAO capture production and ex-vessel prices
Malta,1986,1216501.544087869,USD (1),fis,FAO capture production and ex-vessel prices
Malta,1987,1304517.2583880594,USD (1),fis,FAO capture production and ex-vessel prices
Malta,1988,1460139.153943993,USD (1),fis,FAO capture production and ex-vessel prices
Malta,1989,1313125.8636766276,USD (1),fis,FAO capture production and ex-vessel prices
Malta,1990,1551828.5241032024,USD (1),fis,FAO capture production and ex-vessel prices
Malta,1991,1712624.892266878,USD (1),fis,FAO capture production and ex-vessel prices
Malta,1992,1157699.494470037,USD (1),fis,FAO capture production and ex-vessel prices
Malta,1993,2894907.083624753,USD (1),fis,FAO capture production and ex-vessel prices
Malta,1994,4168623.8897855664,USD (1),fis,FAO capture production and ex-vessel prices
Malta,1995,4949358.613772782,USD (1),fis,FAO capture production and ex-vessel prices
Malta,1996,2599973.119262909,USD (1),fis,FAO capture production and ex-vessel prices
Malta,1997,2726136.228977512,USD (1),fis,FAO capture production and ex-vessel prices
Malta,1998,3339926.4006900354,USD (1),fis,FAO capture production and ex-vessel prices
Malta,1999,4264205.239503629,USD (1),fis,FAO capture production and ex-vessel prices
Malta,2000,3920066.99328061,USD (1),fis,FAO capture production and ex-vessel prices
Malta,2001,2201397.2087012376,USD (1),fis,FAO capture production and ex-vessel prices
Malta,2002,2676081.837581254,USD (1),fis,FAO capture production and ex-vessel prices
Malta,2003,3251257.181359891,USD (1),fis,FAO capture production and ex-vessel prices
Malta,2004,2917453.297440117,USD (1),fis,FAO capture production and ex-vessel prices
Malta,2005,4339963.08062813,USD (1),fis,FAO capture production and ex-vessel prices
Malta,2006,3613792.8489062805,USD (1),fis,FAO capture production and ex-vessel prices
Malta,2007,3938009.730775578,USD (1),fis,FAO capture production and ex-vessel prices
Malta,2008,6439860.807785035,USD (1),fis,FAO capture production and ex-vessel prices
Malta,2009,6828548.248974178,USD (1),fis,FAO capture production and ex-vessel prices
Malta,2010,5430666.328221425,USD (1),fis,FAO capture production and ex-vessel prices
Malta,2011,4164086.884535536,USD (1),fis,FAO capture production and ex-vessel prices
Malta,2012,4132072.975358574,USD (1),fis,FAO capture production and ex-vessel prices
Malta,2013,4635273.663704885,USD (1),fis,FAO capture production and ex-vessel prices
Malta,2014,5236444.633740223,USD (1),fis,FAO capture production and ex-vessel prices
Malta,2015,5431145.968351734,USD (1),fis,FAO capture production and ex-vessel prices
Malta,2016,5370732.675446983,USD (1),fis,FAO capture production and ex-vessel prices
Malta,2017,6169473.601225328,USD (1),fis,FAO capture production and ex-vessel prices
Malta,2018,7505064.433449871,USD (1),fis,FAO capture production and ex-vessel prices
Malta,2019,7632914.1327848155,USD (1),fis,FAO capture production and ex-vessel prices
Malta,2020,6407505.174173867,USD (1),fis,FAO capture production and ex-vessel prices
Malta,2021,8445590.782862382,USD (1),fis,FAO capture production and ex-vessel prices
Malta,2022,10431361.488667663,USD (1),fis,FAO capture production and ex-vessel prices
Malta,2023,5894939.280590771,USD (1),fis,FAO capture production and ex-vessel prices
Marshall Islands,1976,241.42962577395315,USD (1),fis,FAO capture production and ex-vessel prices
Marshall Islands,1977,281.57922875612,USD (1),fis,FAO capture production and ex-vessel prices
Marshall Islands,1978,319.28620923337877,USD (1),fis,FAO capture production and ex-vessel prices
Marshall Islands,1979,388.2277216843752,USD (1),fis,FAO capture production and ex-vessel prices
Marshall Islands,1980,424.2083300270426,USD (1),fis,FAO capture production and ex-vessel prices
Marshall Islands,1981,421.90163417709545,USD (1),fis,FAO capture production and ex-vessel prices
Marshall Islands,1982,383.8867416405071,USD (1),fis,FAO capture production and ex-vessel prices
Marshall Islands,1983,434.77844293485487,USD (1),fis,FAO capture production and ex-vessel prices
Marshall Islands,1984,399.75878309473933,USD (1),fis,FAO capture production and ex-vessel prices
Marshall Islands,1985,341.7863411781014,USD (1),fis,FAO capture production and ex-vessel prices
Marshall Islands,1986,385.25956533478706,USD (1),fis,FAO capture production and ex-vessel prices
Marshall Islands,1987,438.3312264794232,USD (1),fis,FAO capture production and ex-vessel prices
Marshall Islands,1988,495.4655487256881,USD (1),fis,FAO capture production and ex-vessel prices
Marshall Islands,1989,557.3139761093122,USD (1),fis,FAO capture production and ex-vessel prices
Marshall Islands,1990,501.8852376843916,USD (1),fis,FAO capture production and ex-vessel prices
Marshall Islands,1991,453.22548099819664,USD (1),fis,FAO capture production and ex-vessel prices
Marshall Islands,1992,17196.39414703844,USD (1),fis,FAO capture production and ex-vessel prices
Marshall Islands,1993,331305.4498103136,USD (1),fis,FAO capture production and ex-vessel prices
Marshall Islands,1994,109805.22699796558,USD (1),fis,FAO capture production and ex-vessel prices
Marshall Islands,1995,57470.84475203203,USD (1),fis,FAO capture production and ex-vessel prices
Marshall Islands,1996,280.55342364862344,USD (1),fis,FAO capture production and ex-vessel prices
Marshall Islands,1997,279.9920211303568,USD (1),fis,FAO capture production and ex-vessel prices
Marshall Islands,1998,246.09940418325678,USD (1),fis,FAO capture production and ex-vessel prices
Marshall Islands,1999,255.4901664268252,USD (1),fis,FAO capture production and ex-vessel prices
Marshall Islands,2000,10119118.891848061,USD (1),fis,FAO capture production and ex-vessel prices
Marshall Islands,2001,44609133.778367996,USD (1),fis,FAO capture production and ex-vessel prices
Marshall Islands,2002,43477305.95141687,USD (1),fis,FAO capture production and ex-vessel prices
Marshall Islands,2003,44142371.40819049,USD (1),fis,FAO capture production and ex-vessel prices
Marshall Islands,2004,54410036.41045561,USD (1),fis,FAO capture production and ex-vessel prices
Marshall Islands,2005,81793765.23651871,USD (1),fis,FAO capture production and ex-vessel prices
Marshall Islands,2006,68855898.77816433,USD (1),fis,FAO capture production and ex-vessel prices
Marshall Islands,2007,98501947.0614388,USD (1),fis,FAO capture production and ex-vessel prices
Marshall Islands,2008,92523298.06529698,USD (1),fis,FAO capture production and ex-vessel prices
Marshall Islands,2009,132785556.1774096,USD (1),fis,FAO capture production and ex-vessel prices
Marshall Islands,2010,150009218.81862506,USD (1),fis,FAO capture production and ex-vessel prices
Marshall Islands,2011,123091249.54066464,USD (1),fis,FAO capture production and ex-vessel prices
Marshall Islands,2012,109353173.42457238,USD (1),fis,FAO capture production and ex-vessel prices
Marshall Islands,2013,146233401.4735596,USD (1),fis,FAO capture production and ex-vessel prices
Marshall Islands,2014,120706847.65563,USD (1),fis,FAO capture production and ex-vessel prices
Marshall Islands,2015,146832433.36612323,USD (1),fis,FAO capture production and ex-vessel prices
Marshall Islands,2016,106668382.16775298,USD (1),fis,FAO capture production and ex-vessel prices
Marshall Islands,2017,140942946.57955325,USD (1),fis,FAO capture production and ex-vessel prices
Marshall Islands,2018,155486403.52605188,USD (1),fis,FAO capture production and ex-vessel prices
Marshall Islands,2019,181369170.7459406,USD (1),fis,FAO capture production and ex-vessel prices
Marshall Islands,2020,170753001.14500055,USD (1),fis,FAO capture production and ex-vessel prices
Marshall Islands,2021,193460641.1846651,USD (1),fis,FAO capture production and ex-vessel prices
Marshall Islands,2022,200316737.51713946,USD (1),fis,FAO capture production and ex-vessel prices
Marshall Islands,2023,170776897.93238217,USD (1),fis,FAO capture production and ex-vessel prices
Martinique,1976,1696566.573538973,USD (1),fis,FAO capture production and ex-vessel prices
Martinique,1977,1766284.1192619773,USD (1),fis,FAO capture production and ex-vessel prices
Martinique,1978,2921059.473957858,USD (1),fis,FAO capture production and ex-vessel prices
Martinique,1979,2955165.0636421377,USD (1),fis,FAO capture production and ex-vessel prices
Martinique,1980,3175435.727790796,USD (1),fis,FAO capture production and ex-vessel prices
Martinique,1981,3277833.9898405476,USD (1),fis,FAO capture production and ex-vessel prices
Martinique,1982,3430370.1636740477,USD (1),fis,FAO capture production and ex-vessel prices
Martinique,1983,2454643.762357912,USD (1),fis,FAO capture production and ex-vessel prices
Martinique,1984,2806292.085711985,USD (1),fis,FAO capture production and ex-vessel prices
Martinique,1985,2506119.056496679,USD (1),fis,FAO capture production and ex-vessel prices
Martinique,1986,2383594.9595456123,USD (1),fis,FAO capture production and ex-vessel prices
Martinique,1987,2114371.4854335375,USD (1),fis,FAO capture production and ex-vessel prices
Martinique,1988,2461662.9691724107,USD (1),fis,FAO capture production and ex-vessel prices
Martinique,1989,2086203.5525568675,USD (1),fis,FAO capture production and ex-vessel prices
Martinique,1990,2343764.973657182,USD (1),fis,FAO capture production and ex-vessel prices
Martinique,1991,4663057.149452855,USD (1),fis,FAO capture production and ex-vessel prices
Martinique,1992,3791836.1455930467,USD (1),fis,FAO capture production and ex-vessel prices
Martinique,1993,4517107.988462539,USD (1),fis,FAO capture production and ex-vessel prices
Martinique,1994,5583451.038713454,USD (1),fis,FAO capture production and ex-vessel prices
Martinique,1995,6958234.795154079,USD (1),fis,FAO capture production and ex-vessel prices
Martinique,1996,4256225.600759237,USD (1),fis,FAO capture production and ex-vessel prices
Martinique,1997,4184715.4007373145,USD (1),fis,FAO capture production and ex-vessel prices
Martinique,1998,4465130.494274022,USD (1),fis,FAO capture production and ex-vessel prices
Martinique,1999,5748488.146041006,USD (1),fis,FAO capture production and ex-vessel prices
Martinique,2000,5278246.420108073,USD (1),fis,FAO capture production and ex-vessel prices
Martinique,2001,5334635.492014014,USD (1),fis,FAO capture production and ex-vessel prices
Martinique,2002,5620895.593913032,USD (1),fis,FAO capture production and ex-vessel prices
Martinique,2003,3855390.5096249534,USD (1),fis,FAO capture production and ex-vessel prices
Martinique,2004,3790505.8184926873,USD (1),fis,FAO capture production and ex-vessel prices
Martinique,2005,3198583.3678008826,USD (1),fis,FAO capture production and ex-vessel prices
Martinique,2006,4191725.7804721924,USD (1),fis,FAO capture production and ex-vessel prices
Martinique,2007,2143260.6903897626,USD (1),fis,FAO capture production and ex-vessel prices
Martinique,2008,1994801.6527582256,USD (1),fis,FAO capture production and ex-vessel prices
Martinique,2009,876431.631644506,USD (1),fis,FAO capture production and ex-vessel prices
Martinique,2010,1144368.48785694,USD (1),fis,FAO capture production and ex-vessel prices
Martinique,2011,1648093.2468596601,USD (1),fis,FAO capture production and ex-vessel prices
Martinique,2012,1208511.4345024535,USD (1),fis,FAO capture production and ex-vessel prices
Martinique,2013,955069.2561590872,USD (1),fis,FAO capture production and ex-vessel prices
Martinique,2014,999019.4686318192,USD (1),fis,FAO capture production and ex-vessel prices
Martinique,2015,969180.7727046984,USD (1),fis,FAO capture production and ex-vessel prices
Martinique,2016,1260401.030945628,USD (1),fis,FAO capture production and ex-vessel prices
Martinique,2017,1458054.4612403212,USD (1),fis,FAO capture production and ex-vessel prices
Martinique,2018,1787823.6433522124,USD (1),fis,FAO capture production and ex-vessel prices
Martinique,2019,2081596.7739789754,USD (1),fis,FAO capture production and ex-vessel prices
Martinique,2020,3436195.6850486104,USD (1),fis,FAO capture production and ex-vessel prices
Martinique,2021,2685612.165910526,USD (1),fis,FAO capture production and ex-vessel prices
Martinique,2022,3669097.3028538334,USD (1),fis,FAO capture production and ex-vessel prices
Martinique,2023,1850889.6215764424,USD (1),fis,FAO capture production and ex-vessel prices
Mauritania,1976,1746451.3547501012,USD (1),fis,FAO capture production and ex-vessel prices
Mauritania,1977,3626917.622652358,USD (1),fis,FAO capture production and ex-vessel prices
Mauritania,1978,4512347.927620481,USD (1),fis,FAO capture production and ex-vessel prices
Mauritania,1979,1666908.0896301267,USD (1),fis,FAO capture production and ex-vessel prices
Mauritania,1980,636486.6121031576,USD (1),fis,FAO capture production and ex-vessel prices
Mauritania,1981,3280801.0071730204,USD (1),fis,FAO capture production and ex-vessel prices
Mauritania,1982,655113.9142854856,USD (1),fis,FAO capture production and ex-vessel prices
Mauritania,1983,469163.89380817075,USD (1),fis,FAO capture production and ex-vessel prices
Mauritania,1984,5121257.360597691,USD (1),fis,FAO capture production and ex-vessel prices
Mauritania,1985,5444040.354235891,USD (1),fis,FAO capture production and ex-vessel prices
Mauritania,1986,4694667.439921746,USD (1),fis,FAO capture production and ex-vessel prices
Mauritania,1987,5695819.4690236645,USD (1),fis,FAO capture production and ex-vessel prices
Mauritania,1988,10941565.193759784,USD (1),fis,FAO capture production and ex-vessel prices
Mauritania,1989,9012785.999516224,USD (1),fis,FAO capture production and ex-vessel prices
Mauritania,1990,6567090.1123669,USD (1),fis,FAO capture production and ex-vessel prices
Mauritania,1991,2614023.621487143,USD (1),fis,FAO capture production and ex-vessel prices
Mauritania,1992,2245041.3758189073,USD (1),fis,FAO capture production and ex-vessel prices
Mauritania,1993,2012477.4169372772,USD (1),fis,FAO capture production and ex-vessel prices
Mauritania,1994,2067880.2567060662,USD (1),fis,FAO capture production and ex-vessel prices
Mauritania,1995,2788233.55008561,USD (1),fis,FAO capture production and ex-vessel prices
Mauritania,1996,2580360.7917678147,USD (1),fis,FAO capture production and ex-vessel prices
Mauritania,1997,8410201.534720676,USD (1),fis,FAO capture production and ex-vessel prices
Mauritania,1998,16533574.626840927,USD (1),fis,FAO capture production and ex-vessel prices
Mauritania,1999,27764219.388835605,USD (1),fis,FAO capture production and ex-vessel prices
Mauritania,2000,26990470.551716577,USD (1),fis,FAO capture production and ex-vessel prices
Mauritania,2001,25411508.16584287,USD (1),fis,FAO capture production and ex-vessel prices
Mauritania,2002,26517562.702584613,USD (1),fis,FAO capture production and ex-vessel prices
Mauritania,2003,40137140.01915987,USD (1),fis,FAO capture production and ex-vessel prices
Mauritania,2004,52893391.684747435,USD (1),fis,FAO capture production and ex-vessel prices
Mauritania,2005,53220830.37973778,USD (1),fis,FAO capture production and ex-vessel prices
Mauritania,2006,28271725.51615069,USD (1),fis,FAO capture production and ex-vessel prices
Mauritania,2007,44718000.50350076,USD (1),fis,FAO capture production and ex-vessel prices
Mauritania,2008,33840896.64249761,USD (1),fis,FAO capture production and ex-vessel prices
Mauritania,2009,23972458.26093313,USD (1),fis,FAO capture production and ex-vessel prices
Mauritania,2010,37348766.354881324,USD (1),fis,FAO capture production and ex-vessel prices
Mauritania,2011,106714758.18575773,USD (1),fis,FAO capture production and ex-vessel prices
Mauritania,2012,119395997.40413505,USD (1),fis,FAO capture production and ex-vessel prices
Mauritania,2013,160631503.4352707,USD (1),fis,FAO capture production and ex-vessel prices
Mauritania,2014,103476044.4416512,USD (1),fis,FAO capture production and ex-vessel prices
Mauritania,2015,112457843.23988755,USD (1),fis,FAO capture production and ex-vessel prices
Mauritania,2016,114147346.79177868,USD (1),fis,FAO capture production and ex-vessel prices
Mauritania,2017,396627918.4807774,USD (1),fis,FAO capture production and ex-vessel prices
Mauritania,2018,596782861.466717,USD (1),fis,FAO capture production and ex-vessel prices
Mauritania,2019,450996571.6889435,USD (1),fis,FAO capture production and ex-vessel prices
Mauritania,2020,343539565.0897081,USD (1),fis,FAO capture production and ex-vessel prices
Mauritania,2021,642413098.5270411,USD (1),fis,FAO capture production and ex-vessel prices
Mauritania,2022,790952452.6252701,USD (1),fis,FAO capture production and ex-vessel prices
Mauritania,2023,739486464.4028652,USD (1),fis,FAO capture production and ex-vessel prices
Mauritius,1976,616624.1648544691,USD (1),fis,FAO capture production and ex-vessel prices
Mauritius,1977,1529970.2493742593,USD (1),fis,FAO capture production and ex-vessel prices
Mauritius,1978,709957.85777887,USD (1),fis,FAO capture production and ex-vessel prices
Mauritius,1979,1293559.9474821482,USD (1),fis,FAO capture production and ex-vessel prices
Mauritius,1980,4504953.04148574,USD (1),fis,FAO capture production and ex-vessel prices
Mauritius,1981,4085826.054908183,USD (1),fis,FAO capture production and ex-vessel prices
Mauritius,1982,4568612.29052994,USD (1),fis,FAO capture production and ex-vessel prices
Mauritius,1983,3637110.875355941,USD (1),fis,FAO capture production and ex-vessel prices
Mauritius,1984,4536818.554333956,USD (1),fis,FAO capture production and ex-vessel prices
Mauritius,1985,4762067.234416057,USD (1),fis,FAO capture production and ex-vessel prices
Mauritius,1986,5055621.456363296,USD (1),fis,FAO capture production and ex-vessel prices
Mauritius,1987,9583445.37491555,USD (1),fis,FAO capture production and ex-vessel prices
Mauritius,1988,12544646.12878867,USD (1),fis,FAO capture production and ex-vessel prices
Mauritius,1989,13702033.100158364,USD (1),fis,FAO capture production and ex-vessel prices
Mauritius,1990,9515695.503482956,USD (1),fis,FAO capture production and ex-vessel prices
Mauritius,1991,13054444.358933099,USD (1),fis,FAO capture production and ex-vessel prices
Mauritius,1992,13437228.91339912,USD (1),fis,FAO capture production and ex-vessel prices
Mauritius,1993,14663628.523067575,USD (1),fis,FAO capture production and ex-vessel prices
Mauritius,1994,13426388.836118484,USD (1),fis,FAO capture production and ex-vessel prices
Mauritius,1995,11461684.583455803,USD (1),fis,FAO capture production and ex-vessel prices
Mauritius,1996,6343336.712663129,USD (1),fis,FAO capture production and ex-vessel prices
Mauritius,1997,8634957.4454004,USD (1),fis,FAO capture production and ex-vessel prices
Mauritius,1998,6061098.5006621145,USD (1),fis,FAO capture production and ex-vessel prices
Mauritius,1999,6228426.182253501,USD (1),fis,FAO capture production and ex-vessel prices
Mauritius,2000,2969009.119605405,USD (1),fis,FAO capture production and ex-vessel prices
Mauritius,2001,2921533.1698575816,USD (1),fis,FAO capture production and ex-vessel prices
Mauritius,2002,1767780.7118411632,USD (1),fis,FAO capture production and ex-vessel prices
Mauritius,2003,2557749.294595617,USD (1),fis,FAO capture production and ex-vessel prices
Mauritius,2004,3288252.795403064,USD (1),fis,FAO capture production and ex-vessel prices
Mauritius,2005,3535211.1535357917,USD (1),fis,FAO capture production and ex-vessel prices
Mauritius,2006,3162477.9033309054,USD (1),fis,FAO capture production and ex-vessel prices
Mauritius,2007,3017734.6558277574,USD (1),fis,FAO capture production and ex-vessel prices
Mauritius,2008,2814134.7132238075,USD (1),fis,FAO capture production and ex-vessel prices
Mauritius,2009,2308844.107335125,USD (1),fis,FAO capture production and ex-vessel prices
Mauritius,2010,2222481.549885333,USD (1),fis,FAO capture production and ex-vessel prices
Mauritius,2011,962227.3205336994,USD (1),fis,FAO capture production and ex-vessel prices
Mauritius,2012,891720.9365671764,USD (1),fis,FAO capture production and ex-vessel prices
Mauritius,2013,2289999.271982199,USD (1),fis,FAO capture production and ex-vessel prices
Mauritius,2014,12573434.442756163,USD (1),fis,FAO capture production and ex-vessel prices
Mauritius,2015,14889921.239476824,USD (1),fis,FAO capture production and ex-vessel prices
Mauritius,2016,18447928.910846267,USD (1),fis,FAO capture production and ex-vessel prices
Mauritius,2017,35924453.239204444,USD (1),fis,FAO capture production and ex-vessel prices
Mauritius,2018,40882023.33399498,USD (1),fis,FAO capture production and ex-vessel prices
Mauritius,2019,46229231.158983015,USD (1),fis,FAO capture production and ex-vessel prices
Mauritius,2020,35373379.75247636,USD (1),fis,FAO capture production and ex-vessel prices
Mauritius,2021,48481302.87050528,USD (1),fis,FAO capture production and ex-vessel prices
Mauritius,2022,58247348.82613108,USD (1),fis,FAO capture production and ex-vessel prices
Mauritius,2023,63957188.90567326,USD (1),fis,FAO capture production and ex-vessel prices
Mayotte,1976,0,USD (1),fis,FAO capture production and ex-vessel prices
Mayotte,1977,0,USD (1),fis,FAO capture production and ex-vessel prices
Mayotte,1978,0,USD (1),fis,FAO capture production and ex-vessel prices
Mayotte,1979,0,USD (1),fis,FAO capture production and ex-vessel prices
Mayotte,1980,0,USD (1),fis,FAO capture production and ex-vessel prices
Mayotte,1981,0,USD (1),fis,FAO capture production and ex-vessel prices
Mayotte,1982,0,USD (1),fis,FAO capture production and ex-vessel prices
Mayotte,1983,0,USD (1),fis,FAO capture production and ex-vessel prices
Mayotte,1984,0,USD (1),fis,FAO capture production and ex-vessel prices
Mayotte,1985,0,USD (1),fis,FAO capture production and ex-vessel prices
Mayotte,1986,0,USD (1),fis,FAO capture production and ex-vessel prices
Mayotte,1987,0,USD (1),fis,FAO capture production and ex-vessel prices
Mayotte,1988,0,USD (1),fis,FAO capture production and ex-vessel prices
Mayotte,1989,0,USD (1),fis,FAO capture production and ex-vessel prices
Mayotte,1990,0,USD (1),fis,FAO capture production and ex-vessel prices
Mayotte,1991,0,USD (1),fis,FAO capture production and ex-vessel prices
Mayotte,1992,0,USD (1),fis,FAO capture production and ex-vessel prices
Mayotte,1993,0,USD (1),fis,FAO capture production and ex-vessel prices
Mayotte,1994,0,USD (1),fis,FAO capture production and ex-vessel prices
Mayotte,1995,151704.46150318734,USD (1),fis,FAO capture production and ex-vessel prices
Mayotte,1996,199470.38994923403,USD (1),fis,FAO capture production and ex-vessel prices
Mayotte,1997,245371.6384271309,USD (1),fis,FAO capture production and ex-vessel prices
Mayotte,1998,1938987.8745083003,USD (1),fis,FAO capture production and ex-vessel prices
Mayotte,1999,1730199.220759039,USD (1),fis,FAO capture production and ex-vessel prices
Mayotte,2000,658568.7807138236,USD (1),fis,FAO capture production and ex-vessel prices
Mayotte,2001,9378073.03456306,USD (1),fis,FAO capture production and ex-vessel prices
Mayotte,2002,3075936.9220239064,USD (1),fis,FAO capture production and ex-vessel prices
Mayotte,2003,975244.4780807497,USD (1),fis,FAO capture production and ex-vessel prices
Mayotte,2004,1083657.1024919956,USD (1),fis,FAO capture production and ex-vessel prices
Mayotte,2005,1358979.3564442121,USD (1),fis,FAO capture production and ex-vessel prices
Mayotte,2006,5688402.849940795,USD (1),fis,FAO capture production and ex-vessel prices
Mayotte,2007,15251064.23706545,USD (1),fis,FAO capture production and ex-vessel prices
Mayotte,2008,27444759.224239416,USD (1),fis,FAO capture production and ex-vessel prices
Mayotte,2009,36426497.551013805,USD (1),fis,FAO capture production and ex-vessel prices
Mayotte,2010,43930870.957800075,USD (1),fis,FAO capture production and ex-vessel prices
Mayotte,2011,32052148.483959574,USD (1),fis,FAO capture production and ex-vessel prices
Mayotte,2012,36105641.97001589,USD (1),fis,FAO capture production and ex-vessel prices
Mayotte,2013,42657480.427312486,USD (1),fis,FAO capture production and ex-vessel prices
Mayotte,2014,825344.684791723,USD (1),fis,FAO capture production and ex-vessel prices
Mayotte,2015,419222.4813251141,USD (1),fis,FAO capture production and ex-vessel prices
Mayotte,2016,929967.7835319227,USD (1),fis,FAO capture production and ex-vessel prices
Mayotte,2017,1383061.5926591796,USD (1),fis,FAO capture production and ex-vessel prices
Mayotte,2018,1467749.3637324583,USD (1),fis,FAO capture production and ex-vessel prices
Mayotte,2019,1333619.1432141904,USD (1),fis,FAO capture production and ex-vessel prices
Mayotte,2020,1409977.8920127952,USD (1),fis,FAO capture production and ex-vessel prices
Mayotte,2021,2169087.4322589724,USD (1),fis,FAO capture production and ex-vessel prices
Mayotte,2022,2533970.718293641,USD (1),fis,FAO capture production and ex-vessel prices
Mayotte,2023,1679694.1945098946,USD (1),fis,FAO capture production and ex-vessel prices
Mexico,1976,80908856.01911916,USD (1),fis,FAO capture production and ex-vessel prices
Mexico,1977,179221064.33336735,USD (1),fis,FAO capture production and ex-vessel prices
Mexico,1978,232851078.6650121,USD (1),fis,FAO capture production and ex-vessel prices
Mexico,1979,287658369.1818748,USD (1),fis,FAO capture production and ex-vessel prices
Mexico,1980,460690333.5113941,USD (1),fis,FAO capture production and ex-vessel prices
Mexico,1981,527919914.7173421,USD (1),fis,FAO capture production and ex-vessel prices
Mexico,1982,393136929.657713,USD (1),fis,FAO capture production and ex-vessel prices
Mexico,1983,167995785.26083857,USD (1),fis,FAO capture production and ex-vessel prices
Mexico,1984,254497276.44810203,USD (1),fis,FAO capture production and ex-vessel prices
Mexico,1985,245698480.51026037,USD (1),fis,FAO capture production and ex-vessel prices
Mexico,1986,279452448.0716095,USD (1),fis,FAO capture production and ex-vessel prices
Mexico,1987,349685044.5621665,USD (1),fis,FAO capture production and ex-vessel prices
Mexico,1988,360400818.71516937,USD (1),fis,FAO capture production and ex-vessel prices
Mexico,1989,411565738.4955953,USD (1),fis,FAO capture production and ex-vessel prices
Mexico,1990,314034984.9842754,USD (1),fis,FAO capture production and ex-vessel prices
Mexico,1991,290111635.29558957,USD (1),fis,FAO capture production and ex-vessel prices
Mexico,1992,270233620.2105487,USD (1),fis,FAO capture production and ex-vessel prices
Mexico,1993,300398426.43431985,USD (1),fis,FAO capture production and ex-vessel prices
Mexico,1994,342350794.6984401,USD (1),fis,FAO capture production and ex-vessel prices
Mexico,1995,495867552.2755858,USD (1),fis,FAO capture production and ex-vessel prices
Mexico,1996,593726002.4680772,USD (1),fis,FAO capture production and ex-vessel prices
Mexico,1997,513156721.9150452,USD (1),fis,FAO capture production and ex-vessel prices
Mexico,1998,349637582.45869833,USD (1),fis,FAO capture production and ex-vessel prices
Mexico,1999,468149068.6282008,USD (1),fis,FAO capture production and ex-vessel prices
Mexico,2000,388627595.0566769,USD (1),fis,FAO capture production and ex-vessel prices
Mexico,2001,356169380.28699934,USD (1),fis,FAO capture production and ex-vessel prices
Mexico,2002,433869675.96683866,USD (1),fis,FAO capture production and ex-vessel prices
Mexico,2003,417140756.7224425,USD (1),fis,FAO capture production and ex-vessel prices
Mexico,2004,448114225.9237214,USD (1),fis,FAO capture production and ex-vessel prices
Mexico,2005,641866486.2497181,USD (1),fis,FAO capture production and ex-vessel prices
Mexico,2006,711372783.8612399,USD (1),fis,FAO capture production and ex-vessel prices
Mexico,2007,677653625.8474663,USD (1),fis,FAO capture production and ex-vessel prices
Mexico,2008,771034468.5303531,USD (1),fis,FAO capture production and ex-vessel prices
Mexico,2009,838760758.247919,USD (1),fis,FAO capture production and ex-vessel prices
Mexico,2010,727141779.7836461,USD (1),fis,FAO capture production and ex-vessel prices
Mexico,2011,934380528.5904914,USD (1),fis,FAO capture production and ex-vessel prices
Mexico,2012,1660410999.2738721,USD (1),fis,FAO capture production and ex-vessel prices
Mexico,2013,1893285182.8187938,USD (1),fis,FAO capture production and ex-vessel prices
Mexico,2014,1531062290.5862935,USD (1),fis,FAO capture production and ex-vessel prices
Mexico,2015,1475993723.2091827,USD (1),fis,FAO capture production and ex-vessel prices
Mexico,2016,1369548712.9996424,USD (1),fis,FAO capture production and ex-vessel prices
Mexico,2017,1868211683.069232,USD (1),fis,FAO capture production and ex-vessel prices
Mexico,2018,1710995600.9374747,USD (1),fis,FAO capture production and ex-vessel prices
Mexico,2019,1948028256.9815154,USD (1),fis,FAO capture production and ex-vessel prices
Mexico,2020,1429663767.2720697,USD (1),fis,FAO capture production and ex-vessel prices
Mexico,2021,1860617628.4520738,USD (1),fis,FAO capture production and ex-vessel prices
Mexico,2022,2086382271.8536043,USD (1),fis,FAO capture production and ex-vessel prices
Mexico,2023,2469307191.340073,USD (1),fis,FAO capture production and ex-vessel prices
Micronesia (Federated States of),1976,526781.4471852524,USD (1),fis,FAO capture production and ex-vessel prices
Micronesia (Federated States of),1977,656934.1221295235,USD (1),fis,FAO capture production and ex-vessel prices
Micronesia (Federated States of),1978,629524.9178789436,USD (1),fis,FAO capture production and ex-vessel prices
Micronesia (Federated States of),1979,752146.3274984236,USD (1),fis,FAO capture production and ex-vessel prices
Micronesia (Federated States of),1980,1431803.9234055774,USD (1),fis,FAO capture production and ex-vessel prices
Micronesia (Federated States of),1981,1371630.6474332123,USD (1),fis,FAO capture production and ex-vessel prices
Micronesia (Federated States of),1982,1123637.2982150111,USD (1),fis,FAO capture production and ex-vessel prices
Micronesia (Federated States of),1983,1056734.3327315166,USD (1),fis,FAO capture production and ex-vessel prices
Micronesia (Federated States of),1984,906825.4849601047,USD (1),fis,FAO capture production and ex-vessel prices
Micronesia (Federated States of),1985,525438.9205541109,USD (1),fis,FAO capture production and ex-vessel prices
Micronesia (Federated States of),1986,706972.3927799253,USD (1),fis,FAO capture production and ex-vessel prices
Micronesia (Federated States of),1987,914273.9450446117,USD (1),fis,FAO capture production and ex-vessel prices
Micronesia (Federated States of),1988,1066756.9958974074,USD (1),fis,FAO capture production and ex-vessel prices
Micronesia (Federated States of),1989,830351.9345602778,USD (1),fis,FAO capture production and ex-vessel prices
Micronesia (Federated States of),1990,743281.7326322949,USD (1),fis,FAO capture production and ex-vessel prices
Micronesia (Federated States of),1991,12454030.80886472,USD (1),fis,FAO capture production and ex-vessel prices
Micronesia (Federated States of),1992,15951396.5535345,USD (1),fis,FAO capture production and ex-vessel prices
Micronesia (Federated States of),1993,21379386.248846773,USD (1),fis,FAO capture production and ex-vessel prices
Micronesia (Federated States of),1994,30160297.370647293,USD (1),fis,FAO capture production and ex-vessel prices
Micronesia (Federated States of),1995,9735295.425496917,USD (1),fis,FAO capture production and ex-vessel prices
Micronesia (Federated States of),1996,10044500.01113499,USD (1),fis,FAO capture production and ex-vessel prices
Micronesia (Federated States of),1997,11905741.687719315,USD (1),fis,FAO capture production and ex-vessel prices
Micronesia (Federated States of),1998,19968986.142359816,USD (1),fis,FAO capture production and ex-vessel prices
Micronesia (Federated States of),1999,15680022.635912938,USD (1),fis,FAO capture production and ex-vessel prices
Micronesia (Federated States of),2000,29466682.834471613,USD (1),fis,FAO capture production and ex-vessel prices
Micronesia (Federated States of),2001,23360025.494955264,USD (1),fis,FAO capture production and ex-vessel prices
Micronesia (Federated States of),2002,24433302.09260885,USD (1),fis,FAO capture production and ex-vessel prices
Micronesia (Federated States of),2003,35755199.32332027,USD (1),fis,FAO capture production and ex-vessel prices
Micronesia (Federated States of),2004,32973738.066143394,USD (1),fis,FAO capture production and ex-vessel prices
Micronesia (Federated States of),2005,39873223.680329144,USD (1),fis,FAO capture production and ex-vessel prices
Micronesia (Federated States of),2006,17138343.087187964,USD (1),fis,FAO capture production and ex-vessel prices
Micronesia (Federated States of),2007,25883223.660829358,USD (1),fis,FAO capture production and ex-vessel prices
Micronesia (Federated States of),2008,54253363.15653006,USD (1),fis,FAO capture production and ex-vessel prices
Micronesia (Federated States of),2009,62834003.581138484,USD (1),fis,FAO capture production and ex-vessel prices
Micronesia (Federated States of),2010,62646040.11989919,USD (1),fis,FAO capture production and ex-vessel prices
Micronesia (Federated States of),2011,40656001.79601728,USD (1),fis,FAO capture production and ex-vessel prices
Micronesia (Federated States of),2012,59346938.62007039,USD (1),fis,FAO capture production and ex-vessel prices
Micronesia (Federated States of),2013,57741129.723340325,USD (1),fis,FAO capture production and ex-vessel prices
Micronesia (Federated States of),2014,67896889.40990262,USD (1),fis,FAO capture production and ex-vessel prices
Micronesia (Federated States of),2015,100677303.98303218,USD (1),fis,FAO capture production and ex-vessel prices
Micronesia (Federated States of),2016,133166469.3131837,USD (1),fis,FAO capture production and ex-vessel prices
Micronesia (Federated States of),2017,187911024.31417596,USD (1),fis,FAO capture production and ex-vessel prices
Micronesia (Federated States of),2018,257364452.35646078,USD (1),fis,FAO capture production and ex-vessel prices
Micronesia (Federated States of),2019,312529574.69402534,USD (1),fis,FAO capture production and ex-vessel prices
Micronesia (Federated States of),2020,358027850.1474857,USD (1),fis,FAO capture production and ex-vessel prices
Micronesia (Federated States of),2021,316787627.66666794,USD (1),fis,FAO capture production and ex-vessel prices
Micronesia (Federated States of),2022,369315210.40351826,USD (1),fis,FAO capture production and ex-vessel prices
Micronesia (Federated States of),2023,354495000.016037,USD (1),fis,FAO capture production and ex-vessel prices
Monaco,1976,0,USD (1),fis,FAO capture production and ex-vessel prices
Monaco,1977,0,USD (1),fis,FAO capture production and ex-vessel prices
Monaco,1978,0,USD (1),fis,FAO capture production and ex-vessel prices
Monaco,1979,0,USD (1),fis,FAO capture production and ex-vessel prices
Monaco,1980,0,USD (1),fis,FAO capture production and ex-vessel prices
Monaco,1981,0,USD (1),fis,FAO capture production and ex-vessel prices
Monaco,1982,0,USD (1),fis,FAO capture production and ex-vessel prices
Monaco,1983,0,USD (1),fis,FAO capture production and ex-vessel prices
Monaco,1984,0,USD (1),fis,FAO capture production and ex-vessel prices
Monaco,1985,0,USD (1),fis,FAO capture production and ex-vessel prices
Monaco,1986,0,USD (1),fis,FAO capture production and ex-vessel prices
Monaco,1987,0,USD (1),fis,FAO capture production and ex-vessel prices
Monaco,1988,0,USD (1),fis,FAO capture production and ex-vessel prices
Monaco,1989,0,USD (1),fis,FAO capture production and ex-vessel prices
Monaco,1990,0,USD (1),fis,FAO capture production and ex-vessel prices
Monaco,1991,0,USD (1),fis,FAO capture production and ex-vessel prices
Monaco,1992,0,USD (1),fis,FAO capture production and ex-vessel prices
Monaco,1993,0,USD (1),fis,FAO capture production and ex-vessel prices
Monaco,1994,0,USD (1),fis,FAO capture production and ex-vessel prices
Monaco,1995,0,USD (1),fis,FAO capture production and ex-vessel prices
Monaco,1996,0,USD (1),fis,FAO capture production and ex-vessel prices
Monaco,1997,0,USD (1),fis,FAO capture production and ex-vessel prices
Monaco,1998,0,USD (1),fis,FAO capture production and ex-vessel prices
Monaco,1999,0,USD (1),fis,FAO capture production and ex-vessel prices
Monaco,2000,0,USD (1),fis,FAO capture production and ex-vessel prices
Monaco,2001,0,USD (1),fis,FAO capture production and ex-vessel prices
Monaco,2002,0,USD (1),fis,FAO capture production and ex-vessel prices
Monaco,2003,0,USD (1),fis,FAO capture production and ex-vessel prices
Monaco,2004,0,USD (1),fis,FAO capture production and ex-vessel prices
Monaco,2005,0,USD (1),fis,FAO capture production and ex-vessel prices
Monaco,2006,0,USD (1),fis,FAO capture production and ex-vessel prices
Monaco,2007,0,USD (1),fis,FAO capture production and ex-vessel prices
Monaco,2008,0,USD (1),fis,FAO capture production and ex-vessel prices
Monaco,2009,0,USD (1),fis,FAO capture production and ex-vessel prices
Monaco,2010,0,USD (1),fis,FAO capture production and ex-vessel prices
Monaco,2011,0,USD (1),fis,FAO capture production and ex-vessel prices
Monaco,2012,0,USD (1),fis,FAO capture production and ex-vessel prices
Monaco,2013,0,USD (1),fis,FAO capture production and ex-vessel prices
Monaco,2014,0,USD (1),fis,FAO capture production and ex-vessel prices
Monaco,2015,0,USD (1),fis,FAO capture production and ex-vessel prices
Monaco,2016,0,USD (1),fis,FAO capture production and ex-vessel prices
Monaco,2017,0,USD (1),fis,FAO capture production and ex-vessel prices
Monaco,2018,0,USD (1),fis,FAO capture production and ex-vessel prices
Monaco,2019,0,USD (1),fis,FAO capture production and ex-vessel prices
Monaco,2020,0,USD (1),fis,FAO capture production and ex-vessel prices
Monaco,2021,0,USD (1),fis,FAO capture production and ex-vessel prices
Monaco,2022,0,USD (1),fis,FAO capture production and ex-vessel prices
Monaco,2023,0,USD (1),fis,FAO capture production and ex-vessel prices
Montenegro,2006,372799.55914178106,USD (1),fis,FAO capture production and ex-vessel prices
Montenegro,2007,322250.0424482127,USD (1),fis,FAO capture production and ex-vessel prices
Montenegro,2008,460882.2064843513,USD (1),fis,FAO capture production and ex-vessel prices
Montenegro,2009,400113.4866703196,USD (1),fis,FAO capture production and ex-vessel prices
Montenegro,2010,423980.3272791089,USD (1),fis,FAO capture production and ex-vessel prices
Montenegro,2011,358855.1865050759,USD (1),fis,FAO capture production and ex-vessel prices
Montenegro,2012,412905.4632860954,USD (1),fis,FAO capture production and ex-vessel prices
Montenegro,2013,366577.71764914994,USD (1),fis,FAO capture production and ex-vessel prices
Montenegro,2014,429680.49713552627,USD (1),fis,FAO capture production and ex-vessel prices
Montenegro,2015,518526.40010717063,USD (1),fis,FAO capture production and ex-vessel prices
Montenegro,2016,522027.35689140914,USD (1),fis,FAO capture production and ex-vessel prices
Montenegro,2017,1789319.699411239,USD (1),fis,FAO capture production and ex-vessel prices
Montenegro,2018,2328187.034005087,USD (1),fis,FAO capture production and ex-vessel prices
Montenegro,2019,2022080.4150924953,USD (1),fis,FAO capture production and ex-vessel prices
Montenegro,2020,957155.9082506687,USD (1),fis,FAO capture production and ex-vessel prices
Montenegro,2021,1052338.8490438259,USD (1),fis,FAO capture production and ex-vessel prices
Montenegro,2022,1215165.4791336274,USD (1),fis,FAO capture production and ex-vessel prices
Montenegro,2023,1261588.895139419,USD (1),fis,FAO capture production and ex-vessel prices
Montserrat,1976,0,USD (1),fis,FAO capture production and ex-vessel prices
Montserrat,1977,0,USD (1),fis,FAO capture production and ex-vessel prices
Montserrat,1978,0,USD (1),fis,FAO capture production and ex-vessel prices
Montserrat,1979,0,USD (1),fis,FAO capture production and ex-vessel prices
Montserrat,1980,0,USD (1),fis,FAO capture production and ex-vessel prices
Montserrat,1981,0,USD (1),fis,FAO capture production and ex-vessel prices
Montserrat,1982,0,USD (1),fis,FAO capture production and ex-vessel prices
Montserrat,1983,0,USD (1),fis,FAO capture production and ex-vessel prices
Montserrat,1984,0,USD (1),fis,FAO capture production and ex-vessel prices
Montserrat,1985,0,USD (1),fis,FAO capture production and ex-vessel prices
Montserrat,1986,0,USD (1),fis,FAO capture production and ex-vessel prices
Montserrat,1987,0,USD (1),fis,FAO capture production and ex-vessel prices
Montserrat,1988,0,USD (1),fis,FAO capture production and ex-vessel prices
Montserrat,1989,0,USD (1),fis,FAO capture production and ex-vessel prices
Montserrat,1990,0,USD (1),fis,FAO capture production and ex-vessel prices
Montserrat,1991,0,USD (1),fis,FAO capture production and ex-vessel prices
Montserrat,1992,0,USD (1),fis,FAO capture production and ex-vessel prices
Montserrat,1993,0,USD (1),fis,FAO capture production and ex-vessel prices
Montserrat,1994,0,USD (1),fis,FAO capture production and ex-vessel prices
Montserrat,1995,0,USD (1),fis,FAO capture production and ex-vessel prices
Montserrat,1996,0,USD (1),fis,FAO capture production and ex-vessel prices
Montserrat,1997,0,USD (1),fis,FAO capture production and ex-vessel prices
Montserrat,1998,0,USD (1),fis,FAO capture production and ex-vessel prices
Montserrat,1999,0,USD (1),fis,FAO capture production and ex-vessel prices
Montserrat,2000,0,USD (1),fis,FAO capture production and ex-vessel prices
Montserrat,2001,0,USD (1),fis,FAO capture production and ex-vessel prices
Montserrat,2002,0,USD (1),fis,FAO capture production and ex-vessel prices
Montserrat,2003,0,USD (1),fis,FAO capture production and ex-vessel prices
Montserrat,2004,0,USD (1),fis,FAO capture production and ex-vessel prices
Montserrat,2005,0,USD (1),fis,FAO capture production and ex-vessel prices
Montserrat,2006,0,USD (1),fis,FAO capture production and ex-vessel prices
Montserrat,2007,0,USD (1),fis,FAO capture production and ex-vessel prices
Montserrat,2008,0,USD (1),fis,FAO capture production and ex-vessel prices
Montserrat,2009,0,USD (1),fis,FAO capture production and ex-vessel prices
Montserrat,2010,0,USD (1),fis,FAO capture production and ex-vessel prices
Montserrat,2011,0,USD (1),fis,FAO capture production and ex-vessel prices
Montserrat,2012,0,USD (1),fis,FAO capture production and ex-vessel prices
Montserrat,2013,0,USD (1),fis,FAO capture production and ex-vessel prices
Montserrat,2014,0,USD (1),fis,FAO capture production and ex-vessel prices
Montserrat,2015,0,USD (1),fis,FAO capture production and ex-vessel prices
Montserrat,2016,0,USD (1),fis,FAO capture production and ex-vessel prices
Montserrat,2017,0,USD (1),fis,FAO capture production and ex-vessel prices
Montserrat,2018,0,USD (1),fis,FAO capture production and ex-vessel prices
Montserrat,2019,0,USD (1),fis,FAO capture production and ex-vessel prices
Montserrat,2020,0,USD (1),fis,FAO capture production and ex-vessel prices
Montserrat,2021,0,USD (1),fis,FAO capture production and ex-vessel prices
Montserrat,2022,0,USD (1),fis,FAO capture production and ex-vessel prices
Montserrat,2023,0,USD (1),fis,FAO capture production and ex-vessel prices
Morocco,1976,75111552.56394832,USD (1),fis,FAO capture production and ex-vessel prices
Morocco,1977,74493222.86641182,USD (1),fis,FAO capture production and ex-vessel prices
Morocco,1978,87573258.54282185,USD (1),fis,FAO capture production and ex-vessel prices
Morocco,1979,99036115.47034472,USD (1),fis,FAO capture production and ex-vessel prices
Morocco,1980,140938094.09293717,USD (1),fis,FAO capture production and ex-vessel prices
Morocco,1981,153790251.87295467,USD (1),fis,FAO capture production and ex-vessel prices
Morocco,1982,131085144.06665528,USD (1),fis,FAO capture production and ex-vessel prices
Morocco,1983,134118555.36035751,USD (1),fis,FAO capture production and ex-vessel prices
Morocco,1984,152409508.41146436,USD (1),fis,FAO capture production and ex-vessel prices
Morocco,1985,132820601.4156049,USD (1),fis,FAO capture production and ex-vessel prices
Morocco,1986,197281853.6705574,USD (1),fis,FAO capture production and ex-vessel prices
Morocco,1987,169390582.79662448,USD (1),fis,FAO capture production and ex-vessel prices
Morocco,1988,207095436.29179472,USD (1),fis,FAO capture production and ex-vessel prices
Morocco,1989,231991244.76864582,USD (1),fis,FAO capture production and ex-vessel prices
Morocco,1990,286985099.12207073,USD (1),fis,FAO capture production and ex-vessel prices
Morocco,1991,292146310.04440755,USD (1),fis,FAO capture production and ex-vessel prices
Morocco,1992,289825683.21203077,USD (1),fis,FAO capture production and ex-vessel prices
Morocco,1993,299107796.4607117,USD (1),fis,FAO capture production and ex-vessel prices
Morocco,1994,312579914.9121331,USD (1),fis,FAO capture production and ex-vessel prices
Morocco,1995,369582994.8917908,USD (1),fis,FAO capture production and ex-vessel prices
Morocco,1996,282813955.336858,USD (1),fis,FAO capture production and ex-vessel prices
Morocco,1997,387445400.21223235,USD (1),fis,FAO capture production and ex-vessel prices
Morocco,1998,348502871.66116285,USD (1),fis,FAO capture production and ex-vessel prices
Morocco,1999,407831796.4719247,USD (1),fis,FAO capture production and ex-vessel prices
Morocco,2000,448958798.11169064,USD (1),fis,FAO capture production and ex-vessel prices
Morocco,2001,420142384.3192651,USD (1),fis,FAO capture production and ex-vessel prices
Morocco,2002,424684479.12646383,USD (1),fis,FAO capture production and ex-vessel prices
Morocco,2003,454564765.2200048,USD (1),fis,FAO capture production and ex-vessel prices
Morocco,2004,478171384.37870604,USD (1),fis,FAO capture production and ex-vessel prices
Morocco,2005,460075077.6625267,USD (1),fis,FAO capture production and ex-vessel prices
Morocco,2006,435532642.5727869,USD (1),fis,FAO capture production and ex-vessel prices
Morocco,2007,495033096.55718386,USD (1),fis,FAO capture production and ex-vessel prices
Morocco,2008,652695832.8674048,USD (1),fis,FAO capture production and ex-vessel prices
Morocco,2009,702784117.4280465,USD (1),fis,FAO capture production and ex-vessel prices
Morocco,2010,670402309.0802095,USD (1),fis,FAO capture production and ex-vessel prices
Morocco,2011,857459316.1403207,USD (1),fis,FAO capture production and ex-vessel prices
Morocco,2012,1125052231.1742616,USD (1),fis,FAO capture production and ex-vessel prices
Morocco,2013,1292621348.2022254,USD (1),fis,FAO capture production and ex-vessel prices
Morocco,2014,1487466936.9255018,USD (1),fis,FAO capture production and ex-vessel prices
Morocco,2015,1224259414.6644626,USD (1),fis,FAO capture production and ex-vessel prices
Morocco,2016,1324501975.9908943,USD (1),fis,FAO capture production and ex-vessel prices
Morocco,2017,1347639235.985793,USD (1),fis,FAO capture production and ex-vessel prices
Morocco,2018,1483948709.4734223,USD (1),fis,FAO capture production and ex-vessel prices
Morocco,2019,1720300685.4945366,USD (1),fis,FAO capture production and ex-vessel prices
Morocco,2020,1152282051.8671546,USD (1),fis,FAO capture production and ex-vessel prices
Morocco,2021,1468457801.940561,USD (1),fis,FAO capture production and ex-vessel prices
Morocco,2022,1995922885.101006,USD (1),fis,FAO capture production and ex-vessel prices
Morocco,2023,1816999728.446557,USD (1),fis,FAO capture production and ex-vessel prices
Mozambique,1976,0,USD (1),fis,FAO capture production and ex-vessel prices
Mozambique,1977,0,USD (1),fis,FAO capture production and ex-vessel prices
Mozambique,1978,0,USD (1),fis,FAO capture production and ex-vessel prices
Mozambique,1979,0,USD (1),fis,FAO capture production and ex-vessel prices
Mozambique,1980,0,USD (1),fis,FAO capture production and ex-vessel prices
Mozambique,1981,0,USD (1),fis,FAO capture production and ex-vessel prices
Mozambique,1982,0,USD (1),fis,FAO capture production and ex-vessel prices
Mozambique,1983,0,USD (1),fis,FAO capture production and ex-vessel prices
Mozambique,1984,0,USD (1),fis,FAO capture production and ex-vessel prices
Mozambique,1985,0,USD (1),fis,FAO capture production and ex-vessel prices
Mozambique,1986,445762.4404912709,USD (1),fis,FAO capture production and ex-vessel prices
Mozambique,1987,1645564.8979088187,USD (1),fis,FAO capture production and ex-vessel prices
Mozambique,1988,2816913.5185014466,USD (1),fis,FAO capture production and ex-vessel prices
Mozambique,1989,1938698.9442877118,USD (1),fis,FAO capture production and ex-vessel prices
Mozambique,1990,1569070.2828651718,USD (1),fis,FAO capture production and ex-vessel prices
Mozambique,1991,4220288.832421308,USD (1),fis,FAO capture production and ex-vessel prices
Mozambique,1992,2436281.6911811694,USD (1),fis,FAO capture production and ex-vessel prices
Mozambique,1993,5063010.779870788,USD (1),fis,FAO capture production and ex-vessel prices
Mozambique,1994,4836282.87374436,USD (1),fis,FAO capture production and ex-vessel prices
Mozambique,1995,3131117.5920548206,USD (1),fis,FAO capture production and ex-vessel prices
Mozambique,1996,2331318.9126597005,USD (1),fis,FAO capture production and ex-vessel prices
Mozambique,1997,2147994.267666079,USD (1),fis,FAO capture production and ex-vessel prices
Mozambique,1998,1834706.322689877,USD (1),fis,FAO capture production and ex-vessel prices
Mozambique,1999,1820249.794041921,USD (1),fis,FAO capture production and ex-vessel prices
Mozambique,2000,1417762.1477407424,USD (1),fis,FAO capture production and ex-vessel prices
Mozambique,2001,1089974.9163794278,USD (1),fis,FAO capture production and ex-vessel prices
Mozambique,2002,1620836.4123734392,USD (1),fis,FAO capture production and ex-vessel prices
Mozambique,2003,2453461.619494211,USD (1),fis,FAO capture production and ex-vessel prices
Mozambique,2004,2187927.3552234764,USD (1),fis,FAO capture production and ex-vessel prices
Mozambique,2005,2052284.8475743895,USD (1),fis,FAO capture production and ex-vessel prices
Mozambique,2006,5223544.092913371,USD (1),fis,FAO capture production and ex-vessel prices
Mozambique,2007,13424587.50338271,USD (1),fis,FAO capture production and ex-vessel prices
Mozambique,2008,15020142.433007713,USD (1),fis,FAO capture production and ex-vessel prices
Mozambique,2009,16415520.060070937,USD (1),fis,FAO capture production and ex-vessel prices
Mozambique,2010,16136701.456152232,USD (1),fis,FAO capture production and ex-vessel prices
Mozambique,2011,15817733.05776942,USD (1),fis,FAO capture production and ex-vessel prices
Mozambique,2012,20060476.058574248,USD (1),fis,FAO capture production and ex-vessel prices
Mozambique,2013,13462988.778438678,USD (1),fis,FAO capture production and ex-vessel prices
Mozambique,2014,17627246.78376868,USD (1),fis,FAO capture production and ex-vessel prices
Mozambique,2015,17416089.657032844,USD (1),fis,FAO capture production and ex-vessel prices
Mozambique,2016,29843313.21925188,USD (1),fis,FAO capture production and ex-vessel prices
Mozambique,2017,20313709.810955722,USD (1),fis,FAO capture production and ex-vessel prices
Mozambique,2018,21847618.013602387,USD (1),fis,FAO capture production and ex-vessel prices
Mozambique,2019,40468991.635410994,USD (1),fis,FAO capture production and ex-vessel prices
Mozambique,2020,34610147.82047782,USD (1),fis,FAO capture production and ex-vessel prices
Mozambique,2021,42682861.019388705,USD (1),fis,FAO capture production and ex-vessel prices
Mozambique,2022,40107362.12318879,USD (1),fis,FAO capture production and ex-vessel prices
Mozambique,2023,39193295.892725065,USD (1),fis,FAO capture production and ex-vessel prices
Myanmar,1976,0,USD (1),fis,FAO capture production and ex-vessel prices
Myanmar,1977,0,USD (1),fis,FAO capture production and ex-vessel prices
Myanmar,1978,0,USD (1),fis,FAO capture production and ex-vessel prices
Myanmar,1979,0,USD (1),fis,FAO capture production and ex-vessel prices
Myanmar,1980,0,USD (1),fis,FAO capture production and ex-vessel prices
Myanmar,1981,0,USD (1),fis,FAO capture production and ex-vessel prices
Myanmar,1982,0,USD (1),fis,FAO capture production and ex-vessel prices
Myanmar,1983,0,USD (1),fis,FAO capture production and ex-vessel prices
Myanmar,1984,0,USD (1),fis,FAO capture production and ex-vessel prices
Myanmar,1985,0,USD (1),fis,FAO capture production and ex-vessel prices
Myanmar,1986,0,USD (1),fis,FAO capture production and ex-vessel prices
Myanmar,1987,0,USD (1),fis,FAO capture production and ex-vessel prices
Myanmar,1988,0,USD (1),fis,FAO capture production and ex-vessel prices
Myanmar,1989,0,USD (1),fis,FAO capture production and ex-vessel prices
Myanmar,1990,0,USD (1),fis,FAO capture production and ex-vessel prices
Myanmar,1991,0,USD (1),fis,FAO capture production and ex-vessel prices
Myanmar,1992,0,USD (1),fis,FAO capture production and ex-vessel prices
Myanmar,1993,0,USD (1),fis,FAO capture production and ex-vessel prices
Myanmar,1994,0,USD (1),fis,FAO capture production and ex-vessel prices
Myanmar,1995,0,USD (1),fis,FAO capture production and ex-vessel prices
Myanmar,1996,0,USD (1),fis,FAO capture production and ex-vessel prices
Myanmar,1997,0,USD (1),fis,FAO capture production and ex-vessel prices
Myanmar,1998,0,USD (1),fis,FAO capture production and ex-vessel prices
Myanmar,1999,0,USD (1),fis,FAO capture production and ex-vessel prices
Myanmar,2000,0,USD (1),fis,FAO capture production and ex-vessel prices
Myanmar,2001,0,USD (1),fis,FAO capture production and ex-vessel prices
Myanmar,2002,0,USD (1),fis,FAO capture production and ex-vessel prices
Myanmar,2003,0,USD (1),fis,FAO capture production and ex-vessel prices
Myanmar,2004,0,USD (1),fis,FAO capture production and ex-vessel prices
Myanmar,2005,0,USD (1),fis,FAO capture production and ex-vessel prices
Myanmar,2006,0,USD (1),fis,FAO capture production and ex-vessel prices
Myanmar,2007,0,USD (1),fis,FAO capture production and ex-vessel prices
Myanmar,2008,21002.846364277648,USD (1),fis,FAO capture production and ex-vessel prices
Myanmar,2009,0,USD (1),fis,FAO capture production and ex-vessel prices
Myanmar,2010,0,USD (1),fis,FAO capture production and ex-vessel prices
Myanmar,2011,0,USD (1),fis,FAO capture production and ex-vessel prices
Myanmar,2012,0,USD (1),fis,FAO capture production and ex-vessel prices
Myanmar,2013,0,USD (1),fis,FAO capture production and ex-vessel prices
Myanmar,2014,0,USD (1),fis,FAO capture production and ex-vessel prices
Myanmar,2015,0,USD (1),fis,FAO capture production and ex-vessel prices
Myanmar,2016,0,USD (1),fis,FAO capture production and ex-vessel prices
Myanmar,2017,0,USD (1),fis,FAO capture production and ex-vessel prices
Myanmar,2018,0,USD (1),fis,FAO capture production and ex-vessel prices
Myanmar,2019,0,USD (1),fis,FAO capture production and ex-vessel prices
Myanmar,2020,0,USD (1),fis,FAO capture production and ex-vessel prices
Myanmar,2021,0,USD (1),fis,FAO capture production and ex-vessel prices
Myanmar,2022,0,USD (1),fis,FAO capture production and ex-vessel prices
Myanmar,2023,0,USD (1),fis,FAO capture production and ex-vessel prices
Namibia,1976,9226506.357211076,USD (1),fis,FAO capture production and ex-vessel prices
Namibia,1977,10881106.455151446,USD (1),fis,FAO capture production and ex-vessel prices
Namibia,1978,11288919.50152928,USD (1),fis,FAO capture production and ex-vessel prices
Namibia,1979,11446373.20513845,USD (1),fis,FAO capture production and ex-vessel prices
Namibia,1980,12296488.110993091,USD (1),fis,FAO capture production and ex-vessel prices
Namibia,1981,12672464.31091459,USD (1),fis,FAO capture production and ex-vessel prices
Namibia,1982,13694768.458675794,USD (1),fis,FAO capture production and ex-vessel prices
Namibia,1983,12899354.361304367,USD (1),fis,FAO capture production and ex-vessel prices
Namibia,1984,14106251.333586924,USD (1),fis,FAO capture production and ex-vessel prices
Namibia,1985,16116156.220224977,USD (1),fis,FAO capture production and ex-vessel prices
Namibia,1986,15579440.864664547,USD (1),fis,FAO capture production and ex-vessel prices
Namibia,1987,39909440.383168675,USD (1),fis,FAO capture production and ex-vessel prices
Namibia,1988,46416981.800517835,USD (1),fis,FAO capture production and ex-vessel prices
Namibia,1989,22445199.037408084,USD (1),fis,FAO capture production and ex-vessel prices
Namibia,1990,124796986.7974469,USD (1),fis,FAO capture production and ex-vessel prices
Namibia,1991,98721920.22712028,USD (1),fis,FAO capture production and ex-vessel prices
Namibia,1992,214820795.47834998,USD (1),fis,FAO capture production and ex-vessel prices
Namibia,1993,273034174.9178582,USD (1),fis,FAO capture production and ex-vessel prices
Namibia,1994,271757046.94579756,USD (1),fis,FAO capture production and ex-vessel prices
Namibia,1995,334998259.5281505,USD (1),fis,FAO capture production and ex-vessel prices
Namibia,1996,263105427.4669757,USD (1),fis,FAO capture production and ex-vessel prices
Namibia,1997,266067308.84340987,USD (1),fis,FAO capture production and ex-vessel prices
Namibia,1998,276436177.9758585,USD (1),fis,FAO capture production and ex-vessel prices
Namibia,1999,272810071.1955464,USD (1),fis,FAO capture production and ex-vessel prices
Namibia,2000,316636148.38963103,USD (1),fis,FAO capture production and ex-vessel prices
Namibia,2001,334225374.0567216,USD (1),fis,FAO capture production and ex-vessel prices
Namibia,2002,369173804.14974695,USD (1),fis,FAO capture production and ex-vessel prices
Namibia,2003,384819095.0871234,USD (1),fis,FAO capture production and ex-vessel prices
Namibia,2004,325901635.17417574,USD (1),fis,FAO capture production and ex-vessel prices
Namibia,2005,333653201.8761535,USD (1),fis,FAO capture production and ex-vessel prices
Namibia,2006,358698144.69046336,USD (1),fis,FAO capture production and ex-vessel prices
Namibia,2007,260383057.0283691,USD (1),fis,FAO capture production and ex-vessel prices
Namibia,2008,323157352.4941619,USD (1),fis,FAO capture production and ex-vessel prices
Namibia,2009,374670751.5840031,USD (1),fis,FAO capture production and ex-vessel prices
Namibia,2010,380103995.82314754,USD (1),fis,FAO capture production and ex-vessel prices
Namibia,2011,403796421.12869304,USD (1),fis,FAO capture production and ex-vessel prices
Namibia,2012,484872525.77777314,USD (1),fis,FAO capture production and ex-vessel prices
Namibia,2013,438115943.2494641,USD (1),fis,FAO capture production and ex-vessel prices
Namibia,2014,423064508.50768954,USD (1),fis,FAO capture production and ex-vessel prices
Namibia,2015,447052058.07384604,USD (1),fis,FAO capture production and ex-vessel prices
Namibia,2016,464307382.15283006,USD (1),fis,FAO capture production and ex-vessel prices
Namibia,2017,524914119.2072837,USD (1),fis,FAO capture production and ex-vessel prices
Namibia,2018,516490400.3054674,USD (1),fis,FAO capture production and ex-vessel prices
Namibia,2019,481850526.48658335,USD (1),fis,FAO capture production and ex-vessel prices
Namibia,2020,359728132.15888876,USD (1),fis,FAO capture production and ex-vessel prices
Namibia,2021,365041400.53057075,USD (1),fis,FAO capture production and ex-vessel prices
Namibia,2022,453938594.7433188,USD (1),fis,FAO capture production and ex-vessel prices
Namibia,2023,453015026.921133,USD (1),fis,FAO capture production and ex-vessel prices
Nauru,1976,0,USD (1),fis,FAO capture production and ex-vessel prices
Nauru,1977,0,USD (1),fis,FAO capture production and ex-vessel prices
Nauru,1978,0,USD (1),fis,FAO capture production and ex-vessel prices
Nauru,1979,0,USD (1),fis,FAO capture production and ex-vessel prices
Nauru,1980,0,USD (1),fis,FAO capture production and ex-vessel prices
Nauru,1981,0,USD (1),fis,FAO capture production and ex-vessel prices
Nauru,1982,0,USD (1),fis,FAO capture production and ex-vessel prices
Nauru,1983,0,USD (1),fis,FAO capture production and ex-vessel prices
Nauru,1984,0,USD (1),fis,FAO capture production and ex-vessel prices
Nauru,1985,0,USD (1),fis,FAO capture production and ex-vessel prices
Nauru,1986,0,USD (1),fis,FAO capture production and ex-vessel prices
Nauru,1987,0,USD (1),fis,FAO capture production and ex-vessel prices
Nauru,1988,0,USD (1),fis,FAO capture production and ex-vessel prices
Nauru,1989,0,USD (1),fis,FAO capture production and ex-vessel prices
Nauru,1990,0,USD (1),fis,FAO capture production and ex-vessel prices
Nauru,1991,0,USD (1),fis,FAO capture production and ex-vessel prices
Nauru,1992,0,USD (1),fis,FAO capture production and ex-vessel prices
Nauru,1993,0,USD (1),fis,FAO capture production and ex-vessel prices
Nauru,1994,0,USD (1),fis,FAO capture production and ex-vessel prices
Nauru,1995,0,USD (1),fis,FAO capture production and ex-vessel prices
Nauru,1996,0,USD (1),fis,FAO capture production and ex-vessel prices
Nauru,1997,0,USD (1),fis,FAO capture production and ex-vessel prices
Nauru,1998,0,USD (1),fis,FAO capture production and ex-vessel prices
Nauru,1999,0,USD (1),fis,FAO capture production and ex-vessel prices
Nauru,2000,13837.825656013452,USD (1),fis,FAO capture production and ex-vessel prices
Nauru,2001,26113.83384642299,USD (1),fis,FAO capture production and ex-vessel prices
Nauru,2002,22713.388761150683,USD (1),fis,FAO capture production and ex-vessel prices
Nauru,2003,43113.28275945465,USD (1),fis,FAO capture production and ex-vessel prices
Nauru,2004,18628.75664387096,USD (1),fis,FAO capture production and ex-vessel prices
Nauru,2005,39180.37759860445,USD (1),fis,FAO capture production and ex-vessel prices
Nauru,2006,99624.19578163128,USD (1),fis,FAO capture production and ex-vessel prices
Nauru,2007,182223.39057524444,USD (1),fis,FAO capture production and ex-vessel prices
Nauru,2008,401525.5659596244,USD (1),fis,FAO capture production and ex-vessel prices
Nauru,2009,552854.7572304908,USD (1),fis,FAO capture production and ex-vessel prices
Nauru,2010,594827.4049801396,USD (1),fis,FAO capture production and ex-vessel prices
Nauru,2011,29901.424597870988,USD (1),fis,FAO capture production and ex-vessel prices
Nauru,2012,23834.345183522397,USD (1),fis,FAO capture production and ex-vessel prices
Nauru,2013,47450.456988547034,USD (1),fis,FAO capture production and ex-vessel prices
Nauru,2014,54001.21367639915,USD (1),fis,FAO capture production and ex-vessel prices
Nauru,2015,46685.66230385978,USD (1),fis,FAO capture production and ex-vessel prices
Nauru,2016,49115.92022310622,USD (1),fis,FAO capture production and ex-vessel prices
Nauru,2017,67406.87911888259,USD (1),fis,FAO capture production and ex-vessel prices
Nauru,2018,17535615.260489453,USD (1),fis,FAO capture production and ex-vessel prices
Nauru,2019,63216254.51114783,USD (1),fis,FAO capture production and ex-vessel prices
Nauru,2020,180286502.15484542,USD (1),fis,FAO capture production and ex-vessel prices
Nauru,2021,240359315.3295011,USD (1),fis,FAO capture production and ex-vessel prices
Nauru,2022,234057682.16291904,USD (1),fis,FAO capture production and ex-vessel prices
Nauru,2023,244273954.10419297,USD (1),fis,FAO capture production and ex-vessel prices
Netherlands (Kingdom of the),1976,111093118.45372237,USD (1),fis,FAO capture production and ex-vessel prices
Netherlands (Kingdom of the),1977,116090478.61093242,USD (1),fis,FAO capture production and ex-vessel prices
Netherlands (Kingdom of the),1978,126192809.15667221,USD (1),fis,FAO capture production and ex-vessel prices
Netherlands (Kingdom of the),1979,149212341.42500684,USD (1),fis,FAO capture production and ex-vessel prices
Netherlands (Kingdom of the),1980,170220844.66720945,USD (1),fis,FAO capture production and ex-vessel prices
Netherlands (Kingdom of the),1981,219899580.3729621,USD (1),fis,FAO capture production and ex-vessel prices
Netherlands (Kingdom of the),1982,227398365.49886367,USD (1),fis,FAO capture production and ex-vessel prices
Netherlands (Kingdom of the),1983,262307596.42779985,USD (1),fis,FAO capture production and ex-vessel prices
Netherlands (Kingdom of the),1984,245114142.11242992,USD (1),fis,FAO capture production and ex-vessel prices
Netherlands (Kingdom of the),1985,280023019.3209091,USD (1),fis,FAO capture production and ex-vessel prices
Netherlands (Kingdom of the),1986,289684151.25081974,USD (1),fis,FAO capture production and ex-vessel prices
Netherlands (Kingdom of the),1987,369085618.8802011,USD (1),fis,FAO capture production and ex-vessel prices
Netherlands (Kingdom of the),1988,378327683.5724974,USD (1),fis,FAO capture production and ex-vessel prices
Netherlands (Kingdom of the),1989,364037293.7270508,USD (1),fis,FAO capture production and ex-vessel prices
Netherlands (Kingdom of the),1990,382450854.88803566,USD (1),fis,FAO capture production and ex-vessel prices
Netherlands (Kingdom of the),1991,406844366.4244135,USD (1),fis,FAO capture production and ex-vessel prices
Netherlands (Kingdom of the),1992,367826558.0052015,USD (1),fis,FAO capture production and ex-vessel prices
Netherlands (Kingdom of the),1993,348582996.29087764,USD (1),fis,FAO capture production and ex-vessel prices
Netherlands (Kingdom of the),1994,420621432.0135385,USD (1),fis,FAO capture production and ex-vessel prices
Netherlands (Kingdom of the),1995,415161940.7921606,USD (1),fis,FAO capture production and ex-vessel prices
Netherlands (Kingdom of the),1996,378913200.30453265,USD (1),fis,FAO capture production and ex-vessel prices
Netherlands (Kingdom of the),1997,325546989.93295187,USD (1),fis,FAO capture production and ex-vessel prices
Netherlands (Kingdom of the),1998,440404384.2180592,USD (1),fis,FAO capture production and ex-vessel prices
Netherlands (Kingdom of the),1999,373867626.7864182,USD (1),fis,FAO capture production and ex-vessel prices
Netherlands (Kingdom of the),2000,295594612.03967285,USD (1),fis,FAO capture production and ex-vessel prices
Netherlands (Kingdom of the),2001,289038997.83179176,USD (1),fis,FAO capture production and ex-vessel prices
Netherlands (Kingdom of the),2002,288212397.4294463,USD (1),fis,FAO capture production and ex-vessel prices
Netherlands (Kingdom of the),2003,324327622.3463056,USD (1),fis,FAO capture production and ex-vessel prices
Netherlands (Kingdom of the),2004,333318473.5865266,USD (1),fis,FAO capture production and ex-vessel prices
Netherlands (Kingdom of the),2005,370881770.89119816,USD (1),fis,FAO capture production and ex-vessel prices
Netherlands (Kingdom of the),2006,324299190.75694597,USD (1),fis,FAO capture production and ex-vessel prices
Netherlands (Kingdom of the),2007,325956996.09672266,USD (1),fis,FAO capture production and ex-vessel prices
Netherlands (Kingdom of the),2008,344177978.6942375,USD (1),fis,FAO capture production and ex-vessel prices
Netherlands (Kingdom of the),2009,350552027.5194099,USD (1),fis,FAO capture production and ex-vessel prices
Netherlands (Kingdom of the),2010,355857282.6390666,USD (1),fis,FAO capture production and ex-vessel prices
Netherlands (Kingdom of the),2011,413137140.8043494,USD (1),fis,FAO capture production and ex-vessel prices
Netherlands (Kingdom of the),2012,493260767.75851417,USD (1),fis,FAO capture production and ex-vessel prices
Netherlands (Kingdom of the),2013,440359736.32458884,USD (1),fis,FAO capture production and ex-vessel prices
Netherlands (Kingdom of the),2014,518801620.7694933,USD (1),fis,FAO capture production and ex-vessel prices
Netherlands (Kingdom of the),2015,377961616.4987822,USD (1),fis,FAO capture production and ex-vessel prices
Netherlands (Kingdom of the),2016,435773653.4969094,USD (1),fis,FAO capture production and ex-vessel prices
Netherlands (Kingdom of the),2017,486449527.56561476,USD (1),fis,FAO capture production and ex-vessel prices
Netherlands (Kingdom of the),2018,459067284.34178823,USD (1),fis,FAO capture production and ex-vessel prices
Netherlands (Kingdom of the),2019,486974045.743967,USD (1),fis,FAO capture production and ex-vessel prices
Netherlands (Kingdom of the),2020,368424733.7796456,USD (1),fis,FAO capture production and ex-vessel prices
Netherlands (Kingdom of the),2021,372758645.3696783,USD (1),fis,FAO capture production and ex-vessel prices
Netherlands (Kingdom of the),2022,383583984.89088017,USD (1),fis,FAO capture production and ex-vessel prices
Netherlands (Kingdom of the),2023,273357744.20702446,USD (1),fis,FAO capture production and ex-vessel prices
Netherlands Antilles [former],1976,89534.24877308994,USD (1),fis,FAO capture production and ex-vessel prices
Netherlands Antilles [former],1977,127338.8290536566,USD (1),fis,FAO capture production and ex-vessel prices
Netherlands Antilles [former],1978,242732.99218337235,USD (1),fis,FAO capture production and ex-vessel prices
Netherlands Antilles [former],1979,344472.9008851184,USD (1),fis,FAO capture production and ex-vessel prices
Netherlands Antilles [former],1980,422907.0142210143,USD (1),fis,FAO capture production and ex-vessel prices
Netherlands Antilles [former],1981,407037.6923078672,USD (1),fis,FAO capture production and ex-vessel prices
Netherlands Antilles [former],1982,318954.4769151508,USD (1),fis,FAO capture production and ex-vessel prices
Netherlands Antilles [former],1983,342350.91325283743,USD (1),fis,FAO capture production and ex-vessel prices
Netherlands Antilles [former],1984,344400.48548746144,USD (1),fis,FAO capture production and ex-vessel prices
Netherlands Antilles [former],1985,329100.0977433891,USD (1),fis,FAO capture production and ex-vessel prices
Netherlands Antilles [former],1986,403480.35282221384,USD (1),fis,FAO capture production and ex-vessel prices
Netherlands Antilles [former],1987,397181.11778057984,USD (1),fis,FAO capture production and ex-vessel prices
Netherlands Antilles [former],1988,1109326.9541204474,USD (1),fis,FAO capture production and ex-vessel prices
Netherlands Antilles [former],1989,1049434.6008152866,USD (1),fis,FAO capture production and ex-vessel prices
Netherlands Antilles [former],1990,1007446.4931139206,USD (1),fis,FAO capture production and ex-vessel prices
Netherlands Antilles [former],1991,844401.6699499089,USD (1),fis,FAO capture production and ex-vessel prices
Netherlands Antilles [former],1992,920349.7568395833,USD (1),fis,FAO capture production and ex-vessel prices
Netherlands Antilles [former],1993,928529.7698731429,USD (1),fis,FAO capture production and ex-vessel prices
Netherlands Antilles [former],1994,982012.8599922603,USD (1),fis,FAO capture production and ex-vessel prices
Netherlands Antilles [former],1995,961925.105379932,USD (1),fis,FAO capture production and ex-vessel prices
Netherlands Antilles [former],1996,20421892.355602965,USD (1),fis,FAO capture production and ex-vessel prices
Netherlands Antilles [former],1997,28651605.63578038,USD (1),fis,FAO capture production and ex-vessel prices
Netherlands Antilles [former],1998,27617958.00505419,USD (1),fis,FAO capture production and ex-vessel prices
Netherlands Antilles [former],1999,28802580.22499965,USD (1),fis,FAO capture production and ex-vessel prices
Netherlands Antilles [former],2000,27589149.05869728,USD (1),fis,FAO capture production and ex-vessel prices
Netherlands Antilles [former],2001,30829000.874238748,USD (1),fis,FAO capture production and ex-vessel prices
Netherlands Antilles [former],2002,15658659.249280205,USD (1),fis,FAO capture production and ex-vessel prices
Netherlands Antilles [former],2003,23146270.766396455,USD (1),fis,FAO capture production and ex-vessel prices
Netherlands Antilles [former],2004,22096235.163478132,USD (1),fis,FAO capture production and ex-vessel prices
Netherlands Antilles [former],2005,212142.74985216247,USD (1),fis,FAO capture production and ex-vessel prices
Netherlands Antilles [former],2006,8981159.086296946,USD (1),fis,FAO capture production and ex-vessel prices
Netherlands Antilles [former],2007,5484667.435102022,USD (1),fis,FAO capture production and ex-vessel prices
Netherlands Antilles [former],2008,40757999.74140005,USD (1),fis,FAO capture production and ex-vessel prices
Netherlands Antilles [former],2009,56119459.5400275,USD (1),fis,FAO capture production and ex-vessel prices
Netherlands Antilles [former],2010,45317528.95098797,USD (1),fis,FAO capture production and ex-vessel prices
New Caledonia,1976,0,USD (1),fis,FAO capture production and ex-vessel prices
New Caledonia,1977,0,USD (1),fis,FAO capture production and ex-vessel prices
New Caledonia,1978,0,USD (1),fis,FAO capture production and ex-vessel prices
New Caledonia,1979,0,USD (1),fis,FAO capture production and ex-vessel prices
New Caledonia,1980,0,USD (1),fis,FAO capture production and ex-vessel prices
New Caledonia,1981,443736.5299946271,USD (1),fis,FAO capture production and ex-vessel prices
New Caledonia,1982,1256649.4588685948,USD (1),fis,FAO capture production and ex-vessel prices
New Caledonia,1983,652021.3652672378,USD (1),fis,FAO capture production and ex-vessel prices
New Caledonia,1984,187419.56687048043,USD (1),fis,FAO capture production and ex-vessel prices
New Caledonia,1985,355456.7706280088,USD (1),fis,FAO capture production and ex-vessel prices
New Caledonia,1986,473772.18479438283,USD (1),fis,FAO capture production and ex-vessel prices
New Caledonia,1987,1336350.2804273537,USD (1),fis,FAO capture production and ex-vessel prices
New Caledonia,1988,1224331.054459885,USD (1),fis,FAO capture production and ex-vessel prices
New Caledonia,1989,1195026.305281504,USD (1),fis,FAO capture production and ex-vessel prices
New Caledonia,1990,1867114.753987878,USD (1),fis,FAO capture production and ex-vessel prices
New Caledonia,1991,1500145.5042777208,USD (1),fis,FAO capture production and ex-vessel prices
New Caledonia,1992,1340857.1664412944,USD (1),fis,FAO capture production and ex-vessel prices
New Caledonia,1993,1896417.3153998782,USD (1),fis,FAO capture production and ex-vessel prices
New Caledonia,1994,2274174.8898960636,USD (1),fis,FAO capture production and ex-vessel prices
New Caledonia,1995,2029981.9733120897,USD (1),fis,FAO capture production and ex-vessel prices
New Caledonia,1996,2238345.2284972104,USD (1),fis,FAO capture production and ex-vessel prices
New Caledonia,1997,1737396.7761449022,USD (1),fis,FAO capture production and ex-vessel prices
New Caledonia,1998,2631781.5976255587,USD (1),fis,FAO capture production and ex-vessel prices
New Caledonia,1999,3178906.8393297237,USD (1),fis,FAO capture production and ex-vessel prices
New Caledonia,2000,3349020.584612758,USD (1),fis,FAO capture production and ex-vessel prices
New Caledonia,2001,2441490.792634139,USD (1),fis,FAO capture production and ex-vessel prices
New Caledonia,2002,2437324.3470553565,USD (1),fis,FAO capture production and ex-vessel prices
New Caledonia,2003,2602840.6919188444,USD (1),fis,FAO capture production and ex-vessel prices
New Caledonia,2004,2650033.731273068,USD (1),fis,FAO capture production and ex-vessel prices
New Caledonia,2005,2523973.1914803213,USD (1),fis,FAO capture production and ex-vessel prices
New Caledonia,2006,2315391.233553455,USD (1),fis,FAO capture production and ex-vessel prices
New Caledonia,2007,2173476.332318482,USD (1),fis,FAO capture production and ex-vessel prices
New Caledonia,2008,3929403.707181369,USD (1),fis,FAO capture production and ex-vessel prices
New Caledonia,2009,4743340.902960948,USD (1),fis,FAO capture production and ex-vessel prices
New Caledonia,2010,4858821.538386304,USD (1),fis,FAO capture production and ex-vessel prices
New Caledonia,2011,2581926.6421295367,USD (1),fis,FAO capture production and ex-vessel prices
New Caledonia,2012,2771681.29717774,USD (1),fis,FAO capture production and ex-vessel prices
New Caledonia,2013,2917962.034878957,USD (1),fis,FAO capture production and ex-vessel prices
New Caledonia,2014,3189430.290812438,USD (1),fis,FAO capture production and ex-vessel prices
New Caledonia,2015,3970835.2748106173,USD (1),fis,FAO capture production and ex-vessel prices
New Caledonia,2016,3498384.2477080408,USD (1),fis,FAO capture production and ex-vessel prices
New Caledonia,2017,3799212.5551371085,USD (1),fis,FAO capture production and ex-vessel prices
New Caledonia,2018,3626636.3620136743,USD (1),fis,FAO capture production and ex-vessel prices
New Caledonia,2019,4663778.61153845,USD (1),fis,FAO capture production and ex-vessel prices
New Caledonia,2020,4348915.94259259,USD (1),fis,FAO capture production and ex-vessel prices
New Caledonia,2021,4154896.0217188755,USD (1),fis,FAO capture production and ex-vessel prices
New Caledonia,2022,6536490.600528413,USD (1),fis,FAO capture production and ex-vessel prices
New Caledonia,2023,4141678.61514297,USD (1),fis,FAO capture production and ex-vessel prices
New Zealand,1976,47921061.93092925,USD (1),fis,FAO capture production and ex-vessel prices
New Zealand,1977,57219956.6870917,USD (1),fis,FAO capture production and ex-vessel prices
New Zealand,1978,84540235.71046904,USD (1),fis,FAO capture production and ex-vessel prices
New Zealand,1979,89237156.31351735,USD (1),fis,FAO capture production and ex-vessel prices
New Zealand,1980,118755226.52904275,USD (1),fis,FAO capture production and ex-vessel prices
New Zealand,1981,119842202.28045447,USD (1),fis,FAO capture production and ex-vessel prices
New Zealand,1982,127289552.78375316,USD (1),fis,FAO capture production and ex-vessel prices
New Zealand,1983,149146487.56324342,USD (1),fis,FAO capture production and ex-vessel prices
New Zealand,1984,164315962.12013623,USD (1),fis,FAO capture production and ex-vessel prices
New Zealand,1985,211290827.7565284,USD (1),fis,FAO capture production and ex-vessel prices
New Zealand,1986,186189357.7920237,USD (1),fis,FAO capture production and ex-vessel prices
New Zealand,1987,238379540.69590738,USD (1),fis,FAO capture production and ex-vessel prices
New Zealand,1988,291529025.47793794,USD (1),fis,FAO capture production and ex-vessel prices
New Zealand,1989,213695994.6879433,USD (1),fis,FAO capture production and ex-vessel prices
New Zealand,1990,301304202.4977948,USD (1),fis,FAO capture production and ex-vessel prices
New Zealand,1991,352875460.3998433,USD (1),fis,FAO capture production and ex-vessel prices
New Zealand,1992,499666752.2607018,USD (1),fis,FAO capture production and ex-vessel prices
New Zealand,1993,386402241.31841046,USD (1),fis,FAO capture production and ex-vessel prices
New Zealand,1994,463701975.62827253,USD (1),fis,FAO capture production and ex-vessel prices
New Zealand,1995,610244556.9628221,USD (1),fis,FAO capture production and ex-vessel prices
New Zealand,1996,405100009.19318336,USD (1),fis,FAO capture production and ex-vessel prices
New Zealand,1997,605174241.017759,USD (1),fis,FAO capture production and ex-vessel prices
New Zealand,1998,518419678.9013455,USD (1),fis,FAO capture production and ex-vessel prices
New Zealand,1999,472506045.3887339,USD (1),fis,FAO capture production and ex-vessel prices
New Zealand,2000,500109875.9488752,USD (1),fis,FAO capture production and ex-vessel prices
New Zealand,2001,471140255.75864434,USD (1),fis,FAO capture production and ex-vessel prices
New Zealand,2002,525578068.1680113,USD (1),fis,FAO capture production and ex-vessel prices
New Zealand,2003,488556172.68924123,USD (1),fis,FAO capture production and ex-vessel prices
New Zealand,2004,526328881.7016522,USD (1),fis,FAO capture production and ex-vessel prices
New Zealand,2005,540259009.187464,USD (1),fis,FAO capture production and ex-vessel prices
New Zealand,2006,494412980.5076909,USD (1),fis,FAO capture production and ex-vessel prices
New Zealand,2007,521632447.73777276,USD (1),fis,FAO capture production and ex-vessel prices
New Zealand,2008,514577532.48620105,USD (1),fis,FAO capture production and ex-vessel prices
New Zealand,2009,537559740.9923425,USD (1),fis,FAO capture production and ex-vessel prices
New Zealand,2010,534925481.4267898,USD (1),fis,FAO capture production and ex-vessel prices
New Zealand,2011,586898446.3609952,USD (1),fis,FAO capture production and ex-vessel prices
New Zealand,2012,598263925.9828838,USD (1),fis,FAO capture production and ex-vessel prices
New Zealand,2013,582158800.8254101,USD (1),fis,FAO capture production and ex-vessel prices
New Zealand,2014,644480401.2569423,USD (1),fis,FAO capture production and ex-vessel prices
New Zealand,2015,623529960.3426468,USD (1),fis,FAO capture production and ex-vessel prices
New Zealand,2016,598238130.619785,USD (1),fis,FAO capture production and ex-vessel prices
New Zealand,2017,663167510.543301,USD (1),fis,FAO capture production and ex-vessel prices
New Zealand,2018,648288791.7776172,USD (1),fis,FAO capture production and ex-vessel prices
New Zealand,2019,674170236.5342258,USD (1),fis,FAO capture production and ex-vessel prices
New Zealand,2020,532124984.52292526,USD (1),fis,FAO capture production and ex-vessel prices
New Zealand,2021,496152870.82946944,USD (1),fis,FAO capture production and ex-vessel prices
New Zealand,2022,547582408.8557624,USD (1),fis,FAO capture production and ex-vessel prices
New Zealand,2023,529578444.5077193,USD (1),fis,FAO capture production and ex-vessel prices
Nicaragua,1976,10101240.959127547,USD (1),fis,FAO capture production and ex-vessel prices
Nicaragua,1977,16037726.518499646,USD (1),fis,FAO capture production and ex-vessel prices
Nicaragua,1978,19234185.28184501,USD (1),fis,FAO capture production and ex-vessel prices
Nicaragua,1979,19459309.60861645,USD (1),fis,FAO capture production and ex-vessel prices
Nicaragua,1980,14991089.836764948,USD (1),fis,FAO capture production and ex-vessel prices
Nicaragua,1981,10062675.04030652,USD (1),fis,FAO capture production and ex-vessel prices
Nicaragua,1982,5575571.865313189,USD (1),fis,FAO capture production and ex-vessel prices
Nicaragua,1983,13670991.512783546,USD (1),fis,FAO capture production and ex-vessel prices
Nicaragua,1984,12247275.152483141,USD (1),fis,FAO capture production and ex-vessel prices
Nicaragua,1985,10269675.640666712,USD (1),fis,FAO capture production and ex-vessel prices
Nicaragua,1986,7255098.156553905,USD (1),fis,FAO capture production and ex-vessel prices
Nicaragua,1987,15129348.287424376,USD (1),fis,FAO capture production and ex-vessel prices
Nicaragua,1988,7141426.2560367035,USD (1),fis,FAO capture production and ex-vessel prices
Nicaragua,1989,10625585.912524713,USD (1),fis,FAO capture production and ex-vessel prices
Nicaragua,1990,7978450.050125644,USD (1),fis,FAO capture production and ex-vessel prices
Nicaragua,1991,14962134.996591289,USD (1),fis,FAO capture production and ex-vessel prices
Nicaragua,1992,28528070.79919137,USD (1),fis,FAO capture production and ex-vessel prices
Nicaragua,1993,23650161.20685509,USD (1),fis,FAO capture production and ex-vessel prices
Nicaragua,1994,40334311.335467406,USD (1),fis,FAO capture production and ex-vessel prices
Nicaragua,1995,33429095.970892556,USD (1),fis,FAO capture production and ex-vessel prices
Nicaragua,1996,59415205.34086467,USD (1),fis,FAO capture production and ex-vessel prices
Nicaragua,1997,73445384.81341453,USD (1),fis,FAO capture production and ex-vessel prices
Nicaragua,1998,64196107.771609664,USD (1),fis,FAO capture production and ex-vessel prices
Nicaragua,1999,135098579.05416304,USD (1),fis,FAO capture production and ex-vessel prices
Nicaragua,2000,129635791.89703111,USD (1),fis,FAO capture production and ex-vessel prices
Nicaragua,2001,93883444.62753485,USD (1),fis,FAO capture production and ex-vessel prices
Nicaragua,2002,105399391.55139004,USD (1),fis,FAO capture production and ex-vessel prices
Nicaragua,2003,75422638.5566825,USD (1),fis,FAO capture production and ex-vessel prices
Nicaragua,2004,86024267.81130782,USD (1),fis,FAO capture production and ex-vessel prices
Nicaragua,2005,87264390.58106555,USD (1),fis,FAO capture production and ex-vessel prices
Nicaragua,2006,106378393.80272064,USD (1),fis,FAO capture production and ex-vessel prices
Nicaragua,2007,90184490.4636578,USD (1),fis,FAO capture production and ex-vessel prices
Nicaragua,2008,110169133.5857469,USD (1),fis,FAO capture production and ex-vessel prices
Nicaragua,2009,87453609.8367235,USD (1),fis,FAO capture production and ex-vessel prices
Nicaragua,2010,91825568.97933409,USD (1),fis,FAO capture production and ex-vessel prices
Nicaragua,2011,97998431.3987265,USD (1),fis,FAO capture production and ex-vessel prices
Nicaragua,2012,107701031.32656166,USD (1),fis,FAO capture production and ex-vessel prices
Nicaragua,2013,111949003.70226873,USD (1),fis,FAO capture production and ex-vessel prices
Nicaragua,2014,127578528.62689435,USD (1),fis,FAO capture production and ex-vessel prices
Nicaragua,2015,132760264.16681819,USD (1),fis,FAO capture production and ex-vessel prices
Nicaragua,2016,127158615.80923606,USD (1),fis,FAO capture production and ex-vessel prices
Nicaragua,2017,131532679.48335658,USD (1),fis,FAO capture production and ex-vessel prices
Nicaragua,2018,116184136.58627339,USD (1),fis,FAO capture production and ex-vessel prices
Nicaragua,2019,139165586.6698718,USD (1),fis,FAO capture production and ex-vessel prices
Nicaragua,2020,139490996.3024193,USD (1),fis,FAO capture production and ex-vessel prices
Nicaragua,2021,130845580.61445959,USD (1),fis,FAO capture production and ex-vessel prices
Nicaragua,2022,120432226.46816878,USD (1),fis,FAO capture production and ex-vessel prices
Nicaragua,2023,117083060.96929699,USD (1),fis,FAO capture production and ex-vessel prices
Nigeria,1976,23104484.273627643,USD (1),fis,FAO capture production and ex-vessel prices
Nigeria,1977,32090092.960582696,USD (1),fis,FAO capture production and ex-vessel prices
Nigeria,1978,33854845.544634126,USD (1),fis,FAO capture production and ex-vessel prices
Nigeria,1979,38973747.796583556,USD (1),fis,FAO capture production and ex-vessel prices
Nigeria,1980,37119212.915269256,USD (1),fis,FAO capture production and ex-vessel prices
Nigeria,1981,53652893.05553447,USD (1),fis,FAO capture production and ex-vessel prices
Nigeria,1982,52268318.05395152,USD (1),fis,FAO capture production and ex-vessel prices
Nigeria,1983,56897399.452167235,USD (1),fis,FAO capture production and ex-vessel prices
Nigeria,1984,75655166.46566206,USD (1),fis,FAO capture production and ex-vessel prices
Nigeria,1985,52761948.61859071,USD (1),fis,FAO capture production and ex-vessel prices
Nigeria,1986,33163392.696058173,USD (1),fis,FAO capture production and ex-vessel prices
Nigeria,1987,26099055.690649856,USD (1),fis,FAO capture production and ex-vessel prices
Nigeria,1988,69132061.83441882,USD (1),fis,FAO capture production and ex-vessel prices
Nigeria,1989,85092080.22734831,USD (1),fis,FAO capture production and ex-vessel prices
Nigeria,1990,44818610.83460315,USD (1),fis,FAO capture production and ex-vessel prices
Nigeria,1991,76888160.55290082,USD (1),fis,FAO capture production and ex-vessel prices
Nigeria,1992,122772920.48183796,USD (1),fis,FAO capture production and ex-vessel prices
Nigeria,1993,107404703.74837509,USD (1),fis,FAO capture production and ex-vessel prices
Nigeria,1994,79091459.92739303,USD (1),fis,FAO capture production and ex-vessel prices
Nigeria,1995,119656196.74169703,USD (1),fis,FAO capture production and ex-vessel prices
Nigeria,1996,118846117.7865047,USD (1),fis,FAO capture production and ex-vessel prices
Nigeria,1997,151770718.37451556,USD (1),fis,FAO capture production and ex-vessel prices
Nigeria,1998,115866599.59822637,USD (1),fis,FAO capture production and ex-vessel prices
Nigeria,1999,165500351.77669224,USD (1),fis,FAO capture production and ex-vessel prices
Nigeria,2000,149894963.8040164,USD (1),fis,FAO capture production and ex-vessel prices
Nigeria,2001,145289245.0980716,USD (1),fis,FAO capture production and ex-vessel prices
Nigeria,2002,124502335.39279553,USD (1),fis,FAO capture production and ex-vessel prices
Nigeria,2003,133949522.94537888,USD (1),fis,FAO capture production and ex-vessel prices
Nigeria,2004,109666954.1107879,USD (1),fis,FAO capture production and ex-vessel prices
Nigeria,2005,128421339.27528179,USD (1),fis,FAO capture production and ex-vessel prices
Nigeria,2006,139734867.25110605,USD (1),fis,FAO capture production and ex-vessel prices
Nigeria,2007,130453287.33509019,USD (1),fis,FAO capture production and ex-vessel prices
Nigeria,2008,135221009.63223737,USD (1),fis,FAO capture production and ex-vessel prices
Nigeria,2009,141659164.4348338,USD (1),fis,FAO capture production and ex-vessel prices
Nigeria,2010,134363472.84468725,USD (1),fis,FAO capture production and ex-vessel prices
Nigeria,2011,179748845.9977999,USD (1),fis,FAO capture production and ex-vessel prices
Nigeria,2012,233215825.4627421,USD (1),fis,FAO capture production and ex-vessel prices
Nigeria,2013,204729769.02141055,USD (1),fis,FAO capture production and ex-vessel prices
Nigeria,2014,239082837.8139832,USD (1),fis,FAO capture production and ex-vessel prices
Nigeria,2015,322728269.31989646,USD (1),fis,FAO capture production and ex-vessel prices
Nigeria,2016,202573743.1070056,USD (1),fis,FAO capture production and ex-vessel prices
Nigeria,2017,395376373.130575,USD (1),fis,FAO capture production and ex-vessel prices
Nigeria,2018,375761067.8647715,USD (1),fis,FAO capture production and ex-vessel prices
Nigeria,2019,340520463.72452635,USD (1),fis,FAO capture production and ex-vessel prices
Nigeria,2020,277063395.9258939,USD (1),fis,FAO capture production and ex-vessel prices
Nigeria,2021,291713093.938942,USD (1),fis,FAO capture production and ex-vessel prices
Nigeria,2022,434094358.4786829,USD (1),fis,FAO capture production and ex-vessel prices
Nigeria,2023,360407941.4447264,USD (1),fis,FAO capture production and ex-vessel prices
Niue,1976,0,USD (1),fis,FAO capture production and ex-vessel prices
Niue,1977,0,USD (1),fis,FAO capture production and ex-vessel prices
Niue,1978,0,USD (1),fis,FAO capture production and ex-vessel prices
Niue,1979,0,USD (1),fis,FAO capture production and ex-vessel prices
Niue,1980,0,USD (1),fis,FAO capture production and ex-vessel prices
Niue,1981,0,USD (1),fis,FAO capture production and ex-vessel prices
Niue,1982,0,USD (1),fis,FAO capture production and ex-vessel prices
Niue,1983,0,USD (1),fis,FAO capture production and ex-vessel prices
Niue,1984,0,USD (1),fis,FAO capture production and ex-vessel prices
Niue,1985,0,USD (1),fis,FAO capture production and ex-vessel prices
Niue,1986,0,USD (1),fis,FAO capture production and ex-vessel prices
Niue,1987,0,USD (1),fis,FAO capture production and ex-vessel prices
Niue,1988,0,USD (1),fis,FAO capture production and ex-vessel prices
Niue,1989,0,USD (1),fis,FAO capture production and ex-vessel prices
Niue,1990,0,USD (1),fis,FAO capture production and ex-vessel prices
Niue,1991,0,USD (1),fis,FAO capture production and ex-vessel prices
Niue,1992,0,USD (1),fis,FAO capture production and ex-vessel prices
Niue,1993,0,USD (1),fis,FAO capture production and ex-vessel prices
Niue,1994,0,USD (1),fis,FAO capture production and ex-vessel prices
Niue,1995,0,USD (1),fis,FAO capture production and ex-vessel prices
Niue,1996,0,USD (1),fis,FAO capture production and ex-vessel prices
Niue,1997,0,USD (1),fis,FAO capture production and ex-vessel prices
Niue,1998,0,USD (1),fis,FAO capture production and ex-vessel prices
Niue,1999,0,USD (1),fis,FAO capture production and ex-vessel prices
Niue,2000,0,USD (1),fis,FAO capture production and ex-vessel prices
Niue,2001,0,USD (1),fis,FAO capture production and ex-vessel prices
Niue,2002,0,USD (1),fis,FAO capture production and ex-vessel prices
Niue,2003,0,USD (1),fis,FAO capture production and ex-vessel prices
Niue,2004,6148.320088304712,USD (1),fis,FAO capture production and ex-vessel prices
Niue,2005,135598.05661879186,USD (1),fis,FAO capture production and ex-vessel prices
Niue,2006,387706.227079134,USD (1),fis,FAO capture production and ex-vessel prices
Niue,2007,414196.7215253781,USD (1),fis,FAO capture production and ex-vessel prices
Niue,2008,858492.3518099738,USD (1),fis,FAO capture production and ex-vessel prices
Niue,2009,412434.711788096,USD (1),fis,FAO capture production and ex-vessel prices
Niue,2010,213961.84084175283,USD (1),fis,FAO capture production and ex-vessel prices
Niue,2011,3530.209917153013,USD (1),fis,FAO capture production and ex-vessel prices
Niue,2012,6347.007932456502,USD (1),fis,FAO capture production and ex-vessel prices
Niue,2013,25566.771071894385,USD (1),fis,FAO capture production and ex-vessel prices
Niue,2014,21389.838850599805,USD (1),fis,FAO capture production and ex-vessel prices
Niue,2015,23526.468027356113,USD (1),fis,FAO capture production and ex-vessel prices
Niue,2016,25152.62875108523,USD (1),fis,FAO capture production and ex-vessel prices
Niue,2017,29548.426981553275,USD (1),fis,FAO capture production and ex-vessel prices
Niue,2018,28626.57809719474,USD (1),fis,FAO capture production and ex-vessel prices
Niue,2019,36016.08241493081,USD (1),fis,FAO capture production and ex-vessel prices
Niue,2020,34722.48802381514,USD (1),fis,FAO capture production and ex-vessel prices
Niue,2021,36634.30878587835,USD (1),fis,FAO capture production and ex-vessel prices
Niue,2022,39901.08842847276,USD (1),fis,FAO capture production and ex-vessel prices
Niue,2023,39099.40676503268,USD (1),fis,FAO capture production and ex-vessel prices
Norfolk Island,1976,0,USD (1),fis,FAO capture production and ex-vessel prices
Norfolk Island,1977,0,USD (1),fis,FAO capture production and ex-vessel prices
Norfolk Island,1978,0,USD (1),fis,FAO capture production and ex-vessel prices
Norfolk Island,1979,0,USD (1),fis,FAO capture production and ex-vessel prices
Norfolk Island,1980,0,USD (1),fis,FAO capture production and ex-vessel prices
Norfolk Island,1981,0,USD (1),fis,FAO capture production and ex-vessel prices
Norfolk Island,1982,0,USD (1),fis,FAO capture production and ex-vessel prices
Norfolk Island,1983,0,USD (1),fis,FAO capture production and ex-vessel prices
Norfolk Island,1984,0,USD (1),fis,FAO capture production and ex-vessel prices
Norfolk Island,1985,0,USD (1),fis,FAO capture production and ex-vessel prices
Norfolk Island,1986,0,USD (1),fis,FAO capture production and ex-vessel prices
Norfolk Island,1987,0,USD (1),fis,FAO capture production and ex-vessel prices
Norfolk Island,1988,0,USD (1),fis,FAO capture production and ex-vessel prices
Norfolk Island,1989,0,USD (1),fis,FAO capture production and ex-vessel prices
Norfolk Island,1990,0,USD (1),fis,FAO capture production and ex-vessel prices
Norfolk Island,1991,0,USD (1),fis,FAO capture production and ex-vessel prices
Norfolk Island,1992,0,USD (1),fis,FAO capture production and ex-vessel prices
Norfolk Island,1993,0,USD (1),fis,FAO capture production and ex-vessel prices
Norfolk Island,1994,0,USD (1),fis,FAO capture production and ex-vessel prices
Norfolk Island,1995,0,USD (1),fis,FAO capture production and ex-vessel prices
Norfolk Island,1996,0,USD (1),fis,FAO capture production and ex-vessel prices
Norfolk Island,1997,0,USD (1),fis,FAO capture production and ex-vessel prices
Norfolk Island,1998,0,USD (1),fis,FAO capture production and ex-vessel prices
Norfolk Island,1999,0,USD (1),fis,FAO capture production and ex-vessel prices
Norfolk Island,2000,0,USD (1),fis,FAO capture production and ex-vessel prices
Norfolk Island,2001,0,USD (1),fis,FAO capture production and ex-vessel prices
Norfolk Island,2002,0,USD (1),fis,FAO capture production and ex-vessel prices
Norfolk Island,2003,0,USD (1),fis,FAO capture production and ex-vessel prices
Norfolk Island,2004,0,USD (1),fis,FAO capture production and ex-vessel prices
Norfolk Island,2005,0,USD (1),fis,FAO capture production and ex-vessel prices
Norfolk Island,2006,0,USD (1),fis,FAO capture production and ex-vessel prices
Norfolk Island,2007,0,USD (1),fis,FAO capture production and ex-vessel prices
Norfolk Island,2008,0,USD (1),fis,FAO capture production and ex-vessel prices
Norfolk Island,2009,0,USD (1),fis,FAO capture production and ex-vessel prices
Norfolk Island,2010,0,USD (1),fis,FAO capture production and ex-vessel prices
Norfolk Island,2018,0,USD (1),fis,FAO capture production and ex-vessel prices
Norfolk Island,2019,0,USD (1),fis,FAO capture production and ex-vessel prices
Norfolk Island,2020,0,USD (1),fis,FAO capture production and ex-vessel prices
Norfolk Island,2021,0,USD (1),fis,FAO capture production and ex-vessel prices
Norfolk Island,2022,0,USD (1),fis,FAO capture production and ex-vessel prices
Norfolk Island,2023,0,USD (1),fis,FAO capture production and ex-vessel prices
Northern Mariana Islands,1976,52659.34556106258,USD (1),fis,FAO capture production and ex-vessel prices
Northern Mariana Islands,1977,65674.29253330384,USD (1),fis,FAO capture production and ex-vessel prices
Northern Mariana Islands,1978,62929.78373088548,USD (1),fis,FAO capture production and ex-vessel prices
Northern Mariana Islands,1979,70677.96002086213,USD (1),fis,FAO capture production and ex-vessel prices
Northern Mariana Islands,1980,77460.84260938117,USD (1),fis,FAO capture production and ex-vessel prices
Northern Mariana Islands,1981,56635.62867354744,USD (1),fis,FAO capture production and ex-vessel prices
Northern Mariana Islands,1982,44672.59316983205,USD (1),fis,FAO capture production and ex-vessel prices
Northern Mariana Islands,1983,124998.87199757528,USD (1),fis,FAO capture production and ex-vessel prices
Northern Mariana Islands,1984,166964.575080398,USD (1),fis,FAO capture production and ex-vessel prices
Northern Mariana Islands,1985,107856.41665831221,USD (1),fis,FAO capture production and ex-vessel prices
Northern Mariana Islands,1986,166057.33250093425,USD (1),fis,FAO capture production and ex-vessel prices
Northern Mariana Islands,1987,116470.79512299546,USD (1),fis,FAO capture production and ex-vessel prices
Northern Mariana Islands,1988,219344.4764474425,USD (1),fis,FAO capture production and ex-vessel prices
Northern Mariana Islands,1989,170176.41958071614,USD (1),fis,FAO capture production and ex-vessel prices
Northern Mariana Islands,1990,87794.30148049408,USD (1),fis,FAO capture production and ex-vessel prices
Northern Mariana Islands,1991,70253.70265767904,USD (1),fis,FAO capture production and ex-vessel prices
Northern Mariana Islands,1992,66255.27813380866,USD (1),fis,FAO capture production and ex-vessel prices
Northern Mariana Islands,1993,60847.89904768757,USD (1),fis,FAO capture production and ex-vessel prices
Northern Mariana Islands,1994,90770.12305937296,USD (1),fis,FAO capture production and ex-vessel prices
Northern Mariana Islands,1995,157117.94075666496,USD (1),fis,FAO capture production and ex-vessel prices
Northern Mariana Islands,1996,182311.9299180026,USD (1),fis,FAO capture production and ex-vessel prices
Northern Mariana Islands,1997,146411.77828298227,USD (1),fis,FAO capture production and ex-vessel prices
Northern Mariana Islands,1998,134321.28398260582,USD (1),fis,FAO capture production and ex-vessel prices
Northern Mariana Islands,1999,79231.01695268268,USD (1),fis,FAO capture production and ex-vessel prices
Northern Mariana Islands,2000,262269.62319139554,USD (1),fis,FAO capture production and ex-vessel prices
Northern Mariana Islands,2001,330744.20888616383,USD (1),fis,FAO capture production and ex-vessel prices
Northern Mariana Islands,2002,213180.73832092102,USD (1),fis,FAO capture production and ex-vessel prices
Northern Mariana Islands,2003,114351.30364514618,USD (1),fis,FAO capture production and ex-vessel prices
Northern Mariana Islands,2004,107407.05072378874,USD (1),fis,FAO capture production and ex-vessel prices
Northern Mariana Islands,2005,201526.8888253445,USD (1),fis,FAO capture production and ex-vessel prices
Northern Mariana Islands,2006,238284.06293634028,USD (1),fis,FAO capture production and ex-vessel prices
Northern Mariana Islands,2007,221430.68285418674,USD (1),fis,FAO capture production and ex-vessel prices
Northern Mariana Islands,2008,258208.9074900292,USD (1),fis,FAO capture production and ex-vessel prices
Northern Mariana Islands,2009,377205.7082150996,USD (1),fis,FAO capture production and ex-vessel prices
Northern Mariana Islands,2010,245545.5503760857,USD (1),fis,FAO capture production and ex-vessel prices
Northern Mariana Islands,2011,115532.40422427496,USD (1),fis,FAO capture production and ex-vessel prices
Northern Mariana Islands,2012,126959.94651598851,USD (1),fis,FAO capture production and ex-vessel prices
Northern Mariana Islands,2013,242707.16822368893,USD (1),fis,FAO capture production and ex-vessel prices
Northern Mariana Islands,2014,205040.5088560118,USD (1),fis,FAO capture production and ex-vessel prices
Northern Mariana Islands,2015,167853.6538906476,USD (1),fis,FAO capture production and ex-vessel prices
Northern Mariana Islands,2016,204377.74631325176,USD (1),fis,FAO capture production and ex-vessel prices
Northern Mariana Islands,2017,251538.63026236193,USD (1),fis,FAO capture production and ex-vessel prices
Northern Mariana Islands,2018,221967.49432201934,USD (1),fis,FAO capture production and ex-vessel prices
Northern Mariana Islands,2019,189687.31655323418,USD (1),fis,FAO capture production and ex-vessel prices
Northern Mariana Islands,2020,175541.639068132,USD (1),fis,FAO capture production and ex-vessel prices
Northern Mariana Islands,2021,383880.34685684665,USD (1),fis,FAO capture production and ex-vessel prices
Northern Mariana Islands,2022,401922.2684435557,USD (1),fis,FAO capture production and ex-vessel prices
Northern Mariana Islands,2023,162388.2274769025,USD (1),fis,FAO capture production and ex-vessel prices
Norway,1976,923717851.9646872,USD (1),fis,FAO capture production and ex-vessel prices
Norway,1977,1151894940.5535953,USD (1),fis,FAO capture production and ex-vessel prices
Norway,1978,992701102.9493464,USD (1),fis,FAO capture production and ex-vessel prices
Norway,1979,1078082247.6953058,USD (1),fis,FAO capture production and ex-vessel prices
Norway,1980,1126213639.503075,USD (1),fis,FAO capture production and ex-vessel prices
Norway,1981,1224483805.1012516,USD (1),fis,FAO capture production and ex-vessel prices
Norway,1982,1246016860.0159554,USD (1),fis,FAO capture production and ex-vessel prices
Norway,1983,1560628764.6187096,USD (1),fis,FAO capture production and ex-vessel prices
Norway,1984,1038445987.4059685,USD (1),fis,FAO capture production and ex-vessel prices
Norway,1985,1010833625.6644906,USD (1),fis,FAO capture production and ex-vessel prices
Norway,1986,1060037874.7654151,USD (1),fis,FAO capture production and ex-vessel prices
Norway,1987,1091164393.2144306,USD (1),fis,FAO capture production and ex-vessel prices
Norway,1988,876667504.2169435,USD (1),fis,FAO capture production and ex-vessel prices
Norway,1989,949951442.3972934,USD (1),fis,FAO capture production and ex-vessel prices
Norway,1990,1031024869.5111097,USD (1),fis,FAO capture production and ex-vessel prices
Norway,1991,1343794457.7275262,USD (1),fis,FAO capture production and ex-vessel prices
Norway,1992,1432121866.783271,USD (1),fis,FAO capture production and ex-vessel prices
Norway,1993,1363170046.3858535,USD (1),fis,FAO capture production and ex-vessel prices
Norway,1994,1450665139.518159,USD (1),fis,FAO capture production and ex-vessel prices
Norway,1995,1448085058.3702168,USD (1),fis,FAO capture production and ex-vessel prices
Norway,1996,1534977595.552286,USD (1),fis,FAO capture production and ex-vessel prices
Norway,1997,1427329307.5123236,USD (1),fis,FAO capture production and ex-vessel prices
Norway,1998,1347931568.416221,USD (1),fis,FAO capture production and ex-vessel prices
Norway,1999,1164867805.6748242,USD (1),fis,FAO capture production and ex-vessel prices
Norway,2000,1227540536.6238034,USD (1),fis,FAO capture production and ex-vessel prices
Norway,2001,1301743377.7037084,USD (1),fis,FAO capture production and ex-vessel prices
Norway,2002,1411953407.3712091,USD (1),fis,FAO capture production and ex-vessel prices
Norway,2003,1296975177.4294,USD (1),fis,FAO capture production and ex-vessel prices
Norway,2004,1324477375.8627539,USD (1),fis,FAO capture production and ex-vessel prices
Norway,2005,1427759208.6110983,USD (1),fis,FAO capture production and ex-vessel prices
Norway,2006,1504700800.2375789,USD (1),fis,FAO capture production and ex-vessel prices
Norway,2007,1718414497.2751,USD (1),fis,FAO capture production and ex-vessel prices
Norway,2008,1918814718.031393,USD (1),fis,FAO capture production and ex-vessel prices
Norway,2009,1945383500.3777328,USD (1),fis,FAO capture production and ex-vessel prices
Norway,2010,2580269215.9276705,USD (1),fis,FAO capture production and ex-vessel prices
Norway,2011,2996895907.0387306,USD (1),fis,FAO capture production and ex-vessel prices
Norway,2012,2782560806.191701,USD (1),fis,FAO capture production and ex-vessel prices
Norway,2013,2369787593.9844623,USD (1),fis,FAO capture production and ex-vessel prices
Norway,2014,2536129072.8925886,USD (1),fis,FAO capture production and ex-vessel prices
Norway,2015,2352507650.8755355,USD (1),fis,FAO capture production and ex-vessel prices
Norway,2016,2589444656.3007154,USD (1),fis,FAO capture production and ex-vessel prices
Norway,2017,2898964627.35559,USD (1),fis,FAO capture production and ex-vessel prices
Norway,2018,3218236939.777345,USD (1),fis,FAO capture production and ex-vessel prices
Norway,2019,3116532069.9529243,USD (1),fis,FAO capture production and ex-vessel prices
Norway,2020,2742144595.008187,USD (1),fis,FAO capture production and ex-vessel prices
Norway,2021,3069463863.0543623,USD (1),fis,FAO capture production and ex-vessel prices
Norway,2022,3409173703.756418,USD (1),fis,FAO capture production and ex-vessel prices
Norway,2023,3276476043.8965597,USD (1),fis,FAO capture production and ex-vessel prices
Oman,1976,0,USD (1),fis,FAO capture production and ex-vessel prices
Oman,1977,0,USD (1),fis,FAO capture production and ex-vessel prices
Oman,1978,0,USD (1),fis,FAO capture production and ex-vessel prices
Oman,1979,0,USD (1),fis,FAO capture production and ex-vessel prices
Oman,1980,0,USD (1),fis,FAO capture production and ex-vessel prices
Oman,1981,0,USD (1),fis,FAO capture production and ex-vessel prices
Oman,1982,0,USD (1),fis,FAO capture production and ex-vessel prices
Oman,1983,0,USD (1),fis,FAO capture production and ex-vessel prices
Oman,1984,0,USD (1),fis,FAO capture production and ex-vessel prices
Oman,1985,29981941.136240065,USD (1),fis,FAO capture production and ex-vessel prices
Oman,1986,24143326.974828355,USD (1),fis,FAO capture production and ex-vessel prices
Oman,1987,47042871.423265055,USD (1),fis,FAO capture production and ex-vessel prices
Oman,1988,63151997.280776136,USD (1),fis,FAO capture production and ex-vessel prices
Oman,1989,42335552.52486247,USD (1),fis,FAO capture production and ex-vessel prices
Oman,1990,37395601.612800464,USD (1),fis,FAO capture production and ex-vessel prices
Oman,1991,17737358.88787374,USD (1),fis,FAO capture production and ex-vessel prices
Oman,1992,27070893.98923619,USD (1),fis,FAO capture production and ex-vessel prices
Oman,1993,43174336.704251006,USD (1),fis,FAO capture production and ex-vessel prices
Oman,1994,50223265.72477108,USD (1),fis,FAO capture production and ex-vessel prices
Oman,1995,72317970.19070658,USD (1),fis,FAO capture production and ex-vessel prices
Oman,1996,62535780.50144718,USD (1),fis,FAO capture production and ex-vessel prices
Oman,1997,46062377.09972747,USD (1),fis,FAO capture production and ex-vessel prices
Oman,1998,36513587.178827554,USD (1),fis,FAO capture production and ex-vessel prices
Oman,1999,30963415.671877656,USD (1),fis,FAO capture production and ex-vessel prices
Oman,2000,36088009.641719915,USD (1),fis,FAO capture production and ex-vessel prices
Oman,2001,35825968.69304568,USD (1),fis,FAO capture production and ex-vessel prices
Oman,2002,32706898.42069139,USD (1),fis,FAO capture production and ex-vessel prices
Oman,2003,49127174.52380814,USD (1),fis,FAO capture production and ex-vessel prices
Oman,2004,59879022.58790748,USD (1),fis,FAO capture production and ex-vessel prices
Oman,2005,59400544.20343622,USD (1),fis,FAO capture production and ex-vessel prices
Oman,2006,55366471.84290769,USD (1),fis,FAO capture production and ex-vessel prices
Oman,2007,61563171.705767,USD (1),fis,FAO capture production and ex-vessel prices
Oman,2008,77259381.82631071,USD (1),fis,FAO capture production and ex-vessel prices
Oman,2009,78162991.29795489,USD (1),fis,FAO capture production and ex-vessel prices
Oman,2010,67460117.32257968,USD (1),fis,FAO capture production and ex-vessel prices
Oman,2011,53251976.42195089,USD (1),fis,FAO capture production and ex-vessel prices
Oman,2012,79977272.69337521,USD (1),fis,FAO capture production and ex-vessel prices
Oman,2013,101478625.46384524,USD (1),fis,FAO capture production and ex-vessel prices
Oman,2014,97758357.38582858,USD (1),fis,FAO capture production and ex-vessel prices
Oman,2015,122837313.23750283,USD (1),fis,FAO capture production and ex-vessel prices
Oman,2016,156337313.55469477,USD (1),fis,FAO capture production and ex-vessel prices
Oman,2017,214938341.8278127,USD (1),fis,FAO capture production and ex-vessel prices
Oman,2018,320416840.5785666,USD (1),fis,FAO capture production and ex-vessel prices
Oman,2019,323719285.3494418,USD (1),fis,FAO capture production and ex-vessel prices
Oman,2020,372346993.2936858,USD (1),fis,FAO capture production and ex-vessel prices
Oman,2021,410063069.638067,USD (1),fis,FAO capture production and ex-vessel prices
Oman,2022,378655271.4844311,USD (1),fis,FAO capture production and ex-vessel prices
Oman,2023,334258774.4408207,USD (1),fis,FAO capture production and ex-vessel prices
Other NEI,1976,7510701.49559107,USD (1),fis,FAO capture production and ex-vessel prices
Other NEI,1977,8492756.208259996,USD (1),fis,FAO capture production and ex-vessel prices
Other NEI,1978,19790177.6436533,USD (1),fis,FAO capture production and ex-vessel prices
Other NEI,1979,38847982.496211104,USD (1),fis,FAO capture production and ex-vessel prices
Other NEI,1980,55958864.75472687,USD (1),fis,FAO capture production and ex-vessel prices
Other NEI,1981,19270054.14351229,USD (1),fis,FAO capture production and ex-vessel prices
Other NEI,1982,13161268.2707554,USD (1),fis,FAO capture production and ex-vessel prices
Other NEI,1983,18651770.843947805,USD (1),fis,FAO capture production and ex-vessel prices
Other NEI,1984,24000432.425284237,USD (1),fis,FAO capture production and ex-vessel prices
Other NEI,1985,23498214.999693945,USD (1),fis,FAO capture production and ex-vessel prices
Other NEI,1986,24602599.204955332,USD (1),fis,FAO capture production and ex-vessel prices
Other NEI,1987,36035914.82646966,USD (1),fis,FAO capture production and ex-vessel prices
Other NEI,1988,65879675.10358572,USD (1),fis,FAO capture production and ex-vessel prices
Other NEI,1989,71380699.60233378,USD (1),fis,FAO capture production and ex-vessel prices
Other NEI,1990,100609198.16928916,USD (1),fis,FAO capture production and ex-vessel prices
Other NEI,1991,118616198.087668,USD (1),fis,FAO capture production and ex-vessel prices
Other NEI,1992,126816193.84233858,USD (1),fis,FAO capture production and ex-vessel prices
Other NEI,1993,241798654.52692062,USD (1),fis,FAO capture production and ex-vessel prices
Other NEI,1994,249346340.5455679,USD (1),fis,FAO capture production and ex-vessel prices
Other NEI,1995,263149636.4772052,USD (1),fis,FAO capture production and ex-vessel prices
Other NEI,1996,285438449.07638735,USD (1),fis,FAO capture production and ex-vessel prices
Other NEI,1997,257021562.44598287,USD (1),fis,FAO capture production and ex-vessel prices
Other NEI,1998,285786177.4275139,USD (1),fis,FAO capture production and ex-vessel prices
Other NEI,1999,363047427.8199139,USD (1),fis,FAO capture production and ex-vessel prices
Other NEI,2000,315327221.4663481,USD (1),fis,FAO capture production and ex-vessel prices
Other NEI,2001,226739674.59389278,USD (1),fis,FAO capture production and ex-vessel prices
Other NEI,2002,235305072.49253845,USD (1),fis,FAO capture production and ex-vessel prices
Other NEI,2003,204217774.80206499,USD (1),fis,FAO capture production and ex-vessel prices
Other NEI,2004,130473135.6394377,USD (1),fis,FAO capture production and ex-vessel prices
Other NEI,2005,62665741.72178332,USD (1),fis,FAO capture production and ex-vessel prices
Other NEI,2006,37403184.00420189,USD (1),fis,FAO capture production and ex-vessel prices
Other NEI,2007,27969279.062812034,USD (1),fis,FAO capture production and ex-vessel prices
Other NEI,2008,51468471.855809815,USD (1),fis,FAO capture production and ex-vessel prices
Other NEI,2009,69482807.96058409,USD (1),fis,FAO capture production and ex-vessel prices
Other NEI,2010,41595554.95557229,USD (1),fis,FAO capture production and ex-vessel prices
Other NEI,2011,23567999.85734607,USD (1),fis,FAO capture production and ex-vessel prices
Other NEI,2012,25329324.720295675,USD (1),fis,FAO capture production and ex-vessel prices
Other NEI,2013,22533495.03827503,USD (1),fis,FAO capture production and ex-vessel prices
Other NEI,2014,16762614.893812306,USD (1),fis,FAO capture production and ex-vessel prices
Other NEI,2015,40353349.88602477,USD (1),fis,FAO capture production and ex-vessel prices
Other NEI,2016,46143921.727102384,USD (1),fis,FAO capture production and ex-vessel prices
Other NEI,2017,24576841.265898537,USD (1),fis,FAO capture production and ex-vessel prices
Other NEI,2018,27959225.797441773,USD (1),fis,FAO capture production and ex-vessel prices
Other NEI,2019,23821258.994974256,USD (1),fis,FAO capture production and ex-vessel prices
Other NEI,2020,26028739.134384044,USD (1),fis,FAO capture production and ex-vessel prices
Other NEI,2021,15750.986791524872,USD (1),fis,FAO capture production and ex-vessel prices
Other NEI,2022,18830.833381725995,USD (1),fis,FAO capture production and ex-vessel prices
Other NEI,2023,16217973.17789547,USD (1),fis,FAO capture production and ex-vessel prices
Pakistan,1976,28273428.443952903,USD (1),fis,FAO capture production and ex-vessel prices
Pakistan,1977,36471182.08601667,USD (1),fis,FAO capture production and ex-vessel prices
Pakistan,1978,45774471.948330976,USD (1),fis,FAO capture production and ex-vessel prices
Pakistan,1979,63279444.63257757,USD (1),fis,FAO capture production and ex-vessel prices
Pakistan,1980,48657554.74377061,USD (1),fis,FAO capture production and ex-vessel prices
Pakistan,1981,66947476.22466283,USD (1),fis,FAO capture production and ex-vessel prices
Pakistan,1982,72354947.17860265,USD (1),fis,FAO capture production and ex-vessel prices
Pakistan,1983,24802056.210477363,USD (1),fis,FAO capture production and ex-vessel prices
Pakistan,1984,30322012.672715873,USD (1),fis,FAO capture production and ex-vessel prices
Pakistan,1985,36338705.04201803,USD (1),fis,FAO capture production and ex-vessel prices
Pakistan,1986,41535517.40009743,USD (1),fis,FAO capture production and ex-vessel prices
Pakistan,1987,43872928.46409385,USD (1),fis,FAO capture production and ex-vessel prices
Pakistan,1988,63454242.54854105,USD (1),fis,FAO capture production and ex-vessel prices
Pakistan,1989,57189029.353171,USD (1),fis,FAO capture production and ex-vessel prices
Pakistan,1990,74804692.55177505,USD (1),fis,FAO capture production and ex-vessel prices
Pakistan,1991,85433895.5224623,USD (1),fis,FAO capture production and ex-vessel prices
Pakistan,1992,111539274.68057066,USD (1),fis,FAO capture production and ex-vessel prices
Pakistan,1993,143339262.90443048,USD (1),fis,FAO capture production and ex-vessel prices
Pakistan,1994,104368563.52760924,USD (1),fis,FAO capture production and ex-vessel prices
Pakistan,1995,127959770.14302151,USD (1),fis,FAO capture production and ex-vessel prices
Pakistan,1996,98109462.99994111,USD (1),fis,FAO capture production and ex-vessel prices
Pakistan,1997,92105193.94670239,USD (1),fis,FAO capture production and ex-vessel prices
Pakistan,1998,79177257.6844382,USD (1),fis,FAO capture production and ex-vessel prices
Pakistan,1999,104002689.82197303,USD (1),fis,FAO capture production and ex-vessel prices
Pakistan,2000,90176925.42984343,USD (1),fis,FAO capture production and ex-vessel prices
Pakistan,2001,92377920.0579515,USD (1),fis,FAO capture production and ex-vessel prices
Pakistan,2002,96497369.3279595,USD (1),fis,FAO capture production and ex-vessel prices
Pakistan,2003,95058754.12981324,USD (1),fis,FAO capture production and ex-vessel prices
Pakistan,2004,124756140.39285718,USD (1),fis,FAO capture production and ex-vessel prices
Pakistan,2005,122682714.61960174,USD (1),fis,FAO capture production and ex-vessel prices
Pakistan,2006,133981990.75062147,USD (1),fis,FAO capture production and ex-vessel prices
Pakistan,2007,132077353.9395716,USD (1),fis,FAO capture production and ex-vessel prices
Pakistan,2008,195978696.43050402,USD (1),fis,FAO capture production and ex-vessel prices
Pakistan,2009,188830637.55478832,USD (1),fis,FAO capture production and ex-vessel prices
Pakistan,2010,189774435.38138166,USD (1),fis,FAO capture production and ex-vessel prices
Pakistan,2011,149640589.8648556,USD (1),fis,FAO capture production and ex-vessel prices
Pakistan,2012,163683810.64406362,USD (1),fis,FAO capture production and ex-vessel prices
Pakistan,2013,205351087.5158686,USD (1),fis,FAO capture production and ex-vessel prices
Pakistan,2014,189836756.63610846,USD (1),fis,FAO capture production and ex-vessel prices
Pakistan,2015,217539174.4174976,USD (1),fis,FAO capture production and ex-vessel prices
Pakistan,2016,268148799.60641444,USD (1),fis,FAO capture production and ex-vessel prices
Pakistan,2017,312950836.6887006,USD (1),fis,FAO capture production and ex-vessel prices
Pakistan,2018,239426578.42660797,USD (1),fis,FAO capture production and ex-vessel prices
Pakistan,2019,210197483.2241071,USD (1),fis,FAO capture production and ex-vessel prices
Pakistan,2020,193395144.35790908,USD (1),fis,FAO capture production and ex-vessel prices
Pakistan,2021,206741016.75892186,USD (1),fis,FAO capture production and ex-vessel prices
Pakistan,2022,227723642.26261014,USD (1),fis,FAO capture production and ex-vessel prices
Pakistan,2023,218623872.86560816,USD (1),fis,FAO capture production and ex-vessel prices
Palau,1976,5287243.437305796,USD (1),fis,FAO capture production and ex-vessel prices
Palau,1977,4918044.425248695,USD (1),fis,FAO capture production and ex-vessel prices
Palau,1978,11969875.7336776,USD (1),fis,FAO capture production and ex-vessel prices
Palau,1979,8552655.88232373,USD (1),fis,FAO capture production and ex-vessel prices
Palau,1980,12239305.229581513,USD (1),fis,FAO capture production and ex-vessel prices
Palau,1981,15494467.876698656,USD (1),fis,FAO capture production and ex-vessel prices
Palau,1982,5497103.784566122,USD (1),fis,FAO capture production and ex-vessel prices
Palau,1983,104873.82910540083,USD (1),fis,FAO capture production and ex-vessel prices
Palau,1984,38452.728384705326,USD (1),fis,FAO capture production and ex-vessel prices
Palau,1985,114431.49910223472,USD (1),fis,FAO capture production and ex-vessel prices
Palau,1986,166606.81246389533,USD (1),fis,FAO capture production and ex-vessel prices
Palau,1987,224624.14577613652,USD (1),fis,FAO capture production and ex-vessel prices
Palau,1988,238688.5038277139,USD (1),fis,FAO capture production and ex-vessel prices
Palau,1989,103331.66609392544,USD (1),fis,FAO capture production and ex-vessel prices
Palau,1990,103832.7046885529,USD (1),fis,FAO capture production and ex-vessel prices
Palau,1991,9619.34197508317,USD (1),fis,FAO capture production and ex-vessel prices
Palau,1992,331426.7430267965,USD (1),fis,FAO capture production and ex-vessel prices
Palau,1993,265437.96541570034,USD (1),fis,FAO capture production and ex-vessel prices
Palau,1994,207023.6566871288,USD (1),fis,FAO capture production and ex-vessel prices
Palau,1995,15621.784107781228,USD (1),fis,FAO capture production and ex-vessel prices
Palau,1996,14269.758399154944,USD (1),fis,FAO capture production and ex-vessel prices
Palau,1997,27077.597187156443,USD (1),fis,FAO capture production and ex-vessel prices
Palau,1998,14564.623198921736,USD (1),fis,FAO capture production and ex-vessel prices
Palau,1999,26212.890301962743,USD (1),fis,FAO capture production and ex-vessel prices
Palau,2000,339354.47656726337,USD (1),fis,FAO capture production and ex-vessel prices
Palau,2001,136419.4020585964,USD (1),fis,FAO capture production and ex-vessel prices
Palau,2002,21090.644318325547,USD (1),fis,FAO capture production and ex-vessel prices
Palau,2003,94485.2261608663,USD (1),fis,FAO capture production and ex-vessel prices
Palau,2004,129737.2518043504,USD (1),fis,FAO capture production and ex-vessel prices
Palau,2005,45679.310022124606,USD (1),fis,FAO capture production and ex-vessel prices
Palau,2006,11926.36645472224,USD (1),fis,FAO capture production and ex-vessel prices
Palau,2007,78465.6441147119,USD (1),fis,FAO capture production and ex-vessel prices
Palau,2008,43413.897453772384,USD (1),fis,FAO capture production and ex-vessel prices
Palau,2009,339077.5623873895,USD (1),fis,FAO capture production and ex-vessel prices
Palau,2010,16971.634414028016,USD (1),fis,FAO capture production and ex-vessel prices
Palau,2011,5187.931819367423,USD (1),fis,FAO capture production and ex-vessel prices
Palau,2012,5144.601880484555,USD (1),fis,FAO capture production and ex-vessel prices
Palau,2013,5245.627300594678,USD (1),fis,FAO capture production and ex-vessel prices
Palau,2014,5923.868491619955,USD (1),fis,FAO capture production and ex-vessel prices
Palau,2015,818.1048628642629,USD (1),fis,FAO capture production and ex-vessel prices
Palau,2016,836.6281946572861,USD (1),fis,FAO capture production and ex-vessel prices
Palau,2017,4887648.750663369,USD (1),fis,FAO capture production and ex-vessel prices
Palau,2018,5168653.379546289,USD (1),fis,FAO capture production and ex-vessel prices
Palau,2019,5314787.075647334,USD (1),fis,FAO capture production and ex-vessel prices
Palau,2020,1832.055000210552,USD (1),fis,FAO capture production and ex-vessel prices
Palau,2021,64426.25534379631,USD (1),fis,FAO capture production and ex-vessel prices
Palau,2022,56025.08245451319,USD (1),fis,FAO capture production and ex-vessel prices
Palau,2023,57986.46251857345,USD (1),fis,FAO capture production and ex-vessel prices
Palestine,1995,0,USD (1),fis,FAO capture production and ex-vessel prices
Palestine,1996,532674.0961569689,USD (1),fis,FAO capture production and ex-vessel prices
Palestine,1997,638764.1849553396,USD (1),fis,FAO capture production and ex-vessel prices
Palestine,1998,1194373.816033418,USD (1),fis,FAO capture production and ex-vessel prices
Palestine,1999,1133263.9919171697,USD (1),fis,FAO capture production and ex-vessel prices
Palestine,2000,619783.4394800632,USD (1),fis,FAO capture production and ex-vessel prices
Palestine,2001,433004.7461332625,USD (1),fis,FAO capture production and ex-vessel prices
Palestine,2002,465154.22603564966,USD (1),fis,FAO capture production and ex-vessel prices
Palestine,2003,314334.72187384183,USD (1),fis,FAO capture production and ex-vessel prices
Palestine,2004,310238.56226690393,USD (1),fis,FAO capture production and ex-vessel prices
Palestine,2005,447781.14966172026,USD (1),fis,FAO capture production and ex-vessel prices
Palestine,2006,242746.78147531906,USD (1),fis,FAO capture production and ex-vessel prices
Palestine,2007,366367.46595770615,USD (1),fis,FAO capture production and ex-vessel prices
Palestine,2008,368970.3121093265,USD (1),fis,FAO capture production and ex-vessel prices
Palestine,2009,617934.7336115872,USD (1),fis,FAO capture production and ex-vessel prices
Palestine,2010,482986.76292644226,USD (1),fis,FAO capture production and ex-vessel prices
Palestine,2011,221763.39572036182,USD (1),fis,FAO capture production and ex-vessel prices
Palestine,2012,264615.4680872424,USD (1),fis,FAO capture production and ex-vessel prices
Palestine,2013,357029.1039080958,USD (1),fis,FAO capture production and ex-vessel prices
Palestine,2014,450680.6824314918,USD (1),fis,FAO capture production and ex-vessel prices
Palestine,2015,1332778.1233463516,USD (1),fis,FAO capture production and ex-vessel prices
Palestine,2016,718809.9194505193,USD (1),fis,FAO capture production and ex-vessel prices
Palestine,2017,1625377.8040375079,USD (1),fis,FAO capture production and ex-vessel prices
Palestine,2018,960495.2351551544,USD (1),fis,FAO capture production and ex-vessel prices
Palestine,2019,1259264.9399352232,USD (1),fis,FAO capture production and ex-vessel prices
Palestine,2020,1716849.7002462442,USD (1),fis,FAO capture production and ex-vessel prices
Palestine,2021,989571.9378840012,USD (1),fis,FAO capture production and ex-vessel prices
Palestine,2022,1076553.4574036878,USD (1),fis,FAO capture production and ex-vessel prices
Palestine,2023,761882.5363099992,USD (1),fis,FAO capture production and ex-vessel prices
Panama,1976,98260934.71904676,USD (1),fis,FAO capture production and ex-vessel prices
Panama,1977,170940284.8538064,USD (1),fis,FAO capture production and ex-vessel prices
Panama,1978,118114101.89070658,USD (1),fis,FAO capture production and ex-vessel prices
Panama,1979,137125621.67694485,USD (1),fis,FAO capture production and ex-vessel prices
Panama,1980,219798532.6502441,USD (1),fis,FAO capture production and ex-vessel prices
Panama,1981,118743985.1684307,USD (1),fis,FAO capture production and ex-vessel prices
Panama,1982,90765241.0776082,USD (1),fis,FAO capture production and ex-vessel prices
Panama,1983,125586052.89757766,USD (1),fis,FAO capture production and ex-vessel prices
Panama,1984,104339708.11906408,USD (1),fis,FAO capture production and ex-vessel prices
Panama,1985,248008866.0097531,USD (1),fis,FAO capture production and ex-vessel prices
Panama,1986,149428727.5871144,USD (1),fis,FAO capture production and ex-vessel prices
Panama,1987,145846834.48080698,USD (1),fis,FAO capture production and ex-vessel prices
Panama,1988,83502648.96305859,USD (1),fis,FAO capture production and ex-vessel prices
Panama,1989,197570332.73682177,USD (1),fis,FAO capture production and ex-vessel prices
Panama,1990,120868746.94337705,USD (1),fis,FAO capture production and ex-vessel prices
Panama,1991,159245452.04834446,USD (1),fis,FAO capture production and ex-vessel prices
Panama,1992,172657337.06407237,USD (1),fis,FAO capture production and ex-vessel prices
Panama,1993,206101472.59299025,USD (1),fis,FAO capture production and ex-vessel prices
Panama,1994,190345786.11351576,USD (1),fis,FAO capture production and ex-vessel prices
Panama,1995,221619539.56092685,USD (1),fis,FAO capture production and ex-vessel prices
Panama,1996,149077127.38813755,USD (1),fis,FAO capture production and ex-vessel prices
Panama,1997,124604041.9427966,USD (1),fis,FAO capture production and ex-vessel prices
Panama,1998,153212547.37949848,USD (1),fis,FAO capture production and ex-vessel prices
Panama,1999,77528903.91881412,USD (1),fis,FAO capture production and ex-vessel prices
Panama,2000,173449971.03811416,USD (1),fis,FAO capture production and ex-vessel prices
Panama,2001,184718441.61081684,USD (1),fis,FAO capture production and ex-vessel prices
Panama,2002,148598910.69263363,USD (1),fis,FAO capture production and ex-vessel prices
Panama,2003,158259149.88395756,USD (1),fis,FAO capture production and ex-vessel prices
Panama,2004,164724214.07887724,USD (1),fis,FAO capture production and ex-vessel prices
Panama,2005,211811013.82339638,USD (1),fis,FAO capture production and ex-vessel prices
Panama,2006,254619279.19907653,USD (1),fis,FAO capture production and ex-vessel prices
Panama,2007,250472791.33722237,USD (1),fis,FAO capture production and ex-vessel prices
Panama,2008,359786974.17775005,USD (1),fis,FAO capture production and ex-vessel prices
Panama,2009,374763856.43730676,USD (1),fis,FAO capture production and ex-vessel prices
Panama,2010,233606307.83342195,USD (1),fis,FAO capture production and ex-vessel prices
Panama,2011,204289100.54761487,USD (1),fis,FAO capture production and ex-vessel prices
Panama,2012,242162699.10911685,USD (1),fis,FAO capture production and ex-vessel prices
Panama,2013,338871297.0799225,USD (1),fis,FAO capture production and ex-vessel prices
Panama,2014,307816942.4365259,USD (1),fis,FAO capture production and ex-vessel prices
Panama,2015,241864863.02526462,USD (1),fis,FAO capture production and ex-vessel prices
Panama,2016,289764772.1055859,USD (1),fis,FAO capture production and ex-vessel prices
Panama,2017,335905097.39744806,USD (1),fis,FAO capture production and ex-vessel prices
Panama,2018,352599948.8193318,USD (1),fis,FAO capture production and ex-vessel prices
Panama,2019,560667424.8264486,USD (1),fis,FAO capture production and ex-vessel prices
Panama,2020,340430174.8816075,USD (1),fis,FAO capture production and ex-vessel prices
Panama,2021,353616898.1061032,USD (1),fis,FAO capture production and ex-vessel prices
Panama,2022,340814064.0965205,USD (1),fis,FAO capture production and ex-vessel prices
Panama,2023,397256053.1339241,USD (1),fis,FAO capture production and ex-vessel prices
Papua New Guinea,1976,30055423.900521953,USD (1),fis,FAO capture production and ex-vessel prices
Papua New Guinea,1977,32223414.63556932,USD (1),fis,FAO capture production and ex-vessel prices
Papua New Guinea,1978,62701084.677348085,USD (1),fis,FAO capture production and ex-vessel prices
Papua New Guinea,1979,41469302.56569212,USD (1),fis,FAO capture production and ex-vessel prices
Papua New Guinea,1980,70215429.63629955,USD (1),fis,FAO capture production and ex-vessel prices
Papua New Guinea,1981,59847521.94007842,USD (1),fis,FAO capture production and ex-vessel prices
Papua New Guinea,1982,5304776.02944574,USD (1),fis,FAO capture production and ex-vessel prices
Papua New Guinea,1983,3188861.781681734,USD (1),fis,FAO capture production and ex-vessel prices
Papua New Guinea,1984,5969701.313044249,USD (1),fis,FAO capture production and ex-vessel prices
Papua New Guinea,1985,17128514.731982738,USD (1),fis,FAO capture production and ex-vessel prices
Papua New Guinea,1986,7574015.5608946355,USD (1),fis,FAO capture production and ex-vessel prices
Papua New Guinea,1987,2523364.361298075,USD (1),fis,FAO capture production and ex-vessel prices
Papua New Guinea,1988,2028107.7271584996,USD (1),fis,FAO capture production and ex-vessel prices
Papua New Guinea,1989,6540408.672373575,USD (1),fis,FAO capture production and ex-vessel prices
Papua New Guinea,1990,5171867.433208619,USD (1),fis,FAO capture production and ex-vessel prices
Papua New Guinea,1991,6098700.359748017,USD (1),fis,FAO capture production and ex-vessel prices
Papua New Guinea,1992,5012294.914336568,USD (1),fis,FAO capture production and ex-vessel prices
Papua New Guinea,1993,6118491.34893473,USD (1),fis,FAO capture production and ex-vessel prices
Papua New Guinea,1994,7020127.781243337,USD (1),fis,FAO capture production and ex-vessel prices
Papua New Guinea,1995,23151016.016780213,USD (1),fis,FAO capture production and ex-vessel prices
Papua New Guinea,1996,17719807.85488121,USD (1),fis,FAO capture production and ex-vessel prices
Papua New Guinea,1997,31337379.593169775,USD (1),fis,FAO capture production and ex-vessel prices
Papua New Guinea,1998,73664653.09532271,USD (1),fis,FAO capture production and ex-vessel prices
Papua New Guinea,1999,53424648.289966054,USD (1),fis,FAO capture production and ex-vessel prices
Papua New Guinea,2000,90130311.06567505,USD (1),fis,FAO capture production and ex-vessel prices
Papua New Guinea,2001,118076032.63413203,USD (1),fis,FAO capture production and ex-vessel prices
Papua New Guinea,2002,146438295.73433292,USD (1),fis,FAO capture production and ex-vessel prices
Papua New Guinea,2003,185483272.59484515,USD (1),fis,FAO capture production and ex-vessel prices
Papua New Guinea,2004,252131790.54297146,USD (1),fis,FAO capture production and ex-vessel prices
Papua New Guinea,2005,324768408.22922665,USD (1),fis,FAO capture production and ex-vessel prices
Papua New Guinea,2006,360095378.8679567,USD (1),fis,FAO capture production and ex-vessel prices
Papua New Guinea,2007,359101771.26264113,USD (1),fis,FAO capture production and ex-vessel prices
Papua New Guinea,2008,538862273.2586299,USD (1),fis,FAO capture production and ex-vessel prices
Papua New Guinea,2009,597259210.5981135,USD (1),fis,FAO capture production and ex-vessel prices
Papua New Guinea,2010,536396293.36772907,USD (1),fis,FAO capture production and ex-vessel prices
Papua New Guinea,2011,227223247.9529163,USD (1),fis,FAO capture production and ex-vessel prices
Papua New Guinea,2012,330934754.6453843,USD (1),fis,FAO capture production and ex-vessel prices
Papua New Guinea,2013,394716815.58838683,USD (1),fis,FAO capture production and ex-vessel prices
Papua New Guinea,2014,365640376.426931,USD (1),fis,FAO capture production and ex-vessel prices
Papua New Guinea,2015,341965896.18281955,USD (1),fis,FAO capture production and ex-vessel prices
Papua New Guinea,2016,493492591.55346113,USD (1),fis,FAO capture production and ex-vessel prices
Papua New Guinea,2017,592378827.3821123,USD (1),fis,FAO capture production and ex-vessel prices
Papua New Guinea,2018,602192341.8795794,USD (1),fis,FAO capture production and ex-vessel prices
Papua New Guinea,2019,479020729.596993,USD (1),fis,FAO capture production and ex-vessel prices
Papua New Guinea,2020,352732196.6410963,USD (1),fis,FAO capture production and ex-vessel prices
Papua New Guinea,2021,323069853.8587855,USD (1),fis,FAO capture production and ex-vessel prices
Papua New Guinea,2022,445069105.6357275,USD (1),fis,FAO capture production and ex-vessel prices
Papua New Guinea,2023,396121183.8514669,USD (1),fis,FAO capture production and ex-vessel prices
Peru,1976,2449185728.8888893,USD (1),fis,FAO capture production and ex-vessel prices
Peru,1977,868445556.4735491,USD (1),fis,FAO capture production and ex-vessel prices
Peru,1978,1473062218.046571,USD (1),fis,FAO capture production and ex-vessel prices
Peru,1979,1330472794.0605507,USD (1),fis,FAO capture production and ex-vessel prices
Peru,1980,940285122.0533079,USD (1),fis,FAO capture production and ex-vessel prices
Peru,1981,1347794430.3545196,USD (1),fis,FAO capture production and ex-vessel prices
Peru,1982,1666471810.933036,USD (1),fis,FAO capture production and ex-vessel prices
Peru,1983,190515699.9700203,USD (1),fis,FAO capture production and ex-vessel prices
Peru,1984,208160760.41826317,USD (1),fis,FAO capture production and ex-vessel prices
Peru,1985,866945900.2694342,USD (1),fis,FAO capture production and ex-vessel prices
Peru,1986,3687365945.549362,USD (1),fis,FAO capture production and ex-vessel prices
Peru,1987,1892992268.5669057,USD (1),fis,FAO capture production and ex-vessel prices
Peru,1988,3286774110.888454,USD (1),fis,FAO capture production and ex-vessel prices
Peru,1989,4501096401.8815,USD (1),fis,FAO capture production and ex-vessel prices
Peru,1990,4290425930.158575,USD (1),fis,FAO capture production and ex-vessel prices
Peru,1991,4771624541.975997,USD (1),fis,FAO capture production and ex-vessel prices
Peru,1992,6832113079.96411,USD (1),fis,FAO capture production and ex-vessel prices
Peru,1993,8538079885.029554,USD (1),fis,FAO capture production and ex-vessel prices
Peru,1994,9699212877.544617,USD (1),fis,FAO capture production and ex-vessel prices
Peru,1995,7263011911.661557,USD (1),fis,FAO capture production and ex-vessel prices
Peru,1996,9540550523.255194,USD (1),fis,FAO capture production and ex-vessel prices
Peru,1997,6404601413.737629,USD (1),fis,FAO capture production and ex-vessel prices
Peru,1998,2853525388.9742026,USD (1),fis,FAO capture production and ex-vessel prices
Peru,1999,9788010128.243307,USD (1),fis,FAO capture production and ex-vessel prices
Peru,2000,11494678422.403078,USD (1),fis,FAO capture production and ex-vessel prices
Peru,2001,7294183816.471449,USD (1),fis,FAO capture production and ex-vessel prices
Peru,2002,9667470592.127663,USD (1),fis,FAO capture production and ex-vessel prices
Peru,2003,6089864728.473074,USD (1),fis,FAO capture production and ex-vessel prices
Peru,2004,10114962984.2453,USD (1),fis,FAO capture production and ex-vessel prices
Peru,2005,9682078074.350903,USD (1),fis,FAO capture production and ex-vessel prices
Peru,2006,6998272578.97303,USD (1),fis,FAO capture production and ex-vessel prices
Peru,2007,8414198785.327837,USD (1),fis,FAO capture production and ex-vessel prices
Peru,2008,8465261511.079591,USD (1),fis,FAO capture production and ex-vessel prices
Peru,2009,8828370731.507168,USD (1),fis,FAO capture production and ex-vessel prices
Peru,2010,5001204274.915905,USD (1),fis,FAO capture production and ex-vessel prices
Peru,2011,18087402711.512623,USD (1),fis,FAO capture production and ex-vessel prices
Peru,2012,10327582440.268173,USD (1),fis,FAO capture production and ex-vessel prices
Peru,2013,13683504891.671614,USD (1),fis,FAO capture production and ex-vessel prices
Peru,2014,8242149055.323284,USD (1),fis,FAO capture production and ex-vessel prices
Peru,2015,9291928210.253553,USD (1),fis,FAO capture production and ex-vessel prices
Peru,2016,8417420758.30076,USD (1),fis,FAO capture production and ex-vessel prices
Peru,2017,10333122765.35343,USD (1),fis,FAO capture production and ex-vessel prices
Peru,2018,18286748223.637817,USD (1),fis,FAO capture production and ex-vessel prices
Peru,2019,11878035073.75411,USD (1),fis,FAO capture production and ex-vessel prices
Peru,2020,9540037682.255482,USD (1),fis,FAO capture production and ex-vessel prices
Peru,2021,11266001199.857244,USD (1),fis,FAO capture production and ex-vessel prices
Peru,2022,9286687016.915829,USD (1),fis,FAO capture production and ex-vessel prices
Peru,2023,7007814880.145437,USD (1),fis,FAO capture production and ex-vessel prices
Philippines,1976,197664427.07954922,USD (1),fis,FAO capture production and ex-vessel prices
Philippines,1977,372285649.7831497,USD (1),fis,FAO capture production and ex-vessel prices
Philippines,1978,325722358.1308015,USD (1),fis,FAO capture production and ex-vessel prices
Philippines,1979,344799587.11724687,USD (1),fis,FAO capture production and ex-vessel prices
Philippines,1980,383154763.8909505,USD (1),fis,FAO capture production and ex-vessel prices
Philippines,1981,428823337.4845302,USD (1),fis,FAO capture production and ex-vessel prices
Philippines,1982,405346388.31004053,USD (1),fis,FAO capture production and ex-vessel prices
Philippines,1983,449270636.9761625,USD (1),fis,FAO capture production and ex-vessel prices
Philippines,1984,411648083.5017306,USD (1),fis,FAO capture production and ex-vessel prices
Philippines,1985,426736453.658661,USD (1),fis,FAO capture production and ex-vessel prices
Philippines,1986,460891672.7448555,USD (1),fis,FAO capture production and ex-vessel prices
Philippines,1987,516339511.2506189,USD (1),fis,FAO capture production and ex-vessel prices
Philippines,1988,685130008.9764239,USD (1),fis,FAO capture production and ex-vessel prices
Philippines,1989,606010044.971132,USD (1),fis,FAO capture production and ex-vessel prices
Philippines,1990,642035031.0963814,USD (1),fis,FAO capture production and ex-vessel prices
Philippines,1991,631798509.7433342,USD (1),fis,FAO capture production and ex-vessel prices
Philippines,1992,757348056.7785538,USD (1),fis,FAO capture production and ex-vessel prices
Philippines,1993,629686345.0161971,USD (1),fis,FAO capture production and ex-vessel prices
Philippines,1994,878495264.5145348,USD (1),fis,FAO capture production and ex-vessel prices
Philippines,1995,876920814.8922268,USD (1),fis,FAO capture production and ex-vessel prices
Philippines,1996,776004164.7071235,USD (1),fis,FAO capture production and ex-vessel prices
Philippines,1997,791064174.826692,USD (1),fis,FAO capture production and ex-vessel prices
Philippines,1998,790752801.0526804,USD (1),fis,FAO capture production and ex-vessel prices
Philippines,1999,807708069.0295768,USD (1),fis,FAO capture production and ex-vessel prices
Philippines,2000,797092321.0916094,USD (1),fis,FAO capture production and ex-vessel prices
Philippines,2001,749035007.4368088,USD (1),fis,FAO capture production and ex-vessel prices
Philippines,2002,828887302.7571915,USD (1),fis,FAO capture production and ex-vessel prices
Philippines,2003,1000742258.786631,USD (1),fis,FAO capture production and ex-vessel prices
Philippines,2004,1040034763.271365,USD (1),fis,FAO capture production and ex-vessel prices
Philippines,2005,1219882306.9058425,USD (1),fis,FAO capture production and ex-vessel prices
Philippines,2006,1270098656.8539746,USD (1),fis,FAO capture production and ex-vessel prices
Philippines,2007,1420052006.4853823,USD (1),fis,FAO capture production and ex-vessel prices
Philippines,2008,2163095722.2155466,USD (1),fis,FAO capture production and ex-vessel prices
Philippines,2009,1999904995.1569154,USD (1),fis,FAO capture production and ex-vessel prices
Philippines,2010,1696752842.9105833,USD (1),fis,FAO capture production and ex-vessel prices
Philippines,2011,967972710.8633947,USD (1),fis,FAO capture production and ex-vessel prices
Philippines,2012,1061710419.8592432,USD (1),fis,FAO capture production and ex-vessel prices
Philippines,2013,1241433465.2528772,USD (1),fis,FAO capture production and ex-vessel prices
Philippines,2014,1304426734.0459027,USD (1),fis,FAO capture production and ex-vessel prices
Philippines,2015,1229362047.4035764,USD (1),fis,FAO capture production and ex-vessel prices
Philippines,2016,1163283679.7597592,USD (1),fis,FAO capture production and ex-vessel prices
Philippines,2017,1358482584.5415955,USD (1),fis,FAO capture production and ex-vessel prices
Philippines,2018,1380353138.2863054,USD (1),fis,FAO capture production and ex-vessel prices
Philippines,2019,1386720402.659347,USD (1),fis,FAO capture production and ex-vessel prices
Philippines,2020,1445439368.5428467,USD (1),fis,FAO capture production and ex-vessel prices
Philippines,2021,1475083176.8719788,USD (1),fis,FAO capture production and ex-vessel prices
Philippines,2022,1538818467.0611382,USD (1),fis,FAO capture production and ex-vessel prices
Philippines,2023,1407748379.632155,USD (1),fis,FAO capture production and ex-vessel prices
Pitcairn,1976,0,USD (1),fis,FAO capture production and ex-vessel prices
Pitcairn,1977,0,USD (1),fis,FAO capture production and ex-vessel prices
Pitcairn,1978,0,USD (1),fis,FAO capture production and ex-vessel prices
Pitcairn,1979,0,USD (1),fis,FAO capture production and ex-vessel prices
Pitcairn,1980,0,USD (1),fis,FAO capture production and ex-vessel prices
Pitcairn,1981,0,USD (1),fis,FAO capture production and ex-vessel prices
Pitcairn,1982,0,USD (1),fis,FAO capture production and ex-vessel prices
Pitcairn,1983,0,USD (1),fis,FAO capture production and ex-vessel prices
Pitcairn,1984,0,USD (1),fis,FAO capture production and ex-vessel prices
Pitcairn,1985,0,USD (1),fis,FAO capture production and ex-vessel prices
Pitcairn,1986,0,USD (1),fis,FAO capture production and ex-vessel prices
Pitcairn,1987,0,USD (1),fis,FAO capture production and ex-vessel prices
Pitcairn,1988,0,USD (1),fis,FAO capture production and ex-vessel prices
Pitcairn,1989,0,USD (1),fis,FAO capture production and ex-vessel prices
Pitcairn,1990,0,USD (1),fis,FAO capture production and ex-vessel prices
Pitcairn,1991,0,USD (1),fis,FAO capture production and ex-vessel prices
Pitcairn,1992,0,USD (1),fis,FAO capture production and ex-vessel prices
Pitcairn,1993,0,USD (1),fis,FAO capture production and ex-vessel prices
Pitcairn,1994,0,USD (1),fis,FAO capture production and ex-vessel prices
Pitcairn,1995,0,USD (1),fis,FAO capture production and ex-vessel prices
Pitcairn,1996,0,USD (1),fis,FAO capture production and ex-vessel prices
Pitcairn,1997,0,USD (1),fis,FAO capture production and ex-vessel prices
Pitcairn,1998,0,USD (1),fis,FAO capture production and ex-vessel prices
Pitcairn,1999,0,USD (1),fis,FAO capture production and ex-vessel prices
Pitcairn,2000,0,USD (1),fis,FAO capture production and ex-vessel prices
Pitcairn,2001,0,USD (1),fis,FAO capture production and ex-vessel prices
Pitcairn,2002,0,USD (1),fis,FAO capture production and ex-vessel prices
Pitcairn,2003,0,USD (1),fis,FAO capture production and ex-vessel prices
Pitcairn,2004,0,USD (1),fis,FAO capture production and ex-vessel prices
Pitcairn,2005,0,USD (1),fis,FAO capture production and ex-vessel prices
Pitcairn,2006,0,USD (1),fis,FAO capture production and ex-vessel prices
Pitcairn,2007,0,USD (1),fis,FAO capture production and ex-vessel prices
Pitcairn,2008,0,USD (1),fis,FAO capture production and ex-vessel prices
Pitcairn,2009,0,USD (1),fis,FAO capture production and ex-vessel prices
Pitcairn,2010,0,USD (1),fis,FAO capture production and ex-vessel prices
Pitcairn,2011,0,USD (1),fis,FAO capture production and ex-vessel prices
Pitcairn,2012,0,USD (1),fis,FAO capture production and ex-vessel prices
Pitcairn,2013,0,USD (1),fis,FAO capture production and ex-vessel prices
Pitcairn,2014,0,USD (1),fis,FAO capture production and ex-vessel prices
Pitcairn,2015,0,USD (1),fis,FAO capture production and ex-vessel prices
Pitcairn,2016,0,USD (1),fis,FAO capture production and ex-vessel prices
Pitcairn,2017,0,USD (1),fis,FAO capture production and ex-vessel prices
Pitcairn,2018,0,USD (1),fis,FAO capture production and ex-vessel prices
Pitcairn,2019,0,USD (1),fis,FAO capture production and ex-vessel prices
Pitcairn,2020,0,USD (1),fis,FAO capture production and ex-vessel prices
Pitcairn,2021,0,USD (1),fis,FAO capture production and ex-vessel prices
Pitcairn,2022,0,USD (1),fis,FAO capture production and ex-vessel prices
Pitcairn,2023,0,USD (1),fis,FAO capture production and ex-vessel prices
Poland,1976,214584971.08303595,USD (1),fis,FAO capture production and ex-vessel prices
Poland,1977,210917201.66171315,USD (1),fis,FAO capture production and ex-vessel prices
Poland,1978,226359156.25481206,USD (1),fis,FAO capture production and ex-vessel prices
Poland,1979,238174608.9645621,USD (1),fis,FAO capture production and ex-vessel prices
Poland,1980,256316119.06395528,USD (1),fis,FAO capture production and ex-vessel prices
Poland,1981,276028750.38879514,USD (1),fis,FAO capture production and ex-vessel prices
Poland,1982,155215557.23586342,USD (1),fis,FAO capture production and ex-vessel prices
Poland,1983,179455975.72009254,USD (1),fis,FAO capture production and ex-vessel prices
Poland,1984,245196891.8216793,USD (1),fis,FAO capture production and ex-vessel prices
Poland,1985,357167829.9170494,USD (1),fis,FAO capture production and ex-vessel prices
Poland,1986,487771866.576833,USD (1),fis,FAO capture production and ex-vessel prices
Poland,1987,528685353.50619304,USD (1),fis,FAO capture production and ex-vessel prices
Poland,1988,420889719.2350801,USD (1),fis,FAO capture production and ex-vessel prices
Poland,1989,394804087.65970373,USD (1),fis,FAO capture production and ex-vessel prices
Poland,1990,326234590.95085007,USD (1),fis,FAO capture production and ex-vessel prices
Poland,1991,531807860.9763227,USD (1),fis,FAO capture production and ex-vessel prices
Poland,1992,839915102.7126899,USD (1),fis,FAO capture production and ex-vessel prices
Poland,1993,475819609.0078667,USD (1),fis,FAO capture production and ex-vessel prices
Poland,1994,593243675.7542344,USD (1),fis,FAO capture production and ex-vessel prices
Poland,1995,446506306.062848,USD (1),fis,FAO capture production and ex-vessel prices
Poland,1996,285911038.8516779,USD (1),fis,FAO capture production and ex-vessel prices
Poland,1997,262321847.0443668,USD (1),fis,FAO capture production and ex-vessel prices
Poland,1998,170560787.7980585,USD (1),fis,FAO capture production and ex-vessel prices
Poland,1999,178870970.94366395,USD (1),fis,FAO capture production and ex-vessel prices
Poland,2000,134961394.4059452,USD (1),fis,FAO capture production and ex-vessel prices
Poland,2001,109574930.81552055,USD (1),fis,FAO capture production and ex-vessel prices
Poland,2002,98792670.00011477,USD (1),fis,FAO capture production and ex-vessel prices
Poland,2003,69920269.99596591,USD (1),fis,FAO capture production and ex-vessel prices
Poland,2004,96147102.37518105,USD (1),fis,FAO capture production and ex-vessel prices
Poland,2005,81058014.15706088,USD (1),fis,FAO capture production and ex-vessel prices
Poland,2006,96431617.83107327,USD (1),fis,FAO capture production and ex-vessel prices
Poland,2007,104072345.84880327,USD (1),fis,FAO capture production and ex-vessel prices
Poland,2008,103363782.92530411,USD (1),fis,FAO capture production and ex-vessel prices
Poland,2009,120279162.57273917,USD (1),fis,FAO capture production and ex-vessel prices
Poland,2010,130499546.50096169,USD (1),fis,FAO capture production and ex-vessel prices
Poland,2011,134233513.2908185,USD (1),fis,FAO capture production and ex-vessel prices
Poland,2012,129214479.3013706,USD (1),fis,FAO capture production and ex-vessel prices
Poland,2013,104020016.83844976,USD (1),fis,FAO capture production and ex-vessel prices
Poland,2014,112079799.84585124,USD (1),fis,FAO capture production and ex-vessel prices
Poland,2015,111140852.80150771,USD (1),fis,FAO capture production and ex-vessel prices
Poland,2016,127915025.46644093,USD (1),fis,FAO capture production and ex-vessel prices
Poland,2017,126980310.35532333,USD (1),fis,FAO capture production and ex-vessel prices
Poland,2018,128257346.05067964,USD (1),fis,FAO capture production and ex-vessel prices
Poland,2019,108471674.10877736,USD (1),fis,FAO capture production and ex-vessel prices
Poland,2020,95727466.06732312,USD (1),fis,FAO capture production and ex-vessel prices
Poland,2021,123777522.23916899,USD (1),fis,FAO capture production and ex-vessel prices
Poland,2022,97153683.75879443,USD (1),fis,FAO capture production and ex-vessel prices
Poland,2023,93836374.68401921,USD (1),fis,FAO capture production and ex-vessel prices
Portugal,1976,108461107.96831708,USD (1),fis,FAO capture production and ex-vessel prices
Portugal,1977,107626790.82596117,USD (1),fis,FAO capture production and ex-vessel prices
Portugal,1978,93650078.16972296,USD (1),fis,FAO capture production and ex-vessel prices
Portugal,1979,95596583.69024701,USD (1),fis,FAO capture production and ex-vessel prices
Portugal,1980,112435691.33345276,USD (1),fis,FAO capture production and ex-vessel prices
Portugal,1981,107054203.24607646,USD (1),fis,FAO capture production and ex-vessel prices
Portugal,1982,101673203.09732921,USD (1),fis,FAO capture production and ex-vessel prices
Portugal,1983,97899657.02731806,USD (1),fis,FAO capture production and ex-vessel prices
Portugal,1984,138919485.24379447,USD (1),fis,FAO capture production and ex-vessel prices
Portugal,1985,137784098.20845586,USD (1),fis,FAO capture production and ex-vessel prices
Portugal,1986,218591190.38278875,USD (1),fis,FAO capture production and ex-vessel prices
Portugal,1987,209559310.25601727,USD (1),fis,FAO capture production and ex-vessel prices
Portugal,1988,210695416.6166291,USD (1),fis,FAO capture production and ex-vessel prices
Portugal,1989,205476324.67733496,USD (1),fis,FAO capture production and ex-vessel prices
Portugal,1990,219166842.83176142,USD (1),fis,FAO capture production and ex-vessel prices
Portugal,1991,243217542.99526742,USD (1),fis,FAO capture production and ex-vessel prices
Portugal,1992,243868082.18301952,USD (1),fis,FAO capture production and ex-vessel prices
Portugal,1993,228144126.47753334,USD (1),fis,FAO capture production and ex-vessel prices
Portugal,1994,190075928.1465318,USD (1),fis,FAO capture production and ex-vessel prices
Portugal,1995,198000787.55113304,USD (1),fis,FAO capture production and ex-vessel prices
Portugal,1996,210388973.75262547,USD (1),fis,FAO capture production and ex-vessel prices
Portugal,1997,171253986.22570542,USD (1),fis,FAO capture production and ex-vessel prices
Portugal,1998,160372420.60379606,USD (1),fis,FAO capture production and ex-vessel prices
Portugal,1999,167968803.81916913,USD (1),fis,FAO capture production and ex-vessel prices
Portugal,2000,145192990.37535632,USD (1),fis,FAO capture production and ex-vessel prices
Portugal,2001,136672043.2250178,USD (1),fis,FAO capture production and ex-vessel prices
Portugal,2002,142641599.43075988,USD (1),fis,FAO capture production and ex-vessel prices
Portugal,2003,154725882.20689002,USD (1),fis,FAO capture production and ex-vessel prices
Portugal,2004,153699222.8570595,USD (1),fis,FAO capture production and ex-vessel prices
Portugal,2005,166098593.38119927,USD (1),fis,FAO capture production and ex-vessel prices
Portugal,2006,201003309.93325117,USD (1),fis,FAO capture production and ex-vessel prices
Portugal,2007,238069611.73824498,USD (1),fis,FAO capture production and ex-vessel prices
Portugal,2008,253344348.58326113,USD (1),fis,FAO capture production and ex-vessel prices
Portugal,2009,245434796.42997807,USD (1),fis,FAO capture production and ex-vessel prices
Portugal,2010,289876149.36804086,USD (1),fis,FAO capture production and ex-vessel prices
Portugal,2011,311231720.6601574,USD (1),fis,FAO capture production and ex-vessel prices
Portugal,2012,284389685.76987314,USD (1),fis,FAO capture production and ex-vessel prices
Portugal,2013,278388130.4214786,USD (1),fis,FAO capture production and ex-vessel prices
Portugal,2014,284976844.66748244,USD (1),fis,FAO capture production and ex-vessel prices
Portugal,2015,278604833.2382592,USD (1),fis,FAO capture production and ex-vessel prices
Portugal,2016,263786329.73780426,USD (1),fis,FAO capture production and ex-vessel prices
Portugal,2017,298028671.77391106,USD (1),fis,FAO capture production and ex-vessel prices
Portugal,2018,323359632.83116627,USD (1),fis,FAO capture production and ex-vessel prices
Portugal,2019,343769150.098565,USD (1),fis,FAO capture production and ex-vessel prices
Portugal,2020,268248403.76766115,USD (1),fis,FAO capture production and ex-vessel prices
Portugal,2021,324975158.9613997,USD (1),fis,FAO capture production and ex-vessel prices
Portugal,2022,333057458.0758833,USD (1),fis,FAO capture production and ex-vessel prices
Portugal,2023,346376974.5708972,USD (1),fis,FAO capture production and ex-vessel prices
Puerto Rico,1976,0,USD (1),fis,FAO capture production and ex-vessel prices
Puerto Rico,1977,0,USD (1),fis,FAO capture production and ex-vessel prices
Puerto Rico,1978,0,USD (1),fis,FAO capture production and ex-vessel prices
Puerto Rico,1979,0,USD (1),fis,FAO capture production and ex-vessel prices
Puerto Rico,1980,0,USD (1),fis,FAO capture production and ex-vessel prices
Puerto Rico,1981,0,USD (1),fis,FAO capture production and ex-vessel prices
Puerto Rico,1982,0,USD (1),fis,FAO capture production and ex-vessel prices
Puerto Rico,1983,0,USD (1),fis,FAO capture production and ex-vessel prices
Puerto Rico,1984,0,USD (1),fis,FAO capture production and ex-vessel prices
Puerto Rico,1985,0,USD (1),fis,FAO capture production and ex-vessel prices
Puerto Rico,1986,0,USD (1),fis,FAO capture production and ex-vessel prices
Puerto Rico,1987,0,USD (1),fis,FAO capture production and ex-vessel prices
Puerto Rico,1988,0,USD (1),fis,FAO capture production and ex-vessel prices
Puerto Rico,1989,0,USD (1),fis,FAO capture production and ex-vessel prices
Puerto Rico,1990,0,USD (1),fis,FAO capture production and ex-vessel prices
Puerto Rico,1991,0,USD (1),fis,FAO capture production and ex-vessel prices
Puerto Rico,1992,0,USD (1),fis,FAO capture production and ex-vessel prices
Puerto Rico,1993,0,USD (1),fis,FAO capture production and ex-vessel prices
Puerto Rico,1994,0,USD (1),fis,FAO capture production and ex-vessel prices
Puerto Rico,1995,0,USD (1),fis,FAO capture production and ex-vessel prices
Puerto Rico,1996,0,USD (1),fis,FAO capture production and ex-vessel prices
Puerto Rico,1997,177537.53672065833,USD (1),fis,FAO capture production and ex-vessel prices
Puerto Rico,1998,0,USD (1),fis,FAO capture production and ex-vessel prices
Puerto Rico,1999,6842091.782507473,USD (1),fis,FAO capture production and ex-vessel prices
Puerto Rico,2000,6459569.722376865,USD (1),fis,FAO capture production and ex-vessel prices
Puerto Rico,2001,6693984.418745027,USD (1),fis,FAO capture production and ex-vessel prices
Puerto Rico,2002,5210108.30068884,USD (1),fis,FAO capture production and ex-vessel prices
Puerto Rico,2003,5644024.077302425,USD (1),fis,FAO capture production and ex-vessel prices
Puerto Rico,2004,4156345.8457335704,USD (1),fis,FAO capture production and ex-vessel prices
Puerto Rico,2005,4524158.424252117,USD (1),fis,FAO capture production and ex-vessel prices
Puerto Rico,2006,4276925.0855707405,USD (1),fis,FAO capture production and ex-vessel prices
Puerto Rico,2007,3539619.3494714936,USD (1),fis,FAO capture production and ex-vessel prices
Puerto Rico,2008,3849532.435493724,USD (1),fis,FAO capture production and ex-vessel prices
Puerto Rico,2009,3312912.892717586,USD (1),fis,FAO capture production and ex-vessel prices
Puerto Rico,2010,1835998.962238655,USD (1),fis,FAO capture production and ex-vessel prices
Puerto Rico,2011,2574996.5081531974,USD (1),fis,FAO capture production and ex-vessel prices
Puerto Rico,2012,2669893.772518486,USD (1),fis,FAO capture production and ex-vessel prices
Puerto Rico,2013,2474369.9410203807,USD (1),fis,FAO capture production and ex-vessel prices
Puerto Rico,2014,3288205.4678952564,USD (1),fis,FAO capture production and ex-vessel prices
Puerto Rico,2015,3426467.713855926,USD (1),fis,FAO capture production and ex-vessel prices
Puerto Rico,2016,3284954.499249971,USD (1),fis,FAO capture production and ex-vessel prices
Puerto Rico,2017,2229272.538045551,USD (1),fis,FAO capture production and ex-vessel prices
Puerto Rico,2018,3232529.648073993,USD (1),fis,FAO capture production and ex-vessel prices
Puerto Rico,2019,4401405.17689668,USD (1),fis,FAO capture production and ex-vessel prices
Puerto Rico,2020,4714567.923411642,USD (1),fis,FAO capture production and ex-vessel prices
Puerto Rico,2021,5138611.394936198,USD (1),fis,FAO capture production and ex-vessel prices
Puerto Rico,2022,5914562.19294269,USD (1),fis,FAO capture production and ex-vessel prices
Puerto Rico,2023,5632003.075941539,USD (1),fis,FAO capture production and ex-vessel prices
Qatar,1976,1425167.845989996,USD (1),fis,FAO capture production and ex-vessel prices
Qatar,1977,4727684.508209839,USD (1),fis,FAO capture production and ex-vessel prices
Qatar,1978,3532680.4819059246,USD (1),fis,FAO capture production and ex-vessel prices
Qatar,1979,3106380.6320525683,USD (1),fis,FAO capture production and ex-vessel prices
Qatar,1980,2502843.636013553,USD (1),fis,FAO capture production and ex-vessel prices
Qatar,1981,2492593.8533396437,USD (1),fis,FAO capture production and ex-vessel prices
Qatar,1982,1425945.4699006642,USD (1),fis,FAO capture production and ex-vessel prices
Qatar,1983,415383.6729817625,USD (1),fis,FAO capture production and ex-vessel prices
Qatar,1984,786652.5687550629,USD (1),fis,FAO capture production and ex-vessel prices
Qatar,1985,1155235.1506416353,USD (1),fis,FAO capture production and ex-vessel prices
Qatar,1986,1180643.641487653,USD (1),fis,FAO capture production and ex-vessel prices
Qatar,1987,1048342.1473992208,USD (1),fis,FAO capture production and ex-vessel prices
Qatar,1988,1160854.1430329382,USD (1),fis,FAO capture production and ex-vessel prices
Qatar,1989,3140783.087777811,USD (1),fis,FAO capture production and ex-vessel prices
Qatar,1990,2316374.867127063,USD (1),fis,FAO capture production and ex-vessel prices
Qatar,1991,3274261.502378406,USD (1),fis,FAO capture production and ex-vessel prices
Qatar,1992,2428388.148808518,USD (1),fis,FAO capture production and ex-vessel prices
Qatar,1993,2506879.394017353,USD (1),fis,FAO capture production and ex-vessel prices
Qatar,1994,1992961.7683913768,USD (1),fis,FAO capture production and ex-vessel prices
Qatar,1995,1745209.8070440611,USD (1),fis,FAO capture production and ex-vessel prices
Qatar,1996,1859482.200975099,USD (1),fis,FAO capture production and ex-vessel prices
Qatar,1997,1840571.912745882,USD (1),fis,FAO capture production and ex-vessel prices
Qatar,1998,2071806.7994242983,USD (1),fis,FAO capture production and ex-vessel prices
Qatar,1999,1884479.2102120284,USD (1),fis,FAO capture production and ex-vessel prices
Qatar,2000,2328595.4176565954,USD (1),fis,FAO capture production and ex-vessel prices
Qatar,2001,3231120.5569140185,USD (1),fis,FAO capture production and ex-vessel prices
Qatar,2002,2386596.1525587114,USD (1),fis,FAO capture production and ex-vessel prices
Qatar,2003,4691767.376154295,USD (1),fis,FAO capture production and ex-vessel prices
Qatar,2004,4092111.2441058266,USD (1),fis,FAO capture production and ex-vessel prices
Qatar,2005,6214611.090360636,USD (1),fis,FAO capture production and ex-vessel prices
Qatar,2006,7578411.782551549,USD (1),fis,FAO capture production and ex-vessel prices
Qatar,2007,7353950.625773189,USD (1),fis,FAO capture production and ex-vessel prices
Qatar,2008,11638914.005164344,USD (1),fis,FAO capture production and ex-vessel prices
Qatar,2009,8745489.1804482,USD (1),fis,FAO capture production and ex-vessel prices
Qatar,2010,6042774.239282065,USD (1),fis,FAO capture production and ex-vessel prices
Qatar,2011,6059849.584022574,USD (1),fis,FAO capture production and ex-vessel prices
Qatar,2012,6246076.287072919,USD (1),fis,FAO capture production and ex-vessel prices
Qatar,2013,6899145.362903459,USD (1),fis,FAO capture production and ex-vessel prices
Qatar,2014,36342065.00156282,USD (1),fis,FAO capture production and ex-vessel prices
Qatar,2015,47926889.710509494,USD (1),fis,FAO capture production and ex-vessel prices
Qatar,2016,27316273.36185382,USD (1),fis,FAO capture production and ex-vessel prices
Qatar,2017,36231976.126410455,USD (1),fis,FAO capture production and ex-vessel prices
Qatar,2018,33172835.78411322,USD (1),fis,FAO capture production and ex-vessel prices
Qatar,2019,39265195.91210017,USD (1),fis,FAO capture production and ex-vessel prices
Qatar,2020,32359563.128731053,USD (1),fis,FAO capture production and ex-vessel prices
Qatar,2021,41340515.276005454,USD (1),fis,FAO capture production and ex-vessel prices
Qatar,2022,67374901.92205636,USD (1),fis,FAO capture production and ex-vessel prices
Qatar,2023,64217191.62906649,USD (1),fis,FAO capture production and ex-vessel prices
Republic of Korea,1976,833734714.3961588,USD (1),fis,FAO capture production and ex-vessel prices
Republic of Korea,1977,844806939.6574327,USD (1),fis,FAO capture production and ex-vessel prices
Republic of Korea,1978,1061011511.2102464,USD (1),fis,FAO capture production and ex-vessel prices
Republic of Korea,1979,1085730008.6232758,USD (1),fis,FAO capture production and ex-vessel prices
Republic of Korea,1980,1148149252.592337,USD (1),fis,FAO capture production and ex-vessel prices
Republic of Korea,1981,1110084985.1054974,USD (1),fis,FAO capture production and ex-vessel prices
Republic of Korea,1982,1073200566.8714776,USD (1),fis,FAO capture production and ex-vessel prices
Republic of Korea,1983,985799101.7679923,USD (1),fis,FAO capture production and ex-vessel prices
Republic of Korea,1984,1206789311.1872053,USD (1),fis,FAO capture production and ex-vessel prices
Republic of Korea,1985,1489333743.260679,USD (1),fis,FAO capture production and ex-vessel prices
Republic of Korea,1986,2224146587.4135633,USD (1),fis,FAO capture production and ex-vessel prices
Republic of Korea,1987,1561173893.7107549,USD (1),fis,FAO capture production and ex-vessel prices
Republic of Korea,1988,1528385367.999213,USD (1),fis,FAO capture production and ex-vessel prices
Republic of Korea,1989,1601102492.1703823,USD (1),fis,FAO capture production and ex-vessel prices
Republic of Korea,1990,1782891925.297617,USD (1),fis,FAO capture production and ex-vessel prices
Republic of Korea,1991,1951668054.6761518,USD (1),fis,FAO capture production and ex-vessel prices
Republic of Korea,1992,2407111602.9144998,USD (1),fis,FAO capture production and ex-vessel prices
Republic of Korea,1993,2274338880.264942,USD (1),fis,FAO capture production and ex-vessel prices
Republic of Korea,1994,2583796309.5639577,USD (1),fis,FAO capture production and ex-vessel prices
Republic of Korea,1995,2353225564.134241,USD (1),fis,FAO capture production and ex-vessel prices
Republic of Korea,1996,2222880434.338034,USD (1),fis,FAO capture production and ex-vessel prices
Republic of Korea,1997,2009027844.6672652,USD (1),fis,FAO capture production and ex-vessel prices
Republic of Korea,1998,1788680383.683664,USD (1),fis,FAO capture production and ex-vessel prices
Republic of Korea,1999,2049209656.5668333,USD (1),fis,FAO capture production and ex-vessel prices
Republic of Korea,2000,1689886103.7035143,USD (1),fis,FAO capture production and ex-vessel prices
Republic of Korea,2001,1737540476.498274,USD (1),fis,FAO capture production and ex-vessel prices
Republic of Korea,2002,1451887479.5256405,USD (1),fis,FAO capture production and ex-vessel prices
Republic of Korea,2003,1507037030.4158504,USD (1),fis,FAO capture production and ex-vessel prices
Republic of Korea,2004,1371468629.6476288,USD (1),fis,FAO capture production and ex-vessel prices
Republic of Korea,2005,1520918025.6869793,USD (1),fis,FAO capture production and ex-vessel prices
Republic of Korea,2006,1820371661.382479,USD (1),fis,FAO capture production and ex-vessel prices
Republic of Korea,2007,2142998591.825991,USD (1),fis,FAO capture production and ex-vessel prices
Republic of Korea,2008,2587067211.9354124,USD (1),fis,FAO capture production and ex-vessel prices
Republic of Korea,2009,2741457807.7654877,USD (1),fis,FAO capture production and ex-vessel prices
Republic of Korea,2010,2459004856.1547427,USD (1),fis,FAO capture production and ex-vessel prices
Republic of Korea,2011,2443237689.8633018,USD (1),fis,FAO capture production and ex-vessel prices
Republic of Korea,2012,2340538424.103203,USD (1),fis,FAO capture production and ex-vessel prices
Republic of Korea,2013,2472314022.3342085,USD (1),fis,FAO capture production and ex-vessel prices
Republic of Korea,2014,2747752850.434174,USD (1),fis,FAO capture production and ex-vessel prices
Republic of Korea,2015,2355388427.9875793,USD (1),fis,FAO capture production and ex-vessel prices
Republic of Korea,2016,2033671369.4927843,USD (1),fis,FAO capture production and ex-vessel prices
Republic of Korea,2017,2285975063.155655,USD (1),fis,FAO capture production and ex-vessel prices
Republic of Korea,2018,2456063733.824481,USD (1),fis,FAO capture production and ex-vessel prices
Republic of Korea,2019,2533283036.4093814,USD (1),fis,FAO capture production and ex-vessel prices
Republic of Korea,2020,2217602855.719,USD (1),fis,FAO capture production and ex-vessel prices
Republic of Korea,2021,2411497097.7045984,USD (1),fis,FAO capture production and ex-vessel prices
Republic of Korea,2022,2356411635.747736,USD (1),fis,FAO capture production and ex-vessel prices
Republic of Korea,2023,2542102168.0853643,USD (1),fis,FAO capture production and ex-vessel prices
Romania,1976,14354710.046767086,USD (1),fis,FAO capture production and ex-vessel prices
Romania,1977,17720531.619363632,USD (1),fis,FAO capture production and ex-vessel prices
Romania,1978,19803430.570630778,USD (1),fis,FAO capture production and ex-vessel prices
Romania,1979,27719930.359924227,USD (1),fis,FAO capture production and ex-vessel prices
Romania,1980,20115195.21286792,USD (1),fis,FAO capture production and ex-vessel prices
Romania,1981,50630794.46662131,USD (1),fis,FAO capture production and ex-vessel prices
Romania,1982,50976692.3598514,USD (1),fis,FAO capture production and ex-vessel prices
Romania,1983,60536404.42648135,USD (1),fis,FAO capture production and ex-vessel prices
Romania,1984,64498425.03269827,USD (1),fis,FAO capture production and ex-vessel prices
Romania,1985,60660463.706204414,USD (1),fis,FAO capture production and ex-vessel prices
Romania,1986,66519239.03582298,USD (1),fis,FAO capture production and ex-vessel prices
Romania,1987,61802772.40210764,USD (1),fis,FAO capture production and ex-vessel prices
Romania,1988,80599801.76948136,USD (1),fis,FAO capture production and ex-vessel prices
Romania,1989,63009652.04093611,USD (1),fis,FAO capture production and ex-vessel prices
Romania,1990,41571693.31108945,USD (1),fis,FAO capture production and ex-vessel prices
Romania,1991,42980024.04372573,USD (1),fis,FAO capture production and ex-vessel prices
Romania,1992,36646049.26361856,USD (1),fis,FAO capture production and ex-vessel prices
Romania,1993,2022195.9004517202,USD (1),fis,FAO capture production and ex-vessel prices
Romania,1994,2577484.560376006,USD (1),fis,FAO capture production and ex-vessel prices
Romania,1995,17142839.458028473,USD (1),fis,FAO capture production and ex-vessel prices
Romania,1996,6392063.927091474,USD (1),fis,FAO capture production and ex-vessel prices
Romania,1997,621557.5708842521,USD (1),fis,FAO capture production and ex-vessel prices
Romania,1998,937976.4703064841,USD (1),fis,FAO capture production and ex-vessel prices
Romania,1999,575702.2848122001,USD (1),fis,FAO capture production and ex-vessel prices
Romania,2000,596461.5776684907,USD (1),fis,FAO capture production and ex-vessel prices
Romania,2001,546189.033883532,USD (1),fis,FAO capture production and ex-vessel prices
Romania,2002,479259.8572524879,USD (1),fis,FAO capture production and ex-vessel prices
Romania,2003,508654.28765696305,USD (1),fis,FAO capture production and ex-vessel prices
Romania,2004,773689.9948633343,USD (1),fis,FAO capture production and ex-vessel prices
Romania,2005,714923.4887726632,USD (1),fis,FAO capture production and ex-vessel prices
Romania,2006,383498.3976752807,USD (1),fis,FAO capture production and ex-vessel prices
Romania,2007,733193.849406075,USD (1),fis,FAO capture production and ex-vessel prices
Romania,2008,538207.3627019965,USD (1),fis,FAO capture production and ex-vessel prices
Romania,2009,587245.5324202629,USD (1),fis,FAO capture production and ex-vessel prices
Romania,2010,550648.195582334,USD (1),fis,FAO capture production and ex-vessel prices
Romania,2011,1347022.6935309423,USD (1),fis,FAO capture production and ex-vessel prices
Romania,2012,2209881.7728657923,USD (1),fis,FAO capture production and ex-vessel prices
Romania,2013,4763046.499018306,USD (1),fis,FAO capture production and ex-vessel prices
Romania,2014,5306400.641075191,USD (1),fis,FAO capture production and ex-vessel prices
Romania,2015,11092696.032625351,USD (1),fis,FAO capture production and ex-vessel prices
Romania,2016,16133435.74051636,USD (1),fis,FAO capture production and ex-vessel prices
Romania,2017,20990132.472275306,USD (1),fis,FAO capture production and ex-vessel prices
Romania,2018,18713134.32782973,USD (1),fis,FAO capture production and ex-vessel prices
Romania,2019,15489034.694865763,USD (1),fis,FAO capture production and ex-vessel prices
Romania,2020,13633222.987102287,USD (1),fis,FAO capture production and ex-vessel prices
Romania,2021,12904429.555413889,USD (1),fis,FAO capture production and ex-vessel prices
Romania,2022,13091051.994090958,USD (1),fis,FAO capture production and ex-vessel prices
Romania,2023,8419636.05518153,USD (1),fis,FAO capture production and ex-vessel prices
Russian Federation,1992,7924209657.037442,USD (1),fis,FAO capture production and ex-vessel prices
Russian Federation,1993,5299300341.927829,USD (1),fis,FAO capture production and ex-vessel prices
Russian Federation,1994,4938155174.190549,USD (1),fis,FAO capture production and ex-vessel prices
Russian Federation,1995,4831112291.642423,USD (1),fis,FAO capture production and ex-vessel prices
Russian Federation,1996,5091710326.21485,USD (1),fis,FAO capture production and ex-vessel prices
Russian Federation,1997,4493070436.266044,USD (1),fis,FAO capture production and ex-vessel prices
Russian Federation,1998,3223007262.1471014,USD (1),fis,FAO capture production and ex-vessel prices
Russian Federation,1999,3091407445.2110863,USD (1),fis,FAO capture production and ex-vessel prices
Russian Federation,2000,2767667239.554934,USD (1),fis,FAO capture production and ex-vessel prices
Russian Federation,2001,2689692348.409208,USD (1),fis,FAO capture production and ex-vessel prices
Russian Federation,2002,2233996192.5734615,USD (1),fis,FAO capture production and ex-vessel prices
Russian Federation,2003,2452112324.914586,USD (1),fis,FAO capture production and ex-vessel prices
Russian Federation,2004,2006971466.5710526,USD (1),fis,FAO capture production and ex-vessel prices
Russian Federation,2005,2074268378.2595477,USD (1),fis,FAO capture production and ex-vessel prices
Russian Federation,2006,2214664742.7088056,USD (1),fis,FAO capture production and ex-vessel prices
Russian Federation,2007,2690727066.914327,USD (1),fis,FAO capture production and ex-vessel prices
Russian Federation,2008,2893482688.8467245,USD (1),fis,FAO capture production and ex-vessel prices
Russian Federation,2009,3718792159.4080305,USD (1),fis,FAO capture production and ex-vessel prices
Russian Federation,2010,3980404007.8158045,USD (1),fis,FAO capture production and ex-vessel prices
Russian Federation,2011,4910244410.542298,USD (1),fis,FAO capture production and ex-vessel prices
Russian Federation,2012,5236415144.212696,USD (1),fis,FAO capture production and ex-vessel prices
Russian Federation,2013,4201184850.1334934,USD (1),fis,FAO capture production and ex-vessel prices
Russian Federation,2014,4234779471.487515,USD (1),fis,FAO capture production and ex-vessel prices
Russian Federation,2015,3974854196.448896,USD (1),fis,FAO capture production and ex-vessel prices
Russian Federation,2016,4426702542.717822,USD (1),fis,FAO capture production and ex-vessel prices
Russian Federation,2017,4852352280.716706,USD (1),fis,FAO capture production and ex-vessel prices
Russian Federation,2018,6155974280.183612,USD (1),fis,FAO capture production and ex-vessel prices
Russian Federation,2019,6089309349.279397,USD (1),fis,FAO capture production and ex-vessel prices
Russian Federation,2020,5559058807.094204,USD (1),fis,FAO capture production and ex-vessel prices
Russian Federation,2021,6636223127.033863,USD (1),fis,FAO capture production and ex-vessel prices
Russian Federation,2022,5899467600.834753,USD (1),fis,FAO capture production and ex-vessel prices
Russian Federation,2023,6406095912.409728,USD (1),fis,FAO capture production and ex-vessel prices
Réunion,1976,165015.3141200623,USD (1),fis,FAO capture production and ex-vessel prices
Réunion,1977,201432.77529814432,USD (1),fis,FAO capture production and ex-vessel prices
Réunion,1978,281466.79682885995,USD (1),fis,FAO capture production and ex-vessel prices
Réunion,1979,303320.82133986417,USD (1),fis,FAO capture production and ex-vessel prices
Réunion,1980,347605.2091166867,USD (1),fis,FAO capture production and ex-vessel prices
Réunion,1981,305187.97799578856,USD (1),fis,FAO capture production and ex-vessel prices
Réunion,1982,185782.12290926784,USD (1),fis,FAO capture production and ex-vessel prices
Réunion,1983,176223.1589944785,USD (1),fis,FAO capture production and ex-vessel prices
Réunion,1984,171344.3594878663,USD (1),fis,FAO capture production and ex-vessel prices
Réunion,1985,127195.72910814597,USD (1),fis,FAO capture production and ex-vessel prices
Réunion,1986,132833.80668595165,USD (1),fis,FAO capture production and ex-vessel prices
Réunion,1987,178878.59904356502,USD (1),fis,FAO capture production and ex-vessel prices
Réunion,1988,247604.10056572084,USD (1),fis,FAO capture production and ex-vessel prices
Réunion,1989,262955.0188786507,USD (1),fis,FAO capture production and ex-vessel prices
Réunion,1990,202987.58394690498,USD (1),fis,FAO capture production and ex-vessel prices
Réunion,1991,264998.4744549286,USD (1),fis,FAO capture production and ex-vessel prices
Réunion,1992,641017.8874318274,USD (1),fis,FAO capture production and ex-vessel prices
Réunion,1993,1993893.2376714519,USD (1),fis,FAO capture production and ex-vessel prices
Réunion,1994,3780492.685294321,USD (1),fis,FAO capture production and ex-vessel prices
Réunion,1995,3958946.7050672383,USD (1),fis,FAO capture production and ex-vessel prices
Réunion,1996,6330541.1056969585,USD (1),fis,FAO capture production and ex-vessel prices
Réunion,1997,6608918.167582912,USD (1),fis,FAO capture production and ex-vessel prices
Réunion,1998,6171026.213775094,USD (1),fis,FAO capture production and ex-vessel prices
Réunion,1999,6633693.082507327,USD (1),fis,FAO capture production and ex-vessel prices
Réunion,2000,7217266.510807591,USD (1),fis,FAO capture production and ex-vessel prices
Réunion,2001,6578232.1197784655,USD (1),fis,FAO capture production and ex-vessel prices
Réunion,2002,3395063.5012914455,USD (1),fis,FAO capture production and ex-vessel prices
Réunion,2003,3664460.7395474957,USD (1),fis,FAO capture production and ex-vessel prices
Réunion,2004,4815603.901599634,USD (1),fis,FAO capture production and ex-vessel prices
Réunion,2005,7853349.754780032,USD (1),fis,FAO capture production and ex-vessel prices
Réunion,2006,6331732.769892831,USD (1),fis,FAO capture production and ex-vessel prices
Réunion,2007,7296729.974829619,USD (1),fis,FAO capture production and ex-vessel prices
Réunion,2008,8563084.568606911,USD (1),fis,FAO capture production and ex-vessel prices
Réunion,2009,7544376.156407916,USD (1),fis,FAO capture production and ex-vessel prices
Réunion,2010,7681276.43060894,USD (1),fis,FAO capture production and ex-vessel prices
Réunion,2011,4665411.206384613,USD (1),fis,FAO capture production and ex-vessel prices
Réunion,2012,3841483.6081334376,USD (1),fis,FAO capture production and ex-vessel prices
Réunion,2013,4682153.256547471,USD (1),fis,FAO capture production and ex-vessel prices
Réunion,2014,4609510.544531232,USD (1),fis,FAO capture production and ex-vessel prices
Réunion,2015,5157582.435206061,USD (1),fis,FAO capture production and ex-vessel prices
Réunion,2016,6450706.772959214,USD (1),fis,FAO capture production and ex-vessel prices
Réunion,2017,5405530.262478938,USD (1),fis,FAO capture production and ex-vessel prices
Réunion,2018,5114078.573298708,USD (1),fis,FAO capture production and ex-vessel prices
Réunion,2019,5136855.010170885,USD (1),fis,FAO capture production and ex-vessel prices
Réunion,2020,5442953.612418986,USD (1),fis,FAO capture production and ex-vessel prices
Réunion,2021,6144249.030008986,USD (1),fis,FAO capture production and ex-vessel prices
Réunion,2022,6969986.283738598,USD (1),fis,FAO capture production and ex-vessel prices
Réunion,2023,7368307.035880279,USD (1),fis,FAO capture production and ex-vessel prices
Saint Barthélemy,2007,0,USD (1),fis,FAO capture production and ex-vessel prices
Saint Barthélemy,2008,0,USD (1),fis,FAO capture production and ex-vessel prices
Saint Barthélemy,2009,0,USD (1),fis,FAO capture production and ex-vessel prices
Saint Barthélemy,2010,0,USD (1),fis,FAO capture production and ex-vessel prices
Saint Barthélemy,2011,0,USD (1),fis,FAO capture production and ex-vessel prices
Saint Barthélemy,2012,0,USD (1),fis,FAO capture production and ex-vessel prices
Saint Barthélemy,2013,0,USD (1),fis,FAO capture production and ex-vessel prices
Saint Barthélemy,2014,0,USD (1),fis,FAO capture production and ex-vessel prices
Saint Barthélemy,2015,0,USD (1),fis,FAO capture production and ex-vessel prices
Saint Barthélemy,2016,0,USD (1),fis,FAO capture production and ex-vessel prices
Saint Barthélemy,2017,0,USD (1),fis,FAO capture production and ex-vessel prices
Saint Barthélemy,2018,0,USD (1),fis,FAO capture production and ex-vessel prices
Saint Barthélemy,2019,0,USD (1),fis,FAO capture production and ex-vessel prices
Saint Barthélemy,2020,0,USD (1),fis,FAO capture production and ex-vessel prices
Saint Barthélemy,2021,0,USD (1),fis,FAO capture production and ex-vessel prices
Saint Barthélemy,2022,0,USD (1),fis,FAO capture production and ex-vessel prices
Saint Barthélemy,2023,0,USD (1),fis,FAO capture production and ex-vessel prices
Saint Kitts and Nevis,1976,0,USD (1),fis,FAO capture production and ex-vessel prices
Saint Kitts and Nevis,1977,0,USD (1),fis,FAO capture production and ex-vessel prices
Saint Kitts and Nevis,1978,0,USD (1),fis,FAO capture production and ex-vessel prices
Saint Kitts and Nevis,1979,0,USD (1),fis,FAO capture production and ex-vessel prices
Saint Kitts and Nevis,1980,0,USD (1),fis,FAO capture production and ex-vessel prices
Saint Kitts and Nevis,1981,0,USD (1),fis,FAO capture production and ex-vessel prices
Saint Kitts and Nevis,1982,0,USD (1),fis,FAO capture production and ex-vessel prices
Saint Kitts and Nevis,1983,0,USD (1),fis,FAO capture production and ex-vessel prices
Saint Kitts and Nevis,1984,0,USD (1),fis,FAO capture production and ex-vessel prices
Saint Kitts and Nevis,1985,0,USD (1),fis,FAO capture production and ex-vessel prices
Saint Kitts and Nevis,1986,0,USD (1),fis,FAO capture production and ex-vessel prices
Saint Kitts and Nevis,1987,0,USD (1),fis,FAO capture production and ex-vessel prices
Saint Kitts and Nevis,1988,0,USD (1),fis,FAO capture production and ex-vessel prices
Saint Kitts and Nevis,1989,0,USD (1),fis,FAO capture production and ex-vessel prices
Saint Kitts and Nevis,1990,0,USD (1),fis,FAO capture production and ex-vessel prices
Saint Kitts and Nevis,1991,0,USD (1),fis,FAO capture production and ex-vessel prices
Saint Kitts and Nevis,1992,0,USD (1),fis,FAO capture production and ex-vessel prices
Saint Kitts and Nevis,1993,0,USD (1),fis,FAO capture production and ex-vessel prices
Saint Kitts and Nevis,1994,271213.0363413926,USD (1),fis,FAO capture production and ex-vessel prices
Saint Kitts and Nevis,1995,189550.36825199387,USD (1),fis,FAO capture production and ex-vessel prices
Saint Kitts and Nevis,1996,254901.28776141128,USD (1),fis,FAO capture production and ex-vessel prices
Saint Kitts and Nevis,1997,182575.5404349744,USD (1),fis,FAO capture production and ex-vessel prices
Saint Kitts and Nevis,1998,487721.7670215457,USD (1),fis,FAO capture production and ex-vessel prices
Saint Kitts and Nevis,1999,771938.8482468907,USD (1),fis,FAO capture production and ex-vessel prices
Saint Kitts and Nevis,2000,544931.5184369994,USD (1),fis,FAO capture production and ex-vessel prices
Saint Kitts and Nevis,2001,734174.2359220705,USD (1),fis,FAO capture production and ex-vessel prices
Saint Kitts and Nevis,2002,308631.7668803025,USD (1),fis,FAO capture production and ex-vessel prices
Saint Kitts and Nevis,2003,526956.5025595675,USD (1),fis,FAO capture production and ex-vessel prices
Saint Kitts and Nevis,2004,759103.0195356309,USD (1),fis,FAO capture production and ex-vessel prices
Saint Kitts and Nevis,2005,772614.342027429,USD (1),fis,FAO capture production and ex-vessel prices
Saint Kitts and Nevis,2006,805437.1221944981,USD (1),fis,FAO capture production and ex-vessel prices
Saint Kitts and Nevis,2007,747257.4061183933,USD (1),fis,FAO capture production and ex-vessel prices
Saint Kitts and Nevis,2008,642102.5646915556,USD (1),fis,FAO capture production and ex-vessel prices
Saint Kitts and Nevis,2009,885178.297666004,USD (1),fis,FAO capture production and ex-vessel prices
Saint Kitts and Nevis,2010,7409971.501153438,USD (1),fis,FAO capture production and ex-vessel prices
Saint Kitts and Nevis,2011,14128199.941422906,USD (1),fis,FAO capture production and ex-vessel prices
Saint Kitts and Nevis,2012,11663284.793355433,USD (1),fis,FAO capture production and ex-vessel prices
Saint Kitts and Nevis,2013,8155504.17250314,USD (1),fis,FAO capture production and ex-vessel prices
Saint Kitts and Nevis,2014,12879947.924016748,USD (1),fis,FAO capture production and ex-vessel prices
Saint Kitts and Nevis,2015,37369730.31852358,USD (1),fis,FAO capture production and ex-vessel prices
Saint Kitts and Nevis,2016,20785342.79093274,USD (1),fis,FAO capture production and ex-vessel prices
Saint Kitts and Nevis,2017,53415293.08106356,USD (1),fis,FAO capture production and ex-vessel prices
Saint Kitts and Nevis,2018,953203.43361506,USD (1),fis,FAO capture production and ex-vessel prices
Saint Kitts and Nevis,2019,647470.3883180121,USD (1),fis,FAO capture production and ex-vessel prices
Saint Kitts and Nevis,2020,669787.6116220058,USD (1),fis,FAO capture production and ex-vessel prices
Saint Kitts and Nevis,2021,1390823.2461700991,USD (1),fis,FAO capture production and ex-vessel prices
Saint Kitts and Nevis,2022,1361445.6601174085,USD (1),fis,FAO capture production and ex-vessel prices
Saint Kitts and Nevis,2023,1193966.5955840964,USD (1),fis,FAO capture production and ex-vessel prices
Saint Lucia,1976,111947.27737333858,USD (1),fis,FAO capture production and ex-vessel prices
Saint Lucia,1977,163253.8653688977,USD (1),fis,FAO capture production and ex-vessel prices
Saint Lucia,1978,159117.16308540187,USD (1),fis,FAO capture production and ex-vessel prices
Saint Lucia,1979,79091.39610391165,USD (1),fis,FAO capture production and ex-vessel prices
Saint Lucia,1980,104980.88637653273,USD (1),fis,FAO capture production and ex-vessel prices
Saint Lucia,1981,92002.72440603873,USD (1),fis,FAO capture production and ex-vessel prices
Saint Lucia,1982,72549.90222631991,USD (1),fis,FAO capture production and ex-vessel prices
Saint Lucia,1983,63571.53806466537,USD (1),fis,FAO capture production and ex-vessel prices
Saint Lucia,1984,114873.32538724944,USD (1),fis,FAO capture production and ex-vessel prices
Saint Lucia,1985,113279.87015206885,USD (1),fis,FAO capture production and ex-vessel prices
Saint Lucia,1986,175247.95036214183,USD (1),fis,FAO capture production and ex-vessel prices
Saint Lucia,1987,150841.55269046675,USD (1),fis,FAO capture production and ex-vessel prices
Saint Lucia,1988,175137.69391884655,USD (1),fis,FAO capture production and ex-vessel prices
Saint Lucia,1989,132373.629396002,USD (1),fis,FAO capture production and ex-vessel prices
Saint Lucia,1990,386196.89722872915,USD (1),fis,FAO capture production and ex-vessel prices
Saint Lucia,1991,366226.4963658655,USD (1),fis,FAO capture production and ex-vessel prices
Saint Lucia,1992,520665.72204395017,USD (1),fis,FAO capture production and ex-vessel prices
Saint Lucia,1993,471450.8833105682,USD (1),fis,FAO capture production and ex-vessel prices
Saint Lucia,1994,1238448.167948313,USD (1),fis,FAO capture production and ex-vessel prices
Saint Lucia,1995,1520688.0641281472,USD (1),fis,FAO capture production and ex-vessel prices
Saint Lucia,1996,1545207.0043482,USD (1),fis,FAO capture production and ex-vessel prices
Saint Lucia,1997,1439963.6453957395,USD (1),fis,FAO capture production and ex-vessel prices
Saint Lucia,1998,1682246.9154934625,USD (1),fis,FAO capture production and ex-vessel prices
Saint Lucia,1999,1901177.2000467917,USD (1),fis,FAO capture production and ex-vessel prices
Saint Lucia,2000,1733326.284512556,USD (1),fis,FAO capture production and ex-vessel prices
Saint Lucia,2001,1327561.9464222584,USD (1),fis,FAO capture production and ex-vessel prices
Saint Lucia,2002,1517876.0328214585,USD (1),fis,FAO capture production and ex-vessel prices
Saint Lucia,2003,1247644.7961519419,USD (1),fis,FAO capture production and ex-vessel prices
Saint Lucia,2004,1455146.457113412,USD (1),fis,FAO capture production and ex-vessel prices
Saint Lucia,2005,1337153.1214756223,USD (1),fis,FAO capture production and ex-vessel prices
Saint Lucia,2006,1709710.2437312473,USD (1),fis,FAO capture production and ex-vessel prices
Saint Lucia,2007,1864014.6137334732,USD (1),fis,FAO capture production and ex-vessel prices
Saint Lucia,2008,2677979.1759226536,USD (1),fis,FAO capture production and ex-vessel prices
Saint Lucia,2009,2854401.063613877,USD (1),fis,FAO capture production and ex-vessel prices
Saint Lucia,2010,2716612.046875264,USD (1),fis,FAO capture production and ex-vessel prices
Saint Lucia,2011,1825447.8803986,USD (1),fis,FAO capture production and ex-vessel prices
Saint Lucia,2012,1552557.3224347378,USD (1),fis,FAO capture production and ex-vessel prices
Saint Lucia,2013,1802183.7221627794,USD (1),fis,FAO capture production and ex-vessel prices
Saint Lucia,2014,1666791.4833030552,USD (1),fis,FAO capture production and ex-vessel prices
Saint Lucia,2015,1937490.6391884661,USD (1),fis,FAO capture production and ex-vessel prices
Saint Lucia,2016,2039823.822953785,USD (1),fis,FAO capture production and ex-vessel prices
Saint Lucia,2017,2820080.6703932104,USD (1),fis,FAO capture production and ex-vessel prices
Saint Lucia,2018,1993740.5499883138,USD (1),fis,FAO capture production and ex-vessel prices
Saint Lucia,2019,2209587.272265519,USD (1),fis,FAO capture production and ex-vessel prices
Saint Lucia,2020,1575710.8157539745,USD (1),fis,FAO capture production and ex-vessel prices
Saint Lucia,2021,1710353.3765930433,USD (1),fis,FAO capture production and ex-vessel prices
Saint Lucia,2022,1969510.8341194044,USD (1),fis,FAO capture production and ex-vessel prices
Saint Lucia,2023,1601823.6956776732,USD (1),fis,FAO capture production and ex-vessel prices
Saint Martin (French part),2007,0,USD (1),fis,FAO capture production and ex-vessel prices
Saint Martin (French part),2008,0,USD (1),fis,FAO capture production and ex-vessel prices
Saint Martin (French part),2009,0,USD (1),fis,FAO capture production and ex-vessel prices
Saint Martin (French part),2010,0,USD (1),fis,FAO capture production and ex-vessel prices
Saint Martin (French part),2011,0,USD (1),fis,FAO capture production and ex-vessel prices
Saint Martin (French part),2012,0,USD (1),fis,FAO capture production and ex-vessel prices
Saint Martin (French part),2013,0,USD (1),fis,FAO capture production and ex-vessel prices
Saint Martin (French part),2014,0,USD (1),fis,FAO capture production and ex-vessel prices
Saint Martin (French part),2015,0,USD (1),fis,FAO capture production and ex-vessel prices
Saint Martin (French part),2016,0,USD (1),fis,FAO capture production and ex-vessel prices
Saint Martin (French part),2017,0,USD (1),fis,FAO capture production and ex-vessel prices
Saint Martin (French part),2018,0,USD (1),fis,FAO capture production and ex-vessel prices
Saint Martin (French part),2019,0,USD (1),fis,FAO capture production and ex-vessel prices
Saint Martin (French part),2020,0,USD (1),fis,FAO capture production and ex-vessel prices
Saint Martin (French part),2021,0,USD (1),fis,FAO capture production and ex-vessel prices
Saint Martin (French part),2022,0,USD (1),fis,FAO capture production and ex-vessel prices
Saint Martin (French part),2023,0,USD (1),fis,FAO capture production and ex-vessel prices
Saint Pierre and Miquelon,1976,4241134.748429476,USD (1),fis,FAO capture production and ex-vessel prices
Saint Pierre and Miquelon,1977,3505871.6287166155,USD (1),fis,FAO capture production and ex-vessel prices
Saint Pierre and Miquelon,1978,5318846.791841182,USD (1),fis,FAO capture production and ex-vessel prices
Saint Pierre and Miquelon,1979,7462543.299497179,USD (1),fis,FAO capture production and ex-vessel prices
Saint Pierre and Miquelon,1980,6254543.797365803,USD (1),fis,FAO capture production and ex-vessel prices
Saint Pierre and Miquelon,1981,8827549.773297159,USD (1),fis,FAO capture production and ex-vessel prices
Saint Pierre and Miquelon,1982,8698813.039292376,USD (1),fis,FAO capture production and ex-vessel prices
Saint Pierre and Miquelon,1983,7566503.872606884,USD (1),fis,FAO capture production and ex-vessel prices
Saint Pierre and Miquelon,1984,9419352.056405457,USD (1),fis,FAO capture production and ex-vessel prices
Saint Pierre and Miquelon,1985,10476266.410857745,USD (1),fis,FAO capture production and ex-vessel prices
Saint Pierre and Miquelon,1986,23486460.2999992,USD (1),fis,FAO capture production and ex-vessel prices
Saint Pierre and Miquelon,1987,29713193.30885693,USD (1),fis,FAO capture production and ex-vessel prices
Saint Pierre and Miquelon,1988,15266361.855116941,USD (1),fis,FAO capture production and ex-vessel prices
Saint Pierre and Miquelon,1989,17010692.788487032,USD (1),fis,FAO capture production and ex-vessel prices
Saint Pierre and Miquelon,1990,28842717.805603877,USD (1),fis,FAO capture production and ex-vessel prices
Saint Pierre and Miquelon,1991,35440787.211641654,USD (1),fis,FAO capture production and ex-vessel prices
Saint Pierre and Miquelon,1992,24227227.69307543,USD (1),fis,FAO capture production and ex-vessel prices
Saint Pierre and Miquelon,1993,847884.3894103983,USD (1),fis,FAO capture production and ex-vessel prices
Saint Pierre and Miquelon,1994,912226.5247220916,USD (1),fis,FAO capture production and ex-vessel prices
Saint Pierre and Miquelon,1995,1279276.320145621,USD (1),fis,FAO capture production and ex-vessel prices
Saint Pierre and Miquelon,1996,2294723.340273919,USD (1),fis,FAO capture production and ex-vessel prices
Saint Pierre and Miquelon,1997,6918188.876316356,USD (1),fis,FAO capture production and ex-vessel prices
Saint Pierre and Miquelon,1998,12073065.248622557,USD (1),fis,FAO capture production and ex-vessel prices
Saint Pierre and Miquelon,1999,10378942.196916718,USD (1),fis,FAO capture production and ex-vessel prices
Saint Pierre and Miquelon,2000,11079815.815198278,USD (1),fis,FAO capture production and ex-vessel prices
Saint Pierre and Miquelon,2001,7142700.318875667,USD (1),fis,FAO capture production and ex-vessel prices
Saint Pierre and Miquelon,2002,5292786.47501501,USD (1),fis,FAO capture production and ex-vessel prices
Saint Pierre and Miquelon,2003,5872968.905378754,USD (1),fis,FAO capture production and ex-vessel prices
Saint Pierre and Miquelon,2004,9141752.302449666,USD (1),fis,FAO capture production and ex-vessel prices
Saint Pierre and Miquelon,2005,9448336.229420777,USD (1),fis,FAO capture production and ex-vessel prices
Saint Pierre and Miquelon,2006,6273615.035985484,USD (1),fis,FAO capture production and ex-vessel prices
Saint Pierre and Miquelon,2007,12580581.594975716,USD (1),fis,FAO capture production and ex-vessel prices
Saint Pierre and Miquelon,2008,10819420.956363931,USD (1),fis,FAO capture production and ex-vessel prices
Saint Pierre and Miquelon,2009,9389297.820843937,USD (1),fis,FAO capture production and ex-vessel prices
Saint Pierre and Miquelon,2010,12103683.683713604,USD (1),fis,FAO capture production and ex-vessel prices
Saint Pierre and Miquelon,2011,8149556.959785368,USD (1),fis,FAO capture production and ex-vessel prices
Saint Pierre and Miquelon,2012,6665798.1798760705,USD (1),fis,FAO capture production and ex-vessel prices
Saint Pierre and Miquelon,2013,5555754.941229653,USD (1),fis,FAO capture production and ex-vessel prices
Saint Pierre and Miquelon,2014,4565795.684367179,USD (1),fis,FAO capture production and ex-vessel prices
Saint Pierre and Miquelon,2015,4311808.484862754,USD (1),fis,FAO capture production and ex-vessel prices
Saint Pierre and Miquelon,2016,3606558.372508008,USD (1),fis,FAO capture production and ex-vessel prices
Saint Pierre and Miquelon,2017,3547355.5644502244,USD (1),fis,FAO capture production and ex-vessel prices
Saint Pierre and Miquelon,2018,2318796.5831460194,USD (1),fis,FAO capture production and ex-vessel prices
Saint Pierre and Miquelon,2019,2115015.9671274894,USD (1),fis,FAO capture production and ex-vessel prices
Saint Pierre and Miquelon,2020,2337727.849380751,USD (1),fis,FAO capture production and ex-vessel prices
Saint Pierre and Miquelon,2021,3406264.9440868683,USD (1),fis,FAO capture production and ex-vessel prices
Saint Pierre and Miquelon,2022,4127638.333131819,USD (1),fis,FAO capture production and ex-vessel prices
Saint Pierre and Miquelon,2023,2959497.376397671,USD (1),fis,FAO capture production and ex-vessel prices
Saint Vincent and the Grenadines,1976,0,USD (1),fis,FAO capture production and ex-vessel prices
Saint Vincent and the Grenadines,1977,0,USD (1),fis,FAO capture production and ex-vessel prices
Saint Vincent and the Grenadines,1978,0,USD (1),fis,FAO capture production and ex-vessel prices
Saint Vincent and the Grenadines,1979,0,USD (1),fis,FAO capture production and ex-vessel prices
Saint Vincent and the Grenadines,1980,0,USD (1),fis,FAO capture production and ex-vessel prices
Saint Vincent and the Grenadines,1981,0,USD (1),fis,FAO capture production and ex-vessel prices
Saint Vincent and the Grenadines,1982,0,USD (1),fis,FAO capture production and ex-vessel prices
Saint Vincent and the Grenadines,1983,0,USD (1),fis,FAO capture production and ex-vessel prices
Saint Vincent and the Grenadines,1984,0,USD (1),fis,FAO capture production and ex-vessel prices
Saint Vincent and the Grenadines,1985,0,USD (1),fis,FAO capture production and ex-vessel prices
Saint Vincent and the Grenadines,1986,0,USD (1),fis,FAO capture production and ex-vessel prices
Saint Vincent and the Grenadines,1987,0,USD (1),fis,FAO capture production and ex-vessel prices
Saint Vincent and the Grenadines,1988,61643.74018687474,USD (1),fis,FAO capture production and ex-vessel prices
Saint Vincent and the Grenadines,1989,66675.85289560104,USD (1),fis,FAO capture production and ex-vessel prices
Saint Vincent and the Grenadines,1990,233926.76728482664,USD (1),fis,FAO capture production and ex-vessel prices
Saint Vincent and the Grenadines,1991,155270.12389396576,USD (1),fis,FAO capture production and ex-vessel prices
Saint Vincent and the Grenadines,1992,146804.2337985003,USD (1),fis,FAO capture production and ex-vessel prices
Saint Vincent and the Grenadines,1993,384160.31198624644,USD (1),fis,FAO capture production and ex-vessel prices
Saint Vincent and the Grenadines,1994,4959767.899948437,USD (1),fis,FAO capture production and ex-vessel prices
Saint Vincent and the Grenadines,1995,213978.58257759592,USD (1),fis,FAO capture production and ex-vessel prices
Saint Vincent and the Grenadines,1996,183842.73680167063,USD (1),fis,FAO capture production and ex-vessel prices
Saint Vincent and the Grenadines,1997,1299778.4378967048,USD (1),fis,FAO capture production and ex-vessel prices
Saint Vincent and the Grenadines,1998,8667789.32056006,USD (1),fis,FAO capture production and ex-vessel prices
Saint Vincent and the Grenadines,1999,5149759.269075325,USD (1),fis,FAO capture production and ex-vessel prices
Saint Vincent and the Grenadines,2000,15732746.742421668,USD (1),fis,FAO capture production and ex-vessel prices
Saint Vincent and the Grenadines,2001,18821992.108965255,USD (1),fis,FAO capture production and ex-vessel prices
Saint Vincent and the Grenadines,2002,11909145.095279748,USD (1),fis,FAO capture production and ex-vessel prices
Saint Vincent and the Grenadines,2003,14621476.084495652,USD (1),fis,FAO capture production and ex-vessel prices
Saint Vincent and the Grenadines,2004,25839498.62904602,USD (1),fis,FAO capture production and ex-vessel prices
Saint Vincent and the Grenadines,2005,13546051.645463407,USD (1),fis,FAO capture production and ex-vessel prices
Saint Vincent and the Grenadines,2006,20255074.77281128,USD (1),fis,FAO capture production and ex-vessel prices
Saint Vincent and the Grenadines,2007,24176379.095468108,USD (1),fis,FAO capture production and ex-vessel prices
Saint Vincent and the Grenadines,2008,23918946.377818655,USD (1),fis,FAO capture production and ex-vessel prices
Saint Vincent and the Grenadines,2009,23582962.621385917,USD (1),fis,FAO capture production and ex-vessel prices
Saint Vincent and the Grenadines,2010,22626679.484812643,USD (1),fis,FAO capture production and ex-vessel prices
Saint Vincent and the Grenadines,2011,41812548.192062944,USD (1),fis,FAO capture production and ex-vessel prices
Saint Vincent and the Grenadines,2012,7224850.3019019505,USD (1),fis,FAO capture production and ex-vessel prices
Saint Vincent and the Grenadines,2013,18090867.04858554,USD (1),fis,FAO capture production and ex-vessel prices
Saint Vincent and the Grenadines,2014,36935881.268046446,USD (1),fis,FAO capture production and ex-vessel prices
Saint Vincent and the Grenadines,2015,12542020.803433899,USD (1),fis,FAO capture production and ex-vessel prices
Saint Vincent and the Grenadines,2016,9407970.12448772,USD (1),fis,FAO capture production and ex-vessel prices
Saint Vincent and the Grenadines,2017,27658063.366971128,USD (1),fis,FAO capture production and ex-vessel prices
Saint Vincent and the Grenadines,2018,4866478.722685369,USD (1),fis,FAO capture production and ex-vessel prices
Saint Vincent and the Grenadines,2019,4613194.685712481,USD (1),fis,FAO capture production and ex-vessel prices
Saint Vincent and the Grenadines,2020,4937306.283498429,USD (1),fis,FAO capture production and ex-vessel prices
Saint Vincent and the Grenadines,2021,4435538.383920731,USD (1),fis,FAO capture production and ex-vessel prices
Saint Vincent and the Grenadines,2022,3982734.604809273,USD (1),fis,FAO capture production and ex-vessel prices
Saint Vincent and the Grenadines,2023,3623899.043409529,USD (1),fis,FAO capture production and ex-vessel prices
Samoa,1976,0,USD (1),fis,FAO capture production and ex-vessel prices
Samoa,1977,0,USD (1),fis,FAO capture production and ex-vessel prices
Samoa,1978,143200.30201739818,USD (1),fis,FAO capture production and ex-vessel prices
Samoa,1979,638723.8120186167,USD (1),fis,FAO capture production and ex-vessel prices
Samoa,1980,842044.6131335731,USD (1),fis,FAO capture production and ex-vessel prices
Samoa,1981,1890192.9036012874,USD (1),fis,FAO capture production and ex-vessel prices
Samoa,1982,2280075.180667058,USD (1),fis,FAO capture production and ex-vessel prices
Samoa,1983,2112782.3905141703,USD (1),fis,FAO capture production and ex-vessel prices
Samoa,1984,2102792.0280670547,USD (1),fis,FAO capture production and ex-vessel prices
Samoa,1985,1711271.484988677,USD (1),fis,FAO capture production and ex-vessel prices
Samoa,1986,1324198.3261521491,USD (1),fis,FAO capture production and ex-vessel prices
Samoa,1987,1494227.5078467706,USD (1),fis,FAO capture production and ex-vessel prices
Samoa,1988,1352860.106804251,USD (1),fis,FAO capture production and ex-vessel prices
Samoa,1989,708355.3913767359,USD (1),fis,FAO capture production and ex-vessel prices
Samoa,1990,210171.97175839407,USD (1),fis,FAO capture production and ex-vessel prices
Samoa,1991,191890.8620941291,USD (1),fis,FAO capture production and ex-vessel prices
Samoa,1992,1144165.757468754,USD (1),fis,FAO capture production and ex-vessel prices
Samoa,1993,378730.95567094395,USD (1),fis,FAO capture production and ex-vessel prices
Samoa,1994,1010154.8937733569,USD (1),fis,FAO capture production and ex-vessel prices
Samoa,1995,3035754.7804297307,USD (1),fis,FAO capture production and ex-vessel prices
Samoa,1996,3053122.6890115533,USD (1),fis,FAO capture production and ex-vessel prices
Samoa,1997,7054662.467263202,USD (1),fis,FAO capture production and ex-vessel prices
Samoa,1998,8349177.918588406,USD (1),fis,FAO capture production and ex-vessel prices
Samoa,1999,6911029.916487564,USD (1),fis,FAO capture production and ex-vessel prices
Samoa,2000,6852544.402536512,USD (1),fis,FAO capture production and ex-vessel prices
Samoa,2001,7172215.840781441,USD (1),fis,FAO capture production and ex-vessel prices
Samoa,2002,4853691.58792978,USD (1),fis,FAO capture production and ex-vessel prices
Samoa,2003,3195855.134235022,USD (1),fis,FAO capture production and ex-vessel prices
Samoa,2004,2183187.9434269937,USD (1),fis,FAO capture production and ex-vessel prices
Samoa,2005,1831744.2972073345,USD (1),fis,FAO capture production and ex-vessel prices
Samoa,2006,3296386.177128113,USD (1),fis,FAO capture production and ex-vessel prices
Samoa,2007,3988011.3995844675,USD (1),fis,FAO capture production and ex-vessel prices
Samoa,2008,5160186.240288364,USD (1),fis,FAO capture production and ex-vessel prices
Samoa,2009,7218567.153116998,USD (1),fis,FAO capture production and ex-vessel prices
Samoa,2010,5919729.555103221,USD (1),fis,FAO capture production and ex-vessel prices
Samoa,2011,1840391.7374698427,USD (1),fis,FAO capture production and ex-vessel prices
Samoa,2012,2679780.96472353,USD (1),fis,FAO capture production and ex-vessel prices
Samoa,2013,2558345.82464415,USD (1),fis,FAO capture production and ex-vessel prices
Samoa,2014,1473482.1639096448,USD (1),fis,FAO capture production and ex-vessel prices
Samoa,2015,1541697.659649895,USD (1),fis,FAO capture production and ex-vessel prices
Samoa,2016,1865642.1266985547,USD (1),fis,FAO capture production and ex-vessel prices
Samoa,2017,5026605.140177752,USD (1),fis,FAO capture production and ex-vessel prices
Samoa,2018,3434075.764315757,USD (1),fis,FAO capture production and ex-vessel prices
Samoa,2019,5823650.910956349,USD (1),fis,FAO capture production and ex-vessel prices
Samoa,2020,3964445.313954024,USD (1),fis,FAO capture production and ex-vessel prices
Samoa,2021,2705446.476191789,USD (1),fis,FAO capture production and ex-vessel prices
Samoa,2022,3658149.1781280567,USD (1),fis,FAO capture production and ex-vessel prices
Samoa,2023,4572489.167171638,USD (1),fis,FAO capture production and ex-vessel prices
Sao Tome and Principe,1976,41909.694213049435,USD (1),fis,FAO capture production and ex-vessel prices
Sao Tome and Principe,1977,177422.45630010017,USD (1),fis,FAO capture production and ex-vessel prices
Sao Tome and Principe,1978,147293.8345644381,USD (1),fis,FAO capture production and ex-vessel prices
Sao Tome and Principe,1979,77772.10617311194,USD (1),fis,FAO capture production and ex-vessel prices
Sao Tome and Principe,1980,98457.8893418801,USD (1),fis,FAO capture production and ex-vessel prices
Sao Tome and Principe,1981,274283.6299416013,USD (1),fis,FAO capture production and ex-vessel prices
Sao Tome and Principe,1982,243671.629463983,USD (1),fis,FAO capture production and ex-vessel prices
Sao Tome and Principe,1983,274654.30322110443,USD (1),fis,FAO capture production and ex-vessel prices
Sao Tome and Principe,1984,428315.4227960424,USD (1),fis,FAO capture production and ex-vessel prices
Sao Tome and Principe,1985,137542.75709899288,USD (1),fis,FAO capture production and ex-vessel prices
Sao Tome and Principe,1986,138543.6274716602,USD (1),fis,FAO capture production and ex-vessel prices
Sao Tome and Principe,1987,167224.12439387033,USD (1),fis,FAO capture production and ex-vessel prices
Sao Tome and Principe,1988,1560533.4488774904,USD (1),fis,FAO capture production and ex-vessel prices
Sao Tome and Principe,1989,1445190.670772869,USD (1),fis,FAO capture production and ex-vessel prices
Sao Tome and Principe,1990,1216975.004729481,USD (1),fis,FAO capture production and ex-vessel prices
Sao Tome and Principe,1991,1310568.4348374533,USD (1),fis,FAO capture production and ex-vessel prices
Sao Tome and Principe,1992,1468026.5205568129,USD (1),fis,FAO capture production and ex-vessel prices
Sao Tome and Principe,1993,1555114.243005577,USD (1),fis,FAO capture production and ex-vessel prices
Sao Tome and Principe,1994,1584675.9925338584,USD (1),fis,FAO capture production and ex-vessel prices
Sao Tome and Principe,1995,1533514.8521728113,USD (1),fis,FAO capture production and ex-vessel prices
Sao Tome and Principe,1996,1460960.805753546,USD (1),fis,FAO capture production and ex-vessel prices
Sao Tome and Principe,1997,1762165.6791403524,USD (1),fis,FAO capture production and ex-vessel prices
Sao Tome and Principe,1998,1596741.2020081303,USD (1),fis,FAO capture production and ex-vessel prices
Sao Tome and Principe,1999,1485173.6962054416,USD (1),fis,FAO capture production and ex-vessel prices
Sao Tome and Principe,2000,1520213.7059825023,USD (1),fis,FAO capture production and ex-vessel prices
Sao Tome and Principe,2001,2312653.4214442587,USD (1),fis,FAO capture production and ex-vessel prices
Sao Tome and Principe,2002,2219738.5741197313,USD (1),fis,FAO capture production and ex-vessel prices
Sao Tome and Principe,2003,2628946.875698502,USD (1),fis,FAO capture production and ex-vessel prices
Sao Tome and Principe,2004,2302696.4216558053,USD (1),fis,FAO capture production and ex-vessel prices
Sao Tome and Principe,2005,2859257.9210282722,USD (1),fis,FAO capture production and ex-vessel prices
Sao Tome and Principe,2006,2387084.682655935,USD (1),fis,FAO capture production and ex-vessel prices
Sao Tome and Principe,2007,3169147.974586224,USD (1),fis,FAO capture production and ex-vessel prices
Sao Tome and Principe,2008,4859655.8562308,USD (1),fis,FAO capture production and ex-vessel prices
Sao Tome and Principe,2009,5806979.041692502,USD (1),fis,FAO capture production and ex-vessel prices
Sao Tome and Principe,2010,5244727.248352332,USD (1),fis,FAO capture production and ex-vessel prices
Sao Tome and Principe,2011,2849080.1582450634,USD (1),fis,FAO capture production and ex-vessel prices
Sao Tome and Principe,2012,3025725.492797975,USD (1),fis,FAO capture production and ex-vessel prices
Sao Tome and Principe,2013,3739435.5385962934,USD (1),fis,FAO capture production and ex-vessel prices
Sao Tome and Principe,2014,3755137.2714281604,USD (1),fis,FAO capture production and ex-vessel prices
Sao Tome and Principe,2015,11879897.026408253,USD (1),fis,FAO capture production and ex-vessel prices
Sao Tome and Principe,2016,7504107.989094072,USD (1),fis,FAO capture production and ex-vessel prices
Sao Tome and Principe,2017,9408252.028486913,USD (1),fis,FAO capture production and ex-vessel prices
Sao Tome and Principe,2018,4813094.257760576,USD (1),fis,FAO capture production and ex-vessel prices
Sao Tome and Principe,2019,8240517.913463627,USD (1),fis,FAO capture production and ex-vessel prices
Sao Tome and Principe,2020,6475567.698863442,USD (1),fis,FAO capture production and ex-vessel prices
Sao Tome and Principe,2021,7619976.257824505,USD (1),fis,FAO capture production and ex-vessel prices
Sao Tome and Principe,2022,9891187.8118002,USD (1),fis,FAO capture production and ex-vessel prices
Sao Tome and Principe,2023,9139927.968969658,USD (1),fis,FAO capture production and ex-vessel prices
Saudi Arabia,1976,59.04530883712737,USD (1),fis,FAO capture production and ex-vessel prices
Saudi Arabia,1977,58.41858114489145,USD (1),fis,FAO capture production and ex-vessel prices
Saudi Arabia,1978,33696.680072433664,USD (1),fis,FAO capture production and ex-vessel prices
Saudi Arabia,1979,54472.00187374124,USD (1),fis,FAO capture production and ex-vessel prices
Saudi Arabia,1980,71712.56928842413,USD (1),fis,FAO capture production and ex-vessel prices
Saudi Arabia,1981,1830612.4053644969,USD (1),fis,FAO capture production and ex-vessel prices
Saudi Arabia,1982,2725441.398429301,USD (1),fis,FAO capture production and ex-vessel prices
Saudi Arabia,1983,2848569.380767466,USD (1),fis,FAO capture production and ex-vessel prices
Saudi Arabia,1984,3502239.0924342424,USD (1),fis,FAO capture production and ex-vessel prices
Saudi Arabia,1985,10491258.502708752,USD (1),fis,FAO capture production and ex-vessel prices
Saudi Arabia,1986,11988813.96889732,USD (1),fis,FAO capture production and ex-vessel prices
Saudi Arabia,1987,10237013.60806084,USD (1),fis,FAO capture production and ex-vessel prices
Saudi Arabia,1988,6273405.873989376,USD (1),fis,FAO capture production and ex-vessel prices
Saudi Arabia,1989,9427607.53154378,USD (1),fis,FAO capture production and ex-vessel prices
Saudi Arabia,1990,11652197.428526875,USD (1),fis,FAO capture production and ex-vessel prices
Saudi Arabia,1991,10984409.54044018,USD (1),fis,FAO capture production and ex-vessel prices
Saudi Arabia,1992,12639406.764453541,USD (1),fis,FAO capture production and ex-vessel prices
Saudi Arabia,1993,13254715.333919011,USD (1),fis,FAO capture production and ex-vessel prices
Saudi Arabia,1994,19088225.136833746,USD (1),fis,FAO capture production and ex-vessel prices
Saudi Arabia,1995,23413098.056632616,USD (1),fis,FAO capture production and ex-vessel prices
Saudi Arabia,1996,19173537.936268628,USD (1),fis,FAO capture production and ex-vessel prices
Saudi Arabia,1997,15950703.198731165,USD (1),fis,FAO capture production and ex-vessel prices
Saudi Arabia,1998,16896389.547404192,USD (1),fis,FAO capture production and ex-vessel prices
Saudi Arabia,1999,15294752.130138397,USD (1),fis,FAO capture production and ex-vessel prices
Saudi Arabia,2000,74960131.39533396,USD (1),fis,FAO capture production and ex-vessel prices
Saudi Arabia,2001,75834283.63235117,USD (1),fis,FAO capture production and ex-vessel prices
Saudi Arabia,2002,83694604.77532725,USD (1),fis,FAO capture production and ex-vessel prices
Saudi Arabia,2003,83811163.88971902,USD (1),fis,FAO capture production and ex-vessel prices
Saudi Arabia,2004,82620653.785421,USD (1),fis,FAO capture production and ex-vessel prices
Saudi Arabia,2005,100080624.83364592,USD (1),fis,FAO capture production and ex-vessel prices
Saudi Arabia,2006,102516872.50216272,USD (1),fis,FAO capture production and ex-vessel prices
Saudi Arabia,2007,113277215.05897893,USD (1),fis,FAO capture production and ex-vessel prices
Saudi Arabia,2008,127010553.25223918,USD (1),fis,FAO capture production and ex-vessel prices
Saudi Arabia,2009,123831127.04635903,USD (1),fis,FAO capture production and ex-vessel prices
Saudi Arabia,2010,111917571.02052476,USD (1),fis,FAO capture production and ex-vessel prices
Saudi Arabia,2011,111309775.8777804,USD (1),fis,FAO capture production and ex-vessel prices
Saudi Arabia,2012,113673547.69216864,USD (1),fis,FAO capture production and ex-vessel prices
Saudi Arabia,2013,122246632.11540079,USD (1),fis,FAO capture production and ex-vessel prices
Saudi Arabia,2014,131522013.61488867,USD (1),fis,FAO capture production and ex-vessel prices
Saudi Arabia,2015,148174340.2515178,USD (1),fis,FAO capture production and ex-vessel prices
Saudi Arabia,2016,66611479.52144139,USD (1),fis,FAO capture production and ex-vessel prices
Saudi Arabia,2017,75785982.07744606,USD (1),fis,FAO capture production and ex-vessel prices
Saudi Arabia,2018,76460023.64919601,USD (1),fis,FAO capture production and ex-vessel prices
Saudi Arabia,2019,76236104.89845514,USD (1),fis,FAO capture production and ex-vessel prices
Saudi Arabia,2020,74016481.42878391,USD (1),fis,FAO capture production and ex-vessel prices
Saudi Arabia,2021,80820846.03763387,USD (1),fis,FAO capture production and ex-vessel prices
Saudi Arabia,2022,103503813.91924931,USD (1),fis,FAO capture production and ex-vessel prices
Saudi Arabia,2023,98863289.63200068,USD (1),fis,FAO capture production and ex-vessel prices
Senegal,1976,33212668.5217384,USD (1),fis,FAO capture production and ex-vessel prices
Senegal,1977,55142135.64327219,USD (1),fis,FAO capture production and ex-vessel prices
Senegal,1978,61087681.406955905,USD (1),fis,FAO capture production and ex-vessel prices
Senegal,1979,58153964.797367476,USD (1),fis,FAO capture production and ex-vessel prices
Senegal,1980,68358358.66971546,USD (1),fis,FAO capture production and ex-vessel prices
Senegal,1981,86895812.13936251,USD (1),fis,FAO capture production and ex-vessel prices
Senegal,1982,68347316.55833423,USD (1),fis,FAO capture production and ex-vessel prices
Senegal,1983,85587581.59837204,USD (1),fis,FAO capture production and ex-vessel prices
Senegal,1984,90901519.82381009,USD (1),fis,FAO capture production and ex-vessel prices
Senegal,1985,85373604.73144753,USD (1),fis,FAO capture production and ex-vessel prices
Senegal,1986,111810185.53237194,USD (1),fis,FAO capture production and ex-vessel prices
Senegal,1987,72826411.16402662,USD (1),fis,FAO capture production and ex-vessel prices
Senegal,1988,120252207.39731036,USD (1),fis,FAO capture production and ex-vessel prices
Senegal,1989,157264881.34754437,USD (1),fis,FAO capture production and ex-vessel prices
Senegal,1990,158206843.74299848,USD (1),fis,FAO capture production and ex-vessel prices
Senegal,1991,142291303.10438076,USD (1),fis,FAO capture production and ex-vessel prices
Senegal,1992,176608396.01240852,USD (1),fis,FAO capture production and ex-vessel prices
Senegal,1993,190549974.19666335,USD (1),fis,FAO capture production and ex-vessel prices
Senegal,1994,143285579.93359068,USD (1),fis,FAO capture production and ex-vessel prices
Senegal,1995,167103866.3813098,USD (1),fis,FAO capture production and ex-vessel prices
Senegal,1996,176354568.26889968,USD (1),fis,FAO capture production and ex-vessel prices
Senegal,1997,175538918.55516237,USD (1),fis,FAO capture production and ex-vessel prices
Senegal,1998,147539009.24487126,USD (1),fis,FAO capture production and ex-vessel prices
Senegal,1999,127146763.74112208,USD (1),fis,FAO capture production and ex-vessel prices
Senegal,2000,136942118.2476474,USD (1),fis,FAO capture production and ex-vessel prices
Senegal,2001,136435332.74739155,USD (1),fis,FAO capture production and ex-vessel prices
Senegal,2002,111655321.40600017,USD (1),fis,FAO capture production and ex-vessel prices
Senegal,2003,151827380.79403028,USD (1),fis,FAO capture production and ex-vessel prices
Senegal,2004,123107722.29618569,USD (1),fis,FAO capture production and ex-vessel prices
Senegal,2005,119105677.26200753,USD (1),fis,FAO capture production and ex-vessel prices
Senegal,2006,118432701.82873723,USD (1),fis,FAO capture production and ex-vessel prices
Senegal,2007,128100587.13805482,USD (1),fis,FAO capture production and ex-vessel prices
Senegal,2008,180751288.26663017,USD (1),fis,FAO capture production and ex-vessel prices
Senegal,2009,235529582.4411117,USD (1),fis,FAO capture production and ex-vessel prices
Senegal,2010,194214910.6283997,USD (1),fis,FAO capture production and ex-vessel prices
Senegal,2011,256747451.53453803,USD (1),fis,FAO capture production and ex-vessel prices
Senegal,2012,329396137.7115815,USD (1),fis,FAO capture production and ex-vessel prices
Senegal,2013,379534285.4481278,USD (1),fis,FAO capture production and ex-vessel prices
Senegal,2014,361168429.573587,USD (1),fis,FAO capture production and ex-vessel prices
Senegal,2015,348055946.4077848,USD (1),fis,FAO capture production and ex-vessel prices
Senegal,2016,370096670.64888877,USD (1),fis,FAO capture production and ex-vessel prices
Senegal,2017,517333898.024191,USD (1),fis,FAO capture production and ex-vessel prices
Senegal,2018,513182943.9132865,USD (1),fis,FAO capture production and ex-vessel prices
Senegal,2019,534601415.4952962,USD (1),fis,FAO capture production and ex-vessel prices
Senegal,2020,333113961.4113926,USD (1),fis,FAO capture production and ex-vessel prices
Senegal,2021,466950705.88393176,USD (1),fis,FAO capture production and ex-vessel prices
Senegal,2022,665057133.9187421,USD (1),fis,FAO capture production and ex-vessel prices
Senegal,2023,650686825.4427905,USD (1),fis,FAO capture production and ex-vessel prices
Serbia and Montenegro [former],1992,217599.44918743873,USD (1),fis,FAO capture production and ex-vessel prices
Serbia and Montenegro [former],1993,359267.933216442,USD (1),fis,FAO capture production and ex-vessel prices
Serbia and Montenegro [former],1994,368080.5572220225,USD (1),fis,FAO capture production and ex-vessel prices
Serbia and Montenegro [former],1995,598754.9481493051,USD (1),fis,FAO capture production and ex-vessel prices
Serbia and Montenegro [former],1996,613227.24424869,USD (1),fis,FAO capture production and ex-vessel prices
Serbia and Montenegro [former],1997,532049.4590094419,USD (1),fis,FAO capture production and ex-vessel prices
Serbia and Montenegro [former],1998,621395.0787627591,USD (1),fis,FAO capture production and ex-vessel prices
Serbia and Montenegro [former],1999,567051.7408766932,USD (1),fis,FAO capture production and ex-vessel prices
Serbia and Montenegro [former],2000,481913.74857611896,USD (1),fis,FAO capture production and ex-vessel prices
Serbia and Montenegro [former],2001,539447.9756887131,USD (1),fis,FAO capture production and ex-vessel prices
Serbia and Montenegro [former],2002,564699.5470285731,USD (1),fis,FAO capture production and ex-vessel prices
Serbia and Montenegro [former],2003,656619.2313188514,USD (1),fis,FAO capture production and ex-vessel prices
Serbia and Montenegro [former],2004,566170.0038493315,USD (1),fis,FAO capture production and ex-vessel prices
Serbia and Montenegro [former],2005,317251.9383607585,USD (1),fis,FAO capture production and ex-vessel prices
Seychelles,1976,742011.9126195142,USD (1),fis,FAO capture production and ex-vessel prices
Seychelles,1977,806474.1359297569,USD (1),fis,FAO capture production and ex-vessel prices
Seychelles,1978,842276.2921690792,USD (1),fis,FAO capture production and ex-vessel prices
Seychelles,1979,1100110.3816656705,USD (1),fis,FAO capture production and ex-vessel prices
Seychelles,1980,2292638.591453824,USD (1),fis,FAO capture production and ex-vessel prices
Seychelles,1981,2221030.6049624253,USD (1),fis,FAO capture production and ex-vessel prices
Seychelles,1982,1673621.9127086569,USD (1),fis,FAO capture production and ex-vessel prices
Seychelles,1983,1089006.7869011036,USD (1),fis,FAO capture production and ex-vessel prices
Seychelles,1984,1755350.545804303,USD (1),fis,FAO capture production and ex-vessel prices
Seychelles,1985,1097293.71131486,USD (1),fis,FAO capture production and ex-vessel prices
Seychelles,1986,965896.6136927003,USD (1),fis,FAO capture production and ex-vessel prices
Seychelles,1987,787022.6163171579,USD (1),fis,FAO capture production and ex-vessel prices
Seychelles,1988,783062.4906409724,USD (1),fis,FAO capture production and ex-vessel prices
Seychelles,1989,541881.4844923549,USD (1),fis,FAO capture production and ex-vessel prices
Seychelles,1990,678128.2724117328,USD (1),fis,FAO capture production and ex-vessel prices
Seychelles,1991,3217086.144901358,USD (1),fis,FAO capture production and ex-vessel prices
Seychelles,1992,2188376.837559428,USD (1),fis,FAO capture production and ex-vessel prices
Seychelles,1993,639323.0527619652,USD (1),fis,FAO capture production and ex-vessel prices
Seychelles,1994,886261.0286368656,USD (1),fis,FAO capture production and ex-vessel prices
Seychelles,1995,502438.29198949924,USD (1),fis,FAO capture production and ex-vessel prices
Seychelles,1996,1257314.2168647305,USD (1),fis,FAO capture production and ex-vessel prices
Seychelles,1997,15704867.799303716,USD (1),fis,FAO capture production and ex-vessel prices
Seychelles,1998,28202510.23855444,USD (1),fis,FAO capture production and ex-vessel prices
Seychelles,1999,39191334.29488145,USD (1),fis,FAO capture production and ex-vessel prices
Seychelles,2000,38313241.59106167,USD (1),fis,FAO capture production and ex-vessel prices
Seychelles,2001,70785222.59233901,USD (1),fis,FAO capture production and ex-vessel prices
Seychelles,2002,77773628.11731087,USD (1),fis,FAO capture production and ex-vessel prices
Seychelles,2003,96424233.44873196,USD (1),fis,FAO capture production and ex-vessel prices
Seychelles,2004,118280116.62128952,USD (1),fis,FAO capture production and ex-vessel prices
Seychelles,2005,145789286.73828396,USD (1),fis,FAO capture production and ex-vessel prices
Seychelles,2006,135764258.7379515,USD (1),fis,FAO capture production and ex-vessel prices
Seychelles,2007,99303771.90996945,USD (1),fis,FAO capture production and ex-vessel prices
Seychelles,2008,169511453.56830052,USD (1),fis,FAO capture production and ex-vessel prices
Seychelles,2009,221213987.68088505,USD (1),fis,FAO capture production and ex-vessel prices
Seychelles,2010,200843906.85335022,USD (1),fis,FAO capture production and ex-vessel prices
Seychelles,2011,90869233.93326654,USD (1),fis,FAO capture production and ex-vessel prices
Seychelles,2012,91669287.4602435,USD (1),fis,FAO capture production and ex-vessel prices
Seychelles,2013,116889137.71317868,USD (1),fis,FAO capture production and ex-vessel prices
Seychelles,2014,107430552.84597555,USD (1),fis,FAO capture production and ex-vessel prices
Seychelles,2015,152188714.01780242,USD (1),fis,FAO capture production and ex-vessel prices
Seychelles,2016,200917667.03264853,USD (1),fis,FAO capture production and ex-vessel prices
Seychelles,2017,268264142.85830998,USD (1),fis,FAO capture production and ex-vessel prices
Seychelles,2018,271476455.2568385,USD (1),fis,FAO capture production and ex-vessel prices
Seychelles,2019,239550803.78464034,USD (1),fis,FAO capture production and ex-vessel prices
Seychelles,2020,250310492.60806894,USD (1),fis,FAO capture production and ex-vessel prices
Seychelles,2021,271840026.3764283,USD (1),fis,FAO capture production and ex-vessel prices
Seychelles,2022,282623766.72219455,USD (1),fis,FAO capture production and ex-vessel prices
Seychelles,2023,295105455.6001306,USD (1),fis,FAO capture production and ex-vessel prices
Sierra Leone,1976,7217545.711625546,USD (1),fis,FAO capture production and ex-vessel prices
Sierra Leone,1977,9921299.1083001,USD (1),fis,FAO capture production and ex-vessel prices
Sierra Leone,1978,12778184.28001035,USD (1),fis,FAO capture production and ex-vessel prices
Sierra Leone,1979,11311129.447354779,USD (1),fis,FAO capture production and ex-vessel prices
Sierra Leone,1980,13869849.942321047,USD (1),fis,FAO capture production and ex-vessel prices
Sierra Leone,1981,24288697.331599325,USD (1),fis,FAO capture production and ex-vessel prices
Sierra Leone,1982,26086946.73158486,USD (1),fis,FAO capture production and ex-vessel prices
Sierra Leone,1983,21532832.794444162,USD (1),fis,FAO capture production and ex-vessel prices
Sierra Leone,1984,23945143.55531224,USD (1),fis,FAO capture production and ex-vessel prices
Sierra Leone,1985,19604624.41184835,USD (1),fis,FAO capture production and ex-vessel prices
Sierra Leone,1986,5055266.2744854605,USD (1),fis,FAO capture production and ex-vessel prices
Sierra Leone,1987,6821536.858003813,USD (1),fis,FAO capture production and ex-vessel prices
Sierra Leone,1988,20723235.544492148,USD (1),fis,FAO capture production and ex-vessel prices
Sierra Leone,1989,23412322.962512814,USD (1),fis,FAO capture production and ex-vessel prices
Sierra Leone,1990,35387189.820479564,USD (1),fis,FAO capture production and ex-vessel prices
Sierra Leone,1991,22500886.35761962,USD (1),fis,FAO capture production and ex-vessel prices
Sierra Leone,1992,15881241.292468632,USD (1),fis,FAO capture production and ex-vessel prices
Sierra Leone,1993,19743904.52134642,USD (1),fis,FAO capture production and ex-vessel prices
Sierra Leone,1994,17619800.446980894,USD (1),fis,FAO capture production and ex-vessel prices
Sierra Leone,1995,22143545.44893822,USD (1),fis,FAO capture production and ex-vessel prices
Sierra Leone,1996,21413203.462376952,USD (1),fis,FAO capture production and ex-vessel prices
Sierra Leone,1997,22374257.588089943,USD (1),fis,FAO capture production and ex-vessel prices
Sierra Leone,1998,14949556.019510373,USD (1),fis,FAO capture production and ex-vessel prices
Sierra Leone,1999,12316386.25695707,USD (1),fis,FAO capture production and ex-vessel prices
Sierra Leone,2000,31616486.07820579,USD (1),fis,FAO capture production and ex-vessel prices
Sierra Leone,2001,15372953.986804932,USD (1),fis,FAO capture production and ex-vessel prices
Sierra Leone,2002,16625995.125975149,USD (1),fis,FAO capture production and ex-vessel prices
Sierra Leone,2003,23034952.639242228,USD (1),fis,FAO capture production and ex-vessel prices
Sierra Leone,2004,41328787.34313865,USD (1),fis,FAO capture production and ex-vessel prices
Sierra Leone,2005,47588858.262397885,USD (1),fis,FAO capture production and ex-vessel prices
Sierra Leone,2006,52261535.27270637,USD (1),fis,FAO capture production and ex-vessel prices
Sierra Leone,2007,57690343.699407674,USD (1),fis,FAO capture production and ex-vessel prices
Sierra Leone,2008,100743927.36670056,USD (1),fis,FAO capture production and ex-vessel prices
Sierra Leone,2009,113129516.69870321,USD (1),fis,FAO capture production and ex-vessel prices
Sierra Leone,2010,117976052.9658249,USD (1),fis,FAO capture production and ex-vessel prices
Sierra Leone,2011,142417911.5179341,USD (1),fis,FAO capture production and ex-vessel prices
Sierra Leone,2012,334801441.7698001,USD (1),fis,FAO capture production and ex-vessel prices
Sierra Leone,2013,194803405.50657597,USD (1),fis,FAO capture production and ex-vessel prices
Sierra Leone,2014,208521281.4741848,USD (1),fis,FAO capture production and ex-vessel prices
Sierra Leone,2015,213372133.37521303,USD (1),fis,FAO capture production and ex-vessel prices
Sierra Leone,2016,176571442.73821297,USD (1),fis,FAO capture production and ex-vessel prices
Sierra Leone,2017,220012982.09384036,USD (1),fis,FAO capture production and ex-vessel prices
Sierra Leone,2018,205924129.89196995,USD (1),fis,FAO capture production and ex-vessel prices
Sierra Leone,2019,214470673.004491,USD (1),fis,FAO capture production and ex-vessel prices
Sierra Leone,2020,213421521.24214566,USD (1),fis,FAO capture production and ex-vessel prices
Sierra Leone,2021,228791766.69090274,USD (1),fis,FAO capture production and ex-vessel prices
Sierra Leone,2022,323698752.51347715,USD (1),fis,FAO capture production and ex-vessel prices
Sierra Leone,2023,281377489.63027966,USD (1),fis,FAO capture production and ex-vessel prices
Singapore,1976,161854.50902633835,USD (1),fis,FAO capture production and ex-vessel prices
Singapore,1977,427720.61542373244,USD (1),fis,FAO capture production and ex-vessel prices
Singapore,1978,438929.0086704223,USD (1),fis,FAO capture production and ex-vessel prices
Singapore,1979,811080.2050895201,USD (1),fis,FAO capture production and ex-vessel prices
Singapore,1980,2734766.1218845565,USD (1),fis,FAO capture production and ex-vessel prices
Singapore,1981,795144.3102226814,USD (1),fis,FAO capture production and ex-vessel prices
Singapore,1982,937619.244786816,USD (1),fis,FAO capture production and ex-vessel prices
Singapore,1983,1118228.3748110428,USD (1),fis,FAO capture production and ex-vessel prices
Singapore,1984,1464803.7497271406,USD (1),fis,FAO capture production and ex-vessel prices
Singapore,1985,1388881.9912666585,USD (1),fis,FAO capture production and ex-vessel prices
Singapore,1986,1609460.3597352216,USD (1),fis,FAO capture production and ex-vessel prices
Singapore,1987,743549.0722563991,USD (1),fis,FAO capture production and ex-vessel prices
Singapore,1988,1122227.1869227195,USD (1),fis,FAO capture production and ex-vessel prices
Singapore,1989,902505.0506519154,USD (1),fis,FAO capture production and ex-vessel prices
Singapore,1990,1431293.411848878,USD (1),fis,FAO capture production and ex-vessel prices
Singapore,1991,1281248.5769389907,USD (1),fis,FAO capture production and ex-vessel prices
Singapore,1992,1973037.7848868677,USD (1),fis,FAO capture production and ex-vessel prices
Singapore,1993,1292287.3729316425,USD (1),fis,FAO capture production and ex-vessel prices
Singapore,1994,991036.1060920083,USD (1),fis,FAO capture production and ex-vessel prices
Singapore,1995,814171.9644482497,USD (1),fis,FAO capture production and ex-vessel prices
Singapore,1996,981558.0070061312,USD (1),fis,FAO capture production and ex-vessel prices
Singapore,1997,798345.8123300221,USD (1),fis,FAO capture production and ex-vessel prices
Singapore,1998,484828.7826464604,USD (1),fis,FAO capture production and ex-vessel prices
Singapore,1999,433975.2244806722,USD (1),fis,FAO capture production and ex-vessel prices
Singapore,2000,304438.7101881124,USD (1),fis,FAO capture production and ex-vessel prices
Singapore,2001,272156.638791948,USD (1),fis,FAO capture production and ex-vessel prices
Singapore,2002,157564.49228274825,USD (1),fis,FAO capture production and ex-vessel prices
Singapore,2003,137942.58287820005,USD (1),fis,FAO capture production and ex-vessel prices
Singapore,2004,144754.48675329136,USD (1),fis,FAO capture production and ex-vessel prices
Singapore,2005,214422.60194932888,USD (1),fis,FAO capture production and ex-vessel prices
Singapore,2006,395411.3313949996,USD (1),fis,FAO capture production and ex-vessel prices
Singapore,2007,482968.18966923875,USD (1),fis,FAO capture production and ex-vessel prices
Singapore,2008,265487.6025931457,USD (1),fis,FAO capture production and ex-vessel prices
Singapore,2009,312428.1381840537,USD (1),fis,FAO capture production and ex-vessel prices
Singapore,2010,265546.65991786803,USD (1),fis,FAO capture production and ex-vessel prices
Singapore,2011,290984.8018088163,USD (1),fis,FAO capture production and ex-vessel prices
Singapore,2012,330068.9221397389,USD (1),fis,FAO capture production and ex-vessel prices
Singapore,2013,290365.7821160442,USD (1),fis,FAO capture production and ex-vessel prices
Singapore,2014,289009.3864665086,USD (1),fis,FAO capture production and ex-vessel prices
Singapore,2015,421035.6345500124,USD (1),fis,FAO capture production and ex-vessel prices
Singapore,2016,377954.7431211222,USD (1),fis,FAO capture production and ex-vessel prices
Singapore,2017,296521.2929940656,USD (1),fis,FAO capture production and ex-vessel prices
Singapore,2018,251408.5075986759,USD (1),fis,FAO capture production and ex-vessel prices
Singapore,2019,271686.61539107945,USD (1),fis,FAO capture production and ex-vessel prices
Singapore,2020,126675.5291173816,USD (1),fis,FAO capture production and ex-vessel prices
Singapore,2021,71609.65431172878,USD (1),fis,FAO capture production and ex-vessel prices
Singapore,2022,84339.39793969518,USD (1),fis,FAO capture production and ex-vessel prices
Singapore,2023,64398.13007728738,USD (1),fis,FAO capture production and ex-vessel prices
Sint Maarten (Dutch part),2011,0,USD (1),fis,FAO capture production and ex-vessel prices
Sint Maarten (Dutch part),2012,0,USD (1),fis,FAO capture production and ex-vessel prices
Sint Maarten (Dutch part),2013,0,USD (1),fis,FAO capture production and ex-vessel prices
Sint Maarten (Dutch part),2014,0,USD (1),fis,FAO capture production and ex-vessel prices
Sint Maarten (Dutch part),2015,0,USD (1),fis,FAO capture production and ex-vessel prices
Sint Maarten (Dutch part),2016,0,USD (1),fis,FAO capture production and ex-vessel prices
Sint Maarten (Dutch part),2017,0,USD (1),fis,FAO capture production and ex-vessel prices
Sint Maarten (Dutch part),2018,0,USD (1),fis,FAO capture production and ex-vessel prices
Sint Maarten (Dutch part),2019,0,USD (1),fis,FAO capture production and ex-vessel prices
Sint Maarten (Dutch part),2020,0,USD (1),fis,FAO capture production and ex-vessel prices
Sint Maarten (Dutch part),2021,0,USD (1),fis,FAO capture production and ex-vessel prices
Sint Maarten (Dutch part),2022,0,USD (1),fis,FAO capture production and ex-vessel prices
Sint Maarten (Dutch part),2023,0,USD (1),fis,FAO capture production and ex-vessel prices
Slovenia,1992,2314415.201618826,USD (1),fis,FAO capture production and ex-vessel prices
Slovenia,1993,1117187.9048632788,USD (1),fis,FAO capture production and ex-vessel prices
Slovenia,1994,777103.659537085,USD (1),fis,FAO capture production and ex-vessel prices
Slovenia,1995,927227.4991853359,USD (1),fis,FAO capture production and ex-vessel prices
Slovenia,1996,1020267.565326516,USD (1),fis,FAO capture production and ex-vessel prices
Slovenia,1997,1156039.2816543796,USD (1),fis,FAO capture production and ex-vessel prices
Slovenia,1998,1123720.7185822744,USD (1),fis,FAO capture production and ex-vessel prices
Slovenia,1999,1201870.2811544503,USD (1),fis,FAO capture production and ex-vessel prices
Slovenia,2000,968471.2166255445,USD (1),fis,FAO capture production and ex-vessel prices
Slovenia,2001,837525.0662978531,USD (1),fis,FAO capture production and ex-vessel prices
Slovenia,2002,772973.0127906846,USD (1),fis,FAO capture production and ex-vessel prices
Slovenia,2003,682295.1063442609,USD (1),fis,FAO capture production and ex-vessel prices
Slovenia,2004,618623.9705271149,USD (1),fis,FAO capture production and ex-vessel prices
Slovenia,2005,827942.1621223172,USD (1),fis,FAO capture production and ex-vessel prices
Slovenia,2006,789548.7106106764,USD (1),fis,FAO capture production and ex-vessel prices
Slovenia,2007,833200.733836295,USD (1),fis,FAO capture production and ex-vessel prices
Slovenia,2008,633322.9064874583,USD (1),fis,FAO capture production and ex-vessel prices
Slovenia,2009,760475.5502027618,USD (1),fis,FAO capture production and ex-vessel prices
Slovenia,2010,650007.146529529,USD (1),fis,FAO capture production and ex-vessel prices
Slovenia,2011,917970.162703704,USD (1),fis,FAO capture production and ex-vessel prices
Slovenia,2012,504941.9790127393,USD (1),fis,FAO capture production and ex-vessel prices
Slovenia,2013,408195.0273270644,USD (1),fis,FAO capture production and ex-vessel prices
Slovenia,2014,471344.4138231756,USD (1),fis,FAO capture production and ex-vessel prices
Slovenia,2015,393946.692739015,USD (1),fis,FAO capture production and ex-vessel prices
Slovenia,2016,304642.7242064176,USD (1),fis,FAO capture production and ex-vessel prices
Slovenia,2017,279433.08775753423,USD (1),fis,FAO capture production and ex-vessel prices
Slovenia,2018,277379.2795658158,USD (1),fis,FAO capture production and ex-vessel prices
Slovenia,2019,427099.86336981,USD (1),fis,FAO capture production and ex-vessel prices
Slovenia,2020,382853.81175653345,USD (1),fis,FAO capture production and ex-vessel prices
Slovenia,2021,283930.0334332015,USD (1),fis,FAO capture production and ex-vessel prices
Slovenia,2022,357776.1869566847,USD (1),fis,FAO capture production and ex-vessel prices
Slovenia,2023,339179.6501327953,USD (1),fis,FAO capture production and ex-vessel prices
Solomon Islands,1976,16463732.756207317,USD (1),fis,FAO capture production and ex-vessel prices
Solomon Islands,1977,15756866.398512743,USD (1),fis,FAO capture production and ex-vessel prices
Solomon Islands,1978,22901959.4932194,USD (1),fis,FAO capture production and ex-vessel prices
Solomon Islands,1979,35870744.61234788,USD (1),fis,FAO capture production and ex-vessel prices
Solomon Islands,1980,45870978.52827927,USD (1),fis,FAO capture production and ex-vessel prices
Solomon Islands,1981,42680821.62800874,USD (1),fis,FAO capture production and ex-vessel prices
Solomon Islands,1982,28229580.095788486,USD (1),fis,FAO capture production and ex-vessel prices
Solomon Islands,1983,44207189.378116116,USD (1),fis,FAO capture production and ex-vessel prices
Solomon Islands,1984,41295793.201664776,USD (1),fis,FAO capture production and ex-vessel prices
Solomon Islands,1985,36335718.74917821,USD (1),fis,FAO capture production and ex-vessel prices
Solomon Islands,1986,56318077.22855656,USD (1),fis,FAO capture production and ex-vessel prices
Solomon Islands,1987,40315889.482797146,USD (1),fis,FAO capture production and ex-vessel prices
Solomon Islands,1988,65213229.30086592,USD (1),fis,FAO capture production and ex-vessel prices
Solomon Islands,1989,45234814.01663269,USD (1),fis,FAO capture production and ex-vessel prices
Solomon Islands,1990,30335052.372403037,USD (1),fis,FAO capture production and ex-vessel prices
Solomon Islands,1991,53219227.88702883,USD (1),fis,FAO capture production and ex-vessel prices
Solomon Islands,1992,30297068.296544906,USD (1),fis,FAO capture production and ex-vessel prices
Solomon Islands,1993,32428121.28786436,USD (1),fis,FAO capture production and ex-vessel prices
Solomon Islands,1994,45930636.86313098,USD (1),fis,FAO capture production and ex-vessel prices
Solomon Islands,1995,66929546.26918033,USD (1),fis,FAO capture production and ex-vessel prices
Solomon Islands,1996,48235022.32120711,USD (1),fis,FAO capture production and ex-vessel prices
Solomon Islands,1997,62504937.536767334,USD (1),fis,FAO capture production and ex-vessel prices
Solomon Islands,1998,63767288.0779383,USD (1),fis,FAO capture production and ex-vessel prices
Solomon Islands,1999,50870586.597124636,USD (1),fis,FAO capture production and ex-vessel prices
Solomon Islands,2000,16612143.823763382,USD (1),fis,FAO capture production and ex-vessel prices
Solomon Islands,2001,20735674.670266718,USD (1),fis,FAO capture production and ex-vessel prices
Solomon Islands,2002,20313890.633303866,USD (1),fis,FAO capture production and ex-vessel prices
Solomon Islands,2003,30204930.979673386,USD (1),fis,FAO capture production and ex-vessel prices
Solomon Islands,2004,26681124.94770047,USD (1),fis,FAO capture production and ex-vessel prices
Solomon Islands,2005,26457219.97019858,USD (1),fis,FAO capture production and ex-vessel prices
Solomon Islands,2006,43587389.8167501,USD (1),fis,FAO capture production and ex-vessel prices
Solomon Islands,2007,32014025.394550387,USD (1),fis,FAO capture production and ex-vessel prices
Solomon Islands,2008,43081949.91553586,USD (1),fis,FAO capture production and ex-vessel prices
Solomon Islands,2009,46326379.208664745,USD (1),fis,FAO capture production and ex-vessel prices
Solomon Islands,2010,58717660.87280489,USD (1),fis,FAO capture production and ex-vessel prices
Solomon Islands,2011,33235325.332154967,USD (1),fis,FAO capture production and ex-vessel prices
Solomon Islands,2012,37636470.75290374,USD (1),fis,FAO capture production and ex-vessel prices
Solomon Islands,2013,44171057.02244388,USD (1),fis,FAO capture production and ex-vessel prices
Solomon Islands,2014,83538314.182954,USD (1),fis,FAO capture production and ex-vessel prices
Solomon Islands,2015,83184087.59473306,USD (1),fis,FAO capture production and ex-vessel prices
Solomon Islands,2016,93615354.06811258,USD (1),fis,FAO capture production and ex-vessel prices
Solomon Islands,2017,88952341.60326137,USD (1),fis,FAO capture production and ex-vessel prices
Solomon Islands,2018,113928674.44097455,USD (1),fis,FAO capture production and ex-vessel prices
Solomon Islands,2019,116877249.82635902,USD (1),fis,FAO capture production and ex-vessel prices
Solomon Islands,2020,71427011.63273494,USD (1),fis,FAO capture production and ex-vessel prices
Solomon Islands,2021,92099182.54782788,USD (1),fis,FAO capture production and ex-vessel prices
Solomon Islands,2022,96476710.25546147,USD (1),fis,FAO capture production and ex-vessel prices
Solomon Islands,2023,82534856.71831585,USD (1),fis,FAO capture production and ex-vessel prices
Somalia,1976,0,USD (1),fis,FAO capture production and ex-vessel prices
Somalia,1977,0,USD (1),fis,FAO capture production and ex-vessel prices
Somalia,1978,0,USD (1),fis,FAO capture production and ex-vessel prices
Somalia,1979,0,USD (1),fis,FAO capture production and ex-vessel prices
Somalia,1980,0,USD (1),fis,FAO capture production and ex-vessel prices
Somalia,1981,0,USD (1),fis,FAO capture production and ex-vessel prices
Somalia,1982,0,USD (1),fis,FAO capture production and ex-vessel prices
Somalia,1983,0,USD (1),fis,FAO capture production and ex-vessel prices
Somalia,1984,0,USD (1),fis,FAO capture production and ex-vessel prices
Somalia,1985,0,USD (1),fis,FAO capture production and ex-vessel prices
Somalia,1986,0,USD (1),fis,FAO capture production and ex-vessel prices
Somalia,1987,0,USD (1),fis,FAO capture production and ex-vessel prices
Somalia,1988,0,USD (1),fis,FAO capture production and ex-vessel prices
Somalia,1989,0,USD (1),fis,FAO capture production and ex-vessel prices
Somalia,1990,0,USD (1),fis,FAO capture production and ex-vessel prices
Somalia,1991,0,USD (1),fis,FAO capture production and ex-vessel prices
Somalia,1992,0,USD (1),fis,FAO capture production and ex-vessel prices
Somalia,1993,0,USD (1),fis,FAO capture production and ex-vessel prices
Somalia,1994,0,USD (1),fis,FAO capture production and ex-vessel prices
Somalia,1995,0,USD (1),fis,FAO capture production and ex-vessel prices
Somalia,1996,0,USD (1),fis,FAO capture production and ex-vessel prices
Somalia,1997,0,USD (1),fis,FAO capture production and ex-vessel prices
Somalia,1998,0,USD (1),fis,FAO capture production and ex-vessel prices
Somalia,1999,0,USD (1),fis,FAO capture production and ex-vessel prices
Somalia,2000,0,USD (1),fis,FAO capture production and ex-vessel prices
Somalia,2001,0,USD (1),fis,FAO capture production and ex-vessel prices
Somalia,2002,0,USD (1),fis,FAO capture production and ex-vessel prices
Somalia,2003,0,USD (1),fis,FAO capture production and ex-vessel prices
Somalia,2004,0,USD (1),fis,FAO capture production and ex-vessel prices
Somalia,2005,0,USD (1),fis,FAO capture production and ex-vessel prices
Somalia,2006,0,USD (1),fis,FAO capture production and ex-vessel prices
Somalia,2007,0,USD (1),fis,FAO capture production and ex-vessel prices
Somalia,2008,0,USD (1),fis,FAO capture production and ex-vessel prices
Somalia,2009,0,USD (1),fis,FAO capture production and ex-vessel prices
Somalia,2010,0,USD (1),fis,FAO capture production and ex-vessel prices
Somalia,2011,0,USD (1),fis,FAO capture production and ex-vessel prices
Somalia,2012,0,USD (1),fis,FAO capture production and ex-vessel prices
Somalia,2013,0,USD (1),fis,FAO capture production and ex-vessel prices
Somalia,2014,0,USD (1),fis,FAO capture production and ex-vessel prices
Somalia,2015,0,USD (1),fis,FAO capture production and ex-vessel prices
Somalia,2016,0,USD (1),fis,FAO capture production and ex-vessel prices
Somalia,2017,0,USD (1),fis,FAO capture production and ex-vessel prices
Somalia,2018,0,USD (1),fis,FAO capture production and ex-vessel prices
Somalia,2019,0,USD (1),fis,FAO capture production and ex-vessel prices
Somalia,2020,0,USD (1),fis,FAO capture production and ex-vessel prices
Somalia,2021,0,USD (1),fis,FAO capture production and ex-vessel prices
Somalia,2022,0,USD (1),fis,FAO capture production and ex-vessel prices
Somalia,2023,0,USD (1),fis,FAO capture production and ex-vessel prices
South Africa,1976,303321879.0924164,USD (1),fis,FAO capture production and ex-vessel prices
South Africa,1977,474747217.9404663,USD (1),fis,FAO capture production and ex-vessel prices
South Africa,1978,756894244.9400425,USD (1),fis,FAO capture production and ex-vessel prices
South Africa,1979,692994045.1753824,USD (1),fis,FAO capture production and ex-vessel prices
South Africa,1980,730438444.7718772,USD (1),fis,FAO capture production and ex-vessel prices
South Africa,1981,677230920.260377,USD (1),fis,FAO capture production and ex-vessel prices
South Africa,1982,563997720.7629703,USD (1),fis,FAO capture production and ex-vessel prices
South Africa,1983,550084409.4630034,USD (1),fis,FAO capture production and ex-vessel prices
South Africa,1984,477666350.2824554,USD (1),fis,FAO capture production and ex-vessel prices
South Africa,1985,520156241.57208425,USD (1),fis,FAO capture production and ex-vessel prices
South Africa,1986,577054216.1367996,USD (1),fis,FAO capture production and ex-vessel prices
South Africa,1987,1255070306.0260935,USD (1),fis,FAO capture production and ex-vessel prices
South Africa,1988,1112488222.3409903,USD (1),fis,FAO capture production and ex-vessel prices
South Africa,1989,721062405.4222765,USD (1),fis,FAO capture production and ex-vessel prices
South Africa,1990,474795605.3039044,USD (1),fis,FAO capture production and ex-vessel prices
South Africa,1991,476222212.20695835,USD (1),fis,FAO capture production and ex-vessel prices
South Africa,1992,649592586.6107646,USD (1),fis,FAO capture production and ex-vessel prices
South Africa,1993,479934286.5599627,USD (1),fis,FAO capture production and ex-vessel prices
South Africa,1994,357925384.7811081,USD (1),fis,FAO capture production and ex-vessel prices
South Africa,1995,435300953.35191244,USD (1),fis,FAO capture production and ex-vessel prices
South Africa,1996,281619429.5953868,USD (1),fis,FAO capture production and ex-vessel prices
South Africa,1997,302114746.80851716,USD (1),fis,FAO capture production and ex-vessel prices
South Africa,1998,363966836.66047335,USD (1),fis,FAO capture production and ex-vessel prices
South Africa,1999,439073235.5499471,USD (1),fis,FAO capture production and ex-vessel prices
South Africa,2000,494316998.0084993,USD (1),fis,FAO capture production and ex-vessel prices
South Africa,2001,544375081.4696004,USD (1),fis,FAO capture production and ex-vessel prices
South Africa,2002,504397449.2933735,USD (1),fis,FAO capture production and ex-vessel prices
South Africa,2003,528374373.5072236,USD (1),fis,FAO capture production and ex-vessel prices
South Africa,2004,493034522.5313511,USD (1),fis,FAO capture production and ex-vessel prices
South Africa,2005,594499638.6746023,USD (1),fis,FAO capture production and ex-vessel prices
South Africa,2006,430255277.7653871,USD (1),fis,FAO capture production and ex-vessel prices
South Africa,2007,605046811.7061893,USD (1),fis,FAO capture production and ex-vessel prices
South Africa,2008,662642796.2760706,USD (1),fis,FAO capture production and ex-vessel prices
South Africa,2009,567653125.1736424,USD (1),fis,FAO capture production and ex-vessel prices
South Africa,2010,663597142.3340744,USD (1),fis,FAO capture production and ex-vessel prices
South Africa,2011,773661773.048302,USD (1),fis,FAO capture production and ex-vessel prices
South Africa,2012,1246726288.6187146,USD (1),fis,FAO capture production and ex-vessel prices
South Africa,2013,621416214.411615,USD (1),fis,FAO capture production and ex-vessel prices
South Africa,2014,1186270764.5059292,USD (1),fis,FAO capture production and ex-vessel prices
South Africa,2015,932690930.1663654,USD (1),fis,FAO capture production and ex-vessel prices
South Africa,2016,1086793101.5357614,USD (1),fis,FAO capture production and ex-vessel prices
South Africa,2017,1045444024.294931,USD (1),fis,FAO capture production and ex-vessel prices
South Africa,2018,1173856249.8475266,USD (1),fis,FAO capture production and ex-vessel prices
South Africa,2019,959957257.094703,USD (1),fis,FAO capture production and ex-vessel prices
South Africa,2020,941020584.2858771,USD (1),fis,FAO capture production and ex-vessel prices
South Africa,2021,736697944.43079,USD (1),fis,FAO capture production and ex-vessel prices
South Africa,2022,687737085.8424978,USD (1),fis,FAO capture production and ex-vessel prices
South Africa,2023,585072592.181856,USD (1),fis,FAO capture production and ex-vessel prices
Spain,1976,412372729.9775024,USD (1),fis,FAO capture production and ex-vessel prices
Spain,1977,433755483.8697694,USD (1),fis,FAO capture production and ex-vessel prices
Spain,1978,456415666.57643753,USD (1),fis,FAO capture production and ex-vessel prices
Spain,1979,467953078.18426716,USD (1),fis,FAO capture production and ex-vessel prices
Spain,1980,600277697.2155383,USD (1),fis,FAO capture production and ex-vessel prices
Spain,1981,634067907.8391675,USD (1),fis,FAO capture production and ex-vessel prices
Spain,1982,567974546.9373748,USD (1),fis,FAO capture production and ex-vessel prices
Spain,1983,581807020.6037853,USD (1),fis,FAO capture production and ex-vessel prices
Spain,1984,591920428.2304691,USD (1),fis,FAO capture production and ex-vessel prices
Spain,1985,623117174.9153293,USD (1),fis,FAO capture production and ex-vessel prices
Spain,1986,766481930.6328628,USD (1),fis,FAO capture production and ex-vessel prices
Spain,1987,870671188.3206847,USD (1),fis,FAO capture production and ex-vessel prices
Spain,1988,1018160237.4429295,USD (1),fis,FAO capture production and ex-vessel prices
Spain,1989,1122265885.5078583,USD (1),fis,FAO capture production and ex-vessel prices
Spain,1990,952637052.1275241,USD (1),fis,FAO capture production and ex-vessel prices
Spain,1991,902577890.6488669,USD (1),fis,FAO capture production and ex-vessel prices
Spain,1992,1006362593.8381215,USD (1),fis,FAO capture production and ex-vessel prices
Spain,1993,1036951047.1973994,USD (1),fis,FAO capture production and ex-vessel prices
Spain,1994,1167255772.175986,USD (1),fis,FAO capture production and ex-vessel prices
Spain,1995,1173871732.5351562,USD (1),fis,FAO capture production and ex-vessel prices
Spain,1996,1015389966.3103415,USD (1),fis,FAO capture production and ex-vessel prices
Spain,1997,1012168977.6759129,USD (1),fis,FAO capture production and ex-vessel prices
Spain,1998,1016894589.389291,USD (1),fis,FAO capture production and ex-vessel prices
Spain,1999,1054867107.7232028,USD (1),fis,FAO capture production and ex-vessel prices
Spain,2000,1018889384.8386431,USD (1),fis,FAO capture production and ex-vessel prices
Spain,2001,928429497.255662,USD (1),fis,FAO capture production and ex-vessel prices
Spain,2002,758335158.9517545,USD (1),fis,FAO capture production and ex-vessel prices
Spain,2003,826590689.4988316,USD (1),fis,FAO capture production and ex-vessel prices
Spain,2004,797094841.2347693,USD (1),fis,FAO capture production and ex-vessel prices
Spain,2005,864925896.6969651,USD (1),fis,FAO capture production and ex-vessel prices
Spain,2006,995053471.1032622,USD (1),fis,FAO capture production and ex-vessel prices
Spain,2007,848776620.6343919,USD (1),fis,FAO capture production and ex-vessel prices
Spain,2008,1327472365.4168613,USD (1),fis,FAO capture production and ex-vessel prices
Spain,2009,1493452036.9629004,USD (1),fis,FAO capture production and ex-vessel prices
Spain,2010,1403552925.3036182,USD (1),fis,FAO capture production and ex-vessel prices
Spain,2011,1294895829.629514,USD (1),fis,FAO capture production and ex-vessel prices
Spain,2012,1306875076.3087876,USD (1),fis,FAO capture production and ex-vessel prices
Spain,2013,1446750584.1055691,USD (1),fis,FAO capture production and ex-vessel prices
Spain,2014,1500847229.5203502,USD (1),fis,FAO capture production and ex-vessel prices
Spain,2015,1344538289.141025,USD (1),fis,FAO capture production and ex-vessel prices
Spain,2016,1334294935.75857,USD (1),fis,FAO capture production and ex-vessel prices
Spain,2017,1604172234.537514,USD (1),fis,FAO capture production and ex-vessel prices
Spain,2018,1596255417.1332433,USD (1),fis,FAO capture production and ex-vessel prices
Spain,2019,1400461887.262562,USD (1),fis,FAO capture production and ex-vessel prices
Spain,2020,1290843582.762915,USD (1),fis,FAO capture production and ex-vessel prices
Spain,2021,1403554530.3819256,USD (1),fis,FAO capture production and ex-vessel prices
Spain,2022,1649170054.050726,USD (1),fis,FAO capture production and ex-vessel prices
Spain,2023,1548067959.6823633,USD (1),fis,FAO capture production and ex-vessel prices
Sri Lanka,1976,26775656.445192553,USD (1),fis,FAO capture production and ex-vessel prices
Sri Lanka,1977,31005195.85654744,USD (1),fis,FAO capture production and ex-vessel prices
Sri Lanka,1978,34020150.72352559,USD (1),fis,FAO capture production and ex-vessel prices
Sri Lanka,1979,39169281.29662135,USD (1),fis,FAO capture production and ex-vessel prices
Sri Lanka,1980,59973545.80668599,USD (1),fis,FAO capture production and ex-vessel prices
Sri Lanka,1981,61861108.540046126,USD (1),fis,FAO capture production and ex-vessel prices
Sri Lanka,1982,49265976.47225057,USD (1),fis,FAO capture production and ex-vessel prices
Sri Lanka,1983,40855967.58494376,USD (1),fis,FAO capture production and ex-vessel prices
Sri Lanka,1984,33944768.821065225,USD (1),fis,FAO capture production and ex-vessel prices
Sri Lanka,1985,35672226.54233771,USD (1),fis,FAO capture production and ex-vessel prices
Sri Lanka,1986,37587682.94372894,USD (1),fis,FAO capture production and ex-vessel prices
Sri Lanka,1987,42054356.118454725,USD (1),fis,FAO capture production and ex-vessel prices
Sri Lanka,1988,53393729.9202494,USD (1),fis,FAO capture production and ex-vessel prices
Sri Lanka,1989,46138513.15845057,USD (1),fis,FAO capture production and ex-vessel prices
Sri Lanka,1990,59540730.47316948,USD (1),fis,FAO capture production and ex-vessel prices
Sri Lanka,1991,60175057.10433335,USD (1),fis,FAO capture production and ex-vessel prices
Sri Lanka,1992,87764732.8227891,USD (1),fis,FAO capture production and ex-vessel prices
Sri Lanka,1993,108087700.76369165,USD (1),fis,FAO capture production and ex-vessel prices
Sri Lanka,1994,152715426.05201325,USD (1),fis,FAO capture production and ex-vessel prices
Sri Lanka,1995,153226048.365589,USD (1),fis,FAO capture production and ex-vessel prices
Sri Lanka,1996,151772061.01306477,USD (1),fis,FAO capture production and ex-vessel prices
Sri Lanka,1997,177025724.7091649,USD (1),fis,FAO capture production and ex-vessel prices
Sri Lanka,1998,158193751.63441506,USD (1),fis,FAO capture production and ex-vessel prices
Sri Lanka,1999,178320487.77229187,USD (1),fis,FAO capture production and ex-vessel prices
Sri Lanka,2000,183146746.6083792,USD (1),fis,FAO capture production and ex-vessel prices
Sri Lanka,2001,147183354.39325058,USD (1),fis,FAO capture production and ex-vessel prices
Sri Lanka,2002,135765619.30911604,USD (1),fis,FAO capture production and ex-vessel prices
Sri Lanka,2003,197927828.40263814,USD (1),fis,FAO capture production and ex-vessel prices
Sri Lanka,2004,188218385.38985437,USD (1),fis,FAO capture production and ex-vessel prices
Sri Lanka,2005,174918249.8337152,USD (1),fis,FAO capture production and ex-vessel prices
Sri Lanka,2006,186492948.80398414,USD (1),fis,FAO capture production and ex-vessel prices
Sri Lanka,2007,201588915.14508095,USD (1),fis,FAO capture production and ex-vessel prices
Sri Lanka,2008,344359600.4018181,USD (1),fis,FAO capture production and ex-vessel prices
Sri Lanka,2009,360167642.86031014,USD (1),fis,FAO capture production and ex-vessel prices
Sri Lanka,2010,375237366.3699685,USD (1),fis,FAO capture production and ex-vessel prices
Sri Lanka,2011,181274988.7709374,USD (1),fis,FAO capture production and ex-vessel prices
Sri Lanka,2012,188093581.04101503,USD (1),fis,FAO capture production and ex-vessel prices
Sri Lanka,2013,240848344.8927031,USD (1),fis,FAO capture production and ex-vessel prices
Sri Lanka,2014,211857549.0013809,USD (1),fis,FAO capture production and ex-vessel prices
Sri Lanka,2015,185695589.4452372,USD (1),fis,FAO capture production and ex-vessel prices
Sri Lanka,2016,188035326.71599752,USD (1),fis,FAO capture production and ex-vessel prices
Sri Lanka,2017,217434363.04468513,USD (1),fis,FAO capture production and ex-vessel prices
Sri Lanka,2018,206130357.45400932,USD (1),fis,FAO capture production and ex-vessel prices
Sri Lanka,2019,222113832.28194433,USD (1),fis,FAO capture production and ex-vessel prices
Sri Lanka,2020,195341122.20292896,USD (1),fis,FAO capture production and ex-vessel prices
Sri Lanka,2021,184862594.6563947,USD (1),fis,FAO capture production and ex-vessel prices
Sri Lanka,2022,205996246.92026138,USD (1),fis,FAO capture production and ex-vessel prices
Sri Lanka,2023,246311635.81214005,USD (1),fis,FAO capture production and ex-vessel prices
Sudan,2012,39484.88360984156,USD (1),fis,FAO capture production and ex-vessel prices
Sudan,2013,54174.24842683211,USD (1),fis,FAO capture production and ex-vessel prices
Sudan,2014,38315.827873494214,USD (1),fis,FAO capture production and ex-vessel prices
Sudan,2015,137.50455500378916,USD (1),fis,FAO capture production and ex-vessel prices
Sudan,2016,148.69833197436634,USD (1),fis,FAO capture production and ex-vessel prices
Sudan,2017,0,USD (1),fis,FAO capture production and ex-vessel prices
Sudan,2018,299251.43223110243,USD (1),fis,FAO capture production and ex-vessel prices
Sudan,2019,219726.87530567084,USD (1),fis,FAO capture production and ex-vessel prices
Sudan,2020,178961.4860696098,USD (1),fis,FAO capture production and ex-vessel prices
Sudan,2021,166293.85052004192,USD (1),fis,FAO capture production and ex-vessel prices
Sudan,2022,257696.16005034276,USD (1),fis,FAO capture production and ex-vessel prices
Sudan,2023,241764.6803898418,USD (1),fis,FAO capture production and ex-vessel prices
Sudan [former],1976,0,USD (1),fis,FAO capture production and ex-vessel prices
Sudan [former],1977,0,USD (1),fis,FAO capture production and ex-vessel prices
Sudan [former],1978,0,USD (1),fis,FAO capture production and ex-vessel prices
Sudan [former],1979,0,USD (1),fis,FAO capture production and ex-vessel prices
Sudan [former],1980,0,USD (1),fis,FAO capture production and ex-vessel prices
Sudan [former],1981,0,USD (1),fis,FAO capture production and ex-vessel prices
Sudan [former],1982,0,USD (1),fis,FAO capture production and ex-vessel prices
Sudan [former],1983,0,USD (1),fis,FAO capture production and ex-vessel prices
Sudan [former],1984,0,USD (1),fis,FAO capture production and ex-vessel prices
Sudan [former],1985,0,USD (1),fis,FAO capture production and ex-vessel prices
Sudan [former],1986,0,USD (1),fis,FAO capture production and ex-vessel prices
Sudan [former],1987,0,USD (1),fis,FAO capture production and ex-vessel prices
Sudan [former],1988,0,USD (1),fis,FAO capture production and ex-vessel prices
Sudan [former],1989,0,USD (1),fis,FAO capture production and ex-vessel prices
Sudan [former],1990,0,USD (1),fis,FAO capture production and ex-vessel prices
Sudan [former],1991,0,USD (1),fis,FAO capture production and ex-vessel prices
Sudan [former],1992,0,USD (1),fis,FAO capture production and ex-vessel prices
Sudan [former],1993,0,USD (1),fis,FAO capture production and ex-vessel prices
Sudan [former],1994,0,USD (1),fis,FAO capture production and ex-vessel prices
Sudan [former],1995,0,USD (1),fis,FAO capture production and ex-vessel prices
Sudan [former],1996,0,USD (1),fis,FAO capture production and ex-vessel prices
Sudan [former],1997,0,USD (1),fis,FAO capture production and ex-vessel prices
Sudan [former],1998,20956.452797206657,USD (1),fis,FAO capture production and ex-vessel prices
Sudan [former],1999,26628.76958819326,USD (1),fis,FAO capture production and ex-vessel prices
Sudan [former],2000,14140.627666508939,USD (1),fis,FAO capture production and ex-vessel prices
Sudan [former],2001,18776.019148657804,USD (1),fis,FAO capture production and ex-vessel prices
Sudan [former],2002,21959.158064403615,USD (1),fis,FAO capture production and ex-vessel prices
Sudan [former],2003,26316.2172150942,USD (1),fis,FAO capture production and ex-vessel prices
Sudan [former],2004,21678.64430261773,USD (1),fis,FAO capture production and ex-vessel prices
Sudan [former],2005,25821.286564945618,USD (1),fis,FAO capture production and ex-vessel prices
Sudan [former],2006,29158.755774910052,USD (1),fis,FAO capture production and ex-vessel prices
Sudan [former],2007,27250.1422338474,USD (1),fis,FAO capture production and ex-vessel prices
Sudan [former],2008,53204.26298975934,USD (1),fis,FAO capture production and ex-vessel prices
Sudan [former],2009,69401.02187290663,USD (1),fis,FAO capture production and ex-vessel prices
Sudan [former],2010,19851.664762265365,USD (1),fis,FAO capture production and ex-vessel prices
Sudan [former],2011,12625.443695854361,USD (1),fis,FAO capture production and ex-vessel prices
Suriname,1976,0,USD (1),fis,FAO capture production and ex-vessel prices
Suriname,1977,0,USD (1),fis,FAO capture production and ex-vessel prices
Suriname,1978,0,USD (1),fis,FAO capture production and ex-vessel prices
Suriname,1979,0,USD (1),fis,FAO capture production and ex-vessel prices
Suriname,1980,0,USD (1),fis,FAO capture production and ex-vessel prices
Suriname,1981,0,USD (1),fis,FAO capture production and ex-vessel prices
Suriname,1982,0,USD (1),fis,FAO capture production and ex-vessel prices
Suriname,1983,0,USD (1),fis,FAO capture production and ex-vessel prices
Suriname,1984,0,USD (1),fis,FAO capture production and ex-vessel prices
Suriname,1985,0,USD (1),fis,FAO capture production and ex-vessel prices
Suriname,1986,0,USD (1),fis,FAO capture production and ex-vessel prices
Suriname,1987,0,USD (1),fis,FAO capture production and ex-vessel prices
Suriname,1988,0,USD (1),fis,FAO capture production and ex-vessel prices
Suriname,1989,0,USD (1),fis,FAO capture production and ex-vessel prices
Suriname,1990,0,USD (1),fis,FAO capture production and ex-vessel prices
Suriname,1991,0,USD (1),fis,FAO capture production and ex-vessel prices
Suriname,1992,0,USD (1),fis,FAO capture production and ex-vessel prices
Suriname,1993,0,USD (1),fis,FAO capture production and ex-vessel prices
Suriname,1994,0,USD (1),fis,FAO capture production and ex-vessel prices
Suriname,1995,0,USD (1),fis,FAO capture production and ex-vessel prices
Suriname,1996,0,USD (1),fis,FAO capture production and ex-vessel prices
Suriname,1997,0,USD (1),fis,FAO capture production and ex-vessel prices
Suriname,1998,1316336.2836284698,USD (1),fis,FAO capture production and ex-vessel prices
Suriname,1999,6386576.924876388,USD (1),fis,FAO capture production and ex-vessel prices
Suriname,2000,2143026.979735556,USD (1),fis,FAO capture production and ex-vessel prices
Suriname,2001,2639457.056421971,USD (1),fis,FAO capture production and ex-vessel prices
Suriname,2002,6631093.249769821,USD (1),fis,FAO capture production and ex-vessel prices
Suriname,2003,29301679.826566108,USD (1),fis,FAO capture production and ex-vessel prices
Suriname,2004,24695340.83181084,USD (1),fis,FAO capture production and ex-vessel prices
Suriname,2005,15551060.467489472,USD (1),fis,FAO capture production and ex-vessel prices
Suriname,2006,11759342.318343397,USD (1),fis,FAO capture production and ex-vessel prices
Suriname,2007,29241115.978404563,USD (1),fis,FAO capture production and ex-vessel prices
Suriname,2008,14886543.376471758,USD (1),fis,FAO capture production and ex-vessel prices
Suriname,2009,29645586.26096546,USD (1),fis,FAO capture production and ex-vessel prices
Suriname,2010,23422376.898436688,USD (1),fis,FAO capture production and ex-vessel prices
Suriname,2011,18504726.926215734,USD (1),fis,FAO capture production and ex-vessel prices
Suriname,2012,19272580.447640188,USD (1),fis,FAO capture production and ex-vessel prices
Suriname,2013,21041473.6915199,USD (1),fis,FAO capture production and ex-vessel prices
Suriname,2014,14849349.325139524,USD (1),fis,FAO capture production and ex-vessel prices
Suriname,2015,13688424.959683193,USD (1),fis,FAO capture production and ex-vessel prices
Suriname,2016,17377186.915487867,USD (1),fis,FAO capture production and ex-vessel prices
Suriname,2017,15220915.648869246,USD (1),fis,FAO capture production and ex-vessel prices
Suriname,2018,18756742.542766005,USD (1),fis,FAO capture production and ex-vessel prices
Suriname,2019,11866212.01131281,USD (1),fis,FAO capture production and ex-vessel prices
Suriname,2020,14531076.920551322,USD (1),fis,FAO capture production and ex-vessel prices
Suriname,2021,16455071.464033712,USD (1),fis,FAO capture production and ex-vessel prices
Suriname,2022,16270706.136113256,USD (1),fis,FAO capture production and ex-vessel prices
Suriname,2023,16909803.41883331,USD (1),fis,FAO capture production and ex-vessel prices
Svalbard and Jan Mayen Islands,1976,0,USD (1),fis,FAO capture production and ex-vessel prices
Svalbard and Jan Mayen Islands,1977,0,USD (1),fis,FAO capture production and ex-vessel prices
Svalbard and Jan Mayen Islands,1978,0,USD (1),fis,FAO capture production and ex-vessel prices
Svalbard and Jan Mayen Islands,1979,0,USD (1),fis,FAO capture production and ex-vessel prices
Svalbard and Jan Mayen Islands,1980,0,USD (1),fis,FAO capture production and ex-vessel prices
Svalbard and Jan Mayen Islands,1981,0,USD (1),fis,FAO capture production and ex-vessel prices
Svalbard and Jan Mayen Islands,1982,0,USD (1),fis,FAO capture production and ex-vessel prices
Svalbard and Jan Mayen Islands,1983,0,USD (1),fis,FAO capture production and ex-vessel prices
Svalbard and Jan Mayen Islands,1984,0,USD (1),fis,FAO capture production and ex-vessel prices
Svalbard and Jan Mayen Islands,1985,0,USD (1),fis,FAO capture production and ex-vessel prices
Svalbard and Jan Mayen Islands,1986,0,USD (1),fis,FAO capture production and ex-vessel prices
Svalbard and Jan Mayen Islands,1987,0,USD (1),fis,FAO capture production and ex-vessel prices
Svalbard and Jan Mayen Islands,1988,0,USD (1),fis,FAO capture production and ex-vessel prices
Svalbard and Jan Mayen Islands,1989,0,USD (1),fis,FAO capture production and ex-vessel prices
Svalbard and Jan Mayen Islands,1990,0,USD (1),fis,FAO capture production and ex-vessel prices
Svalbard and Jan Mayen Islands,1991,0,USD (1),fis,FAO capture production and ex-vessel prices
Svalbard and Jan Mayen Islands,1992,0,USD (1),fis,FAO capture production and ex-vessel prices
Svalbard and Jan Mayen Islands,1993,0,USD (1),fis,FAO capture production and ex-vessel prices
Svalbard and Jan Mayen Islands,1994,0,USD (1),fis,FAO capture production and ex-vessel prices
Svalbard and Jan Mayen Islands,1995,0,USD (1),fis,FAO capture production and ex-vessel prices
Svalbard and Jan Mayen Islands,1996,0,USD (1),fis,FAO capture production and ex-vessel prices
Svalbard and Jan Mayen Islands,1997,0,USD (1),fis,FAO capture production and ex-vessel prices
Svalbard and Jan Mayen Islands,1998,0,USD (1),fis,FAO capture production and ex-vessel prices
Svalbard and Jan Mayen Islands,1999,0,USD (1),fis,FAO capture production and ex-vessel prices
Svalbard and Jan Mayen Islands,2000,0,USD (1),fis,FAO capture production and ex-vessel prices
Svalbard and Jan Mayen Islands,2001,0,USD (1),fis,FAO capture production and ex-vessel prices
Svalbard and Jan Mayen Islands,2002,0,USD (1),fis,FAO capture production and ex-vessel prices
Svalbard and Jan Mayen Islands,2003,0,USD (1),fis,FAO capture production and ex-vessel prices
Svalbard and Jan Mayen Islands,2004,0,USD (1),fis,FAO capture production and ex-vessel prices
Svalbard and Jan Mayen Islands,2005,0,USD (1),fis,FAO capture production and ex-vessel prices
Svalbard and Jan Mayen Islands,2006,0,USD (1),fis,FAO capture production and ex-vessel prices
Svalbard and Jan Mayen Islands,2007,0,USD (1),fis,FAO capture production and ex-vessel prices
Svalbard and Jan Mayen Islands,2008,0,USD (1),fis,FAO capture production and ex-vessel prices
Svalbard and Jan Mayen Islands,2009,0,USD (1),fis,FAO capture production and ex-vessel prices
Svalbard and Jan Mayen Islands,2010,0,USD (1),fis,FAO capture production and ex-vessel prices
Svalbard and Jan Mayen Islands,2011,0,USD (1),fis,FAO capture production and ex-vessel prices
Svalbard and Jan Mayen Islands,2012,0,USD (1),fis,FAO capture production and ex-vessel prices
Svalbard and Jan Mayen Islands,2013,0,USD (1),fis,FAO capture production and ex-vessel prices
Svalbard and Jan Mayen Islands,2014,0,USD (1),fis,FAO capture production and ex-vessel prices
Svalbard and Jan Mayen Islands,2015,0,USD (1),fis,FAO capture production and ex-vessel prices
Svalbard and Jan Mayen Islands,2016,0,USD (1),fis,FAO capture production and ex-vessel prices
Svalbard and Jan Mayen Islands,2017,0,USD (1),fis,FAO capture production and ex-vessel prices
Svalbard and Jan Mayen Islands,2018,0,USD (1),fis,FAO capture production and ex-vessel prices
Svalbard and Jan Mayen Islands,2019,0,USD (1),fis,FAO capture production and ex-vessel prices
Svalbard and Jan Mayen Islands,2020,0,USD (1),fis,FAO capture production and ex-vessel prices
Svalbard and Jan Mayen Islands,2021,0,USD (1),fis,FAO capture production and ex-vessel prices
Svalbard and Jan Mayen Islands,2022,0,USD (1),fis,FAO capture production and ex-vessel prices
Svalbard and Jan Mayen Islands,2023,0,USD (1),fis,FAO capture production and ex-vessel prices
Sweden,1976,52432176.079557136,USD (1),fis,FAO capture production and ex-vessel prices
Sweden,1977,62462805.71713813,USD (1),fis,FAO capture production and ex-vessel prices
Sweden,1978,71225624.279316,USD (1),fis,FAO capture production and ex-vessel prices
Sweden,1979,91048325.75529434,USD (1),fis,FAO capture production and ex-vessel prices
Sweden,1980,103011628.23407187,USD (1),fis,FAO capture production and ex-vessel prices
Sweden,1981,103419388.22750412,USD (1),fis,FAO capture production and ex-vessel prices
Sweden,1982,92355233.96288078,USD (1),fis,FAO capture production and ex-vessel prices
Sweden,1983,97782671.01585247,USD (1),fis,FAO capture production and ex-vessel prices
Sweden,1984,99805156.20797612,USD (1),fis,FAO capture production and ex-vessel prices
Sweden,1985,96285344.1678363,USD (1),fis,FAO capture production and ex-vessel prices
Sweden,1986,103924872.16895527,USD (1),fis,FAO capture production and ex-vessel prices
Sweden,1987,122742256.92559627,USD (1),fis,FAO capture production and ex-vessel prices
Sweden,1988,121482163.52604605,USD (1),fis,FAO capture production and ex-vessel prices
Sweden,1989,118898126.0722507,USD (1),fis,FAO capture production and ex-vessel prices
Sweden,1990,135893274.78254423,USD (1),fis,FAO capture production and ex-vessel prices
Sweden,1991,139588592.16645807,USD (1),fis,FAO capture production and ex-vessel prices
Sweden,1992,114652417.30240685,USD (1),fis,FAO capture production and ex-vessel prices
Sweden,1993,116802624.484665,USD (1),fis,FAO capture production and ex-vessel prices
Sweden,1994,121469006.52601291,USD (1),fis,FAO capture production and ex-vessel prices
Sweden,1995,116770003.51673387,USD (1),fis,FAO capture production and ex-vessel prices
Sweden,1996,123589091.96533683,USD (1),fis,FAO capture production and ex-vessel prices
Sweden,1997,112777728.88909775,USD (1),fis,FAO capture production and ex-vessel prices
Sweden,1998,99506661.2662677,USD (1),fis,FAO capture production and ex-vessel prices
Sweden,1999,89600937.385584265,USD (1),fis,FAO capture production and ex-vessel prices
Sweden,2000,89918095.34870628,USD (1),fis,FAO capture production and ex-vessel prices
Sweden,2001,95516916.79075532,USD (1),fis,FAO capture production and ex-vessel prices
Sweden,2002,85860327.89110808,USD (1),fis,FAO capture production and ex-vessel prices
Sweden,2003,83975542.44994946,USD (1),fis,FAO capture production and ex-vessel prices
Sweden,2004,80662302.69046682,USD (1),fis,FAO capture production and ex-vessel prices
Sweden,2005,81416309.10682276,USD (1),fis,FAO capture production and ex-vessel prices
Sweden,2006,85701790.87834188,USD (1),fis,FAO capture production and ex-vessel prices
Sweden,2007,96415622.93701655,USD (1),fis,FAO capture production and ex-vessel prices
Sweden,2008,96355418.26392403,USD (1),fis,FAO capture production and ex-vessel prices
Sweden,2009,84842278.57085742,USD (1),fis,FAO capture production and ex-vessel prices
Sweden,2010,81498146.02032429,USD (1),fis,FAO capture production and ex-vessel prices
Sweden,2011,117946085.3466348,USD (1),fis,FAO capture production and ex-vessel prices
Sweden,2012,117107115.77968505,USD (1),fis,FAO capture production and ex-vessel prices
Sweden,2013,97022858.72230266,USD (1),fis,FAO capture production and ex-vessel prices
Sweden,2014,97884045.65297225,USD (1),fis,FAO capture production and ex-vessel prices
Sweden,2015,91933298.74502227,USD (1),fis,FAO capture production and ex-vessel prices
Sweden,2016,112402210.64119774,USD (1),fis,FAO capture production and ex-vessel prices
Sweden,2017,92706510.24981312,USD (1),fis,FAO capture production and ex-vessel prices
Sweden,2018,99956516.0813197,USD (1),fis,FAO capture production and ex-vessel prices
Sweden,2019,76813353.0128967,USD (1),fis,FAO capture production and ex-vessel prices
Sweden,2020,52681641.18954101,USD (1),fis,FAO capture production and ex-vessel prices
Sweden,2021,63728123.80231596,USD (1),fis,FAO capture production and ex-vessel prices
Sweden,2022,55951395.86326496,USD (1),fis,FAO capture production and ex-vessel prices
Sweden,2023,55017175.07137354,USD (1),fis,FAO capture production and ex-vessel prices
Syrian Arab Republic,1976,304183.6645164086,USD (1),fis,FAO capture production and ex-vessel prices
Syrian Arab Republic,1977,331467.8158444278,USD (1),fis,FAO capture production and ex-vessel prices
Syrian Arab Republic,1978,369915.1919859046,USD (1),fis,FAO capture production and ex-vessel prices
Syrian Arab Republic,1979,301969.14271321805,USD (1),fis,FAO capture production and ex-vessel prices
Syrian Arab Republic,1980,283870.088894909,USD (1),fis,FAO capture production and ex-vessel prices
Syrian Arab Republic,1981,240970.32136782285,USD (1),fis,FAO capture production and ex-vessel prices
Syrian Arab Republic,1982,293593.77239342505,USD (1),fis,FAO capture production and ex-vessel prices
Syrian Arab Republic,1983,257181.9097346519,USD (1),fis,FAO capture production and ex-vessel prices
Syrian Arab Republic,1984,313789.3483748996,USD (1),fis,FAO capture production and ex-vessel prices
Syrian Arab Republic,1985,316284.2511655275,USD (1),fis,FAO capture production and ex-vessel prices
Syrian Arab Republic,1986,253034.11829327792,USD (1),fis,FAO capture production and ex-vessel prices
Syrian Arab Republic,1987,434491.96185655036,USD (1),fis,FAO capture production and ex-vessel prices
Syrian Arab Republic,1988,542190.1256160126,USD (1),fis,FAO capture production and ex-vessel prices
Syrian Arab Republic,1989,563294.5444648482,USD (1),fis,FAO capture production and ex-vessel prices
Syrian Arab Republic,1990,781086.723729624,USD (1),fis,FAO capture production and ex-vessel prices
Syrian Arab Republic,1991,530045.2601561999,USD (1),fis,FAO capture production and ex-vessel prices
Syrian Arab Republic,1992,1158946.66955754,USD (1),fis,FAO capture production and ex-vessel prices
Syrian Arab Republic,1993,1093798.5662333122,USD (1),fis,FAO capture production and ex-vessel prices
Syrian Arab Republic,1994,1112481.764897162,USD (1),fis,FAO capture production and ex-vessel prices
Syrian Arab Republic,1995,711935.7343382752,USD (1),fis,FAO capture production and ex-vessel prices
Syrian Arab Republic,1996,1273688.5461956759,USD (1),fis,FAO capture production and ex-vessel prices
Syrian Arab Republic,1997,1364821.5172981794,USD (1),fis,FAO capture production and ex-vessel prices
Syrian Arab Republic,1998,1399645.330273954,USD (1),fis,FAO capture production and ex-vessel prices
Syrian Arab Republic,1999,1352933.6618610087,USD (1),fis,FAO capture production and ex-vessel prices
Syrian Arab Republic,2000,1807616.6379162313,USD (1),fis,FAO capture production and ex-vessel prices
Syrian Arab Republic,2001,1742356.9029156172,USD (1),fis,FAO capture production and ex-vessel prices
Syrian Arab Republic,2002,2007095.9832168422,USD (1),fis,FAO capture production and ex-vessel prices
Syrian Arab Republic,2003,4023852.845042231,USD (1),fis,FAO capture production and ex-vessel prices
Syrian Arab Republic,2004,3671251.4740023203,USD (1),fis,FAO capture production and ex-vessel prices
Syrian Arab Republic,2005,3378848.481587258,USD (1),fis,FAO capture production and ex-vessel prices
Syrian Arab Republic,2006,2813788.7972952793,USD (1),fis,FAO capture production and ex-vessel prices
Syrian Arab Republic,2007,2343768.633230893,USD (1),fis,FAO capture production and ex-vessel prices
Syrian Arab Republic,2008,3352280.497099692,USD (1),fis,FAO capture production and ex-vessel prices
Syrian Arab Republic,2009,3036060.0819517747,USD (1),fis,FAO capture production and ex-vessel prices
Syrian Arab Republic,2010,3103205.3476369334,USD (1),fis,FAO capture production and ex-vessel prices
Syrian Arab Republic,2011,1763449.0012733391,USD (1),fis,FAO capture production and ex-vessel prices
Syrian Arab Republic,2012,1564433.1165889397,USD (1),fis,FAO capture production and ex-vessel prices
Syrian Arab Republic,2013,1284846.5713683718,USD (1),fis,FAO capture production and ex-vessel prices
Syrian Arab Republic,2014,709270.4737777871,USD (1),fis,FAO capture production and ex-vessel prices
Syrian Arab Republic,2015,932705.1953425752,USD (1),fis,FAO capture production and ex-vessel prices
Syrian Arab Republic,2016,1154489.5085126068,USD (1),fis,FAO capture production and ex-vessel prices
Syrian Arab Republic,2017,1260658.460007886,USD (1),fis,FAO capture production and ex-vessel prices
Syrian Arab Republic,2018,1308762.690143181,USD (1),fis,FAO capture production and ex-vessel prices
Syrian Arab Republic,2019,1376745.4900613881,USD (1),fis,FAO capture production and ex-vessel prices
Syrian Arab Republic,2020,1343805.9776401906,USD (1),fis,FAO capture production and ex-vessel prices
Syrian Arab Republic,2021,1765760.1640134237,USD (1),fis,FAO capture production and ex-vessel prices
Syrian Arab Republic,2022,1929724.4261663384,USD (1),fis,FAO capture production and ex-vessel prices
Syrian Arab Republic,2023,1922439.3634919138,USD (1),fis,FAO capture production and ex-vessel prices
Taiwan Province of China,1976,155536734.34596932,USD (1),fis,FAO capture production and ex-vessel prices
Taiwan Province of China,1977,245386468.8859907,USD (1),fis,FAO capture production and ex-vessel prices
Taiwan Province of China,1978,236354471.8168063,USD (1),fis,FAO capture production and ex-vessel prices
Taiwan Province of China,1979,291447559.7700397,USD (1),fis,FAO capture production and ex-vessel prices
Taiwan Province of China,1980,386370985.1367362,USD (1),fis,FAO capture production and ex-vessel prices
Taiwan Province of China,1981,333024224.47484523,USD (1),fis,FAO capture production and ex-vessel prices
Taiwan Province of China,1982,302557273.06547254,USD (1),fis,FAO capture production and ex-vessel prices
Taiwan Province of China,1983,328143368.1893423,USD (1),fis,FAO capture production and ex-vessel prices
Taiwan Province of China,1984,411135707.9565518,USD (1),fis,FAO capture production and ex-vessel prices
Taiwan Province of China,1985,397430268.63133824,USD (1),fis,FAO capture production and ex-vessel prices
Taiwan Province of China,1986,603249735.9908773,USD (1),fis,FAO capture production and ex-vessel prices
Taiwan Province of China,1987,495181554.1982858,USD (1),fis,FAO capture production and ex-vessel prices
Taiwan Province of China,1988,790759852.8848795,USD (1),fis,FAO capture production and ex-vessel prices
Taiwan Province of China,1989,854864829.6515373,USD (1),fis,FAO capture production and ex-vessel prices
Taiwan Province of China,1990,906622880.3340727,USD (1),fis,FAO capture production and ex-vessel prices
Taiwan Province of China,1991,812946064.3747921,USD (1),fis,FAO capture production and ex-vessel prices
Taiwan Province of China,1992,954839567.5064797,USD (1),fis,FAO capture production and ex-vessel prices
Taiwan Province of China,1993,1118289181.1062832,USD (1),fis,FAO capture production and ex-vessel prices
Taiwan Province of China,1994,1124100762.9923978,USD (1),fis,FAO capture production and ex-vessel prices
Taiwan Province of China,1995,1361787027.9122834,USD (1),fis,FAO capture production and ex-vessel prices
Taiwan Province of China,1996,1173555783.1309392,USD (1),fis,FAO capture production and ex-vessel prices
Taiwan Province of China,1997,1198723887.3505235,USD (1),fis,FAO capture production and ex-vessel prices
Taiwan Province of China,1998,1211734360.3770437,USD (1),fis,FAO capture production and ex-vessel prices
Taiwan Province of China,1999,1281542499.8835964,USD (1),fis,FAO capture production and ex-vessel prices
Taiwan Province of China,2000,1373200152.801985,USD (1),fis,FAO capture production and ex-vessel prices
Taiwan Province of China,2001,1195256477.923456,USD (1),fis,FAO capture production and ex-vessel prices
Taiwan Province of China,2002,1119449239.319631,USD (1),fis,FAO capture production and ex-vessel prices
Taiwan Province of China,2003,1167839627.6649678,USD (1),fis,FAO capture production and ex-vessel prices
Taiwan Province of China,2004,1167430155.7978513,USD (1),fis,FAO capture production and ex-vessel prices
Taiwan Province of China,2005,1121233935.5556908,USD (1),fis,FAO capture production and ex-vessel prices
Taiwan Province of China,2006,1164974794.80182,USD (1),fis,FAO capture production and ex-vessel prices
Taiwan Province of China,2007,1496398877.1591961,USD (1),fis,FAO capture production and ex-vessel prices
Taiwan Province of China,2008,1737943884.5187597,USD (1),fis,FAO capture production and ex-vessel prices
Taiwan Province of China,2009,1586194724.012939,USD (1),fis,FAO capture production and ex-vessel prices
Taiwan Province of China,2010,1515907681.9335804,USD (1),fis,FAO capture production and ex-vessel prices
Taiwan Province of China,2011,1254699979.314033,USD (1),fis,FAO capture production and ex-vessel prices
Taiwan Province of China,2012,1345058786.927537,USD (1),fis,FAO capture production and ex-vessel prices
Taiwan Province of China,2013,1481969164.5200295,USD (1),fis,FAO capture production and ex-vessel prices
Taiwan Province of China,2014,1731512119.4608712,USD (1),fis,FAO capture production and ex-vessel prices
Taiwan Province of China,2015,1661063393.6389344,USD (1),fis,FAO capture production and ex-vessel prices
Taiwan Province of China,2016,1194393697.0911615,USD (1),fis,FAO capture production and ex-vessel prices
Taiwan Province of China,2017,1423914269.4434292,USD (1),fis,FAO capture production and ex-vessel prices
Taiwan Province of China,2018,1582536795.1396255,USD (1),fis,FAO capture production and ex-vessel prices
Taiwan Province of China,2019,1370100101.9313028,USD (1),fis,FAO capture production and ex-vessel prices
Taiwan Province of China,2020,1146757525.3946111,USD (1),fis,FAO capture production and ex-vessel prices
Taiwan Province of China,2021,1456649018.0282393,USD (1),fis,FAO capture production and ex-vessel prices
Taiwan Province of China,2022,1369022577.5842757,USD (1),fis,FAO capture production and ex-vessel prices
Taiwan Province of China,2023,1438207289.898643,USD (1),fis,FAO capture production and ex-vessel prices
Thailand,1976,154197694.89367944,USD (1),fis,FAO capture production and ex-vessel prices
Thailand,1977,287084480.78863925,USD (1),fis,FAO capture production and ex-vessel prices
Thailand,1978,329300428.40251994,USD (1),fis,FAO capture production and ex-vessel prices
Thailand,1979,286010878.26475024,USD (1),fis,FAO capture production and ex-vessel prices
Thailand,1980,273550204.5156613,USD (1),fis,FAO capture production and ex-vessel prices
Thailand,1981,307652195.8878141,USD (1),fis,FAO capture production and ex-vessel prices
Thailand,1982,279168209.74150527,USD (1),fis,FAO capture production and ex-vessel prices
Thailand,1983,394292204.6154463,USD (1),fis,FAO capture production and ex-vessel prices
Thailand,1984,325163119.64281905,USD (1),fis,FAO capture production and ex-vessel prices
Thailand,1985,362782343.8766076,USD (1),fis,FAO capture production and ex-vessel prices
Thailand,1986,455015001.782786,USD (1),fis,FAO capture production and ex-vessel prices
Thailand,1987,436825780.886252,USD (1),fis,FAO capture production and ex-vessel prices
Thailand,1988,511373306.6897247,USD (1),fis,FAO capture production and ex-vessel prices
Thailand,1989,513843532.67089534,USD (1),fis,FAO capture production and ex-vessel prices
Thailand,1990,567394370.7356344,USD (1),fis,FAO capture production and ex-vessel prices
Thailand,1991,511683147.0290033,USD (1),fis,FAO capture production and ex-vessel prices
Thailand,1992,703863646.0666709,USD (1),fis,FAO capture production and ex-vessel prices
Thailand,1993,623392664.3726195,USD (1),fis,FAO capture production and ex-vessel prices
Thailand,1994,832123623.1096145,USD (1),fis,FAO capture production and ex-vessel prices
Thailand,1995,795571909.1958553,USD (1),fis,FAO capture production and ex-vessel prices
Thailand,1996,712571610.408138,USD (1),fis,FAO capture production and ex-vessel prices
Thailand,1997,648691881.6460577,USD (1),fis,FAO capture production and ex-vessel prices
Thailand,1998,621301713.037562,USD (1),fis,FAO capture production and ex-vessel prices
Thailand,1999,681383359.8713651,USD (1),fis,FAO capture production and ex-vessel prices
Thailand,2000,669450293.8225555,USD (1),fis,FAO capture production and ex-vessel prices
Thailand,2001,552853007.7587147,USD (1),fis,FAO capture production and ex-vessel prices
Thailand,2002,554929924.0562532,USD (1),fis,FAO capture production and ex-vessel prices
Thailand,2003,640361122.5050998,USD (1),fis,FAO capture production and ex-vessel prices
Thailand,2004,644422970.7587172,USD (1),fis,FAO capture production and ex-vessel prices
Thailand,2005,685631575.1937438,USD (1),fis,FAO capture production and ex-vessel prices
Thailand,2006,701476403.0671158,USD (1),fis,FAO capture production and ex-vessel prices
Thailand,2007,607957058.1137412,USD (1),fis,FAO capture production and ex-vessel prices
Thailand,2008,472445257.4014885,USD (1),fis,FAO capture production and ex-vessel prices
Thailand,2009,497434309.5896141,USD (1),fis,FAO capture production and ex-vessel prices
Thailand,2010,448222586.5769779,USD (1),fis,FAO capture production and ex-vessel prices
Thailand,2011,434093362.7994025,USD (1),fis,FAO capture production and ex-vessel prices
Thailand,2012,470318196.66368145,USD (1),fis,FAO capture production and ex-vessel prices
Thailand,2013,478211263.78752106,USD (1),fis,FAO capture production and ex-vessel prices
Thailand,2014,479920955.1343724,USD (1),fis,FAO capture production and ex-vessel prices
Thailand,2015,494346518.30588746,USD (1),fis,FAO capture production and ex-vessel prices
Thailand,2016,540779632.9403678,USD (1),fis,FAO capture production and ex-vessel prices
Thailand,2017,674463366.2219677,USD (1),fis,FAO capture production and ex-vessel prices
Thailand,2018,645354480.1889075,USD (1),fis,FAO capture production and ex-vessel prices
Thailand,2019,832896967.3478512,USD (1),fis,FAO capture production and ex-vessel prices
Thailand,2020,730727385.8548596,USD (1),fis,FAO capture production and ex-vessel prices
Thailand,2021,907082268.7953576,USD (1),fis,FAO capture production and ex-vessel prices
Thailand,2022,812916802.1599349,USD (1),fis,FAO capture production and ex-vessel prices
Thailand,2023,825399096.387741,USD (1),fis,FAO capture production and ex-vessel prices
Timor-Leste,1999,1025.4429540837564,USD (1),fis,FAO capture production and ex-vessel prices
Timor-Leste,2000,3089.355584794992,USD (1),fis,FAO capture production and ex-vessel prices
Timor-Leste,2001,2955.197219829806,USD (1),fis,FAO capture production and ex-vessel prices
Timor-Leste,2002,3312.0005842433247,USD (1),fis,FAO capture production and ex-vessel prices
Timor-Leste,2003,3284.2211815266473,USD (1),fis,FAO capture production and ex-vessel prices
Timor-Leste,2004,3095.933431974816,USD (1),fis,FAO capture production and ex-vessel prices
Timor-Leste,2005,3302.325975706338,USD (1),fis,FAO capture production and ex-vessel prices
Timor-Leste,2006,3501.8283147467573,USD (1),fis,FAO capture production and ex-vessel prices
Timor-Leste,2007,3805.6236130574644,USD (1),fis,FAO capture production and ex-vessel prices
Timor-Leste,2008,5525.385951933099,USD (1),fis,FAO capture production and ex-vessel prices
Timor-Leste,2009,6012.669459988563,USD (1),fis,FAO capture production and ex-vessel prices
Timor-Leste,2010,4835.368611399994,USD (1),fis,FAO capture production and ex-vessel prices
Timor-Leste,2011,2715.4029173506497,USD (1),fis,FAO capture production and ex-vessel prices
Timor-Leste,2012,2966.364046364812,USD (1),fis,FAO capture production and ex-vessel prices
Timor-Leste,2013,3877.6788501407937,USD (1),fis,FAO capture production and ex-vessel prices
Timor-Leste,2014,3486.4196548474947,USD (1),fis,FAO capture production and ex-vessel prices
Timor-Leste,2015,3147.716083826813,USD (1),fis,FAO capture production and ex-vessel prices
Timor-Leste,2016,3583.474301172563,USD (1),fis,FAO capture production and ex-vessel prices
Timor-Leste,2017,4131.550145486263,USD (1),fis,FAO capture production and ex-vessel prices
Timor-Leste,2018,4141979.593970583,USD (1),fis,FAO capture production and ex-vessel prices
Timor-Leste,2019,2421912.6588964676,USD (1),fis,FAO capture production and ex-vessel prices
Timor-Leste,2020,1494970.610553419,USD (1),fis,FAO capture production and ex-vessel prices
Timor-Leste,2021,2647228.770608629,USD (1),fis,FAO capture production and ex-vessel prices
Timor-Leste,2022,4147678.5878458596,USD (1),fis,FAO capture production and ex-vessel prices
Timor-Leste,2023,9625369.011223206,USD (1),fis,FAO capture production and ex-vessel prices
Togo,1976,1955078.063639135,USD (1),fis,FAO capture production and ex-vessel prices
Togo,1977,928609.3506395231,USD (1),fis,FAO capture production and ex-vessel prices
Togo,1978,1057883.9743786296,USD (1),fis,FAO capture production and ex-vessel prices
Togo,1979,461475.2884872739,USD (1),fis,FAO capture production and ex-vessel prices
Togo,1980,1825703.9066876026,USD (1),fis,FAO capture production and ex-vessel prices
Togo,1981,3195038.0375370174,USD (1),fis,FAO capture production and ex-vessel prices
Togo,1982,6066057.386750888,USD (1),fis,FAO capture production and ex-vessel prices
Togo,1983,5009231.317597061,USD (1),fis,FAO capture production and ex-vessel prices
Togo,1984,6887146.508702813,USD (1),fis,FAO capture production and ex-vessel prices
Togo,1985,7663539.477605189,USD (1),fis,FAO capture production and ex-vessel prices
Togo,1986,5359908.972334056,USD (1),fis,FAO capture production and ex-vessel prices
Togo,1987,11200039.475508602,USD (1),fis,FAO capture production and ex-vessel prices
Togo,1988,7742974.612306612,USD (1),fis,FAO capture production and ex-vessel prices
Togo,1989,5493003.407867001,USD (1),fis,FAO capture production and ex-vessel prices
Togo,1990,5917029.871970719,USD (1),fis,FAO capture production and ex-vessel prices
Togo,1991,3325479.58778249,USD (1),fis,FAO capture production and ex-vessel prices
Togo,1992,2980546.4217526517,USD (1),fis,FAO capture production and ex-vessel prices
Togo,1993,8025561.151623743,USD (1),fis,FAO capture production and ex-vessel prices
Togo,1994,3552322.3083338225,USD (1),fis,FAO capture production and ex-vessel prices
Togo,1995,4628771.2537857,USD (1),fis,FAO capture production and ex-vessel prices
Togo,1996,7717855.336758603,USD (1),fis,FAO capture production and ex-vessel prices
Togo,1997,4723057.925589814,USD (1),fis,FAO capture production and ex-vessel prices
Togo,1998,6960576.520463601,USD (1),fis,FAO capture production and ex-vessel prices
Togo,1999,11593476.810926564,USD (1),fis,FAO capture production and ex-vessel prices
Togo,2000,11857544.023578333,USD (1),fis,FAO capture production and ex-vessel prices
Togo,2001,9089157.612767832,USD (1),fis,FAO capture production and ex-vessel prices
Togo,2002,8640134.26923917,USD (1),fis,FAO capture production and ex-vessel prices
Togo,2003,13592727.78928709,USD (1),fis,FAO capture production and ex-vessel prices
Togo,2004,14312868.871958055,USD (1),fis,FAO capture production and ex-vessel prices
Togo,2005,11526931.31112996,USD (1),fis,FAO capture production and ex-vessel prices
Togo,2006,14250407.805404594,USD (1),fis,FAO capture production and ex-vessel prices
Togo,2007,8038636.338351093,USD (1),fis,FAO capture production and ex-vessel prices
Togo,2008,15757952.451984778,USD (1),fis,FAO capture production and ex-vessel prices
Togo,2009,25673081.02044545,USD (1),fis,FAO capture production and ex-vessel prices
Togo,2010,17569658.576429933,USD (1),fis,FAO capture production and ex-vessel prices
Togo,2011,14957041.694359826,USD (1),fis,FAO capture production and ex-vessel prices
Togo,2012,9773540.727382496,USD (1),fis,FAO capture production and ex-vessel prices
Togo,2013,15618976.277517581,USD (1),fis,FAO capture production and ex-vessel prices
Togo,2014,17540865.531692185,USD (1),fis,FAO capture production and ex-vessel prices
Togo,2015,19066496.145665664,USD (1),fis,FAO capture production and ex-vessel prices
Togo,2016,28595068.531728365,USD (1),fis,FAO capture production and ex-vessel prices
Togo,2017,28081689.85016719,USD (1),fis,FAO capture production and ex-vessel prices
Togo,2018,25750543.12282513,USD (1),fis,FAO capture production and ex-vessel prices
Togo,2019,26969582.718418177,USD (1),fis,FAO capture production and ex-vessel prices
Togo,2020,7542552.1988086,USD (1),fis,FAO capture production and ex-vessel prices
Togo,2021,16007053.390560333,USD (1),fis,FAO capture production and ex-vessel prices
Togo,2022,20294163.69143331,USD (1),fis,FAO capture production and ex-vessel prices
Togo,2023,20993186.389068965,USD (1),fis,FAO capture production and ex-vessel prices
Tokelau,1976,0,USD (1),fis,FAO capture production and ex-vessel prices
Tokelau,1977,0,USD (1),fis,FAO capture production and ex-vessel prices
Tokelau,1978,0,USD (1),fis,FAO capture production and ex-vessel prices
Tokelau,1979,0,USD (1),fis,FAO capture production and ex-vessel prices
Tokelau,1980,0,USD (1),fis,FAO capture production and ex-vessel prices
Tokelau,1981,0,USD (1),fis,FAO capture production and ex-vessel prices
Tokelau,1982,0,USD (1),fis,FAO capture production and ex-vessel prices
Tokelau,1983,0,USD (1),fis,FAO capture production and ex-vessel prices
Tokelau,1984,0,USD (1),fis,FAO capture production and ex-vessel prices
Tokelau,1985,0,USD (1),fis,FAO capture production and ex-vessel prices
Tokelau,1986,0,USD (1),fis,FAO capture production and ex-vessel prices
Tokelau,1987,0,USD (1),fis,FAO capture production and ex-vessel prices
Tokelau,1988,0,USD (1),fis,FAO capture production and ex-vessel prices
Tokelau,1989,0,USD (1),fis,FAO capture production and ex-vessel prices
Tokelau,1990,0,USD (1),fis,FAO capture production and ex-vessel prices
Tokelau,1991,0,USD (1),fis,FAO capture production and ex-vessel prices
Tokelau,1992,0,USD (1),fis,FAO capture production and ex-vessel prices
Tokelau,1993,0,USD (1),fis,FAO capture production and ex-vessel prices
Tokelau,1994,0,USD (1),fis,FAO capture production and ex-vessel prices
Tokelau,1995,0,USD (1),fis,FAO capture production and ex-vessel prices
Tokelau,1996,0,USD (1),fis,FAO capture production and ex-vessel prices
Tokelau,1997,0,USD (1),fis,FAO capture production and ex-vessel prices
Tokelau,1998,0,USD (1),fis,FAO capture production and ex-vessel prices
Tokelau,1999,0,USD (1),fis,FAO capture production and ex-vessel prices
Tokelau,2000,0,USD (1),fis,FAO capture production and ex-vessel prices
Tokelau,2001,0,USD (1),fis,FAO capture production and ex-vessel prices
Tokelau,2002,9621.342590433673,USD (1),fis,FAO capture production and ex-vessel prices
Tokelau,2003,3395.3424686344156,USD (1),fis,FAO capture production and ex-vessel prices
Tokelau,2004,3052.386656329896,USD (1),fis,FAO capture production and ex-vessel prices
Tokelau,2005,8326.11249158997,USD (1),fis,FAO capture production and ex-vessel prices
Tokelau,2006,8834.724025951251,USD (1),fis,FAO capture production and ex-vessel prices
Tokelau,2007,12330.469249897764,USD (1),fis,FAO capture production and ex-vessel prices
Tokelau,2008,21475.54242334069,USD (1),fis,FAO capture production and ex-vessel prices
Tokelau,2009,34592.38041167601,USD (1),fis,FAO capture production and ex-vessel prices
Tokelau,2010,11669.477815051701,USD (1),fis,FAO capture production and ex-vessel prices
Tokelau,2011,7637.757558431449,USD (1),fis,FAO capture production and ex-vessel prices
Tokelau,2012,294895.3155852655,USD (1),fis,FAO capture production and ex-vessel prices
Tokelau,2013,301496.5220386023,USD (1),fis,FAO capture production and ex-vessel prices
Tokelau,2014,140852.31766762226,USD (1),fis,FAO capture production and ex-vessel prices
Tokelau,2015,247756.724495069,USD (1),fis,FAO capture production and ex-vessel prices
Tokelau,2016,266764.2506790765,USD (1),fis,FAO capture production and ex-vessel prices
Tokelau,2017,137212.91131454837,USD (1),fis,FAO capture production and ex-vessel prices
Tokelau,2018,107449.62023391585,USD (1),fis,FAO capture production and ex-vessel prices
Tokelau,2019,126027.42650220115,USD (1),fis,FAO capture production and ex-vessel prices
Tokelau,2020,101467.40685308701,USD (1),fis,FAO capture production and ex-vessel prices
Tokelau,2021,98957.44133053668,USD (1),fis,FAO capture production and ex-vessel prices
Tokelau,2022,52720.03103122118,USD (1),fis,FAO capture production and ex-vessel prices
Tokelau,2023,115385.8236938323,USD (1),fis,FAO capture production and ex-vessel prices
Tonga,1976,0,USD (1),fis,FAO capture production and ex-vessel prices
Tonga,1977,0,USD (1),fis,FAO capture production and ex-vessel prices
Tonga,1978,0,USD (1),fis,FAO capture production and ex-vessel prices
Tonga,1979,0,USD (1),fis,FAO capture production and ex-vessel prices
Tonga,1980,0,USD (1),fis,FAO capture production and ex-vessel prices
Tonga,1981,0,USD (1),fis,FAO capture production and ex-vessel prices
Tonga,1982,193069.86201256714,USD (1),fis,FAO capture production and ex-vessel prices
Tonga,1983,201565.03834460938,USD (1),fis,FAO capture production and ex-vessel prices
Tonga,1984,238825.84592414394,USD (1),fis,FAO capture production and ex-vessel prices
Tonga,1985,240671.67416711952,USD (1),fis,FAO capture production and ex-vessel prices
Tonga,1986,249794.14256761858,USD (1),fis,FAO capture production and ex-vessel prices
Tonga,1987,350686.9181798303,USD (1),fis,FAO capture production and ex-vessel prices
Tonga,1988,341051.5671186316,USD (1),fis,FAO capture production and ex-vessel prices
Tonga,1989,287228.8430418968,USD (1),fis,FAO capture production and ex-vessel prices
Tonga,1990,217791.609378983,USD (1),fis,FAO capture production and ex-vessel prices
Tonga,1991,214879.1767256717,USD (1),fis,FAO capture production and ex-vessel prices
Tonga,1992,317345.1983857012,USD (1),fis,FAO capture production and ex-vessel prices
Tonga,1993,531055.2970139122,USD (1),fis,FAO capture production and ex-vessel prices
Tonga,1994,635139.2799135165,USD (1),fis,FAO capture production and ex-vessel prices
Tonga,1995,748967.2344012402,USD (1),fis,FAO capture production and ex-vessel prices
Tonga,1996,937719.5195157995,USD (1),fis,FAO capture production and ex-vessel prices
Tonga,1997,1063094.482881088,USD (1),fis,FAO capture production and ex-vessel prices
Tonga,1998,1142591.8120986219,USD (1),fis,FAO capture production and ex-vessel prices
Tonga,1999,1499899.172890825,USD (1),fis,FAO capture production and ex-vessel prices
Tonga,2000,1745342.1301548693,USD (1),fis,FAO capture production and ex-vessel prices
Tonga,2001,2567085.7615216305,USD (1),fis,FAO capture production and ex-vessel prices
Tonga,2002,2076065.0273328372,USD (1),fis,FAO capture production and ex-vessel prices
Tonga,2003,1199315.4634886272,USD (1),fis,FAO capture production and ex-vessel prices
Tonga,2004,509233.79037471535,USD (1),fis,FAO capture production and ex-vessel prices
Tonga,2005,911677.0414109436,USD (1),fis,FAO capture production and ex-vessel prices
Tonga,2006,1146109.1645036864,USD (1),fis,FAO capture production and ex-vessel prices
Tonga,2007,1285158.373739147,USD (1),fis,FAO capture production and ex-vessel prices
Tonga,2008,1377015.4247447401,USD (1),fis,FAO capture production and ex-vessel prices
Tonga,2009,783789.546794804,USD (1),fis,FAO capture production and ex-vessel prices
Tonga,2010,391951.35663363367,USD (1),fis,FAO capture production and ex-vessel prices
Tonga,2011,463529.72130579327,USD (1),fis,FAO capture production and ex-vessel prices
Tonga,2012,391409.2046702463,USD (1),fis,FAO capture production and ex-vessel prices
Tonga,2013,417651.28332109394,USD (1),fis,FAO capture production and ex-vessel prices
Tonga,2014,450955.08037958574,USD (1),fis,FAO capture production and ex-vessel prices
Tonga,2015,626713.4892672863,USD (1),fis,FAO capture production and ex-vessel prices
Tonga,2016,753671.6491350343,USD (1),fis,FAO capture production and ex-vessel prices
Tonga,2017,832642.154494621,USD (1),fis,FAO capture production and ex-vessel prices
Tonga,2018,633417.4857216274,USD (1),fis,FAO capture production and ex-vessel prices
Tonga,2019,558202.4754584933,USD (1),fis,FAO capture production and ex-vessel prices
Tonga,2020,360501.5221803421,USD (1),fis,FAO capture production and ex-vessel prices
Tonga,2021,458693.57919475547,USD (1),fis,FAO capture production and ex-vessel prices
Tonga,2022,914792.8748809429,USD (1),fis,FAO capture production and ex-vessel prices
Tonga,2023,577093.9773631282,USD (1),fis,FAO capture production and ex-vessel prices
Trinidad and Tobago,1976,899436.7528545903,USD (1),fis,FAO capture production and ex-vessel prices
Trinidad and Tobago,1977,1137499.790693667,USD (1),fis,FAO capture production and ex-vessel prices
Trinidad and Tobago,1978,1644152.4873427104,USD (1),fis,FAO capture production and ex-vessel prices
Trinidad and Tobago,1979,1629380.7833291087,USD (1),fis,FAO capture production and ex-vessel prices
Trinidad and Tobago,1980,2221892.021582767,USD (1),fis,FAO capture production and ex-vessel prices
Trinidad and Tobago,1981,1406166.1517181431,USD (1),fis,FAO capture production and ex-vessel prices
Trinidad and Tobago,1982,1566896.3594791873,USD (1),fis,FAO capture production and ex-vessel prices
Trinidad and Tobago,1983,893735.829955772,USD (1),fis,FAO capture production and ex-vessel prices
Trinidad and Tobago,1984,1213133.267108506,USD (1),fis,FAO capture production and ex-vessel prices
Trinidad and Tobago,1985,3033711.556975103,USD (1),fis,FAO capture production and ex-vessel prices
Trinidad and Tobago,1986,1208293.688617056,USD (1),fis,FAO capture production and ex-vessel prices
Trinidad and Tobago,1987,2251710.050718036,USD (1),fis,FAO capture production and ex-vessel prices
Trinidad and Tobago,1988,1955645.1107112565,USD (1),fis,FAO capture production and ex-vessel prices
Trinidad and Tobago,1989,3085198.614205093,USD (1),fis,FAO capture production and ex-vessel prices
Trinidad and Tobago,1990,3935706.6233914774,USD (1),fis,FAO capture production and ex-vessel prices
Trinidad and Tobago,1991,4962822.874556422,USD (1),fis,FAO capture production and ex-vessel prices
Trinidad and Tobago,1992,5801820.740157609,USD (1),fis,FAO capture production and ex-vessel prices
Trinidad and Tobago,1993,3860614.1875845403,USD (1),fis,FAO capture production and ex-vessel prices
Trinidad and Tobago,1994,4142281.9072545627,USD (1),fis,FAO capture production and ex-vessel prices
Trinidad and Tobago,1995,5948566.0554113295,USD (1),fis,FAO capture production and ex-vessel prices
Trinidad and Tobago,1996,6975704.73974262,USD (1),fis,FAO capture production and ex-vessel prices
Trinidad and Tobago,1997,4423216.463457142,USD (1),fis,FAO capture production and ex-vessel prices
Trinidad and Tobago,1998,4227110.571661547,USD (1),fis,FAO capture production and ex-vessel prices
Trinidad and Tobago,1999,3310570.8668448757,USD (1),fis,FAO capture production and ex-vessel prices
Trinidad and Tobago,2000,2429561.7877402715,USD (1),fis,FAO capture production and ex-vessel prices
Trinidad and Tobago,2001,1934989.6799353117,USD (1),fis,FAO capture production and ex-vessel prices
Trinidad and Tobago,2002,3464475.0209111143,USD (1),fis,FAO capture production and ex-vessel prices
Trinidad and Tobago,2003,2917972.541382818,USD (1),fis,FAO capture production and ex-vessel prices
Trinidad and Tobago,2004,3351998.213096125,USD (1),fis,FAO capture production and ex-vessel prices
Trinidad and Tobago,2005,3579729.4155068896,USD (1),fis,FAO capture production and ex-vessel prices
Trinidad and Tobago,2006,2963550.6219155886,USD (1),fis,FAO capture production and ex-vessel prices
Trinidad and Tobago,2007,3056851.9996069423,USD (1),fis,FAO capture production and ex-vessel prices
Trinidad and Tobago,2008,6066325.500816452,USD (1),fis,FAO capture production and ex-vessel prices
Trinidad and Tobago,2009,7483549.461962508,USD (1),fis,FAO capture production and ex-vessel prices
Trinidad and Tobago,2010,3775976.674604777,USD (1),fis,FAO capture production and ex-vessel prices
Trinidad and Tobago,2011,3931083.734852271,USD (1),fis,FAO capture production and ex-vessel prices
Trinidad and Tobago,2012,3216216.0828114217,USD (1),fis,FAO capture production and ex-vessel prices
Trinidad and Tobago,2013,4124416.8490053695,USD (1),fis,FAO capture production and ex-vessel prices
Trinidad and Tobago,2014,3527247.9341235617,USD (1),fis,FAO capture production and ex-vessel prices
Trinidad and Tobago,2015,2117732.3630738705,USD (1),fis,FAO capture production and ex-vessel prices
Trinidad and Tobago,2016,3832746.556070208,USD (1),fis,FAO capture production and ex-vessel prices
Trinidad and Tobago,2017,4056167.5008005863,USD (1),fis,FAO capture production and ex-vessel prices
Trinidad and Tobago,2018,4235041.832849809,USD (1),fis,FAO capture production and ex-vessel prices
Trinidad and Tobago,2019,3443730.2655910193,USD (1),fis,FAO capture production and ex-vessel prices
Trinidad and Tobago,2020,3270577.4011198296,USD (1),fis,FAO capture production and ex-vessel prices
Trinidad and Tobago,2021,3635764.880824358,USD (1),fis,FAO capture production and ex-vessel prices
Trinidad and Tobago,2022,4022040.6161284507,USD (1),fis,FAO capture production and ex-vessel prices
Trinidad and Tobago,2023,3941302.178377751,USD (1),fis,FAO capture production and ex-vessel prices
Tunisia,1976,11110956.018287964,USD (1),fis,FAO capture production and ex-vessel prices
Tunisia,1977,17377354.891906973,USD (1),fis,FAO capture production and ex-vessel prices
Tunisia,1978,21668773.319256764,USD (1),fis,FAO capture production and ex-vessel prices
Tunisia,1979,23467686.654547635,USD (1),fis,FAO capture production and ex-vessel prices
Tunisia,1980,32087801.25041925,USD (1),fis,FAO capture production and ex-vessel prices
Tunisia,1981,27235078.445605837,USD (1),fis,FAO capture production and ex-vessel prices
Tunisia,1982,26310056.74084871,USD (1),fis,FAO capture production and ex-vessel prices
Tunisia,1983,31839937.152375784,USD (1),fis,FAO capture production and ex-vessel prices
Tunisia,1984,33511549.45516758,USD (1),fis,FAO capture production and ex-vessel prices
Tunisia,1985,43833627.40900281,USD (1),fis,FAO capture production and ex-vessel prices
Tunisia,1986,79950461.38604628,USD (1),fis,FAO capture production and ex-vessel prices
Tunisia,1987,69270634.51394214,USD (1),fis,FAO capture production and ex-vessel prices
Tunisia,1988,76827586.30042548,USD (1),fis,FAO capture production and ex-vessel prices
Tunisia,1989,74725898.42662135,USD (1),fis,FAO capture production and ex-vessel prices
Tunisia,1990,68138496.70403787,USD (1),fis,FAO capture production and ex-vessel prices
Tunisia,1991,70743430.52143215,USD (1),fis,FAO capture production and ex-vessel prices
Tunisia,1992,103268946.97796091,USD (1),fis,FAO capture production and ex-vessel prices
Tunisia,1993,95119805.32987937,USD (1),fis,FAO capture production and ex-vessel prices
Tunisia,1994,96864038.3888944,USD (1),fis,FAO capture production and ex-vessel prices
Tunisia,1995,100233781.66203126,USD (1),fis,FAO capture production and ex-vessel prices
Tunisia,1996,93028181.39651427,USD (1),fis,FAO capture production and ex-vessel prices
Tunisia,1997,109743303.81956229,USD (1),fis,FAO capture production and ex-vessel prices
Tunisia,1998,106366772.98516375,USD (1),fis,FAO capture production and ex-vessel prices
Tunisia,1999,114426332.9420293,USD (1),fis,FAO capture production and ex-vessel prices
Tunisia,2000,113394295.66768025,USD (1),fis,FAO capture production and ex-vessel prices
Tunisia,2001,112293910.99672022,USD (1),fis,FAO capture production and ex-vessel prices
Tunisia,2002,104556402.54767078,USD (1),fis,FAO capture production and ex-vessel prices
Tunisia,2003,101590370.53224841,USD (1),fis,FAO capture production and ex-vessel prices
Tunisia,2004,127559758.32319097,USD (1),fis,FAO capture production and ex-vessel prices
Tunisia,2005,135965814.0810973,USD (1),fis,FAO capture production and ex-vessel prices
Tunisia,2006,125077467.13391204,USD (1),fis,FAO capture production and ex-vessel prices
Tunisia,2007,114118247.85558687,USD (1),fis,FAO capture production and ex-vessel prices
Tunisia,2008,127530920.87453002,USD (1),fis,FAO capture production and ex-vessel prices
Tunisia,2009,122442144.65246062,USD (1),fis,FAO capture production and ex-vessel prices
Tunisia,2010,115731496.93097885,USD (1),fis,FAO capture production and ex-vessel prices
Tunisia,2011,125897685.38149224,USD (1),fis,FAO capture production and ex-vessel prices
Tunisia,2012,145091742.4222559,USD (1),fis,FAO capture production and ex-vessel prices
Tunisia,2013,145687837.67552415,USD (1),fis,FAO capture production and ex-vessel prices
Tunisia,2014,155149423.51391354,USD (1),fis,FAO capture production and ex-vessel prices
Tunisia,2015,165318907.7010781,USD (1),fis,FAO capture production and ex-vessel prices
Tunisia,2016,163167022.09821612,USD (1),fis,FAO capture production and ex-vessel prices
Tunisia,2017,194248944.95678294,USD (1),fis,FAO capture production and ex-vessel prices
Tunisia,2018,171714385.65031704,USD (1),fis,FAO capture production and ex-vessel prices
Tunisia,2019,202637932.14818347,USD (1),fis,FAO capture production and ex-vessel prices
Tunisia,2020,161855555.75323617,USD (1),fis,FAO capture production and ex-vessel prices
Tunisia,2021,186602875.09603366,USD (1),fis,FAO capture production and ex-vessel prices
Tunisia,2022,217059043.9453054,USD (1),fis,FAO capture production and ex-vessel prices
Tunisia,2023,211214269.8420949,USD (1),fis,FAO capture production and ex-vessel prices
Turks and Caicos Islands,1976,1132406.4521134638,USD (1),fis,FAO capture production and ex-vessel prices
Turks and Caicos Islands,1977,1349727.2003773605,USD (1),fis,FAO capture production and ex-vessel prices
Turks and Caicos Islands,1978,1104408.1776196708,USD (1),fis,FAO capture production and ex-vessel prices
Turks and Caicos Islands,1979,2507169.116879076,USD (1),fis,FAO capture production and ex-vessel prices
Turks and Caicos Islands,1980,2675532.529006183,USD (1),fis,FAO capture production and ex-vessel prices
Turks and Caicos Islands,1981,2745176.184600893,USD (1),fis,FAO capture production and ex-vessel prices
Turks and Caicos Islands,1982,3240801.1467132913,USD (1),fis,FAO capture production and ex-vessel prices
Turks and Caicos Islands,1983,2647387.28723462,USD (1),fis,FAO capture production and ex-vessel prices
Turks and Caicos Islands,1984,3158192.2839987706,USD (1),fis,FAO capture production and ex-vessel prices
Turks and Caicos Islands,1985,2470901.7576579545,USD (1),fis,FAO capture production and ex-vessel prices
Turks and Caicos Islands,1986,1506610.6023173686,USD (1),fis,FAO capture production and ex-vessel prices
Turks and Caicos Islands,1987,2182923.3378774724,USD (1),fis,FAO capture production and ex-vessel prices
Turks and Caicos Islands,1988,2046430.984344971,USD (1),fis,FAO capture production and ex-vessel prices
Turks and Caicos Islands,1989,1802672.484427588,USD (1),fis,FAO capture production and ex-vessel prices
Turks and Caicos Islands,1990,2139750.1686007264,USD (1),fis,FAO capture production and ex-vessel prices
Turks and Caicos Islands,1991,3661023.5108940024,USD (1),fis,FAO capture production and ex-vessel prices
Turks and Caicos Islands,1992,5402047.759210097,USD (1),fis,FAO capture production and ex-vessel prices
Turks and Caicos Islands,1993,4439780.26292325,USD (1),fis,FAO capture production and ex-vessel prices
Turks and Caicos Islands,1994,5852491.8368405765,USD (1),fis,FAO capture production and ex-vessel prices
Turks and Caicos Islands,1995,5506713.285395577,USD (1),fis,FAO capture production and ex-vessel prices
Turks and Caicos Islands,1996,4054760.29928877,USD (1),fis,FAO capture production and ex-vessel prices
Turks and Caicos Islands,1997,3137412.2624997846,USD (1),fis,FAO capture production and ex-vessel prices
Turks and Caicos Islands,1998,3805464.7929526963,USD (1),fis,FAO capture production and ex-vessel prices
Turks and Caicos Islands,1999,6780972.62110648,USD (1),fis,FAO capture production and ex-vessel prices
Turks and Caicos Islands,2000,4783747.814611437,USD (1),fis,FAO capture production and ex-vessel prices
Turks and Caicos Islands,2001,7201419.705928674,USD (1),fis,FAO capture production and ex-vessel prices
Turks and Caicos Islands,2002,4586676.160108849,USD (1),fis,FAO capture production and ex-vessel prices
Turks and Caicos Islands,2003,4750446.606405949,USD (1),fis,FAO capture production and ex-vessel prices
Turks and Caicos Islands,2004,6862613.615449836,USD (1),fis,FAO capture production and ex-vessel prices
Turks and Caicos Islands,2005,8097681.876408907,USD (1),fis,FAO capture production and ex-vessel prices
Turks and Caicos Islands,2006,8867880.720693886,USD (1),fis,FAO capture production and ex-vessel prices
Turks and Caicos Islands,2007,7283344.919067604,USD (1),fis,FAO capture production and ex-vessel prices
Turks and Caicos Islands,2008,3420839.5616912856,USD (1),fis,FAO capture production and ex-vessel prices
Turks and Caicos Islands,2009,1979700.7561345745,USD (1),fis,FAO capture production and ex-vessel prices
Turks and Caicos Islands,2010,2694335.4083550186,USD (1),fis,FAO capture production and ex-vessel prices
Turks and Caicos Islands,2011,4880649.96050618,USD (1),fis,FAO capture production and ex-vessel prices
Turks and Caicos Islands,2012,3549671.7978674276,USD (1),fis,FAO capture production and ex-vessel prices
Turks and Caicos Islands,2013,3651147.226438031,USD (1),fis,FAO capture production and ex-vessel prices
Turks and Caicos Islands,2014,4172664.190057863,USD (1),fis,FAO capture production and ex-vessel prices
Turks and Caicos Islands,2015,4462471.701296534,USD (1),fis,FAO capture production and ex-vessel prices
Turks and Caicos Islands,2016,3963043.348955514,USD (1),fis,FAO capture production and ex-vessel prices
Turks and Caicos Islands,2017,2657589.748676768,USD (1),fis,FAO capture production and ex-vessel prices
Turks and Caicos Islands,2018,2168288.6207157127,USD (1),fis,FAO capture production and ex-vessel prices
Turks and Caicos Islands,2019,3363354.1041332125,USD (1),fis,FAO capture production and ex-vessel prices
Turks and Caicos Islands,2020,4039423.2865505293,USD (1),fis,FAO capture production and ex-vessel prices
Turks and Caicos Islands,2021,3457466.507406557,USD (1),fis,FAO capture production and ex-vessel prices
Turks and Caicos Islands,2022,5017050.62905887,USD (1),fis,FAO capture production and ex-vessel prices
Turks and Caicos Islands,2023,4855800.331065991,USD (1),fis,FAO capture production and ex-vessel prices
Tuvalu,1976,0,USD (1),fis,FAO capture production and ex-vessel prices
Tuvalu,1977,0,USD (1),fis,FAO capture production and ex-vessel prices
Tuvalu,1978,0,USD (1),fis,FAO capture production and ex-vessel prices
Tuvalu,1979,0,USD (1),fis,FAO capture production and ex-vessel prices
Tuvalu,1980,0,USD (1),fis,FAO capture production and ex-vessel prices
Tuvalu,1981,0,USD (1),fis,FAO capture production and ex-vessel prices
Tuvalu,1982,275264.3483968656,USD (1),fis,FAO capture production and ex-vessel prices
Tuvalu,1983,432360.2295649456,USD (1),fis,FAO capture production and ex-vessel prices
Tuvalu,1984,634751.2385723367,USD (1),fis,FAO capture production and ex-vessel prices
Tuvalu,1985,5166.912107545671,USD (1),fis,FAO capture production and ex-vessel prices
Tuvalu,1986,533380.769491701,USD (1),fis,FAO capture production and ex-vessel prices
Tuvalu,1987,878803.4180451905,USD (1),fis,FAO capture production and ex-vessel prices
Tuvalu,1988,1895959.982768257,USD (1),fis,FAO capture production and ex-vessel prices
Tuvalu,1989,200932.37668820668,USD (1),fis,FAO capture production and ex-vessel prices
Tuvalu,1990,96886.64254196592,USD (1),fis,FAO capture production and ex-vessel prices
Tuvalu,1991,31198.417252510986,USD (1),fis,FAO capture production and ex-vessel prices
Tuvalu,1992,7680.2143269490225,USD (1),fis,FAO capture production and ex-vessel prices
Tuvalu,1993,646352.7191690807,USD (1),fis,FAO capture production and ex-vessel prices
Tuvalu,1994,558461.950515737,USD (1),fis,FAO capture production and ex-vessel prices
Tuvalu,1995,368718.7509264184,USD (1),fis,FAO capture production and ex-vessel prices
Tuvalu,1996,299220.3170723096,USD (1),fis,FAO capture production and ex-vessel prices
Tuvalu,1997,386894.59216329956,USD (1),fis,FAO capture production and ex-vessel prices
Tuvalu,1998,425553.2699899987,USD (1),fis,FAO capture production and ex-vessel prices
Tuvalu,1999,333616.71697909234,USD (1),fis,FAO capture production and ex-vessel prices
Tuvalu,2000,382346.3183137082,USD (1),fis,FAO capture production and ex-vessel prices
Tuvalu,2001,368718.2443457946,USD (1),fis,FAO capture production and ex-vessel prices
Tuvalu,2002,431928.59535440215,USD (1),fis,FAO capture production and ex-vessel prices
Tuvalu,2003,1029714.8693011014,USD (1),fis,FAO capture production and ex-vessel prices
Tuvalu,2004,2042182.2334940839,USD (1),fis,FAO capture production and ex-vessel prices
Tuvalu,2005,2834856.2451605317,USD (1),fis,FAO capture production and ex-vessel prices
Tuvalu,2006,3975625.811678062,USD (1),fis,FAO capture production and ex-vessel prices
Tuvalu,2007,4932187.699959106,USD (1),fis,FAO capture production and ex-vessel prices
Tuvalu,2008,10185232.616477035,USD (1),fis,FAO capture production and ex-vessel prices
Tuvalu,2009,13391369.425923545,USD (1),fis,FAO capture production and ex-vessel prices
Tuvalu,2010,27762243.973458633,USD (1),fis,FAO capture production and ex-vessel prices
Tuvalu,2011,13456867.76207673,USD (1),fis,FAO capture production and ex-vessel prices
Tuvalu,2012,23473677.111308746,USD (1),fis,FAO capture production and ex-vessel prices
Tuvalu,2013,22600870.530769333,USD (1),fis,FAO capture production and ex-vessel prices
Tuvalu,2014,10093860.570970083,USD (1),fis,FAO capture production and ex-vessel prices
Tuvalu,2015,8700573.03230143,USD (1),fis,FAO capture production and ex-vessel prices
Tuvalu,2016,11501640.236901473,USD (1),fis,FAO capture production and ex-vessel prices
Tuvalu,2017,12565445.570173377,USD (1),fis,FAO capture production and ex-vessel prices
Tuvalu,2018,24140486.187556293,USD (1),fis,FAO capture production and ex-vessel prices
Tuvalu,2019,13845531.497385105,USD (1),fis,FAO capture production and ex-vessel prices
Tuvalu,2020,20908171.22591037,USD (1),fis,FAO capture production and ex-vessel prices
Tuvalu,2021,62136748.85322559,USD (1),fis,FAO capture production and ex-vessel prices
Tuvalu,2022,92830061.79593989,USD (1),fis,FAO capture production and ex-vessel prices
Tuvalu,2023,107988301.06038627,USD (1),fis,FAO capture production and ex-vessel prices
Türkiye,1976,52816989.29808094,USD (1),fis,FAO capture production and ex-vessel prices
Türkiye,1977,72117167.83807288,USD (1),fis,FAO capture production and ex-vessel prices
Türkiye,1978,104033224.93146491,USD (1),fis,FAO capture production and ex-vessel prices
Türkiye,1979,160907819.61685947,USD (1),fis,FAO capture production and ex-vessel prices
Türkiye,1980,275345279.41331834,USD (1),fis,FAO capture production and ex-vessel prices
Türkiye,1981,357177677.73876745,USD (1),fis,FAO capture production and ex-vessel prices
Türkiye,1982,328721635.88111794,USD (1),fis,FAO capture production and ex-vessel prices
Türkiye,1983,350133657.12951326,USD (1),fis,FAO capture production and ex-vessel prices
Türkiye,1984,332808261.1580741,USD (1),fis,FAO capture production and ex-vessel prices
Türkiye,1985,324002944.52022976,USD (1),fis,FAO capture production and ex-vessel prices
Türkiye,1986,406668160.2191442,USD (1),fis,FAO capture production and ex-vessel prices
Türkiye,1987,590551369.9238293,USD (1),fis,FAO capture production and ex-vessel prices
Türkiye,1988,413595598.6541903,USD (1),fis,FAO capture production and ex-vessel prices
Türkiye,1989,224181483.69054398,USD (1),fis,FAO capture production and ex-vessel prices
Türkiye,1990,219734160.63470212,USD (1),fis,FAO capture production and ex-vessel prices
Türkiye,1991,207483792.10387245,USD (1),fis,FAO capture production and ex-vessel prices
Türkiye,1992,307260535.56452334,USD (1),fis,FAO capture production and ex-vessel prices
Türkiye,1993,429688153.8918598,USD (1),fis,FAO capture production and ex-vessel prices
Türkiye,1994,353443776.6782995,USD (1),fis,FAO capture production and ex-vessel prices
Türkiye,1995,460363793.24157053,USD (1),fis,FAO capture production and ex-vessel prices
Türkiye,1996,408090536.18436337,USD (1),fis,FAO capture production and ex-vessel prices
Türkiye,1997,281748451.7630326,USD (1),fis,FAO capture production and ex-vessel prices
Türkiye,1998,344440911.93942857,USD (1),fis,FAO capture production and ex-vessel prices
Türkiye,1999,495806369.64253414,USD (1),fis,FAO capture production and ex-vessel prices
Türkiye,2000,423482919.1640786,USD (1),fis,FAO capture production and ex-vessel prices
Türkiye,2001,316654817.61767733,USD (1),fis,FAO capture production and ex-vessel prices
Türkiye,2002,283724754.4665436,USD (1),fis,FAO capture production and ex-vessel prices
Türkiye,2003,323851783.08119684,USD (1),fis,FAO capture production and ex-vessel prices
Türkiye,2004,352745355.44802094,USD (1),fis,FAO capture production and ex-vessel prices
Türkiye,2005,276116255.04543626,USD (1),fis,FAO capture production and ex-vessel prices
Türkiye,2006,435079633.8603634,USD (1),fis,FAO capture production and ex-vessel prices
Türkiye,2007,490234142.15649414,USD (1),fis,FAO capture production and ex-vessel prices
Türkiye,2008,383557267.9023653,USD (1),fis,FAO capture production and ex-vessel prices
Türkiye,2009,329355754.1378885,USD (1),fis,FAO capture production and ex-vessel prices
Türkiye,2010,312940613.7007038,USD (1),fis,FAO capture production and ex-vessel prices
Türkiye,2011,386051725.3596084,USD (1),fis,FAO capture production and ex-vessel prices
Türkiye,2012,384492144.65153986,USD (1),fis,FAO capture production and ex-vessel prices
Türkiye,2013,405500510.58905804,USD (1),fis,FAO capture production and ex-vessel prices
Türkiye,2014,380193184.218137,USD (1),fis,FAO capture production and ex-vessel prices
Türkiye,2015,455494687.0159222,USD (1),fis,FAO capture production and ex-vessel prices
Türkiye,2016,414634902.5826394,USD (1),fis,FAO capture production and ex-vessel prices
Türkiye,2017,474669067.1860102,USD (1),fis,FAO capture production and ex-vessel prices
Türkiye,2018,447260270.0924072,USD (1),fis,FAO capture production and ex-vessel prices
Türkiye,2019,666442275.8296658,USD (1),fis,FAO capture production and ex-vessel prices
Türkiye,2020,341465727.4437552,USD (1),fis,FAO capture production and ex-vessel prices
Türkiye,2021,334952076.2421626,USD (1),fis,FAO capture production and ex-vessel prices
Türkiye,2022,494913448.50175375,USD (1),fis,FAO capture production and ex-vessel prices
Türkiye,2023,419927336.3541442,USD (1),fis,FAO capture production and ex-vessel prices
Ukraine,1992,289523734.11811453,USD (1),fis,FAO capture production and ex-vessel prices
Ukraine,1993,93958883.25188574,USD (1),fis,FAO capture production and ex-vessel prices
Ukraine,1994,140533754.72821066,USD (1),fis,FAO capture production and ex-vessel prices
Ukraine,1995,337608421.30055726,USD (1),fis,FAO capture production and ex-vessel prices
Ukraine,1996,196106769.01161236,USD (1),fis,FAO capture production and ex-vessel prices
Ukraine,1997,157662886.15822935,USD (1),fis,FAO capture production and ex-vessel prices
Ukraine,1998,157147245.50459623,USD (1),fis,FAO capture production and ex-vessel prices
Ukraine,1999,183218321.25553843,USD (1),fis,FAO capture production and ex-vessel prices
Ukraine,2000,171544122.91393057,USD (1),fis,FAO capture production and ex-vessel prices
Ukraine,2001,112840311.10033838,USD (1),fis,FAO capture production and ex-vessel prices
Ukraine,2002,131003998.7126045,USD (1),fis,FAO capture production and ex-vessel prices
Ukraine,2003,134876909.19570276,USD (1),fis,FAO capture production and ex-vessel prices
Ukraine,2004,138091081.50790527,USD (1),fis,FAO capture production and ex-vessel prices
Ukraine,2005,106029067.23732218,USD (1),fis,FAO capture production and ex-vessel prices
Ukraine,2006,149341237.63657123,USD (1),fis,FAO capture production and ex-vessel prices
Ukraine,2007,73522551.74464795,USD (1),fis,FAO capture production and ex-vessel prices
Ukraine,2008,89468343.49112736,USD (1),fis,FAO capture production and ex-vessel prices
Ukraine,2009,55147694.55807316,USD (1),fis,FAO capture production and ex-vessel prices
Ukraine,2010,54774124.6273348,USD (1),fis,FAO capture production and ex-vessel prices
Ukraine,2011,59578592.56895104,USD (1),fis,FAO capture production and ex-vessel prices
Ukraine,2012,46824417.735539585,USD (1),fis,FAO capture production and ex-vessel prices
Ukraine,2013,79526330.24030352,USD (1),fis,FAO capture production and ex-vessel prices
Ukraine,2014,91835472.84376626,USD (1),fis,FAO capture production and ex-vessel prices
Ukraine,2015,86181852.11825903,USD (1),fis,FAO capture production and ex-vessel prices
Ukraine,2016,51807015.365300275,USD (1),fis,FAO capture production and ex-vessel prices
Ukraine,2017,65220410.288005665,USD (1),fis,FAO capture production and ex-vessel prices
Ukraine,2018,86691570.20956711,USD (1),fis,FAO capture production and ex-vessel prices
Ukraine,2019,119379226.98974873,USD (1),fis,FAO capture production and ex-vessel prices
Ukraine,2020,86976642.88129349,USD (1),fis,FAO capture production and ex-vessel prices
Ukraine,2021,94728918.22493793,USD (1),fis,FAO capture production and ex-vessel prices
Ukraine,2022,32943166.689710937,USD (1),fis,FAO capture production and ex-vessel prices
Ukraine,2023,41316419.56190966,USD (1),fis,FAO capture production and ex-vessel prices
Union of Soviet Socialist Republics [former],1976,3197809884.8809733,USD (1),fis,FAO capture production and ex-vessel prices
Union of Soviet Socialist Republics [former],1977,3434152950.7602696,USD (1),fis,FAO capture production and ex-vessel prices
Union of Soviet Socialist Republics [former],1978,3760023219.904233,USD (1),fis,FAO capture production and ex-vessel prices
Union of Soviet Socialist Republics [former],1979,4044234201.26307,USD (1),fis,FAO capture production and ex-vessel prices
Union of Soviet Socialist Republics [former],1980,4337593637.307999,USD (1),fis,FAO capture production and ex-vessel prices
Union of Soviet Socialist Republics [former],1981,4223292076.9935427,USD (1),fis,FAO capture production and ex-vessel prices
Union of Soviet Socialist Republics [former],1982,4697029586.887133,USD (1),fis,FAO capture production and ex-vessel prices
Union of Soviet Socialist Republics [former],1983,3619505257.7001495,USD (1),fis,FAO capture production and ex-vessel prices
Union of Soviet Socialist Republics [former],1984,5392642148.407208,USD (1),fis,FAO capture production and ex-vessel prices
Union of Soviet Socialist Republics [former],1985,6628399669.621606,USD (1),fis,FAO capture production and ex-vessel prices
Union of Soviet Socialist Republics [former],1986,8430789212.410451,USD (1),fis,FAO capture production and ex-vessel prices
Union of Soviet Socialist Republics [former],1987,7427534584.999085,USD (1),fis,FAO capture production and ex-vessel prices
Union of Soviet Socialist Republics [former],1988,5849840499.0260725,USD (1),fis,FAO capture production and ex-vessel prices
Union of Soviet Socialist Republics [former],1989,6096352199.913372,USD (1),fis,FAO capture production and ex-vessel prices
Union of Soviet Socialist Republics [former],1990,5851784241.979618,USD (1),fis,FAO capture production and ex-vessel prices
Union of Soviet Socialist Republics [former],1991,7731384482.440209,USD (1),fis,FAO capture production and ex-vessel prices
United Arab Emirates,1976,7174395.744649107,USD (1),fis,FAO capture production and ex-vessel prices
United Arab Emirates,1977,8710533.16751141,USD (1),fis,FAO capture production and ex-vessel prices
United Arab Emirates,1978,8753601.76706752,USD (1),fis,FAO capture production and ex-vessel prices
United Arab Emirates,1979,10744843.04128247,USD (1),fis,FAO capture production and ex-vessel prices
United Arab Emirates,1980,12853297.222825076,USD (1),fis,FAO capture production and ex-vessel prices
United Arab Emirates,1981,12931472.443020968,USD (1),fis,FAO capture production and ex-vessel prices
United Arab Emirates,1982,20614993.971583907,USD (1),fis,FAO capture production and ex-vessel prices
United Arab Emirates,1983,14330500.217787918,USD (1),fis,FAO capture production and ex-vessel prices
United Arab Emirates,1984,18550199.33389292,USD (1),fis,FAO capture production and ex-vessel prices
United Arab Emirates,1985,15272177.960437568,USD (1),fis,FAO capture production and ex-vessel prices
United Arab Emirates,1986,20971256.418625355,USD (1),fis,FAO capture production and ex-vessel prices
United Arab Emirates,1987,26776521.812094685,USD (1),fis,FAO capture production and ex-vessel prices
United Arab Emirates,1988,31915744.39608678,USD (1),fis,FAO capture production and ex-vessel prices
United Arab Emirates,1989,30771225.196034785,USD (1),fis,FAO capture production and ex-vessel prices
United Arab Emirates,1990,35679298.51708763,USD (1),fis,FAO capture production and ex-vessel prices
United Arab Emirates,1991,31181715.4276043,USD (1),fis,FAO capture production and ex-vessel prices
United Arab Emirates,1992,40689086.029304415,USD (1),fis,FAO capture production and ex-vessel prices
United Arab Emirates,1993,36928327.74580995,USD (1),fis,FAO capture production and ex-vessel prices
United Arab Emirates,1994,56069565.22666974,USD (1),fis,FAO capture production and ex-vessel prices
United Arab Emirates,1995,61901861.49230136,USD (1),fis,FAO capture production and ex-vessel prices
United Arab Emirates,1996,53113106.38191112,USD (1),fis,FAO capture production and ex-vessel prices
United Arab Emirates,1997,42092413.29299862,USD (1),fis,FAO capture production and ex-vessel prices
United Arab Emirates,1998,43364988.408311866,USD (1),fis,FAO capture production and ex-vessel prices
United Arab Emirates,1999,45884235.15225444,USD (1),fis,FAO capture production and ex-vessel prices
United Arab Emirates,2000,32309912.668911595,USD (1),fis,FAO capture production and ex-vessel prices
United Arab Emirates,2001,36612558.23391928,USD (1),fis,FAO capture production and ex-vessel prices
United Arab Emirates,2002,30032577.119081363,USD (1),fis,FAO capture production and ex-vessel prices
United Arab Emirates,2003,37653220.96790963,USD (1),fis,FAO capture production and ex-vessel prices
United Arab Emirates,2004,38559964.82589753,USD (1),fis,FAO capture production and ex-vessel prices
United Arab Emirates,2005,39701730.513927005,USD (1),fis,FAO capture production and ex-vessel prices
United Arab Emirates,2006,49898808.248597585,USD (1),fis,FAO capture production and ex-vessel prices
United Arab Emirates,2007,49606836.73598269,USD (1),fis,FAO capture production and ex-vessel prices
United Arab Emirates,2008,59903177.2410373,USD (1),fis,FAO capture production and ex-vessel prices
United Arab Emirates,2009,93511771.2397098,USD (1),fis,FAO capture production and ex-vessel prices
United Arab Emirates,2010,59919840.917127416,USD (1),fis,FAO capture production and ex-vessel prices
United Arab Emirates,2011,83371873.75418904,USD (1),fis,FAO capture production and ex-vessel prices
United Arab Emirates,2012,93909515.49072069,USD (1),fis,FAO capture production and ex-vessel prices
United Arab Emirates,2013,88075526.95429376,USD (1),fis,FAO capture production and ex-vessel prices
United Arab Emirates,2014,101685629.20708297,USD (1),fis,FAO capture production and ex-vessel prices
United Arab Emirates,2015,144916026.97890785,USD (1),fis,FAO capture production and ex-vessel prices
United Arab Emirates,2016,84812863.04325639,USD (1),fis,FAO capture production and ex-vessel prices
United Arab Emirates,2017,106035931.5974272,USD (1),fis,FAO capture production and ex-vessel prices
United Arab Emirates,2018,97257391.2514099,USD (1),fis,FAO capture production and ex-vessel prices
United Arab Emirates,2019,93579503.83811085,USD (1),fis,FAO capture production and ex-vessel prices
United Arab Emirates,2020,84505794.46596684,USD (1),fis,FAO capture production and ex-vessel prices
United Arab Emirates,2021,91979651.67165473,USD (1),fis,FAO capture production and ex-vessel prices
United Arab Emirates,2022,148016548.934742,USD (1),fis,FAO capture production and ex-vessel prices
United Arab Emirates,2023,125854497.07671772,USD (1),fis,FAO capture production and ex-vessel prices
United Kingdom of Great Britain and Northern Ireland,1976,486003738.94884956,USD (1),fis,FAO capture production and ex-vessel prices
United Kingdom of Great Britain and Northern Ireland,1977,485993367.3690676,USD (1),fis,FAO capture production and ex-vessel prices
United Kingdom of Great Britain and Northern Ireland,1978,495819479.9290492,USD (1),fis,FAO capture production and ex-vessel prices
United Kingdom of Great Britain and Northern Ireland,1979,508784890.6435732,USD (1),fis,FAO capture production and ex-vessel prices
United Kingdom of Great Britain and Northern Ireland,1980,516091454.338809,USD (1),fis,FAO capture production and ex-vessel prices
United Kingdom of Great Britain and Northern Ireland,1981,530992233.48796207,USD (1),fis,FAO capture production and ex-vessel prices
United Kingdom of Great Britain and Northern Ireland,1982,533120585.189578,USD (1),fis,FAO capture production and ex-vessel prices
United Kingdom of Great Britain and Northern Ireland,1983,561349320.6304699,USD (1),fis,FAO capture production and ex-vessel prices
United Kingdom of Great Britain and Northern Ireland,1984,498390737.32518786,USD (1),fis,FAO capture production and ex-vessel prices
United Kingdom of Great Britain and Northern Ireland,1985,559942401.835399,USD (1),fis,FAO capture production and ex-vessel prices
United Kingdom of Great Britain and Northern Ireland,1986,662732767.7726368,USD (1),fis,FAO capture production and ex-vessel prices
United Kingdom of Great Britain and Northern Ireland,1987,839585740.7656858,USD (1),fis,FAO capture production and ex-vessel prices
United Kingdom of Great Britain and Northern Ireland,1988,796420589.2362623,USD (1),fis,FAO capture production and ex-vessel prices
United Kingdom of Great Britain and Northern Ireland,1989,727370934.759872,USD (1),fis,FAO capture production and ex-vessel prices
United Kingdom of Great Britain and Northern Ireland,1990,769942809.7247299,USD (1),fis,FAO capture production and ex-vessel prices
United Kingdom of Great Britain and Northern Ireland,1991,901746044.4784731,USD (1),fis,FAO capture production and ex-vessel prices
United Kingdom of Great Britain and Northern Ireland,1992,875753177.2976705,USD (1),fis,FAO capture production and ex-vessel prices
United Kingdom of Great Britain and Northern Ireland,1993,828087674.1996849,USD (1),fis,FAO capture production and ex-vessel prices
United Kingdom of Great Britain and Northern Ireland,1994,948255967.8630911,USD (1),fis,FAO capture production and ex-vessel prices
United Kingdom of Great Britain and Northern Ireland,1995,986006700.6078627,USD (1),fis,FAO capture production and ex-vessel prices
United Kingdom of Great Britain and Northern Ireland,1996,999393550.538108,USD (1),fis,FAO capture production and ex-vessel prices
United Kingdom of Great Britain and Northern Ireland,1997,976781256.6585456,USD (1),fis,FAO capture production and ex-vessel prices
United Kingdom of Great Britain and Northern Ireland,1998,955041236.4424338,USD (1),fis,FAO capture production and ex-vessel prices
United Kingdom of Great Britain and Northern Ireland,1999,788421655.2345903,USD (1),fis,FAO capture production and ex-vessel prices
United Kingdom of Great Britain and Northern Ireland,2000,736339538.1172066,USD (1),fis,FAO capture production and ex-vessel prices
United Kingdom of Great Britain and Northern Ireland,2001,782658553.4192824,USD (1),fis,FAO capture production and ex-vessel prices
United Kingdom of Great Britain and Northern Ireland,2002,779386142.19785,USD (1),fis,FAO capture production and ex-vessel prices
United Kingdom of Great Britain and Northern Ireland,2003,662469691.2901137,USD (1),fis,FAO capture production and ex-vessel prices
United Kingdom of Great Britain and Northern Ireland,2004,729738432.1182718,USD (1),fis,FAO capture production and ex-vessel prices
United Kingdom of Great Britain and Northern Ireland,2005,709081673.5160599,USD (1),fis,FAO capture production and ex-vessel prices
United Kingdom of Great Britain and Northern Ireland,2006,856835636.7383026,USD (1),fis,FAO capture production and ex-vessel prices
United Kingdom of Great Britain and Northern Ireland,2007,942043610.8199651,USD (1),fis,FAO capture production and ex-vessel prices
United Kingdom of Great Britain and Northern Ireland,2008,954719783.0463332,USD (1),fis,FAO capture production and ex-vessel prices
United Kingdom of Great Britain and Northern Ireland,2009,910133440.8901846,USD (1),fis,FAO capture production and ex-vessel prices
United Kingdom of Great Britain and Northern Ireland,2010,959063155.0720855,USD (1),fis,FAO capture production and ex-vessel prices
United Kingdom of Great Britain and Northern Ireland,2011,1158916515.4780412,USD (1),fis,FAO capture production and ex-vessel prices
United Kingdom of Great Britain and Northern Ireland,2012,1119195036.7375264,USD (1),fis,FAO capture production and ex-vessel prices
United Kingdom of Great Britain and Northern Ireland,2013,1071747557.0606102,USD (1),fis,FAO capture production and ex-vessel prices
United Kingdom of Great Britain and Northern Ireland,2014,1126112618.2569919,USD (1),fis,FAO capture production and ex-vessel prices
United Kingdom of Great Britain and Northern Ireland,2015,1001581307.5819011,USD (1),fis,FAO capture production and ex-vessel prices
United Kingdom of Great Britain and Northern Ireland,2016,1034529485.6036006,USD (1),fis,FAO capture production and ex-vessel prices
United Kingdom of Great Britain and Northern Ireland,2017,1010016116.8974243,USD (1),fis,FAO capture production and ex-vessel prices
United Kingdom of Great Britain and Northern Ireland,2018,978970196.1879903,USD (1),fis,FAO capture production and ex-vessel prices
United Kingdom of Great Britain and Northern Ireland,2019,987123357.9493495,USD (1),fis,FAO capture production and ex-vessel prices
United Kingdom of Great Britain and Northern Ireland,2020,866441801.1592807,USD (1),fis,FAO capture production and ex-vessel prices
United Kingdom of Great Britain and Northern Ireland,2021,1086477981.8945668,USD (1),fis,FAO capture production and ex-vessel prices
United Kingdom of Great Britain and Northern Ireland,2022,1071094614.9417427,USD (1),fis,FAO capture production and ex-vessel prices
United Kingdom of Great Britain and Northern Ireland,2023,1010447658.335701,USD (1),fis,FAO capture production and ex-vessel prices
United Republic of Tanzania,1976,1644830.9589096939,USD (1),fis,FAO capture production and ex-vessel prices
United Republic of Tanzania,1977,2641701.2200608803,USD (1),fis,FAO capture production and ex-vessel prices
United Republic of Tanzania,1978,1976204.8959784836,USD (1),fis,FAO capture production and ex-vessel prices
United Republic of Tanzania,1979,1295399.1270021328,USD (1),fis,FAO capture production and ex-vessel prices
United Republic of Tanzania,1980,1171878.9284833216,USD (1),fis,FAO capture production and ex-vessel prices
United Republic of Tanzania,1981,2286729.615147629,USD (1),fis,FAO capture production and ex-vessel prices
United Republic of Tanzania,1982,3145983.891350873,USD (1),fis,FAO capture production and ex-vessel prices
United Republic of Tanzania,1983,1788548.8135832292,USD (1),fis,FAO capture production and ex-vessel prices
United Republic of Tanzania,1984,1851987.2929728187,USD (1),fis,FAO capture production and ex-vessel prices
United Republic of Tanzania,1985,2381267.9613774056,USD (1),fis,FAO capture production and ex-vessel prices
United Republic of Tanzania,1986,2898238.4472424365,USD (1),fis,FAO capture production and ex-vessel prices
United Republic of Tanzania,1987,2190270.808970233,USD (1),fis,FAO capture production and ex-vessel prices
United Republic of Tanzania,1988,2286821.3728145645,USD (1),fis,FAO capture production and ex-vessel prices
United Republic of Tanzania,1989,3628497.244990865,USD (1),fis,FAO capture production and ex-vessel prices
United Republic of Tanzania,1990,3347865.6412982503,USD (1),fis,FAO capture production and ex-vessel prices
United Republic of Tanzania,1991,3421822.035351213,USD (1),fis,FAO capture production and ex-vessel prices
United Republic of Tanzania,1992,3343761.781864429,USD (1),fis,FAO capture production and ex-vessel prices
United Republic of Tanzania,1993,2942717.484156397,USD (1),fis,FAO capture production and ex-vessel prices
United Republic of Tanzania,1994,4970165.3022211995,USD (1),fis,FAO capture production and ex-vessel prices
United Republic of Tanzania,1995,4574773.793658582,USD (1),fis,FAO capture production and ex-vessel prices
United Republic of Tanzania,1996,6004938.366889502,USD (1),fis,FAO capture production and ex-vessel prices
United Republic of Tanzania,1997,4837698.083058257,USD (1),fis,FAO capture production and ex-vessel prices
United Republic of Tanzania,1998,4572694.892996142,USD (1),fis,FAO capture production and ex-vessel prices
United Republic of Tanzania,1999,4788449.931705646,USD (1),fis,FAO capture production and ex-vessel prices
United Republic of Tanzania,2000,5688284.087449209,USD (1),fis,FAO capture production and ex-vessel prices
United Republic of Tanzania,2001,5442028.038656585,USD (1),fis,FAO capture production and ex-vessel prices
United Republic of Tanzania,2002,5316357.507071072,USD (1),fis,FAO capture production and ex-vessel prices
United Republic of Tanzania,2003,5159175.31569359,USD (1),fis,FAO capture production and ex-vessel prices
United Republic of Tanzania,2004,5876145.675314682,USD (1),fis,FAO capture production and ex-vessel prices
United Republic of Tanzania,2005,8489615.040486308,USD (1),fis,FAO capture production and ex-vessel prices
United Republic of Tanzania,2006,20466752.550550085,USD (1),fis,FAO capture production and ex-vessel prices
United Republic of Tanzania,2007,13009953.019373555,USD (1),fis,FAO capture production and ex-vessel prices
United Republic of Tanzania,2008,14978478.669899514,USD (1),fis,FAO capture production and ex-vessel prices
United Republic of Tanzania,2009,16024959.956520675,USD (1),fis,FAO capture production and ex-vessel prices
United Republic of Tanzania,2010,31137559.41916299,USD (1),fis,FAO capture production and ex-vessel prices
United Republic of Tanzania,2011,28303093.16146905,USD (1),fis,FAO capture production and ex-vessel prices
United Republic of Tanzania,2012,30109988.888702985,USD (1),fis,FAO capture production and ex-vessel prices
United Republic of Tanzania,2013,30821917.549571916,USD (1),fis,FAO capture production and ex-vessel prices
United Republic of Tanzania,2014,30024837.207955193,USD (1),fis,FAO capture production and ex-vessel prices
United Republic of Tanzania,2015,36160645.08259758,USD (1),fis,FAO capture production and ex-vessel prices
United Republic of Tanzania,2016,34886383.03225166,USD (1),fis,FAO capture production and ex-vessel prices
United Republic of Tanzania,2017,34856062.24820876,USD (1),fis,FAO capture production and ex-vessel prices
United Republic of Tanzania,2018,33827677.26542615,USD (1),fis,FAO capture production and ex-vessel prices
United Republic of Tanzania,2019,49411469.93410229,USD (1),fis,FAO capture production and ex-vessel prices
United Republic of Tanzania,2020,112618896.78509898,USD (1),fis,FAO capture production and ex-vessel prices
United Republic of Tanzania,2021,124421434.14831568,USD (1),fis,FAO capture production and ex-vessel prices
United Republic of Tanzania,2022,142287971.49740037,USD (1),fis,FAO capture production and ex-vessel prices
United Republic of Tanzania,2023,128361704.4475027,USD (1),fis,FAO capture production and ex-vessel prices
"United Republic of Tanzania, Zanzibar",2000,0,USD (1),fis,FAO capture production and ex-vessel prices
"United Republic of Tanzania, Zanzibar",2001,0,USD (1),fis,FAO capture production and ex-vessel prices
"United Republic of Tanzania, Zanzibar",2002,0,USD (1),fis,FAO capture production and ex-vessel prices
"United Republic of Tanzania, Zanzibar",2003,0,USD (1),fis,FAO capture production and ex-vessel prices
"United Republic of Tanzania, Zanzibar",2004,0,USD (1),fis,FAO capture production and ex-vessel prices
"United Republic of Tanzania, Zanzibar",2005,0,USD (1),fis,FAO capture production and ex-vessel prices
"United Republic of Tanzania, Zanzibar",2006,0,USD (1),fis,FAO capture production and ex-vessel prices
"United Republic of Tanzania, Zanzibar",2007,0,USD (1),fis,FAO capture production and ex-vessel prices
"United Republic of Tanzania, Zanzibar",2008,0,USD (1),fis,FAO capture production and ex-vessel prices
"United Republic of Tanzania, Zanzibar",2009,0,USD (1),fis,FAO capture production and ex-vessel prices
"United Republic of Tanzania, Zanzibar",2010,0,USD (1),fis,FAO capture production and ex-vessel prices
"United Republic of Tanzania, Zanzibar",2011,3951976.635836783,USD (1),fis,FAO capture production and ex-vessel prices
"United Republic of Tanzania, Zanzibar",2012,5364141.272375258,USD (1),fis,FAO capture production and ex-vessel prices
"United Republic of Tanzania, Zanzibar",2013,6868421.693303785,USD (1),fis,FAO capture production and ex-vessel prices
"United Republic of Tanzania, Zanzibar",2014,7018879.64069574,USD (1),fis,FAO capture production and ex-vessel prices
"United Republic of Tanzania, Zanzibar",2015,7134802.54574435,USD (1),fis,FAO capture production and ex-vessel prices
"United Republic of Tanzania, Zanzibar",2016,8323604.153029013,USD (1),fis,FAO capture production and ex-vessel prices
"United Republic of Tanzania, Zanzibar",2017,9189466.390907913,USD (1),fis,FAO capture production and ex-vessel prices
"United Republic of Tanzania, Zanzibar",2018,8514079.865417767,USD (1),fis,FAO capture production and ex-vessel prices
"United Republic of Tanzania, Zanzibar",2019,8492616.525762033,USD (1),fis,FAO capture production and ex-vessel prices
"United Republic of Tanzania, Zanzibar",2020,9047944.938605148,USD (1),fis,FAO capture production and ex-vessel prices
"United Republic of Tanzania, Zanzibar",2021,9920313.984120265,USD (1),fis,FAO capture production and ex-vessel prices
"United Republic of Tanzania, Zanzibar",2022,11342686.82612717,USD (1),fis,FAO capture production and ex-vessel prices
"United Republic of Tanzania, Zanzibar",2023,10495144.978119647,USD (1),fis,FAO capture production and ex-vessel prices
United States Virgin Islands,1976,138444.675963715,USD (1),fis,FAO capture production and ex-vessel prices
United States Virgin Islands,1977,271788.07106574834,USD (1),fis,FAO capture production and ex-vessel prices
United States Virgin Islands,1978,312402.3131912216,USD (1),fis,FAO capture production and ex-vessel prices
United States Virgin Islands,1979,574397.8781704385,USD (1),fis,FAO capture production and ex-vessel prices
United States Virgin Islands,1980,397276.0421857666,USD (1),fis,FAO capture production and ex-vessel prices
United States Virgin Islands,1981,374342.20699103083,USD (1),fis,FAO capture production and ex-vessel prices
United States Virgin Islands,1982,505286.2002940078,USD (1),fis,FAO capture production and ex-vessel prices
United States Virgin Islands,1983,255063.8914611428,USD (1),fis,FAO capture production and ex-vessel prices
United States Virgin Islands,1984,299557.5337126205,USD (1),fis,FAO capture production and ex-vessel prices
United States Virgin Islands,1985,309969.7545449047,USD (1),fis,FAO capture production and ex-vessel prices
United States Virgin Islands,1986,464896.9858579309,USD (1),fis,FAO capture production and ex-vessel prices
United States Virgin Islands,1987,337565.4646202277,USD (1),fis,FAO capture production and ex-vessel prices
United States Virgin Islands,1988,511607.7460862427,USD (1),fis,FAO capture production and ex-vessel prices
United States Virgin Islands,1989,494001.5942902525,USD (1),fis,FAO capture production and ex-vessel prices
United States Virgin Islands,1990,611357.191028779,USD (1),fis,FAO capture production and ex-vessel prices
United States Virgin Islands,1991,871111.7035567722,USD (1),fis,FAO capture production and ex-vessel prices
United States Virgin Islands,1992,836600.3166918291,USD (1),fis,FAO capture production and ex-vessel prices
United States Virgin Islands,1993,752505.1293090255,USD (1),fis,FAO capture production and ex-vessel prices
United States Virgin Islands,1994,999205.9233630253,USD (1),fis,FAO capture production and ex-vessel prices
United States Virgin Islands,1995,1171641.1245522504,USD (1),fis,FAO capture production and ex-vessel prices
United States Virgin Islands,1996,1046389.7546551665,USD (1),fis,FAO capture production and ex-vessel prices
United States Virgin Islands,1997,1386701.5524860926,USD (1),fis,FAO capture production and ex-vessel prices
United States Virgin Islands,1998,1502157.1551129064,USD (1),fis,FAO capture production and ex-vessel prices
United States Virgin Islands,1999,2317859.7323054876,USD (1),fis,FAO capture production and ex-vessel prices
United States Virgin Islands,2000,1854165.8196168358,USD (1),fis,FAO capture production and ex-vessel prices
United States Virgin Islands,2001,2302779.557128355,USD (1),fis,FAO capture production and ex-vessel prices
United States Virgin Islands,2002,2658942.701512377,USD (1),fis,FAO capture production and ex-vessel prices
United States Virgin Islands,2003,2540827.6015294683,USD (1),fis,FAO capture production and ex-vessel prices
United States Virgin Islands,2004,2826170.229838476,USD (1),fis,FAO capture production and ex-vessel prices
United States Virgin Islands,2005,2081639.9031111097,USD (1),fis,FAO capture production and ex-vessel prices
United States Virgin Islands,2006,2600082.2597213415,USD (1),fis,FAO capture production and ex-vessel prices
United States Virgin Islands,2007,2077018.7301296778,USD (1),fis,FAO capture production and ex-vessel prices
United States Virgin Islands,2008,2132784.7154410947,USD (1),fis,FAO capture production and ex-vessel prices
United States Virgin Islands,2009,1662214.3276257352,USD (1),fis,FAO capture production and ex-vessel prices
United States Virgin Islands,2010,1641585.5959762468,USD (1),fis,FAO capture production and ex-vessel prices
United States Virgin Islands,2011,2057118.5487625208,USD (1),fis,FAO capture production and ex-vessel prices
United States Virgin Islands,2012,670818.795115791,USD (1),fis,FAO capture production and ex-vessel prices
United States Virgin Islands,2013,1051288.4036636157,USD (1),fis,FAO capture production and ex-vessel prices
United States Virgin Islands,2014,1038327.9811213476,USD (1),fis,FAO capture production and ex-vessel prices
United States Virgin Islands,2015,1095204.690912195,USD (1),fis,FAO capture production and ex-vessel prices
United States Virgin Islands,2016,1155319.203046757,USD (1),fis,FAO capture production and ex-vessel prices
United States Virgin Islands,2017,1168467.3138032116,USD (1),fis,FAO capture production and ex-vessel prices
United States Virgin Islands,2018,575976.1139978322,USD (1),fis,FAO capture production and ex-vessel prices
United States Virgin Islands,2019,661481.8285448317,USD (1),fis,FAO capture production and ex-vessel prices
United States Virgin Islands,2020,800960.9643540327,USD (1),fis,FAO capture production and ex-vessel prices
United States Virgin Islands,2021,1264756.7988680706,USD (1),fis,FAO capture production and ex-vessel prices
United States Virgin Islands,2022,1542501.4856392846,USD (1),fis,FAO capture production and ex-vessel prices
United States Virgin Islands,2023,1181340.593907994,USD (1),fis,FAO capture production and ex-vessel prices
United States of America,1976,1822208574.593998,USD (1),fis,FAO capture production and ex-vessel prices
United States of America,1977,2473831281.652943,USD (1),fis,FAO capture production and ex-vessel prices
United States of America,1978,2993424622.930886,USD (1),fis,FAO capture production and ex-vessel prices
United States of America,1979,3286292477.6180854,USD (1),fis,FAO capture production and ex-vessel prices
United States of America,1980,3918155752.124852,USD (1),fis,FAO capture production and ex-vessel prices
United States of America,1981,3894401583.6491222,USD (1),fis,FAO capture production and ex-vessel prices
United States of America,1982,3364825468.3443327,USD (1),fis,FAO capture production and ex-vessel prices
United States of America,1983,3536844071.574574,USD (1),fis,FAO capture production and ex-vessel prices
United States of America,1984,4406306337.570141,USD (1),fis,FAO capture production and ex-vessel prices
United States of America,1985,4720620349.559853,USD (1),fis,FAO capture production and ex-vessel prices
United States of America,1986,6131794753.411601,USD (1),fis,FAO capture production and ex-vessel prices
United States of America,1987,5997716184.433032,USD (1),fis,FAO capture production and ex-vessel prices
United States of America,1988,5274864944.448958,USD (1),fis,FAO capture production and ex-vessel prices
United States of America,1989,6021638735.172243,USD (1),fis,FAO capture production and ex-vessel prices
United States of America,1990,6189113322.019097,USD (1),fis,FAO capture production and ex-vessel prices
United States of America,1991,7306354887.447689,USD (1),fis,FAO capture production and ex-vessel prices
United States of America,1992,8417682152.802389,USD (1),fis,FAO capture production and ex-vessel prices
United States of America,1993,7944602452.035991,USD (1),fis,FAO capture production and ex-vessel prices
United States of America,1994,8240531153.603562,USD (1),fis,FAO capture production and ex-vessel prices
United States of America,1995,7286717771.944928,USD (1),fis,FAO capture production and ex-vessel prices
United States of America,1996,6831010935.702659,USD (1),fis,FAO capture production and ex-vessel prices
United States of America,1997,6595195682.471058,USD (1),fis,FAO capture production and ex-vessel prices
United States of America,1998,5833462145.737407,USD (1),fis,FAO capture production and ex-vessel prices
United States of America,1999,6052397916.346477,USD (1),fis,FAO capture production and ex-vessel prices
United States of America,2000,6167746920.600453,USD (1),fis,FAO capture production and ex-vessel prices
United States of America,2001,6166071571.622343,USD (1),fis,FAO capture production and ex-vessel prices
United States of America,2002,5871130206.823289,USD (1),fis,FAO capture production and ex-vessel prices
United States of America,2003,6006597983.930361,USD (1),fis,FAO capture production and ex-vessel prices
United States of America,2004,5882453765.332415,USD (1),fis,FAO capture production and ex-vessel prices
United States of America,2005,5759639717.301562,USD (1),fis,FAO capture production and ex-vessel prices
United States of America,2006,5779046903.994337,USD (1),fis,FAO capture production and ex-vessel prices
United States of America,2007,5865545597.559254,USD (1),fis,FAO capture production and ex-vessel prices
United States of America,2008,6226675345.786036,USD (1),fis,FAO capture production and ex-vessel prices
United States of America,2009,6563724361.830832,USD (1),fis,FAO capture production and ex-vessel prices
United States of America,2010,7494603983.972701,USD (1),fis,FAO capture production and ex-vessel prices
United States of America,2011,8679520016.118896,USD (1),fis,FAO capture production and ex-vessel prices
United States of America,2012,8966369519.779224,USD (1),fis,FAO capture production and ex-vessel prices
United States of America,2013,7962135380.086728,USD (1),fis,FAO capture production and ex-vessel prices
United States of America,2014,8205958874.345782,USD (1),fis,FAO capture production and ex-vessel prices
United States of America,2015,7814414512.433545,USD (1),fis,FAO capture production and ex-vessel prices
United States of America,2016,7611958674.308854,USD (1),fis,FAO capture production and ex-vessel prices
United States of America,2017,8096723758.902861,USD (1),fis,FAO capture production and ex-vessel prices
United States of America,2018,7939756241.035548,USD (1),fis,FAO capture production and ex-vessel prices
United States of America,2019,8552442577.070712,USD (1),fis,FAO capture production and ex-vessel prices
United States of America,2020,7557317903.6005335,USD (1),fis,FAO capture production and ex-vessel prices
United States of America,2021,8477874989.981954,USD (1),fis,FAO capture production and ex-vessel prices
United States of America,2022,8240058941.333101,USD (1),fis,FAO capture production and ex-vessel prices
United States of America,2023,7778471192.738225,USD (1),fis,FAO capture production and ex-vessel prices
Uruguay,1976,7112830.642276567,USD (1),fis,FAO capture production and ex-vessel prices
Uruguay,1977,11803861.605657803,USD (1),fis,FAO capture production and ex-vessel prices
Uruguay,1978,23757288.078282595,USD (1),fis,FAO capture production and ex-vessel prices
Uruguay,1979,41142770.531318754,USD (1),fis,FAO capture production and ex-vessel prices
Uruguay,1980,54209142.65717904,USD (1),fis,FAO capture production and ex-vessel prices
Uruguay,1981,57618028.16196702,USD (1),fis,FAO capture production and ex-vessel prices
Uruguay,1982,40449596.520704165,USD (1),fis,FAO capture production and ex-vessel prices
Uruguay,1983,50637422.81033398,USD (1),fis,FAO capture production and ex-vessel prices
Uruguay,1984,54277875.656731635,USD (1),fis,FAO capture production and ex-vessel prices
Uruguay,1985,45338760.888192885,USD (1),fis,FAO capture production and ex-vessel prices
Uruguay,1986,58600530.04917854,USD (1),fis,FAO capture production and ex-vessel prices
Uruguay,1987,63247554.52092473,USD (1),fis,FAO capture production and ex-vessel prices
Uruguay,1988,43186096.67483579,USD (1),fis,FAO capture production and ex-vessel prices
Uruguay,1989,47900003.44151575,USD (1),fis,FAO capture production and ex-vessel prices
Uruguay,1990,39171221.81636941,USD (1),fis,FAO capture production and ex-vessel prices
Uruguay,1991,61511303.17605473,USD (1),fis,FAO capture production and ex-vessel prices
Uruguay,1992,59913130.37821199,USD (1),fis,FAO capture production and ex-vessel prices
Uruguay,1993,56660688.813250266,USD (1),fis,FAO capture production and ex-vessel prices
Uruguay,1994,73981015.02103893,USD (1),fis,FAO capture production and ex-vessel prices
Uruguay,1995,71537530.04232381,USD (1),fis,FAO capture production and ex-vessel prices
Uruguay,1996,64942984.98916548,USD (1),fis,FAO capture production and ex-vessel prices
Uruguay,1997,100463054.53660648,USD (1),fis,FAO capture production and ex-vessel prices
Uruguay,1998,108648035.13129127,USD (1),fis,FAO capture production and ex-vessel prices
Uruguay,1999,85883779.01659414,USD (1),fis,FAO capture production and ex-vessel prices
Uruguay,2000,130059718.04135182,USD (1),fis,FAO capture production and ex-vessel prices
Uruguay,2001,121052929.29185027,USD (1),fis,FAO capture production and ex-vessel prices
Uruguay,2002,113237162.95418258,USD (1),fis,FAO capture production and ex-vessel prices
Uruguay,2003,110024916.52340953,USD (1),fis,FAO capture production and ex-vessel prices
Uruguay,2004,108771498.15083717,USD (1),fis,FAO capture production and ex-vessel prices
Uruguay,2005,122717488.50116527,USD (1),fis,FAO capture production and ex-vessel prices
Uruguay,2006,142468104.88809714,USD (1),fis,FAO capture production and ex-vessel prices
Uruguay,2007,131267528.21814361,USD (1),fis,FAO capture production and ex-vessel prices
Uruguay,2008,127987279.19485034,USD (1),fis,FAO capture production and ex-vessel prices
Uruguay,2009,102138602.94466498,USD (1),fis,FAO capture production and ex-vessel prices
Uruguay,2010,107762797.51285775,USD (1),fis,FAO capture production and ex-vessel prices
Uruguay,2011,147544966.7163952,USD (1),fis,FAO capture production and ex-vessel prices
Uruguay,2012,119487282.05975181,USD (1),fis,FAO capture production and ex-vessel prices
Uruguay,2013,79672579.82624082,USD (1),fis,FAO capture production and ex-vessel prices
Uruguay,2014,91690960.2731453,USD (1),fis,FAO capture production and ex-vessel prices
Uruguay,2015,89394552.69368418,USD (1),fis,FAO capture production and ex-vessel prices
Uruguay,2016,89000785.26644346,USD (1),fis,FAO capture production and ex-vessel prices
Uruguay,2017,103978314.57000297,USD (1),fis,FAO capture production and ex-vessel prices
Uruguay,2018,122484296.08254021,USD (1),fis,FAO capture production and ex-vessel prices
Uruguay,2019,126032556.99970983,USD (1),fis,FAO capture production and ex-vessel prices
Uruguay,2020,99468129.80887066,USD (1),fis,FAO capture production and ex-vessel prices
Uruguay,2021,117825555.21789843,USD (1),fis,FAO capture production and ex-vessel prices
Uruguay,2022,164349206.94652492,USD (1),fis,FAO capture production and ex-vessel prices
Uruguay,2023,169143829.33381614,USD (1),fis,FAO capture production and ex-vessel prices
Vanuatu,1976,849047.8919885157,USD (1),fis,FAO capture production and ex-vessel prices
Vanuatu,1977,852831.9746138144,USD (1),fis,FAO capture production and ex-vessel prices
Vanuatu,1978,773600.1408279662,USD (1),fis,FAO capture production and ex-vessel prices
Vanuatu,1979,717090.332370118,USD (1),fis,FAO capture production and ex-vessel prices
Vanuatu,1980,798702.8734045934,USD (1),fis,FAO capture production and ex-vessel prices
Vanuatu,1981,596206.4914709019,USD (1),fis,FAO capture production and ex-vessel prices
Vanuatu,1982,517016.60933461366,USD (1),fis,FAO capture production and ex-vessel prices
Vanuatu,1983,438325.6809029409,USD (1),fis,FAO capture production and ex-vessel prices
Vanuatu,1984,391954.0446937923,USD (1),fis,FAO capture production and ex-vessel prices
Vanuatu,1985,5246130.700450845,USD (1),fis,FAO capture production and ex-vessel prices
Vanuatu,1986,13364231.078021556,USD (1),fis,FAO capture production and ex-vessel prices
Vanuatu,1987,17494307.88461911,USD (1),fis,FAO capture production and ex-vessel prices
Vanuatu,1988,24545476.759456355,USD (1),fis,FAO capture production and ex-vessel prices
Vanuatu,1989,29129628.913712427,USD (1),fis,FAO capture production and ex-vessel prices
Vanuatu,1990,34251851.40796463,USD (1),fis,FAO capture production and ex-vessel prices
Vanuatu,1991,32471886.17797623,USD (1),fis,FAO capture production and ex-vessel prices
Vanuatu,1992,34704863.10393312,USD (1),fis,FAO capture production and ex-vessel prices
Vanuatu,1993,44544651.56939489,USD (1),fis,FAO capture production and ex-vessel prices
Vanuatu,1994,68036766.64780353,USD (1),fis,FAO capture production and ex-vessel prices
Vanuatu,1995,90805153.38387294,USD (1),fis,FAO capture production and ex-vessel prices
Vanuatu,1996,80717857.73156998,USD (1),fis,FAO capture production and ex-vessel prices
Vanuatu,1997,93848989.0288556,USD (1),fis,FAO capture production and ex-vessel prices
Vanuatu,1998,94121719.93386982,USD (1),fis,FAO capture production and ex-vessel prices
Vanuatu,1999,112374154.91069727,USD (1),fis,FAO capture production and ex-vessel prices
Vanuatu,2000,95238141.31868717,USD (1),fis,FAO capture production and ex-vessel prices
Vanuatu,2001,46271993.00675853,USD (1),fis,FAO capture production and ex-vessel prices
Vanuatu,2002,49582778.492319986,USD (1),fis,FAO capture production and ex-vessel prices
Vanuatu,2003,85599278.15675734,USD (1),fis,FAO capture production and ex-vessel prices
Vanuatu,2004,201201008.38965854,USD (1),fis,FAO capture production and ex-vessel prices
Vanuatu,2005,279585928.81657517,USD (1),fis,FAO capture production and ex-vessel prices
Vanuatu,2006,185463735.38962942,USD (1),fis,FAO capture production and ex-vessel prices
Vanuatu,2007,185810659.244746,USD (1),fis,FAO capture production and ex-vessel prices
Vanuatu,2008,214272263.9211756,USD (1),fis,FAO capture production and ex-vessel prices
Vanuatu,2009,215867447.87802425,USD (1),fis,FAO capture production and ex-vessel prices
Vanuatu,2010,141980804.5586596,USD (1),fis,FAO capture production and ex-vessel prices
Vanuatu,2011,59938129.12617869,USD (1),fis,FAO capture production and ex-vessel prices
Vanuatu,2012,75575125.77353859,USD (1),fis,FAO capture production and ex-vessel prices
Vanuatu,2013,94255184.37956917,USD (1),fis,FAO capture production and ex-vessel prices
Vanuatu,2014,95303097.96912317,USD (1),fis,FAO capture production and ex-vessel prices
Vanuatu,2015,115339797.38466763,USD (1),fis,FAO capture production and ex-vessel prices
Vanuatu,2016,59095189.694134876,USD (1),fis,FAO capture production and ex-vessel prices
Vanuatu,2017,67680690.81739005,USD (1),fis,FAO capture production and ex-vessel prices
Vanuatu,2018,85036049.31049052,USD (1),fis,FAO capture production and ex-vessel prices
Vanuatu,2019,105407376.68565181,USD (1),fis,FAO capture production and ex-vessel prices
Vanuatu,2020,125544345.02087831,USD (1),fis,FAO capture production and ex-vessel prices
Vanuatu,2021,144825398.95711517,USD (1),fis,FAO capture production and ex-vessel prices
Vanuatu,2022,188576116.11368525,USD (1),fis,FAO capture production and ex-vessel prices
Vanuatu,2023,160611911.9630265,USD (1),fis,FAO capture production and ex-vessel prices
Venezuela (Bolivarian Republic of),1976,28118164.728642784,USD (1),fis,FAO capture production and ex-vessel prices
Venezuela (Bolivarian Republic of),1977,32660887.520807408,USD (1),fis,FAO capture production and ex-vessel prices
Venezuela (Bolivarian Republic of),1978,40767677.8474137,USD (1),fis,FAO capture production and ex-vessel prices
Venezuela (Bolivarian Republic of),1979,50485817.91266414,USD (1),fis,FAO capture production and ex-vessel prices
Venezuela (Bolivarian Republic of),1980,70231744.03314506,USD (1),fis,FAO capture production and ex-vessel prices
Venezuela (Bolivarian Republic of),1981,75804818.40001397,USD (1),fis,FAO capture production and ex-vessel prices
Venezuela (Bolivarian Republic of),1982,84328407.884011,USD (1),fis,FAO capture production and ex-vessel prices
Venezuela (Bolivarian Republic of),1983,91007603.46199627,USD (1),fis,FAO capture production and ex-vessel prices
Venezuela (Bolivarian Republic of),1984,98182612.72452052,USD (1),fis,FAO capture production and ex-vessel prices
Venezuela (Bolivarian Republic of),1985,92964174.02651627,USD (1),fis,FAO capture production and ex-vessel prices
Venezuela (Bolivarian Republic of),1986,105666753.3306433,USD (1),fis,FAO capture production and ex-vessel prices
Venezuela (Bolivarian Republic of),1987,105149504.8953393,USD (1),fis,FAO capture production and ex-vessel prices
Venezuela (Bolivarian Republic of),1988,118835378.82551493,USD (1),fis,FAO capture production and ex-vessel prices
Venezuela (Bolivarian Republic of),1989,157820403.48146185,USD (1),fis,FAO capture production and ex-vessel prices
Venezuela (Bolivarian Republic of),1990,153694148.2176386,USD (1),fis,FAO capture production and ex-vessel prices
Venezuela (Bolivarian Republic of),1991,156435186.43560094,USD (1),fis,FAO capture production and ex-vessel prices
Venezuela (Bolivarian Republic of),1992,184390860.24612966,USD (1),fis,FAO capture production and ex-vessel prices
Venezuela (Bolivarian Republic of),1993,236876201.07569695,USD (1),fis,FAO capture production and ex-vessel prices
Venezuela (Bolivarian Republic of),1994,264442027.3922161,USD (1),fis,FAO capture production and ex-vessel prices
Venezuela (Bolivarian Republic of),1995,271848510.96389735,USD (1),fis,FAO capture production and ex-vessel prices
Venezuela (Bolivarian Republic of),1996,274517912.3057798,USD (1),fis,FAO capture production and ex-vessel prices
Venezuela (Bolivarian Republic of),1997,217924007.48777843,USD (1),fis,FAO capture production and ex-vessel prices
Venezuela (Bolivarian Republic of),1998,200512935.81347355,USD (1),fis,FAO capture production and ex-vessel prices
Venezuela (Bolivarian Republic of),1999,183131203.85214508,USD (1),fis,FAO capture production and ex-vessel prices
Venezuela (Bolivarian Republic of),2000,170680960.8867937,USD (1),fis,FAO capture production and ex-vessel prices
Venezuela (Bolivarian Republic of),2001,213101241.83257735,USD (1),fis,FAO capture production and ex-vessel prices
Venezuela (Bolivarian Republic of),2002,229101654.2638903,USD (1),fis,FAO capture production and ex-vessel prices
Venezuela (Bolivarian Republic of),2003,231183267.4866403,USD (1),fis,FAO capture production and ex-vessel prices
Venezuela (Bolivarian Republic of),2004,200467279.16580305,USD (1),fis,FAO capture production and ex-vessel prices
Venezuela (Bolivarian Republic of),2005,173248812.20587522,USD (1),fis,FAO capture production and ex-vessel prices
Venezuela (Bolivarian Republic of),2006,206774369.75788343,USD (1),fis,FAO capture production and ex-vessel prices
Venezuela (Bolivarian Republic of),2007,189728659.3133976,USD (1),fis,FAO capture production and ex-vessel prices
Venezuela (Bolivarian Republic of),2008,248637138.49961525,USD (1),fis,FAO capture production and ex-vessel prices
Venezuela (Bolivarian Republic of),2009,273417176.65586233,USD (1),fis,FAO capture production and ex-vessel prices
Venezuela (Bolivarian Republic of),2010,162037135.48326507,USD (1),fis,FAO capture production and ex-vessel prices
Venezuela (Bolivarian Republic of),2011,135212014.86971697,USD (1),fis,FAO capture production and ex-vessel prices
Venezuela (Bolivarian Republic of),2012,128750618.31930584,USD (1),fis,FAO capture production and ex-vessel prices
Venezuela (Bolivarian Republic of),2013,160086615.13390282,USD (1),fis,FAO capture production and ex-vessel prices
Venezuela (Bolivarian Republic of),2014,151273499.74701,USD (1),fis,FAO capture production and ex-vessel prices
Venezuela (Bolivarian Republic of),2015,175932274.40360963,USD (1),fis,FAO capture production and ex-vessel prices
Venezuela (Bolivarian Republic of),2016,260302289.87518427,USD (1),fis,FAO capture production and ex-vessel prices
Venezuela (Bolivarian Republic of),2017,257246352.8131945,USD (1),fis,FAO capture production and ex-vessel prices
Venezuela (Bolivarian Republic of),2018,187157994.7757119,USD (1),fis,FAO capture production and ex-vessel prices
Venezuela (Bolivarian Republic of),2019,180709213.0029062,USD (1),fis,FAO capture production and ex-vessel prices
Venezuela (Bolivarian Republic of),2020,179184857.1673382,USD (1),fis,FAO capture production and ex-vessel prices
Venezuela (Bolivarian Republic of),2021,231822161.3481494,USD (1),fis,FAO capture production and ex-vessel prices
Venezuela (Bolivarian Republic of),2022,255951358.73544583,USD (1),fis,FAO capture production and ex-vessel prices
Venezuela (Bolivarian Republic of),2023,202139812.5827688,USD (1),fis,FAO capture production and ex-vessel prices
Viet Nam,1976,0,USD (1),fis,FAO capture production and ex-vessel prices
Viet Nam,1977,0,USD (1),fis,FAO capture production and ex-vessel prices
Viet Nam,1978,0,USD (1),fis,FAO capture production and ex-vessel prices
Viet Nam,1979,0,USD (1),fis,FAO capture production and ex-vessel prices
Viet Nam,1980,0,USD (1),fis,FAO capture production and ex-vessel prices
Viet Nam,1981,0,USD (1),fis,FAO capture production and ex-vessel prices
Viet Nam,1982,0,USD (1),fis,FAO capture production and ex-vessel prices
Viet Nam,1983,0,USD (1),fis,FAO capture production and ex-vessel prices
Viet Nam,1984,0,USD (1),fis,FAO capture production and ex-vessel prices
Viet Nam,1985,0,USD (1),fis,FAO capture production and ex-vessel prices
Viet Nam,1986,0,USD (1),fis,FAO capture production and ex-vessel prices
Viet Nam,1987,0,USD (1),fis,FAO capture production and ex-vessel prices
Viet Nam,1988,0,USD (1),fis,FAO capture production and ex-vessel prices
Viet Nam,1989,0,USD (1),fis,FAO capture production and ex-vessel prices
Viet Nam,1990,0,USD (1),fis,FAO capture production and ex-vessel prices
Viet Nam,1991,0,USD (1),fis,FAO capture production and ex-vessel prices
Viet Nam,1992,0,USD (1),fis,FAO capture production and ex-vessel prices
Viet Nam,1993,0,USD (1),fis,FAO capture production and ex-vessel prices
Viet Nam,1994,0,USD (1),fis,FAO capture production and ex-vessel prices
Viet Nam,1995,0,USD (1),fis,FAO capture production and ex-vessel prices
Viet Nam,1996,0,USD (1),fis,FAO capture production and ex-vessel prices
Viet Nam,1997,0,USD (1),fis,FAO capture production and ex-vessel prices
Viet Nam,1998,0,USD (1),fis,FAO capture production and ex-vessel prices
Viet Nam,1999,0,USD (1),fis,FAO capture production and ex-vessel prices
Viet Nam,2000,46396571.45767629,USD (1),fis,FAO capture production and ex-vessel prices
Viet Nam,2001,44231801.31884816,USD (1),fis,FAO capture production and ex-vessel prices
Viet Nam,2002,42413731.8568475,USD (1),fis,FAO capture production and ex-vessel prices
Viet Nam,2003,44495848.064295895,USD (1),fis,FAO capture production and ex-vessel prices
Viet Nam,2004,58548993.39788035,USD (1),fis,FAO capture production and ex-vessel prices
Viet Nam,2005,75727923.2364663,USD (1),fis,FAO capture production and ex-vessel prices
Viet Nam,2006,82739668.82813394,USD (1),fis,FAO capture production and ex-vessel prices
Viet Nam,2007,87480231.34723352,USD (1),fis,FAO capture production and ex-vessel prices
Viet Nam,2008,134873516.7686014,USD (1),fis,FAO capture production and ex-vessel prices
Viet Nam,2009,127297956.84914573,USD (1),fis,FAO capture production and ex-vessel prices
Viet Nam,2010,105485967.43289685,USD (1),fis,FAO capture production and ex-vessel prices
Viet Nam,2011,64295736.658206634,USD (1),fis,FAO capture production and ex-vessel prices
Viet Nam,2012,97114729.61503597,USD (1),fis,FAO capture production and ex-vessel prices
Viet Nam,2013,149610018.8286837,USD (1),fis,FAO capture production and ex-vessel prices
Viet Nam,2014,133427803.47390197,USD (1),fis,FAO capture production and ex-vessel prices
Viet Nam,2015,149465412.83103472,USD (1),fis,FAO capture production and ex-vessel prices
Viet Nam,2016,220126863.7713235,USD (1),fis,FAO capture production and ex-vessel prices
Viet Nam,2017,240932132.73562998,USD (1),fis,FAO capture production and ex-vessel prices
Viet Nam,2018,246878240.52609912,USD (1),fis,FAO capture production and ex-vessel prices
Viet Nam,2019,208298576.0921566,USD (1),fis,FAO capture production and ex-vessel prices
Viet Nam,2020,195401526.85581866,USD (1),fis,FAO capture production and ex-vessel prices
Viet Nam,2021,192418214.353578,USD (1),fis,FAO capture production and ex-vessel prices
Viet Nam,2022,223212289.02521807,USD (1),fis,FAO capture production and ex-vessel prices
Viet Nam,2023,226136438.2846079,USD (1),fis,FAO capture production and ex-vessel prices
Wallis and Futuna Islands,1976,0,USD (1),fis,FAO capture production and ex-vessel prices
Wallis and Futuna Islands,1977,0,USD (1),fis,FAO capture production and ex-vessel prices
Wallis and Futuna Islands,1978,0,USD (1),fis,FAO capture production and ex-vessel prices
Wallis and Futuna Islands,1979,0,USD (1),fis,FAO capture production and ex-vessel prices
Wallis and Futuna Islands,1980,0,USD (1),fis,FAO capture production and ex-vessel prices
Wallis and Futuna Islands,1981,0,USD (1),fis,FAO capture production and ex-vessel prices
Wallis and Futuna Islands,1982,0,USD (1),fis,FAO capture production and ex-vessel prices
Wallis and Futuna Islands,1983,0,USD (1),fis,FAO capture production and ex-vessel prices
Wallis and Futuna Islands,1984,0,USD (1),fis,FAO capture production and ex-vessel prices
Wallis and Futuna Islands,1985,0,USD (1),fis,FAO capture production and ex-vessel prices
Wallis and Futuna Islands,1986,0,USD (1),fis,FAO capture production and ex-vessel prices
Wallis and Futuna Islands,1987,0,USD (1),fis,FAO capture production and ex-vessel prices
Wallis and Futuna Islands,1988,0,USD (1),fis,FAO capture production and ex-vessel prices
Wallis and Futuna Islands,1989,0,USD (1),fis,FAO capture production and ex-vessel prices
Wallis and Futuna Islands,1990,0,USD (1),fis,FAO capture production and ex-vessel prices
Wallis and Futuna Islands,1991,0,USD (1),fis,FAO capture production and ex-vessel prices
Wallis and Futuna Islands,1992,0,USD (1),fis,FAO capture production and ex-vessel prices
Wallis and Futuna Islands,1993,0,USD (1),fis,FAO capture production and ex-vessel prices
Wallis and Futuna Islands,1994,0,USD (1),fis,FAO capture production and ex-vessel prices
Wallis and Futuna Islands,1995,0,USD (1),fis,FAO capture production and ex-vessel prices
Wallis and Futuna Islands,1996,0,USD (1),fis,FAO capture production and ex-vessel prices
Wallis and Futuna Islands,1997,0,USD (1),fis,FAO capture production and ex-vessel prices
Wallis and Futuna Islands,1998,0,USD (1),fis,FAO capture production and ex-vessel prices
Wallis and Futuna Islands,1999,0,USD (1),fis,FAO capture production and ex-vessel prices
Wallis and Futuna Islands,2000,0,USD (1),fis,FAO capture production and ex-vessel prices
Wallis and Futuna Islands,2001,0,USD (1),fis,FAO capture production and ex-vessel prices
Wallis and Futuna Islands,2002,0,USD (1),fis,FAO capture production and ex-vessel prices
Wallis and Futuna Islands,2003,0,USD (1),fis,FAO capture production and ex-vessel prices
Wallis and Futuna Islands,2004,0,USD (1),fis,FAO capture production and ex-vessel prices
Wallis and Futuna Islands,2005,0,USD (1),fis,FAO capture production and ex-vessel prices
Wallis and Futuna Islands,2006,0,USD (1),fis,FAO capture production and ex-vessel prices
Wallis and Futuna Islands,2007,0,USD (1),fis,FAO capture production and ex-vessel prices
Wallis and Futuna Islands,2008,0,USD (1),fis,FAO capture production and ex-vessel prices
Wallis and Futuna Islands,2009,0,USD (1),fis,FAO capture production and ex-vessel prices
Wallis and Futuna Islands,2010,0,USD (1),fis,FAO capture production and ex-vessel prices
Wallis and Futuna Islands,2011,0,USD (1),fis,FAO capture production and ex-vessel prices
Wallis and Futuna Islands,2012,0,USD (1),fis,FAO capture production and ex-vessel prices
Wallis and Futuna Islands,2013,0,USD (1),fis,FAO capture production and ex-vessel prices
Wallis and Futuna Islands,2014,0,USD (1),fis,FAO capture production and ex-vessel prices
Wallis and Futuna Islands,2015,0,USD (1),fis,FAO capture production and ex-vessel prices
Wallis and Futuna Islands,2016,0,USD (1),fis,FAO capture production and ex-vessel prices
Wallis and Futuna Islands,2017,0,USD (1),fis,FAO capture production and ex-vessel prices
Wallis and Futuna Islands,2018,0,USD (1),fis,FAO capture production and ex-vessel prices
Wallis and Futuna Islands,2019,0,USD (1),fis,FAO capture production and ex-vessel prices
Wallis and Futuna Islands,2020,39451.463291463115,USD (1),fis,FAO capture production and ex-vessel prices
Wallis and Futuna Islands,2021,69788.89597392727,USD (1),fis,FAO capture production and ex-vessel prices
Wallis and Futuna Islands,2022,0,USD (1),fis,FAO capture production and ex-vessel prices
Wallis and Futuna Islands,2023,0,USD (1),fis,FAO capture production and ex-vessel prices
Yemen,1976,11185088.770877797,USD (1),fis,FAO capture production and ex-vessel prices
Yemen,1977,14879757.298438359,USD (1),fis,FAO capture production and ex-vessel prices
Yemen,1978,13345403.031449843,USD (1),fis,FAO capture production and ex-vessel prices
Yemen,1979,13651428.405114781,USD (1),fis,FAO capture production and ex-vessel prices
Yemen,1980,22768426.561753325,USD (1),fis,FAO capture production and ex-vessel prices
Yemen,1981,21526381.805518195,USD (1),fis,FAO capture production and ex-vessel prices
Yemen,1982,11397779.928226048,USD (1),fis,FAO capture production and ex-vessel prices
Yemen,1983,9789986.514594449,USD (1),fis,FAO capture production and ex-vessel prices
Yemen,1984,17793944.3543117,USD (1),fis,FAO capture production and ex-vessel prices
Yemen,1985,19777298.734531388,USD (1),fis,FAO capture production and ex-vessel prices
Yemen,1986,22530301.233408146,USD (1),fis,FAO capture production and ex-vessel prices
Yemen,1987,28085370.068077505,USD (1),fis,FAO capture production and ex-vessel prices
Yemen,1988,27185959.367853608,USD (1),fis,FAO capture production and ex-vessel prices
Yemen,1989,23619413.999026243,USD (1),fis,FAO capture production and ex-vessel prices
Yemen,1990,27666942.828100305,USD (1),fis,FAO capture production and ex-vessel prices
Yemen,1991,28052507.03683593,USD (1),fis,FAO capture production and ex-vessel prices
Yemen,1992,37988925.01116289,USD (1),fis,FAO capture production and ex-vessel prices
Yemen,1993,30034882.631634593,USD (1),fis,FAO capture production and ex-vessel prices
Yemen,1994,34128821.95216657,USD (1),fis,FAO capture production and ex-vessel prices
Yemen,1995,44253458.70843205,USD (1),fis,FAO capture production and ex-vessel prices
Yemen,1996,42576483.35207874,USD (1),fis,FAO capture production and ex-vessel prices
Yemen,1997,42871509.73541429,USD (1),fis,FAO capture production and ex-vessel prices
Yemen,1998,51489429.29558124,USD (1),fis,FAO capture production and ex-vessel prices
Yemen,1999,49464257.61149894,USD (1),fis,FAO capture production and ex-vessel prices
Yemen,2000,45139243.253830925,USD (1),fis,FAO capture production and ex-vessel prices
Yemen,2001,48668491.06858818,USD (1),fis,FAO capture production and ex-vessel prices
Yemen,2002,59094394.963181905,USD (1),fis,FAO capture production and ex-vessel prices
Yemen,2003,57916223.421902545,USD (1),fis,FAO capture production and ex-vessel prices
Yemen,2004,66766898.32681059,USD (1),fis,FAO capture production and ex-vessel prices
Yemen,2005,68604992.37738736,USD (1),fis,FAO capture production and ex-vessel prices
Yemen,2006,65846343.30009676,USD (1),fis,FAO capture production and ex-vessel prices
Yemen,2007,65291663.377273604,USD (1),fis,FAO capture production and ex-vessel prices
Yemen,2008,73616367.32178093,USD (1),fis,FAO capture production and ex-vessel prices
Yemen,2009,162044700.9265605,USD (1),fis,FAO capture production and ex-vessel prices
Yemen,2010,138755379.91936654,USD (1),fis,FAO capture production and ex-vessel prices
Yemen,2011,99248729.56902784,USD (1),fis,FAO capture production and ex-vessel prices
Yemen,2012,129116092.21736982,USD (1),fis,FAO capture production and ex-vessel prices
Yemen,2013,145380996.03292745,USD (1),fis,FAO capture production and ex-vessel prices
Yemen,2014,125403623.89690752,USD (1),fis,FAO capture production and ex-vessel prices
Yemen,2015,100499649.46151808,USD (1),fis,FAO capture production and ex-vessel prices
Yemen,2016,95761797.2902436,USD (1),fis,FAO capture production and ex-vessel prices
Yemen,2017,97957402.7135151,USD (1),fis,FAO capture production and ex-vessel prices
Yemen,2018,90005203.85168803,USD (1),fis,FAO capture production and ex-vessel prices
Yemen,2019,93032997.89471373,USD (1),fis,FAO capture production and ex-vessel prices
Yemen,2020,81200365.14825411,USD (1),fis,FAO capture production and ex-vessel prices
Yemen,2021,94538235.14711256,USD (1),fis,FAO capture production and ex-vessel prices
Yemen,2022,115737251.60000086,USD (1),fis,FAO capture production and ex-vessel prices
Yemen,2023,72058767.29754409,USD (1),fis,FAO capture production and ex-vessel prices
Yugoslavia SFR [former],1976,10744031.723143812,USD (1),fis,FAO capture production and ex-vessel prices
Yugoslavia SFR [former],1977,12499064.297525924,USD (1),fis,FAO capture production and ex-vessel prices
Yugoslavia SFR [former],1978,14723361.24010031,USD (1),fis,FAO capture production and ex-vessel prices
Yugoslavia SFR [former],1979,14047429.968951864,USD (1),fis,FAO capture production and ex-vessel prices
Yugoslavia SFR [former],1980,17667031.86312313,USD (1),fis,FAO capture production and ex-vessel prices
Yugoslavia SFR [former],1981,19806341.646506306,USD (1),fis,FAO capture production and ex-vessel prices
Yugoslavia SFR [former],1982,16801142.138017606,USD (1),fis,FAO capture production and ex-vessel prices
Yugoslavia SFR [former],1983,19190917.663156863,USD (1),fis,FAO capture production and ex-vessel prices
Yugoslavia SFR [former],1984,16634173.996776601,USD (1),fis,FAO capture production and ex-vessel prices
Yugoslavia SFR [former],1985,19284702.5875424,USD (1),fis,FAO capture production and ex-vessel prices
Yugoslavia SFR [former],1986,21435231.08763934,USD (1),fis,FAO capture production and ex-vessel prices
Yugoslavia SFR [former],1987,27204573.517099176,USD (1),fis,FAO capture production and ex-vessel prices
Yugoslavia SFR [former],1988,25514589.245234657,USD (1),fis,FAO capture production and ex-vessel prices
Yugoslavia SFR [former],1989,28861900.024587896,USD (1),fis,FAO capture production and ex-vessel prices
Yugoslavia SFR [former],1990,33340830.896855447,USD (1),fis,FAO capture production and ex-vessel prices
Yugoslavia SFR [former],1991,22898763.503283143,USD (1),fis,FAO capture production and ex-vessel prices
