"pressures","ref_point"
"fp_com_lb","12.139817237854"
"fp_com_hb","10.1263341903687"
"fp_art_lb","11.2739651195527"
"fp_art_hb","7.66580612163544"
