rgn_id,year,population,rgn_name,popsum,coastal_prop
5,2008,252000,New Caledonia,224824,0.8921587301587302
5,2009,255000,New Caledonia,227436,0.8919058823529412
5,2010,259000,New Caledonia,252352,0.9743320463320463
5,2011,264000,New Caledonia,256275,0.9707386363636363
5,2012,269000,New Caledonia,260166,0.9671598513011153
5,2013,274000,New Caledonia,264022,0.9635839416058394
5,2014,279000,New Caledonia,267840,0.96
5,2015,283000,New Caledonia,271615,0.9597703180212014
5,2016,283000,New Caledonia,275355,0.9729858657243816
5,2017,284000,New Caledonia,279070,0.9826408450704225
5,2018,284000,New Caledonia,282754,0.9956126760563381
5,2019,284000,New Caledonia,286401,1
5,2020,284000,New Caledonia,290009,1
5,2021,285000,New Caledonia,293608,1
5,2022,286000,New Caledonia,297160,1
5,2023,288000,New Caledonia,300682,1
6,2008,224000,Vanuatu,215446,0.9618125
6,2009,230000,Vanuatu,218519,0.9500826086956522
6,2010,236000,Vanuatu,229012,0.9703898305084746
6,2011,241000,Vanuatu,224564,0.9318008298755187
6,2012,246000,Vanuatu,256155,1
6,2013,252000,Vanuatu,261565,1
6,2014,257000,Vanuatu,266937,1
6,2015,263000,Vanuatu,272265,1
6,2016,269000,Vanuatu,277554,1
6,2017,275000,Vanuatu,282812,1
6,2018,282000,Vanuatu,288037,1
6,2019,289000,Vanuatu,293212,1
6,2020,295000,Vanuatu,298333,1
6,2021,302000,Vanuatu,303009,1
6,2022,309000,Vanuatu,308043,0.9969029126213592
6,2023,317000,Vanuatu,313046,0.9875268138801262
7,2008,504000,Solomon Islands,581318,1
7,2009,513000,Solomon Islands,595613,1
7,2010,523000,Solomon Islands,593495,1
7,2011,543000,Solomon Islands,571890,1
7,2012,563000,Solomon Islands,584578,1
7,2013,584000,Solomon Islands,597248,1
7,2014,606000,Solomon Islands,609883,1
7,2015,628000,Solomon Islands,622468,0.9911910828025478
7,2016,651000,Solomon Islands,635027,0.9754639016897081
7,2017,674000,Solomon Islands,647580,0.9608011869436202
7,2018,697000,Solomon Islands,660121,0.9470889526542324
7,2019,721000,Solomon Islands,672631,0.9329140083217753
7,2020,735000,Solomon Islands,685097,0.9321047619047619
7,2021,754000,Solomon Islands,690598,0.9159124668435014
7,2022,772000,Solomon Islands,702694,0.9102253886010363
7,2023,790000,Solomon Islands,714766,0.9047670886075949
8,2008,19000,Palau,21093,1
8,2009,19000,Palau,20796,1
8,2010,19000,Palau,20879,1
8,2011,18000,Palau,20956,1
8,2012,18000,Palau,21032,1
8,2013,18000,Palau,21108,1
8,2014,18000,Palau,21186,1
8,2015,18000,Palau,21265,1
8,2016,18000,Palau,21347,1
8,2017,18000,Palau,21430,1
8,2018,18000,Palau,21516,1
8,2019,18000,Palau,21600,1
8,2020,18000,Palau,21685,1
8,2021,18000,Palau,21613,1
8,2022,18000,Palau,21695,1
8,2023,18000,Palau,21779,1
9,2008,109000,Micronesia,107665,0.9877522935779817
9,2009,108000,Micronesia,107434,0.9947592592592592
9,2010,107000,Micronesia,107154,1
9,2011,108000,Micronesia,106836,0.9892222222222222
9,2012,108000,Micronesia,106487,0.9859907407407408
9,2013,108000,Micronesia,106104,0.9824444444444445
9,2014,108000,Micronesia,105681,0.9785277777777778
9,2015,109000,Micronesia,105216,0.9652844036697248
9,2016,109000,Micronesia,104719,0.9607247706422019
9,2017,109000,Micronesia,104196,0.9559266055045872
9,2018,110000,Micronesia,103643,0.9422090909090909
9,2019,110000,Micronesia,103057,0.9368818181818181
9,2020,110000,Micronesia,102436,0.9312363636363636
9,2021,111000,Micronesia,101675,0.915990990990991
9,2022,112000,Micronesia,101009,0.9018660714285714
9,2023,112000,Micronesia,100319,0.8957053571428572
10,2008,10000,Nauru,13770,1
10,2009,10000,Nauru,14019,1
10,2010,10000,Nauru,9267,0.9267
10,2011,10000,Nauru,9322,0.9322
10,2012,10000,Nauru,9378,0.9378
10,2013,10000,Nauru,9434,0.9434
10,2014,11000,Nauru,9488,0.8625454545454545
10,2015,11000,Nauru,9540,0.8672727272727273
10,2016,11000,Nauru,9591,0.8719090909090909
10,2017,11000,Nauru,9641,0.8764545454545455
10,2018,11000,Nauru,9692,0.881090909090909
10,2019,12000,Nauru,9740,0.8116666666666666
10,2020,12000,Nauru,11000,0.9166666666666666
10,2021,12000,Nauru,9770,0.8141666666666667
10,2022,12000,Nauru,9811,0.8175833333333333
10,2023,12000,Nauru,9852,0.821
11,2008,52000,Marshall Islands,63174,1
11,2009,52000,Marshall Islands,64522,1
11,2010,52000,Marshall Islands,65859,1
11,2011,52000,Marshall Islands,67182,1
11,2012,52000,Marshall Islands,68480,1
11,2013,51000,Marshall Islands,69747,1
11,2014,50000,Marshall Islands,70983,1
11,2015,49000,Marshall Islands,72193,1
11,2016,48000,Marshall Islands,73376,1
11,2017,47000,Marshall Islands,74540,1
11,2018,46000,Marshall Islands,75684,1
11,2019,45000,Marshall Islands,76811,1
11,2020,43000,Marshall Islands,77917,1
11,2021,42000,Marshall Islands,78831,1
11,2022,41000,Marshall Islands,79906,1
11,2023,39000,Marshall Islands,80966,1
13,2008,223000,Northern Mariana Islands and Guam,262493,1
13,2009,222000,Northern Mariana Islands and Guam,229914,1
13,2010,220000,Northern Mariana Islands and Guam,229010,1
13,2011,221000,Northern Mariana Islands and Guam,229336,1
13,2012,219000,Northern Mariana Islands and Guam,211309,0.9648812785388128
13,2013,219000,Northern Mariana Islands and Guam,211548,0.9659726027397261
13,2014,218000,Northern Mariana Islands and Guam,212484,0.974697247706422
13,2015,217000,Northern Mariana Islands and Guam,214129,0.9867695852534563
13,2016,216000,Northern Mariana Islands and Guam,216209,1
13,2017,214000,Northern Mariana Islands and Guam,219622,1
13,2018,213000,Northern Mariana Islands and Guam,220141,1
13,2019,211000,Northern Mariana Islands and Guam,219865,1
13,2020,209000,Northern Mariana Islands and Guam,220340,1
13,2021,210000,Northern Mariana Islands and Guam,220460,1
13,2022,212000,Northern Mariana Islands and Guam,220561,1
13,2023,212000,Northern Mariana Islands and Guam,220625,1
14,2008,23048000,Taiwan,22722631,0.9858829833391184
14,2009,23124000,Taiwan,22778226,0.9850469641930462
14,2010,23204000,Taiwan,22826451,0.9837291415273228
14,2011,23244000,Taiwan,22872865,0.9840330838065737
14,2012,23302000,Taiwan,22974132,0.9859296197751266
14,2013,23389000,Taiwan,23005061,0.9835846338022147
14,2014,23444000,Taiwan,23052984,0.9833212762327248
14,2015,23501000,Taiwan,23107467,0.9832546274626611
14,2016,23557000,Taiwan,23156461,0.9829970284841024
14,2017,23615000,Taiwan,23198913,0.9823803938174889
14,2018,23651000,Taiwan,23226200,0.9820388144264514
14,2019,23668000,Taiwan,23257103,0.9826391330065912
14,2020,23680000,Taiwan,23282087,0.983196241554054
14,2021,23646000,Taiwan,23251394,0.9833119343652204
14,2022,23470000,Taiwan,23259915,0.9910487856838517
14,2023,23370000,Taiwan,23267580,0.9956174582798459
15,2008,91945000,Philippines,88201594,0.9592864647343521
15,2009,93454000,Philippines,89996817,0.9630065807777088
15,2010,95315000,Philippines,91897758,0.9641479095630279
15,2011,97359000,Philippines,93665558,0.9620636818373237
15,2012,99138000,Philippines,95460246,0.9629026811111784
15,2013,101213000,Philippines,97301100,0.9613498266033019
15,2014,102939000,Philippines,99159772,0.9632867232050049
15,2015,104595000,Philippines,93047089,0.8895940436923371
15,2016,106031000,Philippines,94590662,0.8921038375569409
15,2017,107440000,Philippines,96150767,0.8949252326880119
15,2018,108799000,Philippines,97719779,0.8981679886763665
15,2019,110131000,Philippines,99235975,0.9010721322788315
15,2020,111478000,Philippines,100756052,0.903820054181094
15,2021,112685000,Philippines,102389408,0.9086338731863158
15,2022,113517000,Philippines,105880780,0.9327306042266797
15,2023,114411000,Philippines,107579628,0.940290951044917
16,2008,21154000,Australia,17752941,0.8392238347357474
16,2009,21587000,Australia,18000320,0.8338500023162089
16,2010,21979000,Australia,18209549,0.8284976113562946
16,2011,22304000,Australia,18427075,0.8261780398134864
16,2012,22656000,Australia,18681029,0.8245510681497175
16,2013,23050000,Australia,19084603,0.8279654229934924
16,2014,23423000,Australia,19295247,0.8237735132135081
16,2015,23768000,Australia,19504326,0.8206128407943454
16,2016,24128000,Australia,19713803,0.8170508537798409
16,2017,24532000,Australia,19921100,0.8120454916028045
16,2018,24930000,Australia,20124582,0.8072435619735259
16,2019,25310000,Australia,21673875,0.8563364282892137
16,2020,25656000,Australia,22012053,0.8579690130963518
16,2021,25832000,Australia,22309413,0.8636347553422112
16,2022,26081000,Australia,22670872,0.8692485717572179
16,2023,26321000,Australia,22947212,0.8718214353557996
17,2008,7072000,Papua New Guinea,2916958,0.41246578054298644
17,2009,7294000,Papua New Guinea,2921496,0.4005341376473814
17,2010,7519000,Papua New Guinea,2981552,0.39653570953584255
17,2011,7748000,Papua New Guinea,3042213,0.39264494062983996
17,2012,7971000,Papua New Guinea,2908329,0.3648637561159202
17,2013,8192000,Papua New Guinea,2973384,0.3629619140625
17,2014,8413000,Papua New Guinea,3065772,0.3644088910020207
17,2015,8634000,Papua New Guinea,3118869,0.36123106323835996
17,2016,8853000,Papua New Guinea,3173536,0.3584701231221055
17,2017,9071000,Papua New Guinea,3385578,0.3732309557931871
17,2018,9287000,Papua New Guinea,3440883,0.37050533003122643
17,2019,9502000,Papua New Guinea,3508408,0.3692283729741107
17,2020,9716000,Papua New Guinea,3569091,0.3673416014820914
17,2021,9916000,Papua New Guinea,3638526,0.366934852763211
17,2022,10110000,Papua New Guinea,4721299,0.4669929772502473
17,2023,10296000,Papua New Guinea,4851058,0.4711594794094794
18,2008,901000,Fiji,931736,1
18,2009,905000,Fiji,956715,1
18,2010,909000,Fiji,875976,0.9636699669966997
18,2011,912000,Fiji,883119,0.9683322368421052
18,2012,914000,Fiji,890051,0.9737975929978118
18,2013,916000,Fiji,896757,0.9789923580786026
18,2014,917000,Fiji,903207,0.984958560523446
18,2015,918000,Fiji,909376,0.9906056644880175
18,2016,919000,Fiji,915289,0.995961915125136
18,2017,919000,Fiji,920925,1
18,2018,918000,Fiji,926263,1
18,2019,916000,Fiji,931282,1
18,2020,914000,Fiji,935962,1
18,2021,916000,Fiji,939524,1
18,2022,917000,Fiji,943729,1
18,2023,922000,Fiji,947758,1
19,2008,10000,Tuvalu,12177,1
19,2009,10000,Tuvalu,12373,1
19,2010,11000,Tuvalu,10472,0.952
19,2011,11000,Tuvalu,10544,0.9585454545454546
19,2012,11000,Tuvalu,10619,0.9653636363636363
19,2013,11000,Tuvalu,10698,0.9725454545454545
19,2014,11000,Tuvalu,10782,0.9801818181818182
19,2015,11000,Tuvalu,10868,0.988
19,2016,11000,Tuvalu,10959,0.9962727272727273
19,2017,11000,Tuvalu,11053,1
19,2018,11000,Tuvalu,11147,1
19,2019,11000,Tuvalu,11244,1
19,2020,10000,Tuvalu,11342,1
19,2021,10000,Tuvalu,11448,1
19,2022,10000,Tuvalu,11544,1
19,2023,10000,Tuvalu,11639,1
20,2008,48265000,South Korea,44218626,0.9161633896198074
20,2009,48448000,South Korea,44337128,0.9151487780713342
20,2010,48646000,South Korea,44449963,0.9137434321424166
20,2011,48893000,South Korea,44558630,0.9113498864868181
20,2012,49362000,South Korea,44702518,0.9056058911713464
20,2013,49837000,South Korea,44789024,0.8987102754981239
20,2014,50305000,South Korea,44860520,0.8917705993440016
20,2015,50773000,South Korea,44934023,0.8849983849683887
20,2016,51195000,South Korea,46641904,0.9110636585604063
20,2017,51401000,South Korea,46820340,0.9108838349448455
20,2018,51572000,South Korea,47050456,0.9123256030404095
20,2019,51710000,South Korea,47249512,0.913740321021079
20,2020,51826000,South Korea,47509089,0.9167037587311389
20,2021,51891000,South Korea,47402264,0.9134968298934305
20,2022,51806000,South Korea,47454642,0.9160066787630776
20,2023,51759000,South Korea,47534832,0.9183877586506695
21,2008,24705000,North Korea,18224789,0.7376963772515686
21,2009,24824000,North Korea,17619905,0.7097931437318724
21,2010,24933000,North Korea,17930279,0.7191384510488108
21,2011,25042000,North Korea,19276510,0.7697671911189202
21,2012,25154000,North Korea,19391645,0.7709169515782778
21,2013,25270000,North Korea,19497953,0.7715850019786308
21,2014,25389000,North Korea,19598254,0.7719190988223247
21,2015,25513000,North Korea,19704025,0.7723131344804609
21,2016,25637000,North Korea,19809245,0.7726818660529703
21,2017,25759000,North Korea,18541619,0.7198112892581233
21,2018,25876000,North Korea,19836002,0.7665791466996444
21,2019,25986000,North Korea,19938776,0.7672891556992226
21,2020,26089000,North Korea,20040075,0.7681427038215339
21,2021,26183000,North Korea,20183581,0.7708658671657183
21,2022,26282000,North Korea,21259964,0.8089172817898181
21,2023,26376000,North Korea,21448556,0.8131845617227783
24,2008,13943000,Cambodia,1199172,0.08600530732267088
24,2009,14164000,Cambodia,1240447,0.08757744987291725
24,2010,14389000,Cambodia,1236807,0.08595503509625409
24,2011,14612000,Cambodia,1168841,0.07999185600875992
24,2012,14833000,Cambodia,1189934,0.08022207240612149
24,2013,15057000,Cambodia,1210375,0.08038619911004848
24,2014,15283000,Cambodia,1230559,0.08051815742982399
24,2015,15510000,Cambodia,1250641,0.0806344938749194
24,2016,15736000,Cambodia,1258860,0.07999872902897814
24,2017,15969000,Cambodia,1278410,0.0800557329826539
24,2018,16178000,Cambodia,1297638,0.0802100383236494
24,2019,16372000,Cambodia,1316718,0.08042499389201074
24,2020,16591000,Cambodia,1337668,0.08062612259658851
24,2021,16860000,Cambodia,1368948,0.08119501779359431
24,2022,17089000,Cambodia,1320712,0.0772843349523085
24,2023,17315000,Cambodia,1334863,0.07709286745596304
25,2008,67365000,Thailand,21656155,0.3214748756772805
25,2009,67874000,Thailand,21824414,0.3215430650911984
25,2010,68368000,Thailand,22217553,0.32497005909197285
25,2011,68791000,Thailand,22095291,0.32119450218778617
25,2012,69223000,Thailand,25722096,0.3715830865463791
25,2013,69649000,Thailand,25866138,0.371378454823472
25,2014,70041000,Thailand,25980150,0.37092774232235404
25,2015,70391000,Thailand,26054351,0.3701375317867341
25,2016,70690000,Thailand,26140654,0.36979281369359174
25,2017,71029000,Thailand,26225622,0.36922414788325897
25,2018,71291000,Thailand,27489636,0.3855975649100167
25,2019,71461000,Thailand,27572586,0.3858410321713942
25,2020,71583000,Thailand,27637982,0.386097006272439
25,2021,71700000,Thailand,27838723,0.38826670850767087
25,2022,71755000,Thailand,27758213,0.3868470907950666
25,2023,71716000,Thailand,27760243,0.38708576886608287
28,2008,623000,Comoro Islands,731775,1
28,2009,636000,Comoro Islands,752438,1
28,2010,648000,Comoro Islands,773407,1
28,2011,661000,Comoro Islands,721886,1
28,2012,675000,Comoro Islands,737284,1
28,2013,688000,Comoro Islands,752288,1
28,2014,704000,Comoro Islands,766865,1
28,2015,719000,Comoro Islands,780971,1
28,2016,734000,Comoro Islands,794678,1
28,2017,749000,Comoro Islands,808079,1
28,2018,764000,Comoro Islands,821264,1
28,2019,779000,Comoro Islands,833909,1
28,2020,794000,Comoro Islands,846281,1
28,2021,810000,Comoro Islands,864335,1
28,2022,826000,Comoro Islands,876437,1
28,2023,842000,Comoro Islands,888378,1
29,2008,194000,Mayotte,216306,1
29,2009,199000,Mayotte,223765,1
29,2010,205000,Mayotte,230123,1
29,2011,210000,Mayotte,209530,0.9977619047619047
29,2012,216000,Mayotte,215240,0.9964814814814815
29,2013,222000,Mayotte,216292,0.9742882882882883
29,2014,231000,Mayotte,217300,0.9406926406926407
29,2015,241000,Mayotte,227507,0.9440124481327801
29,2016,251000,Mayotte,228472,0.9102470119521913
29,2017,261000,Mayotte,229395,0.8789080459770114
29,2018,269000,Mayotte,262216,0.9747806691449814
29,2019,270000,Mayotte,263178,0.9747333333333333
29,2020,280000,Mayotte,281250,1
29,2021,289000,Mayotte,282229,0.9765709342560553
29,2022,300000,Mayotte,301519,1
29,2023,311000,Mayotte,301213,0.9685305466237942
31,2008,92000,Seychelles,82247,0.8939891304347826
31,2009,93000,Seychelles,87476,0.9406021505376344
31,2010,94000,Seychelles,88340,0.9397872340425532
31,2011,96000,Seychelles,89188,0.9290416666666667
31,2012,98000,Seychelles,90024,0.9186122448979592
31,2013,101000,Seychelles,90846,0.8994653465346535
31,2014,103000,Seychelles,82629,0.8022233009708738
31,2015,106000,Seychelles,92430,0.8719811320754717
31,2016,109000,Seychelles,93187,0.8549266055045872
31,2017,111000,Seychelles,93919,0.8461171171171171
31,2018,114000,Seychelles,94633,0.8301140350877193
31,2019,116000,Seychelles,95321,0.8217327586206896
31,2020,119000,Seychelles,95981,0.806563025210084
31,2021,122000,Seychelles,96387,0.7900573770491803
31,2022,124000,Seychelles,97017,0.7823951612903226
31,2023,127000,Seychelles,97617,0.7686377952755905
32,2008,826000,Reunion,751590,0.9099152542372881
32,2009,835000,Reunion,755837,0.9051940119760479
32,2010,842000,Reunion,759060,0.9014964370546318
32,2011,847000,Reunion,763849,0.9018288075560803
32,2012,846000,Reunion,831335,0.9826654846335697
32,2013,844000,Reunion,835400,0.9898104265402844
32,2014,851000,Reunion,839294,0.9862444183313749
32,2015,866000,Reunion,845729,0.9765923787528868
32,2016,864000,Reunion,849318,0.9830069444444445
32,2017,862000,Reunion,852749,0.9892679814385151
32,2018,856000,Reunion,868414,1
32,2019,858000,Reunion,871600,1
32,2020,857000,Reunion,864001,1
32,2021,866000,Reunion,867007,1
32,2022,870000,Reunion,875146,1
32,2023,873000,Reunion,874257,1
37,2008,1272000,Mauritius,1274189,1
37,2009,1277000,Mauritius,1284264,1
37,2010,1281000,Mauritius,1293676,1
37,2011,1284000,Mauritius,1303717,1
37,2012,1288000,Mauritius,1313095,1
37,2013,1290000,Mauritius,1322238,1
37,2014,1292000,Mauritius,1331155,1
37,2015,1292000,Mauritius,1339827,1
37,2016,1292000,Mauritius,1348242,1
37,2017,1291000,Mauritius,1356388,1
37,2018,1290000,Mauritius,1364283,1
37,2019,1288000,Mauritius,1371946,1
37,2020,1285000,Mauritius,1379365,1
37,2021,1282000,Mauritius,1386129,1
37,2022,1278000,Mauritius,1308222,1
37,2023,1275000,Mauritius,1309448,1
39,2008,330000,Maldives,385925,1
39,2009,342000,Maldives,396334,1
39,2010,354000,Maldives,380253,1
39,2011,367000,Maldives,394999,1
39,2012,380000,Maldives,394451,1
39,2013,393000,Maldives,393988,1
39,2014,407000,Maldives,393595,0.967063882063882
39,2015,421000,Maldives,393253,0.9340926365795724
39,2016,436000,Maldives,392960,0.9012844036697247
39,2017,451000,Maldives,392709,0.8707516629711751
39,2018,466000,Maldives,392473,0.8422167381974249
39,2019,480000,Maldives,392217,0.81711875
39,2020,495000,Maldives,391904,0.7917252525252525
39,2021,509000,Maldives,390669,0.7675225933202358
39,2022,523000,Maldives,390164,0.7460114722753346
39,2023,525000,Maldives,389568,0.7420342857142858
40,2008,20562000,Sri Lanka,14952694,0.7272003696138508
40,2009,20697000,Sri Lanka,15091597,0.7291683335749143
40,2010,20816000,Sri Lanka,15223639,0.7313431495003844
40,2011,20942000,Sri Lanka,15057846,0.7190261675102665
40,2012,21076000,Sri Lanka,15136337,0.7181788289998102
40,2013,21263000,Sri Lanka,15275428,0.7184041762686356
40,2014,21455000,Sri Lanka,15401814,0.7178659519925426
40,2015,21640000,Sri Lanka,15534110,0.7178424214417745
40,2016,21820000,Sri Lanka,15655191,0.7174697983501375
40,2017,22002000,Sri Lanka,15785798,0.7174710480865376
40,2018,22173000,Sri Lanka,15890595,0.7166641861723718
40,2019,22333000,Sri Lanka,15993927,0.7161566739802087
40,2020,22488000,Sri Lanka,16095548,0.7157394165777303
40,2021,22636000,Sri Lanka,16203562,0.7158315073334511
40,2022,22765000,Sri Lanka,16252166,0.7139102130463431
40,2023,22905000,Sri Lanka,15331971,0.6693722331368697
41,2008,21543000,Mozambique,9253372,0.42953033467947827
41,2009,22095000,Mozambique,8704241,0.3939461869201177
41,2010,22688000,Mozambique,8838787,0.389579821932299
41,2011,23310000,Mozambique,9195217,0.3944752037752038
41,2012,23988000,Mozambique,9414324,0.3924597298649325
41,2013,24688000,Mozambique,9453631,0.38292413318211277
41,2014,25415000,Mozambique,9688029,0.3811933503836317
41,2015,26162000,Mozambique,9765240,0.3732604540937237
41,2016,26934000,Mozambique,10038745,0.37271645503824163
41,2017,27741000,Mozambique,10461061,0.37709747305432395
41,2018,28592000,Mozambique,10653968,0.3726205931729155
41,2019,29445000,Mozambique,11464932,0.3893677024961793
41,2020,30324000,Mozambique,11844103,0.3905851141010421
41,2021,31244000,Mozambique,12158007,0.38913093713993085
41,2022,32172000,Mozambique,12175599,0.37845328235732933
41,2023,33141000,Mozambique,12491058,0.3769064904498959
42,2008,20617000,Madagascar,7018742,0.3404346898190813
42,2009,21231000,Madagascar,7232064,0.34063699307616224
42,2010,21864000,Madagascar,7444513,0.34049181302597875
42,2011,22503000,Madagascar,7678132,0.34120481713549305
42,2012,23141000,Madagascar,7736419,0.3343165377468562
42,2013,23783000,Madagascar,7962741,0.33480809822141866
42,2014,24435000,Madagascar,8440204,0.3454145283404952
42,2015,25094000,Madagascar,8679444,0.3458772614967721
42,2016,25760000,Madagascar,8952808,0.3475468944099379
42,2017,26440000,Madagascar,9343357,0.35337961422087744
42,2018,27137000,Madagascar,9659246,0.35594376681283857
42,2019,27853000,Madagascar,9782405,0.35121548845725775
42,2020,28586000,Madagascar,9963284,0.34853718603512207
42,2021,29321000,Madagascar,10279521,0.35058562122710685
42,2022,30061000,Madagascar,10527901,0.3502179235554373
42,2023,30813000,Madagascar,10602164,0.344080874955376
43,2008,38604000,Kenya,2630231,0.06813363900113978
43,2009,39809000,Kenya,2695698,0.06771579291115075
43,2010,41009000,Kenya,2765362,0.06743305128142603
43,2011,42188000,Kenya,2894330,0.06860552763819096
43,2012,43329000,Kenya,2680950,0.061874264349511876
43,2013,44448000,Kenya,3060034,0.06884525737940965
43,2014,45526000,Kenya,3145037,0.06908221675526073
43,2015,46577000,Kenya,3214646,0.06901788436352706
43,2016,47600000,Kenya,3274209,0.06878590336134453
43,2017,48679000,Kenya,3338702,0.06858608434848702
43,2018,49716000,Kenya,3395604,0.06830002413709872
43,2019,50698000,Kenya,3912462,0.07717191999684406
43,2020,51708000,Kenya,4140116,0.08006722364044248
43,2021,52727000,Kenya,4229340,0.08021203557949437
43,2022,53711000,Kenya,4326762,0.0805563478617043
43,2023,54794000,Kenya,4418770,0.080643318611526807
44,2008,11517000,Somalia,3596358,0.31226517322219327
44,2009,11809000,Somalia,3704223,0.31367795749004995
44,2010,12113000,Somalia,3808269,0.3143951952447783
44,2011,12410000,Somalia,3775091,0.3041975020145044
44,2012,12287000,Somalia,3824716,0.31128151705054125
44,2013,12635000,Somalia,3888120,0.30772615749901067
44,2014,13104000,Somalia,3958204,0.3020607448107448
44,2015,13575000,Somalia,4032135,0.29702651933701657
44,2016,14039000,Somalia,4293013,0.3057919367476316
44,2017,14658000,Somalia,4395360,0.29986082685223087
44,2018,15175000,Somalia,4486517,0.2956518616144975
44,2019,15730000,Somalia,4580453,0.291192180546726
44,2020,16332000,Somalia,4698525,0.2876882806759736
44,2021,16970000,Somalia,4821740,0.28413317619328227
44,2022,17572000,Somalia,4943465,0.281326257682677
44,2023,18031000,Somalia,5073715,0.2813884421274472
45,2008,2771000,Eritrea,886306,0.31985059545290506
45,2009,2862000,Eritrea,843595,0.2947571628232006
45,2010,2914000,Eritrea,870334,0.2986733013040494
45,2011,2977000,Eritrea,887174,0.29800940544171983
45,2012,3020000,Eritrea,908629,0.3008705298013245
45,2013,3054000,Eritrea,930160,0.30457105435494436
45,2014,3095000,Eritrea,974917,0.3149974151857835
45,2015,3095000,Eritrea,994379,0.32128562197092086
45,2016,3116000,Eritrea,897878,0.28815083440308087
45,2017,3133000,Eritrea,917860,0.2929652090647941
45,2018,3167000,Eritrea,954131,0.3012728133880644
45,2019,3218000,Eritrea,962856,0.2992094468614046
45,2020,3262000,Eritrea,972004,0.2979779276517474
45,2021,3320000,Eritrea,982538,0.29594518072289155
45,2022,3380000,Eritrea,992098,0.29352011834319525
45,2023,3439000,Eritrea,1002432,0.2914893864495493
46,2008,883000,Djibouti,457404,0.5180113250283126
46,2009,902000,Djibouti,653713,0.7247372505543237
46,2010,921000,Djibouti,639001,0.6938121606948968
46,2011,939000,Djibouti,652205,0.6945740149094781
46,2012,958000,Djibouti,667163,0.6964123173277662
46,2013,976000,Djibouti,681848,0.6986147540983606
46,2014,994000,Djibouti,704660,0.7089134808853119
46,2015,1012000,Djibouti,720314,0.7117727272727272
46,2016,1029000,Djibouti,741012,0.7201282798833819
46,2017,1046000,Djibouti,763093,0.7295344168260038
46,2018,1063000,Djibouti,781932,0.7355898400752587
46,2019,1080000,Djibouti,799499,0.7402768518518519
46,2020,1097000,Djibouti,815241,0.743154968094804
46,2021,1113000,Djibouti,829791,0.745544474393531
46,2022,1129000,Djibouti,846319,0.7496182462356067
46,2023,1145000,Djibouti,908927,0.7938227074235807
47,2008,24711000,Yemen,5264796,0.21305475294403303
47,2009,25513000,Yemen,5219712,0.20459028730451143
47,2010,26343000,Yemen,5365704,0.20368614053069126
47,2011,27166000,Yemen,5460422,0.20100206140027976
47,2012,28000000,Yemen,5596934,0.1998905
47,2013,28868000,Yemen,5739645,0.19882378412082582
47,2014,29758000,Yemen,5887345,0.19784074870623025
47,2015,30694000,Yemen,6070232,0.1977660780608588
47,2016,31624000,Yemen,6218735,0.19664605995446496
47,2017,32594000,Yemen,5556407,0.17047330797079216
47,2018,33588000,Yemen,5593341,0.16652795641300464
47,2019,34582000,Yemen,5719702,0.1653953501821757
47,2020,35641000,Yemen,5838834,0.16382351785864593
47,2021,36629000,Yemen,5939496,0.16215282972508122
47,2022,37651000,Yemen,6054133,0.16079607447345357
47,2023,38794000,Yemen,6167066,0.1589695829251946
48,2008,2598000,Oman,2551929,0.9822667436489607
48,2009,2655000,Oman,2630381,0.9907273069679849
48,2010,2714000,Oman,2280394,0.8402336035372144
48,2011,2801000,Oman,2324419,0.8298532666904677
48,2012,3353000,Oman,2373174,0.7077763197136893
48,2013,3741000,Oman,2422953,0.6476752205292703
48,2014,3927000,Oman,2471264,0.629300738477209
48,2015,4078000,Oman,2521177,0.618238597351643
48,2016,4291000,Oman,2571454,0.5992668375670007
48,2017,4490000,Oman,2626766,0.5850258351893096
48,2018,4584000,Oman,3539369,0.7721136561954625
48,2019,4611000,Oman,2829292,0.6135961830405552
48,2020,4571000,Oman,3701849,0.809855392693065
48,2021,4474000,Oman,2931883,0.6553158247653107
48,2022,4527000,Oman,2987098,0.6598405124806715
48,2023,4933000,Oman,3045924,0.6174587472126495
49,2008,33160000,Sudan,707319,0.02133048854041013
49,2009,34088000,Sudan,722000,0.021180474067120394
49,2010,35050000,Sudan,1079809,0.030807674750356635
49,2011,35779000,Sudan,1138527,0.031821096173733195
49,2012,36503000,Sudan,1108471,0.030366572610470374
49,2013,37344000,Sudan,1112512,0.029790916880891173
49,2014,38228000,Sudan,1134015,0.02966451292246521
49,2015,39419000,Sudan,1112527,0.028223115756361147
49,2016,40630000,Sudan,1144561,0.028170342111740094
49,2017,41889000,Sudan,1248110,0.02979565040941536
49,2018,43539000,Sudan,1438192,0.03303226991892327
49,2019,44922000,Sudan,1479241,0.03292909932772361
49,2020,46174000,Sudan,1530833,0.033153571273877074
49,2021,47404000,Sudan,1644693,0.034695236688887014
49,2022,48730000,Sudan,1685113,0.034580607428688695
49,2023,50037000,Sudan,1752467,0.03502342266722625
50,2008,22825000,Saudi Arabia,9626923,0.42177099671412926
50,2009,23750000,Saudi Arabia,9821428,0.41353381052631577
50,2010,24685000,Saudi Arabia,8789010,0.3560465869961515
50,2011,25629000,Saudi Arabia,8913726,0.3477984314643568
50,2012,26582000,Saudi Arabia,8866991,0.33357125122263187
50,2013,27543000,Saudi Arabia,8997360,0.3266659405293541
50,2014,28511000,Saudi Arabia,9184433,0.3221364736417523
50,2015,29485000,Saudi Arabia,9313608,0.31587614041037815
50,2016,30464000,Saudi Arabia,9391480,0.30828125
50,2017,30971000,Saudi Arabia,9419610,0.3041429078815666
50,2018,30594000,Saudi Arabia,10876541,0.3555122246192064
50,2019,30137000,Saudi Arabia,10738106,0.35630971895012775
50,2020,30809000,Saudi Arabia,10920176,0.3544475964815476
50,2021,31173000,Saudi Arabia,11114532,0.35654354730054855
50,2022,31483000,Saudi Arabia,11303507,0.3590352571228917
50,2023,32867000,Saudi Arabia,11649388,0.35444025922657985
51,2008,2580000,Kuwait,2595742,1
51,2009,2723000,Kuwait,2690832,0.988186558942343
51,2010,2868000,Kuwait,2787743,0.9720163877266388
51,2011,3019000,Kuwait,2593970,0.8592149718449817
51,2012,3247000,Kuwait,2644637,0.8144862950415769
51,2013,3428000,Kuwait,2693585,0.7857599183197199
51,2014,3588000,Kuwait,2739058,0.7633940914158306
51,2015,3744000,Kuwait,2784816,0.7438076923076923
51,2016,3925000,Kuwait,2829502,0.720892229299363
51,2017,4083000,Kuwait,2865839,0.7018954200342885
51,2018,4227000,Kuwait,2907169,0.6877617695765318
51,2019,4420000,Kuwait,2936578,0.6643841628959276
51,2020,4464000,Kuwait,2975168,0.6664802867383512
51,2021,4336000,Kuwait,3013242,0.6949358856088561
51,2022,4386000,Kuwait,3049469,0.6952733698130414
51,2023,4793000,Kuwait,3089028,0.6444873774254121
52,2008,1089000,Bahrain,718304,0.6595996326905418
52,2009,1152000,Bahrain,728708,0.6325590277777777
52,2010,1215000,Bahrain,735185,0.6050905349794239
52,2011,1212000,Bahrain,1214703,1
52,2012,1202000,Bahrain,1248345,1
52,2013,1231000,Bahrain,1281332,1
52,2014,1284000,Bahrain,1314089,1
52,2015,1342000,Bahrain,1346613,1
52,2016,1397000,Bahrain,1378904,0.9870465282748747
52,2017,1462000,Bahrain,1410942,0.9650766073871409
52,2018,1502000,Bahrain,1442659,0.9604920106524634
52,2019,1493000,Bahrain,1474016,0.987284661754856
52,2020,1478000,Bahrain,1505003,1
52,2021,1488000,Bahrain,1526929,1
52,2022,1515000,Bahrain,1540554,1
52,2023,1552000,Bahrain,1553882,1
53,2008,187127000,Pakistan,13603508,0.0726966605567342
53,2009,191872000,Pakistan,14097726,0.07347463934289526
53,2010,196881000,Pakistan,14290330,0.07258359110325527
53,2011,201597000,Pakistan,14502123,0.07193620440780368
53,2012,205895000,Pakistan,14730116,0.0715418829986158
53,2013,209439000,Pakistan,14956069,0.07141014328754434
53,2014,212709000,Pakistan,15155640,0.0712505817807427
53,2015,215820000,Pakistan,23576537,0.1092416689834121
53,2016,218762000,Pakistan,23694035,0.10830964701364953
53,2017,221516000,Pakistan,25700644,0.11602161469148956
53,2018,225032000,Pakistan,26069125,0.11584630185929112
53,2019,228826000,Pakistan,28685741,0.12536049662188736
53,2020,232776000,Pakistan,29284348,0.12580484242361756
53,2021,237228000,Pakistan,29871288,0.12591805351813445
53,2022,241728000,Pakistan,30465901,0.12603381072941489
53,2023,245673000,Pakistan,31057582,0.1264183772738559
54,2008,6013000,United Arab Emirates,4049027,0.6733788458340263
54,2009,6592000,United Arab Emirates,4210858,0.6387830703883495
54,2010,6822000,United Arab Emirates,4365227,0.6398749633538552
54,2011,7055000,United Arab Emirates,4509069,0.6391309709425939
54,2012,7344000,United Arab Emirates,4641238,0.6319768518518518
54,2013,7650000,United Arab Emirates,4782431,0.6251543790849673
54,2014,8014000,United Arab Emirates,4910072,0.6126867981033192
54,2015,8460000,United Arab Emirates,5042330,0.5960200945626477
54,2016,8889000,United Arab Emirates,5103870,0.5741781977725279
54,2017,9173000,United Arab Emirates,5310654,0.5789440750027254
54,2018,9296000,United Arab Emirates,8492572,0.9135727194492255
54,2019,9398000,United Arab Emirates,8449933,0.899120344754203
54,2020,9358000,United Arab Emirates,8579270,0.9167845693524257
54,2021,9539000,United Arab Emirates,8463393,0.8872411154209037
54,2022,10039000,United Arab Emirates,8479469,0.8446527542583923
54,2023,10445000,United Arab Emirates,8526928,0.8163645763523217
56,2008,499000,Cape Verde,426998,0.8557074148296593
56,2009,504000,Cape Verde,429474,0.8521309523809524
56,2010,508000,Cape Verde,508229,1
56,2011,511000,Cape Verde,516100,1
56,2012,512000,Cape Verde,523568,1
56,2013,512000,Cape Verde,531046,1
56,2014,512000,Cape Verde,538535,1
56,2015,512000,Cape Verde,545993,1
56,2016,512000,Cape Verde,553432,1
56,2017,513000,Cape Verde,560899,1
56,2018,513000,Cape Verde,568373,1
56,2019,514000,Cape Verde,575839,1
56,2020,514000,Cape Verde,583255,1
56,2021,515000,Cape Verde,589451,1
56,2022,518000,Cape Verde,596707,1
56,2023,521000,Cape Verde,603901,1
59,2008,10666000,Belgium,3700137,0.3469095255953497
59,2009,10754000,Belgium,3703886,0.34441937883578205
59,2010,10872000,Belgium,3706184,0.3408925680647535
59,2011,11001000,Belgium,3712554,0.3374742296154895
59,2012,11076000,Belgium,3678189,0.3320864030335861
59,2013,11139000,Belgium,3675494,0.3299662447257384
59,2014,11182000,Belgium,3677468,0.3288739044893579
59,2015,11238000,Belgium,3987525,0.35482514682327815
59,2016,11312000,Belgium,4019892,0.35536527581329563
59,2017,11353000,Belgium,4048226,0.3565776446754162
59,2018,11400000,Belgium,4087933,0.35859061403508774
59,2019,11457000,Belgium,4112978,0.35899258095487474
59,2020,11524000,Belgium,4145931,0.3597649253731343
59,2021,11556000,Belgium,4177843,0.36153020076150916
59,2022,11586000,Belgium,4223928,0.3645717244950803
59,2023,11698000,Belgium,4249356,0.36325491537014876
60,2008,30000,Gibraltar,27333,0.9111
60,2009,31000,Gibraltar,28796,0.9289032258064516
60,2010,31000,Gibraltar,28827,0.9299032258064516
60,2011,31000,Gibraltar,29056,0.9372903225806452
60,2012,32000,Gibraltar,29584,0.9245
60,2013,32000,Gibraltar,30077,0.93990625
60,2014,33000,Gibraltar,30158,0.9138787878787878
60,2015,33000,Gibraltar,30181,0.9145757575757576
60,2016,33000,Gibraltar,30257,0.9168787878787878
60,2017,34000,Gibraltar,30295,0.8910294117647058
60,2018,35000,Gibraltar,30368,0.8676571428571429
60,2019,35000,Gibraltar,30434,0.8695428571428572
60,2020,36000,Gibraltar,30498,0.8471666666666666
60,2021,37000,Gibraltar,30381,0.8211081081081081
60,2022,37000,Gibraltar,30423,0.8222432432432433
60,2023,38000,Gibraltar,30477,0.8020263157894737
61,2008,10491000,Tunisia,7461720,0.7112496425507578
61,2009,10595000,Tunisia,7534161,0.7111053327041057
61,2010,10707000,Tunisia,7613783,0.7111032969085644
61,2011,10825000,Tunisia,7644437,0.7061835565819862
61,2012,10947000,Tunisia,7735060,0.7065917602996254
61,2013,11073000,Tunisia,7935741,0.7166748848550528
61,2014,11210000,Tunisia,8097688,0.7223628902765388
61,2015,11338000,Tunisia,8179746,0.7214452284353502
61,2016,11466000,Tunisia,8292665,0.723239577882435
61,2017,11591000,Tunisia,8490111,0.732474419808472
61,2018,11710000,Tunisia,8574817,0.7322644748078565
61,2019,11821000,Tunisia,8709625,0.7367925725403942
61,2020,11929000,Tunisia,8784564,0.7364040573392573
61,2021,12019000,Tunisia,8854887,0.7367407438222814
61,2022,12078000,Tunisia,8919517,0.7384928796158304
61,2023,12161000,Tunisia,8986523,0.738962503083628
62,2008,31396000,Morocco,17348796,0.5525798190852338
62,2009,31817000,Morocco,15793139,0.4963742339001163
62,2010,32244000,Morocco,16011279,0.4965661518422032
62,2011,32690000,Morocco,16165549,0.49451052309574794
62,2012,33136000,Morocco,16285400,0.49147151134717526
62,2013,33575000,Morocco,16465349,0.4904050335070737
62,2014,34000000,Morocco,16419922,0.4829388823529412
62,2015,34409000,Morocco,16599823,0.4824267778778808
62,2016,34806000,Morocco,16768222,0.48176239728782394
62,2017,35241000,Morocco,16883431,0.47908490110950314
62,2018,35652000,Morocco,17902524,0.5021464153483676
62,2019,36028000,Morocco,18374871,0.5100164039080715
62,2020,36394000,Morocco,18552492,0.5097678738253558
62,2021,36774000,Morocco,18730244,0.5093338771958449
62,2022,37134000,Morocco,18821172,0.5068447245112296
62,2023,37524000,Morocco,18989582,0.5060649717514124
63,2008,374000,Western Sahara,330088,0.8825882352941177
63,2009,388000,Western Sahara,339189,0.8741984536082474
63,2010,402000,Western Sahara,413504,1
63,2011,417000,Western Sahara,425527,1
63,2012,433000,Western Sahara,445339,1
63,2013,449000,Western Sahara,455821,1
63,2014,466000,Western Sahara,460186,0.9875236051502146
63,2015,479000,Western Sahara,473500,0.988517745302714
63,2016,493000,Western Sahara,486935,0.9876977687626775
63,2017,506000,Western Sahara,478794,0.9462332015810276
63,2018,519000,Western Sahara,500958,0.9652369942196531
63,2019,532000,Western Sahara,514357,0.9668364661654135
63,2020,545000,Western Sahara,527493,0.9678770642201835
63,2021,554000,Western Sahara,533094,0.9622635379061372
63,2022,563000,Western Sahara,535406,0.9509875666074601
63,2023,574000,Western Sahara,540204,0.9411219512195121
64,2008,3134000,Mauritania,1005172,0.3207313337587747
64,2009,3233000,Mauritania,934876,0.28916671821837303
64,2010,3336000,Mauritania,957062,0.2868890887290168
64,2011,3446000,Mauritania,979746,0.28431398723157286
64,2012,3560000,Mauritania,1005504,0.2824449438202247
64,2013,3678000,Mauritania,1029865,0.2800067971723763
64,2014,3791000,Mauritania,1139760,0.30064890530203114
64,2015,3906000,Mauritania,1164892,0.29823143881208397
64,2016,4025000,Mauritania,1195149,0.29693142857142857
64,2017,4148000,Mauritania,1219789,0.2940667791706847
64,2018,4273000,Mauritania,1245573,0.29149847882050084
64,2019,4402000,Mauritania,1320995,0.30008973194002725
64,2020,4533000,Mauritania,1384599,0.30544870946393116
64,2021,4667000,Mauritania,1408891,0.3018836511677737
64,2022,4803000,Mauritania,1438852,0.29957359983343745
64,2023,4948000,Mauritania,1467151,0.29651394502829426
65,2008,1791000,Gambia,1034991,0.5778844221105528
65,2009,1844000,Gambia,1060707,0.575220715835141
65,2010,1899000,Gambia,1087920,0.5728909952606636
65,2011,1955000,Gambia,1072342,0.5485125319693095
65,2012,2013000,Gambia,1097759,0.545334823646299
65,2013,2073000,Gambia,1196383,0.5771263868789195
65,2014,2134000,Gambia,1224089,0.5736124648547329
65,2015,2195000,Gambia,1249995,0.5694738041002277
65,2016,2254000,Gambia,1275961,0.5660874001774623
65,2017,2313000,Gambia,1301988,0.5629001297016861
65,2018,2371000,Gambia,1329722,0.5608274989455926
65,2019,2428000,Gambia,1355705,0.5583628500823723
65,2020,2486000,Gambia,1380578,0.5553411102172164
65,2021,2546000,Gambia,1410587,0.5540404556166536
65,2022,2606000,Gambia,1533293,0.5883702993092863
65,2023,2667000,Gambia,1568578,0.588143232095988
66,2008,11907000,Senegal,6256694,0.5254635088603342
66,2009,12191000,Senegal,6677192,0.5477148716266098
66,2010,12484000,Senegal,6003833,0.480922220442166
66,2011,12787000,Senegal,6158386,0.4816130444983186
66,2012,13131000,Senegal,6323117,0.48154116213540477
66,2013,13490000,Senegal,6484236,0.4806698295033358
66,2014,13932000,Senegal,6574516,0.4719003732414585
66,2015,14373000,Senegal,6796427,0.4728607110554512
66,2016,14814000,Senegal,6975165,0.47084953422438236
66,2017,15255000,Senegal,7152586,0.4688683054736152
66,2018,15695000,Senegal,7342304,0.46781165976425615
66,2019,16134000,Senegal,7518096,0.46597843064336186
66,2020,16572000,Senegal,7692100,0.46416244267439055
66,2021,17007000,Senegal,7863876,0.4623905450696772
66,2022,17435000,Senegal,8768601,0.5029309435044451
66,2023,17867000,Senegal,8992537,0.5033042480550736
67,2008,6169000,Libya,5110677,0.8284449667693305
67,2009,6302000,Libya,5231369,0.8301125039669947
67,2010,6432000,Libya,5305423,0.8248481032338308
67,2011,6564000,Libya,5468590,0.8331185252894576
67,2012,6122000,Libya,4650548,0.7596452139823587
67,2013,6236000,Libya,4967552,0.7965926876202694
67,2014,6373000,Libya,5131685,0.8052228150007845
67,2015,6482000,Libya,5285906,0.8154745448935514
67,2016,6582000,Libya,5394873,0.8196403828623519
67,2017,6682000,Libya,5459727,0.817079766536965
67,2018,6795000,Libya,5457733,0.8031983811626195
67,2019,6903000,Libya,5460287,0.791002028103723
67,2020,6999000,Libya,5553255,0.7934354907843978
67,2021,7092000,Libya,5708996,0.8049909757473209
67,2022,7179000,Libya,5785466,0.8058874495055022
67,2023,7269000,Libya,5881581,0.8091320676846884
68,2008,418000,Malta,403532,0.9653875598086125
68,2009,420000,Malta,405165,0.9646785714285714
68,2010,422000,Malta,406757,0.9638791469194313
68,2011,424000,Malta,408333,0.9630495283018868
68,2012,426000,Malta,409836,0.962056338028169
68,2013,428000,Malta,411277,0.960927570093458
68,2014,429000,Malta,412655,0.9618997668997669
68,2015,440000,Malta,413965,0.9408295454545454
68,2016,450000,Malta,415196,0.9226577777777778
68,2017,460000,Malta,416338,0.9050826086956522
68,2018,476000,Malta,449043,0.9433676470588235
68,2019,494000,Malta,453319,0.9176497975708502
68,2020,515000,Malta,457267,0.8878970873786408
68,2021,522000,Malta,460891,0.8829329501915709
68,2022,527000,Malta,464186,0.8808083491461101
68,2023,530000,Malta,467138,0.8813924528301886
69,2008,2192000,Latvia,1415118,0.6455830291970803
69,2009,2163000,Latvia,1406185,0.6501086453999075
69,2010,2121000,Latvia,1397675,0.658969825553984
69,2011,2075000,Latvia,1389830,0.6697975903614458
69,2012,2045000,Latvia,1381609,0.6756034229828851
69,2013,2024000,Latvia,1407973,0.6956388339920948
69,2014,2002000,Latvia,1398920,0.6987612387612387
69,2015,1986000,Latvia,1282040,0.6455387713997985
69,2016,1969000,Latvia,1293672,0.6570198070086338
69,2017,1950000,Latvia,1278507,0.6556446153846154
69,2018,1935000,Latvia,1278091,0.6605121447028424
69,2019,1920000,Latvia,1263982,0.6583239583333333
69,2020,1908000,Latvia,1250116,0.6551970649895178
69,2021,1894000,Latvia,1238893,0.6541145723336853
69,2022,1877000,Latvia,1226397,0.6533814597762386
69,2023,1885000,Latvia,1243239,0.6595432360742706
70,2008,1338000,Estonia,912343,0.6818707025411062
70,2009,1336000,Estonia,906348,0.6784041916167665
70,2010,1333000,Estonia,900735,0.6757201800450112
70,2011,1330000,Estonia,895255,0.673124060150376
70,2012,1325000,Estonia,889294,0.6711652830188679
70,2013,1320000,Estonia,904515,0.6852386363636364
70,2014,1316000,Estonia,898498,0.6827492401215806
70,2015,1313000,Estonia,903860,0.6883929931454684
70,2016,1316000,Estonia,899089,0.6831983282674772
70,2017,1316000,Estonia,894491,0.6797044072948328
70,2018,1319000,Estonia,900210,0.682494313874147
70,2019,1325000,Estonia,894966,0.6754460377358491
70,2020,1329000,Estonia,893005,0.6719375470278405
70,2021,1330000,Estonia,887257,0.6671105263157895
70,2022,1333000,Estonia,882315,0.6619017254313578
70,2023,1367000,Estonia,875908,0.6407520117044623
71,2008,7560000,Bulgaria,876108,0.11588730158730158
71,2009,7511000,Bulgaria,868816,0.11567248036213554
71,2010,7465000,Bulgaria,861415,0.11539383791024782
71,2011,7410000,Bulgaria,854929,0.11537503373819163
71,2012,7350000,Bulgaria,899813,0.12242353741496599
71,2013,7284000,Bulgaria,892564,0.12253761669412411
71,2014,7245000,Bulgaria,884036,0.12202015182884748
71,2015,7202000,Bulgaria,916338,0.12723382393779506
71,2016,7153000,Bulgaria,931346,0.13020355095764016
71,2017,7102000,Bulgaria,926076,0.1303965080259082
71,2018,7050000,Bulgaria,986826,0.13997531914893618
71,2019,7000000,Bulgaria,981309,0.140187
71,2020,6951000,Bulgaria,975111,0.14028355632283124
71,2021,6916000,Bulgaria,968490,0.14003614806246384
71,2022,6838000,Bulgaria,951890,0.13920590816028078
71,2023,6813000,Bulgaria,945724,0.13881168354616175
72,2008,20791000,Romania,728998,0.03506315232552547
72,2009,20646000,Romania,728143,0.03526799380025186
72,2010,20507000,Romania,719785,0.035099478226946895
72,2011,20358000,Romania,718038,0.03527055702917772
72,2012,20206000,Romania,709300,0.03510343462337919
72,2013,20111000,Romania,707499,0.035179702650290884
72,2014,20015000,Romania,706173,0.035282188358730954
72,2015,19921000,Romania,704467,0.03536303398423774
72,2016,19821000,Romania,725759,0.03661566015841784
72,2017,19733000,Romania,730780,0.037033395834389096
72,2018,19646000,Romania,731248,0.03722121551460857
72,2019,19550000,Romania,723673,0.037016521739130434
72,2020,19453000,Romania,719265,0.03697450264740657
72,2021,19332000,Romania,716635,0.037069884129939994
72,2022,19164000,Romania,622104,0.03246211646837821
72,2023,19169000,Romania,615321,0.03209979654650738
73,2008,143809000,Russia,13588948,0.09449302894811869
73,2009,143814000,Russia,13530829,0.09408561753375888
73,2010,143924000,Russia,13469927,0.09359055473722243
73,2011,143945000,Russia,13402866,0.09311102157073882
73,2012,144142000,Russia,14059333,0.0975380735663443
73,2013,144440000,Russia,14066232,0.097384602603157025
73,2014,144769000,Russia,14071997,0.0972031097817903
73,2015,145083000,Russia,14075646,0.09701788631335166
73,2016,145533000,Russia,14070310,0.09668123380951399
73,2017,146025000,Russia,14071821,0.09636583461736004
73,2018,146349000,Russia,14042393,0.09595141066901722
73,2019,146512000,Russia,14442388,0.09857477885770449
73,2020,146555000,Russia,14435379,0.09849803145576747
73,2021,146188000,Russia,14488903,0.09911143869537856
73,2022,145484000,Russia,14458163,0.09937974622638916
73,2023,145675000,Russia,14416381,0.09896262914020937
74,2008,3953000,Georgia,1350727,0.34169668606121933
74,2009,3929000,Georgia,1329858,0.3384723848307457
74,2010,3909000,Georgia,1325387,0.3390603734970581
74,2011,3883000,Georgia,1322105,0.34048544939479786
74,2012,3854000,Georgia,1317353,0.3418144784639336
74,2013,3824000,Georgia,1313054,0.3433718619246862
74,2014,3794000,Georgia,1424796,0.3755392725355825
74,2015,3792000,Georgia,1424534,0.37566824894514766
74,2016,3792000,Georgia,1423687,0.3754448839662447
74,2017,3793000,Georgia,1422885,0.3751344582124967
74,2018,3793000,Georgia,1218702,0.32130292644344843
74,2019,3797000,Georgia,1219142,0.32108032657361074
74,2020,3797000,Georgia,990052,0.2607458519884119
74,2021,3794000,Georgia,1221555,0.32197021613073273
74,2022,3782000,Georgia,1218280,0.32212585933368587
74,2023,3807000,Georgia,1215681,0.31932781717888103
75,2008,46929000,Ukraine,6140056,0.13083713695156513
75,2009,46709000,Ukraine,6107223,0.13075045494444326
75,2010,46538000,Ukraine,6067544,0.13037827152004813
75,2011,46374000,Ukraine,6029622,0.13002160693492043
75,2012,46242000,Ukraine,6128031,0.13252089009990917
75,2013,46178000,Ukraine,6090277,0.13188698081337433
75,2014,46075000,Ukraine,6352422,0.13787134020618558
75,2015,45869000,Ukraine,6372328,0.1389245023872332
75,2016,45700000,Ukraine,6341911,0.13877266958424508
75,2017,45533000,Ukraine,6313508,0.13865785254650473
75,2018,45339000,Ukraine,6301836,0.1389937140210415
75,2019,45079000,Ukraine,6305103,0.13986785421149536
75,2020,44836000,Ukraine,6300030,0.1405127576054956
75,2021,44524000,Ukraine,6266569,0.14074586739735873
75,2022,44073000,Ukraine,5929580,0.13453996778072744
75,2023,38024000,Ukraine,4744978,0.12478902798232695
76,2008,71102000,Turkey,34504228,0.4852778824786926
76,2009,72022000,Turkey,36862753,0.5118262891894143
76,2010,72907000,Turkey,37343868,0.5122123801555406
76,2011,73786000,Turkey,37814814,0.512493074566991
76,2012,74644000,Turkey,38390482,0.5143143722201382
76,2013,75750000,Turkey,39049223,0.5155012937293729
76,2014,77056000,Turkey,39202338,0.5087512718023256
76,2015,79017000,Turkey,39908768,0.5050655934798841
76,2016,81012000,Turkey,38445407,0.47456434849158147
76,2017,82292000,Turkey,38653578,0.469712462936859
76,2018,83875000,Turkey,39044439,0.4655074694485842
76,2019,84957000,Turkey,42689545,0.5024841390350413
76,2020,85758000,Turkey,42882188,0.5000371743744024
76,2021,86425000,Turkey,43076059,0.49842127856522994
76,2022,86948000,Turkey,43741543,0.503077046050513
76,2023,87169000,Turkey,43969717,0.5044191971916622
77,2008,21549000,Syria,2381507,0.11051589400900273
77,2009,21724000,Syria,2620328,0.12061903885104032
77,2010,22230000,Syria,2635785,0.11856882591093118
77,2011,22735000,Syria,2669197,0.11740475038486914
77,2012,23022000,Syria,2633899,0.11440791416905569
77,2013,22498000,Syria,2462083,0.10943563872344209
77,2014,20836000,Syria,2337509,0.11218607218276061
77,2015,19711000,Syria,2274082,0.1153712140429202
77,2016,19138000,Syria,2319757,0.12121209112759954
77,2017,19250000,Syria,2404261,0.12489667532467533
77,2018,19200000,Syria,2462171,0.12823807291666667
77,2019,19956000,Syria,3665125,0.18366030266586492
77,2020,20751000,Syria,3652602,0.1760205291311262
77,2021,21348000,Syria,3837517,0.1797600243582537
77,2022,21910000,Syria,4055609,0.1851031036056595
77,2023,23015000,Syria,4313443,0.18741877036715185
78,2008,4892000,Lebanon,3881961,0.7935325020441537
78,2009,4959000,Lebanon,3926470,0.7917866505343819
78,2010,5025000,Lebanon,3990937,0.7942163184079603
78,2011,5057000,Lebanon,4008497,0.7926630413288511
78,2012,5135000,Lebanon,4477831,0.8720216163583252
78,2013,5337000,Lebanon,4941628,0.9259186809068766
78,2014,6150000,Lebanon,6725375,1
78,2015,6544000,Lebanon,6923632,1
78,2016,6401000,Lebanon,5981885,0.9345235119512576
78,2017,6245000,Lebanon,5888880,0.9429751801441153
78,2018,6075000,Lebanon,5862606,0.965038024691358
78,2019,5893000,Lebanon,6478777,1
78,2020,5696000,Lebanon,6149105,1
78,2021,5708000,Lebanon,5932372,1
78,2022,5728000,Lebanon,5082289,0.887271124301676
78,2023,5761000,Lebanon,5117940,0.8883770178788405
79,2008,7022000,Israel,7615608,1
79,2009,7143000,Israel,7761331,1
79,2010,7269000,Israel,7898688,1
79,2011,7405000,Israel,8158954,1
79,2012,7537000,Israel,8317293,1
79,2013,7678000,Israel,8465422,1
79,2014,7821000,Israel,8601825,1
79,2015,7974000,Israel,8858568,1
79,2016,8132000,Israel,8812011,1
79,2017,8288000,Israel,8961810,1
79,2018,8436000,Israel,9103314,1
79,2019,8585000,Israel,9248300,1
79,2020,8730000,Israel,9413426,1
79,2021,8870000,Israel,9544771,1
79,2022,9015000,Israel,9683232,1
79,2023,9191000,Israel,10059586,1
80,2008,11059000,Greece,9837189,0.8895188534225518
80,2009,11095000,Greece,9850643,0.8878452456061289
80,2010,11121000,Greece,9853214,0.8860007193597698
80,2011,11128000,Greece,9864045,0.8864166966211359
80,2012,11090000,Greece,9923899,0.894851127141569
80,2013,11007000,Greece,9932138,0.9023474152811847
80,2014,10928000,Greece,9934946,0.9091275622254759
80,2015,10858000,Greece,9940772,0.915525142751888
80,2016,10784000,Greece,9937736,0.9215259643916914
80,2017,10767000,Greece,9928066,0.9220828457323302
80,2018,10740000,Greece,9919893,0.9236399441340782
80,2019,10722000,Greece,9823260,0.9161779518746502
80,2020,10715000,Greece,9791917,0.9138513299113392
80,2021,10683000,Greece,9757403,0.9133579518861743
80,2022,10476000,Greece,9761777,0.9318229285987017
80,2023,10349000,Greece,9736666,0.9408315779302348
81,2008,1082000,Cyprus,792604,0.732536044362292
81,2009,1100000,Cyprus,1084748,0.9861345454545455
81,2010,1119000,Cyprus,1102677,0.9854128686327078
81,2011,1137000,Cyprus,1120489,0.9854784520668426
81,2012,1156000,Cyprus,1153771,0.9980717993079585
81,2013,1175000,Cyprus,1171103,0.9966834042553191
81,2014,1193000,Cyprus,1188158,0.9959413243922883
81,2015,1211000,Cyprus,1204896,0.9949595375722543
81,2016,1228000,Cyprus,1221275,0.9945236156351791
81,2017,1246000,Cyprus,1237456,0.9931428571428571
81,2018,1263000,Cyprus,1237088,0.9794837688044339
81,2019,1279000,Cyprus,1252147,0.9790046911649727
81,2020,1295000,Cyprus,1284871,0.9921783783783784
81,2021,1310000,Cyprus,1299701,0.9921381679389313
81,2022,1325000,Cyprus,1295102,0.9774354716981132
81,2023,1338000,Cyprus,1308120,0.9776681614349776
82,2008,3008000,Albania,2571250,0.8548038563829787
82,2009,2978000,Albania,2597098,0.8720946944257891
82,2010,2945000,Albania,2131791,0.7238679117147708
82,2011,2912000,Albania,2137178,0.7339210164835165
82,2012,2911000,Albania,2253405,0.7740999656475438
82,2013,2909000,Albania,2259766,0.7768188380886902
82,2014,2906000,Albania,2276564,0.7834012388162422
82,2015,2901000,Albania,2283423,0.7871158221302998
82,2016,2896000,Albania,2305717,0.7961729972375691
82,2017,2900000,Albania,2313433,0.7977355172413793
82,2018,2897000,Albania,2320088,0.8008588194684156
82,2019,2892000,Albania,2326874,0.8045899031811895
82,2020,2878000,Albania,2333618,0.8108471160528145
82,2021,2866000,Albania,2344171,0.8179242847173761
82,2022,2834000,Albania,2350041,0.8292311220889202
82,2023,2822000,Albania,2450304,0.8682863217576187
84,2008,34487000,Algeria,17092459,0.49562034969698726
84,2009,35147000,Algeria,16905421,0.48099186274788747
84,2010,35834000,Algeria,17102962,0.4772830831054306
84,2011,36543000,Algeria,17308456,0.4736462797252552
84,2012,37264000,Algeria,18479647,0.4959115231859167
84,2013,38028000,Algeria,18835557,0.49530758914484063
84,2014,38800000,Algeria,19192352,0.49464824742268043
84,2015,39610000,Algeria,19551281,0.49359457207775814
84,2016,40429000,Algeria,19906663,0.492385737960375
84,2017,41272000,Algeria,20255001,0.4907685840279124
84,2018,42106000,Algeria,20595888,0.4891437799838503
84,2019,42904000,Algeria,20926355,0.48774834514264404
84,2020,43685000,Algeria,21246133,0.48634847201556597
84,2021,44399000,Algeria,21546214,0.4852860199554044
84,2022,45123000,Algeria,21842647,0.484069033530572
84,2023,45831000,Algeria,22820700,0.49793153105976307
86,2008,5000,Saint Helena,6153,1
86,2009,5000,Saint Helena,5757,1
86,2010,5000,Saint Helena,5781,1
86,2011,5000,Saint Helena,5802,1
86,2012,5000,Saint Helena,5823,1
86,2013,5000,Saint Helena,5843,1
86,2014,5000,Saint Helena,5860,1
86,2015,5000,Saint Helena,5874,1
86,2016,6000,Saint Helena,5874,0.979
86,2017,6000,Saint Helena,6301,1
86,2018,5000,Saint Helena,6311,1
86,2019,5000,Saint Helena,6319,1
86,2020,5000,Saint Helena,6327,1
86,2021,5000,Saint Helena,6369,1
86,2022,5000,Saint Helena,6377,1
86,2023,5000,Saint Helena,6385,1
95,2008,3000,Falkland Islands,3140,1
95,2009,3000,Falkland Islands,3176,1
95,2010,3000,Falkland Islands,3212,1
95,2011,3000,Falkland Islands,3249,1
95,2012,3000,Falkland Islands,3140,1
95,2013,3000,Falkland Islands,3140,1
95,2014,3000,Falkland Islands,2840,0.9466666666666667
95,2015,3000,Falkland Islands,3361,1
95,2016,3000,Falkland Islands,2931,0.977
95,2017,4000,Falkland Islands,2931,0.73275
95,2018,4000,Falkland Islands,3198,0.7995
95,2019,4000,Falkland Islands,3198,0.7995
95,2020,4000,Falkland Islands,3198,0.7995
95,2021,3000,Falkland Islands,3198,1
95,2022,3000,Falkland Islands,3662,1
95,2023,3000,Falkland Islands,3662,1
96,2008,5819000,Sierra Leone,2465263,0.42365750128888124
96,2009,5970000,Sierra Leone,2011063,0.3368614740368509
96,2010,6141000,Sierra Leone,2051247,0.3340249145090376
96,2011,6304000,Sierra Leone,2097589,0.33273937182741115
96,2012,6470000,Sierra Leone,2136494,0.33021545595054097
96,2013,6632000,Sierra Leone,2186315,0.32966148974668275
96,2014,6796000,Sierra Leone,2411823,0.35488861094761626
96,2015,6957000,Sierra Leone,2516873,0.3617756216760098
96,2016,7119000,Sierra Leone,2575700,0.3618064334878494
96,2017,7292000,Sierra Leone,2627265,0.36029415798134945
96,2018,7467000,Sierra Leone,2691143,0.3604048479978572
96,2019,7643000,Sierra Leone,2756055,0.3605985869423001
96,2020,7821000,Sierra Leone,2821830,0.3608016877637131
96,2021,8004000,Sierra Leone,2901326,0.36248450774612695
96,2022,8185000,Sierra Leone,3702483,0.4523497861942578
96,2023,8368000,Sierra Leone,3800266,0.4541426864244742
97,2008,3756000,Liberia,1896900,0.50503194888178915
97,2009,3886000,Liberia,1958410,0.5039655172413793
97,2010,4000000,Liberia,2068412,0.517103
97,2011,4117000,Liberia,2125897,0.5163704153509837
97,2012,4325000,Liberia,2194036,0.5072915606936416
97,2013,4421000,Liberia,2251848,0.5093526351504185
97,2014,4519000,Liberia,2330841,0.5157868997565833
97,2015,4609000,Liberia,2391997,0.5189839444564982
97,2016,4710000,Liberia,2446449,0.5194159235668789
97,2017,4802000,Liberia,2665161,0.5550106205747605
97,2018,4896000,Liberia,2733907,0.5583960375816993
97,2019,4993000,Liberia,2761091,0.5529923893450831
97,2020,5094000,Liberia,2836448,0.5568213584609344
97,2021,5205000,Liberia,2914647,0.5599706051873199
97,2022,5314000,Liberia,2996017,0.5637969514490027
97,2023,5433000,Liberia,2968370,0.5463592858457574
98,2008,6275000,Togo,1949055,0.310606374501992
98,2009,6463000,Togo,2006633,0.3104801175924493
98,2010,6641000,Togo,2195171,0.3305482608040958
98,2011,6824000,Togo,2268299,0.33240020515826496
98,2012,7009000,Togo,2652354,0.37842117277785703
98,2013,7193000,Togo,2727403,0.37917461420825804
98,2014,7378000,Togo,2802541,0.3798510436432638
98,2015,7567000,Togo,2910566,0.3846393550944892
98,2016,7760000,Togo,3005141,0.3872604381443299
98,2017,7957000,Togo,3077990,0.38682795023249966
98,2018,8157000,Togo,3143687,0.38539745004290793
98,2019,8360000,Togo,3224545,0.38571112440191385
98,2020,8566000,Togo,3306168,0.3859640438944665
98,2021,8774000,Togo,3172515,0.36158137679507635
98,2022,8983000,Togo,3256620,0.36253144829121675
98,2023,9196000,Togo,3337429,0.3629218138321009
99,2008,9090000,Benin,3012988,0.33146182618261827
99,2009,9367000,Benin,3107918,0.3317943845414754
99,2010,9652000,Benin,3197729,0.33130221715706587
99,2011,9943000,Benin,3288947,0.3307801468369707
99,2012,10244000,Benin,3388015,0.3307316477938305
99,2013,10551000,Benin,3434610,0.32552459482513507
99,2014,10866000,Benin,3533289,0.3251692435118719
99,2015,11194000,Benin,3632292,0.32448561729497943
99,2016,11528000,Benin,3740366,0.32445922970159613
99,2017,11868000,Benin,3844144,0.3239083249073138
99,2018,12212000,Benin,3950717,0.3235110547002948
99,2019,12555000,Benin,4330407,0.34491493428912784
99,2020,12898000,Benin,4488194,0.3479759652659327
99,2021,13242000,Benin,4637728,0.3502286663645975
99,2022,13585000,Benin,4797682,0.35316025027603976
99,2023,13934000,Benin,4877587,0.35004930386105926
100,2008,4052000,Republique du Congo,699086,0.17252862783810463
100,2009,4175000,Republique du Congo,718687,0.1721405988023952
100,2010,4388000,Republique du Congo,738269,0.16824726526891523
100,2011,4537000,Republique du Congo,759028,0.16729733303945338
100,2012,4683000,Republique du Congo,782240,0.1670382233610933
100,2013,4798000,Republique du Congo,948877,0.1977651104626928
100,2014,4916000,Republique du Congo,985205,0.20040785191212368
100,2015,5036000,Republique du Congo,1004779,0.19951926131850675
100,2016,5159000,Republique du Congo,1025050,0.19869160690056212
100,2017,5286000,Republique du Congo,1046408,0.19795838062807417
100,2018,5416000,Republique du Congo,1069184,0.19741211225997046
100,2019,5550000,Republique du Congo,1094525,0.1972117117117117
100,2020,5683000,Republique du Congo,1123682,0.1977269048038008
100,2021,5822000,Republique du Congo,1150047,0.19753469598076262
100,2022,5962000,Republique du Congo,1177284,0.19746460919154646
100,2023,6108000,Republique du Congo,1261672,0.20656057629338573
101,2008,2032000,Namibia,103831,0.051097933070866144
101,2009,2062000,Namibia,104809,0.05082880698351115
101,2010,2093000,Namibia,105665,0.05048494983277592
101,2011,2127000,Namibia,106625,0.050129290079924775
101,2012,2166000,Namibia,135644,0.06262419205909511
101,2013,2223000,Namibia,137321,0.06177282950967161
101,2014,2282000,Namibia,138376,0.06063803680981595
101,2015,2342000,Namibia,139314,0.05948505550811273
101,2016,2406000,Namibia,165743,0.06888736492103076
101,2017,2472000,Namibia,170003,0.06877144012944984
101,2018,2541000,Namibia,179788,0.07075482093663912
101,2019,2613000,Namibia,183247,0.0701289705319556
101,2020,2688000,Namibia,188174,0.07000520833333333
101,2021,2770000,Namibia,190759,0.06886606498194946
101,2022,2851000,Namibia,194170,0.068105927744651
101,2023,2928000,Namibia,197287,0.06737943989071038
102,2008,50799000,South Africa,14794992,0.2912457331837241
102,2009,51431000,South Africa,14879228,0.28930466061324883
102,2010,52026000,South Africa,14887983,0.28616428324299387
102,2011,52662000,South Africa,14860991,0.2821957198739129
102,2012,53329000,South Africa,14665694,0.2750041065836599
102,2013,54236000,South Africa,14603671,0.26926157902500186
102,2014,55121000,South Africa,14552108,0.26400297527258215
102,2015,56069000,South Africa,16150003,0.2880380067416933
102,2016,57379000,South Africa,16369994,0.2852959096533575
102,2017,57141000,South Africa,16562724,0.28985709035543655
102,2018,58130000,South Africa,16723361,0.28768899019439187
102,2019,59096000,South Africa,16881652,0.28566488425612563
102,2020,60079000,South Africa,17057718,0.2839214700644152
102,2021,61045000,South Africa,17214328,0.2819940699483987
102,2022,61960000,South Africa,17374436,0.28041375080697223
102,2023,62797000,South Africa,18160411,0.28919233402869565
103,2008,172000,Sao Tome and Principe,206178,1
103,2009,176000,Sao Tome and Principe,212679,1
103,2010,180000,Sao Tome and Principe,175808,0.9767111111111111
103,2011,184000,Sao Tome and Principe,179506,0.9755760869565218
103,2012,188000,Sao Tome and Principe,183176,0.9743404255319149
103,2013,191000,Sao Tome and Principe,186817,0.9780994764397906
103,2014,195000,Sao Tome and Principe,190428,0.9765538461538461
103,2015,199000,Sao Tome and Principe,194006,0.9749045226130654
103,2016,202000,Sao Tome and Principe,197541,0.9779257425742575
103,2017,205000,Sao Tome and Principe,201025,0.980609756097561
103,2018,209000,Sao Tome and Principe,204454,0.9782488038277511
103,2019,212000,Sao Tome and Principe,207822,0.9802924528301887
103,2020,215000,Sao Tome and Principe,211122,0.9819627906976744
103,2021,220000,Sao Tome and Principe,213948,0.9724909090909091
103,2022,224000,Sao Tome and Principe,217164,0.9694821428571428
103,2023,229000,Sao Tome and Principe,220372,0.9623231441048035
104,2008,1060000,Equatorial Guinea,298041,0.2811707547169811
104,2009,1109000,Equatorial Guinea,306222,0.2761244364292155
104,2010,1162000,Equatorial Guinea,314754,0.27087263339070566
104,2011,1216000,Equatorial Guinea,323262,0.26584046052631577
104,2012,1267000,Equatorial Guinea,331799,0.2618776637726914
104,2013,1320000,Equatorial Guinea,340141,0.25768257575757575
104,2014,1373000,Equatorial Guinea,349302,0.25440786598689
104,2015,1427000,Equatorial Guinea,435136,0.30493062368605467
104,2016,1481000,Equatorial Guinea,446005,0.3011512491559757
104,2017,1535000,Equatorial Guinea,456426,0.2973459283387622
104,2018,1589000,Equatorial Guinea,467698,0.2943348017621145
104,2019,1643000,Equatorial Guinea,479268,0.29170298234936093
104,2020,1697000,Equatorial Guinea,487735,0.28741013553329403
104,2021,1736000,Equatorial Guinea,499057,0.28747523041474654
104,2022,1782000,Equatorial Guinea,977616,0.5486060606060607
104,2023,1825000,Equatorial Guinea,1012398,0.5547386301369863
106,2008,23945000,Ghana,7766100,0.3243307579870537
106,2009,24555000,Ghana,7933073,0.3230736306251273
106,2010,25170000,Ghana,7923979,0.31481839491458086
106,2011,25780000,Ghana,8080474,0.3134396431342126
106,2012,26410000,Ghana,8268247,0.31307258614161304
106,2013,27058000,Ghana,8449724,0.31228191292778473
106,2014,27714000,Ghana,8638272,0.31169344013855815
106,2015,28369000,Ghana,8783962,0.30963241566498645
106,2016,29023000,Ghana,8975856,0.30926699514178413
106,2017,29690000,Ghana,9166760,0.3087490737622095
106,2018,30327000,Ghana,9421025,0.31064810235104034
106,2019,30949000,Ghana,9637519,0.31140001292448866
106,2020,31569000,Ghana,9849178,0.3119889131743166
106,2021,32206000,Ghana,11324168,0.3516167173818543
106,2022,32831000,Ghana,11574660,0.3525527702476318
106,2023,33467000,Ghana,11835097,0.35363483431439924
108,2008,63000,Bermuda,66536,1
108,2009,63000,Bermuda,67837,1
108,2010,64000,Bermuda,68261,1
108,2011,64000,Bermuda,68679,1
108,2012,64000,Bermuda,69080,1
108,2013,64000,Bermuda,69467,1
108,2014,64000,Bermuda,69839,1
108,2015,63000,Bermuda,70196,1
108,2016,63000,Bermuda,70538,1
108,2017,63000,Bermuda,70864,1
108,2018,64000,Bermuda,71176,1
108,2019,64000,Bermuda,71472,1
108,2020,64000,Bermuda,71750,1
108,2021,65000,Bermuda,72084,1
108,2022,65000,Bermuda,72337,1
108,2023,65000,Bermuda,72576,1
110,2008,356000,Bahamas,307451,0.863626404494382
110,2009,360000,Bahamas,307552,0.8543111111111111
110,2010,365000,Bahamas,310022,0.8493753424657534
110,2011,370000,Bahamas,313312,0.8467891891891892
110,2012,374000,Bahamas,316182,0.8454064171122995
110,2013,377000,Bahamas,319031,0.846236074270557
110,2014,381000,Bahamas,321834,0.8447086614173228
110,2015,384000,Bahamas,324597,0.8453046875
110,2016,387000,Bahamas,327315,0.8457751937984496
110,2017,389000,Bahamas,329988,0.8482982005141388
110,2018,392000,Bahamas,332634,0.8485561224489796
110,2019,394000,Bahamas,335210,0.8507868020304569
110,2020,396000,Bahamas,335499,0.847219696969697
110,2021,396000,Bahamas,352655,0.8905429292929293
110,2022,397000,Bahamas,355608,0.8957380352644836
110,2023,399000,Bahamas,406513,1
111,2008,27000,Turks and Caicos Islands,22352,0.8278518518518518
111,2009,28000,Turks and Caicos Islands,22942,0.8193571428571429
111,2010,29000,Turks and Caicos Islands,23528,0.8113103448275862
111,2011,30000,Turks and Caicos Islands,44819,1
111,2012,31000,Turks and Caicos Islands,46335,1
111,2013,33000,Turks and Caicos Islands,47754,1
111,2014,34000,Turks and Caicos Islands,49070,1
111,2015,36000,Turks and Caicos Islands,50280,1
111,2016,38000,Turks and Caicos Islands,82201,1
111,2017,39000,Turks and Caicos Islands,52570,1
111,2018,41000,Turks and Caicos Islands,53701,1
111,2019,42000,Turks and Caicos Islands,54819,1
111,2020,44000,Turks and Caicos Islands,55926,1
111,2021,45000,Turks and Caicos Islands,57196,1
111,2022,46000,Turks and Caicos Islands,58286,1
111,2023,46000,Turks and Caicos Islands,59367,1
112,2008,11290000,Cuba,10554240,0.9348308237378211
112,2009,11293000,Cuba,10580454,0.9369037456831666
112,2010,11296000,Cuba,10609138,0.9391942280453258
112,2011,11299000,Cuba,10250841,0.9072343570227454
112,2012,11304000,Cuba,10237179,0.9056244692144374
112,2013,11302000,Cuba,10228230,0.9049929216067952
112,2014,11294000,Cuba,10239283,0.9066126261731893
112,2015,11277000,Cuba,10226161,0.9068157311341669
112,2016,11273000,Cuba,10377418,0.9205551317306839
112,2017,11258000,Cuba,10375090,0.9215748800852727
112,2018,11237000,Cuba,10343130,0.9204529678739877
112,2019,11217000,Cuba,10274151,0.9159446376036373
112,2020,11189000,Cuba,10220489,0.9134407900616677
112,2021,11164000,Cuba,10195796,0.9132744536008599
112,2022,11080000,Cuba,10259711,0.9259666967509025
112,2023,11039000,Cuba,10240037,0.9276236072107981
113,2008,50000,Cayman Islands,47862,0.95724
113,2009,52000,Cayman Islands,49035,0.9429807692307692
113,2010,53000,Cayman Islands,50208,0.9473207547169812
113,2011,55000,Cayman Islands,51384,0.9342545454545454
113,2012,56000,Cayman Islands,52560,0.9385714285714286
113,2013,58000,Cayman Islands,53737,0.9265
113,2014,59000,Cayman Islands,54914,0.9307457627118644
113,2015,61000,Cayman Islands,56092,0.9195409836065573
113,2016,62000,Cayman Islands,57268,0.9236774193548387
113,2017,64000,Cayman Islands,58442,0.91315625
113,2018,65000,Cayman Islands,59613,0.9171230769230769
113,2019,67000,Cayman Islands,60781,0.907179104477612
113,2020,68000,Cayman Islands,61944,0.9109411764705883
113,2021,69000,Cayman Islands,63131,0.9149420289855072
113,2022,71000,Cayman Islands,64309,0.9057605633802817
113,2023,72000,Cayman Islands,65483,0.9094861111111111
114,2008,9452000,Haiti,8458821,0.8949239314430808
114,2009,9610000,Haiti,8569114,0.8916872008324662
114,2010,9770000,Haiti,9155336,0.9370865916069601
114,2011,9837000,Haiti,9221997,0.9374806343397377
114,2012,9993000,Haiti,9299564,0.9306078254778345
114,2013,10147000,Haiti,9387140,0.9251148122597812
114,2014,10298000,Haiti,9484696,0.9210231112837444
114,2015,10449000,Haiti,9603001,0.9190354100870897
114,2016,10598000,Haiti,9954132,0.9392462728816758
114,2017,10745000,Haiti,10101282,0.9400913913448116
114,2018,10891000,Haiti,10212922,0.9377396015058305
114,2019,11034000,Haiti,10345484,0.9376005075222041
114,2020,11176000,Haiti,10478837,0.937619631352899
114,2021,11312000,Haiti,10602761,0.9373020685997171
114,2022,11438000,Haiti,10734819,0.9385223815352335
114,2023,11570000,Haiti,10990149,0.9498832324978392
115,2008,9513000,Dominican Republic,8434012,0.8865775254914328
115,2009,9633000,Dominican Republic,8421958,0.8742819474722309
115,2010,9757000,Dominican Republic,8569820,0.878325304909296
115,2011,9883000,Dominican Republic,8682628,0.8785417383385612
115,2012,10008000,Dominican Republic,8792321,0.878529276578737
115,2013,10133000,Dominican Republic,8907161,0.8790250666140333
115,2014,10255000,Dominican Republic,9014548,0.8790392979034617
115,2015,10376000,Dominican Republic,9292509,0.8955771973785659
115,2016,10494000,Dominican Republic,9409412,0.8966468458166571
115,2017,10609000,Dominican Republic,9525326,0.8978533320765388
115,2018,10725000,Dominican Republic,9144689,0.852651655011655
115,2019,10840000,Dominican Republic,9312979,0.8591309040590406
115,2020,10949000,Dominican Republic,9400918,0.8586097360489543
115,2021,11068000,Dominican Republic,9478353,0.8563745030719191
115,2022,11179000,Dominican Republic,9562596,0.855407102603095
115,2023,11283000,Dominican Republic,9600808,0.8509091553664806
116,2008,3863000,Puerto Rico and Virgin Islands of the United States,4063877,1
116,2009,3849000,Puerto Rico and Virgin Islands of the United States,4077113,1
116,2010,3835000,Puerto Rico and Virgin Islands of the United States,3820711,0.9962740547588005
116,2011,3808000,Puerto Rico and Virgin Islands of the United States,3816356,1
116,2012,3771000,Puerto Rico and Virgin Islands of the United States,3772359,1
116,2013,3731000,Puerto Rico and Virgin Islands of the United States,3719823,0.9970042883945323
116,2014,3690000,Puerto Rico and Virgin Islands of the United States,3725067,1
116,2015,3645000,Puerto Rico and Virgin Islands of the United States,3701931,1
116,2016,3598000,Puerto Rico and Virgin Islands of the United States,3681008,1
116,2017,3549000,Puerto Rico and Virgin Islands of the United States,3459094,0.9746672302056918
116,2018,3385000,Puerto Rico and Virgin Islands of the United States,3401603,1
116,2019,3380000,Puerto Rico and Virgin Islands of the United States,3346892,0.9902047337278107
116,2020,3375000,Puerto Rico and Virgin Islands of the United States,3265633,0.967594962962963
116,2021,3352000,Puerto Rico and Virgin Islands of the United States,3369454,1
116,2022,3329000,Puerto Rico and Virgin Islands of the United States,3185569,0.9569146890958246
116,2023,3326000,Puerto Rico and Virgin Islands of the United States,3162228,0.9507600721587492
117,2008,26000,British Virgin Islands,24041,0.9246538461538462
117,2009,27000,British Virgin Islands,24491,0.907074074074074
117,2010,28000,British Virgin Islands,24935,0.8905357142857143
117,2011,28000,British Virgin Islands,30391,1
117,2012,30000,British Virgin Islands,31148,1
117,2013,31000,British Virgin Islands,31912,1
117,2014,32000,British Virgin Islands,32680,1
117,2015,33000,British Virgin Islands,33454,1
117,2016,36000,British Virgin Islands,34232,0.9508888888888889
117,2017,32000,British Virgin Islands,35015,1
117,2018,33000,British Virgin Islands,35802,1
117,2019,36000,British Virgin Islands,36591,1
117,2020,37000,British Virgin Islands,37381,1
117,2021,38000,British Virgin Islands,37891,0.9971315789473684
117,2022,38000,British Virgin Islands,38632,1
117,2023,39000,British Virgin Islands,39369,1
118,2008,13000,Anguilla,14108,1
118,2009,13000,Anguilla,14436,1
118,2010,13000,Anguilla,14766,1
118,2011,13000,Anguilla,15094,1
118,2012,14000,Anguilla,15423,1
118,2013,13000,Anguilla,15754,1
118,2014,13000,Anguilla,16086,1
118,2015,14000,Anguilla,16418,1
118,2016,14000,Anguilla,16752,1
118,2017,14000,Anguilla,17087,1
118,2018,15000,Anguilla,17422,1
118,2019,15000,Anguilla,17756,1
118,2020,15000,Anguilla,18090,1
118,2021,15000,Anguilla,18403,1
118,2022,14000,Anguilla,18741,1
118,2023,14000,Anguilla,19079,1
119,2008,47000,Saint Kitts and Nevis,39817,0.8471702127659575
119,2009,47000,Saint Kitts and Nevis,40131,0.8538510638297873
119,2010,47000,Saint Kitts and Nevis,49898,1
119,2011,47000,Saint Kitts and Nevis,50314,1
119,2012,47000,Saint Kitts and Nevis,50726,1
119,2013,47000,Saint Kitts and Nevis,51134,1
119,2014,47000,Saint Kitts and Nevis,51538,1
119,2015,47000,Saint Kitts and Nevis,51936,1
119,2016,47000,Saint Kitts and Nevis,52331,1
119,2017,47000,Saint Kitts and Nevis,52713,1
119,2018,47000,Saint Kitts and Nevis,53094,1
119,2019,47000,Saint Kitts and Nevis,53463,1
119,2020,47000,Saint Kitts and Nevis,53821,1
119,2021,47000,Saint Kitts and Nevis,54149,1
119,2022,47000,Saint Kitts and Nevis,54488,1
119,2023,47000,Saint Kitts and Nevis,54817,1
120,2008,82000,Antigua and Barbuda,84522,1
120,2009,84000,Antigua and Barbuda,85632,1
120,2010,85000,Antigua and Barbuda,86712,1
120,2011,86000,Antigua and Barbuda,87884,1
120,2012,87000,Antigua and Barbuda,89018,1
120,2013,88000,Antigua and Barbuda,90156,1
120,2014,88000,Antigua and Barbuda,91295,1
120,2015,89000,Antigua and Barbuda,92436,1
120,2016,90000,Antigua and Barbuda,93582,1
120,2017,90000,Antigua and Barbuda,94730,1
120,2018,91000,Antigua and Barbuda,95882,1
120,2019,91000,Antigua and Barbuda,97031,1
120,2020,92000,Antigua and Barbuda,98179,1
120,2021,92000,Antigua and Barbuda,99175,1
120,2022,93000,Antigua and Barbuda,100335,1
120,2023,93000,Antigua and Barbuda,101489,1
121,2008,5000,Montserrat,5079,1
121,2009,5000,Montserrat,5097,1
121,2010,5000,Montserrat,5118,1
121,2011,5000,Montserrat,5140,1
121,2012,5000,Montserrat,5164,1
121,2013,5000,Montserrat,5189,1
121,2014,5000,Montserrat,5215,1
121,2015,5000,Montserrat,5241,1
121,2016,5000,Montserrat,5267,1
121,2017,5000,Montserrat,5292,1
121,2018,5000,Montserrat,5315,1
121,2019,5000,Montserrat,5342,1
121,2020,5000,Montserrat,5373,1
121,2021,4000,Montserrat,5387,1
121,2022,4000,Montserrat,4275,1
121,2023,4000,Montserrat,5440,1
122,2008,168000,Saint Lucia,159585,0.9499107142857143
122,2009,169000,Saint Lucia,160267,0.9483254437869822
122,2010,170000,Saint Lucia,160741,0.945535294117647
122,2011,171000,Saint Lucia,161557,0.9447777777777778
122,2012,172000,Saint Lucia,162178,0.9428953488372093
122,2013,173000,Saint Lucia,162781,0.9409306358381503
122,2014,174000,Saint Lucia,163362,0.9388620689655173
122,2015,175000,Saint Lucia,163922,0.9366971428571429
122,2016,175000,Saint Lucia,164464,0.9397942857142857
122,2017,176000,Saint Lucia,164994,0.9374659090909091
122,2018,177000,Saint Lucia,165510,0.9350847457627118
122,2019,177000,Saint Lucia,166008,0.9378983050847458
122,2020,178000,Saint Lucia,166487,0.9353202247191011
122,2021,179000,Saint Lucia,166637,0.9309329608938548
122,2022,179000,Saint Lucia,167122,0.9336424581005587
122,2023,179000,Saint Lucia,167591,0.9362625698324022
123,2008,69000,Dominica,72514,1
123,2009,69000,Dominica,72660,1
123,2010,69000,Dominica,72813,1
123,2011,69000,Dominica,72969,1
123,2012,69000,Dominica,73126,1
123,2013,69000,Dominica,73286,1
123,2014,70000,Dominica,73449,1
123,2015,70000,Dominica,73607,1
123,2016,71000,Dominica,73759,1
123,2017,69000,Dominica,73898,1
123,2018,68000,Dominica,74027,1
123,2019,68000,Dominica,74144,1
123,2020,68000,Dominica,74243,1
123,2021,67000,Dominica,74584,1
123,2022,67000,Dominica,74629,1
123,2023,67000,Dominica,74656,1
124,2008,272000,Barbados,281968,1
124,2009,273000,Barbados,284589,1
124,2010,275000,Barbados,285134,1
124,2011,276000,Barbados,286705,1
124,2012,277000,Barbados,287733,1
124,2013,277000,Barbados,288725,1
124,2014,278000,Barbados,289680,1
124,2015,279000,Barbados,290604,1
124,2016,279000,Barbados,291493,1
124,2017,280000,Barbados,292336,1
124,2018,280000,Barbados,293131,1
124,2019,281000,Barbados,293874,1
124,2020,281000,Barbados,294560,1
124,2021,282000,Barbados,301865,1
124,2022,282000,Barbados,302674,1
124,2023,282000,Barbados,303431,1
125,2008,111000,Grenada,90343,0.813900900900901
125,2009,111000,Grenada,90739,0.8174684684684684
125,2010,111000,Grenada,107818,0.9713333333333334
125,2011,112000,Grenada,108419,0.9680267857142857
125,2012,112000,Grenada,109011,0.9733125
125,2013,113000,Grenada,109590,0.9698230088495575
125,2014,114000,Grenada,110153,0.9662543859649123
125,2015,114000,Grenada,110694,0.971
125,2016,115000,Grenada,111220,0.9671304347826087
125,2017,115000,Grenada,111724,0.9715130434782608
125,2018,116000,Grenada,112207,0.967301724137931
125,2019,116000,Grenada,112665,0.97125
125,2020,116000,Grenada,113094,0.974948275862069
125,2021,117000,Grenada,113570,0.9706837606837607
125,2022,117000,Grenada,113949,0.9739230769230769
125,2023,117000,Grenada,114299,0.9769145299145299
126,2008,1369000,Trinidad and Tobago,1047366,0.7650591672753835
126,2009,1375000,Trinidad and Tobago,1229953,0.8945112727272727
126,2010,1383000,Trinidad and Tobago,1228691,0.8884244396240057
126,2011,1391000,Trinidad and Tobago,1227505,0.8824622573687995
126,2012,1399000,Trinidad and Tobago,1226382,0.876613295210865
126,2013,1408000,Trinidad and Tobago,1225225,0.8701882102272728
126,2014,1417000,Trinidad and Tobago,1223916,0.8637374735356387
126,2015,1425000,Trinidad and Tobago,1222363,0.857798596491228
126,2016,1433000,Trinidad and Tobago,1220479,0.8516950453593859
126,2017,1441000,Trinidad and Tobago,1218208,0.8453907009021513
126,2018,1450000,Trinidad and Tobago,1215527,0.8382944827586207
126,2019,1491000,Trinidad and Tobago,1212401,0.8131462105969148
126,2020,1478000,Trinidad and Tobago,1208789,0.8178545331529093
126,2021,1484000,Trinidad and Tobago,1221047,0.8228079514824798
126,2022,1492000,Trinidad and Tobago,1405646,0.9421219839142091
126,2023,1500000,Trinidad and Tobago,1407460,0.9383066666666666
127,2008,111000,Saint Vincent and the Grenadines,118432,1
127,2009,111000,Saint Vincent and the Grenadines,104574,0.9421081081081081
127,2010,110000,Saint Vincent and the Grenadines,104218,0.9474363636363636
127,2011,110000,Saint Vincent and the Grenadines,103869,0.9442636363636364
127,2012,109000,Saint Vincent and the Grenadines,103537,0.9498807339449541
127,2013,108000,Saint Vincent and the Grenadines,103220,0.9557407407407408
127,2014,108000,Saint Vincent and the Grenadines,102918,0.9529444444444445
127,2015,107000,Saint Vincent and the Grenadines,102627,0.9591308411214954
127,2016,107000,Saint Vincent and the Grenadines,102349,0.9565327102803738
127,2017,106000,Saint Vincent and the Grenadines,102088,0.9630943396226415
127,2018,105000,Saint Vincent and the Grenadines,101844,0.9699428571428571
127,2019,105000,Saint Vincent and the Grenadines,101612,0.9677333333333333
127,2020,104000,Saint Vincent and the Grenadines,101390,0.9749038461538462
127,2021,103000,Saint Vincent and the Grenadines,101145,0.9819902912621359
127,2022,102000,Saint Vincent and the Grenadines,100969,0.9898921568627451
127,2023,102000,Saint Vincent and the Grenadines,100804,0.9882745098039216
129,2008,3469000,Panama,3243952,0.9351259729028538
129,2009,3532000,Panama,3293718,0.9325362400906002
129,2010,3596000,Panama,3343345,0.9297399888765294
129,2011,3661000,Panama,3398589,0.9283225894564326
129,2012,3726000,Panama,3447055,0.9251355340848094
129,2013,3792000,Panama,3497064,0.9222215189873417
129,2014,3858000,Panama,3545976,0.9191228615863142
129,2015,3926000,Panama,3593960,0.9154253693326541
129,2016,3994000,Panama,3645849,0.9128314972458688
129,2017,4064000,Panama,3693073,0.9087285925196851
129,2018,4134000,Panama,3740991,0.9049325108853411
129,2019,4202000,Panama,3787777,0.9014224178962399
129,2020,4267000,Panama,3842216,0.9004490274197329
129,2021,4319000,Panama,3876361,0.8975135448020375
129,2022,4372000,Panama,4279759,0.9789018755718206
129,2023,4430000,Panama,4344472,0.9806934537246049
130,2008,4410000,Costa Rica,1722285,0.3905408163265306
130,2009,4470000,Costa Rica,1731520,0.3873646532438479
130,2010,4529000,Costa Rica,1832895,0.40470192095385293
130,2011,4583000,Costa Rica,1851522,0.40399781802312895
130,2012,4637000,Costa Rica,1929824,0.4161794263532456
130,2013,4691000,Costa Rica,1955016,0.41675890002131744
130,2014,4742000,Costa Rica,1979313,0.4174004639392661
130,2015,4793000,Costa Rica,1993935,0.41600980596703524
130,2016,4843000,Costa Rica,2017881,0.4166593020854842
130,2017,4891000,Costa Rica,2042064,0.417514618687385
130,2018,4936000,Costa Rica,2071956,0.4197641815235008
130,2019,4980000,Costa Rica,2095559,0.42079497991967874
130,2020,5019000,Costa Rica,2156635,0.42969416218370193
130,2021,5049000,Costa Rica,2178993,0.4315692216280452
130,2022,5071000,Costa Rica,2203381,0.43450621179254584
130,2023,5093000,Costa Rica,2221862,0.43625800117808755
131,2008,5537000,Nicaragua,3027113,0.5467063391728373
131,2009,5616000,Nicaragua,3082365,0.5488541666666666
131,2010,5697000,Nicaragua,3139915,0.5511523608916974
131,2011,5778000,Nicaragua,2970457,0.5140977847005884
131,2012,5860000,Nicaragua,3003313,0.5125107508532423
131,2013,5943000,Nicaragua,2974608,0.5005229681978799
131,2014,6025000,Nicaragua,3003386,0.49848730290456433
131,2015,6108000,Nicaragua,3025208,0.4952861820563196
131,2016,6191000,Nicaragua,3040859,0.49117412372799224
131,2017,6274000,Nicaragua,3069639,0.4892634682817979
131,2018,6358000,Nicaragua,3089711,0.4859564328405159
131,2019,6442000,Nicaragua,3117628,0.4839534306116113
131,2020,6525000,Nicaragua,3086848,0.473080153256705
131,2021,6605000,Nicaragua,3107222,0.4704348221044663
131,2022,6684000,Nicaragua,3136155,0.4692033213644524
131,2023,6777000,Nicaragua,3290498,0.48553902906890956
132,2008,43502000,Colombia,7668444,0.17627796423152958
132,2009,44015000,Colombia,7439094,0.1690127002158355
132,2010,44528000,Colombia,7529399,0.1690935815666547
132,2011,45027000,Colombia,7617840,0.16918382303950963
132,2012,45492000,Colombia,7705252,0.16937597819396816
132,2013,45939000,Colombia,7791529,0.1696059774918914
132,2014,46364000,Colombia,8070702,0.1740725994305927
132,2015,46767000,Colombia,8155161,0.17437853614728335
132,2016,47173000,Colombia,8239786,0.17467165539609522
132,2017,47702000,Colombia,8323097,0.17448109093958325
132,2018,48560000,Colombia,8405459,0.1730942957166392
132,2019,49489000,Colombia,8574522,0.1732611691486997
132,2020,50327000,Colombia,8898837,0.17682033500904087
132,2021,50933000,Colombia,9128452,0.17922470696797754
132,2022,51443000,Colombia,8892998,0.172870905662578
132,2023,52033000,Colombia,8941835,0.17184930717044952
133,2008,7924000,Honduras,2779425,0.3507603483089349
133,2009,8101000,Honduras,2850130,0.3518244661152944
133,2010,8278000,Honduras,2911352,0.351697511476202
133,2011,8453000,Honduras,2965263,0.3507941559209748
133,2012,8628000,Honduras,3025435,0.35065310616597123
133,2013,8802000,Honduras,3080725,0.3500028402635765
133,2014,8976000,Honduras,3136275,0.3494067513368984
133,2015,9150000,Honduras,3195007,0.3491810928961749
133,2016,9325000,Honduras,3248689,0.34838487935656837
133,2017,9500000,Honduras,3307847,0.3481944210526316
133,2018,9676000,Honduras,3358422,0.3470878462174452
133,2019,9854000,Honduras,3344729,0.33942855693119545
133,2020,10033000,Honduras,3406880,0.33956742748928537
133,2021,10206000,Honduras,3637882,0.35644542426023906
133,2022,10373000,Honduras,3683516,0.3551061409428323
133,2023,10554000,Honduras,3665712,0.3473291642978965
134,2008,6020000,El Salvador,5659701,0.9401496677740864
134,2009,6039000,El Salvador,5760816,0.9539354197714853
134,2010,6058000,El Salvador,4894836,0.8079953780125454
134,2011,6079000,El Salvador,4915453,0.8085956571804573
134,2012,6102000,El Salvador,4930660,0.8080399868895444
134,2013,6126000,El Salvador,4945411,0.8072822396343454
134,2014,6151000,El Salvador,4958268,0.8060913672573565
134,2015,6175000,El Salvador,4968144,0.8045577327935223
134,2016,6193000,El Salvador,4979332,0.8040258356208623
134,2017,6209000,El Salvador,4991668,0.80394073119665
134,2018,6218000,El Salvador,5002223,0.8044745899002895
134,2019,6221000,El Salvador,5196646,0.8353393345121363
134,2020,6223000,El Salvador,5251988,0.8439640044994375
134,2021,6246000,El Salvador,5290445,0.847013288504643
134,2022,6265000,El Salvador,5359782,0.8555118914604948
134,2023,6295000,El Salvador,5387823,0.8558892772041302
135,2008,109564000,Mexico,20460538,0.18674508050089444
135,2009,111185000,Mexico,20693491,0.1861176507622431
135,2010,112815000,Mexico,20933842,0.18555903027079731
135,2011,114433000,Mexico,21500054,0.18788333784834793
135,2012,116054000,Mexico,21747521,0.18739139538490704
135,2013,117582000,Mexico,21991626,0.18703224983415828
135,2014,119105000,Mexico,22735773,0.19088848495025398
135,2015,120464000,Mexico,23113825,0.19187329824677912
135,2016,121681000,Mexico,23393780,0.19225499461707252
135,2017,122822000,Mexico,23656219,0.19260571396003973
135,2018,123978000,Mexico,23837961,0.1922757344044911
135,2019,125169000,Mexico,24261487,0.1938298380589443
135,2020,126357000,Mexico,24363860,0.19281765157450714
135,2021,127241000,Mexico,24659168,0.19379891701574178
135,2022,128055000,Mexico,24468906,0.19108122291202997
135,2023,129171000,Mexico,24595464,0.19041010753187634
136,2008,13795000,Guatemala,1936685,0.14039035882566148
136,2009,14075000,Guatemala,1974457,0.14028113676731793
136,2010,14356000,Guatemala,2033816,0.1416701030927835
136,2011,14644000,Guatemala,2082847,0.14223210871346625
136,2012,14940000,Guatemala,2123805,0.14215562248995983
136,2013,15240000,Guatemala,2172650,0.14256233595800524
136,2014,15535000,Guatemala,2222529,0.14306591567428387
136,2015,15828000,Guatemala,2195408,0.13870406873894364
136,2016,16115000,Guatemala,2239977,0.13899950356810425
136,2017,16422000,Guatemala,2284770,0.1391286079649251
136,2018,16712000,Guatemala,2449748,0.14658616562948779
136,2019,16979000,Guatemala,2437277,0.14354655751222098
136,2020,17229000,Guatemala,2457633,0.14264513320564165
136,2021,17486000,Guatemala,2560106,0.14640889854740935
136,2022,17711000,Guatemala,2598330,0.14670713116142511
136,2023,17984000,Guatemala,2638725,0.14672625667259787
137,2008,14451000,Ecuador,5269114,0.3646193343021244
137,2009,14700000,Ecuador,5510133,0.3748389795918367
137,2010,14952000,Ecuador,5593703,0.37411068753344034
137,2011,15201000,Ecuador,5802106,0.38169238865864086
137,2012,15451000,Ecuador,5885720,0.38092809526891463
137,2013,15693000,Ecuador,5967256,0.380249538010578
137,2014,15921000,Ecuador,6050292,0.38001959675899755
137,2015,16149000,Ecuador,6133661,0.37981676884017584
137,2016,16383000,Ecuador,6193563,0.3780481596777147
137,2017,16627000,Ecuador,6274371,0.37736037769892344
137,2018,16892000,Ecuador,6354507,0.37618440681979637
137,2019,17207000,Ecuador,6409030,0.3724664380775266
137,2020,17473000,Ecuador,6474261,0.37052944543009214
137,2021,17619000,Ecuador,6546585,0.3715639366592883
137,2022,17746000,Ecuador,6622288,0.3731707427025809
137,2023,17902000,Ecuador,6946995,0.3880569210144118
138,2008,28630000,Peru,14913558,0.5209066713237862
138,2009,28808000,Peru,15099112,0.5241291307970009
138,2010,28985000,Peru,15283014,0.5272732102811799
138,2011,29187000,Peru,15157799,0.5193339157844246
138,2012,29422000,Peru,15317795,0.5206238528991911
138,2013,29679000,Peru,15476732,0.5214708042723811
138,2014,29957000,Peru,15659801,0.5227426311045832
138,2015,30275000,Peru,15820610,0.5225635012386457
138,2016,30640000,Peru,16008859,0.5224823433420366
138,2017,31093000,Peru,16182351,0.5204499726626571
138,2018,31556000,Peru,17243811,0.546451102801369
138,2019,32239000,Peru,17416565,0.540232792580415
138,2020,32660000,Peru,17666978,0.540936252296387
138,2021,33017000,Peru,17834745,0.540168549535088
138,2022,33295000,Peru,17860723,0.536438594383541
138,2023,33656000,Peru,17961927,0.5336916745899691
139,2008,27858000,Venezuela,14846658,0.53294055567521
139,2009,28250000,Venezuela,15071326,0.5334982654867256
139,2010,28627000,Venezuela,15299837,0.5344547804520208
139,2011,28999000,Venezuela,15531917,0.5356018138556502
139,2012,29371000,Venezuela,15541936,0.5291592387048449
139,2013,29737000,Venezuela,15770649,0.5303375928977369
139,2014,30088000,Venezuela,15998097,0.5317102166976868
139,2015,30420000,Venezuela,16223371,0.5333126561472715
139,2016,30728000,Venezuela,16982070,0.5526578365009113
139,2017,30804000,Venezuela,17345611,0.5630960589533827
139,2018,30327000,Venezuela,17560990,0.5790546377815148
139,2019,29288000,Venezuela,15693102,0.5358201993990713
139,2020,28588000,Venezuela,15598203,0.545620645025885
139,2021,28300000,Venezuela,15839671,0.5597056890459364
139,2022,28175000,Venezuela,16230407,0.5760570363797693
139,2023,28251000,Venezuela,16572471,0.5866153764468515
140,2008,810000,Guadeloupe and Martinique,855216,1
140,2009,809000,Guadeloupe and Martinique,825788,1
140,2010,808000,Guadeloupe and Martinique,827167,1
140,2011,805000,Guadeloupe and Martinique,869168,1
140,2012,802000,Guadeloupe and Martinique,807434,1
140,2013,799000,Guadeloupe and Martinique,811382,1
140,2014,796000,Guadeloupe and Martinique,815164,1
140,2015,792000,Guadeloupe and Martinique,780406,0.9853611111111111
140,2016,784000,Guadeloupe and Martinique,783716,0.9996377551020408
140,2017,783000,Guadeloupe and Martinique,786878,1
140,2018,785000,Guadeloupe and Martinique,760812,0.9691872611464968
140,2019,773000,Guadeloupe and Martinique,763603,0.9878434670116429
140,2020,767000,Guadeloupe and Martinique,745693,0.9722203389830508
140,2021,761000,Guadeloupe and Martinique,748287,0.9832943495400789
140,2022,743000,Guadeloupe and Martinique,728557,0.9805612382234186
140,2023,724000,Guadeloupe and Martinique,727816,1
141,2008,48000,Faeroe Islands,48668,1
141,2009,49000,Faeroe Islands,48856,0.997061224489796
141,2010,48000,Faeroe Islands,49035,1
141,2011,48000,Faeroe Islands,49267,1
141,2012,48000,Faeroe Islands,49483,1
141,2013,48000,Faeroe Islands,49709,1
141,2014,48000,Faeroe Islands,49947,1
141,2015,49000,Faeroe Islands,50196,1
141,2016,49000,Faeroe Islands,50456,1
141,2017,50000,Faeroe Islands,50730,1
141,2018,51000,Faeroe Islands,51018,1
141,2019,51000,Faeroe Islands,51319,1
141,2020,52000,Faeroe Islands,51628,0.9928461538461538
141,2021,53000,Faeroe Islands,51943,0.98005660377358494
141,2022,54000,Faeroe Islands,52269,0.9679444444444445
141,2023,54000,Faeroe Islands,52600,0.9740740740740741
143,2008,316000,Iceland,304162,0.9625379746835443
143,2009,319000,Iceland,306495,0.9607993730407524
143,2010,318000,Iceland,308633,0.9705440251572327
143,2011,319000,Iceland,310886,0.974564263322884
143,2012,320000,Iceland,313144,0.978575
143,2013,322000,Iceland,315088,0.9785341614906833
143,2014,326000,Iceland,317158,0.972877300613497
143,2015,329000,Iceland,331695,1
143,2016,333000,Iceland,335665,1
143,2017,338000,Iceland,339395,1
143,2018,349000,Iceland,342956,0.9826819484240688
143,2019,357000,Iceland,346672,0.9710700280112045
143,2020,364000,Iceland,350233,0.9621785714285714
143,2021,369000,Iceland,353734,0.9586287262872629
143,2022,376000,Iceland,357117,0.949779255319149
143,2023,384000,Iceland,360426,0.938609375
145,2008,57000,Greenland,57559,1
145,2009,57000,Greenland,57600,1
145,2010,56000,Greenland,57637,1
145,2011,57000,Greenland,57670,1
145,2012,57000,Greenland,57695,1
145,2013,57000,Greenland,57714,1
145,2014,56000,Greenland,57728,1
145,2015,56000,Greenland,57733,1
145,2016,56000,Greenland,57728,1
145,2017,56000,Greenland,57718,1
145,2018,56000,Greenland,57691,1
145,2019,56000,Greenland,57660,1
145,2020,56000,Greenland,57616,1
145,2021,56000,Greenland,57799,1
145,2022,56000,Greenland,57792,1
145,2023,56000,Greenland,57777,1
147,2008,268000,French Polynesia,283019,1
147,2009,269000,French Polynesia,287032,1
147,2010,270000,French Polynesia,291000,1
147,2011,271000,French Polynesia,271687,1
147,2012,272000,French Polynesia,274512,1
147,2013,274000,French Polynesia,277293,1
147,2014,276000,French Polynesia,280026,1
147,2015,277000,French Polynesia,282703,1
147,2016,279000,French Polynesia,285321,1
147,2017,280000,French Polynesia,287881,1
147,2018,280000,French Polynesia,290373,1
147,2019,279000,French Polynesia,292789,1
147,2020,279000,French Polynesia,295121,1
147,2021,280000,French Polynesia,297154,1
147,2022,280000,French Polynesia,299356,1
147,2023,281000,French Polynesia,301488,1
151,2008,56000,American Samoa,64827,1
151,2009,56000,American Samoa,65628,1
151,2010,55000,American Samoa,66433,1
151,2011,55000,American Samoa,67242,1
151,2012,55000,American Samoa,54947,0.9990363636363636
151,2013,54000,American Samoa,54719,1
151,2014,54000,American Samoa,54517,1
151,2015,53000,American Samoa,54342,1
151,2016,53000,American Samoa,54195,1
151,2017,52000,American Samoa,51504,0.9904615384615385
151,2018,51000,American Samoa,50826,0.9965882352941177
151,2019,51000,American Samoa,50135,0.9830392156862745
151,2020,50000,American Samoa,47392,0.94784
151,2021,50000,American Samoa,46366,0.92732
151,2022,49000,American Samoa,45443,0.9274081632653062
151,2023,48000,American Samoa,44620,0.9295833333333333
152,2008,189000,Samoa,217083,1
152,2009,191000,Samoa,219998,1
152,2010,192000,Samoa,192001,1
152,2011,194000,Samoa,193161,0.9956752577319588
152,2012,196000,Samoa,194320,0.9914285714285714
152,2013,197000,Samoa,195476,0.992263959390863
152,2014,199000,Samoa,196628,0.9880804020100502
152,2015,201000,Samoa,197774,0.983950248756219
152,2016,203000,Samoa,198926,0.9799310344827586
152,2017,204000,Samoa,200108,0.980921568627451
152,2018,206000,Samoa,201316,0.9772621359223301
152,2019,209000,Samoa,202541,0.9690956937799043
152,2020,211000,Samoa,203774,0.9657535545023697
152,2021,213000,Samoa,204898,0.961962441314554
152,2022,215000,Samoa,206179,0.9589720930232558
152,2023,216000,Samoa,207501,0.9606527777777778
153,2008,16000,Cook Islands,12271,0.7669375
153,2009,16000,Cook Islands,11870,0.741875
153,2010,17000,Cook Islands,11488,0.6757647058823529
153,2011,17000,Cook Islands,11124,0.6543529411764706
153,2012,18000,Cook Islands,10777,0.5987222222222223
153,2013,18000,Cook Islands,10447,0.5803888888888888
153,2014,18000,Cook Islands,10134,0.563
153,2015,17000,Cook Islands,9838,0.5787058823529412
153,2016,17000,Cook Islands,9556,0.5621176470588235
153,2017,17000,Cook Islands,9291,0.5465294117647059
153,2018,17000,Cook Islands,9038,0.5316470588235294
153,2019,16000,Cook Islands,8799,0.5499375
153,2020,16000,Cook Islands,8574,0.535875
153,2021,15000,Cook Islands,8327,0.5551333333333334
153,2022,15000,Cook Islands,8128,0.5418666666666667
153,2023,14000,Cook Islands,7939,0.5670714285714286
154,2008,2000,Niue,1444,0.722
154,2009,2000,Niue,1398,0.699
154,2010,2000,Niue,1354,0.677
154,2011,2000,Niue,1311,0.6555
154,2012,2000,Niue,1269,0.6345
154,2013,2000,Niue,1229,0.6145
154,2014,2000,Niue,1190,0.595
154,2015,2000,Niue,1190,0.595
154,2016,2000,Niue,1190,0.595
154,2017,2000,Niue,1626,0.813
154,2018,2000,Niue,1618,0.809
154,2019,2000,Niue,2000,1
154,2020,2000,Niue,2000,1
154,2021,2000,Niue,2000,1
154,2022,2000,Niue,1700,0.85
154,2023,2000,Niue,1700,0.85
155,2008,107000,Tonga,119009,1
155,2009,107000,Tonga,120898,1
155,2010,107000,Tonga,122580,1
155,2011,108000,Tonga,105916,0.9807037037037037
155,2012,108000,Tonga,106146,0.9828333333333333
155,2013,107000,Tonga,106322,0.9936635514018691
155,2014,107000,Tonga,106440,0.994766355140187
155,2015,106000,Tonga,106501,1
155,2016,106000,Tonga,106513,1
155,2017,105000,Tonga,106479,1
155,2018,105000,Tonga,106398,1
155,2019,106000,Tonga,106270,1
155,2020,106000,Tonga,106095,1
155,2021,106000,Tonga,105780,0.9979245283018868
155,2022,105000,Tonga,105517,1
155,2023,105000,Tonga,105221,1
156,2008,2000,Tokelau,1433,0.7165
156,2009,2000,Tokelau,1416,0.708
156,2010,2000,Tokelau,1400,0.7
156,2011,2000,Tokelau,1384,0.692
156,2012,2000,Tokelau,1368,0.684
156,2013,2000,Tokelau,1353,0.6765
156,2014,2000,Tokelau,1337,0.6685
156,2015,2000,Tokelau,1337,0.6685
156,2016,2000,Tokelau,1337,0.6685
156,2017,2000,Tokelau,1285,0.6425
156,2018,2000,Tokelau,1285,0.6425
156,2019,2000,Tokelau,1647,0.8235
156,2020,2000,Tokelau,1647,0.8235
156,2021,2000,Tokelau,1647,0.8235
156,2022,2000,Tokelau,1647,0.8235
156,2023,2000,Tokelau,1647,0.8235
161,2008,14000,Wallis and Futuna,15237,1
161,2009,14000,Wallis and Futuna,15289,1
161,2010,13000,Wallis and Futuna,15343,1
161,2011,13000,Wallis and Futuna,15398,1
161,2012,13000,Wallis and Futuna,15453,1
161,2013,13000,Wallis and Futuna,15507,1
161,2014,12000,Wallis and Futuna,15561,1
161,2015,12000,Wallis and Futuna,15613,1
161,2016,12000,Wallis and Futuna,15664,1
161,2017,12000,Wallis and Futuna,15714,1
161,2018,12000,Wallis and Futuna,15763,1
161,2019,12000,Wallis and Futuna,15809,1
161,2020,12000,Wallis and Futuna,15854,1
161,2021,12000,Wallis and Futuna,15851,1
161,2022,12000,Wallis and Futuna,15891,1
161,2023,11000,Wallis and Futuna,15929,1
162,2008,4242000,New Zealand,4017351,0.9470417256011315
162,2009,4281000,New Zealand,4057322,0.9477509927587012
162,2010,4327000,New Zealand,4094277,0.946216085047377
162,2011,4368000,New Zealand,4131459,0.9458468406593407
162,2012,4397000,New Zealand,4167944,0.9479062997498294
162,2013,4426000,New Zealand,4211338,0.9514997740623587
162,2014,4481000,New Zealand,4246865,0.9477493862977014
162,2015,4565000,New Zealand,4284305,0.9385115005476451
162,2016,4663000,New Zealand,4319201,0.9262708556723139
162,2017,4766000,New Zealand,4352789,0.9133002517834662
162,2018,4859000,New Zealand,4389091,0.9032910063799136
162,2019,4942000,New Zealand,4687593,0.9485214488061513
162,2020,5037000,New Zealand,4754334,0.943882072662299
162,2021,5103000,New Zealand,4817202,0.9439941211052322
162,2022,5112000,New Zealand,4867780,0.9522261345852895
162,2023,5151000,New Zealand,4922990,0.9557348087749952
163,2008,303421000,United States,100795121,0.33219559951354716
163,2009,306520000,United States,103204523,0.33669751729087827
163,2010,309527000,United States,102817484,0.33217613972286747
163,2011,312598000,United States,103765152,0.3319443886397226
163,2012,315612000,United States,104187414,0.33011233413178204
163,2013,318619000,United States,104809850,0.32895040785389446
163,2014,321603000,United States,105987351,0.3295595843322357
163,2015,324628000,United States,106998225,0.329602575871459
163,2016,327625000,United States,108195201,0.3302409797787104
163,2017,330734000,United States,109538921,0.33119945636070075
163,2018,333675000,United States,109890163,0.32933292275417697
163,2019,336438000,United States,110024814,0.32702849856437144
163,2020,339142000,United States,110201327,0.32494154955741256
163,2021,339730000,United States,110931439,0.32652824007299913
163,2022,340593000,United States,112168032,0.3293315834441694
163,2023,342475000,United States,112938757,0.3297722665888021
164,2008,300000,Belize,247836,0.82612
164,2009,308000,Belize,253618,0.8234350649350649
164,2010,317000,Belize,256933,0.8105141955835962
164,2011,324000,Belize,263323,0.8127253086419753
164,2012,331000,Belize,265338,0.8016253776435045
164,2013,338000,Belize,271128,0.8021538461538461
164,2014,345000,Belize,273663,0.7932260869565217
164,2015,353000,Belize,277393,0.7858158640226629
164,2016,360000,Belize,282777,0.7854916666666667
164,2017,369000,Belize,286895,0.7774932249322494
164,2018,377000,Belize,306516,0.8130397877984085
164,2019,383000,Belize,311676,0.8137754569190601
164,2020,388000,Belize,321286,0.8280567010309279
164,2021,393000,Belize,325910,0.8292875318066157
164,2022,397000,Belize,331570,0.8351889168765743
164,2023,408000,Belize,329432,0.8074313725490196
166,2008,2720000,Jamaica,2804332,1
166,2009,2731000,Jamaica,2825928,1
166,2010,2743000,Jamaica,2847232,1
166,2011,2754000,Jamaica,2868380,1
166,2012,2767000,Jamaica,2889187,1
166,2013,2778000,Jamaica,2909714,1
166,2014,2789000,Jamaica,2930050,1
166,2015,2798000,Jamaica,2950210,1
166,2016,2807000,Jamaica,2970340,1
166,2017,2813000,Jamaica,2990561,1
166,2018,2818000,Jamaica,2812090,0.997902767920511
166,2019,2822000,Jamaica,2810520,0.9959319631467045
166,2020,2825000,Jamaica,2808570,0.9941840707964602
166,2021,2837000,Jamaica,2816602,0.9928100105745505
166,2022,2839000,Jamaica,2818596,0.9928129623106727
166,2023,2840000,Jamaica,2820982,0.9933035211267606
167,2008,756000,Guyana,638526,0.8446111111111111
167,2009,753000,Guyana,624018,0.8287091633466136
167,2010,751000,Guyana,622431,0.8288029294274301
167,2011,748000,Guyana,620452,0.8294812834224599
167,2012,745000,Guyana,619582,0.8316536912751678
167,2013,748000,Guyana,614076,0.8209572192513369
167,2014,752000,Guyana,605920,0.8057446808510639
167,2015,756000,Guyana,605654,0.8011296296296296
167,2016,761000,Guyana,605855,0.7961300919842312
167,2017,766000,Guyana,607618,0.7932349869451697
167,2018,771000,Guyana,610567,0.7919156939040207
167,2019,812000,Guyana,614432,0.7566896551724138
167,2020,803000,Guyana,629827,0.7843424657534247
167,2021,812000,Guyana,665989,0.8201834975369459
167,2022,819000,Guyana,670388,0.8185445665445665
167,2023,824000,Guyana,672519,0.8161638349514563
168,2008,534000,Suriname,433010,0.810880149812734
168,2009,540000,Suriname,437348,0.8099037037037037
168,2010,547000,Suriname,439969,0.8043308957952467
168,2011,553000,Suriname,498478,0.9014068716094032
168,2012,559000,Suriname,504976,0.903355992844365
168,2013,566000,Suriname,509972,0.9010106007067138
168,2014,572000,Suriname,514153,0.8988688811188811
168,2015,579000,Suriname,519512,0.8972573402417962
168,2016,585000,Suriname,525544,0.898365811965812
168,2017,591000,Suriname,530482,0.897600676818951
168,2018,597000,Suriname,536335,0.8983835845896148
168,2019,602000,Suriname,540995,0.8986627906976744
168,2020,609000,Suriname,545862,0.8963251231527094
168,2021,615000,Suriname,550254,0.8947219512195121
168,2022,620000,Suriname,565562,0.9121967741935484
168,2023,626000,Suriname,571944,0.9136485623003194
169,2008,223000,French Guiana,151297,0.6784618834080718
169,2009,229000,French Guiana,151860,0.6631441048034934
169,2010,232000,French Guiana,153349,0.6609870689655173
169,2011,237000,French Guiana,154212,0.6506835443037975
169,2012,242000,French Guiana,202122,0.8352148760330579
169,2013,249000,French Guiana,202434,0.8129879518072289
169,2014,257000,French Guiana,203755,0.7928210116731518
169,2015,264000,French Guiana,222058,0.8411287878787879
169,2016,269000,French Guiana,224703,0.8353271375464684
169,2017,274000,French Guiana,220098,0.8032773722627737
169,2018,279000,French Guiana,244757,0.8772652329749104
169,2019,283000,French Guiana,246109,0.8696431095406361
169,2020,288000,French Guiana,245910,0.8538541666666667
169,2021,290000,French Guiana,247043,0.8518724137931034
169,2022,296000,French Guiana,256876,0.8678243243243243
169,2023,301000,French Guiana,256607,0.852514950166113
171,2008,189484000,Brazil,64048411,0.33801487724557217
171,2009,191251000,Brazil,64830957,0.3389836236150399
171,2010,192909000,Brazil,65602805,0.3400712512117112
171,2011,194495000,Brazil,68206743,0.35068635697575773
171,2012,196075000,Brazil,66830678,0.3408424225423945
171,2013,197678000,Brazil,67396503,0.3409408381306974
171,2014,199279000,Brazil,67949903,0.3409787433698483
171,2015,200891000,Brazil,68489013,0.34092623860700577
171,2016,202460000,Brazil,69019353,0.3409036501037242
171,2017,203976000,Brazil,69540077,0.34092283896144643
171,2018,205431000,Brazil,70054315,0.3410114101571817
171,2019,206784000,Brazil,70803008,0.34240080470442585
171,2020,208127000,Brazil,72155754,0.3466909819485218
171,2021,209195000,Brazil,72744662,0.3477361409211501
171,2022,209906000,Brazil,73383699,0.34960267453050414
171,2023,210707000,Brazil,73873624,0.3505988125691126
172,2008,40209000,Argentina,16681634,0.41487313785470914
172,2009,40639000,Argentina,16859785,0.4148671227146337
172,2010,41071000,Argentina,17057749,0.4153234398967641
172,2011,41507000,Argentina,17233957,0.41520603753583735
172,2012,41954000,Argentina,17425300,0.41534299470849023
172,2013,42369000,Argentina,18125713,0.4278060138308669
172,2014,42796000,Argentina,18303780,0.4276983830264511
172,2015,43252000,Argentina,18365708,0.4246210117451216
172,2016,43702000,Argentina,18563960,0.4247851356917304
172,2017,44099000,Argentina,18788171,0.4260452844735708
172,2018,44479000,Argentina,18951839,0.4260850963375975
172,2019,44831000,Argentina,19127652,0.42666128348687293
172,2020,45116000,Argentina,19296479,0.42770810798829684
172,2021,45268000,Argentina,19460186,0.4298883538040117
172,2022,45357000,Argentina,19241294,0.42421884163414686
172,2023,45459000,Argentina,19411515,0.42701148287467827
173,2008,3298000,Uruguay,2466065,0.7477456033959976
173,2009,3306000,Uruguay,2478254,0.7496231094978827
173,2010,3314000,Uruguay,2489489,0.7512036813518407
173,2011,3323000,Uruguay,2346640,0.706181161600963
173,2012,3331000,Uruguay,2376074,0.7133215250675473
173,2013,3340000,Uruguay,2382047,0.7131877245508982
173,2014,3351000,Uruguay,2388685,0.7128275141748732
173,2015,3362000,Uruguay,2394636,0.7122653182629387
173,2016,3374000,Uruguay,2401831,0.7118645524599881
173,2017,3385000,Uruguay,2410466,0.7121022156573117
173,2018,3392000,Uruguay,2437766,0.7186810141509434
173,2019,3397000,Uruguay,2445628,0.7199375919929349
173,2020,3398000,Uruguay,2452063,0.7216194820482636
173,2021,3400000,Uruguay,2461254,0.7238982352941177
173,2022,3393000,Uruguay,2469875,0.7279325081049219
173,2023,3389000,Uruguay,2486875,0.7338079079374447
174,2008,5300000,Finland,2997067,0.5654843396226416
174,2009,5326000,Finland,2998120,0.5629215170859933
174,2010,5351000,Finland,3005183,0.5616114744907494
174,2011,5375000,Finland,3008219,0.5596686511627907
174,2012,5401000,Finland,3080038,0.5702718015182373
174,2013,5427000,Finland,3082044,0.5679093421779989
174,2014,5451000,Finland,3083971,0.5657624289121262
174,2015,5472000,Finland,3205828,0.5858603801169591
174,2016,5487000,Finland,3218230,0.5865190450154911
174,2017,5503000,Finland,3220798,0.5852803925131747
174,2018,5513000,Finland,3283874,0.5956600761835661
174,2019,5518000,Finland,3293811,0.5969211670895251
174,2020,5525000,Finland,3303089,0.5978441628959276
174,2021,5534000,Finland,3342067,0.6039152511745572
174,2022,5548000,Finland,3366884,0.6068644556596972
174,2023,5590000,Finland,3374475,0.6036627906976744
175,2008,5476000,Denmark,5276161,0.9635063915266618
175,2009,5512000,Denmark,5291005,0.9599065674891146
175,2010,5535000,Denmark,5304261,0.9583127371273713
175,2011,5561000,Denmark,5319074,0.9564959539651142
175,2012,5581000,Denmark,5333088,0.955579286866153
175,2013,5603000,Denmark,5344979,0.9539494913439229
175,2014,5628000,Denmark,5356980,0.9518443496801706
175,2015,5660000,Denmark,5372562,0.9492159010600707
175,2016,5707000,Denmark,5384759,0.9435358331873138
175,2017,5749000,Denmark,5400158,0.9393212732649157
175,2018,5781000,Denmark,5597278,0.9682196851755751
175,2019,5806000,Denmark,5629090,0.9695297967619704
175,2020,5823000,Denmark,5656806,0.9714590417310665
175,2021,5840000,Denmark,5684009,0.9732892123287671
175,2022,5873000,Denmark,5714116,0.9729467052613656
175,2023,5932000,Denmark,5740860,0.9677781523937964
176,2008,81209000,Germany,7953582,0.09793966186013865
176,2009,81012000,Germany,7952846,0.09816874043351602
176,2010,80858000,Germany,7945240,0.09826164386949962
176,2011,80803000,Germany,7867393,0.09736511020630421
176,2012,80912000,Germany,7893131,0.09755204419616373
176,2013,80920000,Germany,7874735,0.09731506426099852
176,2014,81163000,Germany,7859974,0.09684183679755554
176,2015,81589000,Germany,7840489,0.09609737832305826
176,2016,82566000,Germany,7826999,0.09479687764939564
176,2017,82955000,Germany,7813268,0.09418682418178531
176,2018,83253000,Germany,7800698,0.09369870154829256
176,2019,83484000,Germany,7780908,0.09320238608595659
176,2020,83635000,Germany,7750285,0.09266796197764093
176,2021,83623000,Germany,7723149,0.09235675591643447
176,2022,83772000,Germany,8180932,0.09765711693644655
176,2023,84401000,Germany,8174086,0.09684821269890168
177,2008,16556000,Netherlands,11629497,0.7024339816380768
177,2009,16638000,Netherlands,11679106,0.7019537203990864
177,2010,16730000,Netherlands,11762226,0.7030619246861924
177,2011,16813000,Netherlands,11728491,0.6975846666270148
177,2012,16889000,Netherlands,11795850,0.6984338918822902
177,2013,16941000,Netherlands,11875874,0.701013753615489
177,2014,16993000,Netherlands,11927318,0.7018959571588301
177,2015,17067000,Netherlands,11977098,0.7017693795043065
177,2016,17148000,Netherlands,12025575,0.7012814905528342
177,2017,17262000,Netherlands,12068721,0.6991496350364963
177,2018,17369000,Netherlands,12131928,0.6984816627324544
177,2019,17473000,Netherlands,12160121,0.6959377897327305
177,2020,17602000,Netherlands,12205758,0.6934301783888195
177,2021,17672000,Netherlands,12246903,0.6930117134449978
177,2022,17789000,Netherlands,12387086,0.6963340266456799
177,2023,18019000,Netherlands,12596053,0.6990428436650202
178,2008,38002000,Poland,3361528,0.08845660754697121
178,2009,37990000,Poland,3358643,0.08840860752829692
178,2010,38014000,Poland,3358774,0.08835623717577734
178,2011,38177000,Poland,3356601,0.08792207349975116
178,2012,38241000,Poland,3414307,0.08928393608953741
178,2013,38255000,Poland,3410447,0.08915035943013985
178,2014,38264000,Poland,3407324,0.0890477733639975
178,2015,38267000,Poland,3425289,0.08951025687929548
178,2016,38266000,Poland,3440867,0.08991969372288716
178,2017,38261000,Poland,3435803,0.08979909045764617
178,2018,38249000,Poland,3442906,0.09001296765928521
178,2019,38233000,Poland,3437242,0.08990249261109513
178,2020,38219000,Poland,3430678,0.0897636777519035
178,2021,38123000,Poland,3421122,0.08973905516354956
178,2022,37958000,Poland,3457758,0.09109431476895516
178,2023,38814000,Poland,3605875,0.09290140155613953
179,2008,62610000,France,15872703,0.2535170579779588
179,2009,62951000,France,15962767,0.2535744785626916
179,2010,63262000,France,16013321,0.2531270114760836
179,2011,63573000,France,16092038,0.2531269249524169
179,2012,63895000,France,16484385,0.2579917833946318
179,2013,64222000,France,16569020,0.25799601382703746
179,2014,64553000,France,16644789,0.25784687001378714
179,2015,64832000,France,16744372,0.25827326011846
179,2016,65001000,France,16815915,0.2587024045783911
179,2017,65173000,France,16790882,0.25763555460083165
179,2018,65397000,France,17084544,0.26124354328180194
179,2019,65642000,France,17149326,0.2612553852716249
179,2020,65817000,France,17287390,0.2626584317121716
179,2021,65994000,France,17352423,0.26293940358214385
179,2022,66173000,France,17556106,0.2653061822797818
179,2023,66381000,France,17520103,0.2639324957442642
180,2008,61789000,United Kingdom,42107834,0.681477835860752
180,2009,62266000,United Kingdom,42232673,0.6782621816079402
180,2010,62747000,United Kingdom,43180512,0.6881685498908314
180,2011,63266000,United Kingdom,43427109,0.6864209686087314
180,2012,63753000,United Kingdom,43620868,0.6842167113704453
180,2013,64168000,United Kingdom,43860742,0.683529827951627
180,2014,64610000,United Kingdom,44100024,0.6825572511995047
180,2015,65122000,United Kingdom,44337839,0.6808427106047111
180,2016,65643000,United Kingdom,44574648,0.6790464786801335
180,2017,66144000,United Kingdom,44746173,0.6764963261973875
180,2018,66565000,United Kingdom,44965423,0.6755115000375572
180,2019,66940000,United Kingdom,45194754,0.6751531819539887
180,2020,67282000,United Kingdom,45419374,0.6750598079724146
180,2021,67422000,United Kingdom,45621440,0.6766550977425766
180,2022,67916000,United Kingdom,46839889,0.6896738471052477
180,2023,68443000,United Kingdom,46831971,0.6842477828265856
181,2008,4453000,Ireland,3505950,0.7873231529306086
181,2009,4519000,Ireland,3545164,0.7845018809471122
181,2010,4549000,Ireland,3922521,0.8622820400087932
181,2011,4570000,Ireland,3947953,0.863884682713348
181,2012,4590000,Ireland,4016887,0.875138779956427
181,2013,4611000,Ireland,4063696,0.8813047061374973
181,2014,4639000,Ireland,4112109,0.8864214270316879
181,2015,4678000,Ireland,4162826,0.889873022659256
181,2016,4727000,Ireland,4216920,0.8920922360905437
181,2017,4780000,Ireland,4264793,0.8922161087866108
181,2018,4841000,Ireland,4313508,0.8910365626936584
181,2019,4904000,Ireland,4360731,0.8892192088091354
181,2020,4963000,Ireland,4408020,0.8881765061454765
181,2021,5003000,Ireland,4453535,0.8901728962622426
181,2022,5054000,Ireland,4499130,0.890211713494262
181,2023,5166000,Ireland,4421119,0.8558108788230739
182,2008,45954000,Spain,20753029,0.45160440875658264
182,2009,46516000,Spain,20769810,0.44650894315934303
182,2010,46755000,Spain,23832245,0.5097261255480697
182,2011,46926000,Spain,23990147,0.5112335805310488
182,2012,47070000,Spain,24408824,0.5185643509666454
182,2013,46967000,Spain,24579787,0.5233416441331148
182,2014,46754000,Spain,24768574,0.52976374213971
182,2015,46687000,Spain,25013368,0.5357673013901086
182,2016,46681000,Spain,25237979,0.5406477796105482
182,2017,46785000,Spain,25456823,0.5441236079940152
182,2018,46952000,Spain,25732323,0.5480559507582211
182,2019,47233000,Spain,25864780,0.5475997713463044
182,2020,47637000,Spain,26037266,0.5465765266494531
182,2021,47722000,Spain,24606594,0.5156236955701773
182,2022,47749000,Spain,24660651,0.5164642400887977
182,2023,47907000,Spain,24693438,0.5154453002692717
183,2008,10558000,Portugal,8071502,0.7644915703731767
183,2009,10570000,Portugal,8095713,0.7659141911069063
183,2010,10583000,Portugal,8116499,0.7669374468487197
183,2011,10575000,Portugal,8134684,0.7692372576832152
183,2012,10539000,Portugal,8310747,0.7885707372615998
183,2013,10487000,Portugal,8324145,0.7937584628587775
183,2014,10430000,Portugal,8336004,0.7992333652924257
183,2015,10383000,Portugal,8344220,0.8036424925358759
183,2016,10358000,Portugal,8351563,0.8062910793589496
183,2017,10335000,Portugal,8360399,0.808940396710208
183,2018,10327000,Portugal,8071587,0.7816003679674639
183,2019,10324000,Portugal,8050589,0.7797935877566835
183,2020,10362000,Portugal,8057903,0.7776397413626713
183,2021,10379000,Portugal,8029538,0.7736331053087966
183,2022,10403000,Portugal,8056458,0.7744360280688263
183,2023,10431000,Portugal,8041656,0.7709381650848433
184,2008,59353000,Italy,35118413,0.5916872441157145
184,2009,59771000,Italy,35106190,0.5873448662394807
184,2010,60037000,Italy,34725500,0.5784016523144061
184,2011,60291000,Italy,36479973,0.6050649848236055
184,2012,60445000,Italy,36600890,0.6055238646703615
184,2013,60618000,Italy,36731597,0.6059519779603418
184,2014,60689000,Italy,36848837,0.6071748916607622
184,2015,60639000,Italy,36955951,0.6094419597948515
184,2016,60512000,Italy,37047347,0.6122314086462189
184,2017,60445000,Italy,37128326,0.6142497477045248
184,2018,60336000,Italy,37193807,0.6164446930522408
184,2019,60219000,Italy,37248013,0.6185425364087747
184,2020,60041000,Italy,37060388,0.6172513449143086
184,2021,59784000,Italy,37053733,0.6197934731700789
184,2022,59674000,Italy,36285191,0.6080569594798405
184,2023,59564000,Italy,36242727,0.608466976697334
185,2008,32000,Monaco,43578,1
185,2009,32000,Monaco,43833,1
185,2010,33000,Monaco,41638,1
185,2011,34000,Monaco,41655,1
185,2012,34000,Monaco,41822,1
185,2013,35000,Monaco,42055,1
185,2014,36000,Monaco,42107,1
185,2015,36000,Monaco,42228,1
185,2016,37000,Monaco,42274,1
185,2017,37000,Monaco,41662,1
185,2018,38000,Monaco,41546,1
185,2019,38000,Monaco,41662,1
185,2020,38000,Monaco,49886,1
185,2021,38000,Monaco,42131,1
185,2022,39000,Monaco,43206,1
185,2023,39000,Monaco,44218,1
186,2008,633000,Montenegro,452025,0.7140995260663507
186,2009,633000,Montenegro,448143,0.7079668246445497
186,2010,632000,Montenegro,444414,0.7031867088607595
186,2011,632000,Montenegro,441217,0.698128164556962
186,2012,633000,Montenegro,466997,0.7377519747235387
186,2013,634000,Montenegro,464250,0.7322555205047319
186,2014,633000,Montenegro,460751,0.7278846761453397
186,2015,630000,Montenegro,458301,0.7274619047619048
186,2016,626000,Montenegro,465510,0.7436261980830671
186,2017,622000,Montenegro,462921,0.7442459807073954
186,2018,618000,Montenegro,444008,0.7184595469255664
186,2019,614000,Montenegro,441797,0.7195390879478827
186,2020,610000,Montenegro,444998,0.7295049180327868
186,2021,606000,Montenegro,443141,0.7312557755775577
186,2022,602000,Montenegro,440480,0.7316943521594684
186,2023,628000,Montenegro,438685,0.6985429936305733
187,2008,4316000,Croatia,1464214,0.3392525486561631
187,2009,4314000,Croatia,1463528,0.3392508113120074
187,2010,4307000,Croatia,1464048,0.339922916182958
187,2011,4295000,Croatia,1462901,0.34060558789289874
187,2012,4267000,Croatia,1495390,0.35045465198031406
187,2013,4252000,Croatia,1494891,0.3515736124176858
187,2014,4233000,Croatia,1493117,0.3527325773682967
187,2015,4206000,Croatia,1491301,0.35456514503090825
187,2016,4162000,Croatia,1440977,0.34622224891878906
187,2017,4111000,Croatia,1434077,0.3488389686207735
187,2018,4047000,Croatia,1452500,0.3589078329626884
187,2019,4003000,Croatia,1445169,0.36102148388708466
187,2020,3970000,Croatia,1437891,0.3621891687657431
187,2021,3938000,Croatia,1431640,0.3635449466734383
187,2022,3911000,Croatia,1423600,0.3639989772436717
187,2023,3903000,Croatia,1449771,0.37145042275172946
188,2008,2022000,Slovenia,319586,0.15805440158259149
188,2009,2028000,Slovenia,319282,0.1574368836291913
188,2010,2043000,Slovenia,322944,0.1580734214390602
188,2011,2046000,Slovenia,322460,0.15760508308895405
188,2012,2051000,Slovenia,325169,0.15854168698196003
188,2013,2055000,Slovenia,324498,0.15790656934306568
188,2014,2058000,Slovenia,324238,0.1575500485908649
188,2015,2059000,Slovenia,322730,0.15674113647401652
188,2016,2061000,Slovenia,321823,0.15614895681707908
188,2017,2062000,Slovenia,319289,0.1548443258971872
188,2018,2063000,Slovenia,339144,0.1643936015511391
188,2019,2076000,Slovenia,339149,0.16336657032755297
188,2020,2091000,Slovenia,338919,0.16208464849354376
188,2021,2114000,Slovenia,338856,0.1602913907284768
188,2022,2113000,Slovenia,338686,0.16028679602460957
188,2023,2118000,Slovenia,629755,0.2973347497639282
189,2008,3213000,Lithuania,432679,0.1346651104886399
189,2009,3184000,Lithuania,431257,0.1354450376884422
189,2010,3142000,Lithuania,430254,0.13693634627625717
189,2011,3053000,Lithuania,429024,0.1405253848673436
189,2012,3004000,Lithuania,427931,0.14245372836218376
189,2013,2972000,Lithuania,430880,0.14497981157469716
189,2014,2944000,Lithuania,429665,0.14594599184782608
189,2015,2922000,Lithuania,353947,0.12113175906913073
189,2016,2889000,Lithuania,350095,0.12118206992038767
189,2017,2849000,Lithuania,346386,0.12158160758160758
189,2018,2810000,Lithuania,341255,0.12144306049822064
189,2019,2795000,Lithuania,343619,0.12294060822898033
189,2020,2795000,Lithuania,346068,0.12381681574239714
189,2021,2797000,Lithuania,343583,0.1228398283875581
189,2022,2792000,Lithuania,340284,0.121878223495702
189,2023,2841000,Lithuania,335945,0.11824885603660683
190,2008,1337000,Qatar,824293,0.6165243081525804
190,2009,1517000,Qatar,832948,0.5490758075148319
190,2010,1655000,Qatar,840590,0.5079093655589124
190,2011,1763000,Qatar,1848543,1
190,2012,1859000,Qatar,1950849,1
190,2013,1955000,Qatar,2041658,1
190,2014,2110000,Qatar,2122761,1
190,2015,2327000,Qatar,2194425,0.943027503223034
190,2016,2528000,Qatar,2257963,0.8931815664556962
190,2017,2671000,Qatar,2314002,0.8663429427180831
190,2018,2742000,Qatar,2363310,0.8618927789934354
190,2019,2780000,Qatar,2406614,0.8656884892086331
190,2020,2816000,Qatar,2443951,0.8678803267045454
190,2021,2791000,Qatar,2479749,0.8884804729487639
190,2022,2839000,Qatar,2507935,0.8833867558999647
190,2023,2946000,Qatar,2531842,0.8594168363883231
191,2008,75050000,Iran,3055492,0.040712751499000666
191,2009,75979000,Iran,3079968,0.04053709577646455
191,2010,76937000,Iran,3681368,0.04784912330868113
191,2011,77905000,Iran,3693319,0.04740798408317823
191,2012,78863000,Iran,3741822,0.04744711715253034
191,2013,79879000,Iran,3789613,0.04744191840158239
191,2014,80951000,Iran,3935517,0.04861603933243567
191,2015,82053000,Iran,3957917,0.04823610349408309
191,2016,83185000,Iran,3986040,0.047917773637073995
191,2017,84439000,Iran,4088479,0.048419320456187305
191,2018,85614000,Iran,4144407,0.04840805242133296
191,2019,86622000,Iran,4299497,0.04963516196809125
191,2020,87482000,Iran,4352054,0.04974799387302531
191,2021,87965000,Iran,4400117,0.05002122435059399
191,2022,88946000,Iran,4439625,0.04991371169023902
191,2023,90103000,Iran,4598125,0.05103187463236518
192,2008,28371000,Iraq,394837,0.013916922209298226
192,2009,29571000,Iraq,416271,0.014077001115958202
192,2010,30546000,Iraq,462156,0.015129836967197014
192,2011,31545000,Iraq,472699,0.014984910445395468
192,2012,32778000,Iraq,482991,0.0147352187442797
192,2013,34532000,Iraq,493799,0.014299750955635352
192,2014,36032000,Iraq,502011,0.013932365674955595
192,2015,37068000,Iraq,483537,0.013044593719650372
192,2016,38053000,Iraq,579265,0.015222584290331905
192,2017,38886000,Iraq,590917,0.015196137427351746
192,2018,39789000,Iraq,586574,0.014742114654804092
192,2019,40743000,Iraq,374164,0.00918351618682964
192,2020,41642000,Iraq,363364,0.008725901733826424
192,2021,42592000,Iraq,370323,0.008694660969196093
192,2022,43551000,Iraq,376394,0.008642602925305963
192,2023,44590000,Iraq,381362,0.008552635119982058
193,2008,1469000,Guinea Bissau,998943,0.6800156569094622
193,2009,1507000,Guinea Bissau,1019390,0.6764366290643663
193,2010,1546000,Guinea Bissau,1005901,0.6506474773609314
193,2011,1587000,Guinea Bissau,1029141,0.6484820415879017
193,2012,1629000,Guinea Bissau,1049688,0.6443756906077348
193,2013,1673000,Guinea Bissau,1068280,0.6385415421398685
193,2014,1719000,Guinea Bissau,1090226,0.6342210587550902
193,2015,1764000,Guinea Bissau,1114102,0.6315770975056689
193,2016,1809000,Guinea Bissau,1135914,0.6279237147595357
193,2017,1855000,Guinea Bissau,1157990,0.6242533692722372
193,2018,1900000,Guinea Bissau,1184442,0.6233905263157895
193,2019,1945000,Guinea Bissau,1214195,0.6242647814910026
193,2020,1991000,Guinea Bissau,1247565,0.6266022099447514
193,2021,2036000,Guinea Bissau,1279292,0.628335952848723
193,2022,2082000,Guinea Bissau,1312211,0.6302646493756003
193,2023,2129000,Guinea Bissau,1343861,0.6312170032879286
194,2008,9778000,Guinea,2423205,0.24782215176927797
194,2009,10020000,Guinea,2484749,0.24797894211576846
194,2010,10267000,Guinea,2541917,0.247581279828577
194,2011,10525000,Guinea,2605157,0.24752085510688837
194,2012,10789000,Guinea,2664927,0.24700407822782464
194,2013,11054000,Guinea,2740380,0.24790844943007057
194,2014,11330000,Guinea,3078964,0.2717532215357458
194,2015,11616000,Guinea,3211381,0.2764618629476584
194,2016,11918000,Guinea,3309728,0.27770834032555797
194,2017,12228000,Guinea,3451716,0.28227968596663394
194,2018,12543000,Guinea,3302453,0.2632905206091047
194,2019,12866000,Guinea,3398404,0.264138349137261
194,2020,13202000,Guinea,3494191,0.2646713376761097
194,2021,13540000,Guinea,3591788,0.26527237813884785
194,2022,13881000,Guinea,3692244,0.2659926518262373
194,2023,14229000,Guinea,3795644,0.2667540937521962
195,2008,21274000,Ivory Coast,5858259,0.2753717683557394
195,2009,21755000,Ivory Coast,6010373,0.27627547690186166
195,2010,22241000,Ivory Coast,6151358,0.2765774020952295
195,2011,22735000,Ivory Coast,6285795,0.2764809764680009
195,2012,23229000,Ivory Coast,6402650,0.27563175341168367
195,2013,23705000,Ivory Coast,6533767,0.2756282218941152
195,2014,24174000,Ivory Coast,6695734,0.27698080582443946
195,2015,24880000,Ivory Coast,6818030,0.27403657556270095
195,2016,25612000,Ivory Coast,6937149,0.2708554193346869
195,2017,26367000,Ivory Coast,7064744,0.26793886297265523
195,2018,27100000,Ivory Coast,7672075,0.2831023985239852
195,2019,27828000,Ivory Coast,7843089,0.28184163432514014
195,2020,28558000,Ivory Coast,8017232,0.280735065480776
195,2021,29273000,Ivory Coast,8193802,0.2799098828271786
195,2022,30006000,Ivory Coast,8374699,0.2791008131706992
195,2023,30784000,Ivory Coast,8561266,0.2781076533264033
196,2008,155395000,Nigeria,20305792,0.13067210656713538
196,2009,159795000,Nigeria,20649805,0.12922685315560561
196,2010,164304000,Nigeria,21061088,0.12818365955789268
196,2011,168981000,Nigeria,23007030,0.13615157917162285
196,2012,173778000,Nigeria,23676655,0.13624656170516405
196,2013,178624000,Nigeria,24196741,0.13546186962558224
196,2014,183475000,Nigeria,31895777,0.17384263251124132
196,2015,188318000,Nigeria,32731388,0.17380913136290743
196,2016,193025000,Nigeria,31577503,0.1635928144022795
196,2017,197862000,Nigeria,32314642,0.1633190910836846
196,2018,202647000,Nigeria,34487760,0.17018638321810833
196,2019,207230000,Nigeria,35370969,0.17068459682478407
196,2020,211741000,Nigeria,36269302,0.17129087895117148
196,2021,216252000,Nigeria,37190491,0.1719775585890535
196,2022,220807000,Nigeria,38140449,0.17273206465374738
196,2023,225495000,Nigeria,39127255,0.17351717332978558
197,2008,18308000,Cameroon,2637325,0.14405314616561066
197,2009,18840000,Cameroon,2684837,0.14250727176220807
197,2010,19388000,Cameroon,2742897,0.14147395296059417
197,2011,19948000,Cameroon,3239882,0.16241638259474633
197,2012,20516000,Cameroon,3303119,0.1610020959251316
197,2013,21103000,Cameroon,3434838,0.1627653888072786
197,2014,21702000,Cameroon,3865167,0.1781018800110589
197,2015,22418000,Cameroon,3974733,0.17730096351146402
197,2016,23109000,Cameroon,4132039,0.1788064823229045
197,2017,23799000,Cameroon,4252203,0.17867149880247069
197,2018,24458000,Cameroon,4362803,0.17837938506828033
197,2019,25155000,Cameroon,4593435,0.18260524746571258
197,2020,25857000,Cameroon,4713407,0.18228746567660595
197,2021,26564000,Cameroon,4849832,0.18257160066255082
197,2022,27268000,Cameroon,4986340,0.18286416312160775
197,2023,27998000,Cameroon,5105339,0.1823465604686049
198,2008,1581000,Gabon,817677,0.5171897533206831
198,2009,1633000,Gabon,833620,0.5104837721984078
198,2010,1690000,Gabon,849299,0.5025437869822486
198,2011,1750000,Gabon,867006,0.495432
198,2012,1814000,Gabon,886990,0.48896912899669237
198,2013,1880000,Gabon,904489,0.48111117021276595
198,2014,1946000,Gabon,922621,0.47411151079136693
198,2015,2011000,Gabon,939388,0.46712481352560914
198,2016,2071000,Gabon,1012629,0.4889565427329792
198,2017,2129000,Gabon,1032229,0.484842179426961
198,2018,2185000,Gabon,1232924,0.5642672768878718
198,2019,2240000,Gabon,1266307,0.565315625
198,2020,2295000,Gabon,1302003,0.567321568627451
198,2021,2350000,Gabon,1333381,0.567396170212766
198,2022,2404000,Gabon,1367114,0.5686830282861897
198,2023,2458000,Gabon,1400166,0.5696362896663955
199,2008,63410000,Democratic Republic of the Congo,306084,0.004827061977606056
199,2009,65372000,Democratic Republic of the Congo,316091,0.004835265863060638
199,2010,67453000,Democratic Republic of the Congo,325589,0.004826901694513217
199,2011,69674000,Democratic Republic of the Congo,327900,0.004706203174785429
199,2012,72025000,Democratic Republic of the Congo,321366,0.004461867407150295
199,2013,74484000,Democratic Republic of the Congo,329531,0.004424185059878631
199,2014,77095000,Democratic Republic of the Congo,338894,0.004395797392827031
199,2015,79712000,Democratic Republic of the Congo,347037,0.004353635588117222
199,2016,82359000,Democratic Republic of the Congo,355491,0.0043163588678832914
199,2017,85554000,Democratic Republic of the Congo,364241,0.0042574397456577135
199,2018,88613000,Democratic Republic of the Congo,372854,0.004207667046595872
199,2019,91482000,Democratic Republic of the Congo,430591,0.004706838503749372
199,2020,94413000,Democratic Republic of the Congo,438348,0.004642877569826189
199,2021,97567000,Democratic Republic of the Congo,452125,0.004633995100802525
199,2022,100731000,Democratic Republic of the Congo,466365,0.004629806117282664
199,2023,104063000,Democratic Republic of the Congo,480151,0.004614041494094923
200,2008,21170000,Angola,3200412,0.15117675956542276
200,2009,21987000,Angola,3268060,0.14863601218902078
200,2010,22842000,Angola,3334081,0.14596274406794502
200,2011,23747000,Angola,4518479,0.19027578220406788
200,2012,24690000,Angola,4642740,0.18804131227217497
200,2013,25665000,Angola,4794949,0.18682832651470874
200,2014,26666000,Angola,9461763,0.3548249831245781
200,2015,27656000,Angola,9711891,0.35116759473531967
200,2016,28660000,Angola,10661411,0.37199619678995116
200,2017,29706000,Angola,11485972,0.3866549518615768
200,2018,30764000,Angola,11957699,0.3886912950201534
200,2019,31831000,Angola,12438603,0.3907700983318149
200,2020,32921000,Angola,12827767,0.38965301783056405
200,2021,33982000,Angola,13288482,0.3910447295627097
200,2022,35083000,Angola,13538506,0.38589932445913977
200,2023,36187000,Angola,14176472,0.3917559344515986
202,2008,42011000,Tanzania,6180035,0.1471051629335174
202,2009,43130000,Tanzania,6307950,0.14625434732204962
202,2010,44138000,Tanzania,6442587,0.1459646336490099
202,2011,45379000,Tanzania,6573459,0.144856850084841
202,2012,46680000,Tanzania,7243186,0.15516679520137103
202,2013,48069000,Tanzania,8439310,0.17556658137261022
202,2014,49579000,Tanzania,8701641,0.17551061941547833
202,2015,51124000,Tanzania,8957988,0.17522079649479697
202,2016,52918000,Tanzania,9225150,0.1743291507615556
202,2017,54730000,Tanzania,9531284,0.1741509957975516
202,2018,56576000,Tanzania,9846052,0.174032310520362
202,2019,58298000,Tanzania,10119593,0.17358387937836633
202,2020,60051000,Tanzania,10398302,0.17315784916154603
202,2021,61894000,Tanzania,11026598,0.17815293889553108
202,2022,63767000,Tanzania,11102035,0.17410314112315148
202,2023,65657000,Tanzania,11414142,0.1738450127176082
203,2008,1199323000,India,161007471,0.1342486311027138
203,2009,1216539000,India,163071716,0.13404561300541948
203,2010,1234511000,India,165192746,0.13381229166852301
203,2011,1252452000,India,167586398,0.13380664328852523
203,2012,1269998000,India,162915319,0.1282799807558752
203,2013,1287351000,India,164905512,0.12809677547149145
203,2014,1304308000,India,167025371,0.12805669443106996
203,2015,1320247000,India,169121088,0.12809806649816285
203,2016,1335802000,India,171170660,0.12814074241541784
203,2017,1352086000,India,173163636,0.12807146586829535
203,2018,1367229000,India,173358933,0.12679582791178362
203,2019,1382090000,India,175272761,0.12681718339616088
203,2020,1395971000,India,177608939,0.12722967669099144
203,2021,1409264000,India,179558340,0.12741284812497872
203,2022,1419143000,India,186223784,0.13122270553425552
203,2023,1431703000,India,187484730,0.13095225057152216
204,2008,148756000,Bangladesh,27223871,0.18301023824249105
204,2009,150193000,Bangladesh,27545331,0.18339956589188577
204,2010,151555000,Bangladesh,27507139,0.18149938306225463
204,2011,152849000,Bangladesh,27927421,0.1827124874876512
204,2012,154333000,Bangladesh,27786017,0.18003937589498034
204,2013,155807000,Bangladesh,28227845,0.18117186647583228
204,2014,157257000,Bangladesh,28670585,0.18231674901594205
204,2015,158673000,Bangladesh,29132005,0.18359774504799178
204,2016,160093000,Bangladesh,26934780,0.16824458283622645
204,2017,161531000,Bangladesh,28055929,0.17368758318836633
204,2018,162842000,Bangladesh,28403006,0.17442064086660689
204,2019,164204000,Bangladesh,28687299,0.1747052386056369
204,2020,165622000,Bangladesh,29000333,0.17509952180265906
204,2021,166974000,Bangladesh,29237305,0.17510094385952304
204,2022,168343000,Bangladesh,30280297,0.179872623156294
204,2023,170427000,Bangladesh,30446219,0.1786466874380233
205,2008,48294000,Myanmar,14927206,0.30909028036609104
205,2009,48487000,Myanmar,15046734,0.31032511807288554
205,2010,48834000,Myanmar,16698557,0.34194530450096244
205,2011,49215000,Myanmar,16874375,0.3428705679162857
205,2012,49625000,Myanmar,17011811,0.34280727455919396
205,2013,50050000,Myanmar,17199064,0.3436376423576424
205,2014,50475000,Myanmar,16685817,0.3305758692421991
205,2015,50888000,Myanmar,16757803,0.3293075577739349
205,2016,51290000,Myanmar,16926914,0.33002366933125366
205,2017,51702000,Myanmar,15551643,0.30079383776256235
205,2018,52088000,Myanmar,15639611,0.3002536284748886
205,2019,52456000,Myanmar,15811054,0.30141554826902545
205,2020,52825000,Myanmar,16851902,0.31901376242309515
205,2021,53208000,Myanmar,16986049,0.3192386295293941
205,2022,53566000,Myanmar,17416727,0.32514518537878506
205,2023,53947000,Myanmar,17291870,0.32053441340575006
206,2008,27288000,Malaysia,22139868,0.8113408091468778
206,2009,27852000,Malaysia,22525473,0.8087560318828091
206,2010,28397000,Malaysia,24731313,0.8709128781209282
206,2011,28914000,Malaysia,25125351,0.8689683544303798
206,2012,29410000,Malaysia,25896118,0.880520843250595
206,2013,29916000,Malaysia,26289031,0.8787615657173419
206,2014,30432000,Malaysia,26699084,0.8773358307045216
206,2015,30960000,Malaysia,27087004,0.8749032299741603
206,2016,31506000,Malaysia,27471507,0.8719452485240906
206,2017,32074000,Malaysia,27901886,0.8699222423146474
206,2018,32638000,Malaysia,28345072,0.8684684110545989
206,2019,33184000,Malaysia,28774439,0.8671178580038573
206,2020,33697000,Malaysia,29154034,0.8651818856278007
206,2021,34082000,Malaysia,29933417,0.878276421571504
206,2022,34483000,Malaysia,30254299,0.8773685294202941
206,2023,34908000,Malaysia,30183990,0.8646725678927466
207,2008,84386000,Vietnam,45079644,0.5342076173772901
207,2009,85965000,Vietnam,45195932,0.5257480602570813
207,2010,86955000,Vietnam,44691451,0.5139606808119143
207,2011,87956000,Vietnam,45174476,0.513603119741689
207,2012,88981000,Vietnam,45131408,0.5072027511491217
207,2013,90040000,Vietnam,45604068,0.5064867614393603
207,2014,91106000,Vietnam,46073557,0.5057137510153008
207,2015,92253000,Vietnam,46525782,0.5043281194107508
207,2016,93394000,Vietnam,46233747,0.4950397991305651
207,2017,94606000,Vietnam,46657357,0.49317545398811913
207,2018,95747000,Vietnam,47076292,0.4916738070122301
207,2019,96727000,Vietnam,47526324,0.4913449605590993
207,2020,97620000,Vietnam,46957486,0.48102321245646384
207,2021,98538000,Vietnam,48893271,0.4961869634049808
207,2022,99332000,Vietnam,49293051,0.4962454294688519
207,2023,100029000,Vietnam,49741466,0.497270451569045
208,2008,4706000,Singapore,4608142,0.9792056948576285
208,2009,4908000,Singapore,4657516,0.9489641401792991
208,2010,5029000,Singapore,4700844,0.9347472658580235
208,2011,5125000,Singapore,5246759,1
208,2012,5240000,Singapore,5353468,1
208,2013,5347000,Singapore,5460489,1
208,2014,5424000,Singapore,5567493,1
208,2015,5492000,Singapore,5674665,1
208,2016,5559000,Singapore,5781922,1
208,2017,5597000,Singapore,5889050,1
208,2018,5611000,Singapore,5996219,1
208,2019,5657000,Singapore,6103194,1
208,2020,5682000,Singapore,6209924,1
208,2021,5559000,Singapore,5866414,1
208,2022,5534000,Singapore,5921675,1
208,2023,5766000,Singapore,5975860,1
209,2008,1337214000,China,234392560,0.17528425517531226
209,2009,1345541000,China,235906669,0.17532477196904442
209,2010,1354733000,China,234395158,0.1730194495889596
209,2011,1363719000,China,235613091,0.17277246338871866
209,2012,1372219000,China,263391583,0.19194573388067065
209,2013,1382400000,China,264645195,0.19143894314236112
209,2014,1391342000,China,265677434,0.19095048808991608
209,2015,1400420000,China,268058324,0.19141280758629553
209,2016,1407825000,China,269230367,0.19123851828174668
209,2017,1416364000,China,271186663,0.19146678608041437
209,2018,1424527000,China,272258544,0.19112206648241836
209,2019,1429751000,China,273222254,0.19109778835615432
209,2020,1433604000,China,273343222,0.19066856816805758
209,2021,1434955000,China,274111588,0.1910245185389089
209,2022,1434277000,China,276530105,0.19280104540475793
209,2023,1432422000,China,277153176,0.19348570183926245
210,2008,128129000,Japan,113037117,0.8822133708996402
210,2009,128183000,Japan,112851140,0.8803908474602716
210,2010,128202000,Japan,112603997,0.8783326079156332
210,2011,128169000,Japan,113276628,0.8838067551435995
210,2012,128024000,Japan,113186756,0.8841057614197338
210,2013,127832000,Japan,113003267,0.8839982711684086
210,2014,127615000,Japan,112869895,0.8844563335031148
210,2015,127358000,Japan,112706693,0.8849596648816721
210,2016,127193000,Japan,112513526,0.8845889789532443
210,2017,127127000,Japan,112282948,0.8832344663210805
210,2018,127003000,Japan,112025856,0.8820725179720164
210,2019,126824000,Japan,111745784,0.8811091276099161
210,2020,126575000,Japan,111646029,0.8820543472249655
210,2021,126034000,Japan,110915432,0.8800437342304458
210,2022,125324000,Japan,110768357,0.8838559015033034
210,2023,124671000,Japan,110322427,0.8849084951592592
212,2008,103000,Gilbert Islands (Kiribati),99804,0.9689708737864078
212,2009,105000,Gilbert Islands (Kiribati),102056,0.9719619047619048
212,2010,108000,Gilbert Islands (Kiribati),89745,0.8309722222222222
212,2011,110000,Gilbert Islands (Kiribati),91105,0.8282272727272727
212,2012,111000,Gilbert Islands (Kiribati),92826,0.8362702702702702
212,2013,113000,Gilbert Islands (Kiribati),93964,0.8315398230088495
212,2014,115000,Gilbert Islands (Kiribati),95092,0.8268869565217392
212,2015,116000,Gilbert Islands (Kiribati),96205,0.8293534482758621
212,2016,118000,Gilbert Islands (Kiribati),97310,0.8246610169491525
212,2017,119000,Gilbert Islands (Kiribati),98420,0.8270588235294117
212,2018,121000,Gilbert Islands (Kiribati),98937,0.8176611570247934
212,2019,123000,Gilbert Islands (Kiribati),100041,0.8133414634146341
212,2020,125000,Gilbert Islands (Kiribati),101135,0.80908
212,2021,127000,Gilbert Islands (Kiribati),102225,0.8049212598425197
212,2022,129000,Gilbert Islands (Kiribati),103300,0.8007751937984496
212,2023,132000,Gilbert Islands (Kiribati),104370,0.7906818181818182
214,2008,85064000,Egypt,16815466,0.19768017022477194
214,2009,86665000,Egypt,17043303,0.1966572780245774
214,2010,88338000,Egypt,17376625,0.196706117412665
214,2011,90054000,Egypt,17730430,0.1968866457903036
214,2012,92132000,Egypt,18082896,0.1962716102982677
214,2013,94190000,Egypt,18348983,0.1948081855823336
214,2014,96477000,Egypt,18754519,0.19439367932253282
214,2015,98580000,Egypt,19225301,0.19502232704402517
214,2016,100615000,Egypt,20937431,0.2080945286488098
214,2017,102675000,Egypt,21443038,0.2088438081324568
214,2018,104717000,Egypt,21445091,0.20479092219983383
214,2019,106647000,Egypt,21784233,0.20426484570592704
214,2020,108460000,Egypt,22260128,0.20523813387423936
214,2021,110171000,Egypt,22752321,0.20651823982717776
214,2022,111743000,Egypt,23037102,0.206161477676454
214,2023,113493000,Egypt,23137155,0.20386415902302343
215,2008,6902000,Jordan,900229,0.13043016516951608
215,2009,7078000,Jordan,925208,0.13071602147499295
215,2010,7206000,Jordan,943742,0.1309661393283375
215,2011,7388000,Jordan,939569,0.1271750135354629
215,2012,7572000,Jordan,970449,0.12816283676703644
215,2013,7602000,Jordan,993257,0.13065732701920546
215,2014,8382000,Jordan,1043405,0.12448162729658793
215,2015,9202000,Jordan,1062781,0.115494566398609
215,2016,9888000,Jordan,1038217,0.10499767394822007
215,2017,10125000,Jordan,1068409,0.10552187654320988
215,2018,10344000,Jordan,1131540,0.10939095127610209
215,2019,10581000,Jordan,1186342,0.11212002646252717
215,2020,10763000,Jordan,1204575,0.11191814549846697
215,2021,10968000,Jordan,1224577,0.11164998176513494
215,2022,11165000,Jordan,1260360,0.11288490819525303
215,2023,11347000,Jordan,1306745,0.1151621573984313
216,2008,238629000,Indonesia,179949344,0.7540967107937426
216,2009,241686000,Indonesia,182071341,0.7533383853429657
216,2010,244754000,Indonesia,184102436,0.7521937782426437
216,2011,247857000,Indonesia,186059161,0.7506713992342359
216,2012,251083000,Indonesia,188304960,0.7499709657762572
216,2013,254314000,Indonesia,190227150,0.7480010931368308
216,2014,257391000,Indonesia,191895550,0.7455410251329689
216,2015,260364000,Indonesia,193608214,0.7436059286230047
216,2016,263235000,Indonesia,195483086,0.7426181396850723
216,2017,266020000,Indonesia,197166729,0.7411725772498309
216,2018,268673000,Indonesia,198418027,0.7385112274028279
216,2019,271231000,Indonesia,199414210,0.7352190936876685
216,2020,273748000,Indonesia,200951958,0.734076442567617
216,2021,275882000,Indonesia,206137296,0.7471937132542174
216,2022,277635000,Indonesia,206554533,0.7439787238640662
216,2023,280026000,Indonesia,208114326,0.743196438902102
218,2008,33263000,Canada,6764187,0.2033546883925082
218,2009,33635000,Canada,6820041,0.2027661959268619
218,2010,34017000,Canada,6864049,0.2017829026663139
218,2011,34376000,Canada,6931212,0.201629392599488
218,2012,34735000,Canada,6941367,0.1998378292788254
218,2013,35110000,Canada,6995344,0.19924078610082596
218,2014,35476000,Canada,7049549,0.19871318637952418
218,2015,35792000,Canada,7103159,0.19845661041573537
218,2016,36132000,Canada,7201492,0.19931063876895827
218,2017,36574000,Canada,7254860,0.19836113085798654
218,2018,37043000,Canada,7305545,0.1972179629079718
218,2019,37547000,Canada,7468187,0.19890236237249315
218,2020,38018000,Canada,7528868,0.19803429954232205
218,2021,38325000,Canada,7578653,0.19774697977821265
218,2022,38583000,Canada,7636780,0.197931213228624
218,2023,39060000,Canada,7693561,0.19696776753712236
219,2008,6000,Saint Pierre and Miquelon,7044,1
219,2009,6000,Saint Pierre and Miquelon,7051,1
219,2010,6000,Saint Pierre and Miquelon,5943,0.9905
219,2011,6000,Saint Pierre and Miquelon,5888,0.9813333333333333
219,2012,6000,Saint Pierre and Miquelon,5831,0.9718333333333333
219,2013,6000,Saint Pierre and Miquelon,5774,0.9623333333333334
219,2014,6000,Saint Pierre and Miquelon,5716,0.9526666666666667
219,2015,6000,Saint Pierre and Miquelon,5657,0.9428333333333333
219,2016,6000,Saint Pierre and Miquelon,5595,0.9325
219,2017,6000,Saint Pierre and Miquelon,5533,0.9221666666666667
219,2018,6000,Saint Pierre and Miquelon,5471,0.9118333333333334
219,2019,6000,Saint Pierre and Miquelon,5409,0.9015
219,2020,6000,Saint Pierre and Miquelon,5347,0.8911666666666667
219,2021,6000,Saint Pierre and Miquelon,5321,0.8868333333333334
219,2022,6000,Saint Pierre and Miquelon,5257,0.8761666666666666
219,2023,6000,Saint Pierre and Miquelon,5195,0.8658333333333333
220,2008,33000,Sint Maarten,31251,0.947
220,2009,33000,Sint Maarten,31096,0.9423030303030303
220,2010,34000,Sint Maarten,32179,0.9464411764705882
220,2011,34000,Sint Maarten,31083,0.9142058823529412
220,2012,35000,Sint Maarten,31581,0.9023142857142857
220,2013,35000,Sint Maarten,31896,0.9113142857142857
220,2014,36000,Sint Maarten,31562,0.8767222222222222
220,2015,37000,Sint Maarten,31604,0.8541621621621621
220,2016,38000,Sint Maarten,32931,0.8666052631578948
220,2017,39000,Sint Maarten,33405,0.8565384615384616
220,2018,39000,Sint Maarten,33877,0.8686410256410256
220,2019,40000,Sint Maarten,34509,0.862725
220,2020,41000,Sint Maarten,35190,0.8582926829268293
220,2021,41000,Sint Maarten,35765,0.8723170731707317
220,2022,42000,Sint Maarten,34163,0.8134047619047619
220,2023,42000,Sint Maarten,36645,0.8725
221,2008,36000,Northern Saint-Martin,44872,1
221,2009,36000,Northern Saint-Martin,42716,1
221,2010,37000,Northern Saint-Martin,41985,1
221,2011,37000,Northern Saint-Martin,45385,1
221,2012,37000,Northern Saint-Martin,45798,1
221,2013,37000,Northern Saint-Martin,46355,1
221,2014,37000,Northern Saint-Martin,46924,1
221,2015,37000,Northern Saint-Martin,47076,1
221,2016,37000,Northern Saint-Martin,47713,1
221,2017,37000,Northern Saint-Martin,47987,1
221,2018,37000,Northern Saint-Martin,48244,1
221,2019,35000,Northern Saint-Martin,48323,1
221,2020,33000,Northern Saint-Martin,48335,1
221,2021,30000,Northern Saint-Martin,48595,1
221,2022,29000,Northern Saint-Martin,51192,1
221,2023,28000,Northern Saint-Martin,49022,1
222,2008,9183000,Sweden,6348827,0.6913674180551018
222,2009,9257000,Sweden,6360928,0.6871478880846926
222,2010,9341000,Sweden,6369870,0.6819259179959319
222,2011,9416000,Sweden,6380196,0.6775909090909091
222,2012,9483000,Sweden,6525297,0.6881047136981968
222,2013,9556000,Sweden,6537783,0.6841547718710758
222,2014,9645000,Sweden,6971530,0.722812856402281
222,2015,9748000,Sweden,7023970,0.7205549856380796
222,2016,9851000,Sweden,7125166,0.7232936757689574
222,2017,9995000,Sweden,7177966,0.7181556778389194
222,2018,10120000,Sweden,7252862,0.7166859683794466
222,2019,10230000,Sweden,7310774,0.7146406647116325
222,2020,10328000,Sweden,7367702,0.713371611154144
222,2021,10379000,Sweden,7405388,0.7134972540707197
222,2022,10453000,Sweden,7552283,0.722499091169999
222,2023,10522000,Sweden,7627263,0.7248871887473864
223,2008,4737000,Norway,4143080,0.874621068186616
223,2009,4799000,Norway,4157372,0.8662996457595332
223,2010,4858000,Norway,4171799,0.858748250308769
223,2011,4920000,Norway,4189720,0.8515691056910569
223,2012,4986000,Norway,4239850,0.8503509827517047
223,2013,5051000,Norway,4258569,0.8431140368243912
223,2014,5109000,Norway,4645513,0.9092802896848698
223,2015,5166000,Norway,4705631,0.9108848238482384
223,2016,5214000,Norway,4760511,0.9130247410817031
223,2017,5258000,Norway,4811526,0.9150867249904907
223,2018,5295000,Norway,4859609,0.9177731822474032
223,2019,5328000,Norway,4904184,0.920454954954955
223,2020,5367000,Norway,4946766,0.9217003912800448
223,2021,5391000,Norway,4988854,0.9254041921721388
223,2022,5425000,Norway,5022295,0.9257686635944701
223,2023,5489000,Norway,4960172,0.9036567680816178
224,2008,16754000,Chile,5951932,0.3552543870120568
224,2009,16924000,Chile,6010749,0.35516125029543844
224,2010,17096000,Chile,6053620,0.3540956948993917
224,2011,17267000,Chile,6097864,0.35315132912492037
224,2012,17436000,Chile,6229432,0.3572741454462033
224,2013,17602000,Chile,6271531,0.35629650039768207
224,2014,17772000,Chile,6203456,0.34905784379923477
224,2015,17956000,Chile,6267398,0.349041991534863
224,2016,18139000,Chile,6321154,0.34848415017365897
224,2017,18395000,Chile,6371120,0.34635063876053274
224,2018,18722000,Chile,6395785,0.3416186839012926
224,2019,19064000,Chile,6450306,0.33835008392782207
224,2020,19331000,Chile,6400581,0.33110449537013087
224,2021,19410000,Chile,6430038,0.33127449768160744
224,2022,19503000,Chile,6474884,0.3319942572937497
224,2023,19603000,Chile,6516750,0.33243636178136
227,2008,95000,Jersey,91533,0.9635052631578948
227,2009,96000,Jersey,91626,0.9544375
227,2010,97000,Jersey,93363,0.9625051546391753
227,2011,98000,Jersey,94161,0.9608265306122449
227,2012,98000,Jersey,94949,0.9688673469387755
227,2013,99000,Jersey,95732,0.966989898989899
227,2014,100000,Jersey,96513,0.96513
227,2015,101000,Jersey,97294,0.9633069306930693
227,2016,101000,Jersey,98069,0.970980198019802
227,2017,102000,Jersey,98840,0.9690196078431372
227,2018,102000,Jersey,99602,0.9764901960784313
227,2019,103000,Jersey,100348,0.974252427184466
227,2020,103000,Jersey,101073,0.9812912621359223
227,2021,103000,Jersey,101476,0.9852038834951456
227,2022,103000,Jersey,102146,0.9917087378640776
227,2023,104000,Jersey,102785,0.9883173076923077
228,2008,61000,Guernsey,65726,1
228,2009,61000,Guernsey,65484,1
228,2010,61000,Guernsey,64775,1
228,2011,62000,Guernsey,65068,1
228,2012,62000,Guernsey,65345,1
228,2013,62000,Guernsey,65605,1
228,2014,62000,Guernsey,65849,1
228,2015,62000,Guernsey,66080,1
228,2016,62000,Guernsey,66297,1
228,2017,62000,Guernsey,66502,1
228,2018,62000,Guernsey,66697,1
228,2019,63000,Guernsey,66880,1
228,2020,63000,Guernsey,67052,1
228,2021,63000,Guernsey,67334,1
228,2022,64000,Guernsey,67491,1
228,2023,64000,Guernsey,67642,1
231,2008,1019000,East Timor,1043486,1
231,2009,1046000,East Timor,1065653,1
231,2010,1072000,East Timor,1087533,1
231,2011,1098000,East Timor,1109655,1
231,2012,1123000,East Timor,1079634,0.9613837934105076
231,2013,1147000,East Timor,1106606,0.9647829119442023
231,2014,1170000,East Timor,1135488,0.9705025641025641
231,2015,1193000,East Timor,1165605,0.9770368818105616
231,2016,1217000,East Timor,1193978,0.9810829909613804
231,2017,1240000,East Timor,1219819,0.983725
231,2018,1264000,East Timor,1257301,0.9947001582278481
231,2019,1288000,East Timor,1287388,0.9995248447204969
231,2020,1314000,East Timor,1316598,1
231,2021,1339000,East Timor,1347187,1
231,2022,1362000,East Timor,1376764,1
231,2023,1377000,East Timor,1403009,1
232,2008,3982000,Bosnia and Herzegovina,423332,0.10631140130587645
232,2009,3914000,Bosnia and Herzegovina,425451,0.10869979560551865
232,2010,3846000,Bosnia and Herzegovina,425200,0.11055642225689027
232,2011,3777000,Bosnia and Herzegovina,425456,0.11264389727296796
232,2012,3707000,Bosnia and Herzegovina,359214,0.09690153763150795
232,2013,3634000,Bosnia and Herzegovina,416032,0.11448321408915796
232,2014,3588000,Bosnia and Herzegovina,415824,0.11589297658862877
232,2015,3541000,Bosnia and Herzegovina,417142,0.11780344535441965
232,2016,3496000,Bosnia and Herzegovina,416342,0.11909096109839817
232,2017,3450000,Bosnia and Herzegovina,424559,0.12306057971014493
232,2018,3407000,Bosnia and Herzegovina,424823,0.12469122395068975
232,2019,3367000,Bosnia and Herzegovina,424047,0.12594208494208495
232,2020,3324000,Bosnia and Herzegovina,425022,0.12786462093862816
232,2021,3275000,Bosnia and Herzegovina,423648,0.1293581679389313
232,2022,3215000,Bosnia and Herzegovina,424908,0.1321642301710731
232,2023,3194000,Bosnia and Herzegovina,423914,0.1327219787100814
244,2008,154000,Curacao,167597,1
244,2009,155000,Curacao,168850,1
244,2010,156000,Curacao,170013,1
244,2011,157000,Curacao,144688,0.9215796178343949
244,2012,160000,Curacao,145834,0.9114625
244,2013,162000,Curacao,146836,0.906395061728395
244,2014,164000,Curacao,146836,0.8953414634146342
244,2015,166000,Curacao,146836,0.8845542168674699
244,2016,167000,Curacao,149035,0.8924251497005988
244,2017,168000,Curacao,149648,0.8907619047619048
244,2018,169000,Curacao,150241,0.889
244,2019,194000,Curacao,150809,0.7773659793814433
244,2020,185000,Curacao,151345,0.8180810810810811
244,2021,185000,Curacao,151885,0.821
244,2022,185000,Curacao,151066,0.8165729729729729
244,2023,185000,Curacao,152849,0.8262108108108108
247,2008,374000,Brunei,380173,1
247,2009,381000,Brunei,387018,1
247,2010,389000,Brunei,395556,1
247,2011,396000,Brunei,398758,1
247,2012,403000,Brunei,405901,1
247,2013,408000,Brunei,414830,1
247,2014,414000,Brunei,421760,1
247,2015,420000,Brunei,428759,1
247,2016,425000,Brunei,435718,1
247,2017,430000,Brunei,442656,1
247,2018,435000,Brunei,449970,1
247,2019,440000,Brunei,457135,1
247,2020,445000,Brunei,462219,1
247,2021,450000,Brunei,468825,1
247,2022,454000,Brunei,476629,1
247,2023,457000,Brunei,483033,1
250,2008,97000,Aruba,101541,1
250,2009,98000,Aruba,103065,1
250,2010,100000,Aruba,104589,1
250,2011,101000,Aruba,106113,1
250,2012,101000,Aruba,107635,1
250,2013,102000,Aruba,109153,1
250,2014,103000,Aruba,110663,1
250,2015,104000,Aruba,112162,1
250,2016,105000,Aruba,113648,1
250,2017,105000,Aruba,115120,1
250,2018,106000,Aruba,116576,1
250,2019,107000,Aruba,118013,1
250,2020,107000,Aruba,119428,1
250,2021,107000,Aruba,120917,1
250,2022,108000,Aruba,122320,1
250,2023,108000,Aruba,123702,1
