rgn_id,product,year,values_final
1,seaweeds,2019,30.156647871492645
1,seaweeds,2020,30.053584375880416
1,seaweeds,2021,7.994751571738844
1,seaweeds,2022,15.338744718866344
1,seaweeds,2023,18.99767616874116
1,ornamentals,2019,20.513456165212645
1,ornamentals,2020,33.651305980957204
1,ornamentals,2021,16.480241839062376
1,ornamentals,2022,16.465546977547472
1,ornamentals,2023,16.449854900755273
1,fish_oil,2019,2.325102362270121
1,fish_oil,2020,3.670908232948931
1,fish_oil,2021,3.5278152980448
1,fish_oil,2022,3.0101488204920854
1,fish_oil,2023,3.9097530556701545
2,seaweeds,2019,30.156647871492645
2,seaweeds,2020,30.053584375880416
2,seaweeds,2021,7.994751571738844
2,seaweeds,2022,15.338744718866344
2,seaweeds,2023,18.99767616874116
2,ornamentals,2019,20.513456165212645
2,ornamentals,2020,33.651305980957204
2,ornamentals,2021,16.480241839062376
2,ornamentals,2022,16.465546977547472
2,ornamentals,2023,16.449854900755273
2,fish_oil,2019,2.325102362270121
2,fish_oil,2020,3.670908232948931
2,fish_oil,2021,3.5278152980448
2,fish_oil,2022,3.0101488204920854
2,fish_oil,2023,3.9097530556701545
3,seaweeds,2019,30.156647871492645
3,seaweeds,2020,30.053584375880416
3,seaweeds,2021,7.994751571738844
3,seaweeds,2022,15.338744718866344
3,seaweeds,2023,18.99767616874116
3,ornamentals,2019,20.513456165212645
3,ornamentals,2020,33.651305980957204
3,ornamentals,2021,16.480241839062376
3,ornamentals,2022,16.465546977547472
3,ornamentals,2023,16.449854900755273
3,fish_oil,2019,2.325102362270121
3,fish_oil,2020,3.670908232948931
3,fish_oil,2021,3.5278152980448
3,fish_oil,2022,3.0101488204920854
3,fish_oil,2023,3.9097530556701545
4,seaweeds,2019,30.156647871492645
4,seaweeds,2020,30.053584375880416
4,seaweeds,2021,7.994751571738844
4,seaweeds,2022,15.338744718866344
4,seaweeds,2023,18.99767616874116
4,ornamentals,2019,20.513456165212645
4,ornamentals,2020,33.651305980957204
4,ornamentals,2021,16.480241839062376
4,ornamentals,2022,16.465546977547472
4,ornamentals,2023,16.449854900755273
4,fish_oil,2019,2.325102362270121
4,fish_oil,2020,3.670908232948931
4,fish_oil,2021,3.5278152980448
4,fish_oil,2022,3.0101488204920854
4,fish_oil,2023,3.9097530556701545
5,ornamentals,2019,58.439862542955325
5,ornamentals,2020,115.8989898989899
5,ornamentals,2021,253.8904109589041
5,ornamentals,2022,185.04651162790697
5,ornamentals,2023,224.64814814814812
5,seaweeds,2019,1.3288770053475936
5,seaweeds,2020,1.182230016074821
5,seaweeds,2021,0.764188790560472
5,seaweeds,2022,0.8104659855469724
5,seaweeds,2023,0.6135083402392936
5,fish_oil,2019,1.7890581938796284
5,fish_oil,2020,1.3084646916784708
5,fish_oil,2021,1.410261839747558
5,fish_oil,2022,1.4311338122586195
5,fish_oil,2023,2.2914491998089
6,ornamentals,2019,25.863247701280997
6,ornamentals,2020,4411.396323028081
6,ornamentals,2021,34
6,ornamentals,2022,104.20885127457348
6,ornamentals,2023,95.01227720007061
6,seaweeds,2019,1.3288770053475936
6,seaweeds,2020,1.182230016074821
6,seaweeds,2021,0.764188790560472
6,seaweeds,2022,0.8104659855469724
6,seaweeds,2023,0.6135083402392936
6,fish_oil,2019,1.7890581938796284
6,fish_oil,2020,1.3084646916784708
6,fish_oil,2021,1.410261839747558
6,fish_oil,2022,1.4311338122586195
6,fish_oil,2023,2.2914491998089
7,fish_oil,2019,1.0593784683684795
7,fish_oil,2020,1.2864514421804711
7,fish_oil,2021,1.0135509701262704
7,fish_oil,2022,1.2603305785123966
7,fish_oil,2023,2.696118909991742
7,ornamentals,2019,25.863247701280997
7,ornamentals,2020,4411.396323028081
7,ornamentals,2021,2626.9002118523235
7,ornamentals,2022,104.20885127457348
7,ornamentals,2023,95.01227720007061
7,seaweeds,2019,1.6577540106951871
7,seaweeds,2020,1.182230016074821
7,seaweeds,2021,0.764188790560472
7,seaweeds,2022,0.8104659855469724
7,seaweeds,2023,0.7277199153590371
8,ornamentals,2019,30.305555555555557
8,ornamentals,2020,33.10673234811166
8,ornamentals,2021,31.633937082936125
8,ornamentals,2022,41.22966507177034
8,ornamentals,2023,46.61431064572426
8,seaweeds,2019,12.69438158351965
8,seaweeds,2020,13.195661535326474
8,seaweeds,2021,12.608422069047505
8,seaweeds,2022,9.005880754555477
8,seaweeds,2023,10.475280391460174
8,fish_oil,2019,4.173549943898697
8,fish_oil,2020,8.734880162391821
8,fish_oil,2021,9.479579859767002
8,fish_oil,2022,9.100285927081373
8,fish_oil,2023,7.052039687792173
9,ornamentals,2019,2111
9,ornamentals,2020,25.12173593530337
9,ornamentals,2021,63.683905238584984
9,ornamentals,2022,65.12856964511441
9,ornamentals,2023,48.889176204203615
9,seaweeds,2019,12.69438158351965
9,seaweeds,2020,13.195661535326474
9,seaweeds,2021,12.608422069047505
9,seaweeds,2022,9.005880754555477
9,seaweeds,2023,10.475280391460174
9,fish_oil,2019,4.173549943898697
9,fish_oil,2020,8.734880162391821
9,fish_oil,2021,9.479579859767002
9,fish_oil,2022,9.100285927081373
9,fish_oil,2023,7.052039687792173
10,seaweeds,2019,12.69438158351965
10,seaweeds,2020,13.195661535326474
10,seaweeds,2021,12.608422069047505
10,seaweeds,2022,9.005880754555477
10,seaweeds,2023,10.475280391460174
10,ornamentals,2019,700.1743778011628
10,ornamentals,2020,523.7659082796449
10,ornamentals,2021,64.56033253661762
10,ornamentals,2022,68.34626342414677
10,ornamentals,2023,51.118503050471574
10,fish_oil,2019,4.173549943898697
10,fish_oil,2020,8.734880162391821
10,fish_oil,2021,9.479579859767002
10,fish_oil,2022,9.100285927081373
10,fish_oil,2023,7.052039687792173
11,ornamentals,2019,606.0967741935483
11,ornamentals,2020,1945.1428571428569
11,ornamentals,2021,98.36315528833174
11,ornamentals,2022,98.68055555555556
11,ornamentals,2023,81.97378277153558
11,seaweeds,2019,12.69438158351965
11,seaweeds,2020,13.195661535326474
11,seaweeds,2021,12.608422069047505
11,seaweeds,2022,9.005880754555477
11,seaweeds,2023,10.475280391460174
11,fish_oil,2019,4.173549943898697
11,fish_oil,2020,8.734880162391821
11,fish_oil,2021,9.479579859767002
11,fish_oil,2022,9.100285927081373
11,fish_oil,2023,7.052039687792173
12,seaweeds,2019,7.721455306187844
12,seaweeds,2020,13.415586823971827
12,seaweeds,2021,35.35252514707192
12,seaweeds,2022,35.09600963246095
12,seaweeds,2023,39.335083874458874
12,ornamentals,2019,200.9768418030223
12,ornamentals,2020,584.9666258893922
12,ornamentals,2021,718.4772831885801
12,ornamentals,2022,119.35197331496364
12,ornamentals,2023,81.34777639315145
12,fish_oil,2019,1.4235776800097977
12,fish_oil,2020,1.587472022331214
12,fish_oil,2021,1.7024125352346209
12,fish_oil,2022,1.6479230480227982
12,fish_oil,2023,5.563146475908016
13,seaweeds,2019,7.721455306187844
13,seaweeds,2020,13.415586823971827
13,seaweeds,2021,35.35252514707192
13,seaweeds,2022,35.09600963246095
13,seaweeds,2023,39.335083874458874
13,ornamentals,2019,200.9768418030223
13,ornamentals,2020,584.9666258893922
13,ornamentals,2021,718.4772831885801
13,ornamentals,2022,119.35197331496364
13,ornamentals,2023,81.34777639315145
13,fish_oil,2019,1.4235776800097977
13,fish_oil,2020,1.587472022331214
13,fish_oil,2021,1.7024125352346209
13,fish_oil,2022,1.6479230480227982
13,fish_oil,2023,5.563146475908016
14,fish_oil,2019,64.8
14,fish_oil,2020,36.07692307692307
14,fish_oil,2021,0.08936268463516703
14,fish_oil,2022,58.4
14,fish_oil,2023,15.319711538461537
14,ornamentals,2019,55.20727349169645
14,ornamentals,2020,64.34971359662345
14,ornamentals,2021,91.84590818363273
14,ornamentals,2022,92.88123300090662
14,ornamentals,2023,92.4144373673036
14,seaweeds,2019,4.365061178606944
14,seaweeds,2020,4.722663454661799
14,seaweeds,2021,3.600616704652098
14,seaweeds,2022,3.8080263955289206
14,seaweeds,2023,3.949363188167625
15,fish_oil,2019,2.920833947976594
15,fish_oil,2020,1.9611959165693054
15,fish_oil,2021,3.1013142514380636
15,fish_oil,2022,3.0938950922834887
15,fish_oil,2023,2.426481521195225
15,ornamentals,2019,1.207477124387121
15,ornamentals,2020,1.0481343263886322
15,ornamentals,2021,0.8212008373993157
15,ornamentals,2022,0.6532660773544969
15,ornamentals,2023,0.6643596461000004
15,seaweeds,2019,1.9335629247821924
15,seaweeds,2020,1.7057102650773666
15,seaweeds,2021,1.4666495835217754
15,seaweeds,2022,1.6947416915718667
15,seaweeds,2023,2.0101999753714077
16,fish_oil,2019,2.318758401811254
16,fish_oil,2020,3.5046782081142296
16,fish_oil,2021,4.414607052091405
16,fish_oil,2022,3.0004645581994525
16,fish_oil,2023,4.581236289050904
16,ornamentals,2019,16.457681561194516
16,ornamentals,2020,16.493088152390595
16,ornamentals,2021,16.480241839062376
16,ornamentals,2022,16.465546977547472
16,ornamentals,2023,16.449854900755273
16,seaweeds,2019,1.788754344869276
16,seaweeds,2020,3.079180854635269
16,seaweeds,2021,3.557564766839378
16,seaweeds,2022,3.1276072696258574
16,seaweeds,2023,2.954443246573233
17,fish_oil,2019,1.9069961132704052
17,fish_oil,2020,1.3304779411764704
17,fish_oil,2021,1.8069727093688457
17,fish_oil,2022,1.6019370460048425
17,fish_oil,2023,2.0511453561016246
17,ornamentals,2019,11.43257161248793
17,ornamentals,2020,13109
17,ornamentals,2021,10210
17,ornamentals,2022,117.60402684563758
17,ornamentals,2023,49.78571428571428
17,seaweeds,2019,1.3288770053475936
17,seaweeds,2020,1.182230016074821
17,seaweeds,2021,0.764188790560472
17,seaweeds,2022,0.8104659855469724
17,seaweeds,2023,0.6135083402392936
18,fish_oil,2019,2.4008000000000003
18,fish_oil,2020,1.3084646916784708
18,fish_oil,2021,1.410261839747558
18,fish_oil,2022,1.4311338122586195
18,fish_oil,2023,2.1270833333333337
18,ornamentals,2019,7.717308948399739
18,ornamentals,2020,9.289979185251262
18,ornamentals,2021,9.710436450390608
18,ornamentals,2022,9.976015350175889
18,ornamentals,2023,10.60296916634945
18,seaweeds,2019,1
18,seaweeds,2020,1.182230016074821
18,seaweeds,2021,0.764188790560472
18,seaweeds,2022,0.8104659855469724
18,seaweeds,2023,0.4992967651195499
19,seaweeds,2019,1.7407281388227287
19,seaweeds,2020,1.5032215893173964
19,seaweeds,2021,24.82506136044881
19,seaweeds,2022,3.359086819613135
19,seaweeds,2023,3.001176163094616
19,ornamentals,2019,351.7606673920769
19,ornamentals,2020,8.339975212303573
19,ornamentals,2021,13.633197100835488
19,ornamentals,2022,14.161968928456607
19,ornamentals,2023,13.238089747180947
19,fish_oil,2019,4.173549943898697
19,fish_oil,2020,8.734880162391821
19,fish_oil,2021,9.479579859767002
19,fish_oil,2022,9.100285927081373
19,fish_oil,2023,7.052039687792173
20,fish_oil,2019,1.8988884712452345
20,fish_oil,2020,1.8042007746194664
20,fish_oil,2021,2.1930925393482306
20,fish_oil,2022,2.385777474438567
20,fish_oil,2023,5.587290729688595
20,ornamentals,2019,67
20,ornamentals,2020,101.5
20,ornamentals,2021,117.77142857142857
20,ornamentals,2022,35.833333333333336
20,ornamentals,2023,48.32258064516129
20,seaweeds,2019,12.151885605843281
20,seaweeds,2020,11.84915275630305
20,seaweeds,2021,12.90028565922668
20,seaweeds,2022,6.39101585931827
20,seaweeds,2023,9.87774732120608
21,seaweeds,2019,0.10193378665872967
21,seaweeds,2020,10.05404253422988
21,seaweeds,2021,3.833333333333334
21,seaweeds,2022,7.934426229508197
21,seaweeds,2023,12.112068965517242
21,ornamentals,2019,1560.7926017830623
21,ornamentals,2020,781.9005659876691
21,ornamentals,2021,1017.1435169816722
21,ornamentals,2022,1348.5008167058322
21,ornamentals,2023,608.9766563374673
21,fish_oil,2019,18.49917644352171
21,fish_oil,2020,11.440945395971468
21,fish_oil,2021,3.533952748710662
21,fish_oil,2022,17.891573542637257
21,fish_oil,2023,7.801414846991125
24,ornamentals,2019,8.105872615766748
24,ornamentals,2020,7.556878143801423
24,ornamentals,2021,7.429585496521383
24,ornamentals,2022,14.71413902706887
24,ornamentals,2023,8.754966938824145
24,seaweeds,2019,6.972999462991069
24,seaweeds,2020,5.423973723947675
24,seaweeds,2021,5.288803709910198
24,seaweeds,2022,5.179908080013903
24,seaweeds,2023,6.642418020283862
24,fish_oil,2019,3.826366335350629
24,fish_oil,2020,4.196917254546686
24,fish_oil,2021,14.573864422390763
24,fish_oil,2022,15.469033137719894
24,fish_oil,2023,14.686695343584494
25,fish_oil,2019,4.565070511245297
25,fish_oil,2020,3.615823054019566
25,fish_oil,2021,3.276378370890284
25,fish_oil,2022,3.137910089014196
25,fish_oil,2023,4.044815830310225
25,ornamentals,2019,23.68997773568604
25,ornamentals,2020,21.559740407605602
25,ornamentals,2021,20.95372978192645
25,ornamentals,2022,59.749385749385745
25,ornamentals,2023,21.317739281469972
25,seaweeds,2019,12.767007672634271
25,seaweeds,2020,9.9859460397328
25,seaweeds,2021,10.530134644154733
25,seaweeds,2022,16.252560116381893
25,seaweeds,2023,14.574722657838182
26,seaweeds,2019,4.8454149226139105
26,seaweeds,2020,6.377988050536175
26,seaweeds,2021,4.56870426600309
26,seaweeds,2022,4.209019804181845
26,seaweeds,2023,6.497125274952799
26,ornamentals,2019,8.719372784970775
26,ornamentals,2020,10.632206649943472
26,ornamentals,2021,23.17059187245445
26,ornamentals,2022,15.316968498550342
26,ornamentals,2023,30.554382458375926
26,fish_oil,2019,8.531915993565814
26,fish_oil,2020,13.221330088697108
26,fish_oil,2021,10.677540646744092
26,fish_oil,2022,13.961943531218187
26,fish_oil,2023,11.941060389706886
28,seaweeds,2019,0.9738114640380738
28,seaweeds,2020,2.002664005660222
28,seaweeds,2021,2.591681444977273
28,seaweeds,2022,4.950798845421858
28,seaweeds,2023,2.451833326582386
28,ornamentals,2019,4.026383769885308
28,ornamentals,2020,2.9616707699881712
28,ornamentals,2021,31.550583145729508
28,ornamentals,2022,110.99610802432926
28,ornamentals,2023,20.85478360228953
28,fish_oil,2019,6.633200333565745
28,fish_oil,2020,6.942571391070415
28,fish_oil,2021,5.812489553582919
28,fish_oil,2022,4.39079772574889
28,fish_oil,2023,4.965081306418548
29,ornamentals,2019,4.026383769885308
29,ornamentals,2020,2.9616707699881712
29,ornamentals,2021,31.550583145729508
29,ornamentals,2022,110.99610802432926
29,ornamentals,2023,20.85478360228953
29,seaweeds,2019,0.9738114640380738
29,seaweeds,2020,2.002664005660222
29,seaweeds,2021,2.591681444977273
29,seaweeds,2022,4.950798845421858
29,seaweeds,2023,2.451833326582386
29,fish_oil,2019,6.633200333565745
29,fish_oil,2020,6.942571391070415
29,fish_oil,2021,5.812489553582919
29,fish_oil,2022,4.39079772574889
29,fish_oil,2023,4.965081306418548
30,seaweeds,2019,7.721455306187844
30,seaweeds,2020,13.415586823971827
30,seaweeds,2021,35.35252514707192
30,seaweeds,2022,35.09600963246095
30,seaweeds,2023,39.335083874458874
30,ornamentals,2019,200.9768418030223
30,ornamentals,2020,584.9666258893922
30,ornamentals,2021,718.4772831885801
30,ornamentals,2022,119.35197331496364
30,ornamentals,2023,81.34777639315145
30,fish_oil,2019,1.4235776800097977
30,fish_oil,2020,1.587472022331214
30,fish_oil,2021,1.7024125352346209
30,fish_oil,2022,1.6479230480227982
30,fish_oil,2023,5.563146475908016
31,fish_oil,2019,5.058790310595928
31,fish_oil,2020,5.2911555688265155
31,fish_oil,2021,4.20827633378933
31,fish_oil,2022,3.601477332531389
31,fish_oil,2023,3.894258032600958
31,seaweeds,2019,0.9738114640380738
31,seaweeds,2020,2.002664005660222
31,seaweeds,2021,2.591681444977273
31,seaweeds,2022,4.950798845421858
31,seaweeds,2023,2.451833326582386
31,ornamentals,2019,4.026383769885308
31,ornamentals,2020,2.9616707699881712
31,ornamentals,2021,31.550583145729508
31,ornamentals,2022,110.99610802432926
31,ornamentals,2023,20.85478360228953
32,seaweeds,2019,0.9738114640380738
32,seaweeds,2020,2.002664005660222
32,seaweeds,2021,2.591681444977273
32,seaweeds,2022,4.950798845421858
32,seaweeds,2023,2.451833326582386
32,ornamentals,2019,4.026383769885308
32,ornamentals,2020,2.9616707699881712
32,ornamentals,2021,31.550583145729508
32,ornamentals,2022,110.99610802432926
32,ornamentals,2023,20.85478360228953
32,fish_oil,2019,6.633200333565745
32,fish_oil,2020,6.942571391070415
32,fish_oil,2021,5.812489553582919
32,fish_oil,2022,4.39079772574889
32,fish_oil,2023,4.965081306418548
33,seaweeds,2019,7.721455306187844
33,seaweeds,2020,13.415586823971827
33,seaweeds,2021,35.35252514707192
33,seaweeds,2022,35.09600963246095
33,seaweeds,2023,39.335083874458874
33,ornamentals,2019,200.9768418030223
33,ornamentals,2020,584.9666258893922
33,ornamentals,2021,718.4772831885801
33,ornamentals,2022,119.35197331496364
33,ornamentals,2023,81.34777639315145
33,fish_oil,2019,1.4235776800097977
33,fish_oil,2020,1.587472022331214
33,fish_oil,2021,1.7024125352346209
33,fish_oil,2022,1.6479230480227982
33,fish_oil,2023,5.563146475908016
34,seaweeds,2019,7.721455306187844
34,seaweeds,2020,13.415586823971827
34,seaweeds,2021,35.35252514707192
34,seaweeds,2022,35.09600963246095
34,seaweeds,2023,39.335083874458874
34,ornamentals,2019,200.9768418030223
34,ornamentals,2020,584.9666258893922
34,ornamentals,2021,718.4772831885801
34,ornamentals,2022,119.35197331496364
34,ornamentals,2023,81.34777639315145
34,fish_oil,2019,1.4235776800097977
34,fish_oil,2020,1.587472022331214
34,fish_oil,2021,1.7024125352346209
34,fish_oil,2022,1.6479230480227982
34,fish_oil,2023,5.563146475908016
35,seaweeds,2019,7.721455306187844
35,seaweeds,2020,13.415586823971827
35,seaweeds,2021,35.35252514707192
35,seaweeds,2022,35.09600963246095
35,seaweeds,2023,39.335083874458874
35,ornamentals,2019,200.9768418030223
35,ornamentals,2020,584.9666258893922
35,ornamentals,2021,718.4772831885801
35,ornamentals,2022,119.35197331496364
35,ornamentals,2023,81.34777639315145
35,fish_oil,2019,1.4235776800097977
35,fish_oil,2020,1.587472022331214
35,fish_oil,2021,1.7024125352346209
35,fish_oil,2022,1.6479230480227982
35,fish_oil,2023,5.563146475908016
36,seaweeds,2019,7.721455306187844
36,seaweeds,2020,13.415586823971827
36,seaweeds,2021,35.35252514707192
36,seaweeds,2022,35.09600963246095
36,seaweeds,2023,39.335083874458874
36,ornamentals,2019,200.9768418030223
36,ornamentals,2020,584.9666258893922
36,ornamentals,2021,718.4772831885801
36,ornamentals,2022,119.35197331496364
36,ornamentals,2023,81.34777639315145
36,fish_oil,2019,1.4235776800097977
36,fish_oil,2020,1.587472022331214
36,fish_oil,2021,1.7024125352346209
36,fish_oil,2022,1.6479230480227982
36,fish_oil,2023,5.563146475908016
37,fish_oil,2019,3.735403468233413
37,fish_oil,2020,3.815400955921402
37,fish_oil,2021,2.2071280457120017
37,fish_oil,2022,3.403042549946622
37,fish_oil,2023,4.227393507533626
37,ornamentals,2019,11.847169811320756
37,ornamentals,2020,4.38
37,ornamentals,2021,7.904761904761905
37,ornamentals,2022,19.68452380952381
37,ornamentals,2023,39.06034482758621
37,seaweeds,2019,2.0989473684210527
37,seaweeds,2020,5.870967741935484
37,seaweeds,2021,8.36111111111111
37,seaweeds,2022,17.299999999999997
37,seaweeds,2023,5.857142857142856
38,seaweeds,2019,4.8454149226139105
38,seaweeds,2020,6.377988050536175
38,seaweeds,2021,4.56870426600309
38,seaweeds,2022,4.209019804181845
38,seaweeds,2023,6.497125274952799
38,ornamentals,2019,8.719372784970775
38,ornamentals,2020,10.632206649943472
38,ornamentals,2021,23.17059187245445
38,ornamentals,2022,15.316968498550342
38,ornamentals,2023,30.554382458375926
38,fish_oil,2019,8.531915993565814
38,fish_oil,2020,13.221330088697108
38,fish_oil,2021,10.677540646744092
38,fish_oil,2022,13.961943531218187
38,fish_oil,2023,11.941060389706886
39,fish_oil,2019,8.531915993565814
39,fish_oil,2020,13.221330088697108
39,fish_oil,2021,10.677540646744092
39,fish_oil,2022,13.961943531218187
39,fish_oil,2023,11.941060389706886
39,ornamentals,2019,1.5000174392243033
39,ornamentals,2020,1.3720329866228524
39,ornamentals,2021,1.4999835898782368
39,ornamentals,2022,1.499985025905184
39,ornamentals,2023,1.5000157475355107
39,seaweeds,2019,4.8454149226139105
39,seaweeds,2020,6.377988050536175
39,seaweeds,2021,4.56870426600309
39,seaweeds,2022,4.209019804181845
39,seaweeds,2023,6.497125274952799
40,fish_oil,2019,23.26554621848739
40,fish_oil,2020,29.585882352941177
40,fish_oil,2021,13.298730395817774
40,fish_oil,2022,24.948235294117648
40,fish_oil,2023,28.501176470588234
40,ornamentals,2019,29.05823901613047
40,ornamentals,2020,28.964859494748794
40,ornamentals,2021,15.568593184371489
40,ornamentals,2022,40.59801654591233
40,ornamentals,2023,41.14719152854512
40,seaweeds,2019,1.557496109285838
40,seaweeds,2020,0.6787151827402995
40,seaweeds,2021,0.7948051948051948
40,seaweeds,2022,0.684537190890431
40,seaweeds,2023,0.5032475834910244
41,fish_oil,2019,12.695246364228348
41,fish_oil,2020,14.58293281020108
41,fish_oil,2021,13.630667236954663
41,fish_oil,2022,12.802768166089965
41,fish_oil,2023,12.802768166089965
41,ornamentals,2019,8.1
41,ornamentals,2020,7
41,ornamentals,2021,31.550583145729508
41,ornamentals,2022,467.2800126990875
41,ornamentals,2023,20
41,seaweeds,2019,0.9738114640380738
41,seaweeds,2020,2.002664005660222
41,seaweeds,2021,2.591681444977273
41,seaweeds,2022,4.950798845421858
41,seaweeds,2023,2.451833326582386
42,fish_oil,2019,6.633200333565745
42,fish_oil,2020,1.234468339307049
42,fish_oil,2021,0.9779569892473119
42,fish_oil,2022,0.8516129032258064
42,fish_oil,2023,1.2141583452211129
42,ornamentals,2019,3.8823529411764706
42,ornamentals,2020,2.9616707699881712
42,ornamentals,2021,112.99999999999999
42,ornamentals,2022,59.87878787878788
42,ornamentals,2023,42.3921568627451
42,seaweeds,2019,0.7789036333573579
42,seaweeds,2020,0.8967257197790272
42,seaweeds,2021,0.891405370489988
42,seaweeds,2022,1.0479923837625347
42,seaweeds,2023,1.2139074407775783
43,fish_oil,2019,5.177606177606178
43,fish_oil,2020,9.833333333333334
43,fish_oil,2021,7.7
43,fish_oil,2022,0.5555555555555555
43,fish_oil,2023,1.6942844588430053
43,ornamentals,2019,0.5524934383202099
43,ornamentals,2020,0.6618368147494361
43,ornamentals,2021,1.081384121228841
43,ornamentals,2022,1.492882959261077
43,ornamentals,2023,1.9937619961612283
43,seaweeds,2019,0.3999400239904038
43,seaweeds,2020,0.514720812182741
43,seaweeds,2021,0.3926582278481013
43,seaweeds,2022,0.6003348481224587
43,seaweeds,2023,1.7500000000000002
44,fish_oil,2019,6.498955347164861
44,fish_oil,2020,6.898137338833113
44,fish_oil,2021,6.150908715794211
44,fish_oil,2022,5.130329847144006
44,fish_oil,2023,5.957625328222618
44,ornamentals,2019,2.1
44,ornamentals,2020,4.021072796934866
44,ornamentals,2021,4.216186556927298
44,ornamentals,2022,6.644332774986041
44,ornamentals,2023,13.33887964503605
44,seaweeds,2019,0.9738114640380738
44,seaweeds,2020,2.002664005660222
44,seaweeds,2021,2.591681444977273
44,seaweeds,2022,4.950798845421858
44,seaweeds,2023,2.451833326582386
45,ornamentals,2019,4.026383769885308
45,ornamentals,2020,2.9616707699881712
45,ornamentals,2021,31.550583145729508
45,ornamentals,2022,110.99610802432926
45,ornamentals,2023,20.85478360228953
45,seaweeds,2019,0.9738114640380738
45,seaweeds,2020,2.002664005660222
45,seaweeds,2021,2.591681444977273
45,seaweeds,2022,4.950798845421858
45,seaweeds,2023,2.451833326582386
45,fish_oil,2019,6.633200333565745
45,fish_oil,2020,6.942571391070415
45,fish_oil,2021,5.812489553582919
45,fish_oil,2022,4.39079772574889
45,fish_oil,2023,4.965081306418548
46,ornamentals,2019,1.6148201983797243
46,ornamentals,2020,1.6194650082447246
46,ornamentals,2021,31.550583145729508
46,ornamentals,2022,110.99610802432926
46,ornamentals,2023,20.85478360228953
46,seaweeds,2019,0.9738114640380738
46,seaweeds,2020,2.002664005660222
46,seaweeds,2021,2.591681444977273
46,seaweeds,2022,4.950798845421858
46,seaweeds,2023,2.451833326582386
46,fish_oil,2019,6.633200333565745
46,fish_oil,2020,6.942571391070415
46,fish_oil,2021,5.812489553582919
46,fish_oil,2022,4.39079772574889
46,fish_oil,2023,4.965081306418548
47,fish_oil,2019,8.000714285714286
47,fish_oil,2020,4.1389677596629415
47,fish_oil,2021,1.6576514647946694
47,fish_oil,2022,1.3508255167437715
47,fish_oil,2023,3.178962271370628
47,ornamentals,2019,689.5303074939351
47,ornamentals,2020,1.8476207219878105
47,ornamentals,2021,140.4681937304791
47,ornamentals,2022,55.428753615754005
47,ornamentals,2023,3.847756898986307
47,seaweeds,2019,9.211885795598922
47,seaweeds,2020,13.054814707322212
47,seaweeds,2021,10.010092416212007
47,seaweeds,2022,11.869973789113288
47,seaweeds,2023,10.980913167548522
48,fish_oil,2019,1.3337140927982378
48,fish_oil,2020,1.709994645498569
48,fish_oil,2021,1.6104722044981816
48,fish_oil,2022,1.8826367181655879
48,fish_oil,2023,3.126553210741912
48,ornamentals,2019,689.5303074939351
48,ornamentals,2020,1.8476207219878105
48,ornamentals,2021,140.4681937304791
48,ornamentals,2022,55.428753615754005
48,ornamentals,2023,3.847756898986307
48,seaweeds,2019,9.211885795598922
48,seaweeds,2020,13.054814707322212
48,seaweeds,2021,10.010092416212007
48,seaweeds,2022,11.869973789113288
48,seaweeds,2023,10.980913167548522
49,ornamentals,2019,2.6772366930917326
49,ornamentals,2020,0.03940031109645423
49,ornamentals,2021,14.91095890410959
49,ornamentals,2022,14.112802148612353
49,ornamentals,2023,23.890585241730278
49,seaweeds,2019,7.373491477328102
49,seaweeds,2020,8.514579935563333
49,seaweeds,2021,6.504992187094564
49,seaweeds,2022,5.81687459769867
49,seaweeds,2023,6.101478117552313
49,fish_oil,2019,1.7825488641525438
49,fish_oil,2020,1.231115717341926
49,fish_oil,2021,2.1753688277089696
49,fish_oil,2022,2.810645172715364
49,fish_oil,2023,4.887271109878033
50,fish_oil,2019,2.9499054849198525
50,fish_oil,2020,55.41276923723147
50,fish_oil,2021,59.00740656851673
50,fish_oil,2022,55.591812672190194
50,fish_oil,2023,14.75590872216053
50,ornamentals,2019,689.5303074939351
50,ornamentals,2020,1.8476207219878105
50,ornamentals,2021,140.4681937304791
50,ornamentals,2022,55.428753615754005
50,ornamentals,2023,3.847756898986307
50,seaweeds,2019,9.211885795598922
50,seaweeds,2020,13.054814707322212
50,seaweeds,2021,10.010092416212007
50,seaweeds,2022,11.869973789113288
50,seaweeds,2023,10.980913167548522
51,fish_oil,2019,2.9499054849198525
51,fish_oil,2020,55.41276923723147
51,fish_oil,2021,59.00740656851673
51,fish_oil,2022,55.591812672190194
51,fish_oil,2023,14.75590872216053
51,seaweeds,2019,9.211885795598922
51,seaweeds,2020,13.054814707322212
51,seaweeds,2021,10.010092416212007
51,seaweeds,2022,11.869973789113288
51,seaweeds,2023,10.980913167548522
51,ornamentals,2019,689.5303074939351
51,ornamentals,2020,1.8476207219878105
51,ornamentals,2021,140.4681937304791
51,ornamentals,2022,55.428753615754005
51,ornamentals,2023,3.847756898986307
52,fish_oil,2019,2.9499054849198525
52,fish_oil,2020,1.6207983966132406e-4
52,fish_oil,2021,59.00740656851673
52,fish_oil,2022,55.591812672190194
52,fish_oil,2023,14.75590872216053
52,ornamentals,2019,2.1808333333333336
52,ornamentals,2020,1.8476207219878105
52,ornamentals,2021,638.3
52,ornamentals,2022,55.428753615754005
52,ornamentals,2023,0.4325
52,seaweeds,2019,8.07213578500707
52,seaweeds,2020,7.883268482490272
52,seaweeds,2021,5.368836291913214
52,seaweeds,2022,5.283018867924529
52,seaweeds,2023,8.79120879120879
53,fish_oil,2019,1.0059748843357568
53,fish_oil,2020,1.344205633467085
53,fish_oil,2021,0.9796082209377006
53,fish_oil,2022,1.3505626346731927
53,fish_oil,2023,2.163625418060201
53,ornamentals,2019,1.6775067750677508
53,ornamentals,2020,10.632206649943472
53,ornamentals,2021,23.17059187245445
53,ornamentals,2022,15.316968498550342
53,ornamentals,2023,1.8455797933409872
53,seaweeds,2019,1.8842530282637955
53,seaweeds,2020,6.377988050536175
53,seaweeds,2021,1.8806552262090483
53,seaweeds,2022,3.4119556397078714
53,seaweeds,2023,9.097922848664687
54,fish_oil,2019,4.670069437247383
54,fish_oil,2020,4.338141606671156
54,fish_oil,2021,6.292115606936417
54,fish_oil,2022,3.846569350758853
54,fish_oil,2023,6.169773348964441
54,ornamentals,2019,8.725931390630764
54,ornamentals,2020,2.2805555555555554
54,ornamentals,2021,140.4681937304791
54,ornamentals,2022,5.8702460850111855
54,ornamentals,2023,11.277777777777777
54,seaweeds,2019,15.952235772357724
54,seaweeds,2020,28.389102916895983
54,seaweeds,2021,27.439505287685964
54,seaweeds,2022,28.218322981366455
54,seaweeds,2023,21.398279569892473
55,seaweeds,2019,18.937345952232842
55,seaweeds,2020,15.232121707046842
55,seaweeds,2021,22.258482257657008
55,seaweeds,2022,15.950282976495712
55,seaweeds,2023,24.79950988909789
55,ornamentals,2019,13.839026417897957
55,ornamentals,2020,13.28453454913226
55,ornamentals,2021,16.187521677881296
55,ornamentals,2022,12.258381992966504
55,ornamentals,2023,10.599927036875398
55,fish_oil,2019,3.5130878839029642
55,fish_oil,2020,12.688876901113854
55,fish_oil,2021,12.963175178808166
55,fish_oil,2022,9.038014004857267
55,fish_oil,2023,13.977192957370363
56,fish_oil,2019,0.8032126897218085
56,fish_oil,2020,0.8350765499469457
56,fish_oil,2021,0.9855978260869565
56,fish_oil,2022,1.006868961352657
56,fish_oil,2023,2.536231884057971
56,seaweeds,2019,34.87737232790993
56,seaweeds,2020,36.54010494752624
56,seaweeds,2021,0.8175
56,seaweeds,2022,6.885705128205129
56,seaweeds,2023,4.89099358974359
56,ornamentals,2019,13.246650100353627
56,ornamentals,2020,18.179487576038767
56,ornamentals,2021,19.222097378277155
56,ornamentals,2022,3.8357558139534884
56,ornamentals,2023,1.0384615384615385
57,seaweeds,2019,18.937345952232842
57,seaweeds,2020,15.232121707046842
57,seaweeds,2021,22.258482257657008
57,seaweeds,2022,15.950282976495712
57,seaweeds,2023,24.79950988909789
57,ornamentals,2019,13.839026417897957
57,ornamentals,2020,13.28453454913226
57,ornamentals,2021,16.187521677881296
57,ornamentals,2022,12.258381992966504
57,ornamentals,2023,10.599927036875398
57,fish_oil,2019,3.5130878839029642
57,fish_oil,2020,12.688876901113854
57,fish_oil,2021,12.963175178808166
57,fish_oil,2022,9.038014004857267
57,fish_oil,2023,13.977192957370363
58,seaweeds,2019,18.937345952232842
58,seaweeds,2020,15.232121707046842
58,seaweeds,2021,22.258482257657008
58,seaweeds,2022,15.950282976495712
58,seaweeds,2023,24.79950988909789
58,ornamentals,2019,13.839026417897957
58,ornamentals,2020,13.28453454913226
58,ornamentals,2021,16.187521677881296
58,ornamentals,2022,12.258381992966504
58,ornamentals,2023,10.599927036875398
58,fish_oil,2019,3.5130878839029642
58,fish_oil,2020,12.688876901113854
58,fish_oil,2021,12.963175178808166
58,fish_oil,2022,9.038014004857267
58,fish_oil,2023,13.977192957370363
59,fish_oil,2019,1.7220827626467883
59,fish_oil,2020,1.7832258814398492
59,fish_oil,2021,2.0360150109299435
59,fish_oil,2022,2.786999304013906
59,fish_oil,2023,4.291633252794706
59,ornamentals,2019,14.172494172494172
59,ornamentals,2020,29.110792741165234
59,ornamentals,2021,17.668941979522184
59,ornamentals,2022,18.544991511035654
59,ornamentals,2023,18.661764705882355
59,seaweeds,2019,10.061073593073594
59,seaweeds,2020,5.831311164691775
59,seaweeds,2021,9.813302470967614
59,seaweeds,2022,9.245212894885675
59,seaweeds,2023,14.738997639872277
60,seaweeds,2019,18.937345952232842
60,seaweeds,2020,15.232121707046842
60,seaweeds,2021,22.258482257657008
60,seaweeds,2022,15.950282976495712
60,seaweeds,2023,24.79950988909789
60,ornamentals,2019,13.839026417897957
60,ornamentals,2020,13.28453454913226
60,ornamentals,2021,16.187521677881296
60,ornamentals,2022,12.258381992966504
60,ornamentals,2023,10.599927036875398
60,fish_oil,2019,3.5130878839029642
60,fish_oil,2020,12.688876901113854
60,fish_oil,2021,12.963175178808166
60,fish_oil,2022,9.038014004857267
60,fish_oil,2023,13.977192957370363
61,fish_oil,2019,1.7825488641525438
61,fish_oil,2020,1.231115717341926
61,fish_oil,2021,2.1753688277089696
61,fish_oil,2022,2.1421428571428573
61,fish_oil,2023,3.6902999999999997
61,ornamentals,2019,2.6772366930917326
61,ornamentals,2020,0.368058319123782
61,ornamentals,2021,8.205564718084808
61,ornamentals,2022,7.891014999557552
61,ornamentals,2023,12.937417651153485
61,seaweeds,2019,9.721085535663539
61,seaweeds,2020,4.227137767220903
61,seaweeds,2021,1.666233766233766
61,seaweeds,2022,1.6548545432778645
61,seaweeds,2023,2.903347434246828
62,fish_oil,2019,1.7825488641525438
62,fish_oil,2020,1.884930272932288
62,fish_oil,2021,2.1753688277089696
62,fish_oil,2022,3.47914748828787
62,fish_oil,2023,6.084242219756066
62,ornamentals,2019,2.6772366930917326
62,ornamentals,2020,0.368058319123782
62,ornamentals,2021,8.205564718084808
62,ornamentals,2022,7.891014999557552
62,ornamentals,2023,12.937417651153485
62,seaweeds,2019,11.584045936031957
62,seaweeds,2020,12.802022103905761
62,seaweeds,2021,11.343750607955362
62,seaweeds,2022,9.978894652119477
62,seaweeds,2023,9.299608800857799
63,seaweeds,2019,7.373491477328102
63,seaweeds,2020,8.514579935563333
63,seaweeds,2021,6.504992187094564
63,seaweeds,2022,5.81687459769867
63,seaweeds,2023,6.101478117552313
63,ornamentals,2019,2.6772366930917326
63,ornamentals,2020,0.368058319123782
63,ornamentals,2021,8.205564718084808
63,ornamentals,2022,7.891014999557552
63,ornamentals,2023,12.937417651153485
63,fish_oil,2019,1.7825488641525438
63,fish_oil,2020,1.231115717341926
63,fish_oil,2021,2.1753688277089696
63,fish_oil,2022,2.810645172715364
63,fish_oil,2023,4.887271109878033
64,fish_oil,2019,1.1643232102230856
64,fish_oil,2020,1.0024569670330628
64,fish_oil,2021,1.098215491418535
64,fish_oil,2022,1.1857976311410945
64,fish_oil,2023,1.1232068309152408
64,seaweeds,2019,34.87737232790993
64,seaweeds,2020,36.54010494752624
64,seaweeds,2021,0.8175
64,seaweeds,2022,6.885705128205129
64,seaweeds,2023,4.89099358974359
64,ornamentals,2019,13.246650100353627
64,ornamentals,2020,18.179487576038767
64,ornamentals,2021,19.222097378277155
64,ornamentals,2022,3.8357558139534884
64,ornamentals,2023,1.0384615384615385
65,fish_oil,2019,0.2916016033741689
65,fish_oil,2020,0.14583952251060037
65,fish_oil,2021,0.14166666666666666
65,fish_oil,2022,0.2387847589571918
65,fish_oil,2023,0.33498995453103525
65,seaweeds,2019,34.87737232790993
65,seaweeds,2020,36.54010494752624
65,seaweeds,2021,0.8175
65,seaweeds,2022,6.885705128205129
65,seaweeds,2023,4.89099358974359
65,ornamentals,2019,13.246650100353627
65,ornamentals,2020,18.179487576038767
65,ornamentals,2021,19.222097378277155
65,ornamentals,2022,3.8357558139534884
65,ornamentals,2023,1.0384615384615385
66,fish_oil,2019,0.6931928382231615
66,fish_oil,2020,1.1777894714386283
66,fish_oil,2021,1.1056038947586493
66,fish_oil,2022,1.1936973716716706
66,fish_oil,2023,1.6031141884933535
66,seaweeds,2019,2.965317919075144
66,seaweeds,2020,36.54010494752624
66,seaweeds,2021,0.8175
66,seaweeds,2022,18.82051282051282
66,seaweeds,2023,10.841666666666667
66,ornamentals,2019,13.246650100353627
66,ornamentals,2020,18.179487576038767
66,ornamentals,2021,19.222097378277155
66,ornamentals,2022,3.8357558139534884
66,ornamentals,2023,1.0384615384615385
67,ornamentals,2019,2.6772366930917326
67,ornamentals,2020,0.368058319123782
67,ornamentals,2021,8.205564718084808
67,ornamentals,2022,7.891014999557552
67,ornamentals,2023,12.937417651153485
67,seaweeds,2019,7.373491477328102
67,seaweeds,2020,8.514579935563333
67,seaweeds,2021,6.504992187094564
67,seaweeds,2022,5.81687459769867
67,seaweeds,2023,6.101478117552313
67,fish_oil,2019,1.7825488641525438
67,fish_oil,2020,1.231115717341926
67,fish_oil,2021,2.1753688277089696
67,fish_oil,2022,2.810645172715364
67,fish_oil,2023,4.887271109878033
68,fish_oil,2019,3.5130878839029642
68,fish_oil,2020,61.9
68,fish_oil,2021,29.34857142857143
68,fish_oil,2022,25.82790697674419
68,fish_oil,2023,22.458333333333336
68,seaweeds,2019,16.196434256606178
68,seaweeds,2020,15.232121707046842
68,seaweeds,2021,22.258482257657008
68,seaweeds,2022,15.950282976495712
68,seaweeds,2023,24.79950988909789
68,ornamentals,2019,13.839026417897957
68,ornamentals,2020,13.28453454913226
68,ornamentals,2021,16.187521677881296
68,ornamentals,2022,12.258381992966504
68,ornamentals,2023,10.599927036875398
69,fish_oil,2019,1.0354010684792152
69,fish_oil,2020,1.0549830163828362
69,fish_oil,2021,1.219647638416988
69,fish_oil,2022,1.4706412012938481
69,fish_oil,2023,2.868096811103282
69,ornamentals,2019,50.43147993643757
69,ornamentals,2020,47.564140449049454
69,ornamentals,2021,61.650525816802805
69,ornamentals,2022,45.0472064271001
69,ornamentals,2023,45.42595720888871
69,seaweeds,2019,5.05172581429266
69,seaweeds,2020,5.592745259686727
69,seaweeds,2021,4.364423834106221
69,seaweeds,2022,2.1847267712463365
69,seaweeds,2023,2.282545112036486
70,fish_oil,2019,1.5144192990727643
70,fish_oil,2020,1.5395311624929997
70,fish_oil,2021,1.7367123838269702
70,fish_oil,2022,2.7793573251186587
70,fish_oil,2023,4.389806521006327
70,seaweeds,2019,36.641025641025635
70,seaweeds,2020,35.96396396396396
70,seaweeds,2021,10.953703703703704
70,seaweeds,2022,29.373626373626372
70,seaweeds,2023,7.56111111111111
70,ornamentals,2019,50.43147993643757
70,ornamentals,2020,47.564140449049454
70,ornamentals,2021,61.650525816802805
70,ornamentals,2022,45.0472064271001
70,ornamentals,2023,45.42595720888871
71,fish_oil,2019,19.96875
71,fish_oil,2020,4.020388097391727
71,fish_oil,2021,21.015384615384615
71,fish_oil,2022,0.0026192080294497114
71,fish_oil,2023,19.095238095238095
71,ornamentals,2019,2.191473182601643
71,ornamentals,2020,1.8378749879425098
71,ornamentals,2021,1.8959473005871403
71,ornamentals,2022,1.9380936417476813
71,ornamentals,2023,1.9380936417476813
71,seaweeds,2019,6.695407407407407
71,seaweeds,2020,6.0882797731569
71,seaweeds,2021,9.58995163051958
71,seaweeds,2022,5.088543506417049
71,seaweeds,2023,4.504518962750232
72,fish_oil,2019,2.749762492874786
72,fish_oil,2020,4.857508969759098
72,fish_oil,2021,3.8884192730346583
72,fish_oil,2022,5.042980999815533
72,fish_oil,2023,12.34290780141844
72,ornamentals,2019,12.963075060532688
72,ornamentals,2020,10.946520356453492
72,ornamentals,2021,2.36047365029357
72,ornamentals,2022,8.21904682087384
72,ornamentals,2023,6.666666666666667
72,seaweeds,2019,22.97058823529412
72,seaweeds,2020,42.04761904761905
72,seaweeds,2021,42.16901408450705
72,seaweeds,2022,21.555555555555554
72,seaweeds,2023,14.757894736842106
73,fish_oil,2019,2.1185897435897436
73,fish_oil,2020,1.182306477093207
73,fish_oil,2021,1.6235662148070906
73,fish_oil,2022,1.3746529484917722
73,fish_oil,2023,2.488655621802498
73,seaweeds,2019,6.418803418803419
73,seaweeds,2020,6.696428571428571
73,seaweeds,2021,6.749054224464061
73,seaweeds,2022,9.214261968085106
73,seaweeds,2023,10.606560428922482
73,ornamentals,2019,7.253270467009689
73,ornamentals,2020,5.3725762259097785
73,ornamentals,2021,2.36047365029357
73,ornamentals,2022,8.21904682087384
73,ornamentals,2023,6.534920102804783
74,fish_oil,2019,1.644915163630355
74,fish_oil,2020,1.7889300894417062
74,fish_oil,2021,1.818840298167811
74,fish_oil,2022,2.551080165283769
74,fish_oil,2023,4.1778269436858295
74,seaweeds,2019,2.8
74,seaweeds,2020,13.054814707322212
74,seaweeds,2021,5.625
74,seaweeds,2022,5.45
74,seaweeds,2023,5.45
74,ornamentals,2019,689.5303074939351
74,ornamentals,2020,1.8476207219878105
74,ornamentals,2021,140.4681937304791
74,ornamentals,2022,55.428753615754005
74,ornamentals,2023,3.847756898986307
75,fish_oil,2019,2.5176767676767677
75,fish_oil,2020,8.11111111111111
75,fish_oil,2021,3.857142857142857
75,fish_oil,2022,4.776315789473684
75,fish_oil,2023,1.8977635782747606
75,seaweeds,2019,4.892257579553997
75,seaweeds,2020,5.281279178338002
75,seaweeds,2021,8.643343815513628
75,seaweeds,2022,5.437258687258687
75,seaweeds,2023,5.9909566872917654
75,ornamentals,2019,7.253270467009689
75,ornamentals,2020,5.3725762259097785
75,ornamentals,2021,2.36047365029357
75,ornamentals,2022,8.21904682087384
75,ornamentals,2023,6.534920102804783
76,fish_oil,2019,1.7908807100059752
76,fish_oil,2020,1.9131884795062815
76,fish_oil,2021,2.216244666089597
76,fish_oil,2022,2.9738183362432404
76,fish_oil,2023,6.036966974513032
76,ornamentals,2019,332.09999999999997
76,ornamentals,2020,2.5555555555555554
76,ornamentals,2021,16.933481152993348
76,ornamentals,2022,104.98726114649682
76,ornamentals,2023,6.23744292237443
76,seaweeds,2019,3.360515021459228
76,seaweeds,2020,3.8028503562945373
76,seaweeds,2021,2.003921568627451
76,seaweeds,2022,2.655761024182077
76,seaweeds,2023,4.071016691957512
77,ornamentals,2019,4.644772745711295
77,ornamentals,2020,1.8476207219878105
77,ornamentals,2021,16.426280998196297
77,ornamentals,2022,55.428753615754005
77,ornamentals,2023,3.847756898986307
77,seaweeds,2019,9.211885795598922
77,seaweeds,2020,1.0476190476190477
77,seaweeds,2021,10.010092416212007
77,seaweeds,2022,1.5552430695058257
77,seaweeds,2023,2.055555555555556
77,fish_oil,2019,2.9499054849198525
77,fish_oil,2020,55.41276923723147
77,fish_oil,2021,59.00740656851673
77,fish_oil,2022,55.591812672190194
77,fish_oil,2023,14.75590872216053
78,fish_oil,2019,2.9499054849198525
78,fish_oil,2020,55.41276923723147
78,fish_oil,2021,59.00740656851673
78,fish_oil,2022,55.591812672190194
78,fish_oil,2023,14.75590872216053
78,ornamentals,2019,689.5303074939351
78,ornamentals,2020,0.7067510548523207
78,ornamentals,2021,0.8506944444444445
78,ornamentals,2022,55.428753615754005
78,ornamentals,2023,0.5673056841280331
78,seaweeds,2019,32.82
78,seaweeds,2020,24.41895261845387
78,seaweeds,2021,13.75287797390637
78,seaweeds,2022,8.83750618060862
78,seaweeds,2023,3.957361162877376
79,fish_oil,2019,0.2591392201228768
79,fish_oil,2020,374
79,fish_oil,2021,386.95652173913044
79,fish_oil,2022,320.94594594594594
79,fish_oil,2023,65.84536958368734
79,ornamentals,2019,3100
79,ornamentals,2020,1.8476207219878105
79,ornamentals,2021,29.830512056761453
79,ornamentals,2022,55.428753615754005
79,ornamentals,2023,3.847756898986307
79,seaweeds,2019,1.146439375330186
79,seaweeds,2020,2.1752428628351117
79,seaweeds,2021,6.380505791351048
79,seaweeds,2022,5.442696810008448
79,seaweeds,2023,4.606642189586115
80,fish_oil,2019,1.4451423550744957
80,fish_oil,2020,1.5380942433376108
80,fish_oil,2021,35.54915003695492
80,fish_oil,2022,7.787665674871516
80,fish_oil,2023,53.59669211195929
80,ornamentals,2019,13.839026417897957
80,ornamentals,2020,13.28453454913226
80,ornamentals,2021,16.187521677881296
80,ornamentals,2022,12.258381992966504
80,ornamentals,2023,10.599927036875398
80,seaweeds,2019,18.683148335015137
80,seaweeds,2020,17.998136067101584
80,seaweeds,2021,9.595073465859983
80,seaweeds,2022,22.456531845653185
80,seaweeds,2023,25.006575342465755
81,fish_oil,2019,2.9499054849198525
81,fish_oil,2020,55.41276923723147
81,fish_oil,2021,12.5
81,fish_oil,2022,55.591812672190194
81,fish_oil,2023,14.75590872216053
81,seaweeds,2019,0.3318746150382417
81,seaweeds,2020,23.666666666666668
81,seaweeds,2021,10.010092416212007
81,seaweeds,2022,37.51724137931035
81,seaweeds,2023,37.51724137931035
81,ornamentals,2019,689.5303074939351
81,ornamentals,2020,1.8476207219878105
81,ornamentals,2021,140.4681937304791
81,ornamentals,2022,55.428753615754005
81,ornamentals,2023,3.847756898986307
82,ornamentals,2019,13.839026417897957
82,ornamentals,2020,13.28453454913226
82,ornamentals,2021,16.187521677881296
82,ornamentals,2022,12.258381992966504
82,ornamentals,2023,10.599927036875398
82,seaweeds,2019,37.166666666666664
82,seaweeds,2020,4.999999999999999
82,seaweeds,2021,37.99999999999999
82,seaweeds,2022,15.950282976495712
82,seaweeds,2023,53.24999999999999
82,fish_oil,2019,3.5130878839029642
82,fish_oil,2020,12.688876901113854
82,fish_oil,2021,12.963175178808166
82,fish_oil,2022,9.038014004857267
82,fish_oil,2023,13.977192957370363
84,ornamentals,2019,2.6772366930917326
84,ornamentals,2020,0.368058319123782
84,ornamentals,2021,8.205564718084808
84,ornamentals,2022,7.891014999557552
84,ornamentals,2023,12.937417651153485
84,seaweeds,2019,7.373491477328102
84,seaweeds,2020,8.514579935563333
84,seaweeds,2021,6.504992187094564
84,seaweeds,2022,5.81687459769867
84,seaweeds,2023,6.101478117552313
84,fish_oil,2019,1.7825488641525438
84,fish_oil,2020,1.231115717341926
84,fish_oil,2021,2.1753688277089696
84,fish_oil,2022,2.810645172715364
84,fish_oil,2023,4.887271109878033
85,ornamentals,2019,200.9768418030223
85,ornamentals,2020,584.9666258893922
85,ornamentals,2021,718.4772831885801
85,ornamentals,2022,119.35197331496364
85,ornamentals,2023,81.34777639315145
85,seaweeds,2019,7.721455306187844
85,seaweeds,2020,13.415586823971827
85,seaweeds,2021,35.35252514707192
85,seaweeds,2022,35.09600963246095
85,seaweeds,2023,39.335083874458874
85,fish_oil,2019,1.4235776800097977
85,fish_oil,2020,1.587472022331214
85,fish_oil,2021,1.7024125352346209
85,fish_oil,2022,1.6479230480227982
85,fish_oil,2023,5.563146475908016
86,ornamentals,2019,50.43147993643757
86,ornamentals,2020,47.564140449049454
86,ornamentals,2021,61.650525816802805
86,ornamentals,2022,45.0472064271001
86,ornamentals,2023,45.42595720888871
86,seaweeds,2019,10.029240233939625
86,seaweeds,2020,8.08059822539885
86,seaweeds,2021,6.877501948843852
86,seaweeds,2022,8.511875344318732
86,seaweeds,2023,5.9226356182180755
86,fish_oil,2019,3.713604198153352
86,fish_oil,2020,3.3550710938831796
86,fish_oil,2021,2.21169171000455
86,fish_oil,2022,2.9078841597276552
86,fish_oil,2023,5.234311551859661
88,ornamentals,2019,200.9768418030223
88,ornamentals,2020,584.9666258893922
88,ornamentals,2021,718.4772831885801
88,ornamentals,2022,119.35197331496364
88,ornamentals,2023,81.34777639315145
88,seaweeds,2019,7.721455306187844
88,seaweeds,2020,13.415586823971827
88,seaweeds,2021,35.35252514707192
88,seaweeds,2022,35.09600963246095
88,seaweeds,2023,39.335083874458874
88,fish_oil,2019,1.4235776800097977
88,fish_oil,2020,1.587472022331214
88,fish_oil,2021,1.7024125352346209
88,fish_oil,2022,1.6479230480227982
88,fish_oil,2023,5.563146475908016
89,seaweeds,2019,12.69438158351965
89,seaweeds,2020,13.195661535326474
89,seaweeds,2021,12.608422069047505
89,seaweeds,2022,9.005880754555477
89,seaweeds,2023,10.475280391460174
89,ornamentals,2019,762.3986858156522
89,ornamentals,2020,533.8956822859074
89,ornamentals,2021,482.4878993830671
89,ornamentals,2022,313.3104942475703
89,ornamentals,2023,267.14713099669086
89,fish_oil,2019,4.173549943898697
89,fish_oil,2020,8.734880162391821
89,fish_oil,2021,9.479579859767002
89,fish_oil,2022,9.100285927081373
89,fish_oil,2023,7.052039687792173
90,seaweeds,2019,1.936496771098465
90,seaweeds,2020,1.4562646654687665
90,seaweeds,2021,4.912191515127319
90,seaweeds,2022,2.2348769343120476
90,seaweeds,2023,1.5579266518568533
90,ornamentals,2019,3.8298185384992642
90,ornamentals,2020,5.613207547169811
90,ornamentals,2021,11.70204081632653
90,ornamentals,2022,2.6753371868978806
90,ornamentals,2023,1.9408767375411133
90,fish_oil,2019,1.4622851743564145
90,fish_oil,2020,1.5070031770391226
90,fish_oil,2021,1.7031288423348037
90,fish_oil,2022,2.218704915663421
90,fish_oil,2023,3.8696380905806236
91,seaweeds,2019,7.721455306187844
91,seaweeds,2020,13.415586823971827
91,seaweeds,2021,35.35252514707192
91,seaweeds,2022,35.09600963246095
91,seaweeds,2023,39.335083874458874
91,ornamentals,2019,200.9768418030223
91,ornamentals,2020,584.9666258893922
91,ornamentals,2021,718.4772831885801
91,ornamentals,2022,119.35197331496364
91,ornamentals,2023,81.34777639315145
91,fish_oil,2019,1.4235776800097977
91,fish_oil,2020,1.587472022331214
91,fish_oil,2021,1.7024125352346209
91,fish_oil,2022,1.6479230480227982
91,fish_oil,2023,5.563146475908016
92,seaweeds,2019,7.721455306187844
92,seaweeds,2020,13.415586823971827
92,seaweeds,2021,35.35252514707192
92,seaweeds,2022,35.09600963246095
92,seaweeds,2023,39.335083874458874
92,ornamentals,2019,200.9768418030223
92,ornamentals,2020,584.9666258893922
92,ornamentals,2021,718.4772831885801
92,ornamentals,2022,119.35197331496364
92,ornamentals,2023,81.34777639315145
92,fish_oil,2019,1.4235776800097977
92,fish_oil,2020,1.587472022331214
92,fish_oil,2021,1.7024125352346209
92,fish_oil,2022,1.6479230480227982
92,fish_oil,2023,5.563146475908016
93,seaweeds,2019,7.721455306187844
93,seaweeds,2020,13.415586823971827
93,seaweeds,2021,35.35252514707192
93,seaweeds,2022,35.09600963246095
93,seaweeds,2023,39.335083874458874
93,ornamentals,2019,200.9768418030223
93,ornamentals,2020,584.9666258893922
93,ornamentals,2021,718.4772831885801
93,ornamentals,2022,119.35197331496364
93,ornamentals,2023,81.34777639315145
93,fish_oil,2019,1.4235776800097977
93,fish_oil,2020,1.587472022331214
93,fish_oil,2021,1.7024125352346209
93,fish_oil,2022,1.6479230480227982
93,fish_oil,2023,5.563146475908016
94,seaweeds,2019,12.69438158351965
94,seaweeds,2020,13.195661535326474
94,seaweeds,2021,12.608422069047505
94,seaweeds,2022,9.005880754555477
94,seaweeds,2023,10.475280391460174
94,ornamentals,2019,762.3986858156522
94,ornamentals,2020,533.8956822859074
94,ornamentals,2021,482.4878993830671
94,ornamentals,2022,313.3104942475703
94,ornamentals,2023,267.14713099669086
94,fish_oil,2019,4.173549943898697
94,fish_oil,2020,8.734880162391821
94,fish_oil,2021,9.479579859767002
94,fish_oil,2022,9.100285927081373
94,fish_oil,2023,7.052039687792173
95,seaweeds,2019,10.029240233939625
95,seaweeds,2020,8.08059822539885
95,seaweeds,2021,6.877501948843852
95,seaweeds,2022,8.511875344318732
95,seaweeds,2023,5.9226356182180755
95,ornamentals,2019,50.43147993643757
95,ornamentals,2020,47.564140449049454
95,ornamentals,2021,61.650525816802805
95,ornamentals,2022,45.0472064271001
95,ornamentals,2023,45.42595720888871
95,fish_oil,2019,3.713604198153352
95,fish_oil,2020,3.3550710938831796
95,fish_oil,2021,2.21169171000455
95,fish_oil,2022,2.9078841597276552
95,fish_oil,2023,5.234311551859661
96,ornamentals,2019,13.246650100353627
96,ornamentals,2020,18.179487576038767
96,ornamentals,2021,19.222097378277155
96,ornamentals,2022,3.8357558139534884
96,ornamentals,2023,1.0384615384615385
96,seaweeds,2019,34.87737232790993
96,seaweeds,2020,36.54010494752624
96,seaweeds,2021,0.8175
96,seaweeds,2022,6.885705128205129
96,seaweeds,2023,4.89099358974359
96,fish_oil,2019,1.4760552140249767
96,fish_oil,2020,1.0056378755706212
96,fish_oil,2021,1.1470895464253457
96,fish_oil,2022,1.4663671035997392
96,fish_oil,2023,2.069567472696913
97,ornamentals,2019,13.246650100353627
97,ornamentals,2020,18.179487576038767
97,ornamentals,2021,19.222097378277155
97,ornamentals,2022,3.8357558139534884
97,ornamentals,2023,1.0384615384615385
97,seaweeds,2019,0.0775047258979206
97,seaweeds,2020,0.27586206896551724
97,seaweeds,2021,0.034999999999999996
97,seaweeds,2022,0.03
97,seaweeds,2023,0.03
97,fish_oil,2019,1.4760552140249767
97,fish_oil,2020,1.0056378755706212
97,fish_oil,2021,1.1470895464253457
97,fish_oil,2022,1.4663671035997392
97,fish_oil,2023,2.069567472696913
98,seaweeds,2019,34.87737232790993
98,seaweeds,2020,36.54010494752624
98,seaweeds,2021,0.8175
98,seaweeds,2022,6.885705128205129
98,seaweeds,2023,4.89099358974359
98,ornamentals,2019,13.246650100353627
98,ornamentals,2020,18.179487576038767
98,ornamentals,2021,19.222097378277155
98,ornamentals,2022,3.8357558139534884
98,ornamentals,2023,1.0384615384615385
98,fish_oil,2019,1.4760552140249767
98,fish_oil,2020,1.0056378755706212
98,fish_oil,2021,1.1470895464253457
98,fish_oil,2022,1.4663671035997392
98,fish_oil,2023,2.069567472696913
99,seaweeds,2019,34.87737232790993
99,seaweeds,2020,36.54010494752624
99,seaweeds,2021,0.8175
99,seaweeds,2022,6.885705128205129
99,seaweeds,2023,4.89099358974359
99,ornamentals,2019,13.246650100353627
99,ornamentals,2020,18.179487576038767
99,ornamentals,2021,19.222097378277155
99,ornamentals,2022,3.8357558139534884
99,ornamentals,2023,1.0384615384615385
99,fish_oil,2019,1.4760552140249767
99,fish_oil,2020,1.0056378755706212
99,fish_oil,2021,1.1470895464253457
99,fish_oil,2022,1.4663671035997392
99,fish_oil,2023,2.069567472696913
100,fish_oil,2019,0.35544
100,fish_oil,2020,0.35405882352941176
100,fish_oil,2021,0.4022489631611747
100,fish_oil,2022,0.5683060109289617
100,fish_oil,2023,0.5707511854255054
100,ornamentals,2019,0.1285714285714286
100,ornamentals,2020,0.08888888888888889
100,ornamentals,2021,0.20555555555555555
100,ornamentals,2022,2.1171302489641652
100,ornamentals,2023,2.1171302489641652
100,seaweeds,2019,12.69438158351965
100,seaweeds,2020,13.195661535326474
100,seaweeds,2021,12.608422069047505
100,seaweeds,2022,9.005880754555477
100,seaweeds,2023,10.475280391460174
101,fish_oil,2019,1.5
101,fish_oil,2020,1.2057194643036955
101,fish_oil,2021,1.3947710871879806
101,fish_oil,2022,1.4626262626262627
101,fish_oil,2023,2.515453639082752
101,ornamentals,2019,3.8298185384992642
101,ornamentals,2020,5.613207547169811
101,ornamentals,2021,11.70204081632653
101,ornamentals,2022,0.5
101,ornamentals,2023,1.5286783042394017
101,seaweeds,2019,1.9523809523809523
101,seaweeds,2020,1.4562646654687665
101,seaweeds,2021,8.35
101,seaweeds,2022,2.2348769343120476
101,seaweeds,2023,1.4943773427738443
102,fish_oil,2019,1.424570348712829
102,fish_oil,2020,1.8082868897745499
102,fish_oil,2021,2.0114865974816265
102,fish_oil,2022,2.974783568700579
102,fish_oil,2023,5.223822542078495
102,ornamentals,2019,3.8298185384992642
102,ornamentals,2020,5.613207547169811
102,ornamentals,2021,11.70204081632653
102,ornamentals,2022,4.850674373795761
102,ornamentals,2023,2.353075170842825
102,seaweeds,2019,1.9206125898159778
102,seaweeds,2020,1.4562646654687665
102,seaweeds,2021,1.4743830302546395
102,seaweeds,2022,2.2348769343120476
102,seaweeds,2023,1.6214759609398623
103,ornamentals,2019,0.1285714285714286
103,ornamentals,2020,0.08888888888888889
103,ornamentals,2021,0.20555555555555555
103,ornamentals,2022,2.1171302489641652
103,ornamentals,2023,2.1171302489641652
103,seaweeds,2019,12.69438158351965
103,seaweeds,2020,13.195661535326474
103,seaweeds,2021,12.608422069047505
103,seaweeds,2022,9.005880754555477
103,seaweeds,2023,10.475280391460174
103,fish_oil,2019,0.39618250579125025
103,fish_oil,2020,0.40202941176470586
103,fish_oil,2021,0.4022489631611747
103,fish_oil,2022,0.5683060109289617
103,fish_oil,2023,0.5707511854255054
104,ornamentals,2019,0.1285714285714286
104,ornamentals,2020,0.08888888888888889
104,ornamentals,2021,0.20555555555555555
104,ornamentals,2022,2.1171302489641652
104,ornamentals,2023,2.1171302489641652
104,seaweeds,2019,12.69438158351965
104,seaweeds,2020,13.195661535326474
104,seaweeds,2021,12.608422069047505
104,seaweeds,2022,9.005880754555477
104,seaweeds,2023,10.475280391460174
104,fish_oil,2019,0.39618250579125025
104,fish_oil,2020,0.40202941176470586
104,fish_oil,2021,0.4022489631611747
104,fish_oil,2022,0.5683060109289617
104,fish_oil,2023,0.5707511854255054
105,seaweeds,2019,12.69438158351965
105,seaweeds,2020,13.195661535326474
105,seaweeds,2021,12.608422069047505
105,seaweeds,2022,9.005880754555477
105,seaweeds,2023,10.475280391460174
105,ornamentals,2019,762.3986858156522
105,ornamentals,2020,533.8956822859074
105,ornamentals,2021,482.4878993830671
105,ornamentals,2022,313.3104942475703
105,ornamentals,2023,267.14713099669086
105,fish_oil,2019,4.173549943898697
105,fish_oil,2020,8.734880162391821
105,fish_oil,2021,9.479579859767002
105,fish_oil,2022,9.100285927081373
105,fish_oil,2023,7.052039687792173
106,fish_oil,2019,4.35380249373547
106,fish_oil,2020,1.2659345391903531
106,fish_oil,2021,1.4108187134502923
106,fish_oil,2022,2.027943078913325
106,fish_oil,2023,3.6492313705054715
106,ornamentals,2019,0.6933002007072542
106,ornamentals,2020,0.6639344262295083
106,ornamentals,2021,0.9775280898876404
106,ornamentals,2022,3.8357558139534884
106,ornamentals,2023,1.0384615384615385
106,seaweeds,2019,133.66666666666666
106,seaweeds,2020,72.80434782608695
106,seaweeds,2021,1.6
106,seaweeds,2022,1.6923076923076923
106,seaweeds,2023,1.6923076923076923
107,seaweeds,2019,7.721455306187844
107,seaweeds,2020,13.415586823971827
107,seaweeds,2021,35.35252514707192
107,seaweeds,2022,35.09600963246095
107,seaweeds,2023,39.335083874458874
107,ornamentals,2019,200.9768418030223
107,ornamentals,2020,584.9666258893922
107,ornamentals,2021,718.4772831885801
107,ornamentals,2022,119.35197331496364
107,ornamentals,2023,81.34777639315145
107,fish_oil,2019,1.4235776800097977
107,fish_oil,2020,1.587472022331214
107,fish_oil,2021,1.7024125352346209
107,fish_oil,2022,1.6479230480227982
107,fish_oil,2023,5.563146475908016
108,seaweeds,2019,7.690095617169096
108,seaweeds,2020,8.306753325581568
108,seaweeds,2021,12.584028343854218
108,seaweeds,2022,10.371848997569245
108,seaweeds,2023,12.215996765972854
108,ornamentals,2019,689.7153679653678
108,ornamentals,2020,376.9125615763547
108,ornamentals,2021,436.10700757575756
108,ornamentals,2022,276.10143369175626
108,ornamentals,2023,119.78405797101449
108,fish_oil,2019,8.507692307692308
108,fish_oil,2020,3
108,fish_oil,2021,3
108,fish_oil,2022,2.545454545454546
108,fish_oil,2023,4.375
110,seaweeds,2019,14.14579256360078
110,seaweeds,2020,5.21875
110,seaweeds,2021,15.91412213740458
110,seaweeds,2022,10
110,seaweeds,2023,10
110,ornamentals,2019,689.7153679653678
110,ornamentals,2020,376.9125615763547
110,ornamentals,2021,436.10700757575756
110,ornamentals,2022,276.10143369175626
110,ornamentals,2023,119.78405797101449
110,fish_oil,2019,8.507692307692308
110,fish_oil,2020,3
110,fish_oil,2021,3
110,fish_oil,2022,2.545454545454546
110,fish_oil,2023,4.375
111,seaweeds,2019,7.690095617169096
111,seaweeds,2020,8.306753325581568
111,seaweeds,2021,12.584028343854218
111,seaweeds,2022,10.371848997569245
111,seaweeds,2023,12.215996765972854
111,ornamentals,2019,689.7153679653678
111,ornamentals,2020,376.9125615763547
111,ornamentals,2021,436.10700757575756
111,ornamentals,2022,276.10143369175626
111,ornamentals,2023,119.78405797101449
111,fish_oil,2019,8.507692307692308
111,fish_oil,2020,3
111,fish_oil,2021,3
111,fish_oil,2022,2.545454545454546
111,fish_oil,2023,4.375
112,ornamentals,2019,76.28571428571428
112,ornamentals,2020,12.666666666666668
112,ornamentals,2021,80.63636363636363
112,ornamentals,2022,80.87096774193549
112,ornamentals,2023,135.65217391304347
112,seaweeds,2019,7.690095617169096
112,seaweeds,2020,8.306753325581568
112,seaweeds,2021,12.584028343854218
112,seaweeds,2022,10.371848997569245
112,seaweeds,2023,12.215996765972854
112,fish_oil,2019,8.507692307692308
112,fish_oil,2020,3
112,fish_oil,2021,3
112,fish_oil,2022,2.545454545454546
112,fish_oil,2023,4.375
113,seaweeds,2019,7.690095617169096
113,seaweeds,2020,8.306753325581568
113,seaweeds,2021,12.584028343854218
113,seaweeds,2022,10.371848997569245
113,seaweeds,2023,12.215996765972854
113,ornamentals,2019,689.7153679653678
113,ornamentals,2020,376.9125615763547
113,ornamentals,2021,436.10700757575756
113,ornamentals,2022,276.10143369175626
113,ornamentals,2023,119.78405797101449
113,fish_oil,2019,8.507692307692308
113,fish_oil,2020,3
113,fish_oil,2021,3
113,fish_oil,2022,2.545454545454546
113,fish_oil,2023,4.375
114,ornamentals,2019,2663.9090909090905
114,ornamentals,2020,1479.1904761904761
114,ornamentals,2021,1652.25
114,ornamentals,2022,744.0999999999999
114,ornamentals,2023,219.20000000000002
114,seaweeds,2019,7.690095617169096
114,seaweeds,2020,8.306753325581568
114,seaweeds,2021,12.584028343854218
114,seaweeds,2022,10.371848997569245
114,seaweeds,2023,12.215996765972854
114,fish_oil,2019,8.507692307692308
114,fish_oil,2020,3
114,fish_oil,2021,3
114,fish_oil,2022,2.545454545454546
114,fish_oil,2023,4.375
115,fish_oil,2019,11.384615384615383
115,fish_oil,2020,3
115,fish_oil,2021,3
115,fish_oil,2022,2.545454545454546
115,fish_oil,2023,4.375
115,ornamentals,2019,16.666666666666668
115,ornamentals,2020,6.999999999999999
115,ornamentals,2021,5.500000000000001
115,ornamentals,2022,276.10143369175626
115,ornamentals,2023,119.78405797101449
115,seaweeds,2019,12.4468085106383
115,seaweeds,2020,4.761904761904762
115,seaweeds,2021,4.801282051282051
115,seaweeds,2022,1.544871794871795
115,seaweeds,2023,2.37
116,seaweeds,2019,7.721455306187844
116,seaweeds,2020,13.415586823971827
116,seaweeds,2021,35.35252514707192
116,seaweeds,2022,35.09600963246095
116,seaweeds,2023,39.335083874458874
116,ornamentals,2019,200.9768418030223
116,ornamentals,2020,584.9666258893922
116,ornamentals,2021,718.4772831885801
116,ornamentals,2022,119.35197331496364
116,ornamentals,2023,81.34777639315145
116,fish_oil,2019,1.4235776800097977
116,fish_oil,2020,1.587472022331214
116,fish_oil,2021,1.7024125352346209
116,fish_oil,2022,1.6479230480227982
116,fish_oil,2023,5.563146475908016
117,seaweeds,2019,7.690095617169096
117,seaweeds,2020,8.306753325581568
117,seaweeds,2021,12.584028343854218
117,seaweeds,2022,10.371848997569245
117,seaweeds,2023,12.215996765972854
117,ornamentals,2019,689.7153679653678
117,ornamentals,2020,376.9125615763547
117,ornamentals,2021,436.10700757575756
117,ornamentals,2022,276.10143369175626
117,ornamentals,2023,119.78405797101449
117,fish_oil,2019,8.507692307692308
117,fish_oil,2020,3
117,fish_oil,2021,3
117,fish_oil,2022,2.545454545454546
117,fish_oil,2023,4.375
118,seaweeds,2019,7.690095617169096
118,seaweeds,2020,8.306753325581568
118,seaweeds,2021,12.584028343854218
118,seaweeds,2022,10.371848997569245
118,seaweeds,2023,12.215996765972854
118,ornamentals,2019,689.7153679653678
118,ornamentals,2020,376.9125615763547
118,ornamentals,2021,436.10700757575756
118,ornamentals,2022,276.10143369175626
118,ornamentals,2023,119.78405797101449
118,fish_oil,2019,8.507692307692308
118,fish_oil,2020,3
118,fish_oil,2021,3
118,fish_oil,2022,2.545454545454546
118,fish_oil,2023,4.375
119,seaweeds,2019,7.690095617169096
119,seaweeds,2020,8.306753325581568
119,seaweeds,2021,12.584028343854218
119,seaweeds,2022,10.371848997569245
119,seaweeds,2023,12.215996765972854
119,ornamentals,2019,689.7153679653678
119,ornamentals,2020,376.9125615763547
119,ornamentals,2021,436.10700757575756
119,ornamentals,2022,276.10143369175626
119,ornamentals,2023,119.78405797101449
119,fish_oil,2019,8.507692307692308
119,fish_oil,2020,3
119,fish_oil,2021,3
119,fish_oil,2022,2.545454545454546
119,fish_oil,2023,4.375
120,seaweeds,2019,7.690095617169096
120,seaweeds,2020,8.306753325581568
120,seaweeds,2021,12.584028343854218
120,seaweeds,2022,10.371848997569245
120,seaweeds,2023,12.215996765972854
120,ornamentals,2019,689.7153679653678
120,ornamentals,2020,376.9125615763547
120,ornamentals,2021,436.10700757575756
120,ornamentals,2022,276.10143369175626
120,ornamentals,2023,119.78405797101449
120,fish_oil,2019,8.507692307692308
120,fish_oil,2020,3
120,fish_oil,2021,3
120,fish_oil,2022,2.545454545454546
120,fish_oil,2023,4.375
121,seaweeds,2019,7.690095617169096
121,seaweeds,2020,8.306753325581568
121,seaweeds,2021,12.584028343854218
121,seaweeds,2022,10.371848997569245
121,seaweeds,2023,12.215996765972854
121,ornamentals,2019,689.7153679653678
121,ornamentals,2020,376.9125615763547
121,ornamentals,2021,436.10700757575756
121,ornamentals,2022,276.10143369175626
121,ornamentals,2023,119.78405797101449
121,fish_oil,2019,8.507692307692308
121,fish_oil,2020,3
121,fish_oil,2021,3
121,fish_oil,2022,2.545454545454546
121,fish_oil,2023,4.375
122,seaweeds,2019,18.189808917197453
122,seaweeds,2020,15.406669671022982
122,seaweeds,2021,17.671650179856112
122,seaweeds,2022,15.446742780389522
122,seaweeds,2023,17.887831479897347
122,ornamentals,2019,689.7153679653678
122,ornamentals,2020,376.9125615763547
122,ornamentals,2021,436.10700757575756
122,ornamentals,2022,276.10143369175626
122,ornamentals,2023,119.78405797101449
122,fish_oil,2019,8.507692307692308
122,fish_oil,2020,3
122,fish_oil,2021,3
122,fish_oil,2022,2.545454545454546
122,fish_oil,2023,4.375
123,seaweeds,2019,7.690095617169096
123,seaweeds,2020,8.306753325581568
123,seaweeds,2021,12.584028343854218
123,seaweeds,2022,10.371848997569245
123,seaweeds,2023,12.215996765972854
123,ornamentals,2019,689.7153679653678
123,ornamentals,2020,376.9125615763547
123,ornamentals,2021,436.10700757575756
123,ornamentals,2022,276.10143369175626
123,ornamentals,2023,119.78405797101449
123,fish_oil,2019,8.507692307692308
123,fish_oil,2020,3
123,fish_oil,2021,3
123,fish_oil,2022,2.545454545454546
123,fish_oil,2023,4.375
124,fish_oil,2019,5.630769230769231
124,fish_oil,2020,3
124,fish_oil,2021,3
124,fish_oil,2022,2.545454545454546
124,fish_oil,2023,4.375
124,ornamentals,2019,689.7153679653678
124,ornamentals,2020,376.9125615763547
124,ornamentals,2021,436.10700757575756
124,ornamentals,2022,276.10143369175626
124,ornamentals,2023,119.78405797101449
124,seaweeds,2019,1
124,seaweeds,2020,8.306753325581568
124,seaweeds,2021,12.584028343854218
124,seaweeds,2022,10.371848997569245
124,seaweeds,2023,12.215996765972854
125,seaweeds,2020,9.571428571428571
125,seaweeds,2021,11.0718954248366
125,seaweeds,2022,10.114197530864198
125,seaweeds,2023,23.617161716171616
125,seaweeds,2019,7.690095617169096
125,ornamentals,2019,689.7153679653678
125,ornamentals,2020,376.9125615763547
125,ornamentals,2021,436.10700757575756
125,ornamentals,2022,276.10143369175626
125,ornamentals,2023,119.78405797101449
125,fish_oil,2019,8.507692307692308
125,fish_oil,2020,3
125,fish_oil,2021,3
125,fish_oil,2022,2.545454545454546
125,fish_oil,2023,4.375
126,fish_oil,2019,8.507692307692308
126,fish_oil,2020,3
126,fish_oil,2021,3
126,fish_oil,2022,2.545454545454546
126,fish_oil,2023,4.375
126,ornamentals,2019,2
126,ornamentals,2020,8.793103448275861
126,ornamentals,2021,6.041666666666667
126,ornamentals,2022,3.3333333333333335
126,ornamentals,2023,4.5
126,seaweeds,2019,2.4713362518240567
126,seaweeds,2020,2.2535522576570886
126,seaweeds,2021,2.6538461538461537
126,seaweeds,2022,4.200348432055749
126,seaweeds,2023,4.292792792792792
127,fish_oil,2019,8.507692307692308
127,fish_oil,2020,3
127,fish_oil,2021,3
127,fish_oil,2022,2.545454545454546
127,fish_oil,2023,4.375
127,seaweeds,2019,3.576923076923077
127,seaweeds,2020,4
127,seaweeds,2021,16.04109589041096
127,seaweeds,2022,19.838449111470112
127,seaweeds,2023,21.827586206896555
127,ornamentals,2019,689.7153679653678
127,ornamentals,2020,376.9125615763547
127,ornamentals,2021,436.10700757575756
127,ornamentals,2022,276.10143369175626
127,ornamentals,2023,119.78405797101449
129,fish_oil,2019,1.4332686205378853
129,fish_oil,2020,1.7838141893859314
129,fish_oil,2021,1.5246238541478616
129,fish_oil,2022,2.0093526732383293
129,fish_oil,2023,4.447120228796244
129,ornamentals,2019,5.812758375677731
129,ornamentals,2020,4.54232919166623
129,ornamentals,2021,5.341789783072027
129,ornamentals,2022,5.875928475662274
129,ornamentals,2023,115.98509833957793
129,seaweeds,2019,38.25392067700763
129,seaweeds,2020,1.2
129,seaweeds,2021,1.2
129,seaweeds,2022,1.1997600479904018
129,seaweeds,2023,1.2005097706032286
130,fish_oil,2019,0.8830697129466901
130,fish_oil,2020,0.8158110521032101
130,fish_oil,2021,0.9308834505244137
130,fish_oil,2022,1.372808873969204
130,fish_oil,2023,1.671060225262962
130,ornamentals,2019,6.551789587852494
130,ornamentals,2020,5.201758057764755
130,ornamentals,2021,6.997318315902387
130,ornamentals,2022,6.409686817188637
130,ornamentals,2023,4.363758389261744
130,seaweeds,2019,0.76
130,seaweeds,2020,45.72751616831504
130,seaweeds,2021,5
130,seaweeds,2022,3.4276979704341715
130,seaweeds,2023,8.185185185185185
131,fish_oil,2019,1.2829220392468832
131,fish_oil,2020,1.7340046995195882e-5
131,fish_oil,2021,2.057485335651256e-5
131,fish_oil,2022,1.6189612173488086
131,fish_oil,2023,3.784012539184953
131,ornamentals,2019,5.578197754039989
131,ornamentals,2020,2.9906103286384975
131,ornamentals,2021,3.6578073089700998
131,ornamentals,2022,2.8385481852315393
131,ornamentals,2023,2.9745222929936306
131,seaweeds,2019,38.25392067700763
131,seaweeds,2020,45.72751616831504
131,seaweeds,2021,39.964238350899755
131,seaweeds,2022,3.4276979704341715
131,seaweeds,2023,20.8376752590235
132,fish_oil,2019,1.4959554744275725
132,fish_oil,2020,0.14250951848878557
132,fish_oil,2021,11.574585635359115
132,fish_oil,2022,9.905840286054826
132,fish_oil,2023,10.439375750300119
132,ornamentals,2019,10.009092359227948
132,ornamentals,2020,7.430789133247089
132,ornamentals,2021,23.428571428571423
132,ornamentals,2022,92.3160922400564
132,ornamentals,2023,90.84723002058769
132,seaweeds,2019,24.58250048736692
132,seaweeds,2020,23.304788231953484
132,seaweeds,2021,15.767502794089427
132,seaweeds,2022,7.16882816497299
132,seaweeds,2023,7.26038615162946
133,fish_oil,2019,0.9930232558139536
133,fish_oil,2020,0.6173015087806084
133,fish_oil,2021,0.5300492610837438
133,fish_oil,2022,0.7576773445906796
133,fish_oil,2023,1.6001611298042746
133,ornamentals,2019,5.812758375677731
133,ornamentals,2020,4.54232919166623
133,ornamentals,2021,5.341789783072027
133,ornamentals,2022,5.875928475662274
133,ornamentals,2023,115.98509833957793
133,seaweeds,2019,173.679012345679
133,seaweeds,2020,201.8
133,seaweeds,2021,201.5
133,seaweeds,2022,3.4276979704341715
133,seaweeds,2023,86.17948717948717
134,fish_oil,2019,1.2975409836065575
134,fish_oil,2020,1.3363636363636364
134,fish_oil,2021,1.356818181818182
134,fish_oil,2022,1.511
134,fish_oil,2023,1.6770384615384615
134,ornamentals,2019,5.812758375677731
134,ornamentals,2020,4.54232919166623
134,ornamentals,2021,5.341789783072027
134,ornamentals,2022,5.875928475662274
134,ornamentals,2023,115.98509833957793
134,seaweeds,2019,38.25392067700763
134,seaweeds,2020,45.72751616831504
134,seaweeds,2021,39.964238350899755
134,seaweeds,2022,3.4276979704341715
134,seaweeds,2023,20.8376752590235
135,fish_oil,2019,1.520945452049897
135,fish_oil,2020,1.887437218194018
135,fish_oil,2021,1.7478828369654087
135,fish_oil,2022,2.6989205019452656
135,fish_oil,2023,4.594409907504836
135,ornamentals,2019,5.30828778514071
135,ornamentals,2020,5.434619188595439
135,ornamentals,2021,5.370243724343593
135,ornamentals,2022,5.549596547287743
135,ornamentals,2023,449
135,seaweeds,2019,4.324835181115583
135,seaweeds,2020,4.9232951272894825
135,seaweeds,2021,6.492760084168481
135,seaweeds,2022,6.453704233682483
135,seaweeds,2023,8.918431945458973
136,fish_oil,2019,1.5696842105263158
136,fish_oil,2020,1.2971362504446817
136,fish_oil,2021,1.3317797254166879
136,fish_oil,2022,1.3640079103493739
136,fish_oil,2023,1.9790986283474852
136,ornamentals,2019,5.812758375677731
136,ornamentals,2020,4.54232919166623
136,ornamentals,2021,5.341789783072027
136,ornamentals,2022,5.875928475662274
136,ornamentals,2023,115.98509833957793
136,seaweeds,2019,1.5057558582435564
136,seaweeds,2020,7
136,seaweeds,2021,6.592670021230049
136,seaweeds,2022,2.6296296296296293
136,seaweeds,2023,2.292437473406436
137,fish_oil,2019,1.5454501000222272
137,fish_oil,2020,1.5973396036278134
137,fish_oil,2021,1.7565496513850674
137,fish_oil,2022,2.313750627345231
137,fish_oil,2023,3.8449087910047424
137,ornamentals,2019,16.385
137,ornamentals,2020,8.110062158279852
137,ornamentals,2021,8.932835820895523
137,ornamentals,2022,92.3160922400564
137,ornamentals,2023,90.84723002058769
137,seaweeds,2019,25.649768329245024
137,seaweeds,2020,28.693
137,seaweeds,2021,31.052039381153303
137,seaweeds,2022,29.73485784919654
137,seaweeds,2023,30.236686390532544
138,fish_oil,2019,2.2847736999881767
138,fish_oil,2020,2.5813015362819027
138,fish_oil,2021,2.3483877012702714
138,fish_oil,2022,3.8509247370045787
138,fish_oil,2023,6.710028843238059
138,ornamentals,2019,4.454545454545454
138,ornamentals,2020,24.629079034786237
138,ornamentals,2021,41.39378413953324
138,ornamentals,2022,92.3160922400564
138,ornamentals,2023,90.84723002058769
138,seaweeds,2019,0.6250710999196539
138,seaweeds,2020,0.6722931098814571
138,seaweeds,2021,0.8940083019734222
138,seaweeds,2022,1.4668702933576536
138,seaweeds,2023,1.263828041366149
139,fish_oil,2019,1.4959554744275725
139,fish_oil,2020,1.3051305686265848
139,fish_oil,2021,3.6412683917116913
139,fish_oil,2022,3.9514513763839147
139,fish_oil,2023,5.293764327395711
139,ornamentals,2019,21.7242787919613
139,ornamentals,2020,24.629079034786237
139,ornamentals,2021,41.39378413953324
139,ornamentals,2022,92.3160922400564
139,ornamentals,2023,90.84723002058769
139,seaweeds,2019,0.2984153403377371
139,seaweeds,2020,23.304788231953484
139,seaweeds,2021,0.3856498746118164
139,seaweeds,2022,1.3569950331125826
139,seaweeds,2023,1.6134619331007594
140,ornamentals,2019,200.9768418030223
140,ornamentals,2020,584.9666258893922
140,ornamentals,2021,718.4772831885801
140,ornamentals,2022,119.35197331496364
140,ornamentals,2023,81.34777639315145
140,seaweeds,2019,7.721455306187844
140,seaweeds,2020,13.415586823971827
140,seaweeds,2021,35.35252514707192
140,seaweeds,2022,35.09600963246095
140,seaweeds,2023,39.335083874458874
140,fish_oil,2019,1.4235776800097977
140,fish_oil,2020,1.587472022331214
140,fish_oil,2021,1.7024125352346209
140,fish_oil,2022,1.6479230480227982
140,fish_oil,2023,5.563146475908016
141,fish_oil,2019,1.2095340694855912
141,fish_oil,2020,0.7275060269072244
141,fish_oil,2021,1.080525812619503
141,fish_oil,2022,2.873400973411901
141,fish_oil,2023,3.8257272714910884
141,seaweeds,2019,30.319999999999997
141,seaweeds,2020,2.1842105263157894
141,seaweeds,2021,2.0264731680089305
141,seaweeds,2022,2.7682225063938617
141,seaweeds,2023,2.4608147000221385
141,ornamentals,2019,50.43147993643757
141,ornamentals,2020,47.564140449049454
141,ornamentals,2021,61.650525816802805
141,ornamentals,2022,45.0472064271001
141,ornamentals,2023,45.42595720888871
143,fish_oil,2019,2.2807284051215406
143,fish_oil,2020,2.6689540757781463
143,fish_oil,2021,2.9615833592660024
143,fish_oil,2022,2.7963410757796403
143,fish_oil,2023,4.485586708698794
143,seaweeds,2019,0.9799447666097724
143,seaweeds,2020,1.342157652161456
143,seaweeds,2021,1.8310982049728963
143,seaweeds,2022,1.8026340959522535
143,seaweeds,2023,1.9385354743582663
143,ornamentals,2019,50.43147993643757
143,ornamentals,2020,47.564140449049454
143,ornamentals,2021,61.650525816802805
143,ornamentals,2022,45.0472064271001
143,ornamentals,2023,45.42595720888871
144,seaweeds,2019,10.029240233939625
144,seaweeds,2020,8.08059822539885
144,seaweeds,2021,6.877501948843852
144,seaweeds,2022,8.511875344318732
144,seaweeds,2023,5.9226356182180755
144,ornamentals,2019,50.43147993643757
144,ornamentals,2020,47.564140449049454
144,ornamentals,2021,61.650525816802805
144,ornamentals,2022,45.0472064271001
144,ornamentals,2023,45.42595720888871
144,fish_oil,2019,3.713604198153352
144,fish_oil,2020,3.3550710938831796
144,fish_oil,2021,2.21169171000455
144,fish_oil,2022,2.9078841597276552
144,fish_oil,2023,5.234311551859661
145,fish_oil,2019,3.713604198153352
145,fish_oil,2020,3.3550710938831796
145,fish_oil,2021,2.21169171000455
145,fish_oil,2022,1.813953488372093
145,fish_oil,2023,3.8
145,seaweeds,2019,8.25
145,seaweeds,2020,1.9710144927536235
145,seaweeds,2021,2.392156862745098
145,seaweeds,2022,8.511875344318732
145,seaweeds,2023,1.888888888888889
145,ornamentals,2019,50.43147993643757
145,ornamentals,2020,47.564140449049454
145,ornamentals,2021,61.650525816802805
145,ornamentals,2022,45.0472064271001
145,ornamentals,2023,45.42595720888871
146,seaweeds,2019,1.7407281388227287
146,seaweeds,2020,1.5032215893173964
146,seaweeds,2021,24.82506136044881
146,seaweeds,2022,3.359086819613135
146,seaweeds,2023,3.001176163094616
146,ornamentals,2019,351.7606673920769
146,ornamentals,2020,8.339975212303573
146,ornamentals,2021,13.633197100835488
146,ornamentals,2022,14.161968928456607
146,ornamentals,2023,13.238089747180947
146,fish_oil,2019,4.173549943898697
146,fish_oil,2020,8.734880162391821
146,fish_oil,2021,9.479579859767002
146,fish_oil,2022,9.100285927081373
146,fish_oil,2023,7.052039687792173
147,ornamentals,2019,9.718466012359142
147,ornamentals,2020,6.513763702801461
147,ornamentals,2021,15.215370312984195
147,ornamentals,2022,13.702737698853126
147,ornamentals,2023,13.702737698853126
147,seaweeds,2019,2
147,seaweeds,2020,1.5032215893173964
147,seaweeds,2021,48.2
147,seaweeds,2022,5
147,seaweeds,2023,5
147,fish_oil,2019,4.173549943898697
147,fish_oil,2020,8.734880162391821
147,fish_oil,2021,9.479579859767002
147,fish_oil,2022,9.100285927081373
147,fish_oil,2023,7.052039687792173
148,seaweeds,2019,12.69438158351965
148,seaweeds,2020,13.195661535326474
148,seaweeds,2021,12.608422069047505
148,seaweeds,2022,9.005880754555477
148,seaweeds,2023,10.475280391460174
148,ornamentals,2019,700.1743778011628
148,ornamentals,2020,523.7659082796449
148,ornamentals,2021,64.56033253661762
148,ornamentals,2022,68.34626342414677
148,ornamentals,2023,51.118503050471574
148,fish_oil,2019,4.173549943898697
148,fish_oil,2020,8.734880162391821
148,fish_oil,2021,9.479579859767002
148,fish_oil,2022,9.100285927081373
148,fish_oil,2023,7.052039687792173
149,seaweeds,2019,7.721455306187844
149,seaweeds,2020,13.415586823971827
149,seaweeds,2021,35.35252514707192
149,seaweeds,2022,35.09600963246095
149,seaweeds,2023,39.335083874458874
149,ornamentals,2019,200.9768418030223
149,ornamentals,2020,584.9666258893922
149,ornamentals,2021,718.4772831885801
149,ornamentals,2022,119.35197331496364
149,ornamentals,2023,81.34777639315145
149,fish_oil,2019,1.4235776800097977
149,fish_oil,2020,1.587472022331214
149,fish_oil,2021,1.7024125352346209
149,fish_oil,2022,1.6479230480227982
149,fish_oil,2023,5.563146475908016
150,seaweeds,2019,7.721455306187844
150,seaweeds,2020,13.415586823971827
150,seaweeds,2021,35.35252514707192
150,seaweeds,2022,35.09600963246095
150,seaweeds,2023,39.335083874458874
150,ornamentals,2019,200.9768418030223
150,ornamentals,2020,584.9666258893922
150,ornamentals,2021,718.4772831885801
150,ornamentals,2022,119.35197331496364
150,ornamentals,2023,81.34777639315145
150,fish_oil,2019,1.4235776800097977
150,fish_oil,2020,1.587472022331214
150,fish_oil,2021,1.7024125352346209
150,fish_oil,2022,1.6479230480227982
150,fish_oil,2023,5.563146475908016
151,seaweeds,2019,1.7407281388227287
151,seaweeds,2020,1.5032215893173964
151,seaweeds,2021,24.82506136044881
151,seaweeds,2022,3.359086819613135
151,seaweeds,2023,3.001176163094616
151,ornamentals,2019,351.7606673920769
151,ornamentals,2020,8.339975212303573
151,ornamentals,2021,13.633197100835488
151,ornamentals,2022,14.161968928456607
151,ornamentals,2023,13.238089747180947
151,fish_oil,2019,4.173549943898697
151,fish_oil,2020,8.734880162391821
151,fish_oil,2021,9.479579859767002
151,fish_oil,2022,9.100285927081373
151,fish_oil,2023,7.052039687792173
152,ornamentals,2019,351.7606673920769
152,ornamentals,2020,8.339975212303573
152,ornamentals,2021,13.633197100835488
152,ornamentals,2022,14.161968928456607
152,ornamentals,2023,13.238089747180947
152,seaweeds,2019,1.7407281388227287
152,seaweeds,2020,1.5032215893173964
152,seaweeds,2021,24.82506136044881
152,seaweeds,2022,3.359086819613135
152,seaweeds,2023,3.001176163094616
152,fish_oil,2019,4.173549943898697
152,fish_oil,2020,8.734880162391821
152,fish_oil,2021,9.479579859767002
152,fish_oil,2022,9.100285927081373
152,fish_oil,2023,7.052039687792173
153,ornamentals,2019,1036
153,ornamentals,2020,8.339975212303573
153,ornamentals,2021,13.633197100835488
153,ornamentals,2022,14.161968928456607
153,ornamentals,2023,13.238089747180947
153,seaweeds,2019,1.7407281388227287
153,seaweeds,2020,1.5032215893173964
153,seaweeds,2021,24.82506136044881
153,seaweeds,2022,3.359086819613135
153,seaweeds,2023,3.001176163094616
153,fish_oil,2019,4.173549943898697
153,fish_oil,2020,8.734880162391821
153,fish_oil,2021,9.479579859767002
153,fish_oil,2022,9.100285927081373
153,fish_oil,2023,7.052039687792173
154,seaweeds,2019,1.7407281388227287
154,seaweeds,2020,1.5032215893173964
154,seaweeds,2021,24.82506136044881
154,seaweeds,2022,3.359086819613135
154,seaweeds,2023,3.001176163094616
154,ornamentals,2019,351.7606673920769
154,ornamentals,2020,8.339975212303573
154,ornamentals,2021,13.633197100835488
154,ornamentals,2022,14.161968928456607
154,ornamentals,2023,13.238089747180947
154,fish_oil,2019,4.173549943898697
154,fish_oil,2020,8.734880162391821
154,fish_oil,2021,9.479579859767002
154,fish_oil,2022,9.100285927081373
154,fish_oil,2023,7.052039687792173
155,ornamentals,2019,9.563536163871575
155,ornamentals,2020,10.166186721805685
155,ornamentals,2021,12.05102388868678
155,ornamentals,2022,14.62120015806009
155,ornamentals,2023,12.773441795508766
155,seaweeds,2019,1.4814562776454576
155,seaweeds,2020,1.5032215893173964
155,seaweeds,2021,1.4501227208976157
155,seaweeds,2022,1.7181736392262708
155,seaweeds,2023,1.0023523261892318
155,fish_oil,2019,4.173549943898697
155,fish_oil,2020,8.734880162391821
155,fish_oil,2021,9.479579859767002
155,fish_oil,2022,9.100285927081373
155,fish_oil,2023,7.052039687792173
156,seaweeds,2019,1.7407281388227287
156,seaweeds,2020,1.5032215893173964
156,seaweeds,2021,24.82506136044881
156,seaweeds,2022,3.359086819613135
156,seaweeds,2023,3.001176163094616
156,ornamentals,2019,351.7606673920769
156,ornamentals,2020,8.339975212303573
156,ornamentals,2021,13.633197100835488
156,ornamentals,2022,14.161968928456607
156,ornamentals,2023,13.238089747180947
156,fish_oil,2019,4.173549943898697
156,fish_oil,2020,8.734880162391821
156,fish_oil,2021,9.479579859767002
156,fish_oil,2022,9.100285927081373
156,fish_oil,2023,7.052039687792173
157,seaweeds,2019,12.69438158351965
157,seaweeds,2020,13.195661535326474
157,seaweeds,2021,12.608422069047505
157,seaweeds,2022,9.005880754555477
157,seaweeds,2023,10.475280391460174
157,ornamentals,2019,700.1743778011628
157,ornamentals,2020,523.7659082796449
157,ornamentals,2021,64.56033253661762
157,ornamentals,2022,68.34626342414677
157,ornamentals,2023,51.118503050471574
157,fish_oil,2019,4.173549943898697
157,fish_oil,2020,8.734880162391821
157,fish_oil,2021,9.479579859767002
157,fish_oil,2022,9.100285927081373
157,fish_oil,2023,7.052039687792173
158,seaweeds,2019,7.721455306187844
158,seaweeds,2020,13.415586823971827
158,seaweeds,2021,35.35252514707192
158,seaweeds,2022,35.09600963246095
158,seaweeds,2023,39.335083874458874
158,ornamentals,2019,200.9768418030223
158,ornamentals,2020,584.9666258893922
158,ornamentals,2021,718.4772831885801
158,ornamentals,2022,119.35197331496364
158,ornamentals,2023,81.34777639315145
158,fish_oil,2019,1.4235776800097977
158,fish_oil,2020,1.587472022331214
158,fish_oil,2021,1.7024125352346209
158,fish_oil,2022,1.6479230480227982
158,fish_oil,2023,5.563146475908016
159,seaweeds,2019,7.721455306187844
159,seaweeds,2020,13.415586823971827
159,seaweeds,2021,35.35252514707192
159,seaweeds,2022,35.09600963246095
159,seaweeds,2023,39.335083874458874
159,ornamentals,2019,200.9768418030223
159,ornamentals,2020,584.9666258893922
159,ornamentals,2021,718.4772831885801
159,ornamentals,2022,119.35197331496364
159,ornamentals,2023,81.34777639315145
159,fish_oil,2019,1.4235776800097977
159,fish_oil,2020,1.587472022331214
159,fish_oil,2021,1.7024125352346209
159,fish_oil,2022,1.6479230480227982
159,fish_oil,2023,5.563146475908016
161,seaweeds,2019,1.7407281388227287
161,seaweeds,2020,1.5032215893173964
161,seaweeds,2021,24.82506136044881
161,seaweeds,2022,3.359086819613135
161,seaweeds,2023,3.001176163094616
161,ornamentals,2019,351.7606673920769
161,ornamentals,2020,8.339975212303573
161,ornamentals,2021,13.633197100835488
161,ornamentals,2022,14.161968928456607
161,ornamentals,2023,13.238089747180947
161,fish_oil,2019,4.173549943898697
161,fish_oil,2020,8.734880162391821
161,fish_oil,2021,9.479579859767002
161,fish_oil,2022,9.100285927081373
161,fish_oil,2023,7.052039687792173
162,fish_oil,2019,2.331446322728988
162,fish_oil,2020,3.837138257783632
162,fish_oil,2021,2.6410235439981946
162,fish_oil,2022,3.0198330827847184
162,fish_oil,2023,3.2382698222894053
162,ornamentals,2019,24.56923076923077
162,ornamentals,2020,50.80952380952381
162,ornamentals,2021,16.480241839062376
162,ornamentals,2022,16.465546977547472
162,ornamentals,2023,16.449854900755273
162,seaweeds,2019,58.524541398116014
162,seaweeds,2020,57.02798789712556
162,seaweeds,2021,12.43193837663831
162,seaweeds,2022,27.54988216810683
162,seaweeds,2023,35.04090909090909
163,fish_oil,2019,2.106996823030891
163,fish_oil,2020,2.7062697062248278
163,fish_oil,2021,2.9593901164495886
163,fish_oil,2022,4.148802489409522
163,fish_oil,2023,5.373227865401845
163,ornamentals,2019,39221.16859135755
163,ornamentals,2020,15093.680939103542
163,ornamentals,2021,12800.305166145086
163,ornamentals,2022,10698.90456324125
163,ornamentals,2023,13658.573337820757
163,seaweeds,2019,12.303259514848628
163,seaweeds,2020,12.323485260883192
163,seaweeds,2021,12.716480401038268
163,seaweeds,2022,12.568451519536904
163,seaweeds,2023,13.113993722728315
164,ornamentals,2019,5.812758375677731
164,ornamentals,2020,4.54232919166623
164,ornamentals,2021,5.341789783072027
164,ornamentals,2022,8.705882352941176
164,ornamentals,2023,7.602112676056338
164,seaweeds,2019,11
164,seaweeds,2020,13.714285714285712
164,seaweeds,2021,19
164,seaweeds,2022,3.4276979704341715
164,seaweeds,2023,18.25
164,fish_oil,2019,1.2829220392468832
164,fish_oil,2020,1.1054115993312974
164,fish_oil,2021,1.0602939835442362
164,fish_oil,2022,1.6189612173488086
164,fish_oil,2023,2.8218430172056026
166,ornamentals,2019,689.7153679653678
166,ornamentals,2020,376.9125615763547
166,ornamentals,2021,436.10700757575756
166,ornamentals,2022,276.10143369175626
166,ornamentals,2023,119.78405797101449
166,seaweeds,2019,2
166,seaweeds,2020,16.934968017057567
166,seaweeds,2021,19.934306569343065
166,seaweeds,2022,11.458333333333332
166,seaweeds,2023,5.516605166051661
166,fish_oil,2019,8.507692307692308
166,fish_oil,2020,3
166,fish_oil,2021,3
166,fish_oil,2022,2.545454545454546
166,fish_oil,2023,4.375
167,ornamentals,2019,1.0332326283987916
167,ornamentals,2020,24.629079034786237
167,ornamentals,2021,41.39378413953324
167,ornamentals,2022,92.3160922400564
167,ornamentals,2023,90.84723002058769
167,seaweeds,2019,24.58250048736692
167,seaweeds,2020,23.304788231953484
167,seaweeds,2021,15.767502794089427
167,seaweeds,2022,7.16882816497299
167,seaweeds,2023,7.26038615162946
167,fish_oil,2019,1.4959554744275725
167,fish_oil,2020,1.3051305686265848
167,fish_oil,2021,3.6412683917116913
167,fish_oil,2022,3.9514513763839147
167,fish_oil,2023,5.293764327395711
168,ornamentals,2019,7.50562740465264
168,ornamentals,2020,4.9016393442622945
168,ornamentals,2021,10.329113924050633
168,ornamentals,2022,9.159844054580898
168,ornamentals,2023,5.579075425790753
168,seaweeds,2019,24.58250048736692
168,seaweeds,2020,23.304788231953484
168,seaweeds,2021,15.767502794089427
168,seaweeds,2022,7.16882816497299
168,seaweeds,2023,7.26038615162946
168,fish_oil,2019,1.4959554744275725
168,fish_oil,2020,1.3051305686265848
168,fish_oil,2021,3.6412683917116913
168,fish_oil,2022,3.9514513763839147
168,fish_oil,2023,5.293764327395711
169,seaweeds,2019,24.58250048736692
169,seaweeds,2020,23.304788231953484
169,seaweeds,2021,15.767502794089427
169,seaweeds,2022,7.16882816497299
169,seaweeds,2023,7.26038615162946
169,ornamentals,2019,21.7242787919613
169,ornamentals,2020,24.629079034786237
169,ornamentals,2021,41.39378413953324
169,ornamentals,2022,92.3160922400564
169,ornamentals,2023,90.84723002058769
169,fish_oil,2019,1.4959554744275725
169,fish_oil,2020,1.3051305686265848
169,fish_oil,2021,3.6412683917116913
169,fish_oil,2022,3.9514513763839147
169,fish_oil,2023,5.293764327395711
171,fish_oil,2019,0.8243895400105817
171,fish_oil,2020,0.9594100278979759
171,fish_oil,2021,1.092040991514544
171,fish_oil,2022,1.7480146652888466
171,fish_oil,2023,2.488316324533979
171,ornamentals,2019,90.95817490494296
171,ornamentals,2020,78.0738255033557
171,ornamentals,2021,122.88461538461537
171,ornamentals,2022,175.4723404255319
171,ornamentals,2023,176.1153846153846
171,seaweeds,2019,1.0217444140188279
171,seaweeds,2020,0.26338512848100715
171,seaweeds,2021,0.30703886115631424
171,seaweeds,2022,0.3394008928362013
171,seaweeds,2023,0.23341566732872557
172,fish_oil,2019,1.4959554744275725
172,fish_oil,2020,1.2319608642478597
172,fish_oil,2021,3.6412683917116913
172,fish_oil,2022,3.9514513763839147
172,fish_oil,2023,5.293764327395711
172,ornamentals,2019,21.7242787919613
172,ornamentals,2020,24.629079034786237
172,ornamentals,2021,41.39378413953324
172,ornamentals,2022,92.3160922400564
172,ornamentals,2023,90.84723002058769
172,seaweeds,2019,24.58250048736692
172,seaweeds,2020,23.304788231953484
172,seaweeds,2021,15.767502794089427
172,seaweeds,2022,7.16882816497299
172,seaweeds,2023,7.26038615162946
173,fish_oil,2019,1.4959554744275725
173,fish_oil,2020,1.3051305686265848
173,fish_oil,2021,3.6412683917116913
173,fish_oil,2022,3.9514513763839147
173,fish_oil,2023,5.293764327395711
173,seaweeds,2019,117.99999999999999
173,seaweeds,2020,85.19999999999999
173,seaweeds,2021,60.00000000000001
173,seaweeds,2022,7.16882816497299
173,seaweeds,2023,7.26038615162946
173,ornamentals,2019,21.7242787919613
173,ornamentals,2020,24.629079034786237
173,ornamentals,2021,41.39378413953324
173,ornamentals,2022,92.3160922400564
173,ornamentals,2023,90.84723002058769
174,fish_oil,2019,1.5123171447708985
174,fish_oil,2020,1.5794208052073289
174,fish_oil,2021,1.712178505174297
174,fish_oil,2022,2.61958984572311
174,fish_oil,2023,4.97119905833443
174,seaweeds,2019,7.560243168066726
174,seaweeds,2020,5.136738056013179
174,seaweeds,2021,5.268442622950819
174,seaweeds,2022,1.3584142394822007
174,seaweeds,2023,3.6702588820140494
174,ornamentals,2019,50.43147993643757
174,ornamentals,2020,47.564140449049454
174,ornamentals,2021,61.650525816802805
174,ornamentals,2022,45.0472064271001
174,ornamentals,2023,45.42595720888871
175,fish_oil,2019,1.6991732154886985
175,fish_oil,2020,2.0099357818314774
175,fish_oil,2021,2.043934345921505
175,fish_oil,2022,2.674993005614864
175,fish_oil,2023,4.070071221969957
175,ornamentals,2019,50.43147993643757
175,ornamentals,2020,88.66666666666667
175,ornamentals,2021,15.75
175,ornamentals,2022,34.66666666666667
175,ornamentals,2023,30.833333333333336
175,seaweeds,2019,6.827124596959926
175,seaweeds,2020,6.714717531790703
175,seaweeds,2021,8.566173755041142
175,seaweeds,2022,7.268823650174503
175,seaweeds,2023,7.412578627639242
176,fish_oil,2019,2.537681416003223
176,fish_oil,2020,2.442831042594605
176,fish_oil,2021,2.704089718442686
176,fish_oil,2022,3.7505042784316522
176,fish_oil,2023,4.805510436076832
176,ornamentals,2019,328.6416666666667
176,ornamentals,2020,390.4888888888889
176,ornamentals,2021,401.38461538461536
176,ornamentals,2022,633.5999999999999
176,ornamentals,2023,373.9090909090909
176,seaweeds,2019,9.873536862071864
176,seaweeds,2020,10.70379537360147
176,seaweeds,2021,10.78141032603487
176,seaweeds,2022,10.92768083122419
176,seaweeds,2023,12.495296674391936
177,fish_oil,2019,3.519524100250483
177,fish_oil,2020,3.5985914007390605
177,fish_oil,2021,3.0730965985073735
177,fish_oil,2022,3.513871595896184
177,fish_oil,2023,6.463865359387206
177,ornamentals,2019,14.178119382177055
177,ornamentals,2020,10.681560877837194
177,ornamentals,2021,10.872378978885775
177,ornamentals,2022,10.117692696719615
177,ornamentals,2023,10.522856671960685
177,seaweeds,2019,18.307344731587158
177,seaweeds,2020,18.766827390098733
177,seaweeds,2021,19.428181477315334
177,seaweeds,2022,11.483522094318603
177,seaweeds,2023,9.724372523489858
178,fish_oil,2019,2.870012763175644
178,fish_oil,2020,1.9306258316034943
178,fish_oil,2021,1.718874656553539
178,fish_oil,2022,2.298237874521149
178,fish_oil,2023,2.8899750872856074
178,ornamentals,2019,6.605263157894736
178,ornamentals,2020,3.333333333333333
178,ornamentals,2021,2.8249999999999997
178,ornamentals,2022,14.499999999999998
178,ornamentals,2023,11
178,seaweeds,2019,4.4357223506640135
178,seaweeds,2020,5.717242751940555
178,seaweeds,2021,5.039549445803945
178,seaweeds,2022,12.028138528138529
178,seaweeds,2023,4.105205109047568
179,fish_oil,2019,2.16726215598509
179,fish_oil,2020,2.1385714875518116
179,fish_oil,2021,2.4231638218055283
179,fish_oil,2022,3.5722637206125984
179,fish_oil,2023,5.61473767222027
179,ornamentals,2019,49.91008991008991
179,ornamentals,2020,52.219655442443234
179,ornamentals,2021,58.79508458346633
179,ornamentals,2022,49.663865546218496
179,ornamentals,2023,67.1915014164306
179,seaweeds,2019,1.3841726799043352
179,seaweeds,2020,1.2632046914597692
179,seaweeds,2021,1.3358131150598
179,seaweeds,2022,1.6107799872994588
179,seaweeds,2023,1.538263798569214
180,fish_oil,2019,1.8792366314484394
180,fish_oil,2020,1.780869702817986
180,fish_oil,2021,2.0076800533372654
180,fish_oil,2022,2.4051549829672814
180,fish_oil,2023,3.2385120925341746
180,ornamentals,2019,11.751077670663845
180,ornamentals,2020,17.462752580001734
180,ornamentals,2021,31.7325
180,ornamentals,2022,6.78587786259542
180,ornamentals,2023,45.28023598820059
180,seaweeds,2019,4.154024704887087
180,seaweeds,2020,4.427494436201781
180,seaweeds,2021,5.0956300145334374
180,seaweeds,2022,5.844735732919183
180,seaweeds,2023,6.390008673667116
181,fish_oil,2019,1.5140181496622305
181,fish_oil,2020,1.8176454989407693
181,fish_oil,2021,1.7020374104721507
181,fish_oil,2022,2.590522662270923
181,fish_oil,2023,3.4769414128343525
181,ornamentals,2019,50.43147993643757
181,ornamentals,2020,5.868512110726644
181,ornamentals,2021,61.650525816802805
181,ornamentals,2022,45.0472064271001
181,ornamentals,2023,7.083333333333333
181,seaweeds,2019,0.4697767430925682
181,seaweeds,2020,0.45167405268693034
181,seaweeds,2021,0.4973043896465701
181,seaweeds,2022,0.5235302788512687
181,seaweeds,2023,0.6543617481667401
182,fish_oil,2019,2.562146006924755
182,fish_oil,2020,2.56911942816589
182,fish_oil,2021,2.6589887582632086
182,fish_oil,2022,3.2623226800203247
182,fish_oil,2023,4.534617431327846
182,ornamentals,2019,6.192927744492293
182,ornamentals,2020,6.663742218169641
182,ornamentals,2021,7.329208420203107
182,ornamentals,2022,6.640817095573804
182,ornamentals,2023,8.264423221990887
182,seaweeds,2019,12.588050356357824
182,seaweeds,2020,13.704238741864941
182,seaweeds,2021,11.0777974159561
182,seaweeds,2022,13.884297129887939
182,seaweeds,2023,11.34173294740512
183,fish_oil,2019,1.3774745790573704
183,fish_oil,2020,1.6959534879206422
183,fish_oil,2021,1.817973558554829
183,fish_oil,2022,2.4191838312441325
183,fish_oil,2023,3.414138145612944
183,ornamentals,2019,25.949421487603306
183,ornamentals,2020,24.258008443009683
183,ornamentals,2021,31.044023280107446
183,ornamentals,2022,22.18058624245102
183,ornamentals,2023,15.993599646877067
183,seaweeds,2019,4.225257669032629
183,seaweeds,2020,5.971604260123898
183,seaweeds,2021,6.335578385677218
183,seaweeds,2022,8.341211627275195
183,seaweeds,2023,8.834596428003604
184,fish_oil,2019,2.5168766185313607
184,fish_oil,2020,2.14927417867587
184,fish_oil,2021,2.7938393362876086
184,fish_oil,2022,4.409972914168997
184,fish_oil,2023,3.218400107918522
184,ornamentals,2019,9.374730021598273
184,ornamentals,2020,8.931852986217457
184,ornamentals,2021,10.189333333333334
184,ornamentals,2022,7.953742640874684
184,ornamentals,2023,7.541758241758242
184,seaweeds,2019,13.00578257214466
184,seaweeds,2020,8.02461919292183
184,seaweeds,2021,10.117593211391473
184,seaweeds,2022,12.175075338405298
184,seaweeds,2023,11.19274770857028
185,seaweeds,2019,9.906531966659237
185,seaweeds,2020,9.141284654962936
185,seaweeds,2021,10.339676847344405
185,seaweeds,2022,8.316798951931982
185,seaweeds,2023,9.624232659080821
185,ornamentals,2019,101.72559253285696
185,ornamentals,2020,120.62522448758364
185,ornamentals,2021,122.18025523162241
185,ornamentals,2022,177.9816374384934
185,ornamentals,2023,117.57130342584112
185,fish_oil,2019,2.486637608721396
185,fish_oil,2020,2.4908049530813314
185,fish_oil,2021,2.5590912874213827
185,fish_oil,2022,3.405909724738585
185,fish_oil,2023,5.293936680119754
186,fish_oil,2019,1.4235776800097977
186,fish_oil,2020,1.587472022331214
186,fish_oil,2021,1.7024125352346209
186,fish_oil,2022,1.6479230480227982
186,fish_oil,2023,5.563146475908016
186,seaweeds,2019,7.721455306187844
186,seaweeds,2020,13.415586823971827
186,seaweeds,2021,35.35252514707192
186,seaweeds,2022,35.09600963246095
186,seaweeds,2023,39.335083874458874
186,ornamentals,2019,200.9768418030223
186,ornamentals,2020,584.9666258893922
186,ornamentals,2021,718.4772831885801
186,ornamentals,2022,119.35197331496364
186,ornamentals,2023,81.34777639315145
187,fish_oil,2019,1.0102210771631386
187,fish_oil,2020,15.666666666666666
187,fish_oil,2021,12.87878787878788
187,fish_oil,2022,6.670157068062828
187,fish_oil,2023,4.9639639639639634
187,seaweeds,2019,30.199999999999996
187,seaweeds,2020,25.666666666666668
187,seaweeds,2021,62.0331916816548
187,seaweeds,2022,26.84146341463415
187,seaweeds,2023,50.30075187969925
187,ornamentals,2019,13.839026417897957
187,ornamentals,2020,13.28453454913226
187,ornamentals,2021,16.187521677881296
187,ornamentals,2022,12.258381992966504
187,ornamentals,2023,10.599927036875398
188,fish_oil,2019,12.166666666666666
188,fish_oil,2020,3.303030303030303
188,fish_oil,2021,5.694915254237288
188,fish_oil,2022,12.88888888888889
188,fish_oil,2023,5.654205607476636
188,ornamentals,2019,13.839026417897957
188,ornamentals,2020,13.28453454913226
188,ornamentals,2021,16.187521677881296
188,ornamentals,2022,12.258381992966504
188,ornamentals,2023,10.599927036875398
188,seaweeds,2019,19.43342776203966
188,seaweeds,2020,30.25958702064897
188,seaweeds,2021,18.65014164305949
188,seaweeds,2022,12.003118503118506
188,seaweeds,2023,13.670164917541229
189,fish_oil,2019,19.458231954582317
189,fish_oil,2020,15.982295662437297
189,fish_oil,2021,3.153055117253387
189,fish_oil,2022,5.247604844540853
189,fish_oil,2023,11.960049525381757
189,ornamentals,2019,5.3820718160681995
189,ornamentals,2020,6.004589069670422
189,ornamentals,2021,7.619603267211202
189,ornamentals,2022,6.661281179138322
189,ornamentals,2023,7.599550056242969
189,seaweeds,2019,5.781818181818181
189,seaweeds,2020,3.037182345073562
189,seaweeds,2021,8.201232114467409
189,seaweeds,2022,7.1531768331369525
189,seaweeds,2023,7.195784903441725
190,seaweeds,2019,9.211885795598922
190,seaweeds,2020,13.054814707322212
190,seaweeds,2021,10.010092416212007
190,seaweeds,2022,11.869973789113288
190,seaweeds,2023,10.980913167548522
190,ornamentals,2019,689.5303074939351
190,ornamentals,2020,1.8476207219878105
190,ornamentals,2021,140.4681937304791
190,ornamentals,2022,55.428753615754005
190,ornamentals,2023,3.847756898986307
190,fish_oil,2019,2.9499054849198525
190,fish_oil,2020,55.41276923723147
190,fish_oil,2021,59.00740656851673
190,fish_oil,2022,55.591812672190194
190,fish_oil,2023,14.75590872216053
191,fish_oil,2019,8.531915993565814
191,fish_oil,2020,13.221330088697108
191,fish_oil,2021,10.677540646744092
191,fish_oil,2022,13.961943531218187
191,fish_oil,2023,0.21621621621621623
191,ornamentals,2019,2.7146902654867255
191,ornamentals,2020,2.2683195402694376
191,ornamentals,2021,3.6409335727109515
191,ornamentals,2022,1.917821782178218
191,ornamentals,2023,1.6945945945945944
191,seaweeds,2019,2.1124260355029585
191,seaweeds,2020,1.3151151475835228
191,seaweeds,2021,1.2080595360620696
191,seaweeds,2022,1.0559540889526542
191,seaweeds,2023,0.9450831867983227
192,seaweeds,2019,9.211885795598922
192,seaweeds,2020,13.054814707322212
192,seaweeds,2021,10.010092416212007
192,seaweeds,2022,11.869973789113288
192,seaweeds,2023,10.980913167548522
192,ornamentals,2019,689.5303074939351
192,ornamentals,2020,1.8476207219878105
192,ornamentals,2021,140.4681937304791
192,ornamentals,2022,55.428753615754005
192,ornamentals,2023,3.847756898986307
192,fish_oil,2019,2.9499054849198525
192,fish_oil,2020,55.41276923723147
192,fish_oil,2021,59.00740656851673
192,fish_oil,2022,55.591812672190194
192,fish_oil,2023,14.75590872216053
193,fish_oil,2020,1.1200415407154647
193,fish_oil,2021,1.4868421052631577
193,fish_oil,2022,2.9343718592964825
193,fish_oil,2023,3.406366192849145
193,ornamentals,2019,13.246650100353627
193,ornamentals,2020,18.179487576038767
193,ornamentals,2021,19.222097378277155
193,ornamentals,2022,3.8357558139534884
193,ornamentals,2023,1.0384615384615385
193,seaweeds,2019,34.87737232790993
193,seaweeds,2020,36.54010494752624
193,seaweeds,2021,0.8175
193,seaweeds,2022,6.885705128205129
193,seaweeds,2023,4.89099358974359
193,fish_oil,2019,1.4760552140249767
194,ornamentals,2019,25.8
194,ornamentals,2020,53
194,ornamentals,2021,37.46666666666667
194,ornamentals,2022,3.8357558139534884
194,ornamentals,2023,1.0384615384615385
194,seaweeds,2019,34.87737232790993
194,seaweeds,2020,36.54010494752624
194,seaweeds,2021,0.8175
194,seaweeds,2022,6.885705128205129
194,seaweeds,2023,4.89099358974359
194,fish_oil,2019,1.4760552140249767
194,fish_oil,2020,1.0056378755706212
194,fish_oil,2021,1.1470895464253457
194,fish_oil,2022,1.4663671035997392
194,fish_oil,2023,2.069567472696913
195,fish_oil,2019,1.5501984488721658
195,fish_oil,2020,1.4923265381592934
195,fish_oil,2021,1.800882127333163
195,fish_oil,2022,1.6771060638657527
195,fish_oil,2023,1.8338318875261739
195,ornamentals,2019,13.246650100353627
195,ornamentals,2020,18.179487576038767
195,ornamentals,2021,19.222097378277155
195,ornamentals,2022,3.8357558139534884
195,ornamentals,2023,1.0384615384615385
195,seaweeds,2019,2.8000000000000003
195,seaweeds,2020,36.54010494752624
195,seaweeds,2021,0.8175
195,seaweeds,2022,7.000000000000001
195,seaweeds,2023,7.000000000000001
196,ornamentals,2019,13.246650100353627
196,ornamentals,2020,0.8745283018867924
196,ornamentals,2021,19.222097378277155
196,ornamentals,2022,3.8357558139534884
196,ornamentals,2023,1.0384615384615385
196,seaweeds,2019,34.87737232790993
196,seaweeds,2020,36.54010494752624
196,seaweeds,2021,0.8175
196,seaweeds,2022,6.885705128205129
196,seaweeds,2023,4.89099358974359
196,fish_oil,2019,1.4760552140249767
196,fish_oil,2020,1.0056378755706212
196,fish_oil,2021,1.1470895464253457
196,fish_oil,2022,1.4663671035997392
196,fish_oil,2023,2.069567472696913
197,ornamentals,2019,0.1285714285714286
197,ornamentals,2020,0.08888888888888889
197,ornamentals,2021,0.24444444444444444
197,ornamentals,2022,2.052442316110149
197,ornamentals,2023,2.052442316110149
197,seaweeds,2019,12.69438158351965
197,seaweeds,2020,13.195661535326474
197,seaweeds,2021,12.608422069047505
197,seaweeds,2022,9.005880754555477
197,seaweeds,2023,10.475280391460174
197,fish_oil,2019,0.39618250579125025
197,fish_oil,2020,0.40202941176470586
197,fish_oil,2021,0.4022489631611747
197,fish_oil,2022,0.5683060109289617
197,fish_oil,2023,0.5707511854255054
198,seaweeds,2019,12.69438158351965
198,seaweeds,2020,13.195661535326474
198,seaweeds,2021,12.608422069047505
198,seaweeds,2022,9.005880754555477
198,seaweeds,2023,10.475280391460174
198,ornamentals,2019,0.1285714285714286
198,ornamentals,2020,0.08888888888888889
198,ornamentals,2021,0.20555555555555555
198,ornamentals,2022,2.1171302489641652
198,ornamentals,2023,2.1171302489641652
198,fish_oil,2019,0.39618250579125025
198,fish_oil,2020,0.40202941176470586
198,fish_oil,2021,0.4022489631611747
198,fish_oil,2022,0.5683060109289617
198,fish_oil,2023,0.5707511854255054
199,ornamentals,2019,0.1285714285714286
199,ornamentals,2020,0.08888888888888889
199,ornamentals,2021,0.16666666666666669
199,ornamentals,2022,2.1818181818181817
199,ornamentals,2023,2.1818181818181817
199,seaweeds,2019,12.69438158351965
199,seaweeds,2020,13.195661535326474
199,seaweeds,2021,12.608422069047505
199,seaweeds,2022,9.005880754555477
199,seaweeds,2023,10.475280391460174
199,fish_oil,2019,0.39618250579125025
199,fish_oil,2020,0.40202941176470586
199,fish_oil,2021,0.4022489631611747
199,fish_oil,2022,0.5683060109289617
199,fish_oil,2023,0.5707511854255054
200,fish_oil,2019,0.43692501158250047
200,fish_oil,2020,0.45
200,fish_oil,2021,0.4022489631611747
200,fish_oil,2022,0.5683060109289617
200,fish_oil,2023,0.5707511854255054
200,seaweeds,2019,12.69438158351965
200,seaweeds,2020,13.195661535326474
200,seaweeds,2021,12.608422069047505
200,seaweeds,2022,9.005880754555477
200,seaweeds,2023,10.475280391460174
200,ornamentals,2019,0.1285714285714286
200,ornamentals,2020,0.08888888888888889
200,ornamentals,2021,0.20555555555555555
200,ornamentals,2022,2.1171302489641652
200,ornamentals,2023,2.1171302489641652
202,fish_oil,2019,6.633200333565745
202,fish_oil,2020,6.942571391070415
202,fish_oil,2021,5.812489553582919
202,fish_oil,2022,4.39079772574889
202,fish_oil,2023,4.965081306418548
202,ornamentals,2019,0.08785
202,ornamentals,2020,0.08765
202,ornamentals,2021,31.550583145729508
202,ornamentals,2022,110.99610802432926
202,ornamentals,2023,8.343558282208589
202,seaweeds,2019,0.6174548303834808
202,seaweeds,2020,0.7282417487436358
202,seaweeds,2021,0.7215510704598922
202,seaweeds,2022,0.8548681498024394
202,seaweeds,2023,0.9862830084091099
203,fish_oil,2019,1.3242268778742974
203,fish_oil,2020,1.7244631376109392
203,fish_oil,2021,2.5318239702208944
203,fish_oil,2022,2.715642862748571
203,fish_oil,2023,3.4492838436697784
203,ornamentals,2019,15.81155830753354
203,ornamentals,2020,9.923614578132801
203,ornamentals,2021,71.97285714285714
203,ornamentals,2022,30.27954545454545
203,ornamentals,2023,134.84943940202882
203,seaweeds,2019,15.729396615158205
203,seaweeds,2020,16.189262811418192
203,seaweeds,2021,12.939334706272469
203,seaweeds,2022,13.523365523365525
203,seaweeds,2023,18.50281826368276
204,fish_oil,2019,8.531915993565814
204,fish_oil,2020,20.23076923076923
204,fish_oil,2021,25.9
204,fish_oil,2022,26.833333333333336
204,fish_oil,2023,25.374999999999996
204,ornamentals,2019,1.5542249063818514
204,ornamentals,2020,10.632206649943472
204,ornamentals,2021,23.17059187245445
204,ornamentals,2022,2.289473684210526
204,ornamentals,2023,2.289473684210526
204,seaweeds,2019,2.943502824858757
204,seaweeds,2020,7.328859060402684
204,seaweeds,2021,6.020666666666667
204,seaweeds,2022,2.3692865779927446
204,seaweeds,2023,3.4365544921271995
205,ornamentals,2019,8.132352941176471
205,ornamentals,2020,8.454545454545455
205,ornamentals,2021,8.206896551724139
205,ornamentals,2022,14.71413902706887
205,ornamentals,2023,8.754966938824145
205,seaweeds,2019,1.3186282186080844
205,seaweeds,2020,0.4437271144540616
205,seaweeds,2021,0.5653430066450515
205,seaweeds,2022,0.6123543123543125
205,seaweeds,2023,2.3552923760177644
205,fish_oil,2019,3.826366335350629
205,fish_oil,2020,4.196917254546686
205,fish_oil,2021,14.573864422390763
205,fish_oil,2022,15.469033137719894
205,fish_oil,2023,14.686695343584494
206,fish_oil,2019,1.4235776800097977
206,fish_oil,2020,1.587472022331214
206,fish_oil,2021,1.7024125352346209
206,fish_oil,2022,1.6479230480227982
206,fish_oil,2023,1.684947046339515
206,ornamentals,2019,12.893025409066924
206,ornamentals,2020,12.933251778784276
206,ornamentals,2021,12.954566377160363
206,ornamentals,2022,12.953946629927303
206,ornamentals,2023,12.945552786302908
206,seaweeds,2019,2.656609242512673
206,seaweeds,2020,2.321597035040431
206,seaweeds,2021,2.8341963774183596
206,seaweeds,2022,3.30717674523684
206,seaweeds,2023,7.968869047619047
207,fish_oil,2019,1.4211550364990428
207,fish_oil,2020,1.4236160831045577
207,fish_oil,2021,1.2343155460159814
207,fish_oil,2022,1.334075689527364
207,fish_oil,2023,1.2565328534179114
207,ornamentals,2019,0.5951495509645807
207,ornamentals,2020,0.06595169787557509
207,ornamentals,2021,0.12088914301880294
207,ornamentals,2022,0.005493042318842886
207,ornamentals,2023,11
207,seaweeds,2019,5.7169638033495405
207,seaweeds,2020,2.0655755201742902
207,seaweeds,2021,1.633289639261745
207,seaweeds,2022,1.7082194916602327
207,seaweeds,2023,1.5446207397154719
208,fish_oil,2019,8.179516250944822
208,fish_oil,2020,11.937553101104504
208,fish_oil,2021,63.73026819923372
208,fish_oil,2022,67.94732221246709
208,fish_oil,2023,62.748896247240616
208,ornamentals,2019,0.22176181487855293
208,ornamentals,2020,0.0984275078670771
208,ornamentals,2021,0.10375222445782138
208,ornamentals,2022,0.04345060755601524
208,ornamentals,2023,0.03406443165474631
208,seaweeds,2019,24.98216262762947
208,seaweeds,2020,22.343792495593046
208,seaweeds,2021,21.045257284562922
208,seaweeds,2022,12.62253929088666
208,seaweeds,2023,23.19004936347103
209,fish_oil,2019,5.324530452954436
209,fish_oil,2020,5.607192483788934
209,fish_oil,2021,8.929164275715287
209,fish_oil,2022,8.29506443828728
209,fish_oil,2023,6.608609772841947
209,ornamentals,2019,5886.285714285714
209,ornamentals,2020,2756.4790809662977
209,ornamentals,2021,3596.3845089494052
209,ornamentals,2022,5089.68110555238
209,ornamentals,2023,2078.043025058923
209,seaweeds,2019,7.406769813620748
209,seaweeds,2020,7.798653751860232
209,seaweeds,2021,8.384203083193304
209,seaweeds,2022,10.746388627723135
209,seaweeds,2023,9.330848047146995
210,fish_oil,2019,1.9732868498871718
210,fish_oil,2020,2.275465248554399
210,fish_oil,2021,2.9241914951439645
210,fish_oil,2022,2.485452257823188
210,fish_oil,2023,3.690047346972421
210,ornamentals,2019,234.6774193548387
210,ornamentals,2020,205.27346938775509
210,ornamentals,2021,262.5722222222222
210,ornamentals,2022,175.60759493670884
210,ornamentals,2023,217.126582278481
210,seaweeds,2019,15.756788024085635
210,seaweeds,2020,15.84570017409444
210,seaweeds,2021,14.457222777986631
210,seaweeds,2022,13.550348106639497
210,seaweeds,2023,17.03947113119162
212,ornamentals,2019,53.29518145554719
212,ornamentals,2020,91.6923076923077
212,ornamentals,2021,64.56033253661762
212,ornamentals,2022,68.34626342414677
212,ornamentals,2023,26.99674258042284
212,seaweeds,2019,12.69438158351965
212,seaweeds,2020,13.195661535326474
212,seaweeds,2021,12.608422069047505
212,seaweeds,2022,9.005880754555477
212,seaweeds,2023,10.475280391460174
212,fish_oil,2019,4.173549943898697
212,fish_oil,2020,8.734880162391821
212,fish_oil,2021,9.479579859767002
212,fish_oil,2022,9.100285927081373
212,fish_oil,2023,7.052039687792173
214,fish_oil,2019,1.7825488641525438
214,fish_oil,2020,0.5773011617515639
214,fish_oil,2021,2.1753688277089696
214,fish_oil,2022,2.810645172715364
214,fish_oil,2023,4.887271109878033
214,ornamentals,2019,2.6772366930917326
214,ornamentals,2020,0.6967163271511098
214,ornamentals,2021,1.5001705320600272
214,ornamentals,2022,1.669227850502751
214,ornamentals,2023,1.98425006057669
214,seaweeds,2019,0.8153429602888087
214,seaweeds,2020,8.514579935563333
214,seaweeds,2021,6.504992187094564
214,seaweeds,2022,5.81687459769867
214,seaweeds,2023,6.101478117552313
215,ornamentals,2019,689.5303074939351
215,ornamentals,2020,1.8476207219878105
215,ornamentals,2021,140.4681937304791
215,ornamentals,2022,55.428753615754005
215,ornamentals,2023,0.7237581106512969
215,seaweeds,2019,9.211885795598922
215,seaweeds,2020,13.054814707322212
215,seaweeds,2021,9.5
215,seaweeds,2022,11.869973789113288
215,seaweeds,2023,10.980913167548522
215,fish_oil,2019,2.9499054849198525
215,fish_oil,2020,55.41276923723147
215,fish_oil,2021,59.00740656851673
215,fish_oil,2022,55.591812672190194
215,fish_oil,2023,14.75590872216053
216,fish_oil,2019,2.0452559300873903
216,fish_oil,2020,2.046398117935498
216,fish_oil,2021,1.5270457443757663
216,fish_oil,2022,1.8319626053073357
216,fish_oil,2023,2.9567502657584943
216,ornamentals,2019,14.788516527507722
216,ornamentals,2020,14.114469468526197
216,ornamentals,2021,14.371044440601764
216,ornamentals,2022,13.119099658729244
216,ornamentals,2023,10.758671334896004
216,seaweeds,2019,1.1655871940503781
216,seaweeds,2020,1.0693979659354933
216,seaweeds,2021,1.1478370571267977
216,seaweeds,2022,1.7372674490975633
216,seaweeds,2023,1.1913636152188123
218,fish_oil,2019,3.5942517513095513
218,fish_oil,2020,4.107586278666539
218,fish_oil,2021,4.052182326070946
218,fish_oil,2022,6.902622385875465
218,fish_oil,2023,4.493992102668771
218,ornamentals,2019,39221.16859135755
218,ornamentals,2020,15093.680939103542
218,ornamentals,2021,10.908045977011495
218,ornamentals,2022,17.52941176470588
218,ornamentals,2023,17.52941176470588
218,seaweeds,2019,2.8874468053872344
218,seaweeds,2020,2.5355440123391757
218,seaweeds,2021,2.6174268517159214
218,seaweeds,2022,2.976593489142721
218,seaweeds,2023,3.3924969979311044
219,seaweeds,2019,7.595353160117932
219,seaweeds,2020,7.429514636611184
219,seaweeds,2021,7.6669536263770945
219,seaweeds,2022,7.772522504339812
219,seaweeds,2023,8.25324536032971
219,ornamentals,2019,39221.16859135755
219,ornamentals,2020,15093.680939103542
219,ornamentals,2021,6405.606606061049
219,ornamentals,2022,5358.216987502979
219,ornamentals,2023,6838.051374792732
219,fish_oil,2019,2.850624287170221
219,fish_oil,2020,3.4069279924456835
219,fish_oil,2021,3.5057862212602675
219,fish_oil,2022,5.525712437642493
219,fish_oil,2023,4.933609984035308
220,ornamentals,2019,200.9768418030223
220,ornamentals,2020,584.9666258893922
220,ornamentals,2021,718.4772831885801
220,ornamentals,2022,119.35197331496364
220,ornamentals,2023,81.34777639315145
220,seaweeds,2019,7.721455306187844
220,seaweeds,2020,13.415586823971827
220,seaweeds,2021,35.35252514707192
220,seaweeds,2022,35.09600963246095
220,seaweeds,2023,39.335083874458874
220,fish_oil,2019,1.4235776800097977
220,fish_oil,2020,1.587472022331214
220,fish_oil,2021,1.7024125352346209
220,fish_oil,2022,1.6479230480227982
220,fish_oil,2023,5.563146475908016
221,seaweeds,2019,7.690095617169096
221,seaweeds,2020,8.306753325581568
221,seaweeds,2021,12.584028343854218
221,seaweeds,2022,10.371848997569245
221,seaweeds,2023,12.215996765972854
221,ornamentals,2019,689.7153679653678
221,ornamentals,2020,376.9125615763547
221,ornamentals,2021,436.10700757575756
221,ornamentals,2022,276.10143369175626
221,ornamentals,2023,119.78405797101449
221,fish_oil,2019,8.507692307692308
221,fish_oil,2020,3
221,fish_oil,2021,3
221,fish_oil,2022,2.545454545454546
221,fish_oil,2023,4.375
222,fish_oil,2019,7.386479686176331
222,fish_oil,2020,6.265669797330698
222,fish_oil,2021,5.0933367139129935
222,fish_oil,2022,5.658501540102903
222,fish_oil,2023,13.085635140482786
222,ornamentals,2019,134.16129032258067
222,ornamentals,2020,119.81818181818181
222,ornamentals,2021,191.50000000000003
222,ornamentals,2022,132.075
222,ornamentals,2023,136.33333333333334
222,seaweeds,2019,12.898660653273199
222,seaweeds,2020,28.600271739130438
222,seaweeds,2021,31.538526315789476
222,seaweeds,2022,32.914319248826295
222,seaweeds,2023,27.430253956569743
223,fish_oil,2019,1.3601065553988447
223,fish_oil,2020,1.478970502588214
223,fish_oil,2021,1.6179174698489858
223,fish_oil,2022,1.9645489715357871
223,fish_oil,2023,2.6401128584789815
223,ornamentals,2019,50.43147993643757
223,ornamentals,2020,47.564140449049454
223,ornamentals,2021,61.650525816802805
223,ornamentals,2022,45.0472064271001
223,ornamentals,2023,45.42595720888871
223,seaweeds,2019,1.4165385372497488
223,seaweeds,2020,1.5450086490080404
223,seaweeds,2021,1.794858400160524
223,seaweeds,2022,2.438419056896812
223,seaweeds,2023,2.186485340701405
224,fish_oil,2019,1.3292085576893042
224,fish_oil,2020,1.3182618612151715
224,fish_oil,2021,1.4347779790294581
224,fish_oil,2022,1.9387265662260909
224,fish_oil,2023,2.986191927901655
224,ornamentals,2019,21.7242787919613
224,ornamentals,2020,24.629079034786237
224,ornamentals,2021,41.39378413953324
224,ornamentals,2022,92.3160922400564
224,ornamentals,2023,90.84723002058769
224,seaweeds,2019,1.9000037406802917
224,seaweeds,2020,1.695262921404965
224,seaweeds,2021,1.966280345641701
224,seaweeds,2022,2.9460167563619732
224,seaweeds,2023,2.95453872581912
227,seaweeds,2019,10.029240233939625
227,seaweeds,2020,8.08059822539885
227,seaweeds,2021,6.877501948843852
227,seaweeds,2022,8.511875344318732
227,seaweeds,2023,5.9226356182180755
227,ornamentals,2019,50.43147993643757
227,ornamentals,2020,47.564140449049454
227,ornamentals,2021,61.650525816802805
227,ornamentals,2022,45.0472064271001
227,ornamentals,2023,45.42595720888871
227,fish_oil,2019,3.713604198153352
227,fish_oil,2020,3.3550710938831796
227,fish_oil,2021,2.21169171000455
227,fish_oil,2022,2.9078841597276552
227,fish_oil,2023,5.234311551859661
228,seaweeds,2019,10.029240233939625
228,seaweeds,2020,8.08059822539885
228,seaweeds,2021,6.877501948843852
228,seaweeds,2022,8.511875344318732
228,seaweeds,2023,5.9226356182180755
228,ornamentals,2019,50.43147993643757
228,ornamentals,2020,47.564140449049454
228,ornamentals,2021,61.650525816802805
228,ornamentals,2022,45.0472064271001
228,ornamentals,2023,45.42595720888871
228,fish_oil,2019,3.713604198153352
228,fish_oil,2020,3.3550710938831796
228,fish_oil,2021,2.21169171000455
228,fish_oil,2022,2.9078841597276552
228,fish_oil,2023,5.234311551859661
231,seaweeds,2019,0.927083799883549
231,seaweeds,2020,0.35366666666666663
231,seaweeds,2021,0.6331147540983606
231,seaweeds,2022,1.6316742081447964
231,seaweeds,2023,1.6306774143543639
231,ornamentals,2019,8.105872615766748
231,ornamentals,2020,7.556878143801423
231,ornamentals,2021,7.429585496521383
231,ornamentals,2022,14.71413902706887
231,ornamentals,2023,8.754966938824145
231,fish_oil,2019,3.826366335350629
231,fish_oil,2020,4.196917254546686
231,fish_oil,2021,14.573864422390763
231,fish_oil,2022,15.469033137719894
231,fish_oil,2023,14.686695343584494
232,seaweeds,2019,18.937345952232842
232,seaweeds,2020,15.232121707046842
232,seaweeds,2021,22.258482257657008
232,seaweeds,2022,15.950282976495712
232,seaweeds,2023,24.79950988909789
232,ornamentals,2019,13.839026417897957
232,ornamentals,2020,13.28453454913226
232,ornamentals,2021,16.187521677881296
232,ornamentals,2022,12.258381992966504
232,ornamentals,2023,10.599927036875398
232,fish_oil,2019,3.5130878839029642
232,fish_oil,2020,12.688876901113854
232,fish_oil,2021,12.963175178808166
232,fish_oil,2022,9.038014004857267
232,fish_oil,2023,13.977192957370363
237,seaweeds,2019,6.972999462991069
237,seaweeds,2020,5.423973723947675
237,seaweeds,2021,5.288803709910198
237,seaweeds,2022,5.179908080013903
237,seaweeds,2023,6.642418020283862
237,ornamentals,2019,8.105872615766748
237,ornamentals,2020,7.556878143801423
237,ornamentals,2021,7.429585496521383
237,ornamentals,2022,14.71413902706887
237,ornamentals,2023,8.754966938824145
237,fish_oil,2019,3.826366335350629
237,fish_oil,2020,4.196917254546686
237,fish_oil,2021,14.573864422390763
237,fish_oil,2022,15.469033137719894
237,fish_oil,2023,14.686695343584494
244,fish_oil,2019,1.4235776800097977
244,fish_oil,2020,1.587472022331214
244,fish_oil,2021,1.7024125352346209
244,fish_oil,2022,1.6479230480227982
244,fish_oil,2023,15
244,ornamentals,2019,583
244,ornamentals,2020,1157
244,ornamentals,2021,1424
244,ornamentals,2022,225.74999999999997
244,ornamentals,2023,149.75
244,seaweeds,2019,7.721455306187844
244,seaweeds,2020,13.415586823971827
244,seaweeds,2021,35.35252514707192
244,seaweeds,2022,35.09600963246095
244,seaweeds,2023,39.335083874458874
245,ornamentals,2019,200.9768418030223
245,ornamentals,2020,584.9666258893922
245,ornamentals,2021,718.4772831885801
245,ornamentals,2022,119.35197331496364
245,ornamentals,2023,81.34777639315145
245,seaweeds,2019,7.721455306187844
245,seaweeds,2020,13.415586823971827
245,seaweeds,2021,35.35252514707192
245,seaweeds,2022,35.09600963246095
245,seaweeds,2023,39.335083874458874
245,fish_oil,2019,1.4235776800097977
245,fish_oil,2020,1.587472022331214
245,fish_oil,2021,1.7024125352346209
245,fish_oil,2022,1.6479230480227982
245,fish_oil,2023,5.563146475908016
247,ornamentals,2019,200.9768418030223
247,ornamentals,2020,584.9666258893922
247,ornamentals,2021,718.4772831885801
247,ornamentals,2022,119.35197331496364
247,ornamentals,2023,81.34777639315145
247,seaweeds,2019,12.786301369863015
247,seaweeds,2020,24.509576612903224
247,seaweeds,2021,67.87085391672548
247,seaweeds,2022,66.88484251968505
247,seaweeds,2023,70.7012987012987
247,fish_oil,2019,1.4235776800097977
247,fish_oil,2020,1.587472022331214
247,fish_oil,2021,1.7024125352346209
247,fish_oil,2022,1.6479230480227982
247,fish_oil,2023,5.563146475908016
248,ornamentals,2019,200.9768418030223
248,ornamentals,2020,584.9666258893922
248,ornamentals,2021,718.4772831885801
248,ornamentals,2022,119.35197331496364
248,ornamentals,2023,81.34777639315145
248,seaweeds,2019,7.721455306187844
248,seaweeds,2020,13.415586823971827
248,seaweeds,2021,35.35252514707192
248,seaweeds,2022,35.09600963246095
248,seaweeds,2023,39.335083874458874
248,fish_oil,2019,1.4235776800097977
248,fish_oil,2020,1.587472022331214
248,fish_oil,2021,1.7024125352346209
248,fish_oil,2022,1.6479230480227982
248,fish_oil,2023,5.563146475908016
249,ornamentals,2019,200.9768418030223
249,ornamentals,2020,584.9666258893922
249,ornamentals,2021,718.4772831885801
249,ornamentals,2022,119.35197331496364
249,ornamentals,2023,81.34777639315145
249,seaweeds,2019,7.721455306187844
249,seaweeds,2020,13.415586823971827
249,seaweeds,2021,35.35252514707192
249,seaweeds,2022,35.09600963246095
249,seaweeds,2023,39.335083874458874
249,fish_oil,2019,1.4235776800097977
249,fish_oil,2020,1.587472022331214
249,fish_oil,2021,1.7024125352346209
249,fish_oil,2022,1.6479230480227982
249,fish_oil,2023,5.563146475908016
250,fish_oil,2019,1.4235776800097977
250,fish_oil,2020,1.587472022331214
250,fish_oil,2021,1.7024125352346209
250,fish_oil,2022,1.6479230480227982
250,fish_oil,2023,0.004492381384531668
250,ornamentals,2019,7.0375
250,ornamentals,2020,584.9666258893922
250,ornamentals,2021,718.4772831885801
250,ornamentals,2022,119.35197331496364
250,ornamentals,2023,81.34777639315145
250,seaweeds,2019,7.721455306187844
250,seaweeds,2020,13.415586823971827
250,seaweeds,2021,35.35252514707192
250,seaweeds,2022,35.09600963246095
250,seaweeds,2023,39.335083874458874
