rgn_name,rgn_id,product,year,tonnes,usd,level,georgn_id,georgn_values,global_values,values,values_final,values_gf_description,values_gf
NA,1,seaweeds,2019,NA,NA,r2,53,30.156647871492645,12.69438158351965,NA,30.156647871492645,geo_region,1
NA,1,seaweeds,2020,NA,NA,r2,53,30.053584375880416,13.195661535326474,NA,30.053584375880416,geo_region,1
NA,1,seaweeds,2021,NA,NA,r2,53,7.994751571738844,12.608422069047505,NA,7.994751571738844,geo_region,1
NA,1,seaweeds,2022,NA,NA,r2,53,15.338744718866344,9.005880754555477,NA,15.338744718866344,geo_region,1
NA,1,seaweeds,2023,NA,NA,r2,53,18.99767616874116,10.475280391460174,NA,18.99767616874116,geo_region,1
NA,1,ornamentals,2019,NA,NA,r2,53,20.513456165212645,762.3986858156522,NA,20.513456165212645,geo_region,1
NA,1,ornamentals,2020,NA,NA,r2,53,33.651305980957204,533.8956822859074,NA,33.651305980957204,geo_region,1
NA,1,ornamentals,2021,NA,NA,r2,53,16.480241839062376,482.4878993830671,NA,16.480241839062376,geo_region,1
NA,1,ornamentals,2022,NA,NA,r2,53,16.465546977547472,313.3104942475703,NA,16.465546977547472,geo_region,1
NA,1,ornamentals,2023,NA,NA,r2,53,16.449854900755273,267.14713099669086,NA,16.449854900755273,geo_region,1
NA,1,fish_oil,2019,NA,NA,r2,53,2.325102362270121,4.173549943898697,NA,2.325102362270121,geo_region,1
NA,1,fish_oil,2020,NA,NA,r2,53,3.670908232948931,8.734880162391821,NA,3.670908232948931,geo_region,1
NA,1,fish_oil,2021,NA,NA,r2,53,3.5278152980448,9.479579859767002,NA,3.5278152980448,geo_region,1
NA,1,fish_oil,2022,NA,NA,r2,53,3.0101488204920854,9.100285927081373,NA,3.0101488204920854,geo_region,1
NA,1,fish_oil,2023,NA,NA,r2,53,3.9097530556701545,7.052039687792173,NA,3.9097530556701545,geo_region,1
NA,2,seaweeds,2019,NA,NA,r2,53,30.156647871492645,12.69438158351965,NA,30.156647871492645,geo_region,1
NA,2,seaweeds,2020,NA,NA,r2,53,30.053584375880416,13.195661535326474,NA,30.053584375880416,geo_region,1
NA,2,seaweeds,2021,NA,NA,r2,53,7.994751571738844,12.608422069047505,NA,7.994751571738844,geo_region,1
NA,2,seaweeds,2022,NA,NA,r2,53,15.338744718866344,9.005880754555477,NA,15.338744718866344,geo_region,1
NA,2,seaweeds,2023,NA,NA,r2,53,18.99767616874116,10.475280391460174,NA,18.99767616874116,geo_region,1
NA,2,ornamentals,2019,NA,NA,r2,53,20.513456165212645,762.3986858156522,NA,20.513456165212645,geo_region,1
NA,2,ornamentals,2020,NA,NA,r2,53,33.651305980957204,533.8956822859074,NA,33.651305980957204,geo_region,1
NA,2,ornamentals,2021,NA,NA,r2,53,16.480241839062376,482.4878993830671,NA,16.480241839062376,geo_region,1
NA,2,ornamentals,2022,NA,NA,r2,53,16.465546977547472,313.3104942475703,NA,16.465546977547472,geo_region,1
NA,2,ornamentals,2023,NA,NA,r2,53,16.449854900755273,267.14713099669086,NA,16.449854900755273,geo_region,1
NA,2,fish_oil,2019,NA,NA,r2,53,2.325102362270121,4.173549943898697,NA,2.325102362270121,geo_region,1
NA,2,fish_oil,2020,NA,NA,r2,53,3.670908232948931,8.734880162391821,NA,3.670908232948931,geo_region,1
NA,2,fish_oil,2021,NA,NA,r2,53,3.5278152980448,9.479579859767002,NA,3.5278152980448,geo_region,1
NA,2,fish_oil,2022,NA,NA,r2,53,3.0101488204920854,9.100285927081373,NA,3.0101488204920854,geo_region,1
NA,2,fish_oil,2023,NA,NA,r2,53,3.9097530556701545,7.052039687792173,NA,3.9097530556701545,geo_region,1
NA,3,seaweeds,2019,NA,NA,r2,53,30.156647871492645,12.69438158351965,NA,30.156647871492645,geo_region,1
NA,3,seaweeds,2020,NA,NA,r2,53,30.053584375880416,13.195661535326474,NA,30.053584375880416,geo_region,1
NA,3,seaweeds,2021,NA,NA,r2,53,7.994751571738844,12.608422069047505,NA,7.994751571738844,geo_region,1
NA,3,seaweeds,2022,NA,NA,r2,53,15.338744718866344,9.005880754555477,NA,15.338744718866344,geo_region,1
NA,3,seaweeds,2023,NA,NA,r2,53,18.99767616874116,10.475280391460174,NA,18.99767616874116,geo_region,1
NA,3,ornamentals,2019,NA,NA,r2,53,20.513456165212645,762.3986858156522,NA,20.513456165212645,geo_region,1
NA,3,ornamentals,2020,NA,NA,r2,53,33.651305980957204,533.8956822859074,NA,33.651305980957204,geo_region,1
NA,3,ornamentals,2021,NA,NA,r2,53,16.480241839062376,482.4878993830671,NA,16.480241839062376,geo_region,1
NA,3,ornamentals,2022,NA,NA,r2,53,16.465546977547472,313.3104942475703,NA,16.465546977547472,geo_region,1
NA,3,ornamentals,2023,NA,NA,r2,53,16.449854900755273,267.14713099669086,NA,16.449854900755273,geo_region,1
NA,3,fish_oil,2019,NA,NA,r2,53,2.325102362270121,4.173549943898697,NA,2.325102362270121,geo_region,1
NA,3,fish_oil,2020,NA,NA,r2,53,3.670908232948931,8.734880162391821,NA,3.670908232948931,geo_region,1
NA,3,fish_oil,2021,NA,NA,r2,53,3.5278152980448,9.479579859767002,NA,3.5278152980448,geo_region,1
NA,3,fish_oil,2022,NA,NA,r2,53,3.0101488204920854,9.100285927081373,NA,3.0101488204920854,geo_region,1
NA,3,fish_oil,2023,NA,NA,r2,53,3.9097530556701545,7.052039687792173,NA,3.9097530556701545,geo_region,1
NA,4,seaweeds,2019,NA,NA,r2,53,30.156647871492645,12.69438158351965,NA,30.156647871492645,geo_region,1
NA,4,seaweeds,2020,NA,NA,r2,53,30.053584375880416,13.195661535326474,NA,30.053584375880416,geo_region,1
NA,4,seaweeds,2021,NA,NA,r2,53,7.994751571738844,12.608422069047505,NA,7.994751571738844,geo_region,1
NA,4,seaweeds,2022,NA,NA,r2,53,15.338744718866344,9.005880754555477,NA,15.338744718866344,geo_region,1
NA,4,seaweeds,2023,NA,NA,r2,53,18.99767616874116,10.475280391460174,NA,18.99767616874116,geo_region,1
NA,4,ornamentals,2019,NA,NA,r2,53,20.513456165212645,762.3986858156522,NA,20.513456165212645,geo_region,1
NA,4,ornamentals,2020,NA,NA,r2,53,33.651305980957204,533.8956822859074,NA,33.651305980957204,geo_region,1
NA,4,ornamentals,2021,NA,NA,r2,53,16.480241839062376,482.4878993830671,NA,16.480241839062376,geo_region,1
NA,4,ornamentals,2022,NA,NA,r2,53,16.465546977547472,313.3104942475703,NA,16.465546977547472,geo_region,1
NA,4,ornamentals,2023,NA,NA,r2,53,16.449854900755273,267.14713099669086,NA,16.449854900755273,geo_region,1
NA,4,fish_oil,2019,NA,NA,r2,53,2.325102362270121,4.173549943898697,NA,2.325102362270121,geo_region,1
NA,4,fish_oil,2020,NA,NA,r2,53,3.670908232948931,8.734880162391821,NA,3.670908232948931,geo_region,1
NA,4,fish_oil,2021,NA,NA,r2,53,3.5278152980448,9.479579859767002,NA,3.5278152980448,geo_region,1
NA,4,fish_oil,2022,NA,NA,r2,53,3.0101488204920854,9.100285927081373,NA,3.0101488204920854,geo_region,1
NA,4,fish_oil,2023,NA,NA,r2,53,3.9097530556701545,7.052039687792173,NA,3.9097530556701545,geo_region,1
New Caledonia,5,ornamentals,2019,2.91,170.06,r2,54,25.863247701280997,762.3986858156522,58.439862542955325,58.439862542955325,none,0
New Caledonia,5,ornamentals,2020,0.99,114.74,r2,54,4411.396323028081,533.8956822859074,115.8989898989899,115.8989898989899,none,0
New Caledonia,5,ornamentals,2021,0.73,185.34,r2,54,2626.9002118523235,482.4878993830671,253.8904109589041,253.8904109589041,none,0
New Caledonia,5,ornamentals,2022,0.86,159.14,r2,54,104.20885127457348,313.3104942475703,185.04651162790697,185.04651162790697,none,0
New Caledonia,5,ornamentals,2023,0.54,121.31,r2,54,95.01227720007061,267.14713099669086,224.64814814814812,224.64814814814812,none,0
NA,5,seaweeds,2019,NA,NA,r2,54,1.3288770053475936,12.69438158351965,NA,1.3288770053475936,geo_region,1
NA,5,seaweeds,2020,NA,NA,r2,54,1.182230016074821,13.195661535326474,NA,1.182230016074821,geo_region,1
NA,5,seaweeds,2021,NA,NA,r2,54,0.764188790560472,12.608422069047505,NA,0.764188790560472,geo_region,1
NA,5,seaweeds,2022,NA,NA,r2,54,0.8104659855469724,9.005880754555477,NA,0.8104659855469724,geo_region,1
NA,5,seaweeds,2023,NA,NA,r2,54,0.6135083402392936,10.475280391460174,NA,0.6135083402392936,geo_region,1
NA,5,fish_oil,2019,NA,NA,r2,54,1.7890581938796284,4.173549943898697,NA,1.7890581938796284,geo_region,1
NA,5,fish_oil,2020,NA,NA,r2,54,1.3084646916784708,8.734880162391821,NA,1.3084646916784708,geo_region,1
NA,5,fish_oil,2021,NA,NA,r2,54,1.410261839747558,9.479579859767002,NA,1.410261839747558,geo_region,1
NA,5,fish_oil,2022,NA,NA,r2,54,1.4311338122586195,9.100285927081373,NA,1.4311338122586195,geo_region,1
NA,5,fish_oil,2023,NA,NA,r2,54,2.2914491998089,7.052039687792173,NA,2.2914491998089,geo_region,1
Vanuatu,6,ornamentals,2019,0,0,r2,54,25.863247701280997,762.3986858156522,NA,25.863247701280997,geo_region,1
Vanuatu,6,ornamentals,2020,0,0,r2,54,4411.396323028081,533.8956822859074,NA,4411.396323028081,geo_region,1
Vanuatu,6,ornamentals,2021,0.01,0.34,r2,54,2626.9002118523235,482.4878993830671,34,34,none,0
Vanuatu,6,ornamentals,2022,0,0.05,r2,54,104.20885127457348,313.3104942475703,NA,104.20885127457348,geo_region,1
Vanuatu,6,ornamentals,2023,0,0.17,r2,54,95.01227720007061,267.14713099669086,NA,95.01227720007061,geo_region,1
NA,6,seaweeds,2019,NA,NA,r2,54,1.3288770053475936,12.69438158351965,NA,1.3288770053475936,geo_region,1
NA,6,seaweeds,2020,NA,NA,r2,54,1.182230016074821,13.195661535326474,NA,1.182230016074821,geo_region,1
NA,6,seaweeds,2021,NA,NA,r2,54,0.764188790560472,12.608422069047505,NA,0.764188790560472,geo_region,1
NA,6,seaweeds,2022,NA,NA,r2,54,0.8104659855469724,9.005880754555477,NA,0.8104659855469724,geo_region,1
NA,6,seaweeds,2023,NA,NA,r2,54,0.6135083402392936,10.475280391460174,NA,0.6135083402392936,geo_region,1
NA,6,fish_oil,2019,NA,NA,r2,54,1.7890581938796284,4.173549943898697,NA,1.7890581938796284,geo_region,1
NA,6,fish_oil,2020,NA,NA,r2,54,1.3084646916784708,8.734880162391821,NA,1.3084646916784708,geo_region,1
NA,6,fish_oil,2021,NA,NA,r2,54,1.410261839747558,9.479579859767002,NA,1.410261839747558,geo_region,1
NA,6,fish_oil,2022,NA,NA,r2,54,1.4311338122586195,9.100285927081373,NA,1.4311338122586195,geo_region,1
NA,6,fish_oil,2023,NA,NA,r2,54,2.2914491998089,7.052039687792173,NA,2.2914491998089,geo_region,1
Solomon Islands,7,fish_oil,2019,36.04,38.18,r2,54,1.7890581938796284,4.173549943898697,1.0593784683684795,1.0593784683684795,none,0
Solomon Islands,7,fish_oil,2020,75.58,97.23,r2,54,1.3084646916784708,8.734880162391821,1.2864514421804711,1.2864514421804711,none,0
Solomon Islands,7,fish_oil,2021,97.41,98.73,r2,54,1.410261839747558,9.479579859767002,1.0135509701262704,1.0135509701262704,none,0
Solomon Islands,7,fish_oil,2022,38.72,48.8,r2,54,1.4311338122586195,9.100285927081373,1.2603305785123966,1.2603305785123966,none,0
Solomon Islands,7,fish_oil,2023,96.88,261.2,r2,54,2.2914491998089,7.052039687792173,2.696118909991742,2.696118909991742,none,0
Solomon Islands,7,ornamentals,2019,0,0,r2,54,25.863247701280997,762.3986858156522,NA,25.863247701280997,geo_region,1
Solomon Islands,7,ornamentals,2020,0,0,r2,54,4411.396323028081,533.8956822859074,NA,4411.396323028081,geo_region,1
Solomon Islands,7,ornamentals,2021,0,0,r2,54,2626.9002118523235,482.4878993830671,NA,2626.9002118523235,geo_region,1
Solomon Islands,7,ornamentals,2022,0,0,r2,54,104.20885127457348,313.3104942475703,NA,104.20885127457348,geo_region,1
Solomon Islands,7,ornamentals,2023,0,0,r2,54,95.01227720007061,267.14713099669086,NA,95.01227720007061,geo_region,1
Solomon Islands,7,seaweeds,2019,187,310,r2,54,1.3288770053475936,12.69438158351965,1.6577540106951871,1.6577540106951871,none,0
Solomon Islands,7,seaweeds,2020,136.86,161.8,r2,54,1.182230016074821,13.195661535326474,1.182230016074821,1.182230016074821,none,0
Solomon Islands,7,seaweeds,2021,169.5,129.53,r2,54,0.764188790560472,12.608422069047505,0.764188790560472,0.764188790560472,none,0
Solomon Islands,7,seaweeds,2022,200.65,162.62,r2,54,0.8104659855469724,9.005880754555477,0.8104659855469724,0.8104659855469724,none,0
Solomon Islands,7,seaweeds,2023,363.89,264.81,r2,54,0.6135083402392936,10.475280391460174,0.7277199153590371,0.7277199153590371,none,0
Palau,8,ornamentals,2019,5.04,152.74,r2,57,700.1743778011628,762.3986858156522,30.305555555555557,30.305555555555557,none,0
Palau,8,ornamentals,2020,6.09,201.62,r2,57,523.7659082796449,533.8956822859074,33.10673234811166,33.10673234811166,none,0
Palau,8,ornamentals,2021,10.49,331.84,r2,57,64.56033253661762,482.4878993830671,31.633937082936125,31.633937082936125,none,0
Palau,8,ornamentals,2022,8.36,344.68,r2,57,68.34626342414677,313.3104942475703,41.22966507177034,41.22966507177034,none,0
Palau,8,ornamentals,2023,5.73,267.1,r2,57,51.118503050471574,267.14713099669086,46.61431064572426,46.61431064572426,none,0
NA,8,seaweeds,2019,NA,NA,r2,57,NA,12.69438158351965,NA,12.69438158351965,global,1
NA,8,seaweeds,2020,NA,NA,r2,57,NA,13.195661535326474,NA,13.195661535326474,global,1
NA,8,seaweeds,2021,NA,NA,r2,57,NA,12.608422069047505,NA,12.608422069047505,global,1
NA,8,seaweeds,2022,NA,NA,r2,57,NA,9.005880754555477,NA,9.005880754555477,global,1
NA,8,seaweeds,2023,NA,NA,r2,57,NA,10.475280391460174,NA,10.475280391460174,global,1
NA,8,fish_oil,2019,NA,NA,r2,57,NA,4.173549943898697,NA,4.173549943898697,global,1
NA,8,fish_oil,2020,NA,NA,r2,57,NA,8.734880162391821,NA,8.734880162391821,global,1
NA,8,fish_oil,2021,NA,NA,r2,57,NA,9.479579859767002,NA,9.479579859767002,global,1
NA,8,fish_oil,2022,NA,NA,r2,57,NA,9.100285927081373,NA,9.100285927081373,global,1
NA,8,fish_oil,2023,NA,NA,r2,57,NA,7.052039687792173,NA,7.052039687792173,global,1
Micronesia,9,ornamentals,2019,0.05,105.55,r2,57,700.1743778011628,762.3986858156522,2111,2111,none,0
Micronesia,9,ornamentals,2020,1.0365525721256468,26.04,r2,57,523.7659082796449,533.8956822859074,25.12173593530337,25.12173593530337,none,0
Micronesia,9,ornamentals,2021,2.3889866588743836,152.14,r2,57,64.56033253661762,482.4878993830671,63.683905238584984,63.683905238584984,none,0
Micronesia,9,ornamentals,2022,2.4763325968743786,161.28,r2,57,68.34626342414677,313.3104942475703,65.12856964511441,65.12856964511441,none,0
Micronesia,9,ornamentals,2023,1.5287637428747196,74.74,r2,57,51.118503050471574,267.14713099669086,48.889176204203615,48.889176204203615,none,0
NA,9,seaweeds,2019,NA,NA,r2,57,NA,12.69438158351965,NA,12.69438158351965,global,1
NA,9,seaweeds,2020,NA,NA,r2,57,NA,13.195661535326474,NA,13.195661535326474,global,1
NA,9,seaweeds,2021,NA,NA,r2,57,NA,12.608422069047505,NA,12.608422069047505,global,1
NA,9,seaweeds,2022,NA,NA,r2,57,NA,9.005880754555477,NA,9.005880754555477,global,1
NA,9,seaweeds,2023,NA,NA,r2,57,NA,10.475280391460174,NA,10.475280391460174,global,1
NA,9,fish_oil,2019,NA,NA,r2,57,NA,4.173549943898697,NA,4.173549943898697,global,1
NA,9,fish_oil,2020,NA,NA,r2,57,NA,8.734880162391821,NA,8.734880162391821,global,1
NA,9,fish_oil,2021,NA,NA,r2,57,NA,9.479579859767002,NA,9.479579859767002,global,1
NA,9,fish_oil,2022,NA,NA,r2,57,NA,9.100285927081373,NA,9.100285927081373,global,1
NA,9,fish_oil,2023,NA,NA,r2,57,NA,7.052039687792173,NA,7.052039687792173,global,1
NA,10,seaweeds,2019,NA,NA,r2,57,NA,12.69438158351965,NA,12.69438158351965,global,1
NA,10,seaweeds,2020,NA,NA,r2,57,NA,13.195661535326474,NA,13.195661535326474,global,1
NA,10,seaweeds,2021,NA,NA,r2,57,NA,12.608422069047505,NA,12.608422069047505,global,1
NA,10,seaweeds,2022,NA,NA,r2,57,NA,9.005880754555477,NA,9.005880754555477,global,1
NA,10,seaweeds,2023,NA,NA,r2,57,NA,10.475280391460174,NA,10.475280391460174,global,1
NA,10,ornamentals,2019,NA,NA,r2,57,700.1743778011628,762.3986858156522,NA,700.1743778011628,geo_region,1
NA,10,ornamentals,2020,NA,NA,r2,57,523.7659082796449,533.8956822859074,NA,523.7659082796449,geo_region,1
NA,10,ornamentals,2021,NA,NA,r2,57,64.56033253661762,482.4878993830671,NA,64.56033253661762,geo_region,1
NA,10,ornamentals,2022,NA,NA,r2,57,68.34626342414677,313.3104942475703,NA,68.34626342414677,geo_region,1
NA,10,ornamentals,2023,NA,NA,r2,57,51.118503050471574,267.14713099669086,NA,51.118503050471574,geo_region,1
NA,10,fish_oil,2019,NA,NA,r2,57,NA,4.173549943898697,NA,4.173549943898697,global,1
NA,10,fish_oil,2020,NA,NA,r2,57,NA,8.734880162391821,NA,8.734880162391821,global,1
NA,10,fish_oil,2021,NA,NA,r2,57,NA,9.479579859767002,NA,9.479579859767002,global,1
NA,10,fish_oil,2022,NA,NA,r2,57,NA,9.100285927081373,NA,9.100285927081373,global,1
NA,10,fish_oil,2023,NA,NA,r2,57,NA,7.052039687792173,NA,7.052039687792173,global,1
Marshall Islands,11,ornamentals,2019,0.31,187.89,r2,57,700.1743778011628,762.3986858156522,606.0967741935483,606.0967741935483,none,0
Marshall Islands,11,ornamentals,2020,0.14,272.32,r2,57,523.7659082796449,533.8956822859074,1945.1428571428569,1945.1428571428569,none,0
Marshall Islands,11,ornamentals,2021,5.972256565763969,587.45,r2,57,64.56033253661762,482.4878993830671,98.36315528833174,98.36315528833174,none,0
Marshall Islands,11,ornamentals,2022,7.2,710.5,r2,57,68.34626342414677,313.3104942475703,98.68055555555556,98.68055555555556,none,0
Marshall Islands,11,ornamentals,2023,8.01,656.61,r2,57,51.118503050471574,267.14713099669086,81.97378277153558,81.97378277153558,none,0
NA,11,seaweeds,2019,NA,NA,r2,57,NA,12.69438158351965,NA,12.69438158351965,global,1
NA,11,seaweeds,2020,NA,NA,r2,57,NA,13.195661535326474,NA,13.195661535326474,global,1
NA,11,seaweeds,2021,NA,NA,r2,57,NA,12.608422069047505,NA,12.608422069047505,global,1
NA,11,seaweeds,2022,NA,NA,r2,57,NA,9.005880754555477,NA,9.005880754555477,global,1
NA,11,seaweeds,2023,NA,NA,r2,57,NA,10.475280391460174,NA,10.475280391460174,global,1
NA,11,fish_oil,2019,NA,NA,r2,57,NA,4.173549943898697,NA,4.173549943898697,global,1
NA,11,fish_oil,2020,NA,NA,r2,57,NA,8.734880162391821,NA,8.734880162391821,global,1
NA,11,fish_oil,2021,NA,NA,r2,57,NA,9.479579859767002,NA,9.479579859767002,global,1
NA,11,fish_oil,2022,NA,NA,r2,57,NA,9.100285927081373,NA,9.100285927081373,global,1
NA,11,fish_oil,2023,NA,NA,r2,57,NA,7.052039687792173,NA,7.052039687792173,global,1
NA,12,seaweeds,2019,NA,NA,NA,NA,7.721455306187844,12.69438158351965,NA,7.721455306187844,geo_region,1
NA,12,seaweeds,2020,NA,NA,NA,NA,13.415586823971827,13.195661535326474,NA,13.415586823971827,geo_region,1
NA,12,seaweeds,2021,NA,NA,NA,NA,35.35252514707192,12.608422069047505,NA,35.35252514707192,geo_region,1
NA,12,seaweeds,2022,NA,NA,NA,NA,35.09600963246095,9.005880754555477,NA,35.09600963246095,geo_region,1
NA,12,seaweeds,2023,NA,NA,NA,NA,39.335083874458874,10.475280391460174,NA,39.335083874458874,geo_region,1
NA,12,ornamentals,2019,NA,NA,NA,NA,200.9768418030223,762.3986858156522,NA,200.9768418030223,geo_region,1
NA,12,ornamentals,2020,NA,NA,NA,NA,584.9666258893922,533.8956822859074,NA,584.9666258893922,geo_region,1
NA,12,ornamentals,2021,NA,NA,NA,NA,718.4772831885801,482.4878993830671,NA,718.4772831885801,geo_region,1
NA,12,ornamentals,2022,NA,NA,NA,NA,119.35197331496364,313.3104942475703,NA,119.35197331496364,geo_region,1
NA,12,ornamentals,2023,NA,NA,NA,NA,81.34777639315145,267.14713099669086,NA,81.34777639315145,geo_region,1
NA,12,fish_oil,2019,NA,NA,NA,NA,1.4235776800097977,4.173549943898697,NA,1.4235776800097977,geo_region,1
NA,12,fish_oil,2020,NA,NA,NA,NA,1.587472022331214,8.734880162391821,NA,1.587472022331214,geo_region,1
NA,12,fish_oil,2021,NA,NA,NA,NA,1.7024125352346209,9.479579859767002,NA,1.7024125352346209,geo_region,1
NA,12,fish_oil,2022,NA,NA,NA,NA,1.6479230480227982,9.100285927081373,NA,1.6479230480227982,geo_region,1
NA,12,fish_oil,2023,NA,NA,NA,NA,5.563146475908016,7.052039687792173,NA,5.563146475908016,geo_region,1
NA,13,seaweeds,2019,NA,NA,NA,NA,7.721455306187844,12.69438158351965,NA,7.721455306187844,geo_region,1
NA,13,seaweeds,2020,NA,NA,NA,NA,13.415586823971827,13.195661535326474,NA,13.415586823971827,geo_region,1
NA,13,seaweeds,2021,NA,NA,NA,NA,35.35252514707192,12.608422069047505,NA,35.35252514707192,geo_region,1
NA,13,seaweeds,2022,NA,NA,NA,NA,35.09600963246095,9.005880754555477,NA,35.09600963246095,geo_region,1
NA,13,seaweeds,2023,NA,NA,NA,NA,39.335083874458874,10.475280391460174,NA,39.335083874458874,geo_region,1
NA,13,ornamentals,2019,NA,NA,NA,NA,200.9768418030223,762.3986858156522,NA,200.9768418030223,geo_region,1
NA,13,ornamentals,2020,NA,NA,NA,NA,584.9666258893922,533.8956822859074,NA,584.9666258893922,geo_region,1
NA,13,ornamentals,2021,NA,NA,NA,NA,718.4772831885801,482.4878993830671,NA,718.4772831885801,geo_region,1
NA,13,ornamentals,2022,NA,NA,NA,NA,119.35197331496364,313.3104942475703,NA,119.35197331496364,geo_region,1
NA,13,ornamentals,2023,NA,NA,NA,NA,81.34777639315145,267.14713099669086,NA,81.34777639315145,geo_region,1
NA,13,fish_oil,2019,NA,NA,NA,NA,1.4235776800097977,4.173549943898697,NA,1.4235776800097977,geo_region,1
NA,13,fish_oil,2020,NA,NA,NA,NA,1.587472022331214,8.734880162391821,NA,1.587472022331214,geo_region,1
NA,13,fish_oil,2021,NA,NA,NA,NA,1.7024125352346209,9.479579859767002,NA,1.7024125352346209,geo_region,1
NA,13,fish_oil,2022,NA,NA,NA,NA,1.6479230480227982,9.100285927081373,NA,1.6479230480227982,geo_region,1
NA,13,fish_oil,2023,NA,NA,NA,NA,5.563146475908016,7.052039687792173,NA,5.563146475908016,geo_region,1
Taiwan,14,fish_oil,2019,0.2,12.96,r2,30,18.49917644352171,4.173549943898697,64.8,64.8,none,0
Taiwan,14,fish_oil,2020,0.13,4.6899999999999995,r2,30,11.440945395971468,8.734880162391821,36.07692307692307,36.07692307692307,none,0
Taiwan,14,fish_oil,2021,4.3642377306838736,0.39,r2,30,3.533952748710662,9.479579859767002,0.08936268463516703,0.08936268463516703,none,0
Taiwan,14,fish_oil,2022,0.05,2.92,r2,30,17.891573542637257,9.100285927081373,58.4,58.4,none,0
Taiwan,14,fish_oil,2023,4.16,63.73,r2,30,7.801414846991125,7.052039687792173,15.319711538461537,15.319711538461537,none,0
Taiwan,14,ornamentals,2019,47.57,2626.21,r2,30,1560.7926017830623,762.3986858156522,55.20727349169645,55.20727349169645,none,0
Taiwan,14,ornamentals,2020,33.17,2134.48,r2,30,781.9005659876691,533.8956822859074,64.34971359662345,64.34971359662345,none,0
Taiwan,14,ornamentals,2021,25.05,2300.74,r2,30,1017.1435169816722,482.4878993830671,91.84590818363273,91.84590818363273,none,0
Taiwan,14,ornamentals,2022,22.06,2048.96,r2,30,1348.5008167058322,313.3104942475703,92.88123300090662,92.88123300090662,none,0
Taiwan,14,ornamentals,2023,23.55,2176.36,r2,30,608.9766563374673,267.14713099669086,92.4144373673036,92.4144373673036,none,0
Taiwan,14,seaweeds,2019,925.16,4038.38,r2,30,7.956487681763067,12.69438158351965,4.365061178606944,4.365061178606944,none,0
Taiwan,14,seaweeds,2020,531.34,2509.34,r2,30,10.05404253422988,13.195661535326474,4.722663454661799,4.722663454661799,none,0
Taiwan,14,seaweeds,2021,596.72,2148.56,r2,30,8.63513231167841,12.608422069047505,3.600616704652098,3.600616704652098,none,0
Taiwan,14,seaweeds,2022,594.04,2262.12,r2,30,8.486041043743604,9.005880754555477,3.8080263955289206,3.8080263955289206,none,0
Taiwan,14,seaweeds,2023,486.8,1922.55,r2,30,10.461899730645912,10.475280391460174,3.949363188167625,3.949363188167625,none,0
Philippines,15,fish_oil,2019,813.48,2376.04,r2,35,3.826366335350629,4.173549943898697,2.920833947976594,2.920833947976594,none,0
Philippines,15,fish_oil,2020,3654.77,7167.72,r2,35,4.196917254546686,8.734880162391821,1.9611959165693054,1.9611959165693054,none,0
Philippines,15,fish_oil,2021,2600.72,8065.65,r2,35,14.573864422390763,9.479579859767002,3.1013142514380636,3.1013142514380636,none,0
Philippines,15,fish_oil,2022,1824.27,5644.0999999999995,r2,35,15.469033137719894,9.100285927081373,3.0938950922834887,3.0938950922834887,none,0
Philippines,15,fish_oil,2023,2797.7999999999997,6788.81,r2,35,14.686695343584494,7.052039687792173,2.426481521195225,2.426481521195225,none,0
Philippines,15,ornamentals,2019,5123.36,6186.34,r2,35,8.105872615766748,762.3986858156522,1.207477124387121,1.207477124387121,none,0
Philippines,15,ornamentals,2020,3788.98,3971.36,r2,35,7.556878143801423,533.8956822859074,1.0481343263886322,1.0481343263886322,none,0
Philippines,15,ornamentals,2021,7079.06,5813.33,r2,35,7.429585496521383,482.4878993830671,0.8212008373993157,0.8212008373993157,none,0
Philippines,15,ornamentals,2022,7904.13,5163.5,r2,35,14.71413902706887,313.3104942475703,0.6532660773544969,0.6532660773544969,none,0
Philippines,15,ornamentals,2023,7225.77,4800.51,r2,35,8.754966938824145,267.14713099669086,0.6643596461000004,0.6643596461000004,none,0
Philippines,15,seaweeds,2019,19730.7,38150.55,r2,35,6.972999462991069,12.69438158351965,1.9335629247821924,1.9335629247821924,none,0
Philippines,15,seaweeds,2020,16209.23,27648.25,r2,35,5.423973723947675,13.195661535326474,1.7057102650773666,1.7057102650773666,none,0
Philippines,15,seaweeds,2021,9795.23,14366.17,r2,35,5.288803709910198,12.608422069047505,1.4666495835217754,1.4666495835217754,none,0
Philippines,15,seaweeds,2022,16887.370000000003,28619.73,r2,35,5.179908080013903,9.005880754555477,1.6947416915718667,1.6947416915718667,none,0
Philippines,15,seaweeds,2023,9095.12,18283.01,r2,35,6.642418020283862,10.475280391460174,2.0101999753714077,2.0101999753714077,none,0
Australia,16,fish_oil,2019,1978.74,4588.22,r2,53,2.325102362270121,4.173549943898697,2.318758401811254,2.318758401811254,none,0
Australia,16,fish_oil,2020,1249.41,4378.78,r2,53,3.670908232948931,8.734880162391821,3.5046782081142296,3.5046782081142296,none,0
Australia,16,fish_oil,2021,1845.41,8146.76,r2,53,3.5278152980448,9.479579859767002,4.414607052091405,4.414607052091405,none,0
Australia,16,fish_oil,2022,3508.71,10527.76,r2,53,3.0101488204920854,9.100285927081373,3.0004645581994525,3.0004645581994525,none,0
Australia,16,fish_oil,2023,2593.73,11882.49,r2,53,3.9097530556701545,7.052039687792173,4.581236289050904,4.581236289050904,none,0
Australia,16,ornamentals,2019,95.00062291195044,1563.49,r2,53,20.513456165212645,762.3986858156522,16.457681561194516,16.457681561194516,none,0
Australia,16,ornamentals,2020,50.19435974335744,827.86,r2,53,33.651305980957204,533.8956822859074,16.493088152390595,16.493088152390595,none,0
Australia,16,ornamentals,2021,65.78180166206096,1084.1,r2,53,16.480241839062376,482.4878993830671,16.480241839062376,16.480241839062376,none,0
Australia,16,ornamentals,2022,94.44022734989746,1555.01,r2,53,16.465546977547472,313.3104942475703,16.465546977547472,16.465546977547472,none,0
Australia,16,ornamentals,2023,159.57709145990555,2625.02,r2,53,16.449854900755273,267.14713099669086,16.449854900755273,16.449854900755273,none,0
Australia,16,seaweeds,2019,1058.72,1893.79,r2,53,30.156647871492645,12.69438158351965,1.788754344869276,1.788754344869276,none,0
Australia,16,seaweeds,2020,625.5300000000001,1926.12,r2,53,30.053584375880416,13.195661535326474,3.079180854635269,3.079180854635269,none,0
Australia,16,seaweeds,2021,579,2059.83,r2,53,7.994751571738844,12.608422069047505,3.557564766839378,3.557564766839378,none,0
Australia,16,seaweeds,2022,797.29,2493.6099999999997,r2,53,15.338744718866344,9.005880754555477,3.1276072696258574,3.1276072696258574,none,0
Australia,16,seaweeds,2023,649.3,1918.32,r2,53,18.99767616874116,10.475280391460174,2.954443246573233,2.954443246573233,none,0
Papua New Guinea,17,fish_oil,2019,216.12,412.14,r2,54,1.7890581938796284,4.173549943898697,1.9069961132704052,1.9069961132704052,none,0
Papua New Guinea,17,fish_oil,2020,272,361.89,r2,54,1.3084646916784708,8.734880162391821,1.3304779411764704,1.3304779411764704,none,0
Papua New Guinea,17,fish_oil,2021,426.52,770.71,r2,54,1.410261839747558,9.479579859767002,1.8069727093688457,1.8069727093688457,none,0
Papua New Guinea,17,fish_oil,2022,227.15,363.88,r2,54,1.4311338122586195,9.100285927081373,1.6019370460048425,1.6019370460048425,none,0
Papua New Guinea,17,fish_oil,2023,120.05,246.24,r2,54,2.2914491998089,7.052039687792173,2.0511453561016246,2.0511453561016246,none,0
Papua New Guinea,17,ornamentals,2019,31.07,355.21,r2,54,25.863247701280997,762.3986858156522,11.43257161248793,11.43257161248793,none,0
Papua New Guinea,17,ornamentals,2020,0.02,262.18,r2,54,4411.396323028081,533.8956822859074,13109,13109,none,0
Papua New Guinea,17,ornamentals,2021,0.02,204.2,r2,54,2626.9002118523235,482.4878993830671,10210,10210,none,0
Papua New Guinea,17,ornamentals,2022,1.49,175.23,r2,54,104.20885127457348,313.3104942475703,117.60402684563758,117.60402684563758,none,0
Papua New Guinea,17,ornamentals,2023,0.28,13.94,r2,54,95.01227720007061,267.14713099669086,49.78571428571428,49.78571428571428,none,0
Papua New Guinea,17,seaweeds,2019,0,0,r2,54,1.3288770053475936,12.69438158351965,NA,1.3288770053475936,geo_region,1
Papua New Guinea,17,seaweeds,2020,0,0,r2,54,1.182230016074821,13.195661535326474,NA,1.182230016074821,geo_region,1
Papua New Guinea,17,seaweeds,2021,0,0,r2,54,0.764188790560472,12.608422069047505,NA,0.764188790560472,geo_region,1
Papua New Guinea,17,seaweeds,2022,0,0,r2,54,0.8104659855469724,9.005880754555477,NA,0.8104659855469724,geo_region,1
Papua New Guinea,17,seaweeds,2023,0,0,r2,54,0.6135083402392936,10.475280391460174,NA,0.6135083402392936,geo_region,1
Fiji,18,fish_oil,2019,25,60.02,r2,54,1.7890581938796284,4.173549943898697,2.4008000000000003,2.4008000000000003,none,0
Fiji,18,fish_oil,2020,0,0,r2,54,1.3084646916784708,8.734880162391821,NA,1.3084646916784708,geo_region,1
Fiji,18,fish_oil,2021,0,0,r2,54,1.410261839747558,9.479579859767002,NA,1.410261839747558,geo_region,1
Fiji,18,fish_oil,2022,0,0,r2,54,1.4311338122586195,9.100285927081373,NA,1.4311338122586195,geo_region,1
Fiji,18,fish_oil,2023,19.2,40.84,r2,54,2.2914491998089,7.052039687792173,2.1270833333333337,2.1270833333333337,none,0
Fiji,18,ornamentals,2019,153.1,1181.52,r2,54,25.863247701280997,762.3986858156522,7.717308948399739,7.717308948399739,none,0
Fiji,18,ornamentals,2020,168.15,1562.11,r2,54,4411.396323028081,533.8956822859074,9.289979185251262,9.289979185251262,none,0
Fiji,18,ornamentals,2021,213.77,2075.8,r2,54,2626.9002118523235,482.4878993830671,9.710436450390608,9.710436450390608,none,0
Fiji,18,ornamentals,2022,218.89,2183.65,r2,54,104.20885127457348,313.3104942475703,9.976015350175889,9.976015350175889,none,0
Fiji,18,ornamentals,2023,131.35,1392.7,r2,54,95.01227720007061,267.14713099669086,10.60296916634945,10.60296916634945,none,0
Fiji,18,seaweeds,2019,0.01,0.01,r2,54,1.3288770053475936,12.69438158351965,1,1,none,0
Fiji,18,seaweeds,2020,0,0,r2,54,1.182230016074821,13.195661535326474,NA,1.182230016074821,geo_region,1
Fiji,18,seaweeds,2021,0,0,r2,54,0.764188790560472,12.608422069047505,NA,0.764188790560472,geo_region,1
Fiji,18,seaweeds,2022,0,0,r2,54,0.8104659855469724,9.005880754555477,NA,0.8104659855469724,geo_region,1
Fiji,18,seaweeds,2023,14.22,7.1,r2,54,0.6135083402392936,10.475280391460174,0.4992967651195499,0.4992967651195499,none,0
NA,19,seaweeds,2019,NA,NA,r2,61,1.7407281388227287,12.69438158351965,NA,1.7407281388227287,geo_region,1
NA,19,seaweeds,2020,NA,NA,r2,61,1.5032215893173964,13.195661535326474,NA,1.5032215893173964,geo_region,1
NA,19,seaweeds,2021,NA,NA,r2,61,24.82506136044881,12.608422069047505,NA,24.82506136044881,geo_region,1
NA,19,seaweeds,2022,NA,NA,r2,61,3.359086819613135,9.005880754555477,NA,3.359086819613135,geo_region,1
NA,19,seaweeds,2023,NA,NA,r2,61,3.001176163094616,10.475280391460174,NA,3.001176163094616,geo_region,1
NA,19,ornamentals,2019,NA,NA,r2,61,351.7606673920769,762.3986858156522,NA,351.7606673920769,geo_region,1
NA,19,ornamentals,2020,NA,NA,r2,61,8.339975212303573,533.8956822859074,NA,8.339975212303573,geo_region,1
NA,19,ornamentals,2021,NA,NA,r2,61,13.633197100835488,482.4878993830671,NA,13.633197100835488,geo_region,1
NA,19,ornamentals,2022,NA,NA,r2,61,14.161968928456607,313.3104942475703,NA,14.161968928456607,geo_region,1
NA,19,ornamentals,2023,NA,NA,r2,61,13.238089747180947,267.14713099669086,NA,13.238089747180947,geo_region,1
NA,19,fish_oil,2019,NA,NA,r2,61,NA,4.173549943898697,NA,4.173549943898697,global,1
NA,19,fish_oil,2020,NA,NA,r2,61,NA,8.734880162391821,NA,8.734880162391821,global,1
NA,19,fish_oil,2021,NA,NA,r2,61,NA,9.479579859767002,NA,9.479579859767002,global,1
NA,19,fish_oil,2022,NA,NA,r2,61,NA,9.100285927081373,NA,9.100285927081373,global,1
NA,19,fish_oil,2023,NA,NA,r2,61,NA,7.052039687792173,NA,7.052039687792173,global,1
South Korea,20,fish_oil,2019,1489.84,2829.04,r2,30,18.49917644352171,4.173549943898697,1.8988884712452345,1.8988884712452345,none,0
South Korea,20,fish_oil,2020,1660.17,2995.2799999999997,r2,30,11.440945395971468,8.734880162391821,1.8042007746194664,1.8042007746194664,none,0
South Korea,20,fish_oil,2021,1144.27,2509.49,r2,30,3.533952748710662,9.479579859767002,2.1930925393482306,2.1930925393482306,none,0
South Korea,20,fish_oil,2022,761.89,1817.7,r2,30,17.891573542637257,9.100285927081373,2.385777474438567,2.385777474438567,none,0
South Korea,20,fish_oil,2023,584.77,3267.2799999999997,r2,30,7.801414846991125,7.052039687792173,5.587290729688595,5.587290729688595,none,0
South Korea,20,ornamentals,2019,0.05,3.35,r2,30,1560.7926017830623,762.3986858156522,67,67,none,0
South Korea,20,ornamentals,2020,0.1,10.15,r2,30,781.9005659876691,533.8956822859074,101.5,101.5,none,0
South Korea,20,ornamentals,2021,0.35,41.22,r2,30,1017.1435169816722,482.4878993830671,117.77142857142857,117.77142857142857,none,0
South Korea,20,ornamentals,2022,0.18,6.45,r2,30,1348.5008167058322,313.3104942475703,35.833333333333336,35.833333333333336,none,0
South Korea,20,ornamentals,2023,2.17,104.86,r2,30,608.9766563374673,267.14713099669086,48.32258064516129,48.32258064516129,none,0
South Korea,20,seaweeds,2019,2265.85,27534.35,r2,30,7.956487681763067,12.69438158351965,12.151885605843281,12.151885605843281,none,0
South Korea,20,seaweeds,2020,1901.46,22530.69,r2,30,10.05404253422988,13.195661535326474,11.84915275630305,11.84915275630305,none,0
South Korea,20,seaweeds,2021,1764.34,22760.49,r2,30,8.63513231167841,12.608422069047505,12.90028565922668,12.90028565922668,none,0
South Korea,20,seaweeds,2022,3800.92,24291.74,r2,30,8.486041043743604,9.005880754555477,6.39101585931827,6.39101585931827,none,0
South Korea,20,seaweeds,2023,2207.15,21801.67,r2,30,10.461899730645912,10.475280391460174,9.87774732120608,9.87774732120608,none,0
North Korea,21,seaweeds,2019,7.259614542501899,0.74,r2,30,7.956487681763067,12.69438158351965,0.10193378665872967,0.10193378665872967,none,0
North Korea,21,seaweeds,2020,0,0,r2,30,10.05404253422988,13.195661535326474,NA,10.05404253422988,geo_region,1
North Korea,21,seaweeds,2021,0.84,3.22,r2,30,8.63513231167841,12.608422069047505,3.833333333333334,3.833333333333334,none,0
North Korea,21,seaweeds,2022,5.49,43.56,r2,30,8.486041043743604,9.005880754555477,7.934426229508197,7.934426229508197,none,0
North Korea,21,seaweeds,2023,5.8,70.25,r2,30,10.461899730645912,10.475280391460174,12.112068965517242,12.112068965517242,none,0
NA,21,ornamentals,2019,NA,NA,r2,30,1560.7926017830623,762.3986858156522,NA,1560.7926017830623,geo_region,1
NA,21,ornamentals,2020,NA,NA,r2,30,781.9005659876691,533.8956822859074,NA,781.9005659876691,geo_region,1
NA,21,ornamentals,2021,NA,NA,r2,30,1017.1435169816722,482.4878993830671,NA,1017.1435169816722,geo_region,1
NA,21,ornamentals,2022,NA,NA,r2,30,1348.5008167058322,313.3104942475703,NA,1348.5008167058322,geo_region,1
NA,21,ornamentals,2023,NA,NA,r2,30,608.9766563374673,267.14713099669086,NA,608.9766563374673,geo_region,1
NA,21,fish_oil,2019,NA,NA,r2,30,18.49917644352171,4.173549943898697,NA,18.49917644352171,geo_region,1
NA,21,fish_oil,2020,NA,NA,r2,30,11.440945395971468,8.734880162391821,NA,11.440945395971468,geo_region,1
NA,21,fish_oil,2021,NA,NA,r2,30,3.533952748710662,9.479579859767002,NA,3.533952748710662,geo_region,1
NA,21,fish_oil,2022,NA,NA,r2,30,17.891573542637257,9.100285927081373,NA,17.891573542637257,geo_region,1
NA,21,fish_oil,2023,NA,NA,r2,30,7.801414846991125,7.052039687792173,NA,7.801414846991125,geo_region,1
Cambodia,24,ornamentals,2019,0,0,r2,35,8.105872615766748,762.3986858156522,NA,8.105872615766748,geo_region,1
Cambodia,24,ornamentals,2020,0,0,r2,35,7.556878143801423,533.8956822859074,NA,7.556878143801423,geo_region,1
Cambodia,24,ornamentals,2021,0,0,r2,35,7.429585496521383,482.4878993830671,NA,7.429585496521383,geo_region,1
Cambodia,24,ornamentals,2022,0,0,r2,35,14.71413902706887,313.3104942475703,NA,14.71413902706887,geo_region,1
Cambodia,24,ornamentals,2023,0,0,r2,35,8.754966938824145,267.14713099669086,NA,8.754966938824145,geo_region,1
Cambodia,24,seaweeds,2019,0,0,r2,35,6.972999462991069,12.69438158351965,NA,6.972999462991069,geo_region,1
Cambodia,24,seaweeds,2020,0,0,r2,35,5.423973723947675,13.195661535326474,NA,5.423973723947675,geo_region,1
Cambodia,24,seaweeds,2021,0,0,r2,35,5.288803709910198,12.608422069047505,NA,5.288803709910198,geo_region,1
Cambodia,24,seaweeds,2022,0,0,r2,35,5.179908080013903,9.005880754555477,NA,5.179908080013903,geo_region,1
Cambodia,24,seaweeds,2023,0,0,r2,35,6.642418020283862,10.475280391460174,NA,6.642418020283862,geo_region,1
NA,24,fish_oil,2019,NA,NA,r2,35,3.826366335350629,4.173549943898697,NA,3.826366335350629,geo_region,1
NA,24,fish_oil,2020,NA,NA,r2,35,4.196917254546686,8.734880162391821,NA,4.196917254546686,geo_region,1
NA,24,fish_oil,2021,NA,NA,r2,35,14.573864422390763,9.479579859767002,NA,14.573864422390763,geo_region,1
NA,24,fish_oil,2022,NA,NA,r2,35,15.469033137719894,9.100285927081373,NA,15.469033137719894,geo_region,1
NA,24,fish_oil,2023,NA,NA,r2,35,14.686695343584494,7.052039687792173,NA,14.686695343584494,geo_region,1
Thailand,25,fish_oil,2019,4191.53,19134.63,r2,35,3.826366335350629,4.173549943898697,4.565070511245297,4.565070511245297,none,0
Thailand,25,fish_oil,2020,5877.5,21252,r2,35,4.196917254546686,8.734880162391821,3.615823054019566,3.615823054019566,none,0
Thailand,25,fish_oil,2021,6929.92,22705.039999999997,r2,35,14.573864422390763,9.479579859767002,3.276378370890284,3.276378370890284,none,0
Thailand,25,fish_oil,2022,7671.81,24073.45,r2,35,15.469033137719894,9.100285927081373,3.137910089014196,3.137910089014196,none,0
Thailand,25,fish_oil,2023,6772.83,27394.85,r2,35,14.686695343584494,7.052039687792173,4.044815830310225,4.044815830310225,none,0
Thailand,25,ornamentals,2019,601.86,14258.05,r2,35,8.105872615766748,762.3986858156522,23.68997773568604,23.68997773568604,none,0
Thailand,25,ornamentals,2020,439.15,9467.96,r2,35,7.556878143801423,533.8956822859074,21.559740407605602,21.559740407605602,none,0
Thailand,25,ornamentals,2021,497.08,10415.68,r2,35,7.429585496521383,482.4878993830671,20.95372978192645,20.95372978192645,none,0
Thailand,25,ornamentals,2022,8.14,486.36,r2,35,14.71413902706887,313.3104942475703,59.749385749385745,59.749385749385745,none,0
Thailand,25,ornamentals,2023,437.56,9327.79,r2,35,8.754966938824145,267.14713099669086,21.317739281469972,21.317739281469972,none,0
Thailand,25,seaweeds,2019,351.9,4492.71,r2,35,6.972999462991069,12.69438158351965,12.767007672634271,12.767007672634271,none,0
Thailand,25,seaweeds,2020,345.81,3453.24,r2,35,5.423973723947675,13.195661535326474,9.9859460397328,9.9859460397328,none,0
Thailand,25,seaweeds,2021,374.32,3941.64,r2,35,5.288803709910198,12.608422069047505,10.530134644154733,10.530134644154733,none,0
Thailand,25,seaweeds,2022,350.57,5697.66,r2,35,5.179908080013903,9.005880754555477,16.252560116381893,16.252560116381893,none,0
Thailand,25,seaweeds,2023,344.34000000000003,5018.66,r2,35,6.642418020283862,10.475280391460174,14.574722657838182,14.574722657838182,none,0
NA,26,seaweeds,2019,NA,NA,r2,34,4.8454149226139105,12.69438158351965,NA,4.8454149226139105,geo_region,1
NA,26,seaweeds,2020,NA,NA,r2,34,6.377988050536175,13.195661535326474,NA,6.377988050536175,geo_region,1
NA,26,seaweeds,2021,NA,NA,r2,34,4.56870426600309,12.608422069047505,NA,4.56870426600309,geo_region,1
NA,26,seaweeds,2022,NA,NA,r2,34,4.209019804181845,9.005880754555477,NA,4.209019804181845,geo_region,1
NA,26,seaweeds,2023,NA,NA,r2,34,6.497125274952799,10.475280391460174,NA,6.497125274952799,geo_region,1
NA,26,ornamentals,2019,NA,NA,r2,34,8.719372784970775,762.3986858156522,NA,8.719372784970775,geo_region,1
NA,26,ornamentals,2020,NA,NA,r2,34,10.632206649943472,533.8956822859074,NA,10.632206649943472,geo_region,1
NA,26,ornamentals,2021,NA,NA,r2,34,23.17059187245445,482.4878993830671,NA,23.17059187245445,geo_region,1
NA,26,ornamentals,2022,NA,NA,r2,34,15.316968498550342,313.3104942475703,NA,15.316968498550342,geo_region,1
NA,26,ornamentals,2023,NA,NA,r2,34,30.554382458375926,267.14713099669086,NA,30.554382458375926,geo_region,1
NA,26,fish_oil,2019,NA,NA,r2,34,8.531915993565814,4.173549943898697,NA,8.531915993565814,geo_region,1
NA,26,fish_oil,2020,NA,NA,r2,34,13.221330088697108,8.734880162391821,NA,13.221330088697108,geo_region,1
NA,26,fish_oil,2021,NA,NA,r2,34,10.677540646744092,9.479579859767002,NA,10.677540646744092,geo_region,1
NA,26,fish_oil,2022,NA,NA,r2,34,13.961943531218187,9.100285927081373,NA,13.961943531218187,geo_region,1
NA,26,fish_oil,2023,NA,NA,r2,34,11.941060389706886,7.052039687792173,NA,11.941060389706886,geo_region,1
NA,28,seaweeds,2019,NA,NA,r2,14,0.9738114640380738,12.69438158351965,NA,0.9738114640380738,geo_region,1
NA,28,seaweeds,2020,NA,NA,r2,14,2.002664005660222,13.195661535326474,NA,2.002664005660222,geo_region,1
NA,28,seaweeds,2021,NA,NA,r2,14,2.591681444977273,12.608422069047505,NA,2.591681444977273,geo_region,1
NA,28,seaweeds,2022,NA,NA,r2,14,4.950798845421858,9.005880754555477,NA,4.950798845421858,geo_region,1
NA,28,seaweeds,2023,NA,NA,r2,14,2.451833326582386,10.475280391460174,NA,2.451833326582386,geo_region,1
NA,28,ornamentals,2019,NA,NA,r2,14,4.026383769885308,762.3986858156522,NA,4.026383769885308,geo_region,1
NA,28,ornamentals,2020,NA,NA,r2,14,2.9616707699881712,533.8956822859074,NA,2.9616707699881712,geo_region,1
NA,28,ornamentals,2021,NA,NA,r2,14,31.550583145729508,482.4878993830671,NA,31.550583145729508,geo_region,1
NA,28,ornamentals,2022,NA,NA,r2,14,110.99610802432926,313.3104942475703,NA,110.99610802432926,geo_region,1
NA,28,ornamentals,2023,NA,NA,r2,14,20.85478360228953,267.14713099669086,NA,20.85478360228953,geo_region,1
NA,28,fish_oil,2019,NA,NA,r2,14,6.633200333565745,4.173549943898697,NA,6.633200333565745,geo_region,1
NA,28,fish_oil,2020,NA,NA,r2,14,6.942571391070415,8.734880162391821,NA,6.942571391070415,geo_region,1
NA,28,fish_oil,2021,NA,NA,r2,14,5.812489553582919,9.479579859767002,NA,5.812489553582919,geo_region,1
NA,28,fish_oil,2022,NA,NA,r2,14,4.39079772574889,9.100285927081373,NA,4.39079772574889,geo_region,1
NA,28,fish_oil,2023,NA,NA,r2,14,4.965081306418548,7.052039687792173,NA,4.965081306418548,geo_region,1
Mayotte,29,ornamentals,2019,0,0,r2,14,4.026383769885308,762.3986858156522,NA,4.026383769885308,geo_region,1
Mayotte,29,ornamentals,2020,0,0,r2,14,2.9616707699881712,533.8956822859074,NA,2.9616707699881712,geo_region,1
Mayotte,29,ornamentals,2021,0,0,r2,14,31.550583145729508,482.4878993830671,NA,31.550583145729508,geo_region,1
Mayotte,29,ornamentals,2022,0,0,r2,14,110.99610802432926,313.3104942475703,NA,110.99610802432926,geo_region,1
Mayotte,29,ornamentals,2023,0,0,r2,14,20.85478360228953,267.14713099669086,NA,20.85478360228953,geo_region,1
NA,29,seaweeds,2019,NA,NA,r2,14,0.9738114640380738,12.69438158351965,NA,0.9738114640380738,geo_region,1
NA,29,seaweeds,2020,NA,NA,r2,14,2.002664005660222,13.195661535326474,NA,2.002664005660222,geo_region,1
NA,29,seaweeds,2021,NA,NA,r2,14,2.591681444977273,12.608422069047505,NA,2.591681444977273,geo_region,1
NA,29,seaweeds,2022,NA,NA,r2,14,4.950798845421858,9.005880754555477,NA,4.950798845421858,geo_region,1
NA,29,seaweeds,2023,NA,NA,r2,14,2.451833326582386,10.475280391460174,NA,2.451833326582386,geo_region,1
NA,29,fish_oil,2019,NA,NA,r2,14,6.633200333565745,4.173549943898697,NA,6.633200333565745,geo_region,1
NA,29,fish_oil,2020,NA,NA,r2,14,6.942571391070415,8.734880162391821,NA,6.942571391070415,geo_region,1
NA,29,fish_oil,2021,NA,NA,r2,14,5.812489553582919,9.479579859767002,NA,5.812489553582919,geo_region,1
NA,29,fish_oil,2022,NA,NA,r2,14,4.39079772574889,9.100285927081373,NA,4.39079772574889,geo_region,1
NA,29,fish_oil,2023,NA,NA,r2,14,4.965081306418548,7.052039687792173,NA,4.965081306418548,geo_region,1
NA,30,seaweeds,2019,NA,NA,NA,NA,7.721455306187844,12.69438158351965,NA,7.721455306187844,geo_region,1
NA,30,seaweeds,2020,NA,NA,NA,NA,13.415586823971827,13.195661535326474,NA,13.415586823971827,geo_region,1
NA,30,seaweeds,2021,NA,NA,NA,NA,35.35252514707192,12.608422069047505,NA,35.35252514707192,geo_region,1
NA,30,seaweeds,2022,NA,NA,NA,NA,35.09600963246095,9.005880754555477,NA,35.09600963246095,geo_region,1
NA,30,seaweeds,2023,NA,NA,NA,NA,39.335083874458874,10.475280391460174,NA,39.335083874458874,geo_region,1
NA,30,ornamentals,2019,NA,NA,NA,NA,200.9768418030223,762.3986858156522,NA,200.9768418030223,geo_region,1
NA,30,ornamentals,2020,NA,NA,NA,NA,584.9666258893922,533.8956822859074,NA,584.9666258893922,geo_region,1
NA,30,ornamentals,2021,NA,NA,NA,NA,718.4772831885801,482.4878993830671,NA,718.4772831885801,geo_region,1
NA,30,ornamentals,2022,NA,NA,NA,NA,119.35197331496364,313.3104942475703,NA,119.35197331496364,geo_region,1
NA,30,ornamentals,2023,NA,NA,NA,NA,81.34777639315145,267.14713099669086,NA,81.34777639315145,geo_region,1
NA,30,fish_oil,2019,NA,NA,NA,NA,1.4235776800097977,4.173549943898697,NA,1.4235776800097977,geo_region,1
NA,30,fish_oil,2020,NA,NA,NA,NA,1.587472022331214,8.734880162391821,NA,1.587472022331214,geo_region,1
NA,30,fish_oil,2021,NA,NA,NA,NA,1.7024125352346209,9.479579859767002,NA,1.7024125352346209,geo_region,1
NA,30,fish_oil,2022,NA,NA,NA,NA,1.6479230480227982,9.100285927081373,NA,1.6479230480227982,geo_region,1
NA,30,fish_oil,2023,NA,NA,NA,NA,5.563146475908016,7.052039687792173,NA,5.563146475908016,geo_region,1
Seychelles,31,fish_oil,2019,1009.35,5106.09,r2,14,6.633200333565745,4.173549943898697,5.058790310595928,5.058790310595928,none,0
Seychelles,31,fish_oil,2020,837.25,4430.02,r2,14,6.942571391070415,8.734880162391821,5.2911555688265155,5.2911555688265155,none,0
Seychelles,31,fish_oil,2021,964.92,4060.65,r2,14,5.812489553582919,9.479579859767002,4.20827633378933,4.20827633378933,none,0
Seychelles,31,fish_oil,2022,532.04,1916.13,r2,14,4.39079772574889,9.100285927081373,3.601477332531389,3.601477332531389,none,0
Seychelles,31,fish_oil,2023,828.81,3227.6,r2,14,4.965081306418548,7.052039687792173,3.894258032600958,3.894258032600958,none,0
NA,31,seaweeds,2019,NA,NA,r2,14,0.9738114640380738,12.69438158351965,NA,0.9738114640380738,geo_region,1
NA,31,seaweeds,2020,NA,NA,r2,14,2.002664005660222,13.195661535326474,NA,2.002664005660222,geo_region,1
NA,31,seaweeds,2021,NA,NA,r2,14,2.591681444977273,12.608422069047505,NA,2.591681444977273,geo_region,1
NA,31,seaweeds,2022,NA,NA,r2,14,4.950798845421858,9.005880754555477,NA,4.950798845421858,geo_region,1
NA,31,seaweeds,2023,NA,NA,r2,14,2.451833326582386,10.475280391460174,NA,2.451833326582386,geo_region,1
NA,31,ornamentals,2019,NA,NA,r2,14,4.026383769885308,762.3986858156522,NA,4.026383769885308,geo_region,1
NA,31,ornamentals,2020,NA,NA,r2,14,2.9616707699881712,533.8956822859074,NA,2.9616707699881712,geo_region,1
NA,31,ornamentals,2021,NA,NA,r2,14,31.550583145729508,482.4878993830671,NA,31.550583145729508,geo_region,1
NA,31,ornamentals,2022,NA,NA,r2,14,110.99610802432926,313.3104942475703,NA,110.99610802432926,geo_region,1
NA,31,ornamentals,2023,NA,NA,r2,14,20.85478360228953,267.14713099669086,NA,20.85478360228953,geo_region,1
NA,32,seaweeds,2019,NA,NA,r2,14,0.9738114640380738,12.69438158351965,NA,0.9738114640380738,geo_region,1
NA,32,seaweeds,2020,NA,NA,r2,14,2.002664005660222,13.195661535326474,NA,2.002664005660222,geo_region,1
NA,32,seaweeds,2021,NA,NA,r2,14,2.591681444977273,12.608422069047505,NA,2.591681444977273,geo_region,1
NA,32,seaweeds,2022,NA,NA,r2,14,4.950798845421858,9.005880754555477,NA,4.950798845421858,geo_region,1
NA,32,seaweeds,2023,NA,NA,r2,14,2.451833326582386,10.475280391460174,NA,2.451833326582386,geo_region,1
NA,32,ornamentals,2019,NA,NA,r2,14,4.026383769885308,762.3986858156522,NA,4.026383769885308,geo_region,1
NA,32,ornamentals,2020,NA,NA,r2,14,2.9616707699881712,533.8956822859074,NA,2.9616707699881712,geo_region,1
NA,32,ornamentals,2021,NA,NA,r2,14,31.550583145729508,482.4878993830671,NA,31.550583145729508,geo_region,1
NA,32,ornamentals,2022,NA,NA,r2,14,110.99610802432926,313.3104942475703,NA,110.99610802432926,geo_region,1
NA,32,ornamentals,2023,NA,NA,r2,14,20.85478360228953,267.14713099669086,NA,20.85478360228953,geo_region,1
NA,32,fish_oil,2019,NA,NA,r2,14,6.633200333565745,4.173549943898697,NA,6.633200333565745,geo_region,1
NA,32,fish_oil,2020,NA,NA,r2,14,6.942571391070415,8.734880162391821,NA,6.942571391070415,geo_region,1
NA,32,fish_oil,2021,NA,NA,r2,14,5.812489553582919,9.479579859767002,NA,5.812489553582919,geo_region,1
NA,32,fish_oil,2022,NA,NA,r2,14,4.39079772574889,9.100285927081373,NA,4.39079772574889,geo_region,1
NA,32,fish_oil,2023,NA,NA,r2,14,4.965081306418548,7.052039687792173,NA,4.965081306418548,geo_region,1
NA,33,seaweeds,2019,NA,NA,NA,NA,7.721455306187844,12.69438158351965,NA,7.721455306187844,geo_region,1
NA,33,seaweeds,2020,NA,NA,NA,NA,13.415586823971827,13.195661535326474,NA,13.415586823971827,geo_region,1
NA,33,seaweeds,2021,NA,NA,NA,NA,35.35252514707192,12.608422069047505,NA,35.35252514707192,geo_region,1
NA,33,seaweeds,2022,NA,NA,NA,NA,35.09600963246095,9.005880754555477,NA,35.09600963246095,geo_region,1
NA,33,seaweeds,2023,NA,NA,NA,NA,39.335083874458874,10.475280391460174,NA,39.335083874458874,geo_region,1
NA,33,ornamentals,2019,NA,NA,NA,NA,200.9768418030223,762.3986858156522,NA,200.9768418030223,geo_region,1
NA,33,ornamentals,2020,NA,NA,NA,NA,584.9666258893922,533.8956822859074,NA,584.9666258893922,geo_region,1
NA,33,ornamentals,2021,NA,NA,NA,NA,718.4772831885801,482.4878993830671,NA,718.4772831885801,geo_region,1
NA,33,ornamentals,2022,NA,NA,NA,NA,119.35197331496364,313.3104942475703,NA,119.35197331496364,geo_region,1
NA,33,ornamentals,2023,NA,NA,NA,NA,81.34777639315145,267.14713099669086,NA,81.34777639315145,geo_region,1
NA,33,fish_oil,2019,NA,NA,NA,NA,1.4235776800097977,4.173549943898697,NA,1.4235776800097977,geo_region,1
NA,33,fish_oil,2020,NA,NA,NA,NA,1.587472022331214,8.734880162391821,NA,1.587472022331214,geo_region,1
NA,33,fish_oil,2021,NA,NA,NA,NA,1.7024125352346209,9.479579859767002,NA,1.7024125352346209,geo_region,1
NA,33,fish_oil,2022,NA,NA,NA,NA,1.6479230480227982,9.100285927081373,NA,1.6479230480227982,geo_region,1
NA,33,fish_oil,2023,NA,NA,NA,NA,5.563146475908016,7.052039687792173,NA,5.563146475908016,geo_region,1
NA,34,seaweeds,2019,NA,NA,NA,NA,7.721455306187844,12.69438158351965,NA,7.721455306187844,geo_region,1
NA,34,seaweeds,2020,NA,NA,NA,NA,13.415586823971827,13.195661535326474,NA,13.415586823971827,geo_region,1
NA,34,seaweeds,2021,NA,NA,NA,NA,35.35252514707192,12.608422069047505,NA,35.35252514707192,geo_region,1
NA,34,seaweeds,2022,NA,NA,NA,NA,35.09600963246095,9.005880754555477,NA,35.09600963246095,geo_region,1
NA,34,seaweeds,2023,NA,NA,NA,NA,39.335083874458874,10.475280391460174,NA,39.335083874458874,geo_region,1
NA,34,ornamentals,2019,NA,NA,NA,NA,200.9768418030223,762.3986858156522,NA,200.9768418030223,geo_region,1
NA,34,ornamentals,2020,NA,NA,NA,NA,584.9666258893922,533.8956822859074,NA,584.9666258893922,geo_region,1
NA,34,ornamentals,2021,NA,NA,NA,NA,718.4772831885801,482.4878993830671,NA,718.4772831885801,geo_region,1
NA,34,ornamentals,2022,NA,NA,NA,NA,119.35197331496364,313.3104942475703,NA,119.35197331496364,geo_region,1
NA,34,ornamentals,2023,NA,NA,NA,NA,81.34777639315145,267.14713099669086,NA,81.34777639315145,geo_region,1
NA,34,fish_oil,2019,NA,NA,NA,NA,1.4235776800097977,4.173549943898697,NA,1.4235776800097977,geo_region,1
NA,34,fish_oil,2020,NA,NA,NA,NA,1.587472022331214,8.734880162391821,NA,1.587472022331214,geo_region,1
NA,34,fish_oil,2021,NA,NA,NA,NA,1.7024125352346209,9.479579859767002,NA,1.7024125352346209,geo_region,1
NA,34,fish_oil,2022,NA,NA,NA,NA,1.6479230480227982,9.100285927081373,NA,1.6479230480227982,geo_region,1
NA,34,fish_oil,2023,NA,NA,NA,NA,5.563146475908016,7.052039687792173,NA,5.563146475908016,geo_region,1
NA,35,seaweeds,2019,NA,NA,NA,NA,7.721455306187844,12.69438158351965,NA,7.721455306187844,geo_region,1
NA,35,seaweeds,2020,NA,NA,NA,NA,13.415586823971827,13.195661535326474,NA,13.415586823971827,geo_region,1
NA,35,seaweeds,2021,NA,NA,NA,NA,35.35252514707192,12.608422069047505,NA,35.35252514707192,geo_region,1
NA,35,seaweeds,2022,NA,NA,NA,NA,35.09600963246095,9.005880754555477,NA,35.09600963246095,geo_region,1
NA,35,seaweeds,2023,NA,NA,NA,NA,39.335083874458874,10.475280391460174,NA,39.335083874458874,geo_region,1
NA,35,ornamentals,2019,NA,NA,NA,NA,200.9768418030223,762.3986858156522,NA,200.9768418030223,geo_region,1
NA,35,ornamentals,2020,NA,NA,NA,NA,584.9666258893922,533.8956822859074,NA,584.9666258893922,geo_region,1
NA,35,ornamentals,2021,NA,NA,NA,NA,718.4772831885801,482.4878993830671,NA,718.4772831885801,geo_region,1
NA,35,ornamentals,2022,NA,NA,NA,NA,119.35197331496364,313.3104942475703,NA,119.35197331496364,geo_region,1
NA,35,ornamentals,2023,NA,NA,NA,NA,81.34777639315145,267.14713099669086,NA,81.34777639315145,geo_region,1
NA,35,fish_oil,2019,NA,NA,NA,NA,1.4235776800097977,4.173549943898697,NA,1.4235776800097977,geo_region,1
NA,35,fish_oil,2020,NA,NA,NA,NA,1.587472022331214,8.734880162391821,NA,1.587472022331214,geo_region,1
NA,35,fish_oil,2021,NA,NA,NA,NA,1.7024125352346209,9.479579859767002,NA,1.7024125352346209,geo_region,1
NA,35,fish_oil,2022,NA,NA,NA,NA,1.6479230480227982,9.100285927081373,NA,1.6479230480227982,geo_region,1
NA,35,fish_oil,2023,NA,NA,NA,NA,5.563146475908016,7.052039687792173,NA,5.563146475908016,geo_region,1
NA,36,seaweeds,2019,NA,NA,NA,NA,7.721455306187844,12.69438158351965,NA,7.721455306187844,geo_region,1
NA,36,seaweeds,2020,NA,NA,NA,NA,13.415586823971827,13.195661535326474,NA,13.415586823971827,geo_region,1
NA,36,seaweeds,2021,NA,NA,NA,NA,35.35252514707192,12.608422069047505,NA,35.35252514707192,geo_region,1
NA,36,seaweeds,2022,NA,NA,NA,NA,35.09600963246095,9.005880754555477,NA,35.09600963246095,geo_region,1
NA,36,seaweeds,2023,NA,NA,NA,NA,39.335083874458874,10.475280391460174,NA,39.335083874458874,geo_region,1
NA,36,ornamentals,2019,NA,NA,NA,NA,200.9768418030223,762.3986858156522,NA,200.9768418030223,geo_region,1
NA,36,ornamentals,2020,NA,NA,NA,NA,584.9666258893922,533.8956822859074,NA,584.9666258893922,geo_region,1
NA,36,ornamentals,2021,NA,NA,NA,NA,718.4772831885801,482.4878993830671,NA,718.4772831885801,geo_region,1
NA,36,ornamentals,2022,NA,NA,NA,NA,119.35197331496364,313.3104942475703,NA,119.35197331496364,geo_region,1
NA,36,ornamentals,2023,NA,NA,NA,NA,81.34777639315145,267.14713099669086,NA,81.34777639315145,geo_region,1
NA,36,fish_oil,2019,NA,NA,NA,NA,1.4235776800097977,4.173549943898697,NA,1.4235776800097977,geo_region,1
NA,36,fish_oil,2020,NA,NA,NA,NA,1.587472022331214,8.734880162391821,NA,1.587472022331214,geo_region,1
NA,36,fish_oil,2021,NA,NA,NA,NA,1.7024125352346209,9.479579859767002,NA,1.7024125352346209,geo_region,1
NA,36,fish_oil,2022,NA,NA,NA,NA,1.6479230480227982,9.100285927081373,NA,1.6479230480227982,geo_region,1
NA,36,fish_oil,2023,NA,NA,NA,NA,5.563146475908016,7.052039687792173,NA,5.563146475908016,geo_region,1
Mauritius,37,fish_oil,2019,1826.29,6821.93,r2,14,6.633200333565745,4.173549943898697,3.735403468233413,3.735403468233413,none,0
Mauritius,37,fish_oil,2020,1694.7,6465.96,r2,14,6.942571391070415,8.734880162391821,3.815400955921402,3.815400955921402,none,0
Mauritius,37,fish_oil,2021,2801.89,6184.13,r2,14,5.812489553582919,9.479579859767002,2.2071280457120017,2.2071280457120017,none,0
Mauritius,37,fish_oil,2022,1835.96,6247.85,r2,14,4.39079772574889,9.100285927081373,3.403042549946622,3.403042549946622,none,0
Mauritius,37,fish_oil,2023,1336.01,5647.84,r2,14,4.965081306418548,7.052039687792173,4.227393507533626,4.227393507533626,none,0
Mauritius,37,ornamentals,2019,5.3,62.79,r2,14,4.026383769885308,762.3986858156522,11.847169811320756,11.847169811320756,none,0
Mauritius,37,ornamentals,2020,1,4.38,r2,14,2.9616707699881712,533.8956822859074,4.38,4.38,none,0
Mauritius,37,ornamentals,2021,1.05,8.3,r2,14,31.550583145729508,482.4878993830671,7.904761904761905,7.904761904761905,none,0
Mauritius,37,ornamentals,2022,1.68,33.07,r2,14,110.99610802432926,313.3104942475703,19.68452380952381,19.68452380952381,none,0
Mauritius,37,ornamentals,2023,1.16,45.31,r2,14,20.85478360228953,267.14713099669086,39.06034482758621,39.06034482758621,none,0
Mauritius,37,seaweeds,2019,9.5,19.94,r2,14,0.9738114640380738,12.69438158351965,2.0989473684210527,2.0989473684210527,none,0
Mauritius,37,seaweeds,2020,0.62,3.64,r2,14,2.002664005660222,13.195661535326474,5.870967741935484,5.870967741935484,none,0
Mauritius,37,seaweeds,2021,0.36,3.01,r2,14,2.591681444977273,12.608422069047505,8.36111111111111,8.36111111111111,none,0
Mauritius,37,seaweeds,2022,0.1,1.73,r2,14,4.950798845421858,9.005880754555477,17.299999999999997,17.299999999999997,none,0
Mauritius,37,seaweeds,2023,0.07,0.41,r2,14,2.451833326582386,10.475280391460174,5.857142857142856,5.857142857142856,none,0
NA,38,seaweeds,2019,NA,NA,r2,34,4.8454149226139105,12.69438158351965,NA,4.8454149226139105,geo_region,1
NA,38,seaweeds,2020,NA,NA,r2,34,6.377988050536175,13.195661535326474,NA,6.377988050536175,geo_region,1
NA,38,seaweeds,2021,NA,NA,r2,34,4.56870426600309,12.608422069047505,NA,4.56870426600309,geo_region,1
NA,38,seaweeds,2022,NA,NA,r2,34,4.209019804181845,9.005880754555477,NA,4.209019804181845,geo_region,1
NA,38,seaweeds,2023,NA,NA,r2,34,6.497125274952799,10.475280391460174,NA,6.497125274952799,geo_region,1
NA,38,ornamentals,2019,NA,NA,r2,34,8.719372784970775,762.3986858156522,NA,8.719372784970775,geo_region,1
NA,38,ornamentals,2020,NA,NA,r2,34,10.632206649943472,533.8956822859074,NA,10.632206649943472,geo_region,1
NA,38,ornamentals,2021,NA,NA,r2,34,23.17059187245445,482.4878993830671,NA,23.17059187245445,geo_region,1
NA,38,ornamentals,2022,NA,NA,r2,34,15.316968498550342,313.3104942475703,NA,15.316968498550342,geo_region,1
NA,38,ornamentals,2023,NA,NA,r2,34,30.554382458375926,267.14713099669086,NA,30.554382458375926,geo_region,1
NA,38,fish_oil,2019,NA,NA,r2,34,8.531915993565814,4.173549943898697,NA,8.531915993565814,geo_region,1
NA,38,fish_oil,2020,NA,NA,r2,34,13.221330088697108,8.734880162391821,NA,13.221330088697108,geo_region,1
NA,38,fish_oil,2021,NA,NA,r2,34,10.677540646744092,9.479579859767002,NA,10.677540646744092,geo_region,1
NA,38,fish_oil,2022,NA,NA,r2,34,13.961943531218187,9.100285927081373,NA,13.961943531218187,geo_region,1
NA,38,fish_oil,2023,NA,NA,r2,34,11.941060389706886,7.052039687792173,NA,11.941060389706886,geo_region,1
Maldives,39,fish_oil,2019,0,0,r2,34,8.531915993565814,4.173549943898697,NA,8.531915993565814,geo_region,1
Maldives,39,fish_oil,2020,0,0,r2,34,13.221330088697108,8.734880162391821,NA,13.221330088697108,geo_region,1
Maldives,39,fish_oil,2021,0,0,r2,34,10.677540646744092,9.479579859767002,NA,10.677540646744092,geo_region,1
Maldives,39,fish_oil,2022,0,0,r2,34,13.961943531218187,9.100285927081373,NA,13.961943531218187,geo_region,1
Maldives,39,fish_oil,2023,0,0,r2,34,11.941060389706886,7.052039687792173,NA,11.941060389706886,geo_region,1
Maldives,39,ornamentals,2019,286.71,430.07,r2,34,8.719372784970775,762.3986858156522,1.5000174392243033,1.5000174392243033,none,0
Maldives,39,ornamentals,2020,286.9683191576424,393.73,r2,34,10.632206649943472,533.8956822859074,1.3720329866228524,1.3720329866228524,none,0
Maldives,39,ornamentals,2021,304.69,457.03,r2,34,23.17059187245445,482.4878993830671,1.4999835898782368,1.4999835898782368,none,0
Maldives,39,ornamentals,2022,333.91,500.86,r2,34,15.316968498550342,313.3104942475703,1.499985025905184,1.499985025905184,none,0
Maldives,39,ornamentals,2023,317.51,476.27,r2,34,30.554382458375926,267.14713099669086,1.5000157475355107,1.5000157475355107,none,0
NA,39,seaweeds,2019,NA,NA,r2,34,4.8454149226139105,12.69438158351965,NA,4.8454149226139105,geo_region,1
NA,39,seaweeds,2020,NA,NA,r2,34,6.377988050536175,13.195661535326474,NA,6.377988050536175,geo_region,1
NA,39,seaweeds,2021,NA,NA,r2,34,4.56870426600309,12.608422069047505,NA,4.56870426600309,geo_region,1
NA,39,seaweeds,2022,NA,NA,r2,34,4.209019804181845,9.005880754555477,NA,4.209019804181845,geo_region,1
NA,39,seaweeds,2023,NA,NA,r2,34,6.497125274952799,10.475280391460174,NA,6.497125274952799,geo_region,1
Sri Lanka,40,fish_oil,2019,5.95,138.42999999999998,r2,34,8.531915993565814,4.173549943898697,23.26554621848739,23.26554621848739,none,0
Sri Lanka,40,fish_oil,2020,4.25,125.74,r2,34,13.221330088697108,8.734880162391821,29.585882352941177,29.585882352941177,none,0
Sri Lanka,40,fish_oil,2021,13.39,178.07,r2,34,10.677540646744092,9.479579859767002,13.298730395817774,13.298730395817774,none,0
Sri Lanka,40,fish_oil,2022,4.25,106.03,r2,34,13.961943531218187,9.100285927081373,24.948235294117648,24.948235294117648,none,0
Sri Lanka,40,fish_oil,2023,4.25,121.13,r2,34,11.941060389706886,7.052039687792173,28.501176470588234,28.501176470588234,none,0
Sri Lanka,40,ornamentals,2019,224.42,6521.25,r2,34,8.719372784970775,762.3986858156522,29.05823901613047,29.05823901613047,none,0
Sri Lanka,40,ornamentals,2020,176.15,5102.16,r2,34,10.632206649943472,533.8956822859074,28.964859494748794,28.964859494748794,none,0
Sri Lanka,40,ornamentals,2021,560.77,8730.4,r2,34,23.17059187245445,482.4878993830671,15.568593184371489,15.568593184371489,none,0
Sri Lanka,40,ornamentals,2022,194.61,7900.78,r2,34,15.316968498550342,313.3104942475703,40.59801654591233,40.59801654591233,none,0
Sri Lanka,40,ornamentals,2023,217.2,8937.17,r2,34,30.554382458375926,267.14713099669086,41.14719152854512,41.14719152854512,none,0
Sri Lanka,40,seaweeds,2019,57.83,90.07000000000001,r2,34,4.8454149226139105,12.69438158351965,1.557496109285838,1.557496109285838,none,0
Sri Lanka,40,seaweeds,2020,124.22,84.31,r2,34,6.377988050536175,13.195661535326474,0.6787151827402995,0.6787151827402995,none,0
Sri Lanka,40,seaweeds,2021,150.15,119.34,r2,34,4.56870426600309,12.608422069047505,0.7948051948051948,0.7948051948051948,none,0
Sri Lanka,40,seaweeds,2022,204.62,140.07,r2,34,4.209019804181845,9.005880754555477,0.684537190890431,0.684537190890431,none,0
Sri Lanka,40,seaweeds,2023,586.59,295.2,r2,34,6.497125274952799,10.475280391460174,0.5032475834910244,0.5032475834910244,none,0
Mozambique,41,fish_oil,2019,92.14,1169.74,r2,14,6.633200333565745,4.173549943898697,12.695246364228348,12.695246364228348,none,0
Mozambique,41,fish_oil,2020,101.95,1486.73,r2,14,6.942571391070415,8.734880162391821,14.58293281020108,14.58293281020108,none,0
Mozambique,41,fish_oil,2021,93.52,1274.74,r2,14,5.812489553582919,9.479579859767002,13.630667236954663,13.630667236954663,none,0
Mozambique,41,fish_oil,2022,11.56,148,r2,14,4.39079772574889,9.100285927081373,12.802768166089965,12.802768166089965,none,0
Mozambique,41,fish_oil,2023,11.56,148,r2,14,4.965081306418548,7.052039687792173,12.802768166089965,12.802768166089965,none,0
Mozambique,41,ornamentals,2019,0.4,3.24,r2,14,4.026383769885308,762.3986858156522,8.1,8.1,none,0
Mozambique,41,ornamentals,2020,0.06,0.42,r2,14,2.9616707699881712,533.8956822859074,7,7,none,0
Mozambique,41,ornamentals,2021,0,0,r2,14,31.550583145729508,482.4878993830671,NA,31.550583145729508,geo_region,1
Mozambique,41,ornamentals,2022,0.11,51.400801396899624,r2,14,110.99610802432926,313.3104942475703,467.2800126990875,467.2800126990875,none,0
Mozambique,41,ornamentals,2023,0.1,2,r2,14,20.85478360228953,267.14713099669086,20,20,none,0
NA,41,seaweeds,2019,NA,NA,r2,14,0.9738114640380738,12.69438158351965,NA,0.9738114640380738,geo_region,1
NA,41,seaweeds,2020,NA,NA,r2,14,2.002664005660222,13.195661535326474,NA,2.002664005660222,geo_region,1
NA,41,seaweeds,2021,NA,NA,r2,14,2.591681444977273,12.608422069047505,NA,2.591681444977273,geo_region,1
NA,41,seaweeds,2022,NA,NA,r2,14,4.950798845421858,9.005880754555477,NA,4.950798845421858,geo_region,1
NA,41,seaweeds,2023,NA,NA,r2,14,2.451833326582386,10.475280391460174,NA,2.451833326582386,geo_region,1
Madagascar,42,fish_oil,2019,0,0,r2,14,6.633200333565745,4.173549943898697,NA,6.633200333565745,geo_region,1
Madagascar,42,fish_oil,2020,33.48,41.33,r2,14,6.942571391070415,8.734880162391821,1.234468339307049,1.234468339307049,none,0
Madagascar,42,fish_oil,2021,55.8,54.57,r2,14,5.812489553582919,9.479579859767002,0.9779569892473119,0.9779569892473119,none,0
Madagascar,42,fish_oil,2022,74.4,63.36,r2,14,4.39079772574889,9.100285927081373,0.8516129032258064,0.8516129032258064,none,0
Madagascar,42,fish_oil,2023,56.08,68.09,r2,14,4.965081306418548,7.052039687792173,1.2141583452211129,1.2141583452211129,none,0
Madagascar,42,ornamentals,2019,1.02,3.96,r2,14,4.026383769885308,762.3986858156522,3.8823529411764706,3.8823529411764706,none,0
Madagascar,42,ornamentals,2020,0,0,r2,14,2.9616707699881712,533.8956822859074,NA,2.9616707699881712,geo_region,1
Madagascar,42,ornamentals,2021,0.01,1.13,r2,14,31.550583145729508,482.4878993830671,112.99999999999999,112.99999999999999,none,0
Madagascar,42,ornamentals,2022,0.33,19.76,r2,14,110.99610802432926,313.3104942475703,59.87878787878788,59.87878787878788,none,0
Madagascar,42,ornamentals,2023,0.51,21.62,r2,14,20.85478360228953,267.14713099669086,42.3921568627451,42.3921568627451,none,0
Madagascar,42,seaweeds,2019,2122.83,1653.48,r2,14,0.9738114640380738,12.69438158351965,0.7789036333573579,0.7789036333573579,none,0
Madagascar,42,seaweeds,2020,2257.29,2024.17,r2,14,2.002664005660222,13.195661535326474,0.8967257197790272,0.8967257197790272,none,0
Madagascar,42,seaweeds,2021,2709.25,2415.04,r2,14,2.591681444977273,12.608422069047505,0.891405370489988,0.891405370489988,none,0
Madagascar,42,seaweeds,2022,3172.17,3324.41,r2,14,4.950798845421858,9.005880754555477,1.0479923837625347,1.0479923837625347,none,0
Madagascar,42,seaweeds,2023,3268.61,3967.79,r2,14,2.451833326582386,10.475280391460174,1.2139074407775783,1.2139074407775783,none,0
Kenya,43,fish_oil,2019,2.59,13.41,r2,14,6.633200333565745,4.173549943898697,5.177606177606178,5.177606177606178,none,0
Kenya,43,fish_oil,2020,0.06,0.59,r2,14,6.942571391070415,8.734880162391821,9.833333333333334,9.833333333333334,none,0
Kenya,43,fish_oil,2021,0.2,1.54,r2,14,5.812489553582919,9.479579859767002,7.7,7.7,none,0
Kenya,43,fish_oil,2022,0.18000000000000002,0.1,r2,14,4.39079772574889,9.100285927081373,0.5555555555555555,0.5555555555555555,none,0
Kenya,43,fish_oil,2023,0.88,1.4909703237818446,r2,14,4.965081306418548,7.052039687792173,1.6942844588430053,1.6942844588430053,none,0
Kenya,43,ornamentals,2019,99.06,54.73,r2,14,4.026383769885308,762.3986858156522,0.5524934383202099,0.5524934383202099,none,0
Kenya,43,ornamentals,2020,407.88,269.95,r2,14,2.9616707699881712,533.8956822859074,0.6618368147494361,0.6618368147494361,none,0
Kenya,43,ornamentals,2021,507.47,548.77,r2,14,31.550583145729508,482.4878993830671,1.081384121228841,1.081384121228841,none,0
Kenya,43,ornamentals,2022,448.22,669.14,r2,14,110.99610802432926,313.3104942475703,1.492882959261077,1.492882959261077,none,0
Kenya,43,ornamentals,2023,416.8,831,r2,14,20.85478360228953,267.14713099669086,1.9937619961612283,1.9937619961612283,none,0
Kenya,43,seaweeds,2019,100.04,40.01,r2,14,0.9738114640380738,12.69438158351965,0.3999400239904038,0.3999400239904038,none,0
Kenya,43,seaweeds,2020,19.700000000000003,10.14,r2,14,2.002664005660222,13.195661535326474,0.514720812182741,0.514720812182741,none,0
Kenya,43,seaweeds,2021,39.5,15.51,r2,14,2.591681444977273,12.608422069047505,0.3926582278481013,0.3926582278481013,none,0
Kenya,43,seaweeds,2022,41.81,25.1,r2,14,4.950798845421858,9.005880754555477,0.6003348481224587,0.6003348481224587,none,0
Kenya,43,seaweeds,2023,1.28,2.24,r2,14,2.451833326582386,10.475280391460174,1.7500000000000002,1.7500000000000002,none,0
Somalia,44,fish_oil,2019,411.62,2675.1,r2,14,6.633200333565745,4.173549943898697,6.498955347164861,6.498955347164861,none,0
Somalia,44,fish_oil,2020,770.94,5318.05,r2,14,6.942571391070415,8.734880162391821,6.898137338833113,6.898137338833113,none,0
Somalia,44,fish_oil,2021,533.1700000000001,3279.48,r2,14,5.812489553582919,9.479579859767002,6.150908715794211,6.150908715794211,none,0
Somalia,44,fish_oil,2022,273.46,1402.9399999999998,r2,14,4.39079772574889,9.100285927081373,5.130329847144006,5.130329847144006,none,0
Somalia,44,fish_oil,2023,331.33,1973.94,r2,14,4.965081306418548,7.052039687792173,5.957625328222618,5.957625328222618,none,0
Somalia,44,ornamentals,2019,1.1,2.31,r2,14,4.026383769885308,762.3986858156522,2.1,2.1,none,0
Somalia,44,ornamentals,2020,10.44,41.98,r2,14,2.9616707699881712,533.8956822859074,4.021072796934866,4.021072796934866,none,0
Somalia,44,ornamentals,2021,36.45,153.68,r2,14,31.550583145729508,482.4878993830671,4.216186556927298,4.216186556927298,none,0
Somalia,44,ornamentals,2022,17.91,119,r2,14,110.99610802432926,313.3104942475703,6.644332774986041,6.644332774986041,none,0
Somalia,44,ornamentals,2023,18.03,240.5,r2,14,20.85478360228953,267.14713099669086,13.33887964503605,13.33887964503605,none,0
NA,44,seaweeds,2019,NA,NA,r2,14,0.9738114640380738,12.69438158351965,NA,0.9738114640380738,geo_region,1
NA,44,seaweeds,2020,NA,NA,r2,14,2.002664005660222,13.195661535326474,NA,2.002664005660222,geo_region,1
NA,44,seaweeds,2021,NA,NA,r2,14,2.591681444977273,12.608422069047505,NA,2.591681444977273,geo_region,1
NA,44,seaweeds,2022,NA,NA,r2,14,4.950798845421858,9.005880754555477,NA,4.950798845421858,geo_region,1
NA,44,seaweeds,2023,NA,NA,r2,14,2.451833326582386,10.475280391460174,NA,2.451833326582386,geo_region,1
Eritrea,45,ornamentals,2019,0,0,r2,14,4.026383769885308,762.3986858156522,NA,4.026383769885308,geo_region,1
Eritrea,45,ornamentals,2020,0,0,r2,14,2.9616707699881712,533.8956822859074,NA,2.9616707699881712,geo_region,1
Eritrea,45,ornamentals,2021,0,0,r2,14,31.550583145729508,482.4878993830671,NA,31.550583145729508,geo_region,1
Eritrea,45,ornamentals,2022,0,0,r2,14,110.99610802432926,313.3104942475703,NA,110.99610802432926,geo_region,1
Eritrea,45,ornamentals,2023,0,0,r2,14,20.85478360228953,267.14713099669086,NA,20.85478360228953,geo_region,1
NA,45,seaweeds,2019,NA,NA,r2,14,0.9738114640380738,12.69438158351965,NA,0.9738114640380738,geo_region,1
NA,45,seaweeds,2020,NA,NA,r2,14,2.002664005660222,13.195661535326474,NA,2.002664005660222,geo_region,1
NA,45,seaweeds,2021,NA,NA,r2,14,2.591681444977273,12.608422069047505,NA,2.591681444977273,geo_region,1
NA,45,seaweeds,2022,NA,NA,r2,14,4.950798845421858,9.005880754555477,NA,4.950798845421858,geo_region,1
NA,45,seaweeds,2023,NA,NA,r2,14,2.451833326582386,10.475280391460174,NA,2.451833326582386,geo_region,1
NA,45,fish_oil,2019,NA,NA,r2,14,6.633200333565745,4.173549943898697,NA,6.633200333565745,geo_region,1
NA,45,fish_oil,2020,NA,NA,r2,14,6.942571391070415,8.734880162391821,NA,6.942571391070415,geo_region,1
NA,45,fish_oil,2021,NA,NA,r2,14,5.812489553582919,9.479579859767002,NA,5.812489553582919,geo_region,1
NA,45,fish_oil,2022,NA,NA,r2,14,4.39079772574889,9.100285927081373,NA,4.39079772574889,geo_region,1
NA,45,fish_oil,2023,NA,NA,r2,14,4.965081306418548,7.052039687792173,NA,4.965081306418548,geo_region,1
Djibouti,46,ornamentals,2019,315.14963740893836,508.91,r2,14,4.026383769885308,762.3986858156522,1.6148201983797243,1.6148201983797243,none,0
Djibouti,46,ornamentals,2020,389.47429971557995,630.74,r2,14,2.9616707699881712,533.8956822859074,1.6194650082447246,1.6194650082447246,none,0
Djibouti,46,ornamentals,2021,0,0,r2,14,31.550583145729508,482.4878993830671,NA,31.550583145729508,geo_region,1
Djibouti,46,ornamentals,2022,0,0,r2,14,110.99610802432926,313.3104942475703,NA,110.99610802432926,geo_region,1
Djibouti,46,ornamentals,2023,0,0,r2,14,20.85478360228953,267.14713099669086,NA,20.85478360228953,geo_region,1
NA,46,seaweeds,2019,NA,NA,r2,14,0.9738114640380738,12.69438158351965,NA,0.9738114640380738,geo_region,1
NA,46,seaweeds,2020,NA,NA,r2,14,2.002664005660222,13.195661535326474,NA,2.002664005660222,geo_region,1
NA,46,seaweeds,2021,NA,NA,r2,14,2.591681444977273,12.608422069047505,NA,2.591681444977273,geo_region,1
NA,46,seaweeds,2022,NA,NA,r2,14,4.950798845421858,9.005880754555477,NA,4.950798845421858,geo_region,1
NA,46,seaweeds,2023,NA,NA,r2,14,2.451833326582386,10.475280391460174,NA,2.451833326582386,geo_region,1
NA,46,fish_oil,2019,NA,NA,r2,14,6.633200333565745,4.173549943898697,NA,6.633200333565745,geo_region,1
NA,46,fish_oil,2020,NA,NA,r2,14,6.942571391070415,8.734880162391821,NA,6.942571391070415,geo_region,1
NA,46,fish_oil,2021,NA,NA,r2,14,5.812489553582919,9.479579859767002,NA,5.812489553582919,geo_region,1
NA,46,fish_oil,2022,NA,NA,r2,14,4.39079772574889,9.100285927081373,NA,4.39079772574889,geo_region,1
NA,46,fish_oil,2023,NA,NA,r2,14,4.965081306418548,7.052039687792173,NA,4.965081306418548,geo_region,1
Yemen,47,fish_oil,2019,126,1008.09,r2,145,2.9499054849198525,4.173549943898697,8.000714285714286,8.000714285714286,none,0
Yemen,47,fish_oil,2020,873.44,3615.14,r2,145,55.41276923723147,8.734880162391821,4.1389677596629415,4.1389677596629415,none,0
Yemen,47,fish_oil,2021,3084.05,5112.280000000001,r2,145,59.00740656851673,9.479579859767002,1.6576514647946694,1.6576514647946694,none,0
Yemen,47,fish_oil,2022,4712.200000000001,6365.360000000001,r2,145,55.591812672190194,9.100285927081373,1.3508255167437715,1.3508255167437715,none,0
Yemen,47,fish_oil,2023,1568.04,4984.74,r2,145,14.75590872216053,7.052039687792173,3.178962271370628,3.178962271370628,none,0
Yemen,47,ornamentals,2019,0,0,r2,145,689.5303074939351,762.3986858156522,NA,689.5303074939351,geo_region,1
Yemen,47,ornamentals,2020,0,0,r2,145,1.8476207219878105,533.8956822859074,NA,1.8476207219878105,geo_region,1
Yemen,47,ornamentals,2021,0,0,r2,145,140.4681937304791,482.4878993830671,NA,140.4681937304791,geo_region,1
Yemen,47,ornamentals,2022,0,0,r2,145,55.428753615754005,313.3104942475703,NA,55.428753615754005,geo_region,1
Yemen,47,ornamentals,2023,0,0,r2,145,3.847756898986307,267.14713099669086,NA,3.847756898986307,geo_region,1
NA,47,seaweeds,2019,NA,NA,r2,145,9.211885795598922,12.69438158351965,NA,9.211885795598922,geo_region,1
NA,47,seaweeds,2020,NA,NA,r2,145,13.054814707322212,13.195661535326474,NA,13.054814707322212,geo_region,1
NA,47,seaweeds,2021,NA,NA,r2,145,10.010092416212007,12.608422069047505,NA,10.010092416212007,geo_region,1
NA,47,seaweeds,2022,NA,NA,r2,145,11.869973789113288,9.005880754555477,NA,11.869973789113288,geo_region,1
NA,47,seaweeds,2023,NA,NA,r2,145,10.980913167548522,10.475280391460174,NA,10.980913167548522,geo_region,1
Oman,48,fish_oil,2019,6101.84,8138.11,r2,145,2.9499054849198525,4.173549943898697,1.3337140927982378,1.3337140927982378,none,0
Oman,48,fish_oil,2020,21234.47,36310.83,r2,145,55.41276923723147,8.734880162391821,1.709994645498569,1.709994645498569,none,0
Oman,48,fish_oil,2021,27740.1,44674.66,r2,145,59.00740656851673,9.479579859767002,1.6104722044981816,1.6104722044981816,none,0
Oman,48,fish_oil,2022,25065.25,47188.76,r2,145,55.591812672190194,9.100285927081373,1.8826367181655879,1.8826367181655879,none,0
Oman,48,fish_oil,2023,18433.59,57633.6,r2,145,14.75590872216053,7.052039687792173,3.126553210741912,3.126553210741912,none,0
Oman,48,ornamentals,2019,0,0,r2,145,689.5303074939351,762.3986858156522,NA,689.5303074939351,geo_region,1
Oman,48,ornamentals,2020,0,0,r2,145,1.8476207219878105,533.8956822859074,NA,1.8476207219878105,geo_region,1
Oman,48,ornamentals,2021,0,0,r2,145,140.4681937304791,482.4878993830671,NA,140.4681937304791,geo_region,1
Oman,48,ornamentals,2022,0,0,r2,145,55.428753615754005,313.3104942475703,NA,55.428753615754005,geo_region,1
Oman,48,ornamentals,2023,0,0,r2,145,3.847756898986307,267.14713099669086,NA,3.847756898986307,geo_region,1
NA,48,seaweeds,2019,NA,NA,r2,145,9.211885795598922,12.69438158351965,NA,9.211885795598922,geo_region,1
NA,48,seaweeds,2020,NA,NA,r2,145,13.054814707322212,13.195661535326474,NA,13.054814707322212,geo_region,1
NA,48,seaweeds,2021,NA,NA,r2,145,10.010092416212007,12.608422069047505,NA,10.010092416212007,geo_region,1
NA,48,seaweeds,2022,NA,NA,r2,145,11.869973789113288,9.005880754555477,NA,11.869973789113288,geo_region,1
NA,48,seaweeds,2023,NA,NA,r2,145,10.980913167548522,10.475280391460174,NA,10.980913167548522,geo_region,1
Sudan,49,ornamentals,2019,0,0,r2,15,2.6772366930917326,762.3986858156522,NA,2.6772366930917326,geo_region,1
Sudan,49,ornamentals,2020,1.0152204103687836,0.04,r2,15,0.368058319123782,533.8956822859074,0.03940031109645423,0.03940031109645423,none,0
Sudan,49,ornamentals,2021,1.46,21.77,r2,15,8.205564718084808,482.4878993830671,14.91095890410959,14.91095890410959,none,0
Sudan,49,ornamentals,2022,11.17,157.64,r2,15,7.891014999557552,313.3104942475703,14.112802148612353,14.112802148612353,none,0
Sudan,49,ornamentals,2023,3.93,93.89,r2,15,12.937417651153485,267.14713099669086,23.890585241730278,23.890585241730278,none,0
NA,49,seaweeds,2019,NA,NA,r2,15,7.373491477328102,12.69438158351965,NA,7.373491477328102,geo_region,1
NA,49,seaweeds,2020,NA,NA,r2,15,8.514579935563333,13.195661535326474,NA,8.514579935563333,geo_region,1
NA,49,seaweeds,2021,NA,NA,r2,15,6.504992187094564,12.608422069047505,NA,6.504992187094564,geo_region,1
NA,49,seaweeds,2022,NA,NA,r2,15,5.81687459769867,9.005880754555477,NA,5.81687459769867,geo_region,1
NA,49,seaweeds,2023,NA,NA,r2,15,6.101478117552313,10.475280391460174,NA,6.101478117552313,geo_region,1
NA,49,fish_oil,2019,NA,NA,r2,15,1.7825488641525438,4.173549943898697,NA,1.7825488641525438,geo_region,1
NA,49,fish_oil,2020,NA,NA,r2,15,1.231115717341926,8.734880162391821,NA,1.231115717341926,geo_region,1
NA,49,fish_oil,2021,NA,NA,r2,15,2.1753688277089696,9.479579859767002,NA,2.1753688277089696,geo_region,1
NA,49,fish_oil,2022,NA,NA,r2,15,2.810645172715364,9.100285927081373,NA,2.810645172715364,geo_region,1
NA,49,fish_oil,2023,NA,NA,r2,15,4.887271109878033,7.052039687792173,NA,4.887271109878033,geo_region,1
Saudi Arabia,50,fish_oil,2019,0,0,r2,145,2.9499054849198525,4.173549943898697,NA,2.9499054849198525,geo_region,1
Saudi Arabia,50,fish_oil,2020,0,0,r2,145,55.41276923723147,8.734880162391821,NA,55.41276923723147,geo_region,1
Saudi Arabia,50,fish_oil,2021,0,0,r2,145,59.00740656851673,9.479579859767002,NA,59.00740656851673,geo_region,1
Saudi Arabia,50,fish_oil,2022,0,0,r2,145,55.591812672190194,9.100285927081373,NA,55.591812672190194,geo_region,1
Saudi Arabia,50,fish_oil,2023,0,0,r2,145,14.75590872216053,7.052039687792173,NA,14.75590872216053,geo_region,1
Saudi Arabia,50,ornamentals,2019,0,0,r2,145,689.5303074939351,762.3986858156522,NA,689.5303074939351,geo_region,1
Saudi Arabia,50,ornamentals,2020,0,0,r2,145,1.8476207219878105,533.8956822859074,NA,1.8476207219878105,geo_region,1
Saudi Arabia,50,ornamentals,2021,0,0,r2,145,140.4681937304791,482.4878993830671,NA,140.4681937304791,geo_region,1
Saudi Arabia,50,ornamentals,2022,0,0,r2,145,55.428753615754005,313.3104942475703,NA,55.428753615754005,geo_region,1
Saudi Arabia,50,ornamentals,2023,0,0,r2,145,3.847756898986307,267.14713099669086,NA,3.847756898986307,geo_region,1
Saudi Arabia,50,seaweeds,2019,0,0,r2,145,9.211885795598922,12.69438158351965,NA,9.211885795598922,geo_region,1
Saudi Arabia,50,seaweeds,2020,0,0,r2,145,13.054814707322212,13.195661535326474,NA,13.054814707322212,geo_region,1
Saudi Arabia,50,seaweeds,2021,0,0,r2,145,10.010092416212007,12.608422069047505,NA,10.010092416212007,geo_region,1
Saudi Arabia,50,seaweeds,2022,0,0,r2,145,11.869973789113288,9.005880754555477,NA,11.869973789113288,geo_region,1
Saudi Arabia,50,seaweeds,2023,0,0,r2,145,10.980913167548522,10.475280391460174,NA,10.980913167548522,geo_region,1
Kuwait,51,fish_oil,2019,0,0,r2,145,2.9499054849198525,4.173549943898697,NA,2.9499054849198525,geo_region,1
Kuwait,51,fish_oil,2020,0,0,r2,145,55.41276923723147,8.734880162391821,NA,55.41276923723147,geo_region,1
Kuwait,51,fish_oil,2021,0,0,r2,145,59.00740656851673,9.479579859767002,NA,59.00740656851673,geo_region,1
Kuwait,51,fish_oil,2022,0,0,r2,145,55.591812672190194,9.100285927081373,NA,55.591812672190194,geo_region,1
Kuwait,51,fish_oil,2023,0,0,r2,145,14.75590872216053,7.052039687792173,NA,14.75590872216053,geo_region,1
NA,51,seaweeds,2019,NA,NA,r2,145,9.211885795598922,12.69438158351965,NA,9.211885795598922,geo_region,1
NA,51,seaweeds,2020,NA,NA,r2,145,13.054814707322212,13.195661535326474,NA,13.054814707322212,geo_region,1
NA,51,seaweeds,2021,NA,NA,r2,145,10.010092416212007,12.608422069047505,NA,10.010092416212007,geo_region,1
NA,51,seaweeds,2022,NA,NA,r2,145,11.869973789113288,9.005880754555477,NA,11.869973789113288,geo_region,1
NA,51,seaweeds,2023,NA,NA,r2,145,10.980913167548522,10.475280391460174,NA,10.980913167548522,geo_region,1
NA,51,ornamentals,2019,NA,NA,r2,145,689.5303074939351,762.3986858156522,NA,689.5303074939351,geo_region,1
NA,51,ornamentals,2020,NA,NA,r2,145,1.8476207219878105,533.8956822859074,NA,1.8476207219878105,geo_region,1
NA,51,ornamentals,2021,NA,NA,r2,145,140.4681937304791,482.4878993830671,NA,140.4681937304791,geo_region,1
NA,51,ornamentals,2022,NA,NA,r2,145,55.428753615754005,313.3104942475703,NA,55.428753615754005,geo_region,1
NA,51,ornamentals,2023,NA,NA,r2,145,3.847756898986307,267.14713099669086,NA,3.847756898986307,geo_region,1
Bahrain,52,fish_oil,2019,0,0,r2,145,2.9499054849198525,4.173549943898697,NA,2.9499054849198525,geo_region,1
Bahrain,52,fish_oil,2020,185.09396395435033,0.03,r2,145,55.41276923723147,8.734880162391821,1.6207983966132406e-4,1.6207983966132406e-4,none,0
Bahrain,52,fish_oil,2021,0,0,r2,145,59.00740656851673,9.479579859767002,NA,59.00740656851673,geo_region,1
Bahrain,52,fish_oil,2022,0,0,r2,145,55.591812672190194,9.100285927081373,NA,55.591812672190194,geo_region,1
Bahrain,52,fish_oil,2023,0,0,r2,145,14.75590872216053,7.052039687792173,NA,14.75590872216053,geo_region,1
Bahrain,52,ornamentals,2019,12,26.17,r2,145,689.5303074939351,762.3986858156522,2.1808333333333336,2.1808333333333336,none,0
Bahrain,52,ornamentals,2020,0,0,r2,145,1.8476207219878105,533.8956822859074,NA,1.8476207219878105,geo_region,1
Bahrain,52,ornamentals,2021,0.2,127.66,r2,145,140.4681937304791,482.4878993830671,638.3,638.3,none,0
Bahrain,52,ornamentals,2022,0,0,r2,145,55.428753615754005,313.3104942475703,NA,55.428753615754005,geo_region,1
Bahrain,52,ornamentals,2023,4,1.73,r2,145,3.847756898986307,267.14713099669086,0.4325,0.4325,none,0
Bahrain,52,seaweeds,2019,7.07,57.06999999999999,r2,145,9.211885795598922,12.69438158351965,8.07213578500707,8.07213578500707,none,0
Bahrain,52,seaweeds,2020,5.140000000000001,40.52,r2,145,13.054814707322212,13.195661535326474,7.883268482490272,7.883268482490272,none,0
Bahrain,52,seaweeds,2021,5.07,27.22,r2,145,10.010092416212007,12.608422069047505,5.368836291913214,5.368836291913214,none,0
Bahrain,52,seaweeds,2022,3.71,19.6,r2,145,11.869973789113288,9.005880754555477,5.283018867924529,5.283018867924529,none,0
Bahrain,52,seaweeds,2023,6.37,56,r2,145,10.980913167548522,10.475280391460174,8.79120879120879,8.79120879120879,none,0
Pakistan,53,fish_oil,2019,756.5,761.02,r2,34,8.531915993565814,4.173549943898697,1.0059748843357568,1.0059748843357568,none,0
Pakistan,53,fish_oil,2020,503.42,676.7,r2,34,13.221330088697108,8.734880162391821,1.344205633467085,1.344205633467085,none,0
Pakistan,53,fish_oil,2021,560.52,549.0899999999999,r2,34,10.677540646744092,9.479579859767002,0.9796082209377006,0.9796082209377006,none,0
Pakistan,53,fish_oil,2022,375.91,507.68999999999994,r2,34,13.961943531218187,9.100285927081373,1.3505626346731927,1.3505626346731927,none,0
Pakistan,53,fish_oil,2023,747.5,1617.3100000000002,r2,34,11.941060389706886,7.052039687792173,2.163625418060201,2.163625418060201,none,0
Pakistan,53,ornamentals,2019,3.69,6.19,r2,34,8.719372784970775,762.3986858156522,1.6775067750677508,1.6775067750677508,none,0
Pakistan,53,ornamentals,2020,0,0,r2,34,10.632206649943472,533.8956822859074,NA,10.632206649943472,geo_region,1
Pakistan,53,ornamentals,2021,0,0,r2,34,23.17059187245445,482.4878993830671,NA,23.17059187245445,geo_region,1
Pakistan,53,ornamentals,2022,0,0,r2,34,15.316968498550342,313.3104942475703,NA,15.316968498550342,geo_region,1
Pakistan,53,ornamentals,2023,17.42,32.15,r2,34,30.554382458375926,267.14713099669086,1.8455797933409872,1.8455797933409872,none,0
Pakistan,53,seaweeds,2019,7.43,14,r2,34,4.8454149226139105,12.69438158351965,1.8842530282637955,1.8842530282637955,none,0
Pakistan,53,seaweeds,2020,0,0,r2,34,6.377988050536175,13.195661535326474,NA,6.377988050536175,geo_region,1
Pakistan,53,seaweeds,2021,25.64,48.22,r2,34,4.56870426600309,12.608422069047505,1.8806552262090483,1.8806552262090483,none,0
Pakistan,53,seaweeds,2022,36.97,126.14,r2,34,4.209019804181845,9.005880754555477,3.4119556397078714,3.4119556397078714,none,0
Pakistan,53,seaweeds,2023,6.74,61.32,r2,34,6.497125274952799,10.475280391460174,9.097922848664687,9.097922848664687,none,0
United Arab Emirates,54,fish_oil,2019,1157.88,5407.38,r2,145,2.9499054849198525,4.173549943898697,4.670069437247383,4.670069437247383,none,0
United Arab Emirates,54,fish_oil,2020,386.14,1675.13,r2,145,55.41276923723147,8.734880162391821,4.338141606671156,4.338141606671156,none,0
United Arab Emirates,54,fish_oil,2021,216.25,1360.67,r2,145,59.00740656851673,9.479579859767002,6.292115606936417,6.292115606936417,none,0
United Arab Emirates,54,fish_oil,2022,379.52,1459.85,r2,145,55.591812672190194,9.100285927081373,3.846569350758853,3.846569350758853,none,0
United Arab Emirates,54,fish_oil,2023,511.7999999999999,3157.69,r2,145,14.75590872216053,7.052039687792173,6.169773348964441,6.169773348964441,none,0
United Arab Emirates,54,ornamentals,2019,27.11,236.56,r2,145,689.5303074939351,762.3986858156522,8.725931390630764,8.725931390630764,none,0
United Arab Emirates,54,ornamentals,2020,10.8,24.63,r2,145,1.8476207219878105,533.8956822859074,2.2805555555555554,2.2805555555555554,none,0
United Arab Emirates,54,ornamentals,2021,0,0,r2,145,140.4681937304791,482.4878993830671,NA,140.4681937304791,geo_region,1
United Arab Emirates,54,ornamentals,2022,4.47,26.24,r2,145,55.428753615754005,313.3104942475703,5.8702460850111855,5.8702460850111855,none,0
United Arab Emirates,54,ornamentals,2023,0.18,2.03,r2,145,3.847756898986307,267.14713099669086,11.277777777777777,11.277777777777777,none,0
United Arab Emirates,54,seaweeds,2019,39.36,627.88,r2,145,9.211885795598922,12.69438158351965,15.952235772357724,15.952235772357724,none,0
United Arab Emirates,54,seaweeds,2020,36.34,1031.66,r2,145,13.054814707322212,13.195661535326474,28.389102916895983,28.389102916895983,none,0
United Arab Emirates,54,seaweeds,2021,55.79,1530.85,r2,145,10.010092416212007,12.608422069047505,27.439505287685964,27.439505287685964,none,0
United Arab Emirates,54,seaweeds,2022,32.2,908.63,r2,145,11.869973789113288,9.005880754555477,28.218322981366455,28.218322981366455,none,0
United Arab Emirates,54,seaweeds,2023,23.25,497.51,r2,145,10.980913167548522,10.475280391460174,21.398279569892473,21.398279569892473,none,0
NA,55,seaweeds,2019,NA,NA,r2,39,18.937345952232842,12.69438158351965,NA,18.937345952232842,geo_region,1
NA,55,seaweeds,2020,NA,NA,r2,39,15.232121707046842,13.195661535326474,NA,15.232121707046842,geo_region,1
NA,55,seaweeds,2021,NA,NA,r2,39,22.258482257657008,12.608422069047505,NA,22.258482257657008,geo_region,1
NA,55,seaweeds,2022,NA,NA,r2,39,15.950282976495712,9.005880754555477,NA,15.950282976495712,geo_region,1
NA,55,seaweeds,2023,NA,NA,r2,39,24.79950988909789,10.475280391460174,NA,24.79950988909789,geo_region,1
NA,55,ornamentals,2019,NA,NA,r2,39,13.839026417897957,762.3986858156522,NA,13.839026417897957,geo_region,1
NA,55,ornamentals,2020,NA,NA,r2,39,13.28453454913226,533.8956822859074,NA,13.28453454913226,geo_region,1
NA,55,ornamentals,2021,NA,NA,r2,39,16.187521677881296,482.4878993830671,NA,16.187521677881296,geo_region,1
NA,55,ornamentals,2022,NA,NA,r2,39,12.258381992966504,313.3104942475703,NA,12.258381992966504,geo_region,1
NA,55,ornamentals,2023,NA,NA,r2,39,10.599927036875398,267.14713099669086,NA,10.599927036875398,geo_region,1
NA,55,fish_oil,2019,NA,NA,r2,39,3.5130878839029642,4.173549943898697,NA,3.5130878839029642,geo_region,1
NA,55,fish_oil,2020,NA,NA,r2,39,12.688876901113854,8.734880162391821,NA,12.688876901113854,geo_region,1
NA,55,fish_oil,2021,NA,NA,r2,39,12.963175178808166,9.479579859767002,NA,12.963175178808166,geo_region,1
NA,55,fish_oil,2022,NA,NA,r2,39,9.038014004857267,9.100285927081373,NA,9.038014004857267,geo_region,1
NA,55,fish_oil,2023,NA,NA,r2,39,13.977192957370363,7.052039687792173,NA,13.977192957370363,geo_region,1
Cape Verde,56,fish_oil,2019,248.39,199.51,r2,11,1.4760552140249767,4.173549943898697,0.8032126897218085,0.8032126897218085,none,0
Cape Verde,56,fish_oil,2020,131.94,110.18,r2,11,1.0056378755706212,8.734880162391821,0.8350765499469457,0.8350765499469457,none,0
Cape Verde,56,fish_oil,2021,110.4,108.81,r2,11,1.1470895464253457,9.479579859767002,0.9855978260869565,0.9855978260869565,none,0
Cape Verde,56,fish_oil,2022,132.48,133.39,r2,11,1.4663671035997392,9.100285927081373,1.006868961352657,1.006868961352657,none,0
Cape Verde,56,fish_oil,2023,132.48,336,r2,11,2.069567472696913,7.052039687792173,2.536231884057971,2.536231884057971,none,0
NA,56,seaweeds,2019,NA,NA,r2,11,34.87737232790993,12.69438158351965,NA,34.87737232790993,geo_region,1
NA,56,seaweeds,2020,NA,NA,r2,11,36.54010494752624,13.195661535326474,NA,36.54010494752624,geo_region,1
NA,56,seaweeds,2021,NA,NA,r2,11,0.8175,12.608422069047505,NA,0.8175,geo_region,1
NA,56,seaweeds,2022,NA,NA,r2,11,6.885705128205129,9.005880754555477,NA,6.885705128205129,geo_region,1
NA,56,seaweeds,2023,NA,NA,r2,11,4.89099358974359,10.475280391460174,NA,4.89099358974359,geo_region,1
NA,56,ornamentals,2019,NA,NA,r2,11,13.246650100353627,762.3986858156522,NA,13.246650100353627,geo_region,1
NA,56,ornamentals,2020,NA,NA,r2,11,18.179487576038767,533.8956822859074,NA,18.179487576038767,geo_region,1
NA,56,ornamentals,2021,NA,NA,r2,11,19.222097378277155,482.4878993830671,NA,19.222097378277155,geo_region,1
NA,56,ornamentals,2022,NA,NA,r2,11,3.8357558139534884,313.3104942475703,NA,3.8357558139534884,geo_region,1
NA,56,ornamentals,2023,NA,NA,r2,11,1.0384615384615385,267.14713099669086,NA,1.0384615384615385,geo_region,1
NA,57,seaweeds,2019,NA,NA,r2,39,18.937345952232842,12.69438158351965,NA,18.937345952232842,geo_region,1
NA,57,seaweeds,2020,NA,NA,r2,39,15.232121707046842,13.195661535326474,NA,15.232121707046842,geo_region,1
NA,57,seaweeds,2021,NA,NA,r2,39,22.258482257657008,12.608422069047505,NA,22.258482257657008,geo_region,1
NA,57,seaweeds,2022,NA,NA,r2,39,15.950282976495712,9.005880754555477,NA,15.950282976495712,geo_region,1
NA,57,seaweeds,2023,NA,NA,r2,39,24.79950988909789,10.475280391460174,NA,24.79950988909789,geo_region,1
NA,57,ornamentals,2019,NA,NA,r2,39,13.839026417897957,762.3986858156522,NA,13.839026417897957,geo_region,1
NA,57,ornamentals,2020,NA,NA,r2,39,13.28453454913226,533.8956822859074,NA,13.28453454913226,geo_region,1
NA,57,ornamentals,2021,NA,NA,r2,39,16.187521677881296,482.4878993830671,NA,16.187521677881296,geo_region,1
NA,57,ornamentals,2022,NA,NA,r2,39,12.258381992966504,313.3104942475703,NA,12.258381992966504,geo_region,1
NA,57,ornamentals,2023,NA,NA,r2,39,10.599927036875398,267.14713099669086,NA,10.599927036875398,geo_region,1
NA,57,fish_oil,2019,NA,NA,r2,39,3.5130878839029642,4.173549943898697,NA,3.5130878839029642,geo_region,1
NA,57,fish_oil,2020,NA,NA,r2,39,12.688876901113854,8.734880162391821,NA,12.688876901113854,geo_region,1
NA,57,fish_oil,2021,NA,NA,r2,39,12.963175178808166,9.479579859767002,NA,12.963175178808166,geo_region,1
NA,57,fish_oil,2022,NA,NA,r2,39,9.038014004857267,9.100285927081373,NA,9.038014004857267,geo_region,1
NA,57,fish_oil,2023,NA,NA,r2,39,13.977192957370363,7.052039687792173,NA,13.977192957370363,geo_region,1
NA,58,seaweeds,2019,NA,NA,r2,39,18.937345952232842,12.69438158351965,NA,18.937345952232842,geo_region,1
NA,58,seaweeds,2020,NA,NA,r2,39,15.232121707046842,13.195661535326474,NA,15.232121707046842,geo_region,1
NA,58,seaweeds,2021,NA,NA,r2,39,22.258482257657008,12.608422069047505,NA,22.258482257657008,geo_region,1
NA,58,seaweeds,2022,NA,NA,r2,39,15.950282976495712,9.005880754555477,NA,15.950282976495712,geo_region,1
NA,58,seaweeds,2023,NA,NA,r2,39,24.79950988909789,10.475280391460174,NA,24.79950988909789,geo_region,1
NA,58,ornamentals,2019,NA,NA,r2,39,13.839026417897957,762.3986858156522,NA,13.839026417897957,geo_region,1
NA,58,ornamentals,2020,NA,NA,r2,39,13.28453454913226,533.8956822859074,NA,13.28453454913226,geo_region,1
NA,58,ornamentals,2021,NA,NA,r2,39,16.187521677881296,482.4878993830671,NA,16.187521677881296,geo_region,1
NA,58,ornamentals,2022,NA,NA,r2,39,12.258381992966504,313.3104942475703,NA,12.258381992966504,geo_region,1
NA,58,ornamentals,2023,NA,NA,r2,39,10.599927036875398,267.14713099669086,NA,10.599927036875398,geo_region,1
NA,58,fish_oil,2019,NA,NA,r2,39,3.5130878839029642,4.173549943898697,NA,3.5130878839029642,geo_region,1
NA,58,fish_oil,2020,NA,NA,r2,39,12.688876901113854,8.734880162391821,NA,12.688876901113854,geo_region,1
NA,58,fish_oil,2021,NA,NA,r2,39,12.963175178808166,9.479579859767002,NA,12.963175178808166,geo_region,1
NA,58,fish_oil,2022,NA,NA,r2,39,9.038014004857267,9.100285927081373,NA,9.038014004857267,geo_region,1
NA,58,fish_oil,2023,NA,NA,r2,39,13.977192957370363,7.052039687792173,NA,13.977192957370363,geo_region,1
Belgium,59,fish_oil,2019,20041.65,34513.380000000005,r2,155,2.486637608721396,4.173549943898697,1.7220827626467883,1.7220827626467883,none,0
Belgium,59,fish_oil,2020,21336.68,38048.12,r2,155,2.4908049530813314,8.734880162391821,1.7832258814398492,1.7832258814398492,none,0
Belgium,59,fish_oil,2021,23883.929999999997,48628.04,r2,155,2.5590912874213827,9.479579859767002,2.0360150109299435,2.0360150109299435,none,0
Belgium,59,fish_oil,2022,25905.69,72199.14,r2,155,3.405909724738585,9.100285927081373,2.786999304013906,2.786999304013906,none,0
Belgium,59,fish_oil,2023,30887.87,132559.41,r2,155,5.293936680119754,7.052039687792173,4.291633252794706,4.291633252794706,none,0
Belgium,59,ornamentals,2019,4.29,60.8,r2,155,101.72559253285696,762.3986858156522,14.172494172494172,14.172494172494172,none,0
Belgium,59,ornamentals,2020,10.47,304.79,r2,155,120.62522448758364,533.8956822859074,29.110792741165234,29.110792741165234,none,0
Belgium,59,ornamentals,2021,5.86,103.54,r2,155,122.18025523162241,482.4878993830671,17.668941979522184,17.668941979522184,none,0
Belgium,59,ornamentals,2022,5.89,109.23,r2,155,177.9816374384934,313.3104942475703,18.544991511035654,18.544991511035654,none,0
Belgium,59,ornamentals,2023,6.8,126.9,r2,155,117.57130342584112,267.14713099669086,18.661764705882355,18.661764705882355,none,0
Belgium,59,seaweeds,2019,577.5,5810.27,r2,155,9.906531966659237,12.69438158351965,10.061073593073594,10.061073593073594,none,0
Belgium,59,seaweeds,2020,775.57,4522.59,r2,155,9.141284654962936,13.195661535326474,5.831311164691775,5.831311164691775,none,0
Belgium,59,seaweeds,2021,505.47,4960.33,r2,155,10.339676847344405,12.608422069047505,9.813302470967614,9.813302470967614,none,0
Belgium,59,seaweeds,2022,495.08,4577.12,r2,155,8.316798951931982,9.005880754555477,9.245212894885675,9.245212894885675,none,0
Belgium,59,seaweeds,2023,288.12,4246.6,r2,155,9.624232659080821,10.475280391460174,14.738997639872277,14.738997639872277,none,0
NA,60,seaweeds,2019,NA,NA,r2,39,18.937345952232842,12.69438158351965,NA,18.937345952232842,geo_region,1
NA,60,seaweeds,2020,NA,NA,r2,39,15.232121707046842,13.195661535326474,NA,15.232121707046842,geo_region,1
NA,60,seaweeds,2021,NA,NA,r2,39,22.258482257657008,12.608422069047505,NA,22.258482257657008,geo_region,1
NA,60,seaweeds,2022,NA,NA,r2,39,15.950282976495712,9.005880754555477,NA,15.950282976495712,geo_region,1
NA,60,seaweeds,2023,NA,NA,r2,39,24.79950988909789,10.475280391460174,NA,24.79950988909789,geo_region,1
NA,60,ornamentals,2019,NA,NA,r2,39,13.839026417897957,762.3986858156522,NA,13.839026417897957,geo_region,1
NA,60,ornamentals,2020,NA,NA,r2,39,13.28453454913226,533.8956822859074,NA,13.28453454913226,geo_region,1
NA,60,ornamentals,2021,NA,NA,r2,39,16.187521677881296,482.4878993830671,NA,16.187521677881296,geo_region,1
NA,60,ornamentals,2022,NA,NA,r2,39,12.258381992966504,313.3104942475703,NA,12.258381992966504,geo_region,1
NA,60,ornamentals,2023,NA,NA,r2,39,10.599927036875398,267.14713099669086,NA,10.599927036875398,geo_region,1
NA,60,fish_oil,2019,NA,NA,r2,39,3.5130878839029642,4.173549943898697,NA,3.5130878839029642,geo_region,1
NA,60,fish_oil,2020,NA,NA,r2,39,12.688876901113854,8.734880162391821,NA,12.688876901113854,geo_region,1
NA,60,fish_oil,2021,NA,NA,r2,39,12.963175178808166,9.479579859767002,NA,12.963175178808166,geo_region,1
NA,60,fish_oil,2022,NA,NA,r2,39,9.038014004857267,9.100285927081373,NA,9.038014004857267,geo_region,1
NA,60,fish_oil,2023,NA,NA,r2,39,13.977192957370363,7.052039687792173,NA,13.977192957370363,geo_region,1
Tunisia,61,fish_oil,2019,0,0,r2,15,1.7825488641525438,4.173549943898697,NA,1.7825488641525438,geo_region,1
Tunisia,61,fish_oil,2020,0,0,r2,15,1.231115717341926,8.734880162391821,NA,1.231115717341926,geo_region,1
Tunisia,61,fish_oil,2021,0,0,r2,15,2.1753688277089696,9.479579859767002,NA,2.1753688277089696,geo_region,1
Tunisia,61,fish_oil,2022,210,449.85,r2,15,2.810645172715364,9.100285927081373,2.1421428571428573,2.1421428571428573,none,0
Tunisia,61,fish_oil,2023,100,369.03,r2,15,4.887271109878033,7.052039687792173,3.6902999999999997,3.6902999999999997,none,0
Tunisia,61,ornamentals,2019,0,0,r2,15,2.6772366930917326,762.3986858156522,NA,2.6772366930917326,geo_region,1
Tunisia,61,ornamentals,2020,0,0,r2,15,0.368058319123782,533.8956822859074,NA,0.368058319123782,geo_region,1
Tunisia,61,ornamentals,2021,0,0,r2,15,8.205564718084808,482.4878993830671,NA,8.205564718084808,geo_region,1
Tunisia,61,ornamentals,2022,0,0,r2,15,7.891014999557552,313.3104942475703,NA,7.891014999557552,geo_region,1
Tunisia,61,ornamentals,2023,0,0,r2,15,12.937417651153485,267.14713099669086,NA,12.937417651153485,geo_region,1
Tunisia,61,seaweeds,2019,70.38000000000001,684.17,r2,15,7.373491477328102,12.69438158351965,9.721085535663539,9.721085535663539,none,0
Tunisia,61,seaweeds,2020,33.68,142.37,r2,15,8.514579935563333,13.195661535326474,4.227137767220903,4.227137767220903,none,0
Tunisia,61,seaweeds,2021,77,128.29999999999998,r2,15,6.504992187094564,12.608422069047505,1.666233766233766,1.666233766233766,none,0
Tunisia,61,seaweeds,2022,83.53,138.23000000000002,r2,15,5.81687459769867,9.005880754555477,1.6548545432778645,1.6548545432778645,none,0
Tunisia,61,seaweeds,2023,108.74,315.71000000000004,r2,15,6.101478117552313,10.475280391460174,2.903347434246828,2.903347434246828,none,0
Morocco,62,fish_oil,2019,35796.18,63808.44,r2,15,1.7825488641525438,4.173549943898697,1.7825488641525438,1.7825488641525438,none,0
Morocco,62,fish_oil,2020,45850.2,86424.43,r2,15,1.231115717341926,8.734880162391821,1.884930272932288,1.884930272932288,none,0
Morocco,62,fish_oil,2021,30021.47,65307.77,r2,15,2.1753688277089696,9.479579859767002,2.1753688277089696,2.1753688277089696,none,0
Morocco,62,fish_oil,2022,45830.69,159451.73,r2,15,2.810645172715364,9.100285927081373,3.47914748828787,3.47914748828787,none,0
Morocco,62,fish_oil,2023,36899.55,224505.8,r2,15,4.887271109878033,7.052039687792173,6.084242219756066,6.084242219756066,none,0
Morocco,62,ornamentals,2019,0,0,r2,15,2.6772366930917326,762.3986858156522,NA,2.6772366930917326,geo_region,1
Morocco,62,ornamentals,2020,0,0,r2,15,0.368058319123782,533.8956822859074,NA,0.368058319123782,geo_region,1
Morocco,62,ornamentals,2021,0,0,r2,15,8.205564718084808,482.4878993830671,NA,8.205564718084808,geo_region,1
Morocco,62,ornamentals,2022,0,0,r2,15,7.891014999557552,313.3104942475703,NA,7.891014999557552,geo_region,1
Morocco,62,ornamentals,2023,0,0,r2,15,12.937417651153485,267.14713099669086,NA,12.937417651153485,geo_region,1
Morocco,62,seaweeds,2019,3399.51,39380.08,r2,15,7.373491477328102,12.69438158351965,11.584045936031957,11.584045936031957,none,0
Morocco,62,seaweeds,2020,2528.06,32364.28,r2,15,8.514579935563333,13.195661535326474,12.802022103905761,12.802022103905761,none,0
Morocco,62,seaweeds,2021,2570.09,29154.46,r2,15,6.504992187094564,12.608422069047505,11.343750607955362,11.343750607955362,none,0
Morocco,62,seaweeds,2022,2851.41,28453.92,r2,15,5.81687459769867,9.005880754555477,9.978894652119477,9.978894652119477,none,0
Morocco,62,seaweeds,2023,4025.203726477955,37432.82,r2,15,6.101478117552313,10.475280391460174,9.299608800857799,9.299608800857799,none,0
NA,63,seaweeds,2019,NA,NA,r2,15,7.373491477328102,12.69438158351965,NA,7.373491477328102,geo_region,1
NA,63,seaweeds,2020,NA,NA,r2,15,8.514579935563333,13.195661535326474,NA,8.514579935563333,geo_region,1
NA,63,seaweeds,2021,NA,NA,r2,15,6.504992187094564,12.608422069047505,NA,6.504992187094564,geo_region,1
NA,63,seaweeds,2022,NA,NA,r2,15,5.81687459769867,9.005880754555477,NA,5.81687459769867,geo_region,1
NA,63,seaweeds,2023,NA,NA,r2,15,6.101478117552313,10.475280391460174,NA,6.101478117552313,geo_region,1
NA,63,ornamentals,2019,NA,NA,r2,15,2.6772366930917326,762.3986858156522,NA,2.6772366930917326,geo_region,1
NA,63,ornamentals,2020,NA,NA,r2,15,0.368058319123782,533.8956822859074,NA,0.368058319123782,geo_region,1
NA,63,ornamentals,2021,NA,NA,r2,15,8.205564718084808,482.4878993830671,NA,8.205564718084808,geo_region,1
NA,63,ornamentals,2022,NA,NA,r2,15,7.891014999557552,313.3104942475703,NA,7.891014999557552,geo_region,1
NA,63,ornamentals,2023,NA,NA,r2,15,12.937417651153485,267.14713099669086,NA,12.937417651153485,geo_region,1
NA,63,fish_oil,2019,NA,NA,r2,15,1.7825488641525438,4.173549943898697,NA,1.7825488641525438,geo_region,1
NA,63,fish_oil,2020,NA,NA,r2,15,1.231115717341926,8.734880162391821,NA,1.231115717341926,geo_region,1
NA,63,fish_oil,2021,NA,NA,r2,15,2.1753688277089696,9.479579859767002,NA,2.1753688277089696,geo_region,1
NA,63,fish_oil,2022,NA,NA,r2,15,2.810645172715364,9.100285927081373,NA,2.810645172715364,geo_region,1
NA,63,fish_oil,2023,NA,NA,r2,15,4.887271109878033,7.052039687792173,NA,4.887271109878033,geo_region,1
Mauritania,64,fish_oil,2019,34535.17,40210.1,r2,11,1.4760552140249767,4.173549943898697,1.1643232102230856,1.1643232102230856,none,0
Mauritania,64,fish_oil,2020,36760.77,36851.09,r2,11,1.0056378755706212,8.734880162391821,1.0024569670330628,1.0024569670330628,none,0
Mauritania,64,fish_oil,2021,21549.35,23665.83,r2,11,1.1470895464253457,9.479579859767002,1.098215491418535,1.098215491418535,none,0
Mauritania,64,fish_oil,2022,21883.11,25948.94,r2,11,1.4663671035997392,9.100285927081373,1.1857976311410945,1.1857976311410945,none,0
Mauritania,64,fish_oil,2023,17646.83,19821.04,r2,11,2.069567472696913,7.052039687792173,1.1232068309152408,1.1232068309152408,none,0
NA,64,seaweeds,2019,NA,NA,r2,11,34.87737232790993,12.69438158351965,NA,34.87737232790993,geo_region,1
NA,64,seaweeds,2020,NA,NA,r2,11,36.54010494752624,13.195661535326474,NA,36.54010494752624,geo_region,1
NA,64,seaweeds,2021,NA,NA,r2,11,0.8175,12.608422069047505,NA,0.8175,geo_region,1
NA,64,seaweeds,2022,NA,NA,r2,11,6.885705128205129,9.005880754555477,NA,6.885705128205129,geo_region,1
NA,64,seaweeds,2023,NA,NA,r2,11,4.89099358974359,10.475280391460174,NA,4.89099358974359,geo_region,1
NA,64,ornamentals,2019,NA,NA,r2,11,13.246650100353627,762.3986858156522,NA,13.246650100353627,geo_region,1
NA,64,ornamentals,2020,NA,NA,r2,11,18.179487576038767,533.8956822859074,NA,18.179487576038767,geo_region,1
NA,64,ornamentals,2021,NA,NA,r2,11,19.222097378277155,482.4878993830671,NA,19.222097378277155,geo_region,1
NA,64,ornamentals,2022,NA,NA,r2,11,3.8357558139534884,313.3104942475703,NA,3.8357558139534884,geo_region,1
NA,64,ornamentals,2023,NA,NA,r2,11,1.0384615384615385,267.14713099669086,NA,1.0384615384615385,geo_region,1
Gambia,65,fish_oil,2019,1242.38,362.28,r2,11,1.4760552140249767,4.173549943898697,0.2916016033741689,0.2916016033741689,none,0
Gambia,65,fish_oil,2020,740.54,108,r2,11,1.0056378755706212,8.734880162391821,0.14583952251060037,0.14583952251060037,none,0
Gambia,65,fish_oil,2021,480,68,r2,11,1.1470895464253457,9.479579859767002,0.14166666666666666,0.14166666666666666,none,0
Gambia,65,fish_oil,2022,633.29,151.22,r2,11,1.4663671035997392,9.100285927081373,0.2387847589571918,0.2387847589571918,none,0
Gambia,65,fish_oil,2023,283.71,95.04,r2,11,2.069567472696913,7.052039687792173,0.33498995453103525,0.33498995453103525,none,0
NA,65,seaweeds,2019,NA,NA,r2,11,34.87737232790993,12.69438158351965,NA,34.87737232790993,geo_region,1
NA,65,seaweeds,2020,NA,NA,r2,11,36.54010494752624,13.195661535326474,NA,36.54010494752624,geo_region,1
NA,65,seaweeds,2021,NA,NA,r2,11,0.8175,12.608422069047505,NA,0.8175,geo_region,1
NA,65,seaweeds,2022,NA,NA,r2,11,6.885705128205129,9.005880754555477,NA,6.885705128205129,geo_region,1
NA,65,seaweeds,2023,NA,NA,r2,11,4.89099358974359,10.475280391460174,NA,4.89099358974359,geo_region,1
NA,65,ornamentals,2019,NA,NA,r2,11,13.246650100353627,762.3986858156522,NA,13.246650100353627,geo_region,1
NA,65,ornamentals,2020,NA,NA,r2,11,18.179487576038767,533.8956822859074,NA,18.179487576038767,geo_region,1
NA,65,ornamentals,2021,NA,NA,r2,11,19.222097378277155,482.4878993830671,NA,19.222097378277155,geo_region,1
NA,65,ornamentals,2022,NA,NA,r2,11,3.8357558139534884,313.3104942475703,NA,3.8357558139534884,geo_region,1
NA,65,ornamentals,2023,NA,NA,r2,11,1.0384615384615385,267.14713099669086,NA,1.0384615384615385,geo_region,1
Senegal,66,fish_oil,2019,4836.23,3352.44,r2,11,1.4760552140249767,4.173549943898697,0.6931928382231615,0.6931928382231615,none,0
Senegal,66,fish_oil,2020,2812.54,3312.58,r2,11,1.0056378755706212,8.734880162391821,1.1777894714386283,1.1777894714386283,none,0
Senegal,66,fish_oil,2021,1351.56,1494.29,r2,11,1.1470895464253457,9.479579859767002,1.1056038947586493,1.1056038947586493,none,0
Senegal,66,fish_oil,2022,2388.21,2850.8,r2,11,1.4663671035997392,9.100285927081373,1.1936973716716706,1.1936973716716706,none,0
Senegal,66,fish_oil,2023,2107.13,3377.9700000000003,r2,11,2.069567472696913,7.052039687792173,1.6031141884933535,1.6031141884933535,none,0
Senegal,66,seaweeds,2019,17.3,51.3,r2,11,34.87737232790993,12.69438158351965,2.965317919075144,2.965317919075144,none,0
Senegal,66,seaweeds,2020,0,0,r2,11,36.54010494752624,13.195661535326474,NA,36.54010494752624,geo_region,1
Senegal,66,seaweeds,2021,0,0,r2,11,0.8175,12.608422069047505,NA,0.8175,geo_region,1
Senegal,66,seaweeds,2022,0.39,7.34,r2,11,6.885705128205129,9.005880754555477,18.82051282051282,18.82051282051282,none,0
Senegal,66,seaweeds,2023,1.2,13.01,r2,11,4.89099358974359,10.475280391460174,10.841666666666667,10.841666666666667,none,0
NA,66,ornamentals,2019,NA,NA,r2,11,13.246650100353627,762.3986858156522,NA,13.246650100353627,geo_region,1
NA,66,ornamentals,2020,NA,NA,r2,11,18.179487576038767,533.8956822859074,NA,18.179487576038767,geo_region,1
NA,66,ornamentals,2021,NA,NA,r2,11,19.222097378277155,482.4878993830671,NA,19.222097378277155,geo_region,1
NA,66,ornamentals,2022,NA,NA,r2,11,3.8357558139534884,313.3104942475703,NA,3.8357558139534884,geo_region,1
NA,66,ornamentals,2023,NA,NA,r2,11,1.0384615384615385,267.14713099669086,NA,1.0384615384615385,geo_region,1
Libya,67,ornamentals,2019,0,0,r2,15,2.6772366930917326,762.3986858156522,NA,2.6772366930917326,geo_region,1
Libya,67,ornamentals,2020,0,0,r2,15,0.368058319123782,533.8956822859074,NA,0.368058319123782,geo_region,1
Libya,67,ornamentals,2021,0,0,r2,15,8.205564718084808,482.4878993830671,NA,8.205564718084808,geo_region,1
Libya,67,ornamentals,2022,0,0,r2,15,7.891014999557552,313.3104942475703,NA,7.891014999557552,geo_region,1
Libya,67,ornamentals,2023,0,0,r2,15,12.937417651153485,267.14713099669086,NA,12.937417651153485,geo_region,1
NA,67,seaweeds,2019,NA,NA,r2,15,7.373491477328102,12.69438158351965,NA,7.373491477328102,geo_region,1
NA,67,seaweeds,2020,NA,NA,r2,15,8.514579935563333,13.195661535326474,NA,8.514579935563333,geo_region,1
NA,67,seaweeds,2021,NA,NA,r2,15,6.504992187094564,12.608422069047505,NA,6.504992187094564,geo_region,1
NA,67,seaweeds,2022,NA,NA,r2,15,5.81687459769867,9.005880754555477,NA,5.81687459769867,geo_region,1
NA,67,seaweeds,2023,NA,NA,r2,15,6.101478117552313,10.475280391460174,NA,6.101478117552313,geo_region,1
NA,67,fish_oil,2019,NA,NA,r2,15,1.7825488641525438,4.173549943898697,NA,1.7825488641525438,geo_region,1
NA,67,fish_oil,2020,NA,NA,r2,15,1.231115717341926,8.734880162391821,NA,1.231115717341926,geo_region,1
NA,67,fish_oil,2021,NA,NA,r2,15,2.1753688277089696,9.479579859767002,NA,2.1753688277089696,geo_region,1
NA,67,fish_oil,2022,NA,NA,r2,15,2.810645172715364,9.100285927081373,NA,2.810645172715364,geo_region,1
NA,67,fish_oil,2023,NA,NA,r2,15,4.887271109878033,7.052039687792173,NA,4.887271109878033,geo_region,1
Malta,68,fish_oil,2019,0,0,r2,39,3.5130878839029642,4.173549943898697,NA,3.5130878839029642,geo_region,1
Malta,68,fish_oil,2020,0.2,12.38,r2,39,12.688876901113854,8.734880162391821,61.9,61.9,none,0
Malta,68,fish_oil,2021,1.75,51.36,r2,39,12.963175178808166,9.479579859767002,29.34857142857143,29.34857142857143,none,0
Malta,68,fish_oil,2022,2.15,55.53,r2,39,9.038014004857267,9.100285927081373,25.82790697674419,25.82790697674419,none,0
Malta,68,fish_oil,2023,0.72,16.17,r2,39,13.977192957370363,7.052039687792173,22.458333333333336,22.458333333333336,none,0
Malta,68,seaweeds,2019,31.41,508.73,r2,39,18.937345952232842,12.69438158351965,16.196434256606178,16.196434256606178,none,0
Malta,68,seaweeds,2020,0,0,r2,39,15.232121707046842,13.195661535326474,NA,15.232121707046842,geo_region,1
Malta,68,seaweeds,2021,0,0.09,r2,39,22.258482257657008,12.608422069047505,NA,22.258482257657008,geo_region,1
Malta,68,seaweeds,2022,0,0,r2,39,15.950282976495712,9.005880754555477,NA,15.950282976495712,geo_region,1
Malta,68,seaweeds,2023,0,0,r2,39,24.79950988909789,10.475280391460174,NA,24.79950988909789,geo_region,1
NA,68,ornamentals,2019,NA,NA,r2,39,13.839026417897957,762.3986858156522,NA,13.839026417897957,geo_region,1
NA,68,ornamentals,2020,NA,NA,r2,39,13.28453454913226,533.8956822859074,NA,13.28453454913226,geo_region,1
NA,68,ornamentals,2021,NA,NA,r2,39,16.187521677881296,482.4878993830671,NA,16.187521677881296,geo_region,1
NA,68,ornamentals,2022,NA,NA,r2,39,12.258381992966504,313.3104942475703,NA,12.258381992966504,geo_region,1
NA,68,ornamentals,2023,NA,NA,r2,39,10.599927036875398,267.14713099669086,NA,10.599927036875398,geo_region,1
Latvia,69,fish_oil,2019,6173.26,6391.8,r2,154,3.713604198153352,4.173549943898697,1.0354010684792152,1.0354010684792152,none,0
Latvia,69,fish_oil,2020,8655.4,9131.3,r2,154,3.3550710938831796,8.734880162391821,1.0549830163828362,1.0549830163828362,none,0
Latvia,69,fish_oil,2021,9942.06,12125.81,r2,154,2.21169171000455,9.479579859767002,1.219647638416988,1.219647638416988,none,0
Latvia,69,fish_oil,2022,11305.81,16626.79,r2,154,2.9078841597276552,9.100285927081373,1.4706412012938481,1.4706412012938481,none,0
Latvia,69,fish_oil,2023,6187.72,17746.98,r2,154,5.234311551859661,7.052039687792173,2.868096811103282,2.868096811103282,none,0
Latvia,69,ornamentals,2019,0,0,r2,154,50.43147993643757,762.3986858156522,NA,50.43147993643757,geo_region,1
Latvia,69,ornamentals,2020,0,0,r2,154,47.564140449049454,533.8956822859074,NA,47.564140449049454,geo_region,1
Latvia,69,ornamentals,2021,0,0,r2,154,61.650525816802805,482.4878993830671,NA,61.650525816802805,geo_region,1
Latvia,69,ornamentals,2022,0,0,r2,154,45.0472064271001,313.3104942475703,NA,45.0472064271001,geo_region,1
Latvia,69,ornamentals,2023,0,0,r2,154,45.42595720888871,267.14713099669086,NA,45.42595720888871,geo_region,1
Latvia,69,seaweeds,2019,102.85,519.57,r2,154,10.029240233939625,12.69438158351965,5.05172581429266,5.05172581429266,none,0
Latvia,69,seaweeds,2020,84.91,474.88,r2,154,8.08059822539885,13.195661535326474,5.592745259686727,5.592745259686727,none,0
Latvia,69,seaweeds,2021,114.29,498.81000000000006,r2,154,6.877501948843852,12.608422069047505,4.364423834106221,4.364423834106221,none,0
Latvia,69,seaweeds,2022,290.05,633.68,r2,154,8.511875344318732,9.005880754555477,2.1847267712463365,2.1847267712463365,none,0
Latvia,69,seaweeds,2023,403.44,920.87,r2,154,5.9226356182180755,10.475280391460174,2.282545112036486,2.282545112036486,none,0
Estonia,70,fish_oil,2019,2036.16,3083.6,r2,154,3.713604198153352,4.173549943898697,1.5144192990727643,1.5144192990727643,none,0
Estonia,70,fish_oil,2020,2499.7999999999997,3848.52,r2,154,3.3550710938831796,8.734880162391821,1.5395311624929997,1.5395311624929997,none,0
Estonia,70,fish_oil,2021,2637.23,4580.110000000001,r2,154,2.21169171000455,9.479579859767002,1.7367123838269702,1.7367123838269702,none,0
Estonia,70,fish_oil,2022,3025.48,8408.89,r2,154,2.9078841597276552,9.100285927081373,2.7793573251186587,2.7793573251186587,none,0
Estonia,70,fish_oil,2023,3886.21,17059.71,r2,154,5.234311551859661,7.052039687792173,4.389806521006327,4.389806521006327,none,0
Estonia,70,seaweeds,2019,0.39,14.29,r2,154,10.029240233939625,12.69438158351965,36.641025641025635,36.641025641025635,none,0
Estonia,70,seaweeds,2020,1.11,39.92,r2,154,8.08059822539885,13.195661535326474,35.96396396396396,35.96396396396396,none,0
Estonia,70,seaweeds,2021,3.24,35.49,r2,154,6.877501948843852,12.608422069047505,10.953703703703704,10.953703703703704,none,0
Estonia,70,seaweeds,2022,0.91,26.73,r2,154,8.511875344318732,9.005880754555477,29.373626373626372,29.373626373626372,none,0
Estonia,70,seaweeds,2023,5.4,40.83,r2,154,5.9226356182180755,10.475280391460174,7.56111111111111,7.56111111111111,none,0
NA,70,ornamentals,2019,NA,NA,r2,154,50.43147993643757,762.3986858156522,NA,50.43147993643757,geo_region,1
NA,70,ornamentals,2020,NA,NA,r2,154,47.564140449049454,533.8956822859074,NA,47.564140449049454,geo_region,1
NA,70,ornamentals,2021,NA,NA,r2,154,61.650525816802805,482.4878993830671,NA,61.650525816802805,geo_region,1
NA,70,ornamentals,2022,NA,NA,r2,154,45.0472064271001,313.3104942475703,NA,45.0472064271001,geo_region,1
NA,70,ornamentals,2023,NA,NA,r2,154,45.42595720888871,267.14713099669086,NA,45.42595720888871,geo_region,1
Bulgaria,71,fish_oil,2019,0.64,12.78,r2,151,6.044958353463389,4.173549943898697,19.96875,19.96875,none,0
Bulgaria,71,fish_oil,2020,0,0,r2,151,4.020388097391727,8.734880162391821,NA,4.020388097391727,geo_region,1
Bulgaria,71,fish_oil,2021,1.3,27.32,r2,151,6.420677523384552,9.479579859767002,21.015384615384615,21.015384615384615,none,0
Bulgaria,71,fish_oil,2022,11.45384393400127,0.03,r2,151,2.6989613640663177,9.100285927081373,0.0026192080294497114,0.0026192080294497114,none,0
Bulgaria,71,fish_oil,2023,0.21,4.01,r2,151,7.74290803680388,7.052039687792173,19.095238095238095,19.095238095238095,none,0
Bulgaria,71,ornamentals,2019,197.26,432.29,r2,151,7.253270467009689,762.3986858156522,2.191473182601643,2.191473182601643,none,0
Bulgaria,71,ornamentals,2020,414.68,762.13,r2,151,5.3725762259097785,533.8956822859074,1.8378749879425098,1.8378749879425098,none,0
Bulgaria,71,ornamentals,2021,349.15,661.97,r2,151,2.36047365029357,482.4878993830671,1.8959473005871403,1.8959473005871403,none,0
Bulgaria,71,ornamentals,2022,178.98,346.88,r2,151,8.21904682087384,313.3104942475703,1.9380936417476813,1.9380936417476813,none,0
Bulgaria,71,ornamentals,2023,178.98,346.88,r2,151,6.534920102804783,267.14713099669086,1.9380936417476813,1.9380936417476813,none,0
Bulgaria,71,seaweeds,2019,33.75,225.96999999999997,r2,151,9.082555798344591,12.69438158351965,6.695407407407407,6.695407407407407,none,0
Bulgaria,71,seaweeds,2020,52.9,322.07,r2,151,13.166169864496617,13.195661535326474,6.0882797731569,6.0882797731569,none,0
Bulgaria,71,seaweeds,2021,64.09,614.62,r2,151,14.438182640161653,12.608422069047505,9.58995163051958,9.58995163051958,none,0
Bulgaria,71,seaweeds,2022,84.93,432.17,r2,151,10.664751649090984,9.005880754555477,5.088543506417049,5.088543506417049,none,0
Bulgaria,71,seaweeds,2023,118.39,533.29,r2,151,7.99302718497083,10.475280391460174,4.504518962750232,4.504518962750232,none,0
Romania,72,fish_oil,2019,105.26,289.44,r2,151,6.044958353463389,4.173549943898697,2.749762492874786,2.749762492874786,none,0
Romania,72,fish_oil,2020,78.03999999999999,379.08,r2,151,4.020388097391727,8.734880162391821,4.857508969759098,4.857508969759098,none,0
Romania,72,fish_oil,2021,70.97999999999999,276,r2,151,6.420677523384552,9.479579859767002,3.8884192730346583,3.8884192730346583,none,0
Romania,72,fish_oil,2022,54.209999999999994,273.38,r2,151,2.6989613640663177,9.100285927081373,5.042980999815533,5.042980999815533,none,0
Romania,72,fish_oil,2023,28.2,348.07,r2,151,7.74290803680388,7.052039687792173,12.34290780141844,12.34290780141844,none,0
Romania,72,ornamentals,2019,16.52,214.15,r2,151,7.253270467009689,762.3986858156522,12.963075060532688,12.963075060532688,none,0
Romania,72,ornamentals,2020,4.1657073220639145,45.6,r2,151,5.3725762259097785,533.8956822859074,10.946520356453492,10.946520356453492,none,0
Romania,72,ornamentals,2021,0,0,r2,151,2.36047365029357,482.4878993830671,NA,2.36047365029357,geo_region,1
Romania,72,ornamentals,2022,0,0,r2,151,8.21904682087384,313.3104942475703,NA,8.21904682087384,geo_region,1
Romania,72,ornamentals,2023,0.03,0.2,r2,151,6.534920102804783,267.14713099669086,6.666666666666667,6.666666666666667,none,0
Romania,72,seaweeds,2019,0.33999999999999997,7.81,r2,151,9.082555798344591,12.69438158351965,22.97058823529412,22.97058823529412,none,0
Romania,72,seaweeds,2020,0.21,8.83,r2,151,13.166169864496617,13.195661535326474,42.04761904761905,42.04761904761905,none,0
Romania,72,seaweeds,2021,0.71,29.94,r2,151,14.438182640161653,12.608422069047505,42.16901408450705,42.16901408450705,none,0
Romania,72,seaweeds,2022,0.81,17.46,r2,151,10.664751649090984,9.005880754555477,21.555555555555554,21.555555555555554,none,0
Romania,72,seaweeds,2023,1.9,28.04,r2,151,7.99302718497083,10.475280391460174,14.757894736842106,14.757894736842106,none,0
Russia,73,fish_oil,2019,312,661,r2,151,6.044958353463389,4.173549943898697,2.1185897435897436,2.1185897435897436,none,0
Russia,73,fish_oil,2020,3165,3742,r2,151,4.020388097391727,8.734880162391821,1.182306477093207,1.182306477093207,none,0
Russia,73,fish_oil,2021,3836,6228,r2,151,6.420677523384552,9.479579859767002,1.6235662148070906,1.6235662148070906,none,0
Russia,73,fish_oil,2022,2766.16,3802.51,r2,151,2.6989613640663177,9.100285927081373,1.3746529484917722,1.3746529484917722,none,0
Russia,73,fish_oil,2023,8792.02,21880.31,r2,151,7.74290803680388,7.052039687792173,2.488655621802498,2.488655621802498,none,0
Russia,73,seaweeds,2019,468,3004,r2,151,9.082555798344591,12.69438158351965,6.418803418803419,6.418803418803419,none,0
Russia,73,seaweeds,2020,560,3750,r2,151,13.166169864496617,13.195661535326474,6.696428571428571,6.696428571428571,none,0
Russia,73,seaweeds,2021,793,5352,r2,151,14.438182640161653,12.608422069047505,6.749054224464061,6.749054224464061,none,0
Russia,73,seaweeds,2022,421.12,3880.31,r2,151,10.664751649090984,9.005880754555477,9.214261968085106,9.214261968085106,none,0
Russia,73,seaweeds,2023,268.58,2848.71,r2,151,7.99302718497083,10.475280391460174,10.606560428922482,10.606560428922482,none,0
NA,73,ornamentals,2019,NA,NA,r2,151,7.253270467009689,762.3986858156522,NA,7.253270467009689,geo_region,1
NA,73,ornamentals,2020,NA,NA,r2,151,5.3725762259097785,533.8956822859074,NA,5.3725762259097785,geo_region,1
NA,73,ornamentals,2021,NA,NA,r2,151,2.36047365029357,482.4878993830671,NA,2.36047365029357,geo_region,1
NA,73,ornamentals,2022,NA,NA,r2,151,8.21904682087384,313.3104942475703,NA,8.21904682087384,geo_region,1
NA,73,ornamentals,2023,NA,NA,r2,151,6.534920102804783,267.14713099669086,NA,6.534920102804783,geo_region,1
Georgia,74,fish_oil,2019,3086.53,5077.08,r2,145,2.9499054849198525,4.173549943898697,1.644915163630355,1.644915163630355,none,0
Georgia,74,fish_oil,2020,9587.25,17150.92,r2,145,55.41276923723147,8.734880162391821,1.7889300894417062,1.7889300894417062,none,0
Georgia,74,fish_oil,2021,5405.01,9830.85,r2,145,59.00740656851673,9.479579859767002,1.818840298167811,1.818840298167811,none,0
Georgia,74,fish_oil,2022,4518.29,11526.52,r2,145,55.591812672190194,9.100285927081373,2.551080165283769,2.551080165283769,none,0
Georgia,74,fish_oil,2023,3760.51,15710.76,r2,145,14.75590872216053,7.052039687792173,4.1778269436858295,4.1778269436858295,none,0
Georgia,74,seaweeds,2019,0.5,1.4,r2,145,9.211885795598922,12.69438158351965,2.8,2.8,none,0
Georgia,74,seaweeds,2020,0,0,r2,145,13.054814707322212,13.195661535326474,NA,13.054814707322212,geo_region,1
Georgia,74,seaweeds,2021,0.4,2.25,r2,145,10.010092416212007,12.608422069047505,5.625,5.625,none,0
Georgia,74,seaweeds,2022,0.2,1.09,r2,145,11.869973789113288,9.005880754555477,5.45,5.45,none,0
Georgia,74,seaweeds,2023,0.2,1.09,r2,145,10.980913167548522,10.475280391460174,5.45,5.45,none,0
NA,74,ornamentals,2019,NA,NA,r2,145,689.5303074939351,762.3986858156522,NA,689.5303074939351,geo_region,1
NA,74,ornamentals,2020,NA,NA,r2,145,1.8476207219878105,533.8956822859074,NA,1.8476207219878105,geo_region,1
NA,74,ornamentals,2021,NA,NA,r2,145,140.4681937304791,482.4878993830671,NA,140.4681937304791,geo_region,1
NA,74,ornamentals,2022,NA,NA,r2,145,55.428753615754005,313.3104942475703,NA,55.428753615754005,geo_region,1
NA,74,ornamentals,2023,NA,NA,r2,145,3.847756898986307,267.14713099669086,NA,3.847756898986307,geo_region,1
Ukraine,75,fish_oil,2019,3.96,9.97,r2,151,6.044958353463389,4.173549943898697,2.5176767676767677,2.5176767676767677,none,0
Ukraine,75,fish_oil,2020,0.09,0.73,r2,151,4.020388097391727,8.734880162391821,8.11111111111111,8.11111111111111,none,0
Ukraine,75,fish_oil,2021,0.49,1.89,r2,151,6.420677523384552,9.479579859767002,3.857142857142857,3.857142857142857,none,0
Ukraine,75,fish_oil,2022,1.52,7.26,r2,151,2.6989613640663177,9.100285927081373,4.776315789473684,4.776315789473684,none,0
Ukraine,75,fish_oil,2023,3.13,5.94,r2,151,7.74290803680388,7.052039687792173,1.8977635782747606,1.8977635782747606,none,0
Ukraine,75,seaweeds,2019,39.91,195.25,r2,151,9.082555798344591,12.69438158351965,4.892257579553997,4.892257579553997,none,0
Ukraine,75,seaweeds,2020,42.84,226.25,r2,151,13.166169864496617,13.195661535326474,5.281279178338002,5.281279178338002,none,0
Ukraine,75,seaweeds,2021,38.16,329.83,r2,151,14.438182640161653,12.608422069047505,8.643343815513628,8.643343815513628,none,0
Ukraine,75,seaweeds,2022,20.72,112.66,r2,151,10.664751649090984,9.005880754555477,5.437258687258687,5.437258687258687,none,0
Ukraine,75,seaweeds,2023,21.01,125.87,r2,151,7.99302718497083,10.475280391460174,5.9909566872917654,5.9909566872917654,none,0
NA,75,ornamentals,2019,NA,NA,r2,151,7.253270467009689,762.3986858156522,NA,7.253270467009689,geo_region,1
NA,75,ornamentals,2020,NA,NA,r2,151,5.3725762259097785,533.8956822859074,NA,5.3725762259097785,geo_region,1
NA,75,ornamentals,2021,NA,NA,r2,151,2.36047365029357,482.4878993830671,NA,2.36047365029357,geo_region,1
NA,75,ornamentals,2022,NA,NA,r2,151,8.21904682087384,313.3104942475703,NA,8.21904682087384,geo_region,1
NA,75,ornamentals,2023,NA,NA,r2,151,6.534920102804783,267.14713099669086,NA,6.534920102804783,geo_region,1
Turkey,76,fish_oil,2019,7296.84,13067.77,r2,145,2.9499054849198525,4.173549943898697,1.7908807100059752,1.7908807100059752,none,0
Turkey,76,fish_oil,2020,16968.37,32463.69,r2,145,55.41276923723147,8.734880162391821,1.9131884795062815,1.9131884795062815,none,0
Turkey,76,fish_oil,2021,6896.91,15285.240000000002,r2,145,59.00740656851673,9.479579859767002,2.216244666089597,2.216244666089597,none,0
Turkey,76,fish_oil,2022,13328.03,39635.14,r2,145,55.591812672190194,9.100285927081373,2.9738183362432404,2.9738183362432404,none,0
Turkey,76,fish_oil,2023,7083.62,42763.58,r2,145,14.75590872216053,7.052039687792173,6.036966974513032,6.036966974513032,none,0
Turkey,76,ornamentals,2019,0.1,33.21,r2,145,689.5303074939351,762.3986858156522,332.09999999999997,332.09999999999997,none,0
Turkey,76,ornamentals,2020,2.16,5.52,r2,145,1.8476207219878105,533.8956822859074,2.5555555555555554,2.5555555555555554,none,0
Turkey,76,ornamentals,2021,4.51,76.37,r2,145,140.4681937304791,482.4878993830671,16.933481152993348,16.933481152993348,none,0
Turkey,76,ornamentals,2022,4.71,494.49,r2,145,55.428753615754005,313.3104942475703,104.98726114649682,104.98726114649682,none,0
Turkey,76,ornamentals,2023,2.19,13.66,r2,145,3.847756898986307,267.14713099669086,6.23744292237443,6.23744292237443,none,0
Turkey,76,seaweeds,2019,2.3299999999999996,7.83,r2,145,9.211885795598922,12.69438158351965,3.360515021459228,3.360515021459228,none,0
Turkey,76,seaweeds,2020,4.21,16.01,r2,145,13.054814707322212,13.195661535326474,3.8028503562945373,3.8028503562945373,none,0
Turkey,76,seaweeds,2021,130.05,260.61,r2,145,10.010092416212007,12.608422069047505,2.003921568627451,2.003921568627451,none,0
Turkey,76,seaweeds,2022,77.33,205.37,r2,145,11.869973789113288,9.005880754555477,2.655761024182077,2.655761024182077,none,0
Turkey,76,seaweeds,2023,65.89999999999999,268.28000000000003,r2,145,10.980913167548522,10.475280391460174,4.071016691957512,4.071016691957512,none,0
Syria,77,ornamentals,2019,1.246562602087721,5.79,r2,145,689.5303074939351,762.3986858156522,4.644772745711295,4.644772745711295,none,0
Syria,77,ornamentals,2020,0,0,r2,145,1.8476207219878105,533.8956822859074,NA,1.8476207219878105,geo_region,1
Syria,77,ornamentals,2021,2.18734843291341,35.93,r2,145,140.4681937304791,482.4878993830671,16.426280998196297,16.426280998196297,none,0
Syria,77,ornamentals,2022,0,0,r2,145,55.428753615754005,313.3104942475703,NA,55.428753615754005,geo_region,1
Syria,77,ornamentals,2023,0,0,r2,145,3.847756898986307,267.14713099669086,NA,3.847756898986307,geo_region,1
Syria,77,seaweeds,2019,0,0,r2,145,9.211885795598922,12.69438158351965,NA,9.211885795598922,geo_region,1
Syria,77,seaweeds,2020,0.42,0.44,r2,145,13.054814707322212,13.195661535326474,1.0476190476190477,1.0476190476190477,none,0
Syria,77,seaweeds,2021,0,0,r2,145,10.010092416212007,12.608422069047505,NA,10.010092416212007,geo_region,1
Syria,77,seaweeds,2022,24.89,38.71,r2,145,11.869973789113288,9.005880754555477,1.5552430695058257,1.5552430695058257,none,0
Syria,77,seaweeds,2023,0.18,0.37,r2,145,10.980913167548522,10.475280391460174,2.055555555555556,2.055555555555556,none,0
NA,77,fish_oil,2019,NA,NA,r2,145,2.9499054849198525,4.173549943898697,NA,2.9499054849198525,geo_region,1
NA,77,fish_oil,2020,NA,NA,r2,145,55.41276923723147,8.734880162391821,NA,55.41276923723147,geo_region,1
NA,77,fish_oil,2021,NA,NA,r2,145,59.00740656851673,9.479579859767002,NA,59.00740656851673,geo_region,1
NA,77,fish_oil,2022,NA,NA,r2,145,55.591812672190194,9.100285927081373,NA,55.591812672190194,geo_region,1
NA,77,fish_oil,2023,NA,NA,r2,145,14.75590872216053,7.052039687792173,NA,14.75590872216053,geo_region,1
Lebanon,78,fish_oil,2019,0,0,r2,145,2.9499054849198525,4.173549943898697,NA,2.9499054849198525,geo_region,1
Lebanon,78,fish_oil,2020,0,0,r2,145,55.41276923723147,8.734880162391821,NA,55.41276923723147,geo_region,1
Lebanon,78,fish_oil,2021,0,0,r2,145,59.00740656851673,9.479579859767002,NA,59.00740656851673,geo_region,1
Lebanon,78,fish_oil,2022,0,0,r2,145,55.591812672190194,9.100285927081373,NA,55.591812672190194,geo_region,1
Lebanon,78,fish_oil,2023,0,0,r2,145,14.75590872216053,7.052039687792173,NA,14.75590872216053,geo_region,1
Lebanon,78,ornamentals,2019,0,0,r2,145,689.5303074939351,762.3986858156522,NA,689.5303074939351,geo_region,1
Lebanon,78,ornamentals,2020,4.74,3.35,r2,145,1.8476207219878105,533.8956822859074,0.7067510548523207,0.7067510548523207,none,0
Lebanon,78,ornamentals,2021,2.88,2.45,r2,145,140.4681937304791,482.4878993830671,0.8506944444444445,0.8506944444444445,none,0
Lebanon,78,ornamentals,2022,0,0,r2,145,55.428753615754005,313.3104942475703,NA,55.428753615754005,geo_region,1
Lebanon,78,ornamentals,2023,0.8108503279092554,0.46,r2,145,3.847756898986307,267.14713099669086,0.5673056841280331,0.5673056841280331,none,0
Lebanon,78,seaweeds,2019,0.5,16.41,r2,145,9.211885795598922,12.69438158351965,32.82,32.82,none,0
Lebanon,78,seaweeds,2020,0.1253125,3.06,r2,145,13.054814707322212,13.195661535326474,24.41895261845387,24.41895261845387,none,0
Lebanon,78,seaweeds,2021,1.62875,22.4,r2,145,10.010092416212007,12.608422069047505,13.75287797390637,13.75287797390637,none,0
Lebanon,78,seaweeds,2022,2.3173958333333333,20.48,r2,145,11.869973789113288,9.005880754555477,8.83750618060862,8.83750618060862,none,0
Lebanon,78,seaweeds,2023,1.3973958333333334,5.53,r2,145,10.980913167548522,10.475280391460174,3.957361162877376,3.957361162877376,none,0
Israel,79,fish_oil,2019,27.01250700947849,7,r2,145,2.9499054849198525,4.173549943898697,0.2591392201228768,0.2591392201228768,none,0
Israel,79,fish_oil,2020,1,374,r2,145,55.41276923723147,8.734880162391821,374,374,none,0
Israel,79,fish_oil,2021,0.23,89,r2,145,59.00740656851673,9.479579859767002,386.95652173913044,386.95652173913044,none,0
Israel,79,fish_oil,2022,1.48,475,r2,145,55.591812672190194,9.100285927081373,320.94594594594594,320.94594594594594,none,0
Israel,79,fish_oil,2023,11.77,775,r2,145,14.75590872216053,7.052039687792173,65.84536958368734,65.84536958368734,none,0
Israel,79,ornamentals,2019,0.03,93,r2,145,689.5303074939351,762.3986858156522,3100,3100,none,0
Israel,79,ornamentals,2020,0,0,r2,145,1.8476207219878105,533.8956822859074,NA,1.8476207219878105,geo_region,1
Israel,79,ornamentals,2021,6.134658354230993,183,r2,145,140.4681937304791,482.4878993830671,29.830512056761453,29.830512056761453,none,0
Israel,79,ornamentals,2022,0,0,r2,145,55.428753615754005,313.3104942475703,NA,55.428753615754005,geo_region,1
Israel,79,ornamentals,2023,0,0,r2,145,3.847756898986307,267.14713099669086,NA,3.847756898986307,geo_region,1
Israel,79,seaweeds,2019,2971.81,3407,r2,145,9.211885795598922,12.69438158351965,1.146439375330186,1.146439375330186,none,0
Israel,79,seaweeds,2020,1781.87,3876,r2,145,13.054814707322212,13.195661535326474,2.1752428628351117,2.1752428628351117,none,0
Israel,79,seaweeds,2021,249.51,1592,r2,145,10.010092416212007,12.608422069047505,6.380505791351048,6.380505791351048,none,0
Israel,79,seaweeds,2022,248.59,1353,r2,145,11.869973789113288,9.005880754555477,5.442696810008448,5.442696810008448,none,0
Israel,79,seaweeds,2023,179.76,828.0899999999999,r2,145,10.980913167548522,10.475280391460174,4.606642189586115,4.606642189586115,none,0
Greece,80,fish_oil,2019,534.93,773.05,r2,39,3.5130878839029642,4.173549943898697,1.4451423550744957,1.4451423550744957,none,0
Greece,80,fish_oil,2020,335.09,515.4,r2,39,12.688876901113854,8.734880162391821,1.5380942433376108,1.5380942433376108,none,0
Greece,80,fish_oil,2021,13.53,480.98,r2,39,12.963175178808166,9.479579859767002,35.54915003695492,35.54915003695492,none,0
Greece,80,fish_oil,2022,36.970000000000006,287.90999999999997,r2,39,9.038014004857267,9.100285927081373,7.787665674871516,7.787665674871516,none,0
Greece,80,fish_oil,2023,15.72,842.5400000000001,r2,39,13.977192957370363,7.052039687792173,53.59669211195929,53.59669211195929,none,0
Greece,80,ornamentals,2019,0,0,r2,39,13.839026417897957,762.3986858156522,NA,13.839026417897957,geo_region,1
Greece,80,ornamentals,2020,0,0,r2,39,13.28453454913226,533.8956822859074,NA,13.28453454913226,geo_region,1
Greece,80,ornamentals,2021,0,0,r2,39,16.187521677881296,482.4878993830671,NA,16.187521677881296,geo_region,1
Greece,80,ornamentals,2022,0,0,r2,39,12.258381992966504,313.3104942475703,NA,12.258381992966504,geo_region,1
Greece,80,ornamentals,2023,0,0,r2,39,10.599927036875398,267.14713099669086,NA,10.599927036875398,geo_region,1
Greece,80,seaweeds,2019,9.91,185.15,r2,39,18.937345952232842,12.69438158351965,18.683148335015137,18.683148335015137,none,0
Greece,80,seaweeds,2020,10.73,193.12,r2,39,15.232121707046842,13.195661535326474,17.998136067101584,17.998136067101584,none,0
Greece,80,seaweeds,2021,23.14,222.03,r2,39,22.258482257657008,12.608422069047505,9.595073465859983,9.595073465859983,none,0
Greece,80,seaweeds,2022,21.51,483.04,r2,39,15.950282976495712,9.005880754555477,22.456531845653185,22.456531845653185,none,0
Greece,80,seaweeds,2023,18.25,456.37,r2,39,24.79950988909789,10.475280391460174,25.006575342465755,25.006575342465755,none,0
Cyprus,81,fish_oil,2019,0,0,r2,145,2.9499054849198525,4.173549943898697,NA,2.9499054849198525,geo_region,1
Cyprus,81,fish_oil,2020,0,0,r2,145,55.41276923723147,8.734880162391821,NA,55.41276923723147,geo_region,1
Cyprus,81,fish_oil,2021,0.02,0.25,r2,145,59.00740656851673,9.479579859767002,12.5,12.5,none,0
Cyprus,81,fish_oil,2022,0,0,r2,145,55.591812672190194,9.100285927081373,NA,55.591812672190194,geo_region,1
Cyprus,81,fish_oil,2023,0,0,r2,145,14.75590872216053,7.052039687792173,NA,14.75590872216053,geo_region,1
Cyprus,81,seaweeds,2019,0.4218460637125497,0.14,r2,145,9.211885795598922,12.69438158351965,0.3318746150382417,0.3318746150382417,none,0
Cyprus,81,seaweeds,2020,0.03,0.71,r2,145,13.054814707322212,13.195661535326474,23.666666666666668,23.666666666666668,none,0
Cyprus,81,seaweeds,2021,0,0,r2,145,10.010092416212007,12.608422069047505,NA,10.010092416212007,geo_region,1
Cyprus,81,seaweeds,2022,0.29,10.88,r2,145,11.869973789113288,9.005880754555477,37.51724137931035,37.51724137931035,none,0
Cyprus,81,seaweeds,2023,0.29,10.88,r2,145,10.980913167548522,10.475280391460174,37.51724137931035,37.51724137931035,none,0
NA,81,ornamentals,2019,NA,NA,r2,145,689.5303074939351,762.3986858156522,NA,689.5303074939351,geo_region,1
NA,81,ornamentals,2020,NA,NA,r2,145,1.8476207219878105,533.8956822859074,NA,1.8476207219878105,geo_region,1
NA,81,ornamentals,2021,NA,NA,r2,145,140.4681937304791,482.4878993830671,NA,140.4681937304791,geo_region,1
NA,81,ornamentals,2022,NA,NA,r2,145,55.428753615754005,313.3104942475703,NA,55.428753615754005,geo_region,1
NA,81,ornamentals,2023,NA,NA,r2,145,3.847756898986307,267.14713099669086,NA,3.847756898986307,geo_region,1
Albania,82,ornamentals,2019,0,0,r2,39,13.839026417897957,762.3986858156522,NA,13.839026417897957,geo_region,1
Albania,82,ornamentals,2020,0,0,r2,39,13.28453454913226,533.8956822859074,NA,13.28453454913226,geo_region,1
Albania,82,ornamentals,2021,0,0,r2,39,16.187521677881296,482.4878993830671,NA,16.187521677881296,geo_region,1
Albania,82,ornamentals,2022,0,0,r2,39,12.258381992966504,313.3104942475703,NA,12.258381992966504,geo_region,1
Albania,82,ornamentals,2023,0,0,r2,39,10.599927036875398,267.14713099669086,NA,10.599927036875398,geo_region,1
Albania,82,seaweeds,2019,0.12,4.46,r2,39,18.937345952232842,12.69438158351965,37.166666666666664,37.166666666666664,none,0
Albania,82,seaweeds,2020,0.33,1.65,r2,39,15.232121707046842,13.195661535326474,4.999999999999999,4.999999999999999,none,0
Albania,82,seaweeds,2021,0.05,1.9,r2,39,22.258482257657008,12.608422069047505,37.99999999999999,37.99999999999999,none,0
Albania,82,seaweeds,2022,0,0.07,r2,39,15.950282976495712,9.005880754555477,NA,15.950282976495712,geo_region,1
Albania,82,seaweeds,2023,0.04,2.13,r2,39,24.79950988909789,10.475280391460174,53.24999999999999,53.24999999999999,none,0
NA,82,fish_oil,2019,NA,NA,r2,39,3.5130878839029642,4.173549943898697,NA,3.5130878839029642,geo_region,1
NA,82,fish_oil,2020,NA,NA,r2,39,12.688876901113854,8.734880162391821,NA,12.688876901113854,geo_region,1
NA,82,fish_oil,2021,NA,NA,r2,39,12.963175178808166,9.479579859767002,NA,12.963175178808166,geo_region,1
NA,82,fish_oil,2022,NA,NA,r2,39,9.038014004857267,9.100285927081373,NA,9.038014004857267,geo_region,1
NA,82,fish_oil,2023,NA,NA,r2,39,13.977192957370363,7.052039687792173,NA,13.977192957370363,geo_region,1
Algeria,84,ornamentals,2019,0,0,r2,15,2.6772366930917326,762.3986858156522,NA,2.6772366930917326,geo_region,1
Algeria,84,ornamentals,2020,0,0,r2,15,0.368058319123782,533.8956822859074,NA,0.368058319123782,geo_region,1
Algeria,84,ornamentals,2021,0,0,r2,15,8.205564718084808,482.4878993830671,NA,8.205564718084808,geo_region,1
Algeria,84,ornamentals,2022,0,0,r2,15,7.891014999557552,313.3104942475703,NA,7.891014999557552,geo_region,1
Algeria,84,ornamentals,2023,0,0,r2,15,12.937417651153485,267.14713099669086,NA,12.937417651153485,geo_region,1
NA,84,seaweeds,2019,NA,NA,r2,15,7.373491477328102,12.69438158351965,NA,7.373491477328102,geo_region,1
NA,84,seaweeds,2020,NA,NA,r2,15,8.514579935563333,13.195661535326474,NA,8.514579935563333,geo_region,1
NA,84,seaweeds,2021,NA,NA,r2,15,6.504992187094564,12.608422069047505,NA,6.504992187094564,geo_region,1
NA,84,seaweeds,2022,NA,NA,r2,15,5.81687459769867,9.005880754555477,NA,5.81687459769867,geo_region,1
NA,84,seaweeds,2023,NA,NA,r2,15,6.101478117552313,10.475280391460174,NA,6.101478117552313,geo_region,1
NA,84,fish_oil,2019,NA,NA,r2,15,1.7825488641525438,4.173549943898697,NA,1.7825488641525438,geo_region,1
NA,84,fish_oil,2020,NA,NA,r2,15,1.231115717341926,8.734880162391821,NA,1.231115717341926,geo_region,1
NA,84,fish_oil,2021,NA,NA,r2,15,2.1753688277089696,9.479579859767002,NA,2.1753688277089696,geo_region,1
NA,84,fish_oil,2022,NA,NA,r2,15,2.810645172715364,9.100285927081373,NA,2.810645172715364,geo_region,1
NA,84,fish_oil,2023,NA,NA,r2,15,4.887271109878033,7.052039687792173,NA,4.887271109878033,geo_region,1
Ascension,85,ornamentals,2019,0,0,NA,NA,200.9768418030223,762.3986858156522,NA,200.9768418030223,geo_region,1
Ascension,85,ornamentals,2020,0,0,NA,NA,584.9666258893922,533.8956822859074,NA,584.9666258893922,geo_region,1
Ascension,85,ornamentals,2021,0,0,NA,NA,718.4772831885801,482.4878993830671,NA,718.4772831885801,geo_region,1
Ascension,85,ornamentals,2022,0,0,NA,NA,119.35197331496364,313.3104942475703,NA,119.35197331496364,geo_region,1
Ascension,85,ornamentals,2023,0,0,NA,NA,81.34777639315145,267.14713099669086,NA,81.34777639315145,geo_region,1
NA,85,seaweeds,2019,NA,NA,NA,NA,7.721455306187844,12.69438158351965,NA,7.721455306187844,geo_region,1
NA,85,seaweeds,2020,NA,NA,NA,NA,13.415586823971827,13.195661535326474,NA,13.415586823971827,geo_region,1
NA,85,seaweeds,2021,NA,NA,NA,NA,35.35252514707192,12.608422069047505,NA,35.35252514707192,geo_region,1
NA,85,seaweeds,2022,NA,NA,NA,NA,35.09600963246095,9.005880754555477,NA,35.09600963246095,geo_region,1
NA,85,seaweeds,2023,NA,NA,NA,NA,39.335083874458874,10.475280391460174,NA,39.335083874458874,geo_region,1
NA,85,fish_oil,2019,NA,NA,NA,NA,1.4235776800097977,4.173549943898697,NA,1.4235776800097977,geo_region,1
NA,85,fish_oil,2020,NA,NA,NA,NA,1.587472022331214,8.734880162391821,NA,1.587472022331214,geo_region,1
NA,85,fish_oil,2021,NA,NA,NA,NA,1.7024125352346209,9.479579859767002,NA,1.7024125352346209,geo_region,1
NA,85,fish_oil,2022,NA,NA,NA,NA,1.6479230480227982,9.100285927081373,NA,1.6479230480227982,geo_region,1
NA,85,fish_oil,2023,NA,NA,NA,NA,5.563146475908016,7.052039687792173,NA,5.563146475908016,geo_region,1
Saint Helena,86,ornamentals,2019,0,0,r2,154,50.43147993643757,762.3986858156522,NA,50.43147993643757,geo_region,1
Saint Helena,86,ornamentals,2020,0,0,r2,154,47.564140449049454,533.8956822859074,NA,47.564140449049454,geo_region,1
Saint Helena,86,ornamentals,2021,0,0,r2,154,61.650525816802805,482.4878993830671,NA,61.650525816802805,geo_region,1
Saint Helena,86,ornamentals,2022,0,0,r2,154,45.0472064271001,313.3104942475703,NA,45.0472064271001,geo_region,1
Saint Helena,86,ornamentals,2023,0,0,r2,154,45.42595720888871,267.14713099669086,NA,45.42595720888871,geo_region,1
NA,86,seaweeds,2019,NA,NA,r2,154,10.029240233939625,12.69438158351965,NA,10.029240233939625,geo_region,1
NA,86,seaweeds,2020,NA,NA,r2,154,8.08059822539885,13.195661535326474,NA,8.08059822539885,geo_region,1
NA,86,seaweeds,2021,NA,NA,r2,154,6.877501948843852,12.608422069047505,NA,6.877501948843852,geo_region,1
NA,86,seaweeds,2022,NA,NA,r2,154,8.511875344318732,9.005880754555477,NA,8.511875344318732,geo_region,1
NA,86,seaweeds,2023,NA,NA,r2,154,5.9226356182180755,10.475280391460174,NA,5.9226356182180755,geo_region,1
NA,86,fish_oil,2019,NA,NA,r2,154,3.713604198153352,4.173549943898697,NA,3.713604198153352,geo_region,1
NA,86,fish_oil,2020,NA,NA,r2,154,3.3550710938831796,8.734880162391821,NA,3.3550710938831796,geo_region,1
NA,86,fish_oil,2021,NA,NA,r2,154,2.21169171000455,9.479579859767002,NA,2.21169171000455,geo_region,1
NA,86,fish_oil,2022,NA,NA,r2,154,2.9078841597276552,9.100285927081373,NA,2.9078841597276552,geo_region,1
NA,86,fish_oil,2023,NA,NA,r2,154,5.234311551859661,7.052039687792173,NA,5.234311551859661,geo_region,1
Tristan da Cunha,88,ornamentals,2019,0,0,NA,NA,200.9768418030223,762.3986858156522,NA,200.9768418030223,geo_region,1
Tristan da Cunha,88,ornamentals,2020,0,0,NA,NA,584.9666258893922,533.8956822859074,NA,584.9666258893922,geo_region,1
Tristan da Cunha,88,ornamentals,2021,0,0,NA,NA,718.4772831885801,482.4878993830671,NA,718.4772831885801,geo_region,1
Tristan da Cunha,88,ornamentals,2022,0,0,NA,NA,119.35197331496364,313.3104942475703,NA,119.35197331496364,geo_region,1
Tristan da Cunha,88,ornamentals,2023,0,0,NA,NA,81.34777639315145,267.14713099669086,NA,81.34777639315145,geo_region,1
NA,88,seaweeds,2019,NA,NA,NA,NA,7.721455306187844,12.69438158351965,NA,7.721455306187844,geo_region,1
NA,88,seaweeds,2020,NA,NA,NA,NA,13.415586823971827,13.195661535326474,NA,13.415586823971827,geo_region,1
NA,88,seaweeds,2021,NA,NA,NA,NA,35.35252514707192,12.608422069047505,NA,35.35252514707192,geo_region,1
NA,88,seaweeds,2022,NA,NA,NA,NA,35.09600963246095,9.005880754555477,NA,35.09600963246095,geo_region,1
NA,88,seaweeds,2023,NA,NA,NA,NA,39.335083874458874,10.475280391460174,NA,39.335083874458874,geo_region,1
NA,88,fish_oil,2019,NA,NA,NA,NA,1.4235776800097977,4.173549943898697,NA,1.4235776800097977,geo_region,1
NA,88,fish_oil,2020,NA,NA,NA,NA,1.587472022331214,8.734880162391821,NA,1.587472022331214,geo_region,1
NA,88,fish_oil,2021,NA,NA,NA,NA,1.7024125352346209,9.479579859767002,NA,1.7024125352346209,geo_region,1
NA,88,fish_oil,2022,NA,NA,NA,NA,1.6479230480227982,9.100285927081373,NA,1.6479230480227982,geo_region,1
NA,88,fish_oil,2023,NA,NA,NA,NA,5.563146475908016,7.052039687792173,NA,5.563146475908016,geo_region,1
NA,89,seaweeds,2019,NA,NA,r2,999,NA,12.69438158351965,NA,12.69438158351965,global,1
NA,89,seaweeds,2020,NA,NA,r2,999,NA,13.195661535326474,NA,13.195661535326474,global,1
NA,89,seaweeds,2021,NA,NA,r2,999,NA,12.608422069047505,NA,12.608422069047505,global,1
NA,89,seaweeds,2022,NA,NA,r2,999,NA,9.005880754555477,NA,9.005880754555477,global,1
NA,89,seaweeds,2023,NA,NA,r2,999,NA,10.475280391460174,NA,10.475280391460174,global,1
NA,89,ornamentals,2019,NA,NA,r2,999,NA,762.3986858156522,NA,762.3986858156522,global,1
NA,89,ornamentals,2020,NA,NA,r2,999,NA,533.8956822859074,NA,533.8956822859074,global,1
NA,89,ornamentals,2021,NA,NA,r2,999,NA,482.4878993830671,NA,482.4878993830671,global,1
NA,89,ornamentals,2022,NA,NA,r2,999,NA,313.3104942475703,NA,313.3104942475703,global,1
NA,89,ornamentals,2023,NA,NA,r2,999,NA,267.14713099669086,NA,267.14713099669086,global,1
NA,89,fish_oil,2019,NA,NA,r2,999,NA,4.173549943898697,NA,4.173549943898697,global,1
NA,89,fish_oil,2020,NA,NA,r2,999,NA,8.734880162391821,NA,8.734880162391821,global,1
NA,89,fish_oil,2021,NA,NA,r2,999,NA,9.479579859767002,NA,9.479579859767002,global,1
NA,89,fish_oil,2022,NA,NA,r2,999,NA,9.100285927081373,NA,9.100285927081373,global,1
NA,89,fish_oil,2023,NA,NA,r2,999,NA,7.052039687792173,NA,7.052039687792173,global,1
NA,90,seaweeds,2019,NA,NA,r2,18,1.936496771098465,12.69438158351965,NA,1.936496771098465,geo_region,1
NA,90,seaweeds,2020,NA,NA,r2,18,1.4562646654687665,13.195661535326474,NA,1.4562646654687665,geo_region,1
NA,90,seaweeds,2021,NA,NA,r2,18,4.912191515127319,12.608422069047505,NA,4.912191515127319,geo_region,1
NA,90,seaweeds,2022,NA,NA,r2,18,2.2348769343120476,9.005880754555477,NA,2.2348769343120476,geo_region,1
NA,90,seaweeds,2023,NA,NA,r2,18,1.5579266518568533,10.475280391460174,NA,1.5579266518568533,geo_region,1
NA,90,ornamentals,2019,NA,NA,r2,18,3.8298185384992642,762.3986858156522,NA,3.8298185384992642,geo_region,1
NA,90,ornamentals,2020,NA,NA,r2,18,5.613207547169811,533.8956822859074,NA,5.613207547169811,geo_region,1
NA,90,ornamentals,2021,NA,NA,r2,18,11.70204081632653,482.4878993830671,NA,11.70204081632653,geo_region,1
NA,90,ornamentals,2022,NA,NA,r2,18,2.6753371868978806,313.3104942475703,NA,2.6753371868978806,geo_region,1
NA,90,ornamentals,2023,NA,NA,r2,18,1.9408767375411133,267.14713099669086,NA,1.9408767375411133,geo_region,1
NA,90,fish_oil,2019,NA,NA,r2,18,1.4622851743564145,4.173549943898697,NA,1.4622851743564145,geo_region,1
NA,90,fish_oil,2020,NA,NA,r2,18,1.5070031770391226,8.734880162391821,NA,1.5070031770391226,geo_region,1
NA,90,fish_oil,2021,NA,NA,r2,18,1.7031288423348037,9.479579859767002,NA,1.7031288423348037,geo_region,1
NA,90,fish_oil,2022,NA,NA,r2,18,2.218704915663421,9.100285927081373,NA,2.218704915663421,geo_region,1
NA,90,fish_oil,2023,NA,NA,r2,18,3.8696380905806236,7.052039687792173,NA,3.8696380905806236,geo_region,1
NA,91,seaweeds,2019,NA,NA,NA,NA,7.721455306187844,12.69438158351965,NA,7.721455306187844,geo_region,1
NA,91,seaweeds,2020,NA,NA,NA,NA,13.415586823971827,13.195661535326474,NA,13.415586823971827,geo_region,1
NA,91,seaweeds,2021,NA,NA,NA,NA,35.35252514707192,12.608422069047505,NA,35.35252514707192,geo_region,1
NA,91,seaweeds,2022,NA,NA,NA,NA,35.09600963246095,9.005880754555477,NA,35.09600963246095,geo_region,1
NA,91,seaweeds,2023,NA,NA,NA,NA,39.335083874458874,10.475280391460174,NA,39.335083874458874,geo_region,1
NA,91,ornamentals,2019,NA,NA,NA,NA,200.9768418030223,762.3986858156522,NA,200.9768418030223,geo_region,1
NA,91,ornamentals,2020,NA,NA,NA,NA,584.9666258893922,533.8956822859074,NA,584.9666258893922,geo_region,1
NA,91,ornamentals,2021,NA,NA,NA,NA,718.4772831885801,482.4878993830671,NA,718.4772831885801,geo_region,1
NA,91,ornamentals,2022,NA,NA,NA,NA,119.35197331496364,313.3104942475703,NA,119.35197331496364,geo_region,1
NA,91,ornamentals,2023,NA,NA,NA,NA,81.34777639315145,267.14713099669086,NA,81.34777639315145,geo_region,1
NA,91,fish_oil,2019,NA,NA,NA,NA,1.4235776800097977,4.173549943898697,NA,1.4235776800097977,geo_region,1
NA,91,fish_oil,2020,NA,NA,NA,NA,1.587472022331214,8.734880162391821,NA,1.587472022331214,geo_region,1
NA,91,fish_oil,2021,NA,NA,NA,NA,1.7024125352346209,9.479579859767002,NA,1.7024125352346209,geo_region,1
NA,91,fish_oil,2022,NA,NA,NA,NA,1.6479230480227982,9.100285927081373,NA,1.6479230480227982,geo_region,1
NA,91,fish_oil,2023,NA,NA,NA,NA,5.563146475908016,7.052039687792173,NA,5.563146475908016,geo_region,1
NA,92,seaweeds,2019,NA,NA,NA,NA,7.721455306187844,12.69438158351965,NA,7.721455306187844,geo_region,1
NA,92,seaweeds,2020,NA,NA,NA,NA,13.415586823971827,13.195661535326474,NA,13.415586823971827,geo_region,1
NA,92,seaweeds,2021,NA,NA,NA,NA,35.35252514707192,12.608422069047505,NA,35.35252514707192,geo_region,1
NA,92,seaweeds,2022,NA,NA,NA,NA,35.09600963246095,9.005880754555477,NA,35.09600963246095,geo_region,1
NA,92,seaweeds,2023,NA,NA,NA,NA,39.335083874458874,10.475280391460174,NA,39.335083874458874,geo_region,1
NA,92,ornamentals,2019,NA,NA,NA,NA,200.9768418030223,762.3986858156522,NA,200.9768418030223,geo_region,1
NA,92,ornamentals,2020,NA,NA,NA,NA,584.9666258893922,533.8956822859074,NA,584.9666258893922,geo_region,1
NA,92,ornamentals,2021,NA,NA,NA,NA,718.4772831885801,482.4878993830671,NA,718.4772831885801,geo_region,1
NA,92,ornamentals,2022,NA,NA,NA,NA,119.35197331496364,313.3104942475703,NA,119.35197331496364,geo_region,1
NA,92,ornamentals,2023,NA,NA,NA,NA,81.34777639315145,267.14713099669086,NA,81.34777639315145,geo_region,1
NA,92,fish_oil,2019,NA,NA,NA,NA,1.4235776800097977,4.173549943898697,NA,1.4235776800097977,geo_region,1
NA,92,fish_oil,2020,NA,NA,NA,NA,1.587472022331214,8.734880162391821,NA,1.587472022331214,geo_region,1
NA,92,fish_oil,2021,NA,NA,NA,NA,1.7024125352346209,9.479579859767002,NA,1.7024125352346209,geo_region,1
NA,92,fish_oil,2022,NA,NA,NA,NA,1.6479230480227982,9.100285927081373,NA,1.6479230480227982,geo_region,1
NA,92,fish_oil,2023,NA,NA,NA,NA,5.563146475908016,7.052039687792173,NA,5.563146475908016,geo_region,1
NA,93,seaweeds,2019,NA,NA,NA,NA,7.721455306187844,12.69438158351965,NA,7.721455306187844,geo_region,1
NA,93,seaweeds,2020,NA,NA,NA,NA,13.415586823971827,13.195661535326474,NA,13.415586823971827,geo_region,1
NA,93,seaweeds,2021,NA,NA,NA,NA,35.35252514707192,12.608422069047505,NA,35.35252514707192,geo_region,1
NA,93,seaweeds,2022,NA,NA,NA,NA,35.09600963246095,9.005880754555477,NA,35.09600963246095,geo_region,1
NA,93,seaweeds,2023,NA,NA,NA,NA,39.335083874458874,10.475280391460174,NA,39.335083874458874,geo_region,1
NA,93,ornamentals,2019,NA,NA,NA,NA,200.9768418030223,762.3986858156522,NA,200.9768418030223,geo_region,1
NA,93,ornamentals,2020,NA,NA,NA,NA,584.9666258893922,533.8956822859074,NA,584.9666258893922,geo_region,1
NA,93,ornamentals,2021,NA,NA,NA,NA,718.4772831885801,482.4878993830671,NA,718.4772831885801,geo_region,1
NA,93,ornamentals,2022,NA,NA,NA,NA,119.35197331496364,313.3104942475703,NA,119.35197331496364,geo_region,1
NA,93,ornamentals,2023,NA,NA,NA,NA,81.34777639315145,267.14713099669086,NA,81.34777639315145,geo_region,1
NA,93,fish_oil,2019,NA,NA,NA,NA,1.4235776800097977,4.173549943898697,NA,1.4235776800097977,geo_region,1
NA,93,fish_oil,2020,NA,NA,NA,NA,1.587472022331214,8.734880162391821,NA,1.587472022331214,geo_region,1
NA,93,fish_oil,2021,NA,NA,NA,NA,1.7024125352346209,9.479579859767002,NA,1.7024125352346209,geo_region,1
NA,93,fish_oil,2022,NA,NA,NA,NA,1.6479230480227982,9.100285927081373,NA,1.6479230480227982,geo_region,1
NA,93,fish_oil,2023,NA,NA,NA,NA,5.563146475908016,7.052039687792173,NA,5.563146475908016,geo_region,1
NA,94,seaweeds,2019,NA,NA,r2,999,NA,12.69438158351965,NA,12.69438158351965,global,1
NA,94,seaweeds,2020,NA,NA,r2,999,NA,13.195661535326474,NA,13.195661535326474,global,1
NA,94,seaweeds,2021,NA,NA,r2,999,NA,12.608422069047505,NA,12.608422069047505,global,1
NA,94,seaweeds,2022,NA,NA,r2,999,NA,9.005880754555477,NA,9.005880754555477,global,1
NA,94,seaweeds,2023,NA,NA,r2,999,NA,10.475280391460174,NA,10.475280391460174,global,1
NA,94,ornamentals,2019,NA,NA,r2,999,NA,762.3986858156522,NA,762.3986858156522,global,1
NA,94,ornamentals,2020,NA,NA,r2,999,NA,533.8956822859074,NA,533.8956822859074,global,1
NA,94,ornamentals,2021,NA,NA,r2,999,NA,482.4878993830671,NA,482.4878993830671,global,1
NA,94,ornamentals,2022,NA,NA,r2,999,NA,313.3104942475703,NA,313.3104942475703,global,1
NA,94,ornamentals,2023,NA,NA,r2,999,NA,267.14713099669086,NA,267.14713099669086,global,1
NA,94,fish_oil,2019,NA,NA,r2,999,NA,4.173549943898697,NA,4.173549943898697,global,1
NA,94,fish_oil,2020,NA,NA,r2,999,NA,8.734880162391821,NA,8.734880162391821,global,1
NA,94,fish_oil,2021,NA,NA,r2,999,NA,9.479579859767002,NA,9.479579859767002,global,1
NA,94,fish_oil,2022,NA,NA,r2,999,NA,9.100285927081373,NA,9.100285927081373,global,1
NA,94,fish_oil,2023,NA,NA,r2,999,NA,7.052039687792173,NA,7.052039687792173,global,1
NA,95,seaweeds,2019,NA,NA,r2,154,10.029240233939625,12.69438158351965,NA,10.029240233939625,geo_region,1
NA,95,seaweeds,2020,NA,NA,r2,154,8.08059822539885,13.195661535326474,NA,8.08059822539885,geo_region,1
NA,95,seaweeds,2021,NA,NA,r2,154,6.877501948843852,12.608422069047505,NA,6.877501948843852,geo_region,1
NA,95,seaweeds,2022,NA,NA,r2,154,8.511875344318732,9.005880754555477,NA,8.511875344318732,geo_region,1
NA,95,seaweeds,2023,NA,NA,r2,154,5.9226356182180755,10.475280391460174,NA,5.9226356182180755,geo_region,1
NA,95,ornamentals,2019,NA,NA,r2,154,50.43147993643757,762.3986858156522,NA,50.43147993643757,geo_region,1
NA,95,ornamentals,2020,NA,NA,r2,154,47.564140449049454,533.8956822859074,NA,47.564140449049454,geo_region,1
NA,95,ornamentals,2021,NA,NA,r2,154,61.650525816802805,482.4878993830671,NA,61.650525816802805,geo_region,1
NA,95,ornamentals,2022,NA,NA,r2,154,45.0472064271001,313.3104942475703,NA,45.0472064271001,geo_region,1
NA,95,ornamentals,2023,NA,NA,r2,154,45.42595720888871,267.14713099669086,NA,45.42595720888871,geo_region,1
NA,95,fish_oil,2019,NA,NA,r2,154,3.713604198153352,4.173549943898697,NA,3.713604198153352,geo_region,1
NA,95,fish_oil,2020,NA,NA,r2,154,3.3550710938831796,8.734880162391821,NA,3.3550710938831796,geo_region,1
NA,95,fish_oil,2021,NA,NA,r2,154,2.21169171000455,9.479579859767002,NA,2.21169171000455,geo_region,1
NA,95,fish_oil,2022,NA,NA,r2,154,2.9078841597276552,9.100285927081373,NA,2.9078841597276552,geo_region,1
NA,95,fish_oil,2023,NA,NA,r2,154,5.234311551859661,7.052039687792173,NA,5.234311551859661,geo_region,1
Sierra Leone,96,ornamentals,2019,0,0,r2,11,13.246650100353627,762.3986858156522,NA,13.246650100353627,geo_region,1
Sierra Leone,96,ornamentals,2020,0,0,r2,11,18.179487576038767,533.8956822859074,NA,18.179487576038767,geo_region,1
Sierra Leone,96,ornamentals,2021,0,0,r2,11,19.222097378277155,482.4878993830671,NA,19.222097378277155,geo_region,1
Sierra Leone,96,ornamentals,2022,0,0,r2,11,3.8357558139534884,313.3104942475703,NA,3.8357558139534884,geo_region,1
Sierra Leone,96,ornamentals,2023,0,0,r2,11,1.0384615384615385,267.14713099669086,NA,1.0384615384615385,geo_region,1
NA,96,seaweeds,2019,NA,NA,r2,11,34.87737232790993,12.69438158351965,NA,34.87737232790993,geo_region,1
NA,96,seaweeds,2020,NA,NA,r2,11,36.54010494752624,13.195661535326474,NA,36.54010494752624,geo_region,1
NA,96,seaweeds,2021,NA,NA,r2,11,0.8175,12.608422069047505,NA,0.8175,geo_region,1
NA,96,seaweeds,2022,NA,NA,r2,11,6.885705128205129,9.005880754555477,NA,6.885705128205129,geo_region,1
NA,96,seaweeds,2023,NA,NA,r2,11,4.89099358974359,10.475280391460174,NA,4.89099358974359,geo_region,1
NA,96,fish_oil,2019,NA,NA,r2,11,1.4760552140249767,4.173549943898697,NA,1.4760552140249767,geo_region,1
NA,96,fish_oil,2020,NA,NA,r2,11,1.0056378755706212,8.734880162391821,NA,1.0056378755706212,geo_region,1
NA,96,fish_oil,2021,NA,NA,r2,11,1.1470895464253457,9.479579859767002,NA,1.1470895464253457,geo_region,1
NA,96,fish_oil,2022,NA,NA,r2,11,1.4663671035997392,9.100285927081373,NA,1.4663671035997392,geo_region,1
NA,96,fish_oil,2023,NA,NA,r2,11,2.069567472696913,7.052039687792173,NA,2.069567472696913,geo_region,1
Liberia,97,ornamentals,2019,0,0,r2,11,13.246650100353627,762.3986858156522,NA,13.246650100353627,geo_region,1
Liberia,97,ornamentals,2020,0,0,r2,11,18.179487576038767,533.8956822859074,NA,18.179487576038767,geo_region,1
Liberia,97,ornamentals,2021,0,0,r2,11,19.222097378277155,482.4878993830671,NA,19.222097378277155,geo_region,1
Liberia,97,ornamentals,2022,0,0,r2,11,3.8357558139534884,313.3104942475703,NA,3.8357558139534884,geo_region,1
Liberia,97,ornamentals,2023,0,0,r2,11,1.0384615384615385,267.14713099669086,NA,1.0384615384615385,geo_region,1
Liberia,97,seaweeds,2019,5.29,0.41,r2,11,34.87737232790993,12.69438158351965,0.0775047258979206,0.0775047258979206,none,0
Liberia,97,seaweeds,2020,8.7,2.4,r2,11,36.54010494752624,13.195661535326474,0.27586206896551724,0.27586206896551724,none,0
Liberia,97,seaweeds,2021,6,0.21,r2,11,0.8175,12.608422069047505,0.034999999999999996,0.034999999999999996,none,0
Liberia,97,seaweeds,2022,2,0.06,r2,11,6.885705128205129,9.005880754555477,0.03,0.03,none,0
Liberia,97,seaweeds,2023,2,0.06,r2,11,4.89099358974359,10.475280391460174,0.03,0.03,none,0
NA,97,fish_oil,2019,NA,NA,r2,11,1.4760552140249767,4.173549943898697,NA,1.4760552140249767,geo_region,1
NA,97,fish_oil,2020,NA,NA,r2,11,1.0056378755706212,8.734880162391821,NA,1.0056378755706212,geo_region,1
NA,97,fish_oil,2021,NA,NA,r2,11,1.1470895464253457,9.479579859767002,NA,1.1470895464253457,geo_region,1
NA,97,fish_oil,2022,NA,NA,r2,11,1.4663671035997392,9.100285927081373,NA,1.4663671035997392,geo_region,1
NA,97,fish_oil,2023,NA,NA,r2,11,2.069567472696913,7.052039687792173,NA,2.069567472696913,geo_region,1
NA,98,seaweeds,2019,NA,NA,r2,11,34.87737232790993,12.69438158351965,NA,34.87737232790993,geo_region,1
NA,98,seaweeds,2020,NA,NA,r2,11,36.54010494752624,13.195661535326474,NA,36.54010494752624,geo_region,1
NA,98,seaweeds,2021,NA,NA,r2,11,0.8175,12.608422069047505,NA,0.8175,geo_region,1
NA,98,seaweeds,2022,NA,NA,r2,11,6.885705128205129,9.005880754555477,NA,6.885705128205129,geo_region,1
NA,98,seaweeds,2023,NA,NA,r2,11,4.89099358974359,10.475280391460174,NA,4.89099358974359,geo_region,1
NA,98,ornamentals,2019,NA,NA,r2,11,13.246650100353627,762.3986858156522,NA,13.246650100353627,geo_region,1
NA,98,ornamentals,2020,NA,NA,r2,11,18.179487576038767,533.8956822859074,NA,18.179487576038767,geo_region,1
NA,98,ornamentals,2021,NA,NA,r2,11,19.222097378277155,482.4878993830671,NA,19.222097378277155,geo_region,1
NA,98,ornamentals,2022,NA,NA,r2,11,3.8357558139534884,313.3104942475703,NA,3.8357558139534884,geo_region,1
NA,98,ornamentals,2023,NA,NA,r2,11,1.0384615384615385,267.14713099669086,NA,1.0384615384615385,geo_region,1
NA,98,fish_oil,2019,NA,NA,r2,11,1.4760552140249767,4.173549943898697,NA,1.4760552140249767,geo_region,1
NA,98,fish_oil,2020,NA,NA,r2,11,1.0056378755706212,8.734880162391821,NA,1.0056378755706212,geo_region,1
NA,98,fish_oil,2021,NA,NA,r2,11,1.1470895464253457,9.479579859767002,NA,1.1470895464253457,geo_region,1
NA,98,fish_oil,2022,NA,NA,r2,11,1.4663671035997392,9.100285927081373,NA,1.4663671035997392,geo_region,1
NA,98,fish_oil,2023,NA,NA,r2,11,2.069567472696913,7.052039687792173,NA,2.069567472696913,geo_region,1
NA,99,seaweeds,2019,NA,NA,r2,11,34.87737232790993,12.69438158351965,NA,34.87737232790993,geo_region,1
NA,99,seaweeds,2020,NA,NA,r2,11,36.54010494752624,13.195661535326474,NA,36.54010494752624,geo_region,1
NA,99,seaweeds,2021,NA,NA,r2,11,0.8175,12.608422069047505,NA,0.8175,geo_region,1
NA,99,seaweeds,2022,NA,NA,r2,11,6.885705128205129,9.005880754555477,NA,6.885705128205129,geo_region,1
NA,99,seaweeds,2023,NA,NA,r2,11,4.89099358974359,10.475280391460174,NA,4.89099358974359,geo_region,1
NA,99,ornamentals,2019,NA,NA,r2,11,13.246650100353627,762.3986858156522,NA,13.246650100353627,geo_region,1
NA,99,ornamentals,2020,NA,NA,r2,11,18.179487576038767,533.8956822859074,NA,18.179487576038767,geo_region,1
NA,99,ornamentals,2021,NA,NA,r2,11,19.222097378277155,482.4878993830671,NA,19.222097378277155,geo_region,1
NA,99,ornamentals,2022,NA,NA,r2,11,3.8357558139534884,313.3104942475703,NA,3.8357558139534884,geo_region,1
NA,99,ornamentals,2023,NA,NA,r2,11,1.0384615384615385,267.14713099669086,NA,1.0384615384615385,geo_region,1
NA,99,fish_oil,2019,NA,NA,r2,11,1.4760552140249767,4.173549943898697,NA,1.4760552140249767,geo_region,1
NA,99,fish_oil,2020,NA,NA,r2,11,1.0056378755706212,8.734880162391821,NA,1.0056378755706212,geo_region,1
NA,99,fish_oil,2021,NA,NA,r2,11,1.1470895464253457,9.479579859767002,NA,1.1470895464253457,geo_region,1
NA,99,fish_oil,2022,NA,NA,r2,11,1.4663671035997392,9.100285927081373,NA,1.4663671035997392,geo_region,1
NA,99,fish_oil,2023,NA,NA,r2,11,2.069567472696913,7.052039687792173,NA,2.069567472696913,geo_region,1
Republique du Congo,100,fish_oil,2019,500,177.72,r2,17,0.39618250579125025,4.173549943898697,0.35544,0.35544,none,0
Republique du Congo,100,fish_oil,2020,340,120.38,r2,17,0.40202941176470586,8.734880162391821,0.35405882352941176,0.35405882352941176,none,0
Republique du Congo,100,fish_oil,2021,0,0,r2,17,0.4022489631611747,9.479579859767002,NA,0.4022489631611747,geo_region,1
Republique du Congo,100,fish_oil,2022,0,0,r2,17,0.5683060109289617,9.100285927081373,NA,0.5683060109289617,geo_region,1
Republique du Congo,100,fish_oil,2023,0,0,r2,17,0.5707511854255054,7.052039687792173,NA,0.5707511854255054,geo_region,1
Republique du Congo,100,ornamentals,2019,0,0,r2,17,0.1285714285714286,762.3986858156522,NA,0.1285714285714286,geo_region,1
Republique du Congo,100,ornamentals,2020,0,0,r2,17,0.08888888888888889,533.8956822859074,NA,0.08888888888888889,geo_region,1
Republique du Congo,100,ornamentals,2021,0,0,r2,17,0.20555555555555555,482.4878993830671,NA,0.20555555555555555,geo_region,1
Republique du Congo,100,ornamentals,2022,0,0,r2,17,2.1171302489641652,313.3104942475703,NA,2.1171302489641652,geo_region,1
Republique du Congo,100,ornamentals,2023,0,0,r2,17,2.1171302489641652,267.14713099669086,NA,2.1171302489641652,geo_region,1
NA,100,seaweeds,2019,NA,NA,r2,17,NA,12.69438158351965,NA,12.69438158351965,global,1
NA,100,seaweeds,2020,NA,NA,r2,17,NA,13.195661535326474,NA,13.195661535326474,global,1
NA,100,seaweeds,2021,NA,NA,r2,17,NA,12.608422069047505,NA,12.608422069047505,global,1
NA,100,seaweeds,2022,NA,NA,r2,17,NA,9.005880754555477,NA,9.005880754555477,global,1
NA,100,seaweeds,2023,NA,NA,r2,17,NA,10.475280391460174,NA,10.475280391460174,global,1
Namibia,101,fish_oil,2019,84.22,126.33,r2,18,1.4622851743564145,4.173549943898697,1.5,1.5,none,0
Namibia,101,fish_oil,2020,297.93,359.22,r2,18,1.5070031770391226,8.734880162391821,1.2057194643036955,1.2057194643036955,none,0
Namibia,101,fish_oil,2021,84.53,117.9,r2,18,1.7031288423348037,9.479579859767002,1.3947710871879806,1.3947710871879806,none,0
Namibia,101,fish_oil,2022,79.2,115.84,r2,18,2.218704915663421,9.100285927081373,1.4626262626262627,1.4626262626262627,none,0
Namibia,101,fish_oil,2023,20.06,50.46,r2,18,3.8696380905806236,7.052039687792173,2.515453639082752,2.515453639082752,none,0
Namibia,101,ornamentals,2019,0,0,r2,18,3.8298185384992642,762.3986858156522,NA,3.8298185384992642,geo_region,1
Namibia,101,ornamentals,2020,0,0,r2,18,5.613207547169811,533.8956822859074,NA,5.613207547169811,geo_region,1
Namibia,101,ornamentals,2021,0,0,r2,18,11.70204081632653,482.4878993830671,NA,11.70204081632653,geo_region,1
Namibia,101,ornamentals,2022,0.5,0.25,r2,18,2.6753371868978806,313.3104942475703,0.5,0.5,none,0
Namibia,101,ornamentals,2023,4.01,6.13,r2,18,1.9408767375411133,267.14713099669086,1.5286783042394017,1.5286783042394017,none,0
Namibia,101,seaweeds,2019,0.84,1.64,r2,18,1.936496771098465,12.69438158351965,1.9523809523809523,1.9523809523809523,none,0
Namibia,101,seaweeds,2020,0,0,r2,18,1.4562646654687665,13.195661535326474,NA,1.4562646654687665,geo_region,1
Namibia,101,seaweeds,2021,0.2,1.67,r2,18,4.912191515127319,12.608422069047505,8.35,8.35,none,0
Namibia,101,seaweeds,2022,0,0,r2,18,2.2348769343120476,9.005880754555477,NA,2.2348769343120476,geo_region,1
Namibia,101,seaweeds,2023,24.01,35.88,r2,18,1.5579266518568533,10.475280391460174,1.4943773427738443,1.4943773427738443,none,0
South Africa,102,fish_oil,2019,3926.44,5593.49,r2,18,1.4622851743564145,4.173549943898697,1.424570348712829,1.424570348712829,none,0
South Africa,102,fish_oil,2020,7457.08,13484.54,r2,18,1.5070031770391226,8.734880162391821,1.8082868897745499,1.8082868897745499,none,0
South Africa,102,fish_oil,2021,5600.44,11265.21,r2,18,1.7031288423348037,9.479579859767002,2.0114865974816265,2.0114865974816265,none,0
South Africa,102,fish_oil,2022,11041.61,32846.4,r2,18,2.218704915663421,9.100285927081373,2.974783568700579,2.974783568700579,none,0
South Africa,102,fish_oil,2023,6419.55,33534.590000000004,r2,18,3.8696380905806236,7.052039687792173,5.223822542078495,5.223822542078495,none,0
South Africa,102,ornamentals,2019,20.39,78.09,r2,18,3.8298185384992642,762.3986858156522,3.8298185384992642,3.8298185384992642,none,0
South Africa,102,ornamentals,2020,2.12,11.9,r2,18,5.613207547169811,533.8956822859074,5.613207547169811,5.613207547169811,none,0
South Africa,102,ornamentals,2021,2.45,28.67,r2,18,11.70204081632653,482.4878993830671,11.70204081632653,11.70204081632653,none,0
South Africa,102,ornamentals,2022,10.38,50.35,r2,18,2.6753371868978806,313.3104942475703,4.850674373795761,4.850674373795761,none,0
South Africa,102,ornamentals,2023,17.56,41.32,r2,18,1.9408767375411133,267.14713099669086,2.353075170842825,2.353075170842825,none,0
South Africa,102,seaweeds,2019,1059.11,2034.14,r2,18,1.936496771098465,12.69438158351965,1.9206125898159778,1.9206125898159778,none,0
South Africa,102,seaweeds,2020,2365.25,3444.43,r2,18,1.4562646654687665,13.195661535326474,1.4562646654687665,1.4562646654687665,none,0
South Africa,102,seaweeds,2021,3005.82,4431.7300000000005,r2,18,4.912191515127319,12.608422069047505,1.4743830302546395,1.4743830302546395,none,0
South Africa,102,seaweeds,2022,3464.41,7742.530000000001,r2,18,2.2348769343120476,9.005880754555477,2.2348769343120476,2.2348769343120476,none,0
South Africa,102,seaweeds,2023,2811.05,4558.05,r2,18,1.5579266518568533,10.475280391460174,1.6214759609398623,1.6214759609398623,none,0
Sao Tome and Principe,103,ornamentals,2019,0,0,r2,17,0.1285714285714286,762.3986858156522,NA,0.1285714285714286,geo_region,1
Sao Tome and Principe,103,ornamentals,2020,0,0,r2,17,0.08888888888888889,533.8956822859074,NA,0.08888888888888889,geo_region,1
Sao Tome and Principe,103,ornamentals,2021,0,0,r2,17,0.20555555555555555,482.4878993830671,NA,0.20555555555555555,geo_region,1
Sao Tome and Principe,103,ornamentals,2022,0,0,r2,17,2.1171302489641652,313.3104942475703,NA,2.1171302489641652,geo_region,1
Sao Tome and Principe,103,ornamentals,2023,0,0,r2,17,2.1171302489641652,267.14713099669086,NA,2.1171302489641652,geo_region,1
NA,103,seaweeds,2019,NA,NA,r2,17,NA,12.69438158351965,NA,12.69438158351965,global,1
NA,103,seaweeds,2020,NA,NA,r2,17,NA,13.195661535326474,NA,13.195661535326474,global,1
NA,103,seaweeds,2021,NA,NA,r2,17,NA,12.608422069047505,NA,12.608422069047505,global,1
NA,103,seaweeds,2022,NA,NA,r2,17,NA,9.005880754555477,NA,9.005880754555477,global,1
NA,103,seaweeds,2023,NA,NA,r2,17,NA,10.475280391460174,NA,10.475280391460174,global,1
NA,103,fish_oil,2019,NA,NA,r2,17,0.39618250579125025,4.173549943898697,NA,0.39618250579125025,geo_region,1
NA,103,fish_oil,2020,NA,NA,r2,17,0.40202941176470586,8.734880162391821,NA,0.40202941176470586,geo_region,1
NA,103,fish_oil,2021,NA,NA,r2,17,0.4022489631611747,9.479579859767002,NA,0.4022489631611747,geo_region,1
NA,103,fish_oil,2022,NA,NA,r2,17,0.5683060109289617,9.100285927081373,NA,0.5683060109289617,geo_region,1
NA,103,fish_oil,2023,NA,NA,r2,17,0.5707511854255054,7.052039687792173,NA,0.5707511854255054,geo_region,1
Equatorial Guinea,104,ornamentals,2019,0,0,r2,17,0.1285714285714286,762.3986858156522,NA,0.1285714285714286,geo_region,1
Equatorial Guinea,104,ornamentals,2020,0,0,r2,17,0.08888888888888889,533.8956822859074,NA,0.08888888888888889,geo_region,1
Equatorial Guinea,104,ornamentals,2021,0,0,r2,17,0.20555555555555555,482.4878993830671,NA,0.20555555555555555,geo_region,1
Equatorial Guinea,104,ornamentals,2022,0,0,r2,17,2.1171302489641652,313.3104942475703,NA,2.1171302489641652,geo_region,1
Equatorial Guinea,104,ornamentals,2023,0,0,r2,17,2.1171302489641652,267.14713099669086,NA,2.1171302489641652,geo_region,1
NA,104,seaweeds,2019,NA,NA,r2,17,NA,12.69438158351965,NA,12.69438158351965,global,1
NA,104,seaweeds,2020,NA,NA,r2,17,NA,13.195661535326474,NA,13.195661535326474,global,1
NA,104,seaweeds,2021,NA,NA,r2,17,NA,12.608422069047505,NA,12.608422069047505,global,1
NA,104,seaweeds,2022,NA,NA,r2,17,NA,9.005880754555477,NA,9.005880754555477,global,1
NA,104,seaweeds,2023,NA,NA,r2,17,NA,10.475280391460174,NA,10.475280391460174,global,1
NA,104,fish_oil,2019,NA,NA,r2,17,0.39618250579125025,4.173549943898697,NA,0.39618250579125025,geo_region,1
NA,104,fish_oil,2020,NA,NA,r2,17,0.40202941176470586,8.734880162391821,NA,0.40202941176470586,geo_region,1
NA,104,fish_oil,2021,NA,NA,r2,17,0.4022489631611747,9.479579859767002,NA,0.4022489631611747,geo_region,1
NA,104,fish_oil,2022,NA,NA,r2,17,0.5683060109289617,9.100285927081373,NA,0.5683060109289617,geo_region,1
NA,104,fish_oil,2023,NA,NA,r2,17,0.5707511854255054,7.052039687792173,NA,0.5707511854255054,geo_region,1
NA,105,seaweeds,2019,NA,NA,r2,999,NA,12.69438158351965,NA,12.69438158351965,global,1
NA,105,seaweeds,2020,NA,NA,r2,999,NA,13.195661535326474,NA,13.195661535326474,global,1
NA,105,seaweeds,2021,NA,NA,r2,999,NA,12.608422069047505,NA,12.608422069047505,global,1
NA,105,seaweeds,2022,NA,NA,r2,999,NA,9.005880754555477,NA,9.005880754555477,global,1
NA,105,seaweeds,2023,NA,NA,r2,999,NA,10.475280391460174,NA,10.475280391460174,global,1
NA,105,ornamentals,2019,NA,NA,r2,999,NA,762.3986858156522,NA,762.3986858156522,global,1
NA,105,ornamentals,2020,NA,NA,r2,999,NA,533.8956822859074,NA,533.8956822859074,global,1
NA,105,ornamentals,2021,NA,NA,r2,999,NA,482.4878993830671,NA,482.4878993830671,global,1
NA,105,ornamentals,2022,NA,NA,r2,999,NA,313.3104942475703,NA,313.3104942475703,global,1
NA,105,ornamentals,2023,NA,NA,r2,999,NA,267.14713099669086,NA,267.14713099669086,global,1
NA,105,fish_oil,2019,NA,NA,r2,999,NA,4.173549943898697,NA,4.173549943898697,global,1
NA,105,fish_oil,2020,NA,NA,r2,999,NA,8.734880162391821,NA,8.734880162391821,global,1
NA,105,fish_oil,2021,NA,NA,r2,999,NA,9.479579859767002,NA,9.479579859767002,global,1
NA,105,fish_oil,2022,NA,NA,r2,999,NA,9.100285927081373,NA,9.100285927081373,global,1
NA,105,fish_oil,2023,NA,NA,r2,999,NA,7.052039687792173,NA,7.052039687792173,global,1
Ghana,106,fish_oil,2019,331.23,1442.11,r2,11,1.4760552140249767,4.173549943898697,4.35380249373547,4.35380249373547,none,0
Ghana,106,fish_oil,2020,46.44,58.79,r2,11,1.0056378755706212,8.734880162391821,1.2659345391903531,1.2659345391903531,none,0
Ghana,106,fish_oil,2021,68.4,96.5,r2,11,1.1470895464253457,9.479579859767002,1.4108187134502923,1.4108187134502923,none,0
Ghana,106,fish_oil,2022,154.6,313.52,r2,11,1.4663671035997392,9.100285927081373,2.027943078913325,2.027943078913325,none,0
Ghana,106,fish_oil,2023,153.52,560.23,r2,11,2.069567472696913,7.052039687792173,3.6492313705054715,3.6492313705054715,none,0
Ghana,106,ornamentals,2019,104.63,72.54,r2,11,13.246650100353627,762.3986858156522,0.6933002007072542,0.6933002007072542,none,0
Ghana,106,ornamentals,2020,2.44,1.62,r2,11,18.179487576038767,533.8956822859074,0.6639344262295083,0.6639344262295083,none,0
Ghana,106,ornamentals,2021,2.67,2.61,r2,11,19.222097378277155,482.4878993830671,0.9775280898876404,0.9775280898876404,none,0
Ghana,106,ornamentals,2022,27.52,105.56,r2,11,3.8357558139534884,313.3104942475703,3.8357558139534884,3.8357558139534884,none,0
Ghana,106,ornamentals,2023,0.78,0.81,r2,11,1.0384615384615385,267.14713099669086,1.0384615384615385,1.0384615384615385,none,0
Ghana,106,seaweeds,2019,0.03,4.01,r2,11,34.87737232790993,12.69438158351965,133.66666666666666,133.66666666666666,none,0
Ghana,106,seaweeds,2020,0.46,33.49,r2,11,36.54010494752624,13.195661535326474,72.80434782608695,72.80434782608695,none,0
Ghana,106,seaweeds,2021,0.25,0.4,r2,11,0.8175,12.608422069047505,1.6,1.6,none,0
Ghana,106,seaweeds,2022,0.13,0.22,r2,11,6.885705128205129,9.005880754555477,1.6923076923076923,1.6923076923076923,none,0
Ghana,106,seaweeds,2023,0.13,0.22,r2,11,4.89099358974359,10.475280391460174,1.6923076923076923,1.6923076923076923,none,0
NA,107,seaweeds,2019,NA,NA,NA,NA,7.721455306187844,12.69438158351965,NA,7.721455306187844,geo_region,1
NA,107,seaweeds,2020,NA,NA,NA,NA,13.415586823971827,13.195661535326474,NA,13.415586823971827,geo_region,1
NA,107,seaweeds,2021,NA,NA,NA,NA,35.35252514707192,12.608422069047505,NA,35.35252514707192,geo_region,1
NA,107,seaweeds,2022,NA,NA,NA,NA,35.09600963246095,9.005880754555477,NA,35.09600963246095,geo_region,1
NA,107,seaweeds,2023,NA,NA,NA,NA,39.335083874458874,10.475280391460174,NA,39.335083874458874,geo_region,1
NA,107,ornamentals,2019,NA,NA,NA,NA,200.9768418030223,762.3986858156522,NA,200.9768418030223,geo_region,1
NA,107,ornamentals,2020,NA,NA,NA,NA,584.9666258893922,533.8956822859074,NA,584.9666258893922,geo_region,1
NA,107,ornamentals,2021,NA,NA,NA,NA,718.4772831885801,482.4878993830671,NA,718.4772831885801,geo_region,1
NA,107,ornamentals,2022,NA,NA,NA,NA,119.35197331496364,313.3104942475703,NA,119.35197331496364,geo_region,1
NA,107,ornamentals,2023,NA,NA,NA,NA,81.34777639315145,267.14713099669086,NA,81.34777639315145,geo_region,1
NA,107,fish_oil,2019,NA,NA,NA,NA,1.4235776800097977,4.173549943898697,NA,1.4235776800097977,geo_region,1
NA,107,fish_oil,2020,NA,NA,NA,NA,1.587472022331214,8.734880162391821,NA,1.587472022331214,geo_region,1
NA,107,fish_oil,2021,NA,NA,NA,NA,1.7024125352346209,9.479579859767002,NA,1.7024125352346209,geo_region,1
NA,107,fish_oil,2022,NA,NA,NA,NA,1.6479230480227982,9.100285927081373,NA,1.6479230480227982,geo_region,1
NA,107,fish_oil,2023,NA,NA,NA,NA,5.563146475908016,7.052039687792173,NA,5.563146475908016,geo_region,1
NA,108,seaweeds,2019,NA,NA,r2,29,7.690095617169096,12.69438158351965,NA,7.690095617169096,geo_region,1
NA,108,seaweeds,2020,NA,NA,r2,29,8.306753325581568,13.195661535326474,NA,8.306753325581568,geo_region,1
NA,108,seaweeds,2021,NA,NA,r2,29,12.584028343854218,12.608422069047505,NA,12.584028343854218,geo_region,1
NA,108,seaweeds,2022,NA,NA,r2,29,10.371848997569245,9.005880754555477,NA,10.371848997569245,geo_region,1
NA,108,seaweeds,2023,NA,NA,r2,29,12.215996765972854,10.475280391460174,NA,12.215996765972854,geo_region,1
NA,108,ornamentals,2019,NA,NA,r2,29,689.7153679653678,762.3986858156522,NA,689.7153679653678,geo_region,1
NA,108,ornamentals,2020,NA,NA,r2,29,376.9125615763547,533.8956822859074,NA,376.9125615763547,geo_region,1
NA,108,ornamentals,2021,NA,NA,r2,29,436.10700757575756,482.4878993830671,NA,436.10700757575756,geo_region,1
NA,108,ornamentals,2022,NA,NA,r2,29,276.10143369175626,313.3104942475703,NA,276.10143369175626,geo_region,1
NA,108,ornamentals,2023,NA,NA,r2,29,119.78405797101449,267.14713099669086,NA,119.78405797101449,geo_region,1
NA,108,fish_oil,2019,NA,NA,r2,29,8.507692307692308,4.173549943898697,NA,8.507692307692308,geo_region,1
NA,108,fish_oil,2020,NA,NA,r2,29,3,8.734880162391821,NA,3,geo_region,1
NA,108,fish_oil,2021,NA,NA,r2,29,3,9.479579859767002,NA,3,geo_region,1
NA,108,fish_oil,2022,NA,NA,r2,29,2.545454545454546,9.100285927081373,NA,2.545454545454546,geo_region,1
NA,108,fish_oil,2023,NA,NA,r2,29,4.375,7.052039687792173,NA,4.375,geo_region,1
Bahamas,110,seaweeds,2019,10.22,144.57,r2,29,7.690095617169096,12.69438158351965,14.14579256360078,14.14579256360078,none,0
Bahamas,110,seaweeds,2020,8,41.75,r2,29,8.306753325581568,13.195661535326474,5.21875,5.21875,none,0
Bahamas,110,seaweeds,2021,20.96,333.56,r2,29,12.584028343854218,12.608422069047505,15.91412213740458,15.91412213740458,none,0
Bahamas,110,seaweeds,2022,2,20,r2,29,10.371848997569245,9.005880754555477,10,10,none,0
Bahamas,110,seaweeds,2023,2,20,r2,29,12.215996765972854,10.475280391460174,10,10,none,0
NA,110,ornamentals,2019,NA,NA,r2,29,689.7153679653678,762.3986858156522,NA,689.7153679653678,geo_region,1
NA,110,ornamentals,2020,NA,NA,r2,29,376.9125615763547,533.8956822859074,NA,376.9125615763547,geo_region,1
NA,110,ornamentals,2021,NA,NA,r2,29,436.10700757575756,482.4878993830671,NA,436.10700757575756,geo_region,1
NA,110,ornamentals,2022,NA,NA,r2,29,276.10143369175626,313.3104942475703,NA,276.10143369175626,geo_region,1
NA,110,ornamentals,2023,NA,NA,r2,29,119.78405797101449,267.14713099669086,NA,119.78405797101449,geo_region,1
NA,110,fish_oil,2019,NA,NA,r2,29,8.507692307692308,4.173549943898697,NA,8.507692307692308,geo_region,1
NA,110,fish_oil,2020,NA,NA,r2,29,3,8.734880162391821,NA,3,geo_region,1
NA,110,fish_oil,2021,NA,NA,r2,29,3,9.479579859767002,NA,3,geo_region,1
NA,110,fish_oil,2022,NA,NA,r2,29,2.545454545454546,9.100285927081373,NA,2.545454545454546,geo_region,1
NA,110,fish_oil,2023,NA,NA,r2,29,4.375,7.052039687792173,NA,4.375,geo_region,1
NA,111,seaweeds,2019,NA,NA,r2,29,7.690095617169096,12.69438158351965,NA,7.690095617169096,geo_region,1
NA,111,seaweeds,2020,NA,NA,r2,29,8.306753325581568,13.195661535326474,NA,8.306753325581568,geo_region,1
NA,111,seaweeds,2021,NA,NA,r2,29,12.584028343854218,12.608422069047505,NA,12.584028343854218,geo_region,1
NA,111,seaweeds,2022,NA,NA,r2,29,10.371848997569245,9.005880754555477,NA,10.371848997569245,geo_region,1
NA,111,seaweeds,2023,NA,NA,r2,29,12.215996765972854,10.475280391460174,NA,12.215996765972854,geo_region,1
NA,111,ornamentals,2019,NA,NA,r2,29,689.7153679653678,762.3986858156522,NA,689.7153679653678,geo_region,1
NA,111,ornamentals,2020,NA,NA,r2,29,376.9125615763547,533.8956822859074,NA,376.9125615763547,geo_region,1
NA,111,ornamentals,2021,NA,NA,r2,29,436.10700757575756,482.4878993830671,NA,436.10700757575756,geo_region,1
NA,111,ornamentals,2022,NA,NA,r2,29,276.10143369175626,313.3104942475703,NA,276.10143369175626,geo_region,1
NA,111,ornamentals,2023,NA,NA,r2,29,119.78405797101449,267.14713099669086,NA,119.78405797101449,geo_region,1
NA,111,fish_oil,2019,NA,NA,r2,29,8.507692307692308,4.173549943898697,NA,8.507692307692308,geo_region,1
NA,111,fish_oil,2020,NA,NA,r2,29,3,8.734880162391821,NA,3,geo_region,1
NA,111,fish_oil,2021,NA,NA,r2,29,3,9.479579859767002,NA,3,geo_region,1
NA,111,fish_oil,2022,NA,NA,r2,29,2.545454545454546,9.100285927081373,NA,2.545454545454546,geo_region,1
NA,111,fish_oil,2023,NA,NA,r2,29,4.375,7.052039687792173,NA,4.375,geo_region,1
Cuba,112,ornamentals,2019,0.07,5.34,r2,29,689.7153679653678,762.3986858156522,76.28571428571428,76.28571428571428,none,0
Cuba,112,ornamentals,2020,1.14,14.44,r2,29,376.9125615763547,533.8956822859074,12.666666666666668,12.666666666666668,none,0
Cuba,112,ornamentals,2021,0.33,26.61,r2,29,436.10700757575756,482.4878993830671,80.63636363636363,80.63636363636363,none,0
Cuba,112,ornamentals,2022,0.31,25.07,r2,29,276.10143369175626,313.3104942475703,80.87096774193549,80.87096774193549,none,0
Cuba,112,ornamentals,2023,0.23,31.2,r2,29,119.78405797101449,267.14713099669086,135.65217391304347,135.65217391304347,none,0
Cuba,112,seaweeds,2019,0,0,r2,29,7.690095617169096,12.69438158351965,NA,7.690095617169096,geo_region,1
Cuba,112,seaweeds,2020,0,0,r2,29,8.306753325581568,13.195661535326474,NA,8.306753325581568,geo_region,1
Cuba,112,seaweeds,2021,0,0,r2,29,12.584028343854218,12.608422069047505,NA,12.584028343854218,geo_region,1
Cuba,112,seaweeds,2022,0,0,r2,29,10.371848997569245,9.005880754555477,NA,10.371848997569245,geo_region,1
Cuba,112,seaweeds,2023,0,0,r2,29,12.215996765972854,10.475280391460174,NA,12.215996765972854,geo_region,1
NA,112,fish_oil,2019,NA,NA,r2,29,8.507692307692308,4.173549943898697,NA,8.507692307692308,geo_region,1
NA,112,fish_oil,2020,NA,NA,r2,29,3,8.734880162391821,NA,3,geo_region,1
NA,112,fish_oil,2021,NA,NA,r2,29,3,9.479579859767002,NA,3,geo_region,1
NA,112,fish_oil,2022,NA,NA,r2,29,2.545454545454546,9.100285927081373,NA,2.545454545454546,geo_region,1
NA,112,fish_oil,2023,NA,NA,r2,29,4.375,7.052039687792173,NA,4.375,geo_region,1
NA,113,seaweeds,2019,NA,NA,r2,29,7.690095617169096,12.69438158351965,NA,7.690095617169096,geo_region,1
NA,113,seaweeds,2020,NA,NA,r2,29,8.306753325581568,13.195661535326474,NA,8.306753325581568,geo_region,1
NA,113,seaweeds,2021,NA,NA,r2,29,12.584028343854218,12.608422069047505,NA,12.584028343854218,geo_region,1
NA,113,seaweeds,2022,NA,NA,r2,29,10.371848997569245,9.005880754555477,NA,10.371848997569245,geo_region,1
NA,113,seaweeds,2023,NA,NA,r2,29,12.215996765972854,10.475280391460174,NA,12.215996765972854,geo_region,1
NA,113,ornamentals,2019,NA,NA,r2,29,689.7153679653678,762.3986858156522,NA,689.7153679653678,geo_region,1
NA,113,ornamentals,2020,NA,NA,r2,29,376.9125615763547,533.8956822859074,NA,376.9125615763547,geo_region,1
NA,113,ornamentals,2021,NA,NA,r2,29,436.10700757575756,482.4878993830671,NA,436.10700757575756,geo_region,1
NA,113,ornamentals,2022,NA,NA,r2,29,276.10143369175626,313.3104942475703,NA,276.10143369175626,geo_region,1
NA,113,ornamentals,2023,NA,NA,r2,29,119.78405797101449,267.14713099669086,NA,119.78405797101449,geo_region,1
NA,113,fish_oil,2019,NA,NA,r2,29,8.507692307692308,4.173549943898697,NA,8.507692307692308,geo_region,1
NA,113,fish_oil,2020,NA,NA,r2,29,3,8.734880162391821,NA,3,geo_region,1
NA,113,fish_oil,2021,NA,NA,r2,29,3,9.479579859767002,NA,3,geo_region,1
NA,113,fish_oil,2022,NA,NA,r2,29,2.545454545454546,9.100285927081373,NA,2.545454545454546,geo_region,1
NA,113,fish_oil,2023,NA,NA,r2,29,4.375,7.052039687792173,NA,4.375,geo_region,1
Haiti,114,ornamentals,2019,0.22,586.06,r2,29,689.7153679653678,762.3986858156522,2663.9090909090905,2663.9090909090905,none,0
Haiti,114,ornamentals,2020,0.21,310.63,r2,29,376.9125615763547,533.8956822859074,1479.1904761904761,1479.1904761904761,none,0
Haiti,114,ornamentals,2021,0.08,132.18,r2,29,436.10700757575756,482.4878993830671,1652.25,1652.25,none,0
Haiti,114,ornamentals,2022,0.2,148.82,r2,29,276.10143369175626,313.3104942475703,744.0999999999999,744.0999999999999,none,0
Haiti,114,ornamentals,2023,0.05,10.96,r2,29,119.78405797101449,267.14713099669086,219.20000000000002,219.20000000000002,none,0
NA,114,seaweeds,2019,NA,NA,r2,29,7.690095617169096,12.69438158351965,NA,7.690095617169096,geo_region,1
NA,114,seaweeds,2020,NA,NA,r2,29,8.306753325581568,13.195661535326474,NA,8.306753325581568,geo_region,1
NA,114,seaweeds,2021,NA,NA,r2,29,12.584028343854218,12.608422069047505,NA,12.584028343854218,geo_region,1
NA,114,seaweeds,2022,NA,NA,r2,29,10.371848997569245,9.005880754555477,NA,10.371848997569245,geo_region,1
NA,114,seaweeds,2023,NA,NA,r2,29,12.215996765972854,10.475280391460174,NA,12.215996765972854,geo_region,1
NA,114,fish_oil,2019,NA,NA,r2,29,8.507692307692308,4.173549943898697,NA,8.507692307692308,geo_region,1
NA,114,fish_oil,2020,NA,NA,r2,29,3,8.734880162391821,NA,3,geo_region,1
NA,114,fish_oil,2021,NA,NA,r2,29,3,9.479579859767002,NA,3,geo_region,1
NA,114,fish_oil,2022,NA,NA,r2,29,2.545454545454546,9.100285927081373,NA,2.545454545454546,geo_region,1
NA,114,fish_oil,2023,NA,NA,r2,29,4.375,7.052039687792173,NA,4.375,geo_region,1
Dominican Republic,115,fish_oil,2019,0.13,1.48,r2,29,8.507692307692308,4.173549943898697,11.384615384615383,11.384615384615383,none,0
Dominican Republic,115,fish_oil,2020,0,0,r2,29,3,8.734880162391821,NA,3,geo_region,1
Dominican Republic,115,fish_oil,2021,0,0,r2,29,3,9.479579859767002,NA,3,geo_region,1
Dominican Republic,115,fish_oil,2022,0,0,r2,29,2.545454545454546,9.100285927081373,NA,2.545454545454546,geo_region,1
Dominican Republic,115,fish_oil,2023,0,0,r2,29,4.375,7.052039687792173,NA,4.375,geo_region,1
Dominican Republic,115,ornamentals,2019,0.03,0.5,r2,29,689.7153679653678,762.3986858156522,16.666666666666668,16.666666666666668,none,0
Dominican Republic,115,ornamentals,2020,0.1,0.7,r2,29,376.9125615763547,533.8956822859074,6.999999999999999,6.999999999999999,none,0
Dominican Republic,115,ornamentals,2021,0.06,0.33,r2,29,436.10700757575756,482.4878993830671,5.500000000000001,5.500000000000001,none,0
Dominican Republic,115,ornamentals,2022,0,0,r2,29,276.10143369175626,313.3104942475703,NA,276.10143369175626,geo_region,1
Dominican Republic,115,ornamentals,2023,0,0,r2,29,119.78405797101449,267.14713099669086,NA,119.78405797101449,geo_region,1
Dominican Republic,115,seaweeds,2019,0.47,5.8500000000000005,r2,29,7.690095617169096,12.69438158351965,12.4468085106383,12.4468085106383,none,0
Dominican Republic,115,seaweeds,2020,0.8400000000000001,4,r2,29,8.306753325581568,13.195661535326474,4.761904761904762,4.761904761904762,none,0
Dominican Republic,115,seaweeds,2021,1.56,7.49,r2,29,12.584028343854218,12.608422069047505,4.801282051282051,4.801282051282051,none,0
Dominican Republic,115,seaweeds,2022,3.12,4.82,r2,29,10.371848997569245,9.005880754555477,1.544871794871795,1.544871794871795,none,0
Dominican Republic,115,seaweeds,2023,1,2.37,r2,29,12.215996765972854,10.475280391460174,2.37,2.37,none,0
NA,116,seaweeds,2019,NA,NA,NA,NA,7.721455306187844,12.69438158351965,NA,7.721455306187844,geo_region,1
NA,116,seaweeds,2020,NA,NA,NA,NA,13.415586823971827,13.195661535326474,NA,13.415586823971827,geo_region,1
NA,116,seaweeds,2021,NA,NA,NA,NA,35.35252514707192,12.608422069047505,NA,35.35252514707192,geo_region,1
NA,116,seaweeds,2022,NA,NA,NA,NA,35.09600963246095,9.005880754555477,NA,35.09600963246095,geo_region,1
NA,116,seaweeds,2023,NA,NA,NA,NA,39.335083874458874,10.475280391460174,NA,39.335083874458874,geo_region,1
NA,116,ornamentals,2019,NA,NA,NA,NA,200.9768418030223,762.3986858156522,NA,200.9768418030223,geo_region,1
NA,116,ornamentals,2020,NA,NA,NA,NA,584.9666258893922,533.8956822859074,NA,584.9666258893922,geo_region,1
NA,116,ornamentals,2021,NA,NA,NA,NA,718.4772831885801,482.4878993830671,NA,718.4772831885801,geo_region,1
NA,116,ornamentals,2022,NA,NA,NA,NA,119.35197331496364,313.3104942475703,NA,119.35197331496364,geo_region,1
NA,116,ornamentals,2023,NA,NA,NA,NA,81.34777639315145,267.14713099669086,NA,81.34777639315145,geo_region,1
NA,116,fish_oil,2019,NA,NA,NA,NA,1.4235776800097977,4.173549943898697,NA,1.4235776800097977,geo_region,1
NA,116,fish_oil,2020,NA,NA,NA,NA,1.587472022331214,8.734880162391821,NA,1.587472022331214,geo_region,1
NA,116,fish_oil,2021,NA,NA,NA,NA,1.7024125352346209,9.479579859767002,NA,1.7024125352346209,geo_region,1
NA,116,fish_oil,2022,NA,NA,NA,NA,1.6479230480227982,9.100285927081373,NA,1.6479230480227982,geo_region,1
NA,116,fish_oil,2023,NA,NA,NA,NA,5.563146475908016,7.052039687792173,NA,5.563146475908016,geo_region,1
NA,117,seaweeds,2019,NA,NA,r2,29,7.690095617169096,12.69438158351965,NA,7.690095617169096,geo_region,1
NA,117,seaweeds,2020,NA,NA,r2,29,8.306753325581568,13.195661535326474,NA,8.306753325581568,geo_region,1
NA,117,seaweeds,2021,NA,NA,r2,29,12.584028343854218,12.608422069047505,NA,12.584028343854218,geo_region,1
NA,117,seaweeds,2022,NA,NA,r2,29,10.371848997569245,9.005880754555477,NA,10.371848997569245,geo_region,1
NA,117,seaweeds,2023,NA,NA,r2,29,12.215996765972854,10.475280391460174,NA,12.215996765972854,geo_region,1
NA,117,ornamentals,2019,NA,NA,r2,29,689.7153679653678,762.3986858156522,NA,689.7153679653678,geo_region,1
NA,117,ornamentals,2020,NA,NA,r2,29,376.9125615763547,533.8956822859074,NA,376.9125615763547,geo_region,1
NA,117,ornamentals,2021,NA,NA,r2,29,436.10700757575756,482.4878993830671,NA,436.10700757575756,geo_region,1
NA,117,ornamentals,2022,NA,NA,r2,29,276.10143369175626,313.3104942475703,NA,276.10143369175626,geo_region,1
NA,117,ornamentals,2023,NA,NA,r2,29,119.78405797101449,267.14713099669086,NA,119.78405797101449,geo_region,1
NA,117,fish_oil,2019,NA,NA,r2,29,8.507692307692308,4.173549943898697,NA,8.507692307692308,geo_region,1
NA,117,fish_oil,2020,NA,NA,r2,29,3,8.734880162391821,NA,3,geo_region,1
NA,117,fish_oil,2021,NA,NA,r2,29,3,9.479579859767002,NA,3,geo_region,1
NA,117,fish_oil,2022,NA,NA,r2,29,2.545454545454546,9.100285927081373,NA,2.545454545454546,geo_region,1
NA,117,fish_oil,2023,NA,NA,r2,29,4.375,7.052039687792173,NA,4.375,geo_region,1
NA,118,seaweeds,2019,NA,NA,r2,29,7.690095617169096,12.69438158351965,NA,7.690095617169096,geo_region,1
NA,118,seaweeds,2020,NA,NA,r2,29,8.306753325581568,13.195661535326474,NA,8.306753325581568,geo_region,1
NA,118,seaweeds,2021,NA,NA,r2,29,12.584028343854218,12.608422069047505,NA,12.584028343854218,geo_region,1
NA,118,seaweeds,2022,NA,NA,r2,29,10.371848997569245,9.005880754555477,NA,10.371848997569245,geo_region,1
NA,118,seaweeds,2023,NA,NA,r2,29,12.215996765972854,10.475280391460174,NA,12.215996765972854,geo_region,1
NA,118,ornamentals,2019,NA,NA,r2,29,689.7153679653678,762.3986858156522,NA,689.7153679653678,geo_region,1
NA,118,ornamentals,2020,NA,NA,r2,29,376.9125615763547,533.8956822859074,NA,376.9125615763547,geo_region,1
NA,118,ornamentals,2021,NA,NA,r2,29,436.10700757575756,482.4878993830671,NA,436.10700757575756,geo_region,1
NA,118,ornamentals,2022,NA,NA,r2,29,276.10143369175626,313.3104942475703,NA,276.10143369175626,geo_region,1
NA,118,ornamentals,2023,NA,NA,r2,29,119.78405797101449,267.14713099669086,NA,119.78405797101449,geo_region,1
NA,118,fish_oil,2019,NA,NA,r2,29,8.507692307692308,4.173549943898697,NA,8.507692307692308,geo_region,1
NA,118,fish_oil,2020,NA,NA,r2,29,3,8.734880162391821,NA,3,geo_region,1
NA,118,fish_oil,2021,NA,NA,r2,29,3,9.479579859767002,NA,3,geo_region,1
NA,118,fish_oil,2022,NA,NA,r2,29,2.545454545454546,9.100285927081373,NA,2.545454545454546,geo_region,1
NA,118,fish_oil,2023,NA,NA,r2,29,4.375,7.052039687792173,NA,4.375,geo_region,1
Saint Kitts and Nevis,119,seaweeds,2019,0,0,r2,29,7.690095617169096,12.69438158351965,NA,7.690095617169096,geo_region,1
Saint Kitts and Nevis,119,seaweeds,2020,0,0,r2,29,8.306753325581568,13.195661535326474,NA,8.306753325581568,geo_region,1
Saint Kitts and Nevis,119,seaweeds,2021,0,0,r2,29,12.584028343854218,12.608422069047505,NA,12.584028343854218,geo_region,1
Saint Kitts and Nevis,119,seaweeds,2022,0,0,r2,29,10.371848997569245,9.005880754555477,NA,10.371848997569245,geo_region,1
Saint Kitts and Nevis,119,seaweeds,2023,0,0,r2,29,12.215996765972854,10.475280391460174,NA,12.215996765972854,geo_region,1
NA,119,ornamentals,2019,NA,NA,r2,29,689.7153679653678,762.3986858156522,NA,689.7153679653678,geo_region,1
NA,119,ornamentals,2020,NA,NA,r2,29,376.9125615763547,533.8956822859074,NA,376.9125615763547,geo_region,1
NA,119,ornamentals,2021,NA,NA,r2,29,436.10700757575756,482.4878993830671,NA,436.10700757575756,geo_region,1
NA,119,ornamentals,2022,NA,NA,r2,29,276.10143369175626,313.3104942475703,NA,276.10143369175626,geo_region,1
NA,119,ornamentals,2023,NA,NA,r2,29,119.78405797101449,267.14713099669086,NA,119.78405797101449,geo_region,1
NA,119,fish_oil,2019,NA,NA,r2,29,8.507692307692308,4.173549943898697,NA,8.507692307692308,geo_region,1
NA,119,fish_oil,2020,NA,NA,r2,29,3,8.734880162391821,NA,3,geo_region,1
NA,119,fish_oil,2021,NA,NA,r2,29,3,9.479579859767002,NA,3,geo_region,1
NA,119,fish_oil,2022,NA,NA,r2,29,2.545454545454546,9.100285927081373,NA,2.545454545454546,geo_region,1
NA,119,fish_oil,2023,NA,NA,r2,29,4.375,7.052039687792173,NA,4.375,geo_region,1
NA,120,seaweeds,2019,NA,NA,r2,29,7.690095617169096,12.69438158351965,NA,7.690095617169096,geo_region,1
NA,120,seaweeds,2020,NA,NA,r2,29,8.306753325581568,13.195661535326474,NA,8.306753325581568,geo_region,1
NA,120,seaweeds,2021,NA,NA,r2,29,12.584028343854218,12.608422069047505,NA,12.584028343854218,geo_region,1
NA,120,seaweeds,2022,NA,NA,r2,29,10.371848997569245,9.005880754555477,NA,10.371848997569245,geo_region,1
NA,120,seaweeds,2023,NA,NA,r2,29,12.215996765972854,10.475280391460174,NA,12.215996765972854,geo_region,1
NA,120,ornamentals,2019,NA,NA,r2,29,689.7153679653678,762.3986858156522,NA,689.7153679653678,geo_region,1
NA,120,ornamentals,2020,NA,NA,r2,29,376.9125615763547,533.8956822859074,NA,376.9125615763547,geo_region,1
NA,120,ornamentals,2021,NA,NA,r2,29,436.10700757575756,482.4878993830671,NA,436.10700757575756,geo_region,1
NA,120,ornamentals,2022,NA,NA,r2,29,276.10143369175626,313.3104942475703,NA,276.10143369175626,geo_region,1
NA,120,ornamentals,2023,NA,NA,r2,29,119.78405797101449,267.14713099669086,NA,119.78405797101449,geo_region,1
NA,120,fish_oil,2019,NA,NA,r2,29,8.507692307692308,4.173549943898697,NA,8.507692307692308,geo_region,1
NA,120,fish_oil,2020,NA,NA,r2,29,3,8.734880162391821,NA,3,geo_region,1
NA,120,fish_oil,2021,NA,NA,r2,29,3,9.479579859767002,NA,3,geo_region,1
NA,120,fish_oil,2022,NA,NA,r2,29,2.545454545454546,9.100285927081373,NA,2.545454545454546,geo_region,1
NA,120,fish_oil,2023,NA,NA,r2,29,4.375,7.052039687792173,NA,4.375,geo_region,1
NA,121,seaweeds,2019,NA,NA,r2,29,7.690095617169096,12.69438158351965,NA,7.690095617169096,geo_region,1
NA,121,seaweeds,2020,NA,NA,r2,29,8.306753325581568,13.195661535326474,NA,8.306753325581568,geo_region,1
NA,121,seaweeds,2021,NA,NA,r2,29,12.584028343854218,12.608422069047505,NA,12.584028343854218,geo_region,1
NA,121,seaweeds,2022,NA,NA,r2,29,10.371848997569245,9.005880754555477,NA,10.371848997569245,geo_region,1
NA,121,seaweeds,2023,NA,NA,r2,29,12.215996765972854,10.475280391460174,NA,12.215996765972854,geo_region,1
NA,121,ornamentals,2019,NA,NA,r2,29,689.7153679653678,762.3986858156522,NA,689.7153679653678,geo_region,1
NA,121,ornamentals,2020,NA,NA,r2,29,376.9125615763547,533.8956822859074,NA,376.9125615763547,geo_region,1
NA,121,ornamentals,2021,NA,NA,r2,29,436.10700757575756,482.4878993830671,NA,436.10700757575756,geo_region,1
NA,121,ornamentals,2022,NA,NA,r2,29,276.10143369175626,313.3104942475703,NA,276.10143369175626,geo_region,1
NA,121,ornamentals,2023,NA,NA,r2,29,119.78405797101449,267.14713099669086,NA,119.78405797101449,geo_region,1
NA,121,fish_oil,2019,NA,NA,r2,29,8.507692307692308,4.173549943898697,NA,8.507692307692308,geo_region,1
NA,121,fish_oil,2020,NA,NA,r2,29,3,8.734880162391821,NA,3,geo_region,1
NA,121,fish_oil,2021,NA,NA,r2,29,3,9.479579859767002,NA,3,geo_region,1
NA,121,fish_oil,2022,NA,NA,r2,29,2.545454545454546,9.100285927081373,NA,2.545454545454546,geo_region,1
NA,121,fish_oil,2023,NA,NA,r2,29,4.375,7.052039687792173,NA,4.375,geo_region,1
Saint Lucia,122,seaweeds,2019,7.85,142.79,r2,29,7.690095617169096,12.69438158351965,18.189808917197453,18.189808917197453,none,0
Saint Lucia,122,seaweeds,2020,110.95,1709.37,r2,29,8.306753325581568,13.195661535326474,15.406669671022982,15.406669671022982,none,0
Saint Lucia,122,seaweeds,2021,88.96000000000001,1572.07,r2,29,12.584028343854218,12.608422069047505,17.671650179856112,17.671650179856112,none,0
Saint Lucia,122,seaweeds,2022,74.45,1150.01,r2,29,10.371848997569245,9.005880754555477,15.446742780389522,15.446742780389522,none,0
Saint Lucia,122,seaweeds,2023,93.52,1672.87,r2,29,12.215996765972854,10.475280391460174,17.887831479897347,17.887831479897347,none,0
NA,122,ornamentals,2019,NA,NA,r2,29,689.7153679653678,762.3986858156522,NA,689.7153679653678,geo_region,1
NA,122,ornamentals,2020,NA,NA,r2,29,376.9125615763547,533.8956822859074,NA,376.9125615763547,geo_region,1
NA,122,ornamentals,2021,NA,NA,r2,29,436.10700757575756,482.4878993830671,NA,436.10700757575756,geo_region,1
NA,122,ornamentals,2022,NA,NA,r2,29,276.10143369175626,313.3104942475703,NA,276.10143369175626,geo_region,1
NA,122,ornamentals,2023,NA,NA,r2,29,119.78405797101449,267.14713099669086,NA,119.78405797101449,geo_region,1
NA,122,fish_oil,2019,NA,NA,r2,29,8.507692307692308,4.173549943898697,NA,8.507692307692308,geo_region,1
NA,122,fish_oil,2020,NA,NA,r2,29,3,8.734880162391821,NA,3,geo_region,1
NA,122,fish_oil,2021,NA,NA,r2,29,3,9.479579859767002,NA,3,geo_region,1
NA,122,fish_oil,2022,NA,NA,r2,29,2.545454545454546,9.100285927081373,NA,2.545454545454546,geo_region,1
NA,122,fish_oil,2023,NA,NA,r2,29,4.375,7.052039687792173,NA,4.375,geo_region,1
Dominica,123,seaweeds,2019,0,0,r2,29,7.690095617169096,12.69438158351965,NA,7.690095617169096,geo_region,1
Dominica,123,seaweeds,2020,0,0,r2,29,8.306753325581568,13.195661535326474,NA,8.306753325581568,geo_region,1
Dominica,123,seaweeds,2021,0,0,r2,29,12.584028343854218,12.608422069047505,NA,12.584028343854218,geo_region,1
Dominica,123,seaweeds,2022,0,0,r2,29,10.371848997569245,9.005880754555477,NA,10.371848997569245,geo_region,1
Dominica,123,seaweeds,2023,0,0,r2,29,12.215996765972854,10.475280391460174,NA,12.215996765972854,geo_region,1
NA,123,ornamentals,2019,NA,NA,r2,29,689.7153679653678,762.3986858156522,NA,689.7153679653678,geo_region,1
NA,123,ornamentals,2020,NA,NA,r2,29,376.9125615763547,533.8956822859074,NA,376.9125615763547,geo_region,1
NA,123,ornamentals,2021,NA,NA,r2,29,436.10700757575756,482.4878993830671,NA,436.10700757575756,geo_region,1
NA,123,ornamentals,2022,NA,NA,r2,29,276.10143369175626,313.3104942475703,NA,276.10143369175626,geo_region,1
NA,123,ornamentals,2023,NA,NA,r2,29,119.78405797101449,267.14713099669086,NA,119.78405797101449,geo_region,1
NA,123,fish_oil,2019,NA,NA,r2,29,8.507692307692308,4.173549943898697,NA,8.507692307692308,geo_region,1
NA,123,fish_oil,2020,NA,NA,r2,29,3,8.734880162391821,NA,3,geo_region,1
NA,123,fish_oil,2021,NA,NA,r2,29,3,9.479579859767002,NA,3,geo_region,1
NA,123,fish_oil,2022,NA,NA,r2,29,2.545454545454546,9.100285927081373,NA,2.545454545454546,geo_region,1
NA,123,fish_oil,2023,NA,NA,r2,29,4.375,7.052039687792173,NA,4.375,geo_region,1
Barbados,124,fish_oil,2019,0.65,3.66,r2,29,8.507692307692308,4.173549943898697,5.630769230769231,5.630769230769231,none,0
Barbados,124,fish_oil,2020,0,0,r2,29,3,8.734880162391821,NA,3,geo_region,1
Barbados,124,fish_oil,2021,0,0,r2,29,3,9.479579859767002,NA,3,geo_region,1
Barbados,124,fish_oil,2022,0,0,r2,29,2.545454545454546,9.100285927081373,NA,2.545454545454546,geo_region,1
Barbados,124,fish_oil,2023,0,0,r2,29,4.375,7.052039687792173,NA,4.375,geo_region,1
Barbados,124,ornamentals,2019,0,0,r2,29,689.7153679653678,762.3986858156522,NA,689.7153679653678,geo_region,1
Barbados,124,ornamentals,2020,0,0,r2,29,376.9125615763547,533.8956822859074,NA,376.9125615763547,geo_region,1
Barbados,124,ornamentals,2021,0,0,r2,29,436.10700757575756,482.4878993830671,NA,436.10700757575756,geo_region,1
Barbados,124,ornamentals,2022,0,0,r2,29,276.10143369175626,313.3104942475703,NA,276.10143369175626,geo_region,1
Barbados,124,ornamentals,2023,0,0,r2,29,119.78405797101449,267.14713099669086,NA,119.78405797101449,geo_region,1
Barbados,124,seaweeds,2019,0.01,0.01,r2,29,7.690095617169096,12.69438158351965,1,1,none,0
Barbados,124,seaweeds,2020,0,0,r2,29,8.306753325581568,13.195661535326474,NA,8.306753325581568,geo_region,1
Barbados,124,seaweeds,2021,0,0,r2,29,12.584028343854218,12.608422069047505,NA,12.584028343854218,geo_region,1
Barbados,124,seaweeds,2022,0,0,r2,29,10.371848997569245,9.005880754555477,NA,10.371848997569245,geo_region,1
Barbados,124,seaweeds,2023,0,0,r2,29,12.215996765972854,10.475280391460174,NA,12.215996765972854,geo_region,1
Grenada,125,seaweeds,2020,0.14,1.34,r2,29,8.306753325581568,13.195661535326474,9.571428571428571,9.571428571428571,none,0
Grenada,125,seaweeds,2021,1.53,16.939999999999998,r2,29,12.584028343854218,12.608422069047505,11.0718954248366,11.0718954248366,none,0
Grenada,125,seaweeds,2022,3.24,32.77,r2,29,10.371848997569245,9.005880754555477,10.114197530864198,10.114197530864198,none,0
Grenada,125,seaweeds,2023,3.03,71.55999999999999,r2,29,12.215996765972854,10.475280391460174,23.617161716171616,23.617161716171616,none,0
NA,125,seaweeds,2019,NA,NA,r2,29,7.690095617169096,12.69438158351965,NA,7.690095617169096,geo_region,1
NA,125,ornamentals,2019,NA,NA,r2,29,689.7153679653678,762.3986858156522,NA,689.7153679653678,geo_region,1
NA,125,ornamentals,2020,NA,NA,r2,29,376.9125615763547,533.8956822859074,NA,376.9125615763547,geo_region,1
NA,125,ornamentals,2021,NA,NA,r2,29,436.10700757575756,482.4878993830671,NA,436.10700757575756,geo_region,1
NA,125,ornamentals,2022,NA,NA,r2,29,276.10143369175626,313.3104942475703,NA,276.10143369175626,geo_region,1
NA,125,ornamentals,2023,NA,NA,r2,29,119.78405797101449,267.14713099669086,NA,119.78405797101449,geo_region,1
NA,125,fish_oil,2019,NA,NA,r2,29,8.507692307692308,4.173549943898697,NA,8.507692307692308,geo_region,1
NA,125,fish_oil,2020,NA,NA,r2,29,3,8.734880162391821,NA,3,geo_region,1
NA,125,fish_oil,2021,NA,NA,r2,29,3,9.479579859767002,NA,3,geo_region,1
NA,125,fish_oil,2022,NA,NA,r2,29,2.545454545454546,9.100285927081373,NA,2.545454545454546,geo_region,1
NA,125,fish_oil,2023,NA,NA,r2,29,4.375,7.052039687792173,NA,4.375,geo_region,1
Trinidad and Tobago,126,fish_oil,2019,0,0,r2,29,8.507692307692308,4.173549943898697,NA,8.507692307692308,geo_region,1
Trinidad and Tobago,126,fish_oil,2020,0.04,0.12,r2,29,3,8.734880162391821,3,3,none,0
Trinidad and Tobago,126,fish_oil,2021,0,0,r2,29,3,9.479579859767002,NA,3,geo_region,1
Trinidad and Tobago,126,fish_oil,2022,0,0,r2,29,2.545454545454546,9.100285927081373,NA,2.545454545454546,geo_region,1
Trinidad and Tobago,126,fish_oil,2023,0,0.04,r2,29,4.375,7.052039687792173,NA,4.375,geo_region,1
Trinidad and Tobago,126,ornamentals,2019,0.06,0.12,r2,29,689.7153679653678,762.3986858156522,2,2,none,0
Trinidad and Tobago,126,ornamentals,2020,0.29,2.55,r2,29,376.9125615763547,533.8956822859074,8.793103448275861,8.793103448275861,none,0
Trinidad and Tobago,126,ornamentals,2021,0.24,1.45,r2,29,436.10700757575756,482.4878993830671,6.041666666666667,6.041666666666667,none,0
Trinidad and Tobago,126,ornamentals,2022,0.15,0.5,r2,29,276.10143369175626,313.3104942475703,3.3333333333333335,3.3333333333333335,none,0
Trinidad and Tobago,126,ornamentals,2023,0.02,0.09,r2,29,119.78405797101449,267.14713099669086,4.5,4.5,none,0
Trinidad and Tobago,126,seaweeds,2019,47.97,118.55,r2,29,7.690095617169096,12.69438158351965,2.4713362518240567,2.4713362518240567,none,0
Trinidad and Tobago,126,seaweeds,2020,63.34,142.74,r2,29,8.306753325581568,13.195661535326474,2.2535522576570886,2.2535522576570886,none,0
Trinidad and Tobago,126,seaweeds,2021,14.04,37.26,r2,29,12.584028343854218,12.608422069047505,2.6538461538461537,2.6538461538461537,none,0
Trinidad and Tobago,126,seaweeds,2022,5.739999999999999,24.11,r2,29,10.371848997569245,9.005880754555477,4.200348432055749,4.200348432055749,none,0
Trinidad and Tobago,126,seaweeds,2023,2.22,9.53,r2,29,12.215996765972854,10.475280391460174,4.292792792792792,4.292792792792792,none,0
Saint Vincent and the Grenadines,127,fish_oil,2019,0,0,r2,29,8.507692307692308,4.173549943898697,NA,8.507692307692308,geo_region,1
Saint Vincent and the Grenadines,127,fish_oil,2020,0,0,r2,29,3,8.734880162391821,NA,3,geo_region,1
Saint Vincent and the Grenadines,127,fish_oil,2021,0.04,0.12,r2,29,3,9.479579859767002,3,3,none,0
Saint Vincent and the Grenadines,127,fish_oil,2022,0.11,0.28,r2,29,2.545454545454546,9.100285927081373,2.545454545454546,2.545454545454546,none,0
Saint Vincent and the Grenadines,127,fish_oil,2023,0.08,0.35,r2,29,4.375,7.052039687792173,4.375,4.375,none,0
Saint Vincent and the Grenadines,127,seaweeds,2019,2.86,10.23,r2,29,7.690095617169096,12.69438158351965,3.576923076923077,3.576923076923077,none,0
Saint Vincent and the Grenadines,127,seaweeds,2020,17.77,71.08,r2,29,8.306753325581568,13.195661535326474,4,4,none,0
Saint Vincent and the Grenadines,127,seaweeds,2021,2.19,35.13,r2,29,12.584028343854218,12.608422069047505,16.04109589041096,16.04109589041096,none,0
Saint Vincent and the Grenadines,127,seaweeds,2022,6.19,122.8,r2,29,10.371848997569245,9.005880754555477,19.838449111470112,19.838449111470112,none,0
Saint Vincent and the Grenadines,127,seaweeds,2023,0.58,12.66,r2,29,12.215996765972854,10.475280391460174,21.827586206896555,21.827586206896555,none,0
NA,127,ornamentals,2019,NA,NA,r2,29,689.7153679653678,762.3986858156522,NA,689.7153679653678,geo_region,1
NA,127,ornamentals,2020,NA,NA,r2,29,376.9125615763547,533.8956822859074,NA,376.9125615763547,geo_region,1
NA,127,ornamentals,2021,NA,NA,r2,29,436.10700757575756,482.4878993830671,NA,436.10700757575756,geo_region,1
NA,127,ornamentals,2022,NA,NA,r2,29,276.10143369175626,313.3104942475703,NA,276.10143369175626,geo_region,1
NA,127,ornamentals,2023,NA,NA,r2,29,119.78405797101449,267.14713099669086,NA,119.78405797101449,geo_region,1
Panama,129,fish_oil,2019,21675.26,31066.47,r2,13,1.2829220392468832,4.173549943898697,1.4332686205378853,1.4332686205378853,none,0
Panama,129,fish_oil,2020,11333.26,20216.43,r2,13,1.1054115993312974,8.734880162391821,1.7838141893859314,1.7838141893859314,none,0
Panama,129,fish_oil,2021,5483.91,8360.9,r2,13,1.0602939835442362,9.479579859767002,1.5246238541478616,1.5246238541478616,none,0
Panama,129,fish_oil,2022,2594.98,5214.23,r2,13,1.6189612173488086,9.100285927081373,2.0093526732383293,2.0093526732383293,none,0
Panama,129,fish_oil,2023,7493.13,33322.85,r2,13,2.8218430172056026,7.052039687792173,4.447120228796244,4.447120228796244,none,0
Panama,129,ornamentals,2019,0,0,r2,13,5.812758375677731,762.3986858156522,NA,5.812758375677731,geo_region,1
Panama,129,ornamentals,2020,0,0,r2,13,4.54232919166623,533.8956822859074,NA,4.54232919166623,geo_region,1
Panama,129,ornamentals,2021,0,0,r2,13,5.341789783072027,482.4878993830671,NA,5.341789783072027,geo_region,1
Panama,129,ornamentals,2022,0,0,r2,13,5.875928475662274,313.3104942475703,NA,5.875928475662274,geo_region,1
Panama,129,ornamentals,2023,0,0,r2,13,115.98509833957793,267.14713099669086,NA,115.98509833957793,geo_region,1
Panama,129,seaweeds,2019,0,0,r2,13,38.25392067700763,12.69438158351965,NA,38.25392067700763,geo_region,1
Panama,129,seaweeds,2020,12.5,15,r2,13,45.72751616831504,13.195661535326474,1.2,1.2,none,0
Panama,129,seaweeds,2021,12.5,15,r2,13,39.964238350899755,12.608422069047505,1.2,1.2,none,0
Panama,129,seaweeds,2022,16.67,20,r2,13,3.4276979704341715,9.005880754555477,1.1997600479904018,1.1997600479904018,none,0
Panama,129,seaweeds,2023,11.77,14.13,r2,13,20.8376752590235,10.475280391460174,1.2005097706032286,1.2005097706032286,none,0
Costa Rica,130,fish_oil,2019,938.85,829.07,r2,13,1.2829220392468832,4.173549943898697,0.8830697129466901,0.8830697129466901,none,0
Costa Rica,130,fish_oil,2020,1304.91,1064.56,r2,13,1.1054115993312974,8.734880162391821,0.8158110521032101,0.8158110521032101,none,0
Costa Rica,130,fish_oil,2021,509.14,473.95,r2,13,1.0602939835442362,9.479579859767002,0.9308834505244137,0.9308834505244137,none,0
Costa Rica,130,fish_oil,2022,685.15,940.58,r2,13,1.6189612173488086,9.100285927081373,1.372808873969204,1.372808873969204,none,0
Costa Rica,130,fish_oil,2023,537.15,897.61,r2,13,2.8218430172056026,7.052039687792173,1.671060225262962,1.671060225262962,none,0
Costa Rica,130,ornamentals,2019,36.88,241.63,r2,13,5.812758375677731,762.3986858156522,6.551789587852494,6.551789587852494,none,0
Costa Rica,130,ornamentals,2020,23.89,124.27,r2,13,4.54232919166623,533.8956822859074,5.201758057764755,5.201758057764755,none,0
Costa Rica,130,ornamentals,2021,37.29,260.93,r2,13,5.341789783072027,482.4878993830671,6.997318315902387,6.997318315902387,none,0
Costa Rica,130,ornamentals,2022,27.46,176.01,r2,13,5.875928475662274,313.3104942475703,6.409686817188637,6.409686817188637,none,0
Costa Rica,130,ornamentals,2023,14.9,65.02,r2,13,115.98509833957793,267.14713099669086,4.363758389261744,4.363758389261744,none,0
Costa Rica,130,seaweeds,2019,0.25,0.19,r2,13,38.25392067700763,12.69438158351965,0.76,0.76,none,0
Costa Rica,130,seaweeds,2020,0,0,r2,13,45.72751616831504,13.195661535326474,NA,45.72751616831504,geo_region,1
Costa Rica,130,seaweeds,2021,0.05,0.25,r2,13,39.964238350899755,12.608422069047505,5,5,none,0
Costa Rica,130,seaweeds,2022,0,0.01,r2,13,3.4276979704341715,9.005880754555477,NA,3.4276979704341715,geo_region,1
Costa Rica,130,seaweeds,2023,0.81,6.63,r2,13,20.8376752590235,10.475280391460174,8.185185185185185,8.185185185185185,none,0
Nicaragua,131,fish_oil,2019,0,0,r2,13,1.2829220392468832,4.173549943898697,NA,1.2829220392468832,geo_region,1
Nicaragua,131,fish_oil,2020,576.6997057603439,0.01,r2,13,1.1054115993312974,8.734880162391821,1.7340046995195882e-5,1.7340046995195882e-5,none,0
Nicaragua,131,fish_oil,2021,486.0301955364703,0.01,r2,13,1.0602939835442362,9.479579859767002,2.057485335651256e-5,2.057485335651256e-5,none,0
Nicaragua,131,fish_oil,2022,0,0,r2,13,1.6189612173488086,9.100285927081373,NA,1.6189612173488086,geo_region,1
Nicaragua,131,fish_oil,2023,63.8,241.42,r2,13,2.8218430172056026,7.052039687792173,3.784012539184953,3.784012539184953,none,0
Nicaragua,131,ornamentals,2019,511.14,2851.24,r2,13,5.812758375677731,762.3986858156522,5.578197754039989,5.578197754039989,none,0
Nicaragua,131,ornamentals,2020,6.39,19.11,r2,13,4.54232919166623,533.8956822859074,2.9906103286384975,2.9906103286384975,none,0
Nicaragua,131,ornamentals,2021,6.02,22.02,r2,13,5.341789783072027,482.4878993830671,3.6578073089700998,3.6578073089700998,none,0
Nicaragua,131,ornamentals,2022,7.99,22.68,r2,13,5.875928475662274,313.3104942475703,2.8385481852315393,2.8385481852315393,none,0
Nicaragua,131,ornamentals,2023,14.13,42.03,r2,13,115.98509833957793,267.14713099669086,2.9745222929936306,2.9745222929936306,none,0
NA,131,seaweeds,2019,NA,NA,r2,13,38.25392067700763,12.69438158351965,NA,38.25392067700763,geo_region,1
NA,131,seaweeds,2020,NA,NA,r2,13,45.72751616831504,13.195661535326474,NA,45.72751616831504,geo_region,1
NA,131,seaweeds,2021,NA,NA,r2,13,39.964238350899755,12.608422069047505,NA,39.964238350899755,geo_region,1
NA,131,seaweeds,2022,NA,NA,r2,13,3.4276979704341715,9.005880754555477,NA,3.4276979704341715,geo_region,1
NA,131,seaweeds,2023,NA,NA,r2,13,20.8376752590235,10.475280391460174,NA,20.8376752590235,geo_region,1
Colombia,132,fish_oil,2019,0,0,r2,5,1.4959554744275725,4.173549943898697,NA,1.4959554744275725,geo_region,1
Colombia,132,fish_oil,2020,5.824172369688518,0.83,r2,5,1.3051305686265848,8.734880162391821,0.14250951848878557,0.14250951848878557,none,0
Colombia,132,fish_oil,2021,1.81,20.95,r2,5,3.6412683917116913,9.479579859767002,11.574585635359115,11.574585635359115,none,0
Colombia,132,fish_oil,2022,8.39,83.11,r2,5,3.9514513763839147,9.100285927081373,9.905840286054826,9.905840286054826,none,0
Colombia,132,fish_oil,2023,8.33,86.96,r2,5,5.293764327395711,7.052039687792173,10.439375750300119,10.439375750300119,none,0
Colombia,132,ornamentals,2019,125.38,1254.94,r2,5,21.7242787919613,762.3986858156522,10.009092359227948,10.009092359227948,none,0
Colombia,132,ornamentals,2020,7.73,57.44,r2,5,24.629079034786237,533.8956822859074,7.430789133247089,7.430789133247089,none,0
Colombia,132,ornamentals,2021,0.14,3.28,r2,5,41.39378413953324,482.4878993830671,23.428571428571423,23.428571428571423,none,0
Colombia,132,ornamentals,2022,0,0,r2,5,92.3160922400564,313.3104942475703,NA,92.3160922400564,geo_region,1
Colombia,132,ornamentals,2023,0,0,r2,5,90.84723002058769,267.14713099669086,NA,90.84723002058769,geo_region,1
Colombia,132,seaweeds,2019,0,0,r2,5,24.58250048736692,12.69438158351965,NA,24.58250048736692,geo_region,1
Colombia,132,seaweeds,2020,0,0,r2,5,23.304788231953484,13.195661535326474,NA,23.304788231953484,geo_region,1
Colombia,132,seaweeds,2021,0,0,r2,5,15.767502794089427,12.608422069047505,NA,15.767502794089427,geo_region,1
Colombia,132,seaweeds,2022,0,0,r2,5,7.16882816497299,9.005880754555477,NA,7.16882816497299,geo_region,1
Colombia,132,seaweeds,2023,0,0,r2,5,7.26038615162946,10.475280391460174,NA,7.26038615162946,geo_region,1
Honduras,133,fish_oil,2019,43,42.7,r2,13,1.2829220392468832,4.173549943898697,0.9930232558139536,0.9930232558139536,none,0
Honduras,133,fish_oil,2020,161.72,99.83,r2,13,1.1054115993312974,8.734880162391821,0.6173015087806084,0.6173015087806084,none,0
Honduras,133,fish_oil,2021,40.6,21.52,r2,13,1.0602939835442362,9.479579859767002,0.5300492610837438,0.5300492610837438,none,0
Honduras,133,fish_oil,2022,483.24,366.14,r2,13,1.6189612173488086,9.100285927081373,0.7576773445906796,0.7576773445906796,none,0
Honduras,133,fish_oil,2023,211.01,337.65,r2,13,2.8218430172056026,7.052039687792173,1.6001611298042746,1.6001611298042746,none,0
Honduras,133,ornamentals,2019,0,0,r2,13,5.812758375677731,762.3986858156522,NA,5.812758375677731,geo_region,1
Honduras,133,ornamentals,2020,0,0,r2,13,4.54232919166623,533.8956822859074,NA,4.54232919166623,geo_region,1
Honduras,133,ornamentals,2021,0,0,r2,13,5.341789783072027,482.4878993830671,NA,5.341789783072027,geo_region,1
Honduras,133,ornamentals,2022,0,0,r2,13,5.875928475662274,313.3104942475703,NA,5.875928475662274,geo_region,1
Honduras,133,ornamentals,2023,0,0,r2,13,115.98509833957793,267.14713099669086,NA,115.98509833957793,geo_region,1
Honduras,133,seaweeds,2019,0.81,140.68,r2,13,38.25392067700763,12.69438158351965,173.679012345679,173.679012345679,none,0
Honduras,133,seaweeds,2020,0.5,100.9,r2,13,45.72751616831504,13.195661535326474,201.8,201.8,none,0
Honduras,133,seaweeds,2021,1,201.5,r2,13,39.964238350899755,12.608422069047505,201.5,201.5,none,0
Honduras,133,seaweeds,2022,0,0,r2,13,3.4276979704341715,9.005880754555477,NA,3.4276979704341715,geo_region,1
Honduras,133,seaweeds,2023,0.39,33.61,r2,13,20.8376752590235,10.475280391460174,86.17948717948717,86.17948717948717,none,0
El Salvador,134,fish_oil,2019,305,395.75,r2,13,1.2829220392468832,4.173549943898697,1.2975409836065575,1.2975409836065575,none,0
El Salvador,134,fish_oil,2020,220,294,r2,13,1.1054115993312974,8.734880162391821,1.3363636363636364,1.3363636363636364,none,0
El Salvador,134,fish_oil,2021,220,298.5,r2,13,1.0602939835442362,9.479579859767002,1.356818181818182,1.356818181818182,none,0
El Salvador,134,fish_oil,2022,200,302.2,r2,13,1.6189612173488086,9.100285927081373,1.511,1.511,none,0
El Salvador,134,fish_oil,2023,260,436.03,r2,13,2.8218430172056026,7.052039687792173,1.6770384615384615,1.6770384615384615,none,0
El Salvador,134,ornamentals,2019,0,0,r2,13,5.812758375677731,762.3986858156522,NA,5.812758375677731,geo_region,1
El Salvador,134,ornamentals,2020,0,0,r2,13,4.54232919166623,533.8956822859074,NA,4.54232919166623,geo_region,1
El Salvador,134,ornamentals,2021,0,0,r2,13,5.341789783072027,482.4878993830671,NA,5.341789783072027,geo_region,1
El Salvador,134,ornamentals,2022,0,0,r2,13,5.875928475662274,313.3104942475703,NA,5.875928475662274,geo_region,1
El Salvador,134,ornamentals,2023,0,0,r2,13,115.98509833957793,267.14713099669086,NA,115.98509833957793,geo_region,1
NA,134,seaweeds,2019,NA,NA,r2,13,38.25392067700763,12.69438158351965,NA,38.25392067700763,geo_region,1
NA,134,seaweeds,2020,NA,NA,r2,13,45.72751616831504,13.195661535326474,NA,45.72751616831504,geo_region,1
NA,134,seaweeds,2021,NA,NA,r2,13,39.964238350899755,12.608422069047505,NA,39.964238350899755,geo_region,1
NA,134,seaweeds,2022,NA,NA,r2,13,3.4276979704341715,9.005880754555477,NA,3.4276979704341715,geo_region,1
NA,134,seaweeds,2023,NA,NA,r2,13,20.8376752590235,10.475280391460174,NA,20.8376752590235,geo_region,1
Mexico,135,fish_oil,2019,25062.72,38119.03,r2,13,1.2829220392468832,4.173549943898697,1.520945452049897,1.520945452049897,none,0
Mexico,135,fish_oil,2020,22116.28,41743.09,r2,13,1.1054115993312974,8.734880162391821,1.887437218194018,1.887437218194018,none,0
Mexico,135,fish_oil,2021,48239.491925206574,84316.98,r2,13,1.0602939835442362,9.479579859767002,1.7478828369654087,1.7478828369654087,none,0
Mexico,135,fish_oil,2022,26665.735410927464,71968.7,r2,13,1.6189612173488086,9.100285927081373,2.6989205019452656,2.6989205019452656,none,0
Mexico,135,fish_oil,2023,35256.10541092746,161981,r2,13,2.8218430172056026,7.052039687792173,4.594409907504836,4.594409907504836,none,0
Mexico,135,ornamentals,2019,8.75046754812837,46.45,r2,13,5.812758375677731,762.3986858156522,5.30828778514071,5.30828778514071,none,0
Mexico,135,ornamentals,2020,22.082504005403223,120.01,r2,13,4.54232919166623,533.8956822859074,5.434619188595439,5.434619188595439,none,0
Mexico,135,ornamentals,2021,20.82400832071528,111.83,r2,13,5.341789783072027,482.4878993830671,5.370243724343593,5.370243724343593,none,0
Mexico,135,ornamentals,2022,113.18660638618697,628.14,r2,13,5.875928475662274,313.3104942475703,5.549596547287743,5.549596547287743,none,0
Mexico,135,ornamentals,2023,0.01,4.49,r2,13,115.98509833957793,267.14713099669086,449,449,none,0
Mexico,135,seaweeds,2019,809.9799999999999,3503.0299999999997,r2,13,38.25392067700763,12.69438158351965,4.324835181115583,4.324835181115583,none,0
Mexico,135,seaweeds,2020,694.48,3419.1299999999997,r2,13,45.72751616831504,13.195661535326474,4.9232951272894825,4.9232951272894825,none,0
Mexico,135,seaweeds,2021,560.78,3641.01,r2,13,39.964238350899755,12.608422069047505,6.492760084168481,6.492760084168481,none,0
Mexico,135,seaweeds,2022,524.13,3382.58,r2,13,3.4276979704341715,9.005880754555477,6.453704233682483,6.453704233682483,none,0
Mexico,135,seaweeds,2023,369.63,3296.52,r2,13,20.8376752590235,10.475280391460174,8.918431945458973,8.918431945458973,none,0
Guatemala,136,fish_oil,2019,23.75,37.28,r2,13,1.2829220392468832,4.173549943898697,1.5696842105263158,1.5696842105263158,none,0
Guatemala,136,fish_oil,2020,112.44,145.85000000000002,r2,13,1.1054115993312974,8.734880162391821,1.2971362504446817,1.2971362504446817,none,0
Guatemala,136,fish_oil,2021,197.39,262.88,r2,13,1.0602939835442362,9.479579859767002,1.3317797254166879,1.3317797254166879,none,0
Guatemala,136,fish_oil,2022,151.7,206.92,r2,13,1.6189612173488086,9.100285927081373,1.3640079103493739,1.3640079103493739,none,0
Guatemala,136,fish_oil,2023,107.17,212.1,r2,13,2.8218430172056026,7.052039687792173,1.9790986283474852,1.9790986283474852,none,0
Guatemala,136,ornamentals,2019,0,0,r2,13,5.812758375677731,762.3986858156522,NA,5.812758375677731,geo_region,1
Guatemala,136,ornamentals,2020,0,0,r2,13,4.54232919166623,533.8956822859074,NA,4.54232919166623,geo_region,1
Guatemala,136,ornamentals,2021,0,0,r2,13,5.341789783072027,482.4878993830671,NA,5.341789783072027,geo_region,1
Guatemala,136,ornamentals,2022,0,0,r2,13,5.875928475662274,313.3104942475703,NA,5.875928475662274,geo_region,1
Guatemala,136,ornamentals,2023,0,0,r2,13,115.98509833957793,267.14713099669086,NA,115.98509833957793,geo_region,1
Guatemala,136,seaweeds,2019,0.1925943029956271,0.29000000000000004,r2,13,38.25392067700763,12.69438158351965,1.5057558582435564,1.5057558582435564,none,0
Guatemala,136,seaweeds,2020,0.1,0.7000000000000001,r2,13,45.72751616831504,13.195661535326474,7,7,none,0
Guatemala,136,seaweeds,2021,0.05460610023567232,0.36,r2,13,39.964238350899755,12.608422069047505,6.592670021230049,6.592670021230049,none,0
Guatemala,136,seaweeds,2022,0.27,0.71,r2,13,3.4276979704341715,9.005880754555477,2.6296296296296293,2.6296296296296293,none,0
Guatemala,136,seaweeds,2023,0.7677417684961924,1.76,r2,13,20.8376752590235,10.475280391460174,2.292437473406436,2.292437473406436,none,0
Ecuador,137,fish_oil,2019,4499,6952.9800000000005,r2,5,1.4959554744275725,4.173549943898697,1.5454501000222272,1.5454501000222272,none,0
Ecuador,137,fish_oil,2020,8931,14265.84,r2,5,1.3051305686265848,8.734880162391821,1.5973396036278134,1.5973396036278134,none,0
Ecuador,137,fish_oil,2021,5430.06,9538.17,r2,5,3.6412683917116913,9.479579859767002,1.7565496513850674,1.7565496513850674,none,0
Ecuador,137,fish_oil,2022,3845.57,8897.69,r2,5,3.9514513763839147,9.100285927081373,2.313750627345231,2.313750627345231,none,0
Ecuador,137,fish_oil,2023,7378.11,28368.16,r2,5,5.293764327395711,7.052039687792173,3.8449087910047424,3.8449087910047424,none,0
Ecuador,137,ornamentals,2019,2,32.77,r2,5,21.7242787919613,762.3986858156522,16.385,16.385,none,0
Ecuador,137,ornamentals,2020,1.9901203819408584,16.14,r2,5,24.629079034786237,533.8956822859074,8.110062158279852,8.110062158279852,none,0
Ecuador,137,ornamentals,2021,1.34,11.97,r2,5,41.39378413953324,482.4878993830671,8.932835820895523,8.932835820895523,none,0
Ecuador,137,ornamentals,2022,0,0,r2,5,92.3160922400564,313.3104942475703,NA,92.3160922400564,geo_region,1
Ecuador,137,ornamentals,2023,0,0,r2,5,90.84723002058769,267.14713099669086,NA,90.84723002058769,geo_region,1
Ecuador,137,seaweeds,2019,36.690000000000005,941.09,r2,5,24.58250048736692,12.69438158351965,25.649768329245024,25.649768329245024,none,0
Ecuador,137,seaweeds,2020,40,1147.72,r2,5,23.304788231953484,13.195661535326474,28.693,28.693,none,0
Ecuador,137,seaweeds,2021,28.44,883.12,r2,5,15.767502794089427,12.608422069047505,31.052039381153303,31.052039381153303,none,0
Ecuador,137,seaweeds,2022,32.36,962.22,r2,5,7.16882816497299,9.005880754555477,29.73485784919654,29.73485784919654,none,0
Ecuador,137,seaweeds,2023,40.56,1226.4,r2,5,7.26038615162946,10.475280391460174,30.236686390532544,30.236686390532544,none,0
Peru,138,fish_oil,2019,183794.29,419928.36,r2,5,1.4959554744275725,4.173549943898697,2.2847736999881767,2.2847736999881767,none,0
Peru,138,fish_oil,2020,141576.23,365450.94,r2,5,1.3051305686265848,8.734880162391821,2.5813015362819027,2.5813015362819027,none,0
Peru,138,fish_oil,2021,224660.6,527590.19,r2,5,3.6412683917116913,9.479579859767002,2.3483877012702714,2.3483877012702714,none,0
Peru,138,fish_oil,2022,145837.14,561607.85,r2,5,3.9514513763839147,9.100285927081373,3.8509247370045787,3.8509247370045787,none,0
Peru,138,fish_oil,2023,35450.25,237872.2,r2,5,5.293764327395711,7.052039687792173,6.710028843238059,6.710028843238059,none,0
Peru,138,ornamentals,2019,0.33,1.47,r2,5,21.7242787919613,762.3986858156522,4.454545454545454,4.454545454545454,none,0
Peru,138,ornamentals,2020,0,0,r2,5,24.629079034786237,533.8956822859074,NA,24.629079034786237,geo_region,1
Peru,138,ornamentals,2021,0,0,r2,5,41.39378413953324,482.4878993830671,NA,41.39378413953324,geo_region,1
Peru,138,ornamentals,2022,0,0,r2,5,92.3160922400564,313.3104942475703,NA,92.3160922400564,geo_region,1
Peru,138,ornamentals,2023,0,0,r2,5,90.84723002058769,267.14713099669086,NA,90.84723002058769,geo_region,1
Peru,138,seaweeds,2019,35284.85,22055.54,r2,5,24.58250048736692,12.69438158351965,0.6250710999196539,0.6250710999196539,none,0
Peru,138,seaweeds,2020,29641.58,19927.83,r2,5,23.304788231953484,13.195661535326474,0.6722931098814571,0.6722931098814571,none,0
Peru,138,seaweeds,2021,43734.18,39098.72,r2,5,15.767502794089427,12.608422069047505,0.8940083019734222,0.8940083019734222,none,0
Peru,138,seaweeds,2022,49253.53,72248.54,r2,5,7.16882816497299,9.005880754555477,1.4668702933576536,1.4668702933576536,none,0
Peru,138,seaweeds,2023,37486.69,47376.73,r2,5,7.26038615162946,10.475280391460174,1.263828041366149,1.263828041366149,none,0
Venezuela,139,fish_oil,2019,0,0,r2,5,1.4959554744275725,4.173549943898697,NA,1.4959554744275725,geo_region,1
Venezuela,139,fish_oil,2020,0,0.01,r2,5,1.3051305686265848,8.734880162391821,NA,1.3051305686265848,geo_region,1
Venezuela,139,fish_oil,2021,0,0,r2,5,3.6412683917116913,9.479579859767002,NA,3.6412683917116913,geo_region,1
Venezuela,139,fish_oil,2022,0,0,r2,5,3.9514513763839147,9.100285927081373,NA,3.9514513763839147,geo_region,1
Venezuela,139,fish_oil,2023,0,0,r2,5,5.293764327395711,7.052039687792173,NA,5.293764327395711,geo_region,1
Venezuela,139,ornamentals,2019,0,0,r2,5,21.7242787919613,762.3986858156522,NA,21.7242787919613,geo_region,1
Venezuela,139,ornamentals,2020,0,0,r2,5,24.629079034786237,533.8956822859074,NA,24.629079034786237,geo_region,1
Venezuela,139,ornamentals,2021,0,0,r2,5,41.39378413953324,482.4878993830671,NA,41.39378413953324,geo_region,1
Venezuela,139,ornamentals,2022,0,0,r2,5,92.3160922400564,313.3104942475703,NA,92.3160922400564,geo_region,1
Venezuela,139,ornamentals,2023,0,0,r2,5,90.84723002058769,267.14713099669086,NA,90.84723002058769,geo_region,1
Venezuela,139,seaweeds,2019,288.39,86.06,r2,5,24.58250048736692,12.69438158351965,0.2984153403377371,0.2984153403377371,none,0
Venezuela,139,seaweeds,2020,0,0,r2,5,23.304788231953484,13.195661535326474,NA,23.304788231953484,geo_region,1
Venezuela,139,seaweeds,2021,769.61,296.8,r2,5,15.767502794089427,12.608422069047505,0.3856498746118164,0.3856498746118164,none,0
Venezuela,139,seaweeds,2022,48.32,65.57,r2,5,7.16882816497299,9.005880754555477,1.3569950331125826,1.3569950331125826,none,0
Venezuela,139,seaweeds,2023,243.65,393.12,r2,5,7.26038615162946,10.475280391460174,1.6134619331007594,1.6134619331007594,none,0
Guadeloupe and Martinique,140,ornamentals,2019,0,0,NA,NA,200.9768418030223,762.3986858156522,NA,200.9768418030223,geo_region,1
Guadeloupe and Martinique,140,ornamentals,2020,0,0,NA,NA,584.9666258893922,533.8956822859074,NA,584.9666258893922,geo_region,1
Guadeloupe and Martinique,140,ornamentals,2021,0,0,NA,NA,718.4772831885801,482.4878993830671,NA,718.4772831885801,geo_region,1
Guadeloupe and Martinique,140,ornamentals,2022,0,0,NA,NA,119.35197331496364,313.3104942475703,NA,119.35197331496364,geo_region,1
Guadeloupe and Martinique,140,ornamentals,2023,0,0,NA,NA,81.34777639315145,267.14713099669086,NA,81.34777639315145,geo_region,1
NA,140,seaweeds,2019,NA,NA,NA,NA,7.721455306187844,12.69438158351965,NA,7.721455306187844,geo_region,1
NA,140,seaweeds,2020,NA,NA,NA,NA,13.415586823971827,13.195661535326474,NA,13.415586823971827,geo_region,1
NA,140,seaweeds,2021,NA,NA,NA,NA,35.35252514707192,12.608422069047505,NA,35.35252514707192,geo_region,1
NA,140,seaweeds,2022,NA,NA,NA,NA,35.09600963246095,9.005880754555477,NA,35.09600963246095,geo_region,1
NA,140,seaweeds,2023,NA,NA,NA,NA,39.335083874458874,10.475280391460174,NA,39.335083874458874,geo_region,1
NA,140,fish_oil,2019,NA,NA,NA,NA,1.4235776800097977,4.173549943898697,NA,1.4235776800097977,geo_region,1
NA,140,fish_oil,2020,NA,NA,NA,NA,1.587472022331214,8.734880162391821,NA,1.587472022331214,geo_region,1
NA,140,fish_oil,2021,NA,NA,NA,NA,1.7024125352346209,9.479579859767002,NA,1.7024125352346209,geo_region,1
NA,140,fish_oil,2022,NA,NA,NA,NA,1.6479230480227982,9.100285927081373,NA,1.6479230480227982,geo_region,1
NA,140,fish_oil,2023,NA,NA,NA,NA,5.563146475908016,7.052039687792173,NA,5.563146475908016,geo_region,1
Faeroe Islands,141,fish_oil,2019,37.129999999999995,44.91,r2,154,3.713604198153352,4.173549943898697,1.2095340694855912,1.2095340694855912,none,0
Faeroe Islands,141,fish_oil,2020,514.36,374.2,r2,154,3.3550710938831796,8.734880162391821,0.7275060269072244,0.7275060269072244,none,0
Faeroe Islands,141,fish_oil,2021,1046,1130.23,r2,154,2.21169171000455,9.479579859767002,1.080525812619503,1.080525812619503,none,0
Faeroe Islands,141,fish_oil,2022,5948.15,17091.42,r2,154,2.9078841597276552,9.100285927081373,2.873400973411901,2.873400973411901,none,0
Faeroe Islands,141,fish_oil,2023,21326.63,81589.87,r2,154,5.234311551859661,7.052039687792173,3.8257272714910884,3.8257272714910884,none,0
Faeroe Islands,141,seaweeds,2019,1.5,45.48,r2,154,10.029240233939625,12.69438158351965,30.319999999999997,30.319999999999997,none,0
Faeroe Islands,141,seaweeds,2020,76.76,167.66,r2,154,8.08059822539885,13.195661535326474,2.1842105263157894,2.1842105263157894,none,0
Faeroe Islands,141,seaweeds,2021,125.41,254.14,r2,154,6.877501948843852,12.608422069047505,2.0264731680089305,2.0264731680089305,none,0
Faeroe Islands,141,seaweeds,2022,62.56,173.18,r2,154,8.511875344318732,9.005880754555477,2.7682225063938617,2.7682225063938617,none,0
Faeroe Islands,141,seaweeds,2023,90.34,222.31,r2,154,5.9226356182180755,10.475280391460174,2.4608147000221385,2.4608147000221385,none,0
NA,141,ornamentals,2019,NA,NA,r2,154,50.43147993643757,762.3986858156522,NA,50.43147993643757,geo_region,1
NA,141,ornamentals,2020,NA,NA,r2,154,47.564140449049454,533.8956822859074,NA,47.564140449049454,geo_region,1
NA,141,ornamentals,2021,NA,NA,r2,154,61.650525816802805,482.4878993830671,NA,61.650525816802805,geo_region,1
NA,141,ornamentals,2022,NA,NA,r2,154,45.0472064271001,313.3104942475703,NA,45.0472064271001,geo_region,1
NA,141,ornamentals,2023,NA,NA,r2,154,45.42595720888871,267.14713099669086,NA,45.42595720888871,geo_region,1
Iceland,143,fish_oil,2019,36890.46,84137.12,r2,154,3.713604198153352,4.173549943898697,2.2807284051215406,2.2807284051215406,none,0
Iceland,143,fish_oil,2020,36166.1,96525.66,r2,154,3.3550710938831796,8.734880162391821,2.6689540757781463,2.6689540757781463,none,0
Iceland,143,fish_oil,2021,33709.09,99832.28,r2,154,2.21169171000455,9.479579859767002,2.9615833592660024,2.9615833592660024,none,0
Iceland,143,fish_oil,2022,79972.14,223629.38,r2,154,2.9078841597276552,9.100285927081373,2.7963410757796403,2.7963410757796403,none,0
Iceland,143,fish_oil,2023,49901.51,223837.55,r2,154,5.234311551859661,7.052039687792173,4.485586708698794,4.485586708698794,none,0
Iceland,143,seaweeds,2019,3773.08,3697.41,r2,154,10.029240233939625,12.69438158351965,0.9799447666097724,0.9799447666097724,none,0
Iceland,143,seaweeds,2020,4048.66,5433.9400000000005,r2,154,8.08059822539885,13.195661535326474,1.342157652161456,1.342157652161456,none,0
Iceland,143,seaweeds,2021,4573.1900000000005,8373.960000000001,r2,154,6.877501948843852,12.608422069047505,1.8310982049728963,1.8310982049728963,none,0
Iceland,143,seaweeds,2022,5227.6,9423.45,r2,154,8.511875344318732,9.005880754555477,1.8026340959522535,1.8026340959522535,none,0
Iceland,143,seaweeds,2023,4706.78,9124.26,r2,154,5.9226356182180755,10.475280391460174,1.9385354743582663,1.9385354743582663,none,0
NA,143,ornamentals,2019,NA,NA,r2,154,50.43147993643757,762.3986858156522,NA,50.43147993643757,geo_region,1
NA,143,ornamentals,2020,NA,NA,r2,154,47.564140449049454,533.8956822859074,NA,47.564140449049454,geo_region,1
NA,143,ornamentals,2021,NA,NA,r2,154,61.650525816802805,482.4878993830671,NA,61.650525816802805,geo_region,1
NA,143,ornamentals,2022,NA,NA,r2,154,45.0472064271001,313.3104942475703,NA,45.0472064271001,geo_region,1
NA,143,ornamentals,2023,NA,NA,r2,154,45.42595720888871,267.14713099669086,NA,45.42595720888871,geo_region,1
NA,144,seaweeds,2019,NA,NA,r2,154,10.029240233939625,12.69438158351965,NA,10.029240233939625,geo_region,1
NA,144,seaweeds,2020,NA,NA,r2,154,8.08059822539885,13.195661535326474,NA,8.08059822539885,geo_region,1
NA,144,seaweeds,2021,NA,NA,r2,154,6.877501948843852,12.608422069047505,NA,6.877501948843852,geo_region,1
NA,144,seaweeds,2022,NA,NA,r2,154,8.511875344318732,9.005880754555477,NA,8.511875344318732,geo_region,1
NA,144,seaweeds,2023,NA,NA,r2,154,5.9226356182180755,10.475280391460174,NA,5.9226356182180755,geo_region,1
NA,144,ornamentals,2019,NA,NA,r2,154,50.43147993643757,762.3986858156522,NA,50.43147993643757,geo_region,1
NA,144,ornamentals,2020,NA,NA,r2,154,47.564140449049454,533.8956822859074,NA,47.564140449049454,geo_region,1
NA,144,ornamentals,2021,NA,NA,r2,154,61.650525816802805,482.4878993830671,NA,61.650525816802805,geo_region,1
NA,144,ornamentals,2022,NA,NA,r2,154,45.0472064271001,313.3104942475703,NA,45.0472064271001,geo_region,1
NA,144,ornamentals,2023,NA,NA,r2,154,45.42595720888871,267.14713099669086,NA,45.42595720888871,geo_region,1
NA,144,fish_oil,2019,NA,NA,r2,154,3.713604198153352,4.173549943898697,NA,3.713604198153352,geo_region,1
NA,144,fish_oil,2020,NA,NA,r2,154,3.3550710938831796,8.734880162391821,NA,3.3550710938831796,geo_region,1
NA,144,fish_oil,2021,NA,NA,r2,154,2.21169171000455,9.479579859767002,NA,2.21169171000455,geo_region,1
NA,144,fish_oil,2022,NA,NA,r2,154,2.9078841597276552,9.100285927081373,NA,2.9078841597276552,geo_region,1
NA,144,fish_oil,2023,NA,NA,r2,154,5.234311551859661,7.052039687792173,NA,5.234311551859661,geo_region,1
Greenland,145,fish_oil,2019,0,0,r2,154,3.713604198153352,4.173549943898697,NA,3.713604198153352,geo_region,1
Greenland,145,fish_oil,2020,0,0,r2,154,3.3550710938831796,8.734880162391821,NA,3.3550710938831796,geo_region,1
Greenland,145,fish_oil,2021,0,0,r2,154,2.21169171000455,9.479579859767002,NA,2.21169171000455,geo_region,1
Greenland,145,fish_oil,2022,129,234,r2,154,2.9078841597276552,9.100285927081373,1.813953488372093,1.813953488372093,none,0
Greenland,145,fish_oil,2023,145,551,r2,154,5.234311551859661,7.052039687792173,3.8,3.8,none,0
Greenland,145,seaweeds,2019,0.04,0.33,r2,154,10.029240233939625,12.69438158351965,8.25,8.25,none,0
Greenland,145,seaweeds,2020,0.69,1.36,r2,154,8.08059822539885,13.195661535326474,1.9710144927536235,1.9710144927536235,none,0
Greenland,145,seaweeds,2021,1.53,3.66,r2,154,6.877501948843852,12.608422069047505,2.392156862745098,2.392156862745098,none,0
Greenland,145,seaweeds,2022,0,0,r2,154,8.511875344318732,9.005880754555477,NA,8.511875344318732,geo_region,1
Greenland,145,seaweeds,2023,0.09,0.17,r2,154,5.9226356182180755,10.475280391460174,1.888888888888889,1.888888888888889,none,0
NA,145,ornamentals,2019,NA,NA,r2,154,50.43147993643757,762.3986858156522,NA,50.43147993643757,geo_region,1
NA,145,ornamentals,2020,NA,NA,r2,154,47.564140449049454,533.8956822859074,NA,47.564140449049454,geo_region,1
NA,145,ornamentals,2021,NA,NA,r2,154,61.650525816802805,482.4878993830671,NA,61.650525816802805,geo_region,1
NA,145,ornamentals,2022,NA,NA,r2,154,45.0472064271001,313.3104942475703,NA,45.0472064271001,geo_region,1
NA,145,ornamentals,2023,NA,NA,r2,154,45.42595720888871,267.14713099669086,NA,45.42595720888871,geo_region,1
NA,146,seaweeds,2019,NA,NA,r2,61,1.7407281388227287,12.69438158351965,NA,1.7407281388227287,geo_region,1
NA,146,seaweeds,2020,NA,NA,r2,61,1.5032215893173964,13.195661535326474,NA,1.5032215893173964,geo_region,1
NA,146,seaweeds,2021,NA,NA,r2,61,24.82506136044881,12.608422069047505,NA,24.82506136044881,geo_region,1
NA,146,seaweeds,2022,NA,NA,r2,61,3.359086819613135,9.005880754555477,NA,3.359086819613135,geo_region,1
NA,146,seaweeds,2023,NA,NA,r2,61,3.001176163094616,10.475280391460174,NA,3.001176163094616,geo_region,1
NA,146,ornamentals,2019,NA,NA,r2,61,351.7606673920769,762.3986858156522,NA,351.7606673920769,geo_region,1
NA,146,ornamentals,2020,NA,NA,r2,61,8.339975212303573,533.8956822859074,NA,8.339975212303573,geo_region,1
NA,146,ornamentals,2021,NA,NA,r2,61,13.633197100835488,482.4878993830671,NA,13.633197100835488,geo_region,1
NA,146,ornamentals,2022,NA,NA,r2,61,14.161968928456607,313.3104942475703,NA,14.161968928456607,geo_region,1
NA,146,ornamentals,2023,NA,NA,r2,61,13.238089747180947,267.14713099669086,NA,13.238089747180947,geo_region,1
NA,146,fish_oil,2019,NA,NA,r2,61,NA,4.173549943898697,NA,4.173549943898697,global,1
NA,146,fish_oil,2020,NA,NA,r2,61,NA,8.734880162391821,NA,8.734880162391821,global,1
NA,146,fish_oil,2021,NA,NA,r2,61,NA,9.479579859767002,NA,9.479579859767002,global,1
NA,146,fish_oil,2022,NA,NA,r2,61,NA,9.100285927081373,NA,9.100285927081373,global,1
NA,146,fish_oil,2023,NA,NA,r2,61,NA,7.052039687792173,NA,7.052039687792173,global,1
French Polynesia,147,ornamentals,2019,55.02,534.71,r2,61,351.7606673920769,762.3986858156522,9.718466012359142,9.718466012359142,none,0
French Polynesia,147,ornamentals,2020,41.05,267.39,r2,61,8.339975212303573,533.8956822859074,6.513763702801461,6.513763702801461,none,0
French Polynesia,147,ornamentals,2021,32.27,491,r2,61,13.633197100835488,482.4878993830671,15.215370312984195,15.215370312984195,none,0
French Polynesia,147,ornamentals,2022,54.06,740.77,r2,61,14.161968928456607,313.3104942475703,13.702737698853126,13.702737698853126,none,0
French Polynesia,147,ornamentals,2023,54.06,740.77,r2,61,13.238089747180947,267.14713099669086,13.702737698853126,13.702737698853126,none,0
French Polynesia,147,seaweeds,2019,0.01,0.02,r2,61,1.7407281388227287,12.69438158351965,2,2,none,0
French Polynesia,147,seaweeds,2020,0,0,r2,61,1.5032215893173964,13.195661535326474,NA,1.5032215893173964,geo_region,1
French Polynesia,147,seaweeds,2021,0.1,4.82,r2,61,24.82506136044881,12.608422069047505,48.2,48.2,none,0
French Polynesia,147,seaweeds,2022,0.01,0.05,r2,61,3.359086819613135,9.005880754555477,5,5,none,0
French Polynesia,147,seaweeds,2023,0.01,0.05,r2,61,3.001176163094616,10.475280391460174,5,5,none,0
NA,147,fish_oil,2019,NA,NA,r2,61,NA,4.173549943898697,NA,4.173549943898697,global,1
NA,147,fish_oil,2020,NA,NA,r2,61,NA,8.734880162391821,NA,8.734880162391821,global,1
NA,147,fish_oil,2021,NA,NA,r2,61,NA,9.479579859767002,NA,9.479579859767002,global,1
NA,147,fish_oil,2022,NA,NA,r2,61,NA,9.100285927081373,NA,9.100285927081373,global,1
NA,147,fish_oil,2023,NA,NA,r2,61,NA,7.052039687792173,NA,7.052039687792173,global,1
NA,148,seaweeds,2019,NA,NA,r2,57,NA,12.69438158351965,NA,12.69438158351965,global,1
NA,148,seaweeds,2020,NA,NA,r2,57,NA,13.195661535326474,NA,13.195661535326474,global,1
NA,148,seaweeds,2021,NA,NA,r2,57,NA,12.608422069047505,NA,12.608422069047505,global,1
NA,148,seaweeds,2022,NA,NA,r2,57,NA,9.005880754555477,NA,9.005880754555477,global,1
NA,148,seaweeds,2023,NA,NA,r2,57,NA,10.475280391460174,NA,10.475280391460174,global,1
NA,148,ornamentals,2019,NA,NA,r2,57,700.1743778011628,762.3986858156522,NA,700.1743778011628,geo_region,1
NA,148,ornamentals,2020,NA,NA,r2,57,523.7659082796449,533.8956822859074,NA,523.7659082796449,geo_region,1
NA,148,ornamentals,2021,NA,NA,r2,57,64.56033253661762,482.4878993830671,NA,64.56033253661762,geo_region,1
NA,148,ornamentals,2022,NA,NA,r2,57,68.34626342414677,313.3104942475703,NA,68.34626342414677,geo_region,1
NA,148,ornamentals,2023,NA,NA,r2,57,51.118503050471574,267.14713099669086,NA,51.118503050471574,geo_region,1
NA,148,fish_oil,2019,NA,NA,r2,57,NA,4.173549943898697,NA,4.173549943898697,global,1
NA,148,fish_oil,2020,NA,NA,r2,57,NA,8.734880162391821,NA,8.734880162391821,global,1
NA,148,fish_oil,2021,NA,NA,r2,57,NA,9.479579859767002,NA,9.479579859767002,global,1
NA,148,fish_oil,2022,NA,NA,r2,57,NA,9.100285927081373,NA,9.100285927081373,global,1
NA,148,fish_oil,2023,NA,NA,r2,57,NA,7.052039687792173,NA,7.052039687792173,global,1
NA,149,seaweeds,2019,NA,NA,NA,NA,7.721455306187844,12.69438158351965,NA,7.721455306187844,geo_region,1
NA,149,seaweeds,2020,NA,NA,NA,NA,13.415586823971827,13.195661535326474,NA,13.415586823971827,geo_region,1
NA,149,seaweeds,2021,NA,NA,NA,NA,35.35252514707192,12.608422069047505,NA,35.35252514707192,geo_region,1
NA,149,seaweeds,2022,NA,NA,NA,NA,35.09600963246095,9.005880754555477,NA,35.09600963246095,geo_region,1
NA,149,seaweeds,2023,NA,NA,NA,NA,39.335083874458874,10.475280391460174,NA,39.335083874458874,geo_region,1
NA,149,ornamentals,2019,NA,NA,NA,NA,200.9768418030223,762.3986858156522,NA,200.9768418030223,geo_region,1
NA,149,ornamentals,2020,NA,NA,NA,NA,584.9666258893922,533.8956822859074,NA,584.9666258893922,geo_region,1
NA,149,ornamentals,2021,NA,NA,NA,NA,718.4772831885801,482.4878993830671,NA,718.4772831885801,geo_region,1
NA,149,ornamentals,2022,NA,NA,NA,NA,119.35197331496364,313.3104942475703,NA,119.35197331496364,geo_region,1
NA,149,ornamentals,2023,NA,NA,NA,NA,81.34777639315145,267.14713099669086,NA,81.34777639315145,geo_region,1
NA,149,fish_oil,2019,NA,NA,NA,NA,1.4235776800097977,4.173549943898697,NA,1.4235776800097977,geo_region,1
NA,149,fish_oil,2020,NA,NA,NA,NA,1.587472022331214,8.734880162391821,NA,1.587472022331214,geo_region,1
NA,149,fish_oil,2021,NA,NA,NA,NA,1.7024125352346209,9.479579859767002,NA,1.7024125352346209,geo_region,1
NA,149,fish_oil,2022,NA,NA,NA,NA,1.6479230480227982,9.100285927081373,NA,1.6479230480227982,geo_region,1
NA,149,fish_oil,2023,NA,NA,NA,NA,5.563146475908016,7.052039687792173,NA,5.563146475908016,geo_region,1
NA,150,seaweeds,2019,NA,NA,NA,NA,7.721455306187844,12.69438158351965,NA,7.721455306187844,geo_region,1
NA,150,seaweeds,2020,NA,NA,NA,NA,13.415586823971827,13.195661535326474,NA,13.415586823971827,geo_region,1
NA,150,seaweeds,2021,NA,NA,NA,NA,35.35252514707192,12.608422069047505,NA,35.35252514707192,geo_region,1
NA,150,seaweeds,2022,NA,NA,NA,NA,35.09600963246095,9.005880754555477,NA,35.09600963246095,geo_region,1
NA,150,seaweeds,2023,NA,NA,NA,NA,39.335083874458874,10.475280391460174,NA,39.335083874458874,geo_region,1
NA,150,ornamentals,2019,NA,NA,NA,NA,200.9768418030223,762.3986858156522,NA,200.9768418030223,geo_region,1
NA,150,ornamentals,2020,NA,NA,NA,NA,584.9666258893922,533.8956822859074,NA,584.9666258893922,geo_region,1
NA,150,ornamentals,2021,NA,NA,NA,NA,718.4772831885801,482.4878993830671,NA,718.4772831885801,geo_region,1
NA,150,ornamentals,2022,NA,NA,NA,NA,119.35197331496364,313.3104942475703,NA,119.35197331496364,geo_region,1
NA,150,ornamentals,2023,NA,NA,NA,NA,81.34777639315145,267.14713099669086,NA,81.34777639315145,geo_region,1
NA,150,fish_oil,2019,NA,NA,NA,NA,1.4235776800097977,4.173549943898697,NA,1.4235776800097977,geo_region,1
NA,150,fish_oil,2020,NA,NA,NA,NA,1.587472022331214,8.734880162391821,NA,1.587472022331214,geo_region,1
NA,150,fish_oil,2021,NA,NA,NA,NA,1.7024125352346209,9.479579859767002,NA,1.7024125352346209,geo_region,1
NA,150,fish_oil,2022,NA,NA,NA,NA,1.6479230480227982,9.100285927081373,NA,1.6479230480227982,geo_region,1
NA,150,fish_oil,2023,NA,NA,NA,NA,5.563146475908016,7.052039687792173,NA,5.563146475908016,geo_region,1
NA,151,seaweeds,2019,NA,NA,r2,61,1.7407281388227287,12.69438158351965,NA,1.7407281388227287,geo_region,1
NA,151,seaweeds,2020,NA,NA,r2,61,1.5032215893173964,13.195661535326474,NA,1.5032215893173964,geo_region,1
NA,151,seaweeds,2021,NA,NA,r2,61,24.82506136044881,12.608422069047505,NA,24.82506136044881,geo_region,1
NA,151,seaweeds,2022,NA,NA,r2,61,3.359086819613135,9.005880754555477,NA,3.359086819613135,geo_region,1
NA,151,seaweeds,2023,NA,NA,r2,61,3.001176163094616,10.475280391460174,NA,3.001176163094616,geo_region,1
NA,151,ornamentals,2019,NA,NA,r2,61,351.7606673920769,762.3986858156522,NA,351.7606673920769,geo_region,1
NA,151,ornamentals,2020,NA,NA,r2,61,8.339975212303573,533.8956822859074,NA,8.339975212303573,geo_region,1
NA,151,ornamentals,2021,NA,NA,r2,61,13.633197100835488,482.4878993830671,NA,13.633197100835488,geo_region,1
NA,151,ornamentals,2022,NA,NA,r2,61,14.161968928456607,313.3104942475703,NA,14.161968928456607,geo_region,1
NA,151,ornamentals,2023,NA,NA,r2,61,13.238089747180947,267.14713099669086,NA,13.238089747180947,geo_region,1
NA,151,fish_oil,2019,NA,NA,r2,61,NA,4.173549943898697,NA,4.173549943898697,global,1
NA,151,fish_oil,2020,NA,NA,r2,61,NA,8.734880162391821,NA,8.734880162391821,global,1
NA,151,fish_oil,2021,NA,NA,r2,61,NA,9.479579859767002,NA,9.479579859767002,global,1
NA,151,fish_oil,2022,NA,NA,r2,61,NA,9.100285927081373,NA,9.100285927081373,global,1
NA,151,fish_oil,2023,NA,NA,r2,61,NA,7.052039687792173,NA,7.052039687792173,global,1
Samoa,152,ornamentals,2019,0,0,r2,61,351.7606673920769,762.3986858156522,NA,351.7606673920769,geo_region,1
Samoa,152,ornamentals,2020,0,0,r2,61,8.339975212303573,533.8956822859074,NA,8.339975212303573,geo_region,1
Samoa,152,ornamentals,2021,0,0,r2,61,13.633197100835488,482.4878993830671,NA,13.633197100835488,geo_region,1
Samoa,152,ornamentals,2022,0,0,r2,61,14.161968928456607,313.3104942475703,NA,14.161968928456607,geo_region,1
Samoa,152,ornamentals,2023,0,0,r2,61,13.238089747180947,267.14713099669086,NA,13.238089747180947,geo_region,1
NA,152,seaweeds,2019,NA,NA,r2,61,1.7407281388227287,12.69438158351965,NA,1.7407281388227287,geo_region,1
NA,152,seaweeds,2020,NA,NA,r2,61,1.5032215893173964,13.195661535326474,NA,1.5032215893173964,geo_region,1
NA,152,seaweeds,2021,NA,NA,r2,61,24.82506136044881,12.608422069047505,NA,24.82506136044881,geo_region,1
NA,152,seaweeds,2022,NA,NA,r2,61,3.359086819613135,9.005880754555477,NA,3.359086819613135,geo_region,1
NA,152,seaweeds,2023,NA,NA,r2,61,3.001176163094616,10.475280391460174,NA,3.001176163094616,geo_region,1
NA,152,fish_oil,2019,NA,NA,r2,61,NA,4.173549943898697,NA,4.173549943898697,global,1
NA,152,fish_oil,2020,NA,NA,r2,61,NA,8.734880162391821,NA,8.734880162391821,global,1
NA,152,fish_oil,2021,NA,NA,r2,61,NA,9.479579859767002,NA,9.479579859767002,global,1
NA,152,fish_oil,2022,NA,NA,r2,61,NA,9.100285927081373,NA,9.100285927081373,global,1
NA,152,fish_oil,2023,NA,NA,r2,61,NA,7.052039687792173,NA,7.052039687792173,global,1
Cook Islands,153,ornamentals,2019,0.01,10.36,r2,61,351.7606673920769,762.3986858156522,1036,1036,none,0
Cook Islands,153,ornamentals,2020,0,0,r2,61,8.339975212303573,533.8956822859074,NA,8.339975212303573,geo_region,1
Cook Islands,153,ornamentals,2021,0,0,r2,61,13.633197100835488,482.4878993830671,NA,13.633197100835488,geo_region,1
Cook Islands,153,ornamentals,2022,0,0,r2,61,14.161968928456607,313.3104942475703,NA,14.161968928456607,geo_region,1
Cook Islands,153,ornamentals,2023,0,0,r2,61,13.238089747180947,267.14713099669086,NA,13.238089747180947,geo_region,1
NA,153,seaweeds,2019,NA,NA,r2,61,1.7407281388227287,12.69438158351965,NA,1.7407281388227287,geo_region,1
NA,153,seaweeds,2020,NA,NA,r2,61,1.5032215893173964,13.195661535326474,NA,1.5032215893173964,geo_region,1
NA,153,seaweeds,2021,NA,NA,r2,61,24.82506136044881,12.608422069047505,NA,24.82506136044881,geo_region,1
NA,153,seaweeds,2022,NA,NA,r2,61,3.359086819613135,9.005880754555477,NA,3.359086819613135,geo_region,1
NA,153,seaweeds,2023,NA,NA,r2,61,3.001176163094616,10.475280391460174,NA,3.001176163094616,geo_region,1
NA,153,fish_oil,2019,NA,NA,r2,61,NA,4.173549943898697,NA,4.173549943898697,global,1
NA,153,fish_oil,2020,NA,NA,r2,61,NA,8.734880162391821,NA,8.734880162391821,global,1
NA,153,fish_oil,2021,NA,NA,r2,61,NA,9.479579859767002,NA,9.479579859767002,global,1
NA,153,fish_oil,2022,NA,NA,r2,61,NA,9.100285927081373,NA,9.100285927081373,global,1
NA,153,fish_oil,2023,NA,NA,r2,61,NA,7.052039687792173,NA,7.052039687792173,global,1
NA,154,seaweeds,2019,NA,NA,r2,61,1.7407281388227287,12.69438158351965,NA,1.7407281388227287,geo_region,1
NA,154,seaweeds,2020,NA,NA,r2,61,1.5032215893173964,13.195661535326474,NA,1.5032215893173964,geo_region,1
NA,154,seaweeds,2021,NA,NA,r2,61,24.82506136044881,12.608422069047505,NA,24.82506136044881,geo_region,1
NA,154,seaweeds,2022,NA,NA,r2,61,3.359086819613135,9.005880754555477,NA,3.359086819613135,geo_region,1
NA,154,seaweeds,2023,NA,NA,r2,61,3.001176163094616,10.475280391460174,NA,3.001176163094616,geo_region,1
NA,154,ornamentals,2019,NA,NA,r2,61,351.7606673920769,762.3986858156522,NA,351.7606673920769,geo_region,1
NA,154,ornamentals,2020,NA,NA,r2,61,8.339975212303573,533.8956822859074,NA,8.339975212303573,geo_region,1
NA,154,ornamentals,2021,NA,NA,r2,61,13.633197100835488,482.4878993830671,NA,13.633197100835488,geo_region,1
NA,154,ornamentals,2022,NA,NA,r2,61,14.161968928456607,313.3104942475703,NA,14.161968928456607,geo_region,1
NA,154,ornamentals,2023,NA,NA,r2,61,13.238089747180947,267.14713099669086,NA,13.238089747180947,geo_region,1
NA,154,fish_oil,2019,NA,NA,r2,61,NA,4.173549943898697,NA,4.173549943898697,global,1
NA,154,fish_oil,2020,NA,NA,r2,61,NA,8.734880162391821,NA,8.734880162391821,global,1
NA,154,fish_oil,2021,NA,NA,r2,61,NA,9.479579859767002,NA,9.479579859767002,global,1
NA,154,fish_oil,2022,NA,NA,r2,61,NA,9.100285927081373,NA,9.100285927081373,global,1
NA,154,fish_oil,2023,NA,NA,r2,61,NA,7.052039687792173,NA,7.052039687792173,global,1
Tonga,155,ornamentals,2019,10.318359057686848,98.68,r2,61,351.7606673920769,762.3986858156522,9.563536163871575,9.563536163871575,none,0
Tonga,155,ornamentals,2020,6.176357145331622,62.79,r2,61,8.339975212303573,533.8956822859074,10.166186721805685,10.166186721805685,none,0
Tonga,155,ornamentals,2021,21.27951967971285,256.44,r2,61,13.633197100835488,482.4878993830671,12.05102388868678,12.05102388868678,none,0
Tonga,155,ornamentals,2022,5.994035992434419,87.64,r2,61,14.161968928456607,313.3104942475703,14.62120015806009,14.62120015806009,none,0
Tonga,155,ornamentals,2023,13.459175902022608,171.92,r2,61,13.238089747180947,267.14713099669086,12.773441795508766,12.773441795508766,none,0
Tonga,155,seaweeds,2019,88.17,130.62,r2,61,1.7407281388227287,12.69438158351965,1.4814562776454576,1.4814562776454576,none,0
Tonga,155,seaweeds,2020,107.09,160.98,r2,61,1.5032215893173964,13.195661535326474,1.5032215893173964,1.5032215893173964,none,0
Tonga,155,seaweeds,2021,114.08,165.43,r2,61,24.82506136044881,12.608422069047505,1.4501227208976157,1.4501227208976157,none,0
Tonga,155,seaweeds,2022,44.46,76.39,r2,61,3.359086819613135,9.005880754555477,1.7181736392262708,1.7181736392262708,none,0
Tonga,155,seaweeds,2023,38.26,38.35,r2,61,3.001176163094616,10.475280391460174,1.0023523261892318,1.0023523261892318,none,0
NA,155,fish_oil,2019,NA,NA,r2,61,NA,4.173549943898697,NA,4.173549943898697,global,1
NA,155,fish_oil,2020,NA,NA,r2,61,NA,8.734880162391821,NA,8.734880162391821,global,1
NA,155,fish_oil,2021,NA,NA,r2,61,NA,9.479579859767002,NA,9.479579859767002,global,1
NA,155,fish_oil,2022,NA,NA,r2,61,NA,9.100285927081373,NA,9.100285927081373,global,1
NA,155,fish_oil,2023,NA,NA,r2,61,NA,7.052039687792173,NA,7.052039687792173,global,1
NA,156,seaweeds,2019,NA,NA,r2,61,1.7407281388227287,12.69438158351965,NA,1.7407281388227287,geo_region,1
NA,156,seaweeds,2020,NA,NA,r2,61,1.5032215893173964,13.195661535326474,NA,1.5032215893173964,geo_region,1
NA,156,seaweeds,2021,NA,NA,r2,61,24.82506136044881,12.608422069047505,NA,24.82506136044881,geo_region,1
NA,156,seaweeds,2022,NA,NA,r2,61,3.359086819613135,9.005880754555477,NA,3.359086819613135,geo_region,1
NA,156,seaweeds,2023,NA,NA,r2,61,3.001176163094616,10.475280391460174,NA,3.001176163094616,geo_region,1
NA,156,ornamentals,2019,NA,NA,r2,61,351.7606673920769,762.3986858156522,NA,351.7606673920769,geo_region,1
NA,156,ornamentals,2020,NA,NA,r2,61,8.339975212303573,533.8956822859074,NA,8.339975212303573,geo_region,1
NA,156,ornamentals,2021,NA,NA,r2,61,13.633197100835488,482.4878993830671,NA,13.633197100835488,geo_region,1
NA,156,ornamentals,2022,NA,NA,r2,61,14.161968928456607,313.3104942475703,NA,14.161968928456607,geo_region,1
NA,156,ornamentals,2023,NA,NA,r2,61,13.238089747180947,267.14713099669086,NA,13.238089747180947,geo_region,1
NA,156,fish_oil,2019,NA,NA,r2,61,NA,4.173549943898697,NA,4.173549943898697,global,1
NA,156,fish_oil,2020,NA,NA,r2,61,NA,8.734880162391821,NA,8.734880162391821,global,1
NA,156,fish_oil,2021,NA,NA,r2,61,NA,9.479579859767002,NA,9.479579859767002,global,1
NA,156,fish_oil,2022,NA,NA,r2,61,NA,9.100285927081373,NA,9.100285927081373,global,1
NA,156,fish_oil,2023,NA,NA,r2,61,NA,7.052039687792173,NA,7.052039687792173,global,1
NA,157,seaweeds,2019,NA,NA,r2,57,NA,12.69438158351965,NA,12.69438158351965,global,1
NA,157,seaweeds,2020,NA,NA,r2,57,NA,13.195661535326474,NA,13.195661535326474,global,1
NA,157,seaweeds,2021,NA,NA,r2,57,NA,12.608422069047505,NA,12.608422069047505,global,1
NA,157,seaweeds,2022,NA,NA,r2,57,NA,9.005880754555477,NA,9.005880754555477,global,1
NA,157,seaweeds,2023,NA,NA,r2,57,NA,10.475280391460174,NA,10.475280391460174,global,1
NA,157,ornamentals,2019,NA,NA,r2,57,700.1743778011628,762.3986858156522,NA,700.1743778011628,geo_region,1
NA,157,ornamentals,2020,NA,NA,r2,57,523.7659082796449,533.8956822859074,NA,523.7659082796449,geo_region,1
NA,157,ornamentals,2021,NA,NA,r2,57,64.56033253661762,482.4878993830671,NA,64.56033253661762,geo_region,1
NA,157,ornamentals,2022,NA,NA,r2,57,68.34626342414677,313.3104942475703,NA,68.34626342414677,geo_region,1
NA,157,ornamentals,2023,NA,NA,r2,57,51.118503050471574,267.14713099669086,NA,51.118503050471574,geo_region,1
NA,157,fish_oil,2019,NA,NA,r2,57,NA,4.173549943898697,NA,4.173549943898697,global,1
NA,157,fish_oil,2020,NA,NA,r2,57,NA,8.734880162391821,NA,8.734880162391821,global,1
NA,157,fish_oil,2021,NA,NA,r2,57,NA,9.479579859767002,NA,9.479579859767002,global,1
NA,157,fish_oil,2022,NA,NA,r2,57,NA,9.100285927081373,NA,9.100285927081373,global,1
NA,157,fish_oil,2023,NA,NA,r2,57,NA,7.052039687792173,NA,7.052039687792173,global,1
NA,158,seaweeds,2019,NA,NA,NA,NA,7.721455306187844,12.69438158351965,NA,7.721455306187844,geo_region,1
NA,158,seaweeds,2020,NA,NA,NA,NA,13.415586823971827,13.195661535326474,NA,13.415586823971827,geo_region,1
NA,158,seaweeds,2021,NA,NA,NA,NA,35.35252514707192,12.608422069047505,NA,35.35252514707192,geo_region,1
NA,158,seaweeds,2022,NA,NA,NA,NA,35.09600963246095,9.005880754555477,NA,35.09600963246095,geo_region,1
NA,158,seaweeds,2023,NA,NA,NA,NA,39.335083874458874,10.475280391460174,NA,39.335083874458874,geo_region,1
NA,158,ornamentals,2019,NA,NA,NA,NA,200.9768418030223,762.3986858156522,NA,200.9768418030223,geo_region,1
NA,158,ornamentals,2020,NA,NA,NA,NA,584.9666258893922,533.8956822859074,NA,584.9666258893922,geo_region,1
NA,158,ornamentals,2021,NA,NA,NA,NA,718.4772831885801,482.4878993830671,NA,718.4772831885801,geo_region,1
NA,158,ornamentals,2022,NA,NA,NA,NA,119.35197331496364,313.3104942475703,NA,119.35197331496364,geo_region,1
NA,158,ornamentals,2023,NA,NA,NA,NA,81.34777639315145,267.14713099669086,NA,81.34777639315145,geo_region,1
NA,158,fish_oil,2019,NA,NA,NA,NA,1.4235776800097977,4.173549943898697,NA,1.4235776800097977,geo_region,1
NA,158,fish_oil,2020,NA,NA,NA,NA,1.587472022331214,8.734880162391821,NA,1.587472022331214,geo_region,1
NA,158,fish_oil,2021,NA,NA,NA,NA,1.7024125352346209,9.479579859767002,NA,1.7024125352346209,geo_region,1
NA,158,fish_oil,2022,NA,NA,NA,NA,1.6479230480227982,9.100285927081373,NA,1.6479230480227982,geo_region,1
NA,158,fish_oil,2023,NA,NA,NA,NA,5.563146475908016,7.052039687792173,NA,5.563146475908016,geo_region,1
NA,159,seaweeds,2019,NA,NA,NA,NA,7.721455306187844,12.69438158351965,NA,7.721455306187844,geo_region,1
NA,159,seaweeds,2020,NA,NA,NA,NA,13.415586823971827,13.195661535326474,NA,13.415586823971827,geo_region,1
NA,159,seaweeds,2021,NA,NA,NA,NA,35.35252514707192,12.608422069047505,NA,35.35252514707192,geo_region,1
NA,159,seaweeds,2022,NA,NA,NA,NA,35.09600963246095,9.005880754555477,NA,35.09600963246095,geo_region,1
NA,159,seaweeds,2023,NA,NA,NA,NA,39.335083874458874,10.475280391460174,NA,39.335083874458874,geo_region,1
NA,159,ornamentals,2019,NA,NA,NA,NA,200.9768418030223,762.3986858156522,NA,200.9768418030223,geo_region,1
NA,159,ornamentals,2020,NA,NA,NA,NA,584.9666258893922,533.8956822859074,NA,584.9666258893922,geo_region,1
NA,159,ornamentals,2021,NA,NA,NA,NA,718.4772831885801,482.4878993830671,NA,718.4772831885801,geo_region,1
NA,159,ornamentals,2022,NA,NA,NA,NA,119.35197331496364,313.3104942475703,NA,119.35197331496364,geo_region,1
NA,159,ornamentals,2023,NA,NA,NA,NA,81.34777639315145,267.14713099669086,NA,81.34777639315145,geo_region,1
NA,159,fish_oil,2019,NA,NA,NA,NA,1.4235776800097977,4.173549943898697,NA,1.4235776800097977,geo_region,1
NA,159,fish_oil,2020,NA,NA,NA,NA,1.587472022331214,8.734880162391821,NA,1.587472022331214,geo_region,1
NA,159,fish_oil,2021,NA,NA,NA,NA,1.7024125352346209,9.479579859767002,NA,1.7024125352346209,geo_region,1
NA,159,fish_oil,2022,NA,NA,NA,NA,1.6479230480227982,9.100285927081373,NA,1.6479230480227982,geo_region,1
NA,159,fish_oil,2023,NA,NA,NA,NA,5.563146475908016,7.052039687792173,NA,5.563146475908016,geo_region,1
NA,161,seaweeds,2019,NA,NA,r2,61,1.7407281388227287,12.69438158351965,NA,1.7407281388227287,geo_region,1
NA,161,seaweeds,2020,NA,NA,r2,61,1.5032215893173964,13.195661535326474,NA,1.5032215893173964,geo_region,1
NA,161,seaweeds,2021,NA,NA,r2,61,24.82506136044881,12.608422069047505,NA,24.82506136044881,geo_region,1
NA,161,seaweeds,2022,NA,NA,r2,61,3.359086819613135,9.005880754555477,NA,3.359086819613135,geo_region,1
NA,161,seaweeds,2023,NA,NA,r2,61,3.001176163094616,10.475280391460174,NA,3.001176163094616,geo_region,1
NA,161,ornamentals,2019,NA,NA,r2,61,351.7606673920769,762.3986858156522,NA,351.7606673920769,geo_region,1
NA,161,ornamentals,2020,NA,NA,r2,61,8.339975212303573,533.8956822859074,NA,8.339975212303573,geo_region,1
NA,161,ornamentals,2021,NA,NA,r2,61,13.633197100835488,482.4878993830671,NA,13.633197100835488,geo_region,1
NA,161,ornamentals,2022,NA,NA,r2,61,14.161968928456607,313.3104942475703,NA,14.161968928456607,geo_region,1
NA,161,ornamentals,2023,NA,NA,r2,61,13.238089747180947,267.14713099669086,NA,13.238089747180947,geo_region,1
NA,161,fish_oil,2019,NA,NA,r2,61,NA,4.173549943898697,NA,4.173549943898697,global,1
NA,161,fish_oil,2020,NA,NA,r2,61,NA,8.734880162391821,NA,8.734880162391821,global,1
NA,161,fish_oil,2021,NA,NA,r2,61,NA,9.479579859767002,NA,9.479579859767002,global,1
NA,161,fish_oil,2022,NA,NA,r2,61,NA,9.100285927081373,NA,9.100285927081373,global,1
NA,161,fish_oil,2023,NA,NA,r2,61,NA,7.052039687792173,NA,7.052039687792173,global,1
New Zealand,162,fish_oil,2019,4583.97,10687.28,r2,53,2.325102362270121,4.173549943898697,2.331446322728988,2.331446322728988,none,0
New Zealand,162,fish_oil,2020,2186.64,8390.44,r2,53,3.670908232948931,8.734880162391821,3.837138257783632,3.837138257783632,none,0
New Zealand,162,fish_oil,2021,3056.83,8073.160000000001,r2,53,3.5278152980448,9.479579859767002,2.6410235439981946,2.6410235439981946,none,0
New Zealand,162,fish_oil,2022,2893.65,8738.34,r2,53,3.0101488204920854,9.100285927081373,3.0198330827847184,3.0198330827847184,none,0
New Zealand,162,fish_oil,2023,2659.38,8611.789999999999,r2,53,3.9097530556701545,7.052039687792173,3.2382698222894053,3.2382698222894053,none,0
New Zealand,162,ornamentals,2019,1.3,31.94,r2,53,20.513456165212645,762.3986858156522,24.56923076923077,24.56923076923077,none,0
New Zealand,162,ornamentals,2020,0.21,10.67,r2,53,33.651305980957204,533.8956822859074,50.80952380952381,50.80952380952381,none,0
New Zealand,162,ornamentals,2021,0,0,r2,53,16.480241839062376,482.4878993830671,NA,16.480241839062376,geo_region,1
New Zealand,162,ornamentals,2022,0,0,r2,53,16.465546977547472,313.3104942475703,NA,16.465546977547472,geo_region,1
New Zealand,162,ornamentals,2023,0,0,r2,53,16.449854900755273,267.14713099669086,NA,16.449854900755273,geo_region,1
New Zealand,162,seaweeds,2019,20.17,1180.44,r2,53,30.156647871492645,12.69438158351965,58.524541398116014,58.524541398116014,none,0
New Zealand,162,seaweeds,2020,13.22,753.91,r2,53,30.053584375880416,13.195661535326474,57.02798789712556,57.02798789712556,none,0
New Zealand,162,seaweeds,2021,86.97999999999999,1081.3300000000002,r2,53,7.994751571738844,12.608422069047505,12.43193837663831,12.43193837663831,none,0
New Zealand,162,seaweeds,2022,12.73,350.71,r2,53,15.338744718866344,9.005880754555477,27.54988216810683,27.54988216810683,none,0
New Zealand,162,seaweeds,2023,4.3999999999999995,154.17999999999998,r2,53,18.99767616874116,10.475280391460174,35.04090909090909,35.04090909090909,none,0
United States,163,fish_oil,2019,88773.29000000001,187045.04,r2,21,2.850624287170221,4.173549943898697,2.106996823030891,2.106996823030891,none,0
United States,163,fish_oil,2020,57488.18,155578.52000000002,r2,21,3.4069279924456835,8.734880162391821,2.7062697062248278,2.7062697062248278,none,0
United States,163,fish_oil,2021,48415.8,143281.24,r2,21,3.5057862212602675,9.479579859767002,2.9593901164495886,2.9593901164495886,none,0
United States,163,fish_oil,2022,37663.55,156258.63,r2,21,5.525712437642493,9.100285927081373,4.148802489409522,4.148802489409522,none,0
United States,163,fish_oil,2023,46387.56,249250.93,r2,21,4.933609984035308,7.052039687792173,5.373227865401845,5.373227865401845,none,0
United States,163,ornamentals,2019,0.1146176965515142,4495.44,r2,21,39221.16859135755,762.3986858156522,39221.16859135755,39221.16859135755,none,0
United States,163,ornamentals,2020,0.1935617966079466,2921.56,r2,21,15093.680939103542,533.8956822859074,15093.680939103542,15093.680939103542,none,0
United States,163,ornamentals,2021,0.2100668667737544,2688.92,r2,21,6405.606606061049,482.4878993830671,12800.305166145086,12800.305166145086,none,0
United States,163,ornamentals,2022,0.2275728309948004,2434.78,r2,21,5358.216987502979,313.3104942475703,10698.90456324125,10698.90456324125,none,0
United States,163,ornamentals,2023,0.21187425131633297,2893.9,r2,21,6838.051374792732,267.14713099669086,13658.573337820757,13658.573337820757,none,0
United States,163,seaweeds,2019,1628.77,20039.18,r2,21,7.595353160117932,12.69438158351965,12.303259514848628,12.303259514848628,none,0
United States,163,seaweeds,2020,1818.63,22411.86,r2,21,7.429514636611184,13.195661535326474,12.323485260883192,12.323485260883192,none,0
United States,163,seaweeds,2021,2130.4700000000003,27092.08,r2,21,7.6669536263770945,12.608422069047505,12.716480401038268,12.716480401038268,none,0
United States,163,seaweeds,2022,1762.05,22146.24,r2,21,7.772522504339812,9.005880754555477,12.568451519536904,12.568451519536904,none,0
United States,163,seaweeds,2023,1306.3,17130.809999999998,r2,21,8.25324536032971,10.475280391460174,13.113993722728315,13.113993722728315,none,0
Belize,164,ornamentals,2019,0,0,r2,13,5.812758375677731,762.3986858156522,NA,5.812758375677731,geo_region,1
Belize,164,ornamentals,2020,0,0,r2,13,4.54232919166623,533.8956822859074,NA,4.54232919166623,geo_region,1
Belize,164,ornamentals,2021,0,0,r2,13,5.341789783072027,482.4878993830671,NA,5.341789783072027,geo_region,1
Belize,164,ornamentals,2022,0.34,2.96,r2,13,5.875928475662274,313.3104942475703,8.705882352941176,8.705882352941176,none,0
Belize,164,ornamentals,2023,11.36,86.36,r2,13,115.98509833957793,267.14713099669086,7.602112676056338,7.602112676056338,none,0
Belize,164,seaweeds,2019,0.04,0.44,r2,13,38.25392067700763,12.69438158351965,11,11,none,0
Belize,164,seaweeds,2020,0.07,0.96,r2,13,45.72751616831504,13.195661535326474,13.714285714285712,13.714285714285712,none,0
Belize,164,seaweeds,2021,0.01,0.19,r2,13,39.964238350899755,12.608422069047505,19,19,none,0
Belize,164,seaweeds,2022,0,0,r2,13,3.4276979704341715,9.005880754555477,NA,3.4276979704341715,geo_region,1
Belize,164,seaweeds,2023,0.12,2.19,r2,13,20.8376752590235,10.475280391460174,18.25,18.25,none,0
NA,164,fish_oil,2019,NA,NA,r2,13,1.2829220392468832,4.173549943898697,NA,1.2829220392468832,geo_region,1
NA,164,fish_oil,2020,NA,NA,r2,13,1.1054115993312974,8.734880162391821,NA,1.1054115993312974,geo_region,1
NA,164,fish_oil,2021,NA,NA,r2,13,1.0602939835442362,9.479579859767002,NA,1.0602939835442362,geo_region,1
NA,164,fish_oil,2022,NA,NA,r2,13,1.6189612173488086,9.100285927081373,NA,1.6189612173488086,geo_region,1
NA,164,fish_oil,2023,NA,NA,r2,13,2.8218430172056026,7.052039687792173,NA,2.8218430172056026,geo_region,1
Jamaica,166,ornamentals,2019,0,0,r2,29,689.7153679653678,762.3986858156522,NA,689.7153679653678,geo_region,1
Jamaica,166,ornamentals,2020,0,0,r2,29,376.9125615763547,533.8956822859074,NA,376.9125615763547,geo_region,1
Jamaica,166,ornamentals,2021,0,0,r2,29,436.10700757575756,482.4878993830671,NA,436.10700757575756,geo_region,1
Jamaica,166,ornamentals,2022,0,0,r2,29,276.10143369175626,313.3104942475703,NA,276.10143369175626,geo_region,1
Jamaica,166,ornamentals,2023,0,0,r2,29,119.78405797101449,267.14713099669086,NA,119.78405797101449,geo_region,1
Jamaica,166,seaweeds,2019,0.04,0.08,r2,29,7.690095617169096,12.69438158351965,2,2,none,0
Jamaica,166,seaweeds,2020,9.38,158.85,r2,29,8.306753325581568,13.195661535326474,16.934968017057567,16.934968017057567,none,0
Jamaica,166,seaweeds,2021,5.48,109.24,r2,29,12.584028343854218,12.608422069047505,19.934306569343065,19.934306569343065,none,0
Jamaica,166,seaweeds,2022,1.6800000000000002,19.25,r2,29,10.371848997569245,9.005880754555477,11.458333333333332,11.458333333333332,none,0
Jamaica,166,seaweeds,2023,2.71,14.95,r2,29,12.215996765972854,10.475280391460174,5.516605166051661,5.516605166051661,none,0
NA,166,fish_oil,2019,NA,NA,r2,29,8.507692307692308,4.173549943898697,NA,8.507692307692308,geo_region,1
NA,166,fish_oil,2020,NA,NA,r2,29,3,8.734880162391821,NA,3,geo_region,1
NA,166,fish_oil,2021,NA,NA,r2,29,3,9.479579859767002,NA,3,geo_region,1
NA,166,fish_oil,2022,NA,NA,r2,29,2.545454545454546,9.100285927081373,NA,2.545454545454546,geo_region,1
NA,166,fish_oil,2023,NA,NA,r2,29,4.375,7.052039687792173,NA,4.375,geo_region,1
Guyana,167,ornamentals,2019,3.31,3.42,r2,5,21.7242787919613,762.3986858156522,1.0332326283987916,1.0332326283987916,none,0
Guyana,167,ornamentals,2020,0,0,r2,5,24.629079034786237,533.8956822859074,NA,24.629079034786237,geo_region,1
Guyana,167,ornamentals,2021,0,0,r2,5,41.39378413953324,482.4878993830671,NA,41.39378413953324,geo_region,1
Guyana,167,ornamentals,2022,0,0,r2,5,92.3160922400564,313.3104942475703,NA,92.3160922400564,geo_region,1
Guyana,167,ornamentals,2023,0,0,r2,5,90.84723002058769,267.14713099669086,NA,90.84723002058769,geo_region,1
NA,167,seaweeds,2019,NA,NA,r2,5,24.58250048736692,12.69438158351965,NA,24.58250048736692,geo_region,1
NA,167,seaweeds,2020,NA,NA,r2,5,23.304788231953484,13.195661535326474,NA,23.304788231953484,geo_region,1
NA,167,seaweeds,2021,NA,NA,r2,5,15.767502794089427,12.608422069047505,NA,15.767502794089427,geo_region,1
NA,167,seaweeds,2022,NA,NA,r2,5,7.16882816497299,9.005880754555477,NA,7.16882816497299,geo_region,1
NA,167,seaweeds,2023,NA,NA,r2,5,7.26038615162946,10.475280391460174,NA,7.26038615162946,geo_region,1
NA,167,fish_oil,2019,NA,NA,r2,5,1.4959554744275725,4.173549943898697,NA,1.4959554744275725,geo_region,1
NA,167,fish_oil,2020,NA,NA,r2,5,1.3051305686265848,8.734880162391821,NA,1.3051305686265848,geo_region,1
NA,167,fish_oil,2021,NA,NA,r2,5,3.6412683917116913,9.479579859767002,NA,3.6412683917116913,geo_region,1
NA,167,fish_oil,2022,NA,NA,r2,5,3.9514513763839147,9.100285927081373,NA,3.9514513763839147,geo_region,1
NA,167,fish_oil,2023,NA,NA,r2,5,5.293764327395711,7.052039687792173,NA,5.293764327395711,geo_region,1
Suriname,168,ornamentals,2019,2.1943535312971254,16.47,r2,5,21.7242787919613,762.3986858156522,7.50562740465264,7.50562740465264,none,0
Suriname,168,ornamentals,2020,5.49,26.91,r2,5,24.629079034786237,533.8956822859074,4.9016393442622945,4.9016393442622945,none,0
Suriname,168,ornamentals,2021,4.74,48.96,r2,5,41.39378413953324,482.4878993830671,10.329113924050633,10.329113924050633,none,0
Suriname,168,ornamentals,2022,5.13,46.99,r2,5,92.3160922400564,313.3104942475703,9.159844054580898,9.159844054580898,none,0
Suriname,168,ornamentals,2023,4.11,22.93,r2,5,90.84723002058769,267.14713099669086,5.579075425790753,5.579075425790753,none,0
NA,168,seaweeds,2019,NA,NA,r2,5,24.58250048736692,12.69438158351965,NA,24.58250048736692,geo_region,1
NA,168,seaweeds,2020,NA,NA,r2,5,23.304788231953484,13.195661535326474,NA,23.304788231953484,geo_region,1
NA,168,seaweeds,2021,NA,NA,r2,5,15.767502794089427,12.608422069047505,NA,15.767502794089427,geo_region,1
NA,168,seaweeds,2022,NA,NA,r2,5,7.16882816497299,9.005880754555477,NA,7.16882816497299,geo_region,1
NA,168,seaweeds,2023,NA,NA,r2,5,7.26038615162946,10.475280391460174,NA,7.26038615162946,geo_region,1
NA,168,fish_oil,2019,NA,NA,r2,5,1.4959554744275725,4.173549943898697,NA,1.4959554744275725,geo_region,1
NA,168,fish_oil,2020,NA,NA,r2,5,1.3051305686265848,8.734880162391821,NA,1.3051305686265848,geo_region,1
NA,168,fish_oil,2021,NA,NA,r2,5,3.6412683917116913,9.479579859767002,NA,3.6412683917116913,geo_region,1
NA,168,fish_oil,2022,NA,NA,r2,5,3.9514513763839147,9.100285927081373,NA,3.9514513763839147,geo_region,1
NA,168,fish_oil,2023,NA,NA,r2,5,5.293764327395711,7.052039687792173,NA,5.293764327395711,geo_region,1
NA,169,seaweeds,2019,NA,NA,r2,5,24.58250048736692,12.69438158351965,NA,24.58250048736692,geo_region,1
NA,169,seaweeds,2020,NA,NA,r2,5,23.304788231953484,13.195661535326474,NA,23.304788231953484,geo_region,1
NA,169,seaweeds,2021,NA,NA,r2,5,15.767502794089427,12.608422069047505,NA,15.767502794089427,geo_region,1
NA,169,seaweeds,2022,NA,NA,r2,5,7.16882816497299,9.005880754555477,NA,7.16882816497299,geo_region,1
NA,169,seaweeds,2023,NA,NA,r2,5,7.26038615162946,10.475280391460174,NA,7.26038615162946,geo_region,1
NA,169,ornamentals,2019,NA,NA,r2,5,21.7242787919613,762.3986858156522,NA,21.7242787919613,geo_region,1
NA,169,ornamentals,2020,NA,NA,r2,5,24.629079034786237,533.8956822859074,NA,24.629079034786237,geo_region,1
NA,169,ornamentals,2021,NA,NA,r2,5,41.39378413953324,482.4878993830671,NA,41.39378413953324,geo_region,1
NA,169,ornamentals,2022,NA,NA,r2,5,92.3160922400564,313.3104942475703,NA,92.3160922400564,geo_region,1
NA,169,ornamentals,2023,NA,NA,r2,5,90.84723002058769,267.14713099669086,NA,90.84723002058769,geo_region,1
NA,169,fish_oil,2019,NA,NA,r2,5,1.4959554744275725,4.173549943898697,NA,1.4959554744275725,geo_region,1
NA,169,fish_oil,2020,NA,NA,r2,5,1.3051305686265848,8.734880162391821,NA,1.3051305686265848,geo_region,1
NA,169,fish_oil,2021,NA,NA,r2,5,3.6412683917116913,9.479579859767002,NA,3.6412683917116913,geo_region,1
NA,169,fish_oil,2022,NA,NA,r2,5,3.9514513763839147,9.100285927081373,NA,3.9514513763839147,geo_region,1
NA,169,fish_oil,2023,NA,NA,r2,5,5.293764327395711,7.052039687792173,NA,5.293764327395711,geo_region,1
Brazil,171,fish_oil,2019,1247.42,1028.36,r2,5,1.4959554744275725,4.173549943898697,0.8243895400105817,0.8243895400105817,none,0
Brazil,171,fish_oil,2020,2211.6299999999997,2121.86,r2,5,1.3051305686265848,8.734880162391821,0.9594100278979759,0.9594100278979759,none,0
Brazil,171,fish_oil,2021,1316.37,1437.53,r2,5,3.6412683917116913,9.479579859767002,1.092040991514544,1.092040991514544,none,0
Brazil,171,fish_oil,2022,706.43,1234.85,r2,5,3.9514513763839147,9.100285927081373,1.7480146652888466,1.7480146652888466,none,0
Brazil,171,fish_oil,2023,4599.58,11445.21,r2,5,5.293764327395711,7.052039687792173,2.488316324533979,2.488316324533979,none,0
Brazil,171,ornamentals,2019,2.63,239.22,r2,5,21.7242787919613,762.3986858156522,90.95817490494296,90.95817490494296,none,0
Brazil,171,ornamentals,2020,1.49,116.33,r2,5,24.629079034786237,533.8956822859074,78.0738255033557,78.0738255033557,none,0
Brazil,171,ornamentals,2021,1.56,191.7,r2,5,41.39378413953324,482.4878993830671,122.88461538461537,122.88461538461537,none,0
Brazil,171,ornamentals,2022,2.35,412.36,r2,5,92.3160922400564,313.3104942475703,175.4723404255319,175.4723404255319,none,0
Brazil,171,ornamentals,2023,2.6,457.9,r2,5,90.84723002058769,267.14713099669086,176.1153846153846,176.1153846153846,none,0
Brazil,171,seaweeds,2019,617.1700000000001,630.59,r2,5,24.58250048736692,12.69438158351965,1.0217444140188279,1.0217444140188279,none,0
Brazil,171,seaweeds,2020,8011.69,2110.16,r2,5,23.304788231953484,13.195661535326474,0.26338512848100715,0.26338512848100715,none,0
Brazil,171,seaweeds,2021,10188.58,3128.29,r2,5,15.767502794089427,12.608422069047505,0.30703886115631424,0.30703886115631424,none,0
Brazil,171,seaweeds,2022,5116.280000000001,1736.47,r2,5,7.16882816497299,9.005880754555477,0.3394008928362013,0.3394008928362013,none,0
Brazil,171,seaweeds,2023,4133.57,964.84,r2,5,7.26038615162946,10.475280391460174,0.23341566732872557,0.23341566732872557,none,0
Argentina,172,fish_oil,2019,0,0,r2,5,1.4959554744275725,4.173549943898697,NA,1.4959554744275725,geo_region,1
Argentina,172,fish_oil,2020,245.3,302.2,r2,5,1.3051305686265848,8.734880162391821,1.2319608642478597,1.2319608642478597,none,0
Argentina,172,fish_oil,2021,0,0,r2,5,3.6412683917116913,9.479579859767002,NA,3.6412683917116913,geo_region,1
Argentina,172,fish_oil,2022,0,0,r2,5,3.9514513763839147,9.100285927081373,NA,3.9514513763839147,geo_region,1
Argentina,172,fish_oil,2023,0,0,r2,5,5.293764327395711,7.052039687792173,NA,5.293764327395711,geo_region,1
Argentina,172,ornamentals,2019,0,0,r2,5,21.7242787919613,762.3986858156522,NA,21.7242787919613,geo_region,1
Argentina,172,ornamentals,2020,0,0,r2,5,24.629079034786237,533.8956822859074,NA,24.629079034786237,geo_region,1
Argentina,172,ornamentals,2021,0,0,r2,5,41.39378413953324,482.4878993830671,NA,41.39378413953324,geo_region,1
Argentina,172,ornamentals,2022,0,0,r2,5,92.3160922400564,313.3104942475703,NA,92.3160922400564,geo_region,1
Argentina,172,ornamentals,2023,0,0,r2,5,90.84723002058769,267.14713099669086,NA,90.84723002058769,geo_region,1
Argentina,172,seaweeds,2019,0,0,r2,5,24.58250048736692,12.69438158351965,NA,24.58250048736692,geo_region,1
Argentina,172,seaweeds,2020,0,0,r2,5,23.304788231953484,13.195661535326474,NA,23.304788231953484,geo_region,1
Argentina,172,seaweeds,2021,0,0,r2,5,15.767502794089427,12.608422069047505,NA,15.767502794089427,geo_region,1
Argentina,172,seaweeds,2022,0,0,r2,5,7.16882816497299,9.005880754555477,NA,7.16882816497299,geo_region,1
Argentina,172,seaweeds,2023,0,0,r2,5,7.26038615162946,10.475280391460174,NA,7.26038615162946,geo_region,1
Uruguay,173,fish_oil,2019,0,0,r2,5,1.4959554744275725,4.173549943898697,NA,1.4959554744275725,geo_region,1
Uruguay,173,fish_oil,2020,0,0,r2,5,1.3051305686265848,8.734880162391821,NA,1.3051305686265848,geo_region,1
Uruguay,173,fish_oil,2021,0,0,r2,5,3.6412683917116913,9.479579859767002,NA,3.6412683917116913,geo_region,1
Uruguay,173,fish_oil,2022,0,0,r2,5,3.9514513763839147,9.100285927081373,NA,3.9514513763839147,geo_region,1
Uruguay,173,fish_oil,2023,0,0,r2,5,5.293764327395711,7.052039687792173,NA,5.293764327395711,geo_region,1
Uruguay,173,seaweeds,2019,0.01,1.18,r2,5,24.58250048736692,12.69438158351965,117.99999999999999,117.99999999999999,none,0
Uruguay,173,seaweeds,2020,0.05,4.26,r2,5,23.304788231953484,13.195661535326474,85.19999999999999,85.19999999999999,none,0
Uruguay,173,seaweeds,2021,0.03,1.8,r2,5,15.767502794089427,12.608422069047505,60.00000000000001,60.00000000000001,none,0
Uruguay,173,seaweeds,2022,0,0,r2,5,7.16882816497299,9.005880754555477,NA,7.16882816497299,geo_region,1
Uruguay,173,seaweeds,2023,0,0,r2,5,7.26038615162946,10.475280391460174,NA,7.26038615162946,geo_region,1
NA,173,ornamentals,2019,NA,NA,r2,5,21.7242787919613,762.3986858156522,NA,21.7242787919613,geo_region,1
NA,173,ornamentals,2020,NA,NA,r2,5,24.629079034786237,533.8956822859074,NA,24.629079034786237,geo_region,1
NA,173,ornamentals,2021,NA,NA,r2,5,41.39378413953324,482.4878993830671,NA,41.39378413953324,geo_region,1
NA,173,ornamentals,2022,NA,NA,r2,5,92.3160922400564,313.3104942475703,NA,92.3160922400564,geo_region,1
NA,173,ornamentals,2023,NA,NA,r2,5,90.84723002058769,267.14713099669086,NA,90.84723002058769,geo_region,1
Finland,174,fish_oil,2019,1209.29,1828.83,r2,154,3.713604198153352,4.173549943898697,1.5123171447708985,1.5123171447708985,none,0
Finland,174,fish_oil,2020,1991.04,3144.69,r2,154,3.3550710938831796,8.734880162391821,1.5794208052073289,1.5794208052073289,none,0
Finland,174,fish_oil,2021,1547.0700000000002,2648.86,r2,154,2.21169171000455,9.479579859767002,1.712178505174297,1.712178505174297,none,0
Finland,174,fish_oil,2022,2771.64,7260.56,r2,154,2.9078841597276552,9.100285927081373,2.61958984572311,2.61958984572311,none,0
Finland,174,fish_oil,2023,1597.1699999999998,7939.85,r2,154,5.234311551859661,7.052039687792173,4.97119905833443,4.97119905833443,none,0
Finland,174,seaweeds,2019,5.388715560377651,40.739999999999995,r2,154,10.029240233939625,12.69438158351965,7.560243168066726,7.560243168066726,none,0
Finland,174,seaweeds,2020,6.07,31.18,r2,154,8.08059822539885,13.195661535326474,5.136738056013179,5.136738056013179,none,0
Finland,174,seaweeds,2021,4.880000000000001,25.71,r2,154,6.877501948843852,12.608422069047505,5.268442622950819,5.268442622950819,none,0
Finland,174,seaweeds,2022,24.72,33.58,r2,154,8.511875344318732,9.005880754555477,1.3584142394822007,1.3584142394822007,none,0
Finland,174,seaweeds,2023,4.048760721708436,14.86,r2,154,5.9226356182180755,10.475280391460174,3.6702588820140494,3.6702588820140494,none,0
NA,174,ornamentals,2019,NA,NA,r2,154,50.43147993643757,762.3986858156522,NA,50.43147993643757,geo_region,1
NA,174,ornamentals,2020,NA,NA,r2,154,47.564140449049454,533.8956822859074,NA,47.564140449049454,geo_region,1
NA,174,ornamentals,2021,NA,NA,r2,154,61.650525816802805,482.4878993830671,NA,61.650525816802805,geo_region,1
NA,174,ornamentals,2022,NA,NA,r2,154,45.0472064271001,313.3104942475703,NA,45.0472064271001,geo_region,1
NA,174,ornamentals,2023,NA,NA,r2,154,45.42595720888871,267.14713099669086,NA,45.42595720888871,geo_region,1
Denmark,175,fish_oil,2019,146362.2,248694.73,r2,154,3.713604198153352,4.173549943898697,1.6991732154886985,1.6991732154886985,none,0
Denmark,175,fish_oil,2020,151572.37,304650.73,r2,154,3.3550710938831796,8.734880162391821,2.0099357818314774,2.0099357818314774,none,0
Denmark,175,fish_oil,2021,127950.01,261521.42,r2,154,2.21169171000455,9.479579859767002,2.043934345921505,2.043934345921505,none,0
Denmark,175,fish_oil,2022,113662.6,304046.66000000003,r2,154,2.9078841597276552,9.100285927081373,2.674993005614864,2.674993005614864,none,0
Denmark,175,fish_oil,2023,90349.93,367730.65,r2,154,5.234311551859661,7.052039687792173,4.070071221969957,4.070071221969957,none,0
Denmark,175,ornamentals,2019,0,0,r2,154,50.43147993643757,762.3986858156522,NA,50.43147993643757,geo_region,1
Denmark,175,ornamentals,2020,0.03,2.66,r2,154,47.564140449049454,533.8956822859074,88.66666666666667,88.66666666666667,none,0
Denmark,175,ornamentals,2021,0.04,0.63,r2,154,61.650525816802805,482.4878993830671,15.75,15.75,none,0
Denmark,175,ornamentals,2022,0.12,4.16,r2,154,45.0472064271001,313.3104942475703,34.66666666666667,34.66666666666667,none,0
Denmark,175,ornamentals,2023,0.12,3.7,r2,154,45.42595720888871,267.14713099669086,30.833333333333336,30.833333333333336,none,0
Denmark,175,seaweeds,2019,1042.08,7114.41,r2,154,10.029240233939625,12.69438158351965,6.827124596959926,6.827124596959926,none,0
Denmark,175,seaweeds,2020,1151.28,7730.52,r2,154,8.08059822539885,13.195661535326474,6.714717531790703,6.714717531790703,none,0
Denmark,175,seaweeds,2021,1353.86,11597.4,r2,154,6.877501948843852,12.608422069047505,8.566173755041142,8.566173755041142,none,0
Denmark,175,seaweeds,2022,1217.75,8851.61,r2,154,8.511875344318732,9.005880754555477,7.268823650174503,7.268823650174503,none,0
Denmark,175,seaweeds,2023,1114.43,8260.800000000001,r2,154,5.9226356182180755,10.475280391460174,7.412578627639242,7.412578627639242,none,0
Germany,176,fish_oil,2019,14346.86,36407.76,r2,155,2.486637608721396,4.173549943898697,2.537681416003223,2.537681416003223,none,0
Germany,176,fish_oil,2020,15911.17,38868.3,r2,155,2.4908049530813314,8.734880162391821,2.442831042594605,2.442831042594605,none,0
Germany,176,fish_oil,2021,20974.06,56715.740000000005,r2,155,2.5590912874213827,9.479579859767002,2.704089718442686,2.704089718442686,none,0
Germany,176,fish_oil,2022,15437.9,57899.91,r2,155,3.405909724738585,9.100285927081373,3.7505042784316522,3.7505042784316522,none,0
Germany,176,fish_oil,2023,12799.35,61507.41,r2,155,5.293936680119754,7.052039687792173,4.805510436076832,4.805510436076832,none,0
Germany,176,ornamentals,2019,1.2,394.37,r2,155,101.72559253285696,762.3986858156522,328.6416666666667,328.6416666666667,none,0
Germany,176,ornamentals,2020,0.45,175.72,r2,155,120.62522448758364,533.8956822859074,390.4888888888889,390.4888888888889,none,0
Germany,176,ornamentals,2021,0.39,156.54,r2,155,122.18025523162241,482.4878993830671,401.38461538461536,401.38461538461536,none,0
Germany,176,ornamentals,2022,0.2,126.72,r2,155,177.9816374384934,313.3104942475703,633.5999999999999,633.5999999999999,none,0
Germany,176,ornamentals,2023,0.55,205.65,r2,155,117.57130342584112,267.14713099669086,373.9090909090909,373.9090909090909,none,0
Germany,176,seaweeds,2019,1665.94,16448.72,r2,155,9.906531966659237,12.69438158351965,9.873536862071864,9.873536862071864,none,0
Germany,176,seaweeds,2020,1389.85,14876.67,r2,155,9.141284654962936,13.195661535326474,10.70379537360147,10.70379537360147,none,0
Germany,176,seaweeds,2021,1565.17,16874.739999999998,r2,155,10.339676847344405,12.608422069047505,10.78141032603487,10.78141032603487,none,0
Germany,176,seaweeds,2022,1501.4,16406.82,r2,155,8.316798951931982,9.005880754555477,10.92768083122419,10.92768083122419,none,0
Germany,176,seaweeds,2023,1246.99,15581.51,r2,155,9.624232659080821,10.475280391460174,12.495296674391936,12.495296674391936,none,0
Netherlands,177,fish_oil,2019,16100.87,56667.4,r2,155,2.486637608721396,4.173549943898697,3.519524100250483,3.519524100250483,none,0
Netherlands,177,fish_oil,2020,21806.06,78471.1,r2,155,2.4908049530813314,8.734880162391821,3.5985914007390605,3.5985914007390605,none,0
Netherlands,177,fish_oil,2021,30696.23,94332.48,r2,155,2.5590912874213827,9.479579859767002,3.0730965985073735,3.0730965985073735,none,0
Netherlands,177,fish_oil,2022,17203.5,60450.89,r2,155,3.405909724738585,9.100285927081373,3.513871595896184,3.513871595896184,none,0
Netherlands,177,fish_oil,2023,16282.16,105245.69,r2,155,5.293936680119754,7.052039687792173,6.463865359387206,6.463865359387206,none,0
Netherlands,177,ornamentals,2019,817.71,11593.59,r2,155,101.72559253285696,762.3986858156522,14.178119382177055,14.178119382177055,none,0
Netherlands,177,ornamentals,2020,1277.23,13642.81,r2,155,120.62522448758364,533.8956822859074,10.681560877837194,10.681560877837194,none,0
Netherlands,177,ornamentals,2021,2190.94,23820.73,r2,155,122.18025523162241,482.4878993830671,10.872378978885775,10.872378978885775,none,0
Netherlands,177,ornamentals,2022,1740.04,17605.19,r2,155,177.9816374384934,313.3104942475703,10.117692696719615,10.117692696719615,none,0
Netherlands,177,ornamentals,2023,1334.84,14046.33,r2,155,117.57130342584112,267.14713099669086,10.522856671960685,10.522856671960685,none,0
Netherlands,177,seaweeds,2019,686.0699999999999,12560.12,r2,155,9.906531966659237,12.69438158351965,18.307344731587158,18.307344731587158,none,0
Netherlands,177,seaweeds,2020,566.1899999999999,10625.59,r2,155,9.141284654962936,13.195661535326474,18.766827390098733,18.766827390098733,none,0
Netherlands,177,seaweeds,2021,666.75,12953.74,r2,155,10.339676847344405,12.608422069047505,19.428181477315334,19.428181477315334,none,0
Netherlands,177,seaweeds,2022,1292.64,14844.06,r2,155,8.316798951931982,9.005880754555477,11.483522094318603,11.483522094318603,none,0
Netherlands,177,seaweeds,2023,1774.17,17252.690000000002,r2,155,9.624232659080821,10.475280391460174,9.724372523489858,9.724372523489858,none,0
Poland,178,fish_oil,2019,2891.13,8297.58,r2,151,6.044958353463389,4.173549943898697,2.870012763175644,2.870012763175644,none,0
Poland,178,fish_oil,2020,6440.870000000001,12434.91,r2,151,4.020388097391727,8.734880162391821,1.9306258316034943,1.9306258316034943,none,0
Poland,178,fish_oil,2021,6460.25,11104.36,r2,151,6.420677523384552,9.479579859767002,1.718874656553539,1.718874656553539,none,0
Poland,178,fish_oil,2022,8455.13,19431.9,r2,151,2.6989613640663177,9.100285927081373,2.298237874521149,2.298237874521149,none,0
Poland,178,fish_oil,2023,9878.49,28548.59,r2,151,7.74290803680388,7.052039687792173,2.8899750872856074,2.8899750872856074,none,0
Poland,178,ornamentals,2019,0.38,2.51,r2,151,7.253270467009689,762.3986858156522,6.605263157894736,6.605263157894736,none,0
Poland,178,ornamentals,2020,0.87,2.9,r2,151,5.3725762259097785,533.8956822859074,3.333333333333333,3.333333333333333,none,0
Poland,178,ornamentals,2021,0.4,1.13,r2,151,2.36047365029357,482.4878993830671,2.8249999999999997,2.8249999999999997,none,0
Poland,178,ornamentals,2022,0.04,0.58,r2,151,8.21904682087384,313.3104942475703,14.499999999999998,14.499999999999998,none,0
Poland,178,ornamentals,2023,0.02,0.22,r2,151,6.534920102804783,267.14713099669086,11,11,none,0
Poland,178,seaweeds,2019,185.99,825,r2,151,9.082555798344591,12.69438158351965,4.4357223506640135,4.4357223506640135,none,0
Poland,178,seaweeds,2020,150.73000000000002,861.76,r2,151,13.166169864496617,13.195661535326474,5.717242751940555,5.717242751940555,none,0
Poland,178,seaweeds,2021,277.88,1400.39,r2,151,14.438182640161653,12.608422069047505,5.039549445803945,5.039549445803945,none,0
Poland,178,seaweeds,2022,92.4,1111.4,r2,151,10.664751649090984,9.005880754555477,12.028138528138529,12.028138528138529,none,0
Poland,178,seaweeds,2023,281.07,1153.85,r2,151,7.99302718497083,10.475280391460174,4.105205109047568,4.105205109047568,none,0
France,179,fish_oil,2019,23053.870000000003,49963.78,r2,155,2.486637608721396,4.173549943898697,2.16726215598509,2.16726215598509,none,0
France,179,fish_oil,2020,26401.03,56460.49,r2,155,2.4908049530813314,8.734880162391821,2.1385714875518116,2.1385714875518116,none,0
France,179,fish_oil,2021,27680.32,67073.95,r2,155,2.5590912874213827,9.479579859767002,2.4231638218055283,2.4231638218055283,none,0
France,179,fish_oil,2022,23619.39,84374.69,r2,155,3.405909724738585,9.100285927081373,3.5722637206125984,3.5722637206125984,none,0
France,179,fish_oil,2023,19096.91,107224.14,r2,155,5.293936680119754,7.052039687792173,5.61473767222027,5.61473767222027,none,0
France,179,ornamentals,2019,30.03,1498.8,r2,155,101.72559253285696,762.3986858156522,49.91008991008991,49.91008991008991,none,0
France,179,ornamentals,2020,25.54,1333.69,r2,155,120.62522448758364,533.8956822859074,52.219655442443234,52.219655442443234,none,0
France,179,ornamentals,2021,31.33,1842.05,r2,155,122.18025523162241,482.4878993830671,58.79508458346633,58.79508458346633,none,0
France,179,ornamentals,2022,28.56,1418.4,r2,155,177.9816374384934,313.3104942475703,49.663865546218496,49.663865546218496,none,0
France,179,ornamentals,2023,17.65,1185.93,r2,155,117.57130342584112,267.14713099669086,67.1915014164306,67.1915014164306,none,0
France,179,seaweeds,2019,8776.47,12148.15,r2,155,9.906531966659237,12.69438158351965,1.3841726799043352,1.3841726799043352,none,0
France,179,seaweeds,2020,9537.33,12047.6,r2,155,9.141284654962936,13.195661535326474,1.2632046914597692,1.2632046914597692,none,0
France,179,seaweeds,2021,10617.87,14183.49,r2,155,10.339676847344405,12.608422069047505,1.3358131150598,1.3358131150598,none,0
France,179,seaweeds,2022,9306.69,14991.03,r2,155,8.316798951931982,9.005880754555477,1.6107799872994588,1.6107799872994588,none,0
France,179,seaweeds,2023,8173.13,12572.43,r2,155,9.624232659080821,10.475280391460174,1.538263798569214,1.538263798569214,none,0
United Kingdom,180,fish_oil,2019,11872.64,22311.5,r2,154,3.713604198153352,4.173549943898697,1.8792366314484394,1.8792366314484394,none,0
United Kingdom,180,fish_oil,2020,9984.79,17781.61,r2,154,3.3550710938831796,8.734880162391821,1.780869702817986,1.780869702817986,none,0
United Kingdom,180,fish_oil,2021,9359.31,18790.5,r2,154,2.21169171000455,9.479579859767002,2.0076800533372654,2.0076800533372654,none,0
United Kingdom,180,fish_oil,2022,7106.91,17093.22,r2,154,2.9078841597276552,9.100285927081373,2.4051549829672814,2.4051549829672814,none,0
United Kingdom,180,fish_oil,2023,5706,18478.95,r2,154,5.234311551859661,7.052039687792173,3.2385120925341746,3.2385120925341746,none,0
United Kingdom,180,ornamentals,2019,127.59,1499.32,r2,154,50.43147993643757,762.3986858156522,11.751077670663845,11.751077670663845,none,0
United Kingdom,180,ornamentals,2020,115.31,2013.63,r2,154,47.564140449049454,533.8956822859074,17.462752580001734,17.462752580001734,none,0
United Kingdom,180,ornamentals,2021,8,253.86,r2,154,61.650525816802805,482.4878993830671,31.7325,31.7325,none,0
United Kingdom,180,ornamentals,2022,52.4,355.58,r2,154,45.0472064271001,313.3104942475703,6.78587786259542,6.78587786259542,none,0
United Kingdom,180,ornamentals,2023,3.39,153.5,r2,154,45.42595720888871,267.14713099669086,45.28023598820059,45.28023598820059,none,0
United Kingdom,180,seaweeds,2019,3321.61,13798.05,r2,154,10.029240233939625,12.69438158351965,4.154024704887087,4.154024704887087,none,0
United Kingdom,180,seaweeds,2020,3235.2,14323.83,r2,154,8.08059822539885,13.195661535326474,4.427494436201781,4.427494436201781,none,0
United Kingdom,180,seaweeds,2021,2511.45,12797.42,r2,154,6.877501948843852,12.608422069047505,5.0956300145334374,5.0956300145334374,none,0
United Kingdom,180,seaweeds,2022,2633.51,15392.17,r2,154,8.511875344318732,9.005880754555477,5.844735732919183,5.844735732919183,none,0
United Kingdom,180,seaweeds,2023,2709.35,17312.77,r2,154,5.9226356182180755,10.475280391460174,6.390008673667116,6.390008673667116,none,0
Ireland,181,fish_oil,2019,3449.1000000000004,5222,r2,154,3.713604198153352,4.173549943898697,1.5140181496622305,1.5140181496622305,none,0
Ireland,181,fish_oil,2020,3356.21,6100.4,r2,154,3.3550710938831796,8.734880162391821,1.8176454989407693,1.8176454989407693,none,0
Ireland,181,fish_oil,2021,5177.16,8811.72,r2,154,2.21169171000455,9.479579859767002,1.7020374104721507,1.7020374104721507,none,0
Ireland,181,fish_oil,2022,3045.37,7889.1,r2,154,2.9078841597276552,9.100285927081373,2.590522662270923,2.590522662270923,none,0
Ireland,181,fish_oil,2023,2936.6499999999996,10210.56,r2,154,5.234311551859661,7.052039687792173,3.4769414128343525,3.4769414128343525,none,0
Ireland,181,ornamentals,2019,0,0,r2,154,50.43147993643757,762.3986858156522,NA,50.43147993643757,geo_region,1
Ireland,181,ornamentals,2020,2.89,16.96,r2,154,47.564140449049454,533.8956822859074,5.868512110726644,5.868512110726644,none,0
Ireland,181,ornamentals,2021,0,0.01,r2,154,61.650525816802805,482.4878993830671,NA,61.650525816802805,geo_region,1
Ireland,181,ornamentals,2022,0,0,r2,154,45.0472064271001,313.3104942475703,NA,45.0472064271001,geo_region,1
Ireland,181,ornamentals,2023,0.12,0.85,r2,154,45.42595720888871,267.14713099669086,7.083333333333333,7.083333333333333,none,0
Ireland,181,seaweeds,2019,69758.20000000001,32770.78,r2,154,10.029240233939625,12.69438158351965,0.4697767430925682,0.4697767430925682,none,0
Ireland,181,seaweeds,2020,77942.29,35204.51,r2,154,8.08059822539885,13.195661535326474,0.45167405268693034,0.45167405268693034,none,0
Ireland,181,seaweeds,2021,82235.55,40896.1,r2,154,6.877501948843852,12.608422069047505,0.4973043896465701,0.4973043896465701,none,0
Ireland,181,seaweeds,2022,73335.51,38393.36,r2,154,8.511875344318732,9.005880754555477,0.5235302788512687,0.5235302788512687,none,0
Ireland,181,seaweeds,2023,59986.04,39252.57,r2,154,5.9226356182180755,10.475280391460174,0.6543617481667401,0.6543617481667401,none,0
Spain,182,fish_oil,2019,10492.79,26884.06,r2,39,3.5130878839029642,4.173549943898697,2.562146006924755,2.562146006924755,none,0
Spain,182,fish_oil,2020,11765.65,30227.36,r2,39,12.688876901113854,8.734880162391821,2.56911942816589,2.56911942816589,none,0
Spain,182,fish_oil,2021,14575.15,38755.16,r2,39,12.963175178808166,9.479579859767002,2.6589887582632086,2.6589887582632086,none,0
Spain,182,fish_oil,2022,15646.15,51042.79,r2,39,9.038014004857267,9.100285927081373,3.2623226800203247,3.2623226800203247,none,0
Spain,182,fish_oil,2023,15540.87,70471.9,r2,39,13.977192957370363,7.052039687792173,4.534617431327846,4.534617431327846,none,0
Spain,182,ornamentals,2019,5127.36,31753.37,r2,39,13.839026417897957,762.3986858156522,6.192927744492293,6.192927744492293,none,0
Spain,182,ornamentals,2020,4957.06,33032.57,r2,39,13.28453454913226,533.8956822859074,6.663742218169641,6.663742218169641,none,0
Spain,182,ornamentals,2021,4758.08,34872.96,r2,39,16.187521677881296,482.4878993830671,7.329208420203107,7.329208420203107,none,0
Spain,182,ornamentals,2022,1273.78,8458.94,r2,39,12.258381992966504,313.3104942475703,6.640817095573804,6.640817095573804,none,0
Spain,182,ornamentals,2023,1325.64,10955.65,r2,39,10.599927036875398,267.14713099669086,8.264423221990887,8.264423221990887,none,0
Spain,182,seaweeds,2019,3753.25,47246.100000000006,r2,39,18.937345952232842,12.69438158351965,12.588050356357824,12.588050356357824,none,0
Spain,182,seaweeds,2020,3818.35,52327.579999999994,r2,39,15.232121707046842,13.195661535326474,13.704238741864941,13.704238741864941,none,0
Spain,182,seaweeds,2021,4961.99,54967.920000000006,r2,39,22.258482257657008,12.608422069047505,11.0777974159561,11.0777974159561,none,0
Spain,182,seaweeds,2022,4229.8,58727.8,r2,39,15.950282976495712,9.005880754555477,13.884297129887939,13.884297129887939,none,0
Spain,182,seaweeds,2023,4933.5599999999995,55955.12,r2,39,24.79950988909789,10.475280391460174,11.34173294740512,11.34173294740512,none,0
Portugal,183,fish_oil,2019,851.6600000000001,1173.14,r2,39,3.5130878839029642,4.173549943898697,1.3774745790573704,1.3774745790573704,none,0
Portugal,183,fish_oil,2020,1030.27,1747.29,r2,39,12.688876901113854,8.734880162391821,1.6959534879206422,1.6959534879206422,none,0
Portugal,183,fish_oil,2021,1086.9299999999998,1976.01,r2,39,12.963175178808166,9.479579859767002,1.817973558554829,1.817973558554829,none,0
Portugal,183,fish_oil,2022,905.45,2190.45,r2,39,9.038014004857267,9.100285927081373,2.4191838312441325,2.4191838312441325,none,0
Portugal,183,fish_oil,2023,803.5,2743.26,r2,39,13.977192957370363,7.052039687792173,3.414138145612944,3.414138145612944,none,0
Portugal,183,ornamentals,2019,30.25,784.97,r2,39,13.839026417897957,762.3986858156522,25.949421487603306,25.949421487603306,none,0
Portugal,183,ornamentals,2020,40.27,976.87,r2,39,13.28453454913226,533.8956822859074,24.258008443009683,24.258008443009683,none,0
Portugal,183,ornamentals,2021,67.01,2080.26,r2,39,16.187521677881296,482.4878993830671,31.044023280107446,31.044023280107446,none,0
Portugal,183,ornamentals,2022,67.89,1505.84,r2,39,12.258381992966504,313.3104942475703,22.18058624245102,22.18058624245102,none,0
Portugal,183,ornamentals,2023,90.62,1449.34,r2,39,10.599927036875398,267.14713099669086,15.993599646877067,15.993599646877067,none,0
Portugal,183,seaweeds,2019,1146.82,4845.61,r2,39,18.937345952232842,12.69438158351965,4.225257669032629,4.225257669032629,none,0
Portugal,183,seaweeds,2020,655.38,3913.67,r2,39,15.232121707046842,13.195661535326474,5.971604260123898,5.971604260123898,none,0
Portugal,183,seaweeds,2021,1229.37,7788.77,r2,39,22.258482257657008,12.608422069047505,6.335578385677218,6.335578385677218,none,0
Portugal,183,seaweeds,2022,404.91,3377.4399999999996,r2,39,15.950282976495712,9.005880754555477,8.341211627275195,8.341211627275195,none,0
Portugal,183,seaweeds,2023,566.07,5001,r2,39,24.79950988909789,10.475280391460174,8.834596428003604,8.834596428003604,none,0
Italy,184,fish_oil,2019,455.66,1146.84,r2,39,3.5130878839029642,4.173549943898697,2.5168766185313607,2.5168766185313607,none,0
Italy,184,fish_oil,2020,759.14,1631.6,r2,39,12.688876901113854,8.734880162391821,2.14927417867587,2.14927417867587,none,0
Italy,184,fish_oil,2021,600.26,1677.03,r2,39,12.963175178808166,9.479579859767002,2.7938393362876086,2.7938393362876086,none,0
Italy,184,fish_oil,2022,225.21,993.17,r2,39,9.038014004857267,9.100285927081373,4.409972914168997,4.409972914168997,none,0
Italy,184,fish_oil,2023,148.26,477.16,r2,39,13.977192957370363,7.052039687792173,3.218400107918522,3.218400107918522,none,0
Italy,184,ornamentals,2019,37.04,347.24,r2,39,13.839026417897957,762.3986858156522,9.374730021598273,9.374730021598273,none,0
Italy,184,ornamentals,2020,26.12,233.3,r2,39,13.28453454913226,533.8956822859074,8.931852986217457,8.931852986217457,none,0
Italy,184,ornamentals,2021,15,152.84,r2,39,16.187521677881296,482.4878993830671,10.189333333333334,10.189333333333334,none,0
Italy,184,ornamentals,2022,11.89,94.57,r2,39,12.258381992966504,313.3104942475703,7.953742640874684,7.953742640874684,none,0
Italy,184,ornamentals,2023,9.1,68.63,r2,39,10.599927036875398,267.14713099669086,7.541758241758242,7.541758241758242,none,0
Italy,184,seaweeds,2019,1272.79,16553.63,r2,39,18.937345952232842,12.69438158351965,13.00578257214466,13.00578257214466,none,0
Italy,184,seaweeds,2020,1632.06,13096.66,r2,39,15.232121707046842,13.195661535326474,8.02461919292183,8.02461919292183,none,0
Italy,184,seaweeds,2021,1780.63,18015.69,r2,39,22.258482257657008,12.608422069047505,10.117593211391473,10.117593211391473,none,0
Italy,184,seaweeds,2022,1619.36,19715.83,r2,39,15.950282976495712,9.005880754555477,12.175075338405298,12.175075338405298,none,0
Italy,184,seaweeds,2023,1644.17,18402.78,r2,39,24.79950988909789,10.475280391460174,11.19274770857028,11.19274770857028,none,0
NA,185,seaweeds,2019,NA,NA,r2,155,9.906531966659237,12.69438158351965,NA,9.906531966659237,geo_region,1
NA,185,seaweeds,2020,NA,NA,r2,155,9.141284654962936,13.195661535326474,NA,9.141284654962936,geo_region,1
NA,185,seaweeds,2021,NA,NA,r2,155,10.339676847344405,12.608422069047505,NA,10.339676847344405,geo_region,1
NA,185,seaweeds,2022,NA,NA,r2,155,8.316798951931982,9.005880754555477,NA,8.316798951931982,geo_region,1
NA,185,seaweeds,2023,NA,NA,r2,155,9.624232659080821,10.475280391460174,NA,9.624232659080821,geo_region,1
NA,185,ornamentals,2019,NA,NA,r2,155,101.72559253285696,762.3986858156522,NA,101.72559253285696,geo_region,1
NA,185,ornamentals,2020,NA,NA,r2,155,120.62522448758364,533.8956822859074,NA,120.62522448758364,geo_region,1
NA,185,ornamentals,2021,NA,NA,r2,155,122.18025523162241,482.4878993830671,NA,122.18025523162241,geo_region,1
NA,185,ornamentals,2022,NA,NA,r2,155,177.9816374384934,313.3104942475703,NA,177.9816374384934,geo_region,1
NA,185,ornamentals,2023,NA,NA,r2,155,117.57130342584112,267.14713099669086,NA,117.57130342584112,geo_region,1
NA,185,fish_oil,2019,NA,NA,r2,155,2.486637608721396,4.173549943898697,NA,2.486637608721396,geo_region,1
NA,185,fish_oil,2020,NA,NA,r2,155,2.4908049530813314,8.734880162391821,NA,2.4908049530813314,geo_region,1
NA,185,fish_oil,2021,NA,NA,r2,155,2.5590912874213827,9.479579859767002,NA,2.5590912874213827,geo_region,1
NA,185,fish_oil,2022,NA,NA,r2,155,3.405909724738585,9.100285927081373,NA,3.405909724738585,geo_region,1
NA,185,fish_oil,2023,NA,NA,r2,155,5.293936680119754,7.052039687792173,NA,5.293936680119754,geo_region,1
Montenegro,186,fish_oil,2019,0,0,NA,NA,1.4235776800097977,4.173549943898697,NA,1.4235776800097977,geo_region,1
Montenegro,186,fish_oil,2020,0,0,NA,NA,1.587472022331214,8.734880162391821,NA,1.587472022331214,geo_region,1
Montenegro,186,fish_oil,2021,0,0,NA,NA,1.7024125352346209,9.479579859767002,NA,1.7024125352346209,geo_region,1
Montenegro,186,fish_oil,2022,0,0,NA,NA,1.6479230480227982,9.100285927081373,NA,1.6479230480227982,geo_region,1
Montenegro,186,fish_oil,2023,0,0,NA,NA,5.563146475908016,7.052039687792173,NA,5.563146475908016,geo_region,1
Montenegro,186,seaweeds,2019,0,0,NA,NA,7.721455306187844,12.69438158351965,NA,7.721455306187844,geo_region,1
Montenegro,186,seaweeds,2020,0,0,NA,NA,13.415586823971827,13.195661535326474,NA,13.415586823971827,geo_region,1
Montenegro,186,seaweeds,2021,0,0,NA,NA,35.35252514707192,12.608422069047505,NA,35.35252514707192,geo_region,1
Montenegro,186,seaweeds,2022,0,0,NA,NA,35.09600963246095,9.005880754555477,NA,35.09600963246095,geo_region,1
Montenegro,186,seaweeds,2023,0,0,NA,NA,39.335083874458874,10.475280391460174,NA,39.335083874458874,geo_region,1
NA,186,ornamentals,2019,NA,NA,NA,NA,200.9768418030223,762.3986858156522,NA,200.9768418030223,geo_region,1
NA,186,ornamentals,2020,NA,NA,NA,NA,584.9666258893922,533.8956822859074,NA,584.9666258893922,geo_region,1
NA,186,ornamentals,2021,NA,NA,NA,NA,718.4772831885801,482.4878993830671,NA,718.4772831885801,geo_region,1
NA,186,ornamentals,2022,NA,NA,NA,NA,119.35197331496364,313.3104942475703,NA,119.35197331496364,geo_region,1
NA,186,ornamentals,2023,NA,NA,NA,NA,81.34777639315145,267.14713099669086,NA,81.34777639315145,geo_region,1
Croatia,187,fish_oil,2019,48.10828154217147,48.6,r2,39,3.5130878839029642,4.173549943898697,1.0102210771631386,1.0102210771631386,none,0
Croatia,187,fish_oil,2020,0.03,0.47,r2,39,12.688876901113854,8.734880162391821,15.666666666666666,15.666666666666666,none,0
Croatia,187,fish_oil,2021,0.32999999999999996,4.25,r2,39,12.963175178808166,9.479579859767002,12.87878787878788,12.87878787878788,none,0
Croatia,187,fish_oil,2022,1.91,12.74,r2,39,9.038014004857267,9.100285927081373,6.670157068062828,6.670157068062828,none,0
Croatia,187,fish_oil,2023,1.11,5.51,r2,39,13.977192957370363,7.052039687792173,4.9639639639639634,4.9639639639639634,none,0
Croatia,187,seaweeds,2019,0.55,16.61,r2,39,18.937345952232842,12.69438158351965,30.199999999999996,30.199999999999996,none,0
Croatia,187,seaweeds,2020,0.36,9.24,r2,39,15.232121707046842,13.195661535326474,25.666666666666668,25.666666666666668,none,0
Croatia,187,seaweeds,2021,0.8447090755689161,52.4,r2,39,22.258482257657008,12.608422069047505,62.0331916816548,62.0331916816548,none,0
Croatia,187,seaweeds,2022,0.82,22.01,r2,39,15.950282976495712,9.005880754555477,26.84146341463415,26.84146341463415,none,0
Croatia,187,seaweeds,2023,1.33,66.9,r2,39,24.79950988909789,10.475280391460174,50.30075187969925,50.30075187969925,none,0
NA,187,ornamentals,2019,NA,NA,r2,39,13.839026417897957,762.3986858156522,NA,13.839026417897957,geo_region,1
NA,187,ornamentals,2020,NA,NA,r2,39,13.28453454913226,533.8956822859074,NA,13.28453454913226,geo_region,1
NA,187,ornamentals,2021,NA,NA,r2,39,16.187521677881296,482.4878993830671,NA,16.187521677881296,geo_region,1
NA,187,ornamentals,2022,NA,NA,r2,39,12.258381992966504,313.3104942475703,NA,12.258381992966504,geo_region,1
NA,187,ornamentals,2023,NA,NA,r2,39,10.599927036875398,267.14713099669086,NA,10.599927036875398,geo_region,1
Slovenia,188,fish_oil,2019,0.12,1.46,r2,39,3.5130878839029642,4.173549943898697,12.166666666666666,12.166666666666666,none,0
Slovenia,188,fish_oil,2020,0.99,3.27,r2,39,12.688876901113854,8.734880162391821,3.303030303030303,3.303030303030303,none,0
Slovenia,188,fish_oil,2021,1.18,6.72,r2,39,12.963175178808166,9.479579859767002,5.694915254237288,5.694915254237288,none,0
Slovenia,188,fish_oil,2022,0.18,2.32,r2,39,9.038014004857267,9.100285927081373,12.88888888888889,12.88888888888889,none,0
Slovenia,188,fish_oil,2023,1.07,6.050000000000001,r2,39,13.977192957370363,7.052039687792173,5.654205607476636,5.654205607476636,none,0
Slovenia,188,ornamentals,2019,0,0,r2,39,13.839026417897957,762.3986858156522,NA,13.839026417897957,geo_region,1
Slovenia,188,ornamentals,2020,0,0,r2,39,13.28453454913226,533.8956822859074,NA,13.28453454913226,geo_region,1
Slovenia,188,ornamentals,2021,0,0,r2,39,16.187521677881296,482.4878993830671,NA,16.187521677881296,geo_region,1
Slovenia,188,ornamentals,2022,0,0,r2,39,12.258381992966504,313.3104942475703,NA,12.258381992966504,geo_region,1
Slovenia,188,ornamentals,2023,0,0,r2,39,10.599927036875398,267.14713099669086,NA,10.599927036875398,geo_region,1
Slovenia,188,seaweeds,2019,10.590000000000002,205.8,r2,39,18.937345952232842,12.69438158351965,19.43342776203966,19.43342776203966,none,0
Slovenia,188,seaweeds,2020,3.3899999999999997,102.58,r2,39,15.232121707046842,13.195661535326474,30.25958702064897,30.25958702064897,none,0
Slovenia,188,seaweeds,2021,21.18,395.01,r2,39,22.258482257657008,12.608422069047505,18.65014164305949,18.65014164305949,none,0
Slovenia,188,seaweeds,2022,19.24,230.94000000000003,r2,39,15.950282976495712,9.005880754555477,12.003118503118506,12.003118503118506,none,0
Slovenia,188,seaweeds,2023,20.01,273.54,r2,39,24.79950988909789,10.475280391460174,13.670164917541229,13.670164917541229,none,0
Lithuania,189,fish_oil,2019,24.66,479.84,r2,154,3.713604198153352,4.173549943898697,19.458231954582317,19.458231954582317,none,0
Lithuania,189,fish_oil,2020,33.89,541.64,r2,154,3.3550710938831796,8.734880162391821,15.982295662437297,15.982295662437297,none,0
Lithuania,189,fish_oil,2021,551.37,1738.5,r2,154,2.21169171000455,9.479579859767002,3.153055117253387,3.153055117253387,none,0
Lithuania,189,fish_oil,2022,221.28,1161.19,r2,154,2.9078841597276552,9.100285927081373,5.247604844540853,5.247604844540853,none,0
Lithuania,189,fish_oil,2023,121.15,1448.96,r2,154,5.234311551859661,7.052039687792173,11.960049525381757,11.960049525381757,none,0
Lithuania,189,ornamentals,2019,38.71,208.34,r2,154,50.43147993643757,762.3986858156522,5.3820718160681995,5.3820718160681995,none,0
Lithuania,189,ornamentals,2020,23.97,143.93,r2,154,47.564140449049454,533.8956822859074,6.004589069670422,6.004589069670422,none,0
Lithuania,189,ornamentals,2021,25.71,195.9,r2,154,61.650525816802805,482.4878993830671,7.619603267211202,7.619603267211202,none,0
Lithuania,189,ornamentals,2022,35.28,235.01,r2,154,45.0472064271001,313.3104942475703,6.661281179138322,6.661281179138322,none,0
Lithuania,189,ornamentals,2023,26.67,202.68,r2,154,45.42595720888871,267.14713099669086,7.599550056242969,7.599550056242969,none,0
Lithuania,189,seaweeds,2019,85.25,492.9,r2,154,10.029240233939625,12.69438158351965,5.781818181818181,5.781818181818181,none,0
Lithuania,189,seaweeds,2020,224.3,681.24,r2,154,8.08059822539885,13.195661535326474,3.037182345073562,3.037182345073562,none,0
Lithuania,189,seaweeds,2021,251.6,2063.43,r2,154,6.877501948843852,12.608422069047505,8.201232114467409,8.201232114467409,none,0
Lithuania,189,seaweeds,2022,330.99,2367.63,r2,154,8.511875344318732,9.005880754555477,7.1531768331369525,7.1531768331369525,none,0
Lithuania,189,seaweeds,2023,442.22,3182.12,r2,154,5.9226356182180755,10.475280391460174,7.195784903441725,7.195784903441725,none,0
NA,190,seaweeds,2019,NA,NA,r2,145,9.211885795598922,12.69438158351965,NA,9.211885795598922,geo_region,1
NA,190,seaweeds,2020,NA,NA,r2,145,13.054814707322212,13.195661535326474,NA,13.054814707322212,geo_region,1
NA,190,seaweeds,2021,NA,NA,r2,145,10.010092416212007,12.608422069047505,NA,10.010092416212007,geo_region,1
NA,190,seaweeds,2022,NA,NA,r2,145,11.869973789113288,9.005880754555477,NA,11.869973789113288,geo_region,1
NA,190,seaweeds,2023,NA,NA,r2,145,10.980913167548522,10.475280391460174,NA,10.980913167548522,geo_region,1
NA,190,ornamentals,2019,NA,NA,r2,145,689.5303074939351,762.3986858156522,NA,689.5303074939351,geo_region,1
NA,190,ornamentals,2020,NA,NA,r2,145,1.8476207219878105,533.8956822859074,NA,1.8476207219878105,geo_region,1
NA,190,ornamentals,2021,NA,NA,r2,145,140.4681937304791,482.4878993830671,NA,140.4681937304791,geo_region,1
NA,190,ornamentals,2022,NA,NA,r2,145,55.428753615754005,313.3104942475703,NA,55.428753615754005,geo_region,1
NA,190,ornamentals,2023,NA,NA,r2,145,3.847756898986307,267.14713099669086,NA,3.847756898986307,geo_region,1
NA,190,fish_oil,2019,NA,NA,r2,145,2.9499054849198525,4.173549943898697,NA,2.9499054849198525,geo_region,1
NA,190,fish_oil,2020,NA,NA,r2,145,55.41276923723147,8.734880162391821,NA,55.41276923723147,geo_region,1
NA,190,fish_oil,2021,NA,NA,r2,145,59.00740656851673,9.479579859767002,NA,59.00740656851673,geo_region,1
NA,190,fish_oil,2022,NA,NA,r2,145,55.591812672190194,9.100285927081373,NA,55.591812672190194,geo_region,1
NA,190,fish_oil,2023,NA,NA,r2,145,14.75590872216053,7.052039687792173,NA,14.75590872216053,geo_region,1
Iran,191,fish_oil,2019,0,0,r2,34,8.531915993565814,4.173549943898697,NA,8.531915993565814,geo_region,1
Iran,191,fish_oil,2020,0,0,r2,34,13.221330088697108,8.734880162391821,NA,13.221330088697108,geo_region,1
Iran,191,fish_oil,2021,0,0,r2,34,10.677540646744092,9.479579859767002,NA,10.677540646744092,geo_region,1
Iran,191,fish_oil,2022,0,0,r2,34,13.961943531218187,9.100285927081373,NA,13.961943531218187,geo_region,1
Iran,191,fish_oil,2023,1.85,0.4,r2,34,11.941060389706886,7.052039687792173,0.21621621621621623,0.21621621621621623,none,0
Iran,191,ornamentals,2019,28.25,76.69,r2,34,8.719372784970775,762.3986858156522,2.7146902654867255,2.7146902654867255,none,0
Iran,191,ornamentals,2020,581.21,1318.37,r2,34,10.632206649943472,533.8956822859074,2.2683195402694376,2.2683195402694376,none,0
Iran,191,ornamentals,2021,16.71,60.84,r2,34,23.17059187245445,482.4878993830671,3.6409335727109515,3.6409335727109515,none,0
Iran,191,ornamentals,2022,10.1,19.37,r2,34,15.316968498550342,313.3104942475703,1.917821782178218,1.917821782178218,none,0
Iran,191,ornamentals,2023,3.7,6.27,r2,34,30.554382458375926,267.14713099669086,1.6945945945945944,1.6945945945945944,none,0
Iran,191,seaweeds,2019,3.38,7.14,r2,34,4.8454149226139105,12.69438158351965,2.1124260355029585,2.1124260355029585,none,0
Iran,191,seaweeds,2020,61.66,81.09,r2,34,6.377988050536175,13.195661535326474,1.3151151475835228,1.3151151475835228,none,0
Iran,191,seaweeds,2021,126.31,152.59,r2,34,4.56870426600309,12.608422069047505,1.2080595360620696,1.2080595360620696,none,0
Iran,191,seaweeds,2022,34.85,36.8,r2,34,4.209019804181845,9.005880754555477,1.0559540889526542,1.0559540889526542,none,0
Iran,191,seaweeds,2023,147.86,139.74,r2,34,6.497125274952799,10.475280391460174,0.9450831867983227,0.9450831867983227,none,0
NA,192,seaweeds,2019,NA,NA,r2,145,9.211885795598922,12.69438158351965,NA,9.211885795598922,geo_region,1
NA,192,seaweeds,2020,NA,NA,r2,145,13.054814707322212,13.195661535326474,NA,13.054814707322212,geo_region,1
NA,192,seaweeds,2021,NA,NA,r2,145,10.010092416212007,12.608422069047505,NA,10.010092416212007,geo_region,1
NA,192,seaweeds,2022,NA,NA,r2,145,11.869973789113288,9.005880754555477,NA,11.869973789113288,geo_region,1
NA,192,seaweeds,2023,NA,NA,r2,145,10.980913167548522,10.475280391460174,NA,10.980913167548522,geo_region,1
NA,192,ornamentals,2019,NA,NA,r2,145,689.5303074939351,762.3986858156522,NA,689.5303074939351,geo_region,1
NA,192,ornamentals,2020,NA,NA,r2,145,1.8476207219878105,533.8956822859074,NA,1.8476207219878105,geo_region,1
NA,192,ornamentals,2021,NA,NA,r2,145,140.4681937304791,482.4878993830671,NA,140.4681937304791,geo_region,1
NA,192,ornamentals,2022,NA,NA,r2,145,55.428753615754005,313.3104942475703,NA,55.428753615754005,geo_region,1
NA,192,ornamentals,2023,NA,NA,r2,145,3.847756898986307,267.14713099669086,NA,3.847756898986307,geo_region,1
NA,192,fish_oil,2019,NA,NA,r2,145,2.9499054849198525,4.173549943898697,NA,2.9499054849198525,geo_region,1
NA,192,fish_oil,2020,NA,NA,r2,145,55.41276923723147,8.734880162391821,NA,55.41276923723147,geo_region,1
NA,192,fish_oil,2021,NA,NA,r2,145,59.00740656851673,9.479579859767002,NA,59.00740656851673,geo_region,1
NA,192,fish_oil,2022,NA,NA,r2,145,55.591812672190194,9.100285927081373,NA,55.591812672190194,geo_region,1
NA,192,fish_oil,2023,NA,NA,r2,145,14.75590872216053,7.052039687792173,NA,14.75590872216053,geo_region,1
Guinea Bissau,193,fish_oil,2020,539.23,603.96,r2,11,1.0056378755706212,8.734880162391821,1.1200415407154647,1.1200415407154647,none,0
Guinea Bissau,193,fish_oil,2021,350.36,520.93,r2,11,1.1470895464253457,9.479579859767002,1.4868421052631577,1.4868421052631577,none,0
Guinea Bissau,193,fish_oil,2022,199,583.94,r2,11,1.4663671035997392,9.100285927081373,2.9343718592964825,2.9343718592964825,none,0
Guinea Bissau,193,fish_oil,2023,1169.93,3985.21,r2,11,2.069567472696913,7.052039687792173,3.406366192849145,3.406366192849145,none,0
Guinea Bissau,193,ornamentals,2019,0,0,r2,11,13.246650100353627,762.3986858156522,NA,13.246650100353627,geo_region,1
Guinea Bissau,193,ornamentals,2020,0,0,r2,11,18.179487576038767,533.8956822859074,NA,18.179487576038767,geo_region,1
Guinea Bissau,193,ornamentals,2021,0,0,r2,11,19.222097378277155,482.4878993830671,NA,19.222097378277155,geo_region,1
Guinea Bissau,193,ornamentals,2022,0,0,r2,11,3.8357558139534884,313.3104942475703,NA,3.8357558139534884,geo_region,1
Guinea Bissau,193,ornamentals,2023,0,0,r2,11,1.0384615384615385,267.14713099669086,NA,1.0384615384615385,geo_region,1
NA,193,seaweeds,2019,NA,NA,r2,11,34.87737232790993,12.69438158351965,NA,34.87737232790993,geo_region,1
NA,193,seaweeds,2020,NA,NA,r2,11,36.54010494752624,13.195661535326474,NA,36.54010494752624,geo_region,1
NA,193,seaweeds,2021,NA,NA,r2,11,0.8175,12.608422069047505,NA,0.8175,geo_region,1
NA,193,seaweeds,2022,NA,NA,r2,11,6.885705128205129,9.005880754555477,NA,6.885705128205129,geo_region,1
NA,193,seaweeds,2023,NA,NA,r2,11,4.89099358974359,10.475280391460174,NA,4.89099358974359,geo_region,1
NA,193,fish_oil,2019,NA,NA,r2,11,1.4760552140249767,4.173549943898697,NA,1.4760552140249767,geo_region,1
Guinea,194,ornamentals,2019,0.05,1.29,r2,11,13.246650100353627,762.3986858156522,25.8,25.8,none,0
Guinea,194,ornamentals,2020,0.01,0.53,r2,11,18.179487576038767,533.8956822859074,53,53,none,0
Guinea,194,ornamentals,2021,0.15,5.62,r2,11,19.222097378277155,482.4878993830671,37.46666666666667,37.46666666666667,none,0
Guinea,194,ornamentals,2022,0,0,r2,11,3.8357558139534884,313.3104942475703,NA,3.8357558139534884,geo_region,1
Guinea,194,ornamentals,2023,0,0,r2,11,1.0384615384615385,267.14713099669086,NA,1.0384615384615385,geo_region,1
NA,194,seaweeds,2019,NA,NA,r2,11,34.87737232790993,12.69438158351965,NA,34.87737232790993,geo_region,1
NA,194,seaweeds,2020,NA,NA,r2,11,36.54010494752624,13.195661535326474,NA,36.54010494752624,geo_region,1
NA,194,seaweeds,2021,NA,NA,r2,11,0.8175,12.608422069047505,NA,0.8175,geo_region,1
NA,194,seaweeds,2022,NA,NA,r2,11,6.885705128205129,9.005880754555477,NA,6.885705128205129,geo_region,1
NA,194,seaweeds,2023,NA,NA,r2,11,4.89099358974359,10.475280391460174,NA,4.89099358974359,geo_region,1
NA,194,fish_oil,2019,NA,NA,r2,11,1.4760552140249767,4.173549943898697,NA,1.4760552140249767,geo_region,1
NA,194,fish_oil,2020,NA,NA,r2,11,1.0056378755706212,8.734880162391821,NA,1.0056378755706212,geo_region,1
NA,194,fish_oil,2021,NA,NA,r2,11,1.1470895464253457,9.479579859767002,NA,1.1470895464253457,geo_region,1
NA,194,fish_oil,2022,NA,NA,r2,11,1.4663671035997392,9.100285927081373,NA,1.4663671035997392,geo_region,1
NA,194,fish_oil,2023,NA,NA,r2,11,2.069567472696913,7.052039687792173,NA,2.069567472696913,geo_region,1
Ivory Coast,195,fish_oil,2019,167.23665295150772,259.25,r2,11,1.4760552140249767,4.173549943898697,1.5501984488721658,1.5501984488721658,none,0
Ivory Coast,195,fish_oil,2020,432.66,645.67,r2,11,1.0056378755706212,8.734880162391821,1.4923265381592934,1.4923265381592934,none,0
Ivory Coast,195,fish_oil,2021,312.88,563.46,r2,11,1.1470895464253457,9.479579859767002,1.800882127333163,1.800882127333163,none,0
Ivory Coast,195,fish_oil,2022,325.37,545.68,r2,11,1.4663671035997392,9.100285927081373,1.6771060638657527,1.6771060638657527,none,0
Ivory Coast,195,fish_oil,2023,401.16,735.66,r2,11,2.069567472696913,7.052039687792173,1.8338318875261739,1.8338318875261739,none,0
Ivory Coast,195,ornamentals,2019,0,0,r2,11,13.246650100353627,762.3986858156522,NA,13.246650100353627,geo_region,1
Ivory Coast,195,ornamentals,2020,0,0,r2,11,18.179487576038767,533.8956822859074,NA,18.179487576038767,geo_region,1
Ivory Coast,195,ornamentals,2021,0,0,r2,11,19.222097378277155,482.4878993830671,NA,19.222097378277155,geo_region,1
Ivory Coast,195,ornamentals,2022,0,0,r2,11,3.8357558139534884,313.3104942475703,NA,3.8357558139534884,geo_region,1
Ivory Coast,195,ornamentals,2023,0,0,r2,11,1.0384615384615385,267.14713099669086,NA,1.0384615384615385,geo_region,1
Ivory Coast,195,seaweeds,2019,0.05,0.14,r2,11,34.87737232790993,12.69438158351965,2.8000000000000003,2.8000000000000003,none,0
Ivory Coast,195,seaweeds,2020,0,0,r2,11,36.54010494752624,13.195661535326474,NA,36.54010494752624,geo_region,1
Ivory Coast,195,seaweeds,2021,0,0,r2,11,0.8175,12.608422069047505,NA,0.8175,geo_region,1
Ivory Coast,195,seaweeds,2022,0.02,0.14,r2,11,6.885705128205129,9.005880754555477,7.000000000000001,7.000000000000001,none,0
Ivory Coast,195,seaweeds,2023,0.02,0.14,r2,11,4.89099358974359,10.475280391460174,7.000000000000001,7.000000000000001,none,0
Nigeria,196,ornamentals,2019,0,0,r2,11,13.246650100353627,762.3986858156522,NA,13.246650100353627,geo_region,1
Nigeria,196,ornamentals,2020,21.2,18.54,r2,11,18.179487576038767,533.8956822859074,0.8745283018867924,0.8745283018867924,none,0
Nigeria,196,ornamentals,2021,0,0,r2,11,19.222097378277155,482.4878993830671,NA,19.222097378277155,geo_region,1
Nigeria,196,ornamentals,2022,0,0,r2,11,3.8357558139534884,313.3104942475703,NA,3.8357558139534884,geo_region,1
Nigeria,196,ornamentals,2023,0,0,r2,11,1.0384615384615385,267.14713099669086,NA,1.0384615384615385,geo_region,1
Nigeria,196,seaweeds,2019,0,0,r2,11,34.87737232790993,12.69438158351965,NA,34.87737232790993,geo_region,1
Nigeria,196,seaweeds,2020,0,0,r2,11,36.54010494752624,13.195661535326474,NA,36.54010494752624,geo_region,1
Nigeria,196,seaweeds,2021,0,0,r2,11,0.8175,12.608422069047505,NA,0.8175,geo_region,1
Nigeria,196,seaweeds,2022,0,0,r2,11,6.885705128205129,9.005880754555477,NA,6.885705128205129,geo_region,1
Nigeria,196,seaweeds,2023,0,0,r2,11,4.89099358974359,10.475280391460174,NA,4.89099358974359,geo_region,1
NA,196,fish_oil,2019,NA,NA,r2,11,1.4760552140249767,4.173549943898697,NA,1.4760552140249767,geo_region,1
NA,196,fish_oil,2020,NA,NA,r2,11,1.0056378755706212,8.734880162391821,NA,1.0056378755706212,geo_region,1
NA,196,fish_oil,2021,NA,NA,r2,11,1.1470895464253457,9.479579859767002,NA,1.1470895464253457,geo_region,1
NA,196,fish_oil,2022,NA,NA,r2,11,1.4663671035997392,9.100285927081373,NA,1.4663671035997392,geo_region,1
NA,196,fish_oil,2023,NA,NA,r2,11,2.069567472696913,7.052039687792173,NA,2.069567472696913,geo_region,1
Cameroon,197,ornamentals,2019,0.7,0.09,r2,17,0.1285714285714286,762.3986858156522,0.1285714285714286,0.1285714285714286,none,0
Cameroon,197,ornamentals,2020,0.9,0.08,r2,17,0.08888888888888889,533.8956822859074,0.08888888888888889,0.08888888888888889,none,0
Cameroon,197,ornamentals,2021,2.7,0.66,r2,17,0.20555555555555555,482.4878993830671,0.24444444444444444,0.24444444444444444,none,0
Cameroon,197,ornamentals,2022,1.393461817441164,2.86,r2,17,2.1171302489641652,313.3104942475703,2.052442316110149,2.052442316110149,none,0
Cameroon,197,ornamentals,2023,1.393461817441164,2.86,r2,17,2.1171302489641652,267.14713099669086,2.052442316110149,2.052442316110149,none,0
NA,197,seaweeds,2019,NA,NA,r2,17,NA,12.69438158351965,NA,12.69438158351965,global,1
NA,197,seaweeds,2020,NA,NA,r2,17,NA,13.195661535326474,NA,13.195661535326474,global,1
NA,197,seaweeds,2021,NA,NA,r2,17,NA,12.608422069047505,NA,12.608422069047505,global,1
NA,197,seaweeds,2022,NA,NA,r2,17,NA,9.005880754555477,NA,9.005880754555477,global,1
NA,197,seaweeds,2023,NA,NA,r2,17,NA,10.475280391460174,NA,10.475280391460174,global,1
NA,197,fish_oil,2019,NA,NA,r2,17,0.39618250579125025,4.173549943898697,NA,0.39618250579125025,geo_region,1
NA,197,fish_oil,2020,NA,NA,r2,17,0.40202941176470586,8.734880162391821,NA,0.40202941176470586,geo_region,1
NA,197,fish_oil,2021,NA,NA,r2,17,0.4022489631611747,9.479579859767002,NA,0.4022489631611747,geo_region,1
NA,197,fish_oil,2022,NA,NA,r2,17,0.5683060109289617,9.100285927081373,NA,0.5683060109289617,geo_region,1
NA,197,fish_oil,2023,NA,NA,r2,17,0.5707511854255054,7.052039687792173,NA,0.5707511854255054,geo_region,1
NA,198,seaweeds,2019,NA,NA,r2,17,NA,12.69438158351965,NA,12.69438158351965,global,1
NA,198,seaweeds,2020,NA,NA,r2,17,NA,13.195661535326474,NA,13.195661535326474,global,1
NA,198,seaweeds,2021,NA,NA,r2,17,NA,12.608422069047505,NA,12.608422069047505,global,1
NA,198,seaweeds,2022,NA,NA,r2,17,NA,9.005880754555477,NA,9.005880754555477,global,1
NA,198,seaweeds,2023,NA,NA,r2,17,NA,10.475280391460174,NA,10.475280391460174,global,1
NA,198,ornamentals,2019,NA,NA,r2,17,0.1285714285714286,762.3986858156522,NA,0.1285714285714286,geo_region,1
NA,198,ornamentals,2020,NA,NA,r2,17,0.08888888888888889,533.8956822859074,NA,0.08888888888888889,geo_region,1
NA,198,ornamentals,2021,NA,NA,r2,17,0.20555555555555555,482.4878993830671,NA,0.20555555555555555,geo_region,1
NA,198,ornamentals,2022,NA,NA,r2,17,2.1171302489641652,313.3104942475703,NA,2.1171302489641652,geo_region,1
NA,198,ornamentals,2023,NA,NA,r2,17,2.1171302489641652,267.14713099669086,NA,2.1171302489641652,geo_region,1
NA,198,fish_oil,2019,NA,NA,r2,17,0.39618250579125025,4.173549943898697,NA,0.39618250579125025,geo_region,1
NA,198,fish_oil,2020,NA,NA,r2,17,0.40202941176470586,8.734880162391821,NA,0.40202941176470586,geo_region,1
NA,198,fish_oil,2021,NA,NA,r2,17,0.4022489631611747,9.479579859767002,NA,0.4022489631611747,geo_region,1
NA,198,fish_oil,2022,NA,NA,r2,17,0.5683060109289617,9.100285927081373,NA,0.5683060109289617,geo_region,1
NA,198,fish_oil,2023,NA,NA,r2,17,0.5707511854255054,7.052039687792173,NA,0.5707511854255054,geo_region,1
Democratic Republic of the Congo,199,ornamentals,2019,0,0,r2,17,0.1285714285714286,762.3986858156522,NA,0.1285714285714286,geo_region,1
Democratic Republic of the Congo,199,ornamentals,2020,0,0,r2,17,0.08888888888888889,533.8956822859074,NA,0.08888888888888889,geo_region,1
Democratic Republic of the Congo,199,ornamentals,2021,0.3,0.05,r2,17,0.20555555555555555,482.4878993830671,0.16666666666666669,0.16666666666666669,none,0
Democratic Republic of the Congo,199,ornamentals,2022,0.77,1.68,r2,17,2.1171302489641652,313.3104942475703,2.1818181818181817,2.1818181818181817,none,0
Democratic Republic of the Congo,199,ornamentals,2023,0.77,1.68,r2,17,2.1171302489641652,267.14713099669086,2.1818181818181817,2.1818181818181817,none,0
NA,199,seaweeds,2019,NA,NA,r2,17,NA,12.69438158351965,NA,12.69438158351965,global,1
NA,199,seaweeds,2020,NA,NA,r2,17,NA,13.195661535326474,NA,13.195661535326474,global,1
NA,199,seaweeds,2021,NA,NA,r2,17,NA,12.608422069047505,NA,12.608422069047505,global,1
NA,199,seaweeds,2022,NA,NA,r2,17,NA,9.005880754555477,NA,9.005880754555477,global,1
NA,199,seaweeds,2023,NA,NA,r2,17,NA,10.475280391460174,NA,10.475280391460174,global,1
NA,199,fish_oil,2019,NA,NA,r2,17,0.39618250579125025,4.173549943898697,NA,0.39618250579125025,geo_region,1
NA,199,fish_oil,2020,NA,NA,r2,17,0.40202941176470586,8.734880162391821,NA,0.40202941176470586,geo_region,1
NA,199,fish_oil,2021,NA,NA,r2,17,0.4022489631611747,9.479579859767002,NA,0.4022489631611747,geo_region,1
NA,199,fish_oil,2022,NA,NA,r2,17,0.5683060109289617,9.100285927081373,NA,0.5683060109289617,geo_region,1
NA,199,fish_oil,2023,NA,NA,r2,17,0.5707511854255054,7.052039687792173,NA,0.5707511854255054,geo_region,1
Angola,200,fish_oil,2019,302.18,132.03,r2,17,0.39618250579125025,4.173549943898697,0.43692501158250047,0.43692501158250047,none,0
Angola,200,fish_oil,2020,105,47.25,r2,17,0.40202941176470586,8.734880162391821,0.45,0.45,none,0
Angola,200,fish_oil,2021,211.5605204578285,85.1,r2,17,0.4022489631611747,9.479579859767002,0.4022489631611747,0.4022489631611747,none,0
Angola,200,fish_oil,2022,95.16,54.08,r2,17,0.5683060109289617,9.100285927081373,0.5683060109289617,0.5683060109289617,none,0
Angola,200,fish_oil,2023,40.07,22.87,r2,17,0.5707511854255054,7.052039687792173,0.5707511854255054,0.5707511854255054,none,0
NA,200,seaweeds,2019,NA,NA,r2,17,NA,12.69438158351965,NA,12.69438158351965,global,1
NA,200,seaweeds,2020,NA,NA,r2,17,NA,13.195661535326474,NA,13.195661535326474,global,1
NA,200,seaweeds,2021,NA,NA,r2,17,NA,12.608422069047505,NA,12.608422069047505,global,1
NA,200,seaweeds,2022,NA,NA,r2,17,NA,9.005880754555477,NA,9.005880754555477,global,1
NA,200,seaweeds,2023,NA,NA,r2,17,NA,10.475280391460174,NA,10.475280391460174,global,1
NA,200,ornamentals,2019,NA,NA,r2,17,0.1285714285714286,762.3986858156522,NA,0.1285714285714286,geo_region,1
NA,200,ornamentals,2020,NA,NA,r2,17,0.08888888888888889,533.8956822859074,NA,0.08888888888888889,geo_region,1
NA,200,ornamentals,2021,NA,NA,r2,17,0.20555555555555555,482.4878993830671,NA,0.20555555555555555,geo_region,1
NA,200,ornamentals,2022,NA,NA,r2,17,2.1171302489641652,313.3104942475703,NA,2.1171302489641652,geo_region,1
NA,200,ornamentals,2023,NA,NA,r2,17,2.1171302489641652,267.14713099669086,NA,2.1171302489641652,geo_region,1
Tanzania,202,fish_oil,2019,0,0,r2,14,6.633200333565745,4.173549943898697,NA,6.633200333565745,geo_region,1
Tanzania,202,fish_oil,2020,0,0,r2,14,6.942571391070415,8.734880162391821,NA,6.942571391070415,geo_region,1
Tanzania,202,fish_oil,2021,0,0,r2,14,5.812489553582919,9.479579859767002,NA,5.812489553582919,geo_region,1
Tanzania,202,fish_oil,2022,0,0,r2,14,4.39079772574889,9.100285927081373,NA,4.39079772574889,geo_region,1
Tanzania,202,fish_oil,2023,0,0,r2,14,4.965081306418548,7.052039687792173,NA,4.965081306418548,geo_region,1
Tanzania,202,ornamentals,2019,200,17.57,r2,14,4.026383769885308,762.3986858156522,0.08785,0.08785,none,0
Tanzania,202,ornamentals,2020,600,52.59,r2,14,2.9616707699881712,533.8956822859074,0.08765,0.08765,none,0
Tanzania,202,ornamentals,2021,0,0,r2,14,31.550583145729508,482.4878993830671,NA,31.550583145729508,geo_region,1
Tanzania,202,ornamentals,2022,0,0,r2,14,110.99610802432926,313.3104942475703,NA,110.99610802432926,geo_region,1
Tanzania,202,ornamentals,2023,1.63,13.6,r2,14,20.85478360228953,267.14713099669086,8.343558282208589,8.343558282208589,none,0
Tanzania,202,seaweeds,2019,10848,6698.15,r2,14,0.9738114640380738,12.69438158351965,0.6174548303834808,0.6174548303834808,none,0
Tanzania,202,seaweeds,2020,12148.15,8846.789999999999,r2,14,2.002664005660222,13.195661535326474,0.7282417487436358,0.7282417487436358,none,0
Tanzania,202,seaweeds,2021,9508.53,6860.889999999999,r2,14,2.591681444977273,12.608422069047505,0.7215510704598922,0.7215510704598922,none,0
Tanzania,202,seaweeds,2022,13039.04,11146.66,r2,14,4.950798845421858,9.005880754555477,0.8548681498024394,0.8548681498024394,none,0
Tanzania,202,seaweeds,2023,16957.8,16725.190000000002,r2,14,2.451833326582386,10.475280391460174,0.9862830084091099,0.9862830084091099,none,0
India,203,fish_oil,2019,2446.25,3239.39,r2,34,8.531915993565814,4.173549943898697,1.3242268778742974,1.3242268778742974,none,0
India,203,fish_oil,2020,1079.42,1861.42,r2,34,13.221330088697108,8.734880162391821,1.7244631376109392,1.7244631376109392,none,0
India,203,fish_oil,2021,816.68,2067.69,r2,34,10.677540646744092,9.479579859767002,2.5318239702208944,2.5318239702208944,none,0
India,203,fish_oil,2022,27777.78,75434.53,r2,34,13.961943531218187,9.100285927081373,2.715642862748571,2.715642862748571,none,0
India,203,fish_oil,2023,30142.859999999997,103971.28,r2,34,11.941060389706886,7.052039687792173,3.4492838436697784,3.4492838436697784,none,0
India,203,ornamentals,2019,48.45,766.07,r2,34,8.719372784970775,762.3986858156522,15.81155830753354,15.81155830753354,none,0
India,203,ornamentals,2020,40.06,397.54,r2,34,10.632206649943472,533.8956822859074,9.923614578132801,9.923614578132801,none,0
India,203,ornamentals,2021,7,503.81,r2,34,23.17059187245445,482.4878993830671,71.97285714285714,71.97285714285714,none,0
India,203,ornamentals,2022,17.6,532.92,r2,34,15.316968498550342,313.3104942475703,30.27954545454545,30.27954545454545,none,0
India,203,ornamentals,2023,18.73,2525.73,r2,34,30.554382458375926,267.14713099669086,134.84943940202882,134.84943940202882,none,0
India,203,seaweeds,2019,271.8,4275.25,r2,34,4.8454149226139105,12.69438158351965,15.729396615158205,15.729396615158205,none,0
India,203,seaweeds,2020,176.21,2852.71,r2,34,6.377988050536175,13.195661535326474,16.189262811418192,16.189262811418192,none,0
India,203,seaweeds,2021,286.49,3706.99,r2,34,4.56870426600309,12.608422069047505,12.939334706272469,12.939334706272469,none,0
India,203,seaweeds,2022,270.27,3654.96,r2,34,4.209019804181845,9.005880754555477,13.523365523365525,13.523365523365525,none,0
India,203,seaweeds,2023,299.83,5547.700000000001,r2,34,6.497125274952799,10.475280391460174,18.50281826368276,18.50281826368276,none,0
Bangladesh,204,fish_oil,2019,0,0,r2,34,8.531915993565814,4.173549943898697,NA,8.531915993565814,geo_region,1
Bangladesh,204,fish_oil,2020,0.26,5.26,r2,34,13.221330088697108,8.734880162391821,20.23076923076923,20.23076923076923,none,0
Bangladesh,204,fish_oil,2021,0.1,2.59,r2,34,10.677540646744092,9.479579859767002,25.9,25.9,none,0
Bangladesh,204,fish_oil,2022,0.12,3.22,r2,34,13.961943531218187,9.100285927081373,26.833333333333336,26.833333333333336,none,0
Bangladesh,204,fish_oil,2023,0.08,2.03,r2,34,11.941060389706886,7.052039687792173,25.374999999999996,25.374999999999996,none,0
Bangladesh,204,ornamentals,2019,40.2322725258382,62.53,r2,34,8.719372784970775,762.3986858156522,1.5542249063818514,1.5542249063818514,none,0
Bangladesh,204,ornamentals,2020,0,0,r2,34,10.632206649943472,533.8956822859074,NA,10.632206649943472,geo_region,1
Bangladesh,204,ornamentals,2021,0,0,r2,34,23.17059187245445,482.4878993830671,NA,23.17059187245445,geo_region,1
Bangladesh,204,ornamentals,2022,0.38,0.87,r2,34,15.316968498550342,313.3104942475703,2.289473684210526,2.289473684210526,none,0
Bangladesh,204,ornamentals,2023,0.38,0.87,r2,34,30.554382458375926,267.14713099669086,2.289473684210526,2.289473684210526,none,0
Bangladesh,204,seaweeds,2019,3.54,10.42,r2,34,4.8454149226139105,12.69438158351965,2.943502824858757,2.943502824858757,none,0
Bangladesh,204,seaweeds,2020,5.96,43.68,r2,34,6.377988050536175,13.195661535326474,7.328859060402684,7.328859060402684,none,0
Bangladesh,204,seaweeds,2021,15,90.31,r2,34,4.56870426600309,12.608422069047505,6.020666666666667,6.020666666666667,none,0
Bangladesh,204,seaweeds,2022,41.35,97.97,r2,34,4.209019804181845,9.005880754555477,2.3692865779927446,2.3692865779927446,none,0
Bangladesh,204,seaweeds,2023,32.39,111.31,r2,34,6.497125274952799,10.475280391460174,3.4365544921271995,3.4365544921271995,none,0
Myanmar,205,ornamentals,2019,0.68,5.53,r2,35,8.105872615766748,762.3986858156522,8.132352941176471,8.132352941176471,none,0
Myanmar,205,ornamentals,2020,0.55,4.65,r2,35,7.556878143801423,533.8956822859074,8.454545454545455,8.454545454545455,none,0
Myanmar,205,ornamentals,2021,0.29,2.38,r2,35,7.429585496521383,482.4878993830671,8.206896551724139,8.206896551724139,none,0
Myanmar,205,ornamentals,2022,0,0,r2,35,14.71413902706887,313.3104942475703,NA,14.71413902706887,geo_region,1
Myanmar,205,ornamentals,2023,0,0,r2,35,8.754966938824145,267.14713099669086,NA,8.754966938824145,geo_region,1
Myanmar,205,seaweeds,2019,447.0100000000001,589.4399999999999,r2,35,6.972999462991069,12.69438158351965,1.3186282186080844,1.3186282186080844,none,0
Myanmar,205,seaweeds,2020,1614.01,716.18,r2,35,5.423973723947675,13.195661535326474,0.4437271144540616,0.4437271144540616,none,0
Myanmar,205,seaweeds,2021,311.51,176.11,r2,35,5.288803709910198,12.608422069047505,0.5653430066450515,0.5653430066450515,none,0
Myanmar,205,seaweeds,2022,128.7,78.81,r2,35,5.179908080013903,9.005880754555477,0.6123543123543125,0.6123543123543125,none,0
Myanmar,205,seaweeds,2023,13.510000000000002,31.82,r2,35,6.642418020283862,10.475280391460174,2.3552923760177644,2.3552923760177644,none,0
NA,205,fish_oil,2019,NA,NA,r2,35,3.826366335350629,4.173549943898697,NA,3.826366335350629,geo_region,1
NA,205,fish_oil,2020,NA,NA,r2,35,4.196917254546686,8.734880162391821,NA,4.196917254546686,geo_region,1
NA,205,fish_oil,2021,NA,NA,r2,35,14.573864422390763,9.479579859767002,NA,14.573864422390763,geo_region,1
NA,205,fish_oil,2022,NA,NA,r2,35,15.469033137719894,9.100285927081373,NA,15.469033137719894,geo_region,1
NA,205,fish_oil,2023,NA,NA,r2,35,14.686695343584494,7.052039687792173,NA,14.686695343584494,geo_region,1
Malaysia,206,fish_oil,2019,2122.94,3022.17,NA,NA,1.4235776800097977,4.173549943898697,1.4235776800097977,1.4235776800097977,none,0
Malaysia,206,fish_oil,2020,4320.41,6858.53,NA,NA,1.587472022331214,8.734880162391821,1.587472022331214,1.587472022331214,none,0
Malaysia,206,fish_oil,2021,723.72,1232.07,NA,NA,1.7024125352346209,9.479579859767002,1.7024125352346209,1.7024125352346209,none,0
Malaysia,206,fish_oil,2022,12190.46,20088.94,NA,NA,1.6479230480227982,9.100285927081373,1.6479230480227982,1.6479230480227982,none,0
Malaysia,206,fish_oil,2023,23210.86,39109.07,NA,NA,5.563146475908016,7.052039687792173,1.684947046339515,1.684947046339515,none,0
Malaysia,206,ornamentals,2019,67.63191511177715,871.98,NA,NA,200.9768418030223,762.3986858156522,12.893025409066924,12.893025409066924,none,0
Malaysia,206,ornamentals,2020,49.56371459894797,641.02,NA,NA,584.9666258893922,533.8956822859074,12.933251778784276,12.933251778784276,none,0
Malaysia,206,ornamentals,2021,55.72629596253938,721.91,NA,NA,718.4772831885801,482.4878993830671,12.954566377160363,12.954566377160363,none,0
Malaysia,206,ornamentals,2022,74.92928817211339,970.63,NA,NA,119.35197331496364,313.3104942475703,12.953946629927303,12.953946629927303,none,0
Malaysia,206,ornamentals,2023,104.13228560052758,1348.05,NA,NA,81.34777639315145,267.14713099669086,12.945552786302908,12.945552786302908,none,0
Malaysia,206,seaweeds,2019,1524.91,4051.09,NA,NA,7.721455306187844,12.69438158351965,2.656609242512673,2.656609242512673,none,0
Malaysia,206,seaweeds,2020,1602.72,3720.87,NA,NA,13.415586823971827,13.195661535326474,2.321597035040431,2.321597035040431,none,0
Malaysia,206,seaweeds,2021,907.64,2572.43,NA,NA,35.35252514707192,12.608422069047505,2.8341963774183596,2.8341963774183596,none,0
Malaysia,206,seaweeds,2022,398.37,1317.48,NA,NA,35.09600963246095,9.005880754555477,3.30717674523684,3.30717674523684,none,0
Malaysia,206,seaweeds,2023,168,1338.77,NA,NA,39.335083874458874,10.475280391460174,7.968869047619047,7.968869047619047,none,0
Vietnam,207,fish_oil,2019,34702.28,49317.32,r2,35,3.826366335350629,4.173549943898697,1.4211550364990428,1.4211550364990428,none,0
Vietnam,207,fish_oil,2020,28255.49,40224.97,r2,35,4.196917254546686,8.734880162391821,1.4236160831045577,1.4236160831045577,none,0
Vietnam,207,fish_oil,2021,34546.15,42640.85,r2,35,14.573864422390763,9.479579859767002,1.2343155460159814,1.2343155460159814,none,0
Vietnam,207,fish_oil,2022,65574.99,87482,r2,35,15.469033137719894,9.100285927081373,1.334075689527364,1.334075689527364,none,0
Vietnam,207,fish_oil,2023,147726.03,185622.61,r2,35,14.686695343584494,7.052039687792173,1.2565328534179114,1.2565328534179114,none,0
Vietnam,207,ornamentals,2019,2006.7393112610737,1194.31,r2,35,8.105872615766748,762.3986858156522,0.5951495509645807,0.5951495509645807,none,0
Vietnam,207,ornamentals,2020,1970.2297921904249,129.94,r2,35,7.556878143801423,533.8956822859074,0.06595169787557509,0.06595169787557509,none,0
Vietnam,207,ornamentals,2021,2007.128133601378,242.64,r2,35,7.429585496521383,482.4878993830671,0.12088914301880294,0.12088914301880294,none,0
Vietnam,207,ornamentals,2022,2022.5586032514548,11.11,r2,35,14.71413902706887,313.3104942475703,0.005493042318842886,0.005493042318842886,none,0
Vietnam,207,ornamentals,2023,0.49,5.39,r2,35,8.754966938824145,267.14713099669086,11,11,none,0
Vietnam,207,seaweeds,2019,3331.8,19047.78,r2,35,6.972999462991069,12.69438158351965,5.7169638033495405,5.7169638033495405,none,0
Vietnam,207,seaweeds,2020,9088.3,18772.57,r2,35,5.423973723947675,13.195661535326474,2.0655755201742902,2.0655755201742902,none,0
Vietnam,207,seaweeds,2021,15257.6,24920.08,r2,35,5.288803709910198,12.608422069047505,1.633289639261745,1.633289639261745,none,0
Vietnam,207,seaweeds,2022,12887.05,22013.91,r2,35,5.179908080013903,9.005880754555477,1.7082194916602327,1.7082194916602327,none,0
Vietnam,207,seaweeds,2023,8279.67,12788.95,r2,35,6.642418020283862,10.475280391460174,1.5446207397154719,1.5446207397154719,none,0
Singapore,208,fish_oil,2019,52.92,432.86,r2,35,3.826366335350629,4.173549943898697,8.179516250944822,8.179516250944822,none,0
Singapore,208,fish_oil,2020,47.08,562.02,r2,35,4.196917254546686,8.734880162391821,11.937553101104504,11.937553101104504,none,0
Singapore,208,fish_oil,2021,13.05,831.6800000000001,r2,35,14.573864422390763,9.479579859767002,63.73026819923372,63.73026819923372,none,0
Singapore,208,fish_oil,2022,11.39,773.9200000000001,r2,35,15.469033137719894,9.100285927081373,67.94732221246709,67.94732221246709,none,0
Singapore,208,fish_oil,2023,18.12,1137.01,r2,35,14.686695343584494,7.052039687792173,62.748896247240616,62.748896247240616,none,0
Singapore,208,ornamentals,2019,1959.354455310342,434.51,r2,35,8.105872615766748,762.3986858156522,0.22176181487855293,0.22176181487855293,none,0
Singapore,208,ornamentals,2020,1974.24484487022,194.32,r2,35,7.556878143801423,533.8956822859074,0.0984275078670771,0.0984275078670771,none,0
Singapore,208,ornamentals,2021,2004.969060538715,208.02,r2,35,7.429585496521383,482.4878993830671,0.10375222445782138,0.10375222445782138,none,0
Singapore,208,ornamentals,2022,2027.3594537530223,88.09,r2,35,14.71413902706887,313.3104942475703,0.04345060755601524,0.04345060755601524,none,0
Singapore,208,ornamentals,2023,2056.103583640477,70.04,r2,35,8.754966938824145,267.14713099669086,0.03406443165474631,0.03406443165474631,none,0
Singapore,208,seaweeds,2019,162.58,4061.6,r2,35,6.972999462991069,12.69438158351965,24.98216262762947,24.98216262762947,none,0
Singapore,208,seaweeds,2020,198.55,4436.36,r2,35,5.423973723947675,13.195661535326474,22.343792495593046,22.343792495593046,none,0
Singapore,208,seaweeds,2021,145.17000000000002,3055.14,r2,35,5.288803709910198,12.608422069047505,21.045257284562922,21.045257284562922,none,0
Singapore,208,seaweeds,2022,186.43,2353.2200000000003,r2,35,5.179908080013903,9.005880754555477,12.62253929088666,12.62253929088666,none,0
Singapore,208,seaweeds,2023,76.98,1785.17,r2,35,6.642418020283862,10.475280391460174,23.19004936347103,23.19004936347103,none,0
China,209,fish_oil,2019,27735.24,147677.13,r2,30,18.49917644352171,4.173549943898697,5.324530452954436,5.324530452954436,none,0
China,209,fish_oil,2020,27325.47,153219.17,r2,30,11.440945395971468,8.734880162391821,5.607192483788934,5.607192483788934,none,0
China,209,fish_oil,2021,22759.42,203222.6,r2,30,3.533952748710662,9.479579859767002,8.929164275715287,8.929164275715287,none,0
China,209,fish_oil,2022,33106.869999999995,274623.62,r2,30,17.891573542637257,9.100285927081373,8.29506443828728,8.29506443828728,none,0
China,209,fish_oil,2023,69247.81999999999,457631.82,r2,30,7.801414846991125,7.052039687792173,6.608609772841947,6.608609772841947,none,0
China,209,ornamentals,2019,0.07,412.04,r2,30,1560.7926017830623,762.3986858156522,5886.285714285714,5886.285714285714,none,0
China,209,ornamentals,2020,0.08803259261990637,242.66,r2,30,781.9005659876691,533.8956822859074,2756.4790809662977,2756.4790809662977,none,0
China,209,ornamentals,2021,0.08375355840023653,301.21,r2,30,1017.1435169816722,482.4878993830671,3596.3845089494052,3596.3845089494052,none,0
China,209,ornamentals,2022,0.07709127386624673,392.37,r2,30,1348.5008167058322,313.3104942475703,5089.68110555238,5089.68110555238,none,0
China,209,ornamentals,2023,0.09182196792801708,190.81,r2,30,608.9766563374673,267.14713099669086,2078.043025058923,2078.043025058923,none,0
China,209,seaweeds,2019,13683.39,101349.72,r2,30,7.956487681763067,12.69438158351965,7.406769813620748,7.406769813620748,none,0
China,209,seaweeds,2020,11624.9,90658.57,r2,30,10.05404253422988,13.195661535326474,7.798653751860232,7.798653751860232,none,0
China,209,seaweeds,2021,12699.82,106477.87,r2,30,8.63513231167841,12.608422069047505,8.384203083193304,8.384203083193304,none,0
China,209,seaweeds,2022,11210.42,120471.53,r2,30,8.486041043743604,9.005880754555477,10.746388627723135,10.746388627723135,none,0
China,209,seaweeds,2023,11891.32,110956.1,r2,30,10.461899730645912,10.475280391460174,9.330848047146995,9.330848047146995,none,0
Japan,210,fish_oil,2019,22924.29,45236.2,r2,30,18.49917644352171,4.173549943898697,1.9732868498871718,1.9732868498871718,none,0
Japan,210,fish_oil,2020,21572.34,49087.11,r2,30,11.440945395971468,8.734880162391821,2.275465248554399,2.275465248554399,none,0
Japan,210,fish_oil,2021,9787.82,28621.46,r2,30,3.533952748710662,9.479579859767002,2.9241914951439645,2.9241914951439645,none,0
Japan,210,fish_oil,2022,26760.51,66511.97,r2,30,17.891573542637257,9.100285927081373,2.485452257823188,2.485452257823188,none,0
Japan,210,fish_oil,2023,19409.9,71623.45,r2,30,7.801414846991125,7.052039687792173,3.690047346972421,3.690047346972421,none,0
Japan,210,ornamentals,2019,0.93,218.25,r2,30,1560.7926017830623,762.3986858156522,234.6774193548387,234.6774193548387,none,0
Japan,210,ornamentals,2020,2.45,502.92,r2,30,781.9005659876691,533.8956822859074,205.27346938775509,205.27346938775509,none,0
Japan,210,ornamentals,2021,1.8,472.63,r2,30,1017.1435169816722,482.4878993830671,262.5722222222222,262.5722222222222,none,0
Japan,210,ornamentals,2022,1.58,277.46,r2,30,1348.5008167058322,313.3104942475703,175.60759493670884,175.60759493670884,none,0
Japan,210,ornamentals,2023,1.58,343.06,r2,30,608.9766563374673,267.14713099669086,217.126582278481,217.126582278481,none,0
Japan,210,seaweeds,2019,1434.88,22609.1,r2,30,7.956487681763067,12.69438158351965,15.756788024085635,15.756788024085635,none,0
Japan,210,seaweeds,2020,1303.89,20661.05,r2,30,10.05404253422988,13.195661535326474,15.84570017409444,15.84570017409444,none,0
Japan,210,seaweeds,2021,1569.41,22689.31,r2,30,8.63513231167841,12.608422069047505,14.457222777986631,14.457222777986631,none,0
Japan,210,seaweeds,2022,1707.81,23141.42,r2,30,8.486041043743604,9.005880754555477,13.550348106639497,13.550348106639497,none,0
Japan,210,seaweeds,2023,1443.0800000000002,24589.320000000003,r2,30,10.461899730645912,10.475280391460174,17.03947113119162,17.03947113119162,none,0
Kiribati,212,ornamentals,2019,1.8095444534782068,96.44,r2,57,700.1743778011628,762.3986858156522,53.29518145554719,53.29518145554719,none,0
Kiribati,212,ornamentals,2020,0.26,23.84,r2,57,523.7659082796449,533.8956822859074,91.6923076923077,91.6923076923077,none,0
Kiribati,212,ornamentals,2021,0,0,r2,57,64.56033253661762,482.4878993830671,NA,64.56033253661762,geo_region,1
Kiribati,212,ornamentals,2022,0,0,r2,57,68.34626342414677,313.3104942475703,NA,68.34626342414677,geo_region,1
Kiribati,212,ornamentals,2023,1.3653499080563027,36.86,r2,57,51.118503050471574,267.14713099669086,26.99674258042284,26.99674258042284,none,0
Kiribati,212,seaweeds,2019,0,0,r2,57,NA,12.69438158351965,NA,12.69438158351965,global,1
Kiribati,212,seaweeds,2020,0,0,r2,57,NA,13.195661535326474,NA,13.195661535326474,global,1
Kiribati,212,seaweeds,2021,0,0,r2,57,NA,12.608422069047505,NA,12.608422069047505,global,1
Kiribati,212,seaweeds,2022,0,0,r2,57,NA,9.005880754555477,NA,9.005880754555477,global,1
Kiribati,212,seaweeds,2023,0,0,r2,57,NA,10.475280391460174,NA,10.475280391460174,global,1
NA,212,fish_oil,2019,NA,NA,r2,57,NA,4.173549943898697,NA,4.173549943898697,global,1
NA,212,fish_oil,2020,NA,NA,r2,57,NA,8.734880162391821,NA,8.734880162391821,global,1
NA,212,fish_oil,2021,NA,NA,r2,57,NA,9.479579859767002,NA,9.479579859767002,global,1
NA,212,fish_oil,2022,NA,NA,r2,57,NA,9.100285927081373,NA,9.100285927081373,global,1
NA,212,fish_oil,2023,NA,NA,r2,57,NA,7.052039687792173,NA,7.052039687792173,global,1
Egypt,214,fish_oil,2019,0,0,r2,15,1.7825488641525438,4.173549943898697,NA,1.7825488641525438,geo_region,1
Egypt,214,fish_oil,2020,22.38,12.92,r2,15,1.231115717341926,8.734880162391821,0.5773011617515639,0.5773011617515639,none,0
Egypt,214,fish_oil,2021,0,0,r2,15,2.1753688277089696,9.479579859767002,NA,2.1753688277089696,geo_region,1
Egypt,214,fish_oil,2022,0,0,r2,15,2.810645172715364,9.100285927081373,NA,2.810645172715364,geo_region,1
Egypt,214,fish_oil,2023,0,0,r2,15,4.887271109878033,7.052039687792173,NA,4.887271109878033,geo_region,1
Egypt,214,ornamentals,2019,35.32,94.56,r2,15,2.6772366930917326,762.3986858156522,2.6772366930917326,2.6772366930917326,none,0
Egypt,214,ornamentals,2020,65.78,45.83,r2,15,0.368058319123782,533.8956822859074,0.6967163271511098,0.6967163271511098,none,0
Egypt,214,ornamentals,2021,58.64,87.97,r2,15,8.205564718084808,482.4878993830671,1.5001705320600272,1.5001705320600272,none,0
Egypt,214,ornamentals,2022,105.42,175.97,r2,15,7.891014999557552,313.3104942475703,1.669227850502751,1.669227850502751,none,0
Egypt,214,ornamentals,2023,82.54,163.78,r2,15,12.937417651153485,267.14713099669086,1.98425006057669,1.98425006057669,none,0
Egypt,214,seaweeds,2019,110.8,90.34,r2,15,7.373491477328102,12.69438158351965,0.8153429602888087,0.8153429602888087,none,0
Egypt,214,seaweeds,2020,0,0,r2,15,8.514579935563333,13.195661535326474,NA,8.514579935563333,geo_region,1
Egypt,214,seaweeds,2021,0,0,r2,15,6.504992187094564,12.608422069047505,NA,6.504992187094564,geo_region,1
Egypt,214,seaweeds,2022,0,0,r2,15,5.81687459769867,9.005880754555477,NA,5.81687459769867,geo_region,1
Egypt,214,seaweeds,2023,0,0,r2,15,6.101478117552313,10.475280391460174,NA,6.101478117552313,geo_region,1
Jordan,215,ornamentals,2019,0,0,r2,145,689.5303074939351,762.3986858156522,NA,689.5303074939351,geo_region,1
Jordan,215,ornamentals,2020,0,0,r2,145,1.8476207219878105,533.8956822859074,NA,1.8476207219878105,geo_region,1
Jordan,215,ornamentals,2021,0,0,r2,145,140.4681937304791,482.4878993830671,NA,140.4681937304791,geo_region,1
Jordan,215,ornamentals,2022,0,0,r2,145,55.428753615754005,313.3104942475703,NA,55.428753615754005,geo_region,1
Jordan,215,ornamentals,2023,1.3816770897394406,1,r2,145,3.847756898986307,267.14713099669086,0.7237581106512969,0.7237581106512969,none,0
Jordan,215,seaweeds,2019,0,0,r2,145,9.211885795598922,12.69438158351965,NA,9.211885795598922,geo_region,1
Jordan,215,seaweeds,2020,0,0,r2,145,13.054814707322212,13.195661535326474,NA,13.054814707322212,geo_region,1
Jordan,215,seaweeds,2021,0.6,5.7,r2,145,10.010092416212007,12.608422069047505,9.5,9.5,none,0
Jordan,215,seaweeds,2022,0,0,r2,145,11.869973789113288,9.005880754555477,NA,11.869973789113288,geo_region,1
Jordan,215,seaweeds,2023,0,0,r2,145,10.980913167548522,10.475280391460174,NA,10.980913167548522,geo_region,1
NA,215,fish_oil,2019,NA,NA,r2,145,2.9499054849198525,4.173549943898697,NA,2.9499054849198525,geo_region,1
NA,215,fish_oil,2020,NA,NA,r2,145,55.41276923723147,8.734880162391821,NA,55.41276923723147,geo_region,1
NA,215,fish_oil,2021,NA,NA,r2,145,59.00740656851673,9.479579859767002,NA,59.00740656851673,geo_region,1
NA,215,fish_oil,2022,NA,NA,r2,145,55.591812672190194,9.100285927081373,NA,55.591812672190194,geo_region,1
NA,215,fish_oil,2023,NA,NA,r2,145,14.75590872216053,7.052039687792173,NA,14.75590872216053,geo_region,1
Indonesia,216,fish_oil,2019,160.20000000000002,327.65,r2,35,3.826366335350629,4.173549943898697,2.0452559300873903,2.0452559300873903,none,0
Indonesia,216,fish_oil,2020,2218.8399999999997,4540.63,r2,35,4.196917254546686,8.734880162391821,2.046398117935498,2.046398117935498,none,0
Indonesia,216,fish_oil,2021,1638.89,2502.66,r2,35,14.573864422390763,9.479579859767002,1.5270457443757663,1.5270457443757663,none,0
Indonesia,216,fish_oil,2022,1298.5800000000002,2378.9500000000003,r2,35,15.469033137719894,9.100285927081373,1.8319626053073357,1.8319626053073357,none,0
Indonesia,216,fish_oil,2023,1523.94,4505.91,r2,35,14.686695343584494,7.052039687792173,2.9567502657584943,2.9567502657584943,none,0
Indonesia,216,ornamentals,2019,437.15,6464.8,r2,35,8.105872615766748,762.3986858156522,14.788516527507722,14.788516527507722,none,0
Indonesia,216,ornamentals,2020,424.48,5991.31,r2,35,7.556878143801423,533.8956822859074,14.114469468526197,14.114469468526197,none,0
Indonesia,216,ornamentals,2021,462.64,6648.62,r2,35,7.429585496521383,482.4878993830671,14.371044440601764,14.371044440601764,none,0
Indonesia,216,ornamentals,2022,521.58,6842.66,r2,35,14.71413902706887,313.3104942475703,13.119099658729244,13.119099658729244,none,0
Indonesia,216,ornamentals,2023,674.06,7251.99,r2,35,8.754966938824145,267.14713099669086,10.758671334896004,10.758671334896004,none,0
Indonesia,216,seaweeds,2019,196315,228822.25,r2,35,6.972999462991069,12.69438158351965,1.1655871940503781,1.1655871940503781,none,0
Indonesia,216,seaweeds,2020,182339.35,194993.33,r2,35,5.423973723947675,13.195661535326474,1.0693979659354933,1.0693979659354933,none,0
Indonesia,216,seaweeds,2021,210182.62,241255.4,r2,35,5.288803709910198,12.608422069047505,1.1478370571267977,1.1478370571267977,none,0
Indonesia,216,seaweeds,2022,237873.19,413249.35,r2,35,5.179908080013903,9.005880754555477,1.7372674490975633,1.7372674490975633,none,0
Indonesia,216,seaweeds,2023,252157.13,300410.83,r2,35,6.642418020283862,10.475280391460174,1.1913636152188123,1.1913636152188123,none,0
Canada,218,fish_oil,2019,6677.86,24001.91,r2,21,2.850624287170221,4.173549943898697,3.5942517513095513,3.5942517513095513,none,0
Canada,218,fish_oil,2020,5957.73,24471.89,r2,21,3.4069279924456835,8.734880162391821,4.107586278666539,4.107586278666539,none,0
Canada,218,fish_oil,2021,6232.57,25255.51,r2,21,3.5057862212602675,9.479579859767002,4.052182326070946,4.052182326070946,none,0
Canada,218,fish_oil,2022,3389.28,23394.92,r2,21,5.525712437642493,9.100285927081373,6.902622385875465,6.902622385875465,none,0
Canada,218,fish_oil,2023,5771.570000000001,25937.39,r2,21,4.933609984035308,7.052039687792173,4.493992102668771,4.493992102668771,none,0
Canada,218,ornamentals,2019,0,0,r2,21,39221.16859135755,762.3986858156522,NA,39221.16859135755,geo_region,1
Canada,218,ornamentals,2020,0,0,r2,21,15093.680939103542,533.8956822859074,NA,15093.680939103542,geo_region,1
Canada,218,ornamentals,2021,0.87,9.49,r2,21,6405.606606061049,482.4878993830671,10.908045977011495,10.908045977011495,none,0
Canada,218,ornamentals,2022,0.17,2.98,r2,21,5358.216987502979,313.3104942475703,17.52941176470588,17.52941176470588,none,0
Canada,218,ornamentals,2023,0.17,2.98,r2,21,6838.051374792732,267.14713099669086,17.52941176470588,17.52941176470588,none,0
Canada,218,seaweeds,2019,6130.79,17702.33,r2,21,7.595353160117932,12.69438158351965,2.8874468053872344,2.8874468053872344,none,0
Canada,218,seaweeds,2020,7404.06,18773.32,r2,21,7.429514636611184,13.195661535326474,2.5355440123391757,2.5355440123391757,none,0
Canada,218,seaweeds,2021,7084.240000000001,18542.48,r2,21,7.6669536263770945,12.608422069047505,2.6174268517159214,2.6174268517159214,none,0
Canada,218,seaweeds,2022,5697.5599999999995,16959.32,r2,21,7.772522504339812,9.005880754555477,2.976593489142721,2.976593489142721,none,0
Canada,218,seaweeds,2023,4838.33,16414.02,r2,21,8.25324536032971,10.475280391460174,3.3924969979311044,3.3924969979311044,none,0
NA,219,seaweeds,2019,NA,NA,r2,21,7.595353160117932,12.69438158351965,NA,7.595353160117932,geo_region,1
NA,219,seaweeds,2020,NA,NA,r2,21,7.429514636611184,13.195661535326474,NA,7.429514636611184,geo_region,1
NA,219,seaweeds,2021,NA,NA,r2,21,7.6669536263770945,12.608422069047505,NA,7.6669536263770945,geo_region,1
NA,219,seaweeds,2022,NA,NA,r2,21,7.772522504339812,9.005880754555477,NA,7.772522504339812,geo_region,1
NA,219,seaweeds,2023,NA,NA,r2,21,8.25324536032971,10.475280391460174,NA,8.25324536032971,geo_region,1
NA,219,ornamentals,2019,NA,NA,r2,21,39221.16859135755,762.3986858156522,NA,39221.16859135755,geo_region,1
NA,219,ornamentals,2020,NA,NA,r2,21,15093.680939103542,533.8956822859074,NA,15093.680939103542,geo_region,1
NA,219,ornamentals,2021,NA,NA,r2,21,6405.606606061049,482.4878993830671,NA,6405.606606061049,geo_region,1
NA,219,ornamentals,2022,NA,NA,r2,21,5358.216987502979,313.3104942475703,NA,5358.216987502979,geo_region,1
NA,219,ornamentals,2023,NA,NA,r2,21,6838.051374792732,267.14713099669086,NA,6838.051374792732,geo_region,1
NA,219,fish_oil,2019,NA,NA,r2,21,2.850624287170221,4.173549943898697,NA,2.850624287170221,geo_region,1
NA,219,fish_oil,2020,NA,NA,r2,21,3.4069279924456835,8.734880162391821,NA,3.4069279924456835,geo_region,1
NA,219,fish_oil,2021,NA,NA,r2,21,3.5057862212602675,9.479579859767002,NA,3.5057862212602675,geo_region,1
NA,219,fish_oil,2022,NA,NA,r2,21,5.525712437642493,9.100285927081373,NA,5.525712437642493,geo_region,1
NA,219,fish_oil,2023,NA,NA,r2,21,4.933609984035308,7.052039687792173,NA,4.933609984035308,geo_region,1
Sint Maarten,220,ornamentals,2019,0,0,NA,NA,200.9768418030223,762.3986858156522,NA,200.9768418030223,geo_region,1
Sint Maarten,220,ornamentals,2020,0,0,NA,NA,584.9666258893922,533.8956822859074,NA,584.9666258893922,geo_region,1
Sint Maarten,220,ornamentals,2021,0,0,NA,NA,718.4772831885801,482.4878993830671,NA,718.4772831885801,geo_region,1
Sint Maarten,220,ornamentals,2022,0,0,NA,NA,119.35197331496364,313.3104942475703,NA,119.35197331496364,geo_region,1
Sint Maarten,220,ornamentals,2023,0,0,NA,NA,81.34777639315145,267.14713099669086,NA,81.34777639315145,geo_region,1
NA,220,seaweeds,2019,NA,NA,NA,NA,7.721455306187844,12.69438158351965,NA,7.721455306187844,geo_region,1
NA,220,seaweeds,2020,NA,NA,NA,NA,13.415586823971827,13.195661535326474,NA,13.415586823971827,geo_region,1
NA,220,seaweeds,2021,NA,NA,NA,NA,35.35252514707192,12.608422069047505,NA,35.35252514707192,geo_region,1
NA,220,seaweeds,2022,NA,NA,NA,NA,35.09600963246095,9.005880754555477,NA,35.09600963246095,geo_region,1
NA,220,seaweeds,2023,NA,NA,NA,NA,39.335083874458874,10.475280391460174,NA,39.335083874458874,geo_region,1
NA,220,fish_oil,2019,NA,NA,NA,NA,1.4235776800097977,4.173549943898697,NA,1.4235776800097977,geo_region,1
NA,220,fish_oil,2020,NA,NA,NA,NA,1.587472022331214,8.734880162391821,NA,1.587472022331214,geo_region,1
NA,220,fish_oil,2021,NA,NA,NA,NA,1.7024125352346209,9.479579859767002,NA,1.7024125352346209,geo_region,1
NA,220,fish_oil,2022,NA,NA,NA,NA,1.6479230480227982,9.100285927081373,NA,1.6479230480227982,geo_region,1
NA,220,fish_oil,2023,NA,NA,NA,NA,5.563146475908016,7.052039687792173,NA,5.563146475908016,geo_region,1
NA,221,seaweeds,2019,NA,NA,r2,29,7.690095617169096,12.69438158351965,NA,7.690095617169096,geo_region,1
NA,221,seaweeds,2020,NA,NA,r2,29,8.306753325581568,13.195661535326474,NA,8.306753325581568,geo_region,1
NA,221,seaweeds,2021,NA,NA,r2,29,12.584028343854218,12.608422069047505,NA,12.584028343854218,geo_region,1
NA,221,seaweeds,2022,NA,NA,r2,29,10.371848997569245,9.005880754555477,NA,10.371848997569245,geo_region,1
NA,221,seaweeds,2023,NA,NA,r2,29,12.215996765972854,10.475280391460174,NA,12.215996765972854,geo_region,1
NA,221,ornamentals,2019,NA,NA,r2,29,689.7153679653678,762.3986858156522,NA,689.7153679653678,geo_region,1
NA,221,ornamentals,2020,NA,NA,r2,29,376.9125615763547,533.8956822859074,NA,376.9125615763547,geo_region,1
NA,221,ornamentals,2021,NA,NA,r2,29,436.10700757575756,482.4878993830671,NA,436.10700757575756,geo_region,1
NA,221,ornamentals,2022,NA,NA,r2,29,276.10143369175626,313.3104942475703,NA,276.10143369175626,geo_region,1
NA,221,ornamentals,2023,NA,NA,r2,29,119.78405797101449,267.14713099669086,NA,119.78405797101449,geo_region,1
NA,221,fish_oil,2019,NA,NA,r2,29,8.507692307692308,4.173549943898697,NA,8.507692307692308,geo_region,1
NA,221,fish_oil,2020,NA,NA,r2,29,3,8.734880162391821,NA,3,geo_region,1
NA,221,fish_oil,2021,NA,NA,r2,29,3,9.479579859767002,NA,3,geo_region,1
NA,221,fish_oil,2022,NA,NA,r2,29,2.545454545454546,9.100285927081373,NA,2.545454545454546,geo_region,1
NA,221,fish_oil,2023,NA,NA,r2,29,4.375,7.052039687792173,NA,4.375,geo_region,1
Sweden,222,fish_oil,2019,701.5642390106605,5182.09,r2,154,3.713604198153352,4.173549943898697,7.386479686176331,7.386479686176331,none,0
Sweden,222,fish_oil,2020,809.1999999999999,5070.18,r2,154,3.3550710938831796,8.734880162391821,6.265669797330698,6.265669797330698,none,0
Sweden,222,fish_oil,2021,1222.6699999999998,6227.469999999999,r2,154,2.21169171000455,9.479579859767002,5.0933367139129935,5.0933367139129935,none,0
Sweden,222,fish_oil,2022,1162.26,6576.65,r2,154,2.9078841597276552,9.100285927081373,5.658501540102903,5.658501540102903,none,0
Sweden,222,fish_oil,2023,505.4,6613.48,r2,154,5.234311551859661,7.052039687792173,13.085635140482786,13.085635140482786,none,0
Sweden,222,ornamentals,2019,0.31,41.59,r2,154,50.43147993643757,762.3986858156522,134.16129032258067,134.16129032258067,none,0
Sweden,222,ornamentals,2020,0.33,39.54,r2,154,47.564140449049454,533.8956822859074,119.81818181818181,119.81818181818181,none,0
Sweden,222,ornamentals,2021,0.3,57.45,r2,154,61.650525816802805,482.4878993830671,191.50000000000003,191.50000000000003,none,0
Sweden,222,ornamentals,2022,0.4,52.83,r2,154,45.0472064271001,313.3104942475703,132.075,132.075,none,0
Sweden,222,ornamentals,2023,0.27,36.81,r2,154,45.42595720888871,267.14713099669086,136.33333333333334,136.33333333333334,none,0
Sweden,222,seaweeds,2019,146.34,1887.59,r2,154,10.029240233939625,12.69438158351965,12.898660653273199,12.898660653273199,none,0
Sweden,222,seaweeds,2020,36.8,1052.49,r2,154,8.08059822539885,13.195661535326474,28.600271739130438,28.600271739130438,none,0
Sweden,222,seaweeds,2021,47.5,1498.0800000000002,r2,154,6.877501948843852,12.608422069047505,31.538526315789476,31.538526315789476,none,0
Sweden,222,seaweeds,2022,34.08,1121.72,r2,154,8.511875344318732,9.005880754555477,32.914319248826295,32.914319248826295,none,0
Sweden,222,seaweeds,2023,54.34,1490.56,r2,154,5.9226356182180755,10.475280391460174,27.430253956569743,27.430253956569743,none,0
Norway,223,fish_oil,2019,117137.19,159319.06,r2,154,3.713604198153352,4.173549943898697,1.3601065553988447,1.3601065553988447,none,0
Norway,223,fish_oil,2020,139320.02,206050.2,r2,154,3.3550710938831796,8.734880162391821,1.478970502588214,1.478970502588214,none,0
Norway,223,fish_oil,2021,126470.87,204619.43,r2,154,2.21169171000455,9.479579859767002,1.6179174698489858,1.6179174698489858,none,0
Norway,223,fish_oil,2022,118058.07,231930.86,r2,154,2.9078841597276552,9.100285927081373,1.9645489715357871,1.9645489715357871,none,0
Norway,223,fish_oil,2023,112810.31,297831.95,r2,154,5.234311551859661,7.052039687792173,2.6401128584789815,2.6401128584789815,none,0
Norway,223,ornamentals,2019,0,0,r2,154,50.43147993643757,762.3986858156522,NA,50.43147993643757,geo_region,1
Norway,223,ornamentals,2020,0,0,r2,154,47.564140449049454,533.8956822859074,NA,47.564140449049454,geo_region,1
Norway,223,ornamentals,2021,0,0,r2,154,61.650525816802805,482.4878993830671,NA,61.650525816802805,geo_region,1
Norway,223,ornamentals,2022,0,0,r2,154,45.0472064271001,313.3104942475703,NA,45.0472064271001,geo_region,1
Norway,223,ornamentals,2023,0,0,r2,154,45.42595720888871,267.14713099669086,NA,45.42595720888871,geo_region,1
Norway,223,seaweeds,2019,3759.22,5325.08,r2,154,10.029240233939625,12.69438158351965,1.4165385372497488,1.4165385372497488,none,0
Norway,223,seaweeds,2020,3549.54,5484.07,r2,154,8.08059822539885,13.195661535326474,1.5450086490080404,1.5450086490080404,none,0
Norway,223,seaweeds,2021,2890.54,5188.110000000001,r2,154,6.877501948843852,12.608422069047505,1.794858400160524,1.794858400160524,none,0
Norway,223,seaweeds,2022,1378.446412027955,3361.23,r2,154,8.511875344318732,9.005880754555477,2.438419056896812,2.438419056896812,none,0
Norway,223,seaweeds,2023,1408.9964120279549,3080.75,r2,154,5.9226356182180755,10.475280391460174,2.186485340701405,2.186485340701405,none,0
Chile,224,fish_oil,2019,93157.39,123825.6,r2,5,1.4959554744275725,4.173549943898697,1.3292085576893042,1.3292085576893042,none,0
Chile,224,fish_oil,2020,128499.06,169395.41,r2,5,1.3051305686265848,8.734880162391821,1.3182618612151715,1.3182618612151715,none,0
Chile,224,fish_oil,2021,121992.08,175031.55,r2,5,3.6412683917116913,9.479579859767002,1.4347779790294581,1.4347779790294581,none,0
Chile,224,fish_oil,2022,101794.85,197352.38,r2,5,3.9514513763839147,9.100285927081373,1.9387265662260909,1.9387265662260909,none,0
Chile,224,fish_oil,2023,134170.07,400657.58,r2,5,5.293764327395711,7.052039687792173,2.986191927901655,2.986191927901655,none,0
Chile,224,ornamentals,2019,0,0,r2,5,21.7242787919613,762.3986858156522,NA,21.7242787919613,geo_region,1
Chile,224,ornamentals,2020,0,0,r2,5,24.629079034786237,533.8956822859074,NA,24.629079034786237,geo_region,1
Chile,224,ornamentals,2021,0,0,r2,5,41.39378413953324,482.4878993830671,NA,41.39378413953324,geo_region,1
Chile,224,ornamentals,2022,0,0,r2,5,92.3160922400564,313.3104942475703,NA,92.3160922400564,geo_region,1
Chile,224,ornamentals,2023,0,0,r2,5,90.84723002058769,267.14713099669086,NA,90.84723002058769,geo_region,1
Chile,224,seaweeds,2019,60951.48,115808.04,r2,5,24.58250048736692,12.69438158351965,1.9000037406802917,1.9000037406802917,none,0
Chile,224,seaweeds,2020,69814.97,118354.73,r2,5,23.304788231953484,13.195661535326474,1.695262921404965,1.695262921404965,none,0
Chile,224,seaweeds,2021,67896.9,133504.34,r2,5,15.767502794089427,12.608422069047505,1.966280345641701,1.966280345641701,none,0
Chile,224,seaweeds,2022,70336.27,207211.83,r2,5,7.16882816497299,9.005880754555477,2.9460167563619732,2.9460167563619732,none,0
Chile,224,seaweeds,2023,62756.71,185417.13,r2,5,7.26038615162946,10.475280391460174,2.95453872581912,2.95453872581912,none,0
NA,227,seaweeds,2019,NA,NA,r2,154,10.029240233939625,12.69438158351965,NA,10.029240233939625,geo_region,1
NA,227,seaweeds,2020,NA,NA,r2,154,8.08059822539885,13.195661535326474,NA,8.08059822539885,geo_region,1
NA,227,seaweeds,2021,NA,NA,r2,154,6.877501948843852,12.608422069047505,NA,6.877501948843852,geo_region,1
NA,227,seaweeds,2022,NA,NA,r2,154,8.511875344318732,9.005880754555477,NA,8.511875344318732,geo_region,1
NA,227,seaweeds,2023,NA,NA,r2,154,5.9226356182180755,10.475280391460174,NA,5.9226356182180755,geo_region,1
NA,227,ornamentals,2019,NA,NA,r2,154,50.43147993643757,762.3986858156522,NA,50.43147993643757,geo_region,1
NA,227,ornamentals,2020,NA,NA,r2,154,47.564140449049454,533.8956822859074,NA,47.564140449049454,geo_region,1
NA,227,ornamentals,2021,NA,NA,r2,154,61.650525816802805,482.4878993830671,NA,61.650525816802805,geo_region,1
NA,227,ornamentals,2022,NA,NA,r2,154,45.0472064271001,313.3104942475703,NA,45.0472064271001,geo_region,1
NA,227,ornamentals,2023,NA,NA,r2,154,45.42595720888871,267.14713099669086,NA,45.42595720888871,geo_region,1
NA,227,fish_oil,2019,NA,NA,r2,154,3.713604198153352,4.173549943898697,NA,3.713604198153352,geo_region,1
NA,227,fish_oil,2020,NA,NA,r2,154,3.3550710938831796,8.734880162391821,NA,3.3550710938831796,geo_region,1
NA,227,fish_oil,2021,NA,NA,r2,154,2.21169171000455,9.479579859767002,NA,2.21169171000455,geo_region,1
NA,227,fish_oil,2022,NA,NA,r2,154,2.9078841597276552,9.100285927081373,NA,2.9078841597276552,geo_region,1
NA,227,fish_oil,2023,NA,NA,r2,154,5.234311551859661,7.052039687792173,NA,5.234311551859661,geo_region,1
NA,228,seaweeds,2019,NA,NA,r2,154,10.029240233939625,12.69438158351965,NA,10.029240233939625,geo_region,1
NA,228,seaweeds,2020,NA,NA,r2,154,8.08059822539885,13.195661535326474,NA,8.08059822539885,geo_region,1
NA,228,seaweeds,2021,NA,NA,r2,154,6.877501948843852,12.608422069047505,NA,6.877501948843852,geo_region,1
NA,228,seaweeds,2022,NA,NA,r2,154,8.511875344318732,9.005880754555477,NA,8.511875344318732,geo_region,1
NA,228,seaweeds,2023,NA,NA,r2,154,5.9226356182180755,10.475280391460174,NA,5.9226356182180755,geo_region,1
NA,228,ornamentals,2019,NA,NA,r2,154,50.43147993643757,762.3986858156522,NA,50.43147993643757,geo_region,1
NA,228,ornamentals,2020,NA,NA,r2,154,47.564140449049454,533.8956822859074,NA,47.564140449049454,geo_region,1
NA,228,ornamentals,2021,NA,NA,r2,154,61.650525816802805,482.4878993830671,NA,61.650525816802805,geo_region,1
NA,228,ornamentals,2022,NA,NA,r2,154,45.0472064271001,313.3104942475703,NA,45.0472064271001,geo_region,1
NA,228,ornamentals,2023,NA,NA,r2,154,45.42595720888871,267.14713099669086,NA,45.42595720888871,geo_region,1
NA,228,fish_oil,2019,NA,NA,r2,154,3.713604198153352,4.173549943898697,NA,3.713604198153352,geo_region,1
NA,228,fish_oil,2020,NA,NA,r2,154,3.3550710938831796,8.734880162391821,NA,3.3550710938831796,geo_region,1
NA,228,fish_oil,2021,NA,NA,r2,154,2.21169171000455,9.479579859767002,NA,2.21169171000455,geo_region,1
NA,228,fish_oil,2022,NA,NA,r2,154,2.9078841597276552,9.100285927081373,NA,2.9078841597276552,geo_region,1
NA,228,fish_oil,2023,NA,NA,r2,154,5.234311551859661,7.052039687792173,NA,5.234311551859661,geo_region,1
East Timor,231,seaweeds,2019,223.27,206.99,r2,35,6.972999462991069,12.69438158351965,0.927083799883549,0.927083799883549,none,0
East Timor,231,seaweeds,2020,120,42.44,r2,35,5.423973723947675,13.195661535326474,0.35366666666666663,0.35366666666666663,none,0
East Timor,231,seaweeds,2021,122,77.24,r2,35,5.288803709910198,12.608422069047505,0.6331147540983606,0.6331147540983606,none,0
East Timor,231,seaweeds,2022,77.35,126.21,r2,35,5.179908080013903,9.005880754555477,1.6316742081447964,1.6316742081447964,none,0
East Timor,231,seaweeds,2023,129.01999999999998,210.39,r2,35,6.642418020283862,10.475280391460174,1.6306774143543639,1.6306774143543639,none,0
NA,231,ornamentals,2019,NA,NA,r2,35,8.105872615766748,762.3986858156522,NA,8.105872615766748,geo_region,1
NA,231,ornamentals,2020,NA,NA,r2,35,7.556878143801423,533.8956822859074,NA,7.556878143801423,geo_region,1
NA,231,ornamentals,2021,NA,NA,r2,35,7.429585496521383,482.4878993830671,NA,7.429585496521383,geo_region,1
NA,231,ornamentals,2022,NA,NA,r2,35,14.71413902706887,313.3104942475703,NA,14.71413902706887,geo_region,1
NA,231,ornamentals,2023,NA,NA,r2,35,8.754966938824145,267.14713099669086,NA,8.754966938824145,geo_region,1
NA,231,fish_oil,2019,NA,NA,r2,35,3.826366335350629,4.173549943898697,NA,3.826366335350629,geo_region,1
NA,231,fish_oil,2020,NA,NA,r2,35,4.196917254546686,8.734880162391821,NA,4.196917254546686,geo_region,1
NA,231,fish_oil,2021,NA,NA,r2,35,14.573864422390763,9.479579859767002,NA,14.573864422390763,geo_region,1
NA,231,fish_oil,2022,NA,NA,r2,35,15.469033137719894,9.100285927081373,NA,15.469033137719894,geo_region,1
NA,231,fish_oil,2023,NA,NA,r2,35,14.686695343584494,7.052039687792173,NA,14.686695343584494,geo_region,1
NA,232,seaweeds,2019,NA,NA,r2,39,18.937345952232842,12.69438158351965,NA,18.937345952232842,geo_region,1
NA,232,seaweeds,2020,NA,NA,r2,39,15.232121707046842,13.195661535326474,NA,15.232121707046842,geo_region,1
NA,232,seaweeds,2021,NA,NA,r2,39,22.258482257657008,12.608422069047505,NA,22.258482257657008,geo_region,1
NA,232,seaweeds,2022,NA,NA,r2,39,15.950282976495712,9.005880754555477,NA,15.950282976495712,geo_region,1
NA,232,seaweeds,2023,NA,NA,r2,39,24.79950988909789,10.475280391460174,NA,24.79950988909789,geo_region,1
NA,232,ornamentals,2019,NA,NA,r2,39,13.839026417897957,762.3986858156522,NA,13.839026417897957,geo_region,1
NA,232,ornamentals,2020,NA,NA,r2,39,13.28453454913226,533.8956822859074,NA,13.28453454913226,geo_region,1
NA,232,ornamentals,2021,NA,NA,r2,39,16.187521677881296,482.4878993830671,NA,16.187521677881296,geo_region,1
NA,232,ornamentals,2022,NA,NA,r2,39,12.258381992966504,313.3104942475703,NA,12.258381992966504,geo_region,1
NA,232,ornamentals,2023,NA,NA,r2,39,10.599927036875398,267.14713099669086,NA,10.599927036875398,geo_region,1
NA,232,fish_oil,2019,NA,NA,r2,39,3.5130878839029642,4.173549943898697,NA,3.5130878839029642,geo_region,1
NA,232,fish_oil,2020,NA,NA,r2,39,12.688876901113854,8.734880162391821,NA,12.688876901113854,geo_region,1
NA,232,fish_oil,2021,NA,NA,r2,39,12.963175178808166,9.479579859767002,NA,12.963175178808166,geo_region,1
NA,232,fish_oil,2022,NA,NA,r2,39,9.038014004857267,9.100285927081373,NA,9.038014004857267,geo_region,1
NA,232,fish_oil,2023,NA,NA,r2,39,13.977192957370363,7.052039687792173,NA,13.977192957370363,geo_region,1
NA,237,seaweeds,2019,NA,NA,r2,35,6.972999462991069,12.69438158351965,NA,6.972999462991069,geo_region,1
NA,237,seaweeds,2020,NA,NA,r2,35,5.423973723947675,13.195661535326474,NA,5.423973723947675,geo_region,1
NA,237,seaweeds,2021,NA,NA,r2,35,5.288803709910198,12.608422069047505,NA,5.288803709910198,geo_region,1
NA,237,seaweeds,2022,NA,NA,r2,35,5.179908080013903,9.005880754555477,NA,5.179908080013903,geo_region,1
NA,237,seaweeds,2023,NA,NA,r2,35,6.642418020283862,10.475280391460174,NA,6.642418020283862,geo_region,1
NA,237,ornamentals,2019,NA,NA,r2,35,8.105872615766748,762.3986858156522,NA,8.105872615766748,geo_region,1
NA,237,ornamentals,2020,NA,NA,r2,35,7.556878143801423,533.8956822859074,NA,7.556878143801423,geo_region,1
NA,237,ornamentals,2021,NA,NA,r2,35,7.429585496521383,482.4878993830671,NA,7.429585496521383,geo_region,1
NA,237,ornamentals,2022,NA,NA,r2,35,14.71413902706887,313.3104942475703,NA,14.71413902706887,geo_region,1
NA,237,ornamentals,2023,NA,NA,r2,35,8.754966938824145,267.14713099669086,NA,8.754966938824145,geo_region,1
NA,237,fish_oil,2019,NA,NA,r2,35,3.826366335350629,4.173549943898697,NA,3.826366335350629,geo_region,1
NA,237,fish_oil,2020,NA,NA,r2,35,4.196917254546686,8.734880162391821,NA,4.196917254546686,geo_region,1
NA,237,fish_oil,2021,NA,NA,r2,35,14.573864422390763,9.479579859767002,NA,14.573864422390763,geo_region,1
NA,237,fish_oil,2022,NA,NA,r2,35,15.469033137719894,9.100285927081373,NA,15.469033137719894,geo_region,1
NA,237,fish_oil,2023,NA,NA,r2,35,14.686695343584494,7.052039687792173,NA,14.686695343584494,geo_region,1
Curacao,244,fish_oil,2019,0,0,NA,NA,1.4235776800097977,4.173549943898697,NA,1.4235776800097977,geo_region,1
Curacao,244,fish_oil,2020,0,0,NA,NA,1.587472022331214,8.734880162391821,NA,1.587472022331214,geo_region,1
Curacao,244,fish_oil,2021,0,0,NA,NA,1.7024125352346209,9.479579859767002,NA,1.7024125352346209,geo_region,1
Curacao,244,fish_oil,2022,0,0,NA,NA,1.6479230480227982,9.100285927081373,NA,1.6479230480227982,geo_region,1
Curacao,244,fish_oil,2023,0.01,0.15,NA,NA,5.563146475908016,7.052039687792173,15,15,none,0
Curacao,244,ornamentals,2019,0.01,5.83,NA,NA,200.9768418030223,762.3986858156522,583,583,none,0
Curacao,244,ornamentals,2020,0.01,11.57,NA,NA,584.9666258893922,533.8956822859074,1157,1157,none,0
Curacao,244,ornamentals,2021,0.01,14.24,NA,NA,718.4772831885801,482.4878993830671,1424,1424,none,0
Curacao,244,ornamentals,2022,0.08,18.06,NA,NA,119.35197331496364,313.3104942475703,225.74999999999997,225.74999999999997,none,0
Curacao,244,ornamentals,2023,0.12,17.97,NA,NA,81.34777639315145,267.14713099669086,149.75,149.75,none,0
NA,244,seaweeds,2019,NA,NA,NA,NA,7.721455306187844,12.69438158351965,NA,7.721455306187844,geo_region,1
NA,244,seaweeds,2020,NA,NA,NA,NA,13.415586823971827,13.195661535326474,NA,13.415586823971827,geo_region,1
NA,244,seaweeds,2021,NA,NA,NA,NA,35.35252514707192,12.608422069047505,NA,35.35252514707192,geo_region,1
NA,244,seaweeds,2022,NA,NA,NA,NA,35.09600963246095,9.005880754555477,NA,35.09600963246095,geo_region,1
NA,244,seaweeds,2023,NA,NA,NA,NA,39.335083874458874,10.475280391460174,NA,39.335083874458874,geo_region,1
Bonaire,245,ornamentals,2019,0,0,NA,NA,200.9768418030223,762.3986858156522,NA,200.9768418030223,geo_region,1
Bonaire,245,ornamentals,2020,0,0,NA,NA,584.9666258893922,533.8956822859074,NA,584.9666258893922,geo_region,1
Bonaire,245,ornamentals,2021,0,0,NA,NA,718.4772831885801,482.4878993830671,NA,718.4772831885801,geo_region,1
Bonaire,245,ornamentals,2022,0,0,NA,NA,119.35197331496364,313.3104942475703,NA,119.35197331496364,geo_region,1
Bonaire,245,ornamentals,2023,0,0,NA,NA,81.34777639315145,267.14713099669086,NA,81.34777639315145,geo_region,1
NA,245,seaweeds,2019,NA,NA,NA,NA,7.721455306187844,12.69438158351965,NA,7.721455306187844,geo_region,1
NA,245,seaweeds,2020,NA,NA,NA,NA,13.415586823971827,13.195661535326474,NA,13.415586823971827,geo_region,1
NA,245,seaweeds,2021,NA,NA,NA,NA,35.35252514707192,12.608422069047505,NA,35.35252514707192,geo_region,1
NA,245,seaweeds,2022,NA,NA,NA,NA,35.09600963246095,9.005880754555477,NA,35.09600963246095,geo_region,1
NA,245,seaweeds,2023,NA,NA,NA,NA,39.335083874458874,10.475280391460174,NA,39.335083874458874,geo_region,1
NA,245,fish_oil,2019,NA,NA,NA,NA,1.4235776800097977,4.173549943898697,NA,1.4235776800097977,geo_region,1
NA,245,fish_oil,2020,NA,NA,NA,NA,1.587472022331214,8.734880162391821,NA,1.587472022331214,geo_region,1
NA,245,fish_oil,2021,NA,NA,NA,NA,1.7024125352346209,9.479579859767002,NA,1.7024125352346209,geo_region,1
NA,245,fish_oil,2022,NA,NA,NA,NA,1.6479230480227982,9.100285927081373,NA,1.6479230480227982,geo_region,1
NA,245,fish_oil,2023,NA,NA,NA,NA,5.563146475908016,7.052039687792173,NA,5.563146475908016,geo_region,1
Brunei,247,ornamentals,2019,0,0,NA,NA,200.9768418030223,762.3986858156522,NA,200.9768418030223,geo_region,1
Brunei,247,ornamentals,2020,0,0,NA,NA,584.9666258893922,533.8956822859074,NA,584.9666258893922,geo_region,1
Brunei,247,ornamentals,2021,0,0,NA,NA,718.4772831885801,482.4878993830671,NA,718.4772831885801,geo_region,1
Brunei,247,ornamentals,2022,0,0,NA,NA,119.35197331496364,313.3104942475703,NA,119.35197331496364,geo_region,1
Brunei,247,ornamentals,2023,0,0,NA,NA,81.34777639315145,267.14713099669086,NA,81.34777639315145,geo_region,1
Brunei,247,seaweeds,2019,3.65,46.67,NA,NA,7.721455306187844,12.69438158351965,12.786301369863015,12.786301369863015,none,0
Brunei,247,seaweeds,2020,19.84,486.27,NA,NA,13.415586823971827,13.195661535326474,24.509576612903224,24.509576612903224,none,0
Brunei,247,seaweeds,2021,14.17,961.73,NA,NA,35.35252514707192,12.608422069047505,67.87085391672548,67.87085391672548,none,0
Brunei,247,seaweeds,2022,10.16,679.5500000000001,NA,NA,35.09600963246095,9.005880754555477,66.88484251968505,66.88484251968505,none,0
Brunei,247,seaweeds,2023,5.39,381.08,NA,NA,39.335083874458874,10.475280391460174,70.7012987012987,70.7012987012987,none,0
NA,247,fish_oil,2019,NA,NA,NA,NA,1.4235776800097977,4.173549943898697,NA,1.4235776800097977,geo_region,1
NA,247,fish_oil,2020,NA,NA,NA,NA,1.587472022331214,8.734880162391821,NA,1.587472022331214,geo_region,1
NA,247,fish_oil,2021,NA,NA,NA,NA,1.7024125352346209,9.479579859767002,NA,1.7024125352346209,geo_region,1
NA,247,fish_oil,2022,NA,NA,NA,NA,1.6479230480227982,9.100285927081373,NA,1.6479230480227982,geo_region,1
NA,247,fish_oil,2023,NA,NA,NA,NA,5.563146475908016,7.052039687792173,NA,5.563146475908016,geo_region,1
Saba,248,ornamentals,2019,0,0,NA,NA,200.9768418030223,762.3986858156522,NA,200.9768418030223,geo_region,1
Saba,248,ornamentals,2020,0,0,NA,NA,584.9666258893922,533.8956822859074,NA,584.9666258893922,geo_region,1
Saba,248,ornamentals,2021,0,0,NA,NA,718.4772831885801,482.4878993830671,NA,718.4772831885801,geo_region,1
Saba,248,ornamentals,2022,0,0,NA,NA,119.35197331496364,313.3104942475703,NA,119.35197331496364,geo_region,1
Saba,248,ornamentals,2023,0,0,NA,NA,81.34777639315145,267.14713099669086,NA,81.34777639315145,geo_region,1
NA,248,seaweeds,2019,NA,NA,NA,NA,7.721455306187844,12.69438158351965,NA,7.721455306187844,geo_region,1
NA,248,seaweeds,2020,NA,NA,NA,NA,13.415586823971827,13.195661535326474,NA,13.415586823971827,geo_region,1
NA,248,seaweeds,2021,NA,NA,NA,NA,35.35252514707192,12.608422069047505,NA,35.35252514707192,geo_region,1
NA,248,seaweeds,2022,NA,NA,NA,NA,35.09600963246095,9.005880754555477,NA,35.09600963246095,geo_region,1
NA,248,seaweeds,2023,NA,NA,NA,NA,39.335083874458874,10.475280391460174,NA,39.335083874458874,geo_region,1
NA,248,fish_oil,2019,NA,NA,NA,NA,1.4235776800097977,4.173549943898697,NA,1.4235776800097977,geo_region,1
NA,248,fish_oil,2020,NA,NA,NA,NA,1.587472022331214,8.734880162391821,NA,1.587472022331214,geo_region,1
NA,248,fish_oil,2021,NA,NA,NA,NA,1.7024125352346209,9.479579859767002,NA,1.7024125352346209,geo_region,1
NA,248,fish_oil,2022,NA,NA,NA,NA,1.6479230480227982,9.100285927081373,NA,1.6479230480227982,geo_region,1
NA,248,fish_oil,2023,NA,NA,NA,NA,5.563146475908016,7.052039687792173,NA,5.563146475908016,geo_region,1
Sint Eustatius,249,ornamentals,2019,0,0,NA,NA,200.9768418030223,762.3986858156522,NA,200.9768418030223,geo_region,1
Sint Eustatius,249,ornamentals,2020,0,0,NA,NA,584.9666258893922,533.8956822859074,NA,584.9666258893922,geo_region,1
Sint Eustatius,249,ornamentals,2021,0,0,NA,NA,718.4772831885801,482.4878993830671,NA,718.4772831885801,geo_region,1
Sint Eustatius,249,ornamentals,2022,0,0,NA,NA,119.35197331496364,313.3104942475703,NA,119.35197331496364,geo_region,1
Sint Eustatius,249,ornamentals,2023,0,0,NA,NA,81.34777639315145,267.14713099669086,NA,81.34777639315145,geo_region,1
NA,249,seaweeds,2019,NA,NA,NA,NA,7.721455306187844,12.69438158351965,NA,7.721455306187844,geo_region,1
NA,249,seaweeds,2020,NA,NA,NA,NA,13.415586823971827,13.195661535326474,NA,13.415586823971827,geo_region,1
NA,249,seaweeds,2021,NA,NA,NA,NA,35.35252514707192,12.608422069047505,NA,35.35252514707192,geo_region,1
NA,249,seaweeds,2022,NA,NA,NA,NA,35.09600963246095,9.005880754555477,NA,35.09600963246095,geo_region,1
NA,249,seaweeds,2023,NA,NA,NA,NA,39.335083874458874,10.475280391460174,NA,39.335083874458874,geo_region,1
NA,249,fish_oil,2019,NA,NA,NA,NA,1.4235776800097977,4.173549943898697,NA,1.4235776800097977,geo_region,1
NA,249,fish_oil,2020,NA,NA,NA,NA,1.587472022331214,8.734880162391821,NA,1.587472022331214,geo_region,1
NA,249,fish_oil,2021,NA,NA,NA,NA,1.7024125352346209,9.479579859767002,NA,1.7024125352346209,geo_region,1
NA,249,fish_oil,2022,NA,NA,NA,NA,1.6479230480227982,9.100285927081373,NA,1.6479230480227982,geo_region,1
NA,249,fish_oil,2023,NA,NA,NA,NA,5.563146475908016,7.052039687792173,NA,5.563146475908016,geo_region,1
Aruba,250,fish_oil,2019,0,0,NA,NA,1.4235776800097977,4.173549943898697,NA,1.4235776800097977,geo_region,1
Aruba,250,fish_oil,2020,0,0,NA,NA,1.587472022331214,8.734880162391821,NA,1.587472022331214,geo_region,1
Aruba,250,fish_oil,2021,0,0,NA,NA,1.7024125352346209,9.479579859767002,NA,1.7024125352346209,geo_region,1
Aruba,250,fish_oil,2022,0,0,NA,NA,1.6479230480227982,9.100285927081373,NA,1.6479230480227982,geo_region,1
Aruba,250,fish_oil,2023,6.677972645710156,0.03,NA,NA,5.563146475908016,7.052039687792173,0.004492381384531668,0.004492381384531668,none,0
Aruba,250,ornamentals,2019,0.8,5.63,NA,NA,200.9768418030223,762.3986858156522,7.0375,7.0375,none,0
Aruba,250,ornamentals,2020,0,0,NA,NA,584.9666258893922,533.8956822859074,NA,584.9666258893922,geo_region,1
Aruba,250,ornamentals,2021,0,0,NA,NA,718.4772831885801,482.4878993830671,NA,718.4772831885801,geo_region,1
Aruba,250,ornamentals,2022,0,0,NA,NA,119.35197331496364,313.3104942475703,NA,119.35197331496364,geo_region,1
Aruba,250,ornamentals,2023,0,0,NA,NA,81.34777639315145,267.14713099669086,NA,81.34777639315145,geo_region,1
Aruba,250,seaweeds,2019,0,0,NA,NA,7.721455306187844,12.69438158351965,NA,7.721455306187844,geo_region,1
Aruba,250,seaweeds,2020,0,0,NA,NA,13.415586823971827,13.195661535326474,NA,13.415586823971827,geo_region,1
Aruba,250,seaweeds,2021,0,0,NA,NA,35.35252514707192,12.608422069047505,NA,35.35252514707192,geo_region,1
Aruba,250,seaweeds,2022,0,0,NA,NA,35.09600963246095,9.005880754555477,NA,35.09600963246095,geo_region,1
Aruba,250,seaweeds,2023,0,0,NA,NA,39.335083874458874,10.475280391460174,NA,39.335083874458874,geo_region,1
