rgn_id,year,tonnes_sustainable,sust_tonnes_rollmean,peak_sust_tonnes,rel_sust_tonnes,product
7,2004,1135.03896,1135.03896,7753.04838,0.1463990554899646,seaweeds
7,2005,1730.41704,1432.728,7753.04838,0.18479544171243775,seaweeds
7,2006,897.8428799999999,1254.43296,7753.04838,0.16179867563266773,seaweeds
7,2007,574.15248,1084.36284,7753.04838,0.13986277227383948,seaweeds
7,2008,768.89736,992.82744,7753.04838,0.1280563968311004,seaweeds
7,2009,2672.3030400000002,1228.2989400000001,7753.04838,0.15842786989032048,seaweeds
7,2010,4712.0832,2181.85902,7753.04838,0.28141950276337624,seaweeds
7,2011,4787.43408,3235.17942,7753.04838,0.4172783738001129,seaweeds
7,2012,4636.73232,4202.13816,7753.04838,0.5419981862669611,seaweeds
7,2013,7834.8996,5492.7873,7753.04838,0.708468080009582,seaweeds
7,2014,8067.319920000001,6331.59648,7753.04838,0.8166589668565953,seaweeds
7,2015,8092.26,7157.80296,7753.04838,0.9232243382441011,seaweeds
7,2016,7017.714000000001,7753.04838,7753.04838,1,seaweeds
7,2017,3170.574,6586.96698,7753.04838,0.8495970432729326,seaweeds
7,2018,3661.416,5485.491,7753.04838,0.7075269921119723,seaweeds
7,2019,3714.48,4391.046,7753.04838,0.5663638074705268,seaweeds
7,2020,3648.15,3548.655,7753.04838,0.4577109320192324,seaweeds
7,2021,8261.892342000001,4821.4845855,7753.04838,0.621882432455555,seaweeds
7,2022,7874.23329,5874.688908,7753.04838,0.7577263316393751,seaweeds
7,2023,465.7215024,5062.4992836,7753.04838,0.6529688756566226,seaweeds
9,2004,0.06030000000000001,0.06030000000000001,0,1,seaweeds
9,2005,0.06030000000000001,0.06030000000000001,0,1,seaweeds
9,2006,0.06030000000000001,0.06030000000000001,0,1,seaweeds
9,2007,0.06030000000000001,0.06030000000000001,0,1,seaweeds
9,2008,0,0.04522500000000001,0,1,seaweeds
9,2009,0,0.030150000000000007,0,1,seaweeds
9,2010,0,0.015075000000000003,0,1,seaweeds
9,2011,0,0,0,0,seaweeds
9,2012,0,0,0,0,seaweeds
9,2013,0,0,0,0,seaweeds
9,2014,0,0,0,0,seaweeds
9,2015,0,0,0,0,seaweeds
9,2016,0,0,0,0,seaweeds
9,2017,0,0,0,0,seaweeds
9,2018,0,0,0,0,seaweeds
9,2019,0,0,0,0,seaweeds
9,2020,0,0,0,0,seaweeds
9,2021,0,0,0,0,seaweeds
9,2022,0,0,0,0,seaweeds
9,2023,0,0,0,0,seaweeds
14,2004,5833.3014,5833.3014,1987.747625,1,seaweeds
14,2005,1549.4152000000001,3691.3583000000003,1987.747625,1,seaweeds
14,2006,3783.4565000000002,3722.0577000000003,1987.747625,1,seaweeds
14,2007,5971.7636,4284.4841750000005,1987.747625,1,seaweeds
14,2008,4367.1471,3917.9456,1987.747625,1,seaweeds
14,2009,2789.7794999999996,4228.036675,1987.747625,1,seaweeds
14,2010,3111.212,4059.97555,1987.747625,1,seaweeds
14,2011,3096.8807,3341.254825,1987.747625,1,seaweeds
14,2012,2214.2026,2803.0187,1987.747625,1,seaweeds
14,2013,2043.6607999999999,2616.489025,1987.747625,1,seaweeds
14,2014,596.2464,1987.747625,1987.747625,1,seaweeds
14,2015,403.9229,1314.508175,1987.747625,0.6613053681802286,seaweeds
14,2016,811.37,963.800025,1987.747625,0.4848704196036959,seaweeds
14,2017,429.47,560.252325,1987.747625,0.28185284588127735,seaweeds
14,2018,554.09,549.713225,1987.747625,0.27655081464378556,seaweeds
14,2019,621.956444,604.221611,1987.747625,0.30397300109967434,seaweeds
14,2020,1067.396966,668.2283525,1987.747625,0.33617363899504094,seaweeds
14,2021,399.80240000000003,660.8114525000001,1987.747625,0.33244233029834463,seaweeds
14,2022,398.0068,621.7906525000001,1987.747625,0.3128116691876314,seaweeds
14,2023,326.156,547.8405415,1987.747625,0.2756087013309851,seaweeds
15,2004,791123.7658,791123.7658,1100877.229475,0.7186303291760163,seaweeds
15,2005,878852.0850999999,834987.92545,1100877.229475,0.7584750625173703,seaweeds
15,2006,965892.5891000001,878622.8133333334,1100877.229475,0.798111533065628,seaweeds
15,2007,988715.2949000001,906145.933725,1100877.229475,0.8231126137081918,seaweeds
15,2008,1095979.5010000002,982359.8675250001,1100877.229475,0.8923427982913954,seaweeds
15,2009,1144452.3059,1048759.9227250002,1100877.229475,0.9526583842824562,seaweeds
15,2010,1184049.6409,1103299.185675,1100877.229475,1,seaweeds
15,2011,1209141.3486,1158405.6991,1100877.229475,1,seaweeds
15,2012,1150425.6574000001,1172017.2382,1100877.229475,1,seaweeds
15,2013,1023803.1614,1141854.952075,1100877.229475,1,seaweeds
15,2014,1020138.7505000002,1100877.229475,1100877.229475,1,seaweeds
15,2015,1031665.1893000001,1056508.18965,1100877.229475,0.9596966504192669,seaweeds
15,2016,925007.00490000006,1000153.5265250001,1100877.229475,0.9085059621062067,seaweeds
15,2017,933065.5840000001,977469.1321750002,1100877.229475,0.8879002181207325,seaweeds
15,2018,975425.4730165001,966290.8128041251,1100877.229475,0.8777462072359712,seaweeds
15,2019,989635.2283768001,955783.3225733251,1100877.229475,0.8682015550717957,seaweeds
15,2020,969828.4894203001,966988.6937034001,1100877.229475,0.8783801388684819,seaweeds
15,2021,887777.3873957001,955666.6445523251,1100877.229475,0.8680955686657952,seaweeds
15,2022,1020243.9565197,966871.265428125,1100877.229475,0.8782734709566286,seaweeds
15,2023,1072867.4348094,987679.317036275,1100877.229475,0.8971748080458453,seaweeds
16,2004,2780.5670000000005,2780.5670000000005,913.4110000000001,1,seaweeds
16,2005,3620.6800000000003,3200.6235000000006,913.4110000000001,1,seaweeds
16,2006,3668.25,3356.4990000000003,913.4110000000001,1,seaweeds
16,2007,2371.8,3110.32425,913.4110000000001,1,seaweeds
16,2008,1884.0400000000002,2886.1925,913.4110000000001,1,seaweeds
16,2009,1327.27,2312.84,913.4110000000001,1,seaweeds
16,2010,2170.867,1938.4942500000002,913.4110000000001,1,seaweeds
16,2011,1641.567,1755.9360000000001,913.4110000000001,1,seaweeds
16,2012,796.0269999999999,1483.93275,913.4110000000001,1,seaweeds
16,2013,565.48,1293.48525,913.4110000000001,1,seaweeds
16,2014,650.57,913.4110000000001,913.4110000000001,1,seaweeds
16,2015,387.26000000000005,599.83425,913.4110000000001,0.6566969852563632,seaweeds
16,2016,586.25,547.39,913.4110000000001,0.5992811560184845,seaweeds
16,2017,678.71,575.6975,913.4110000000001,0.6302721337930022,seaweeds
16,2018,583.57,558.9475,913.4110000000001,0.61193427712169,seaweeds
16,2019,709.3424000000001,639.4681,913.4110000000001,0.7000880217120223,seaweeds
16,2020,419.1051000000001,597.6818750000001,913.4110000000001,0.6543405706740997,seaweeds
16,2021,387.93,524.986875,913.4110000000001,0.5747542727206044,seaweeds
16,2022,534.1843,512.6404500000001,913.4110000000001,0.5612374385681802,seaweeds
16,2023,435.031,444.06260000000003,913.4110000000001,0.4861585857844935,seaweeds
17,2010,66.33,66.33,1326.6000000000001,0.049999999999999996,seaweeds
17,2011,165.82500000000002,116.07750000000001,1326.6000000000001,0.08750000000000001,seaweeds
17,2012,928.62,386.925,1326.6000000000001,0.29166666666666663,seaweeds
17,2013,1326.6000000000001,621.84375,1326.6000000000001,0.46874999999999994,seaweeds
17,2014,1326.6000000000001,936.9112500000001,1326.6000000000001,0.70625,seaweeds
17,2015,1326.6000000000001,1227.105,1326.6000000000001,0.9249999999999999,seaweeds
17,2016,1326.6000000000001,1326.6000000000001,1326.6000000000001,1,seaweeds
17,2017,994.95,1243.6875,1326.6000000000001,0.9374999999999999,seaweeds
17,2018,497.475,1036.40625,1326.6000000000001,0.7812499999999999,seaweeds
17,2019,331.65000000000003,787.66875,1326.6000000000001,0.59375,seaweeds
17,2020,331.65000000000003,538.9312500000001,1326.6000000000001,0.40625,seaweeds
17,2021,331.65000000000003,373.10625000000005,1326.6000000000001,0.28125,seaweeds
17,2022,397.98,348.2325,1326.6000000000001,0.2625,seaweeds
17,2023,431.14500000000004,373.10625000000005,1326.6000000000001,0.28125,seaweeds
18,2004,271.35,271.35,334.665,0.8108108108108109,seaweeds
18,2005,271.35,271.35,334.665,0.8108108108108109,seaweeds
18,2006,717.57,420.09000000000003,334.665,1,seaweeds
18,2007,391.95000000000005,413.05500000000006,334.665,1,seaweeds
18,2008,397.98,444.71250000000003,334.665,1,seaweeds
18,2009,265.32,443.20500000000004,334.665,1,seaweeds
18,2010,337.68,348.2325,334.665,1,seaweeds
18,2011,271.35,318.0825,334.665,0.9504504504504503,seaweeds
18,2012,259.29,283.41,334.665,0.8468468468468469,seaweeds
18,2013,102.51,242.7075,334.665,0.7252252252252253,seaweeds
18,2014,633.1500000000001,316.57500000000005,334.665,0.945945945945946,seaweeds
18,2015,343.71000000000004,334.665,334.665,1,seaweeds
18,2016,30.150000000000002,277.38000000000005,334.665,0.8288288288288289,seaweeds
18,2017,60.300000000000004,266.82750000000004,334.665,0.7972972972972974,seaweeds
18,2018,90.45,131.1525,334.665,0.3918918918918919,seaweeds
18,2019,90.45,67.8375,334.665,0.20270270270270271,seaweeds
18,2020,96.11820000000002,84.32955000000001,334.665,0.251981981981982,seaweeds
18,2021,44.019000000000005,80.25930000000001,334.665,0.23981981981981984,seaweeds
18,2022,36.18,66.6918,334.665,0.19927927927927927,seaweeds
18,2023,230.34600000000003,101.66580000000002,334.665,0.30378378378378385,seaweeds
20,2004,4878.6854,4878.6854,53764.24462745001,0.09074219183782833,seaweeds
20,2005,10641.643500000002,7760.164450000001,53764.24462745001,0.14433690092314533,seaweeds
20,2006,17280.586400000004,10933.638433333335,53764.24462745001,0.20336263457426182,seaweeds
20,2007,20326.506900000004,13281.855550000002,53764.24462745001,0.24703881998220772,seaweeds
20,2008,23539.384700000002,17947.030375000002,53764.24462745001,0.3338097744953143,seaweeds
20,2009,24473.371400000004,21404.96235,53764.24462745001,0.39812634769300614,seaweeds
20,2010,20785.1487,22281.102925000003,53764.24462745001,0.4144223187620887,seaweeds
20,2011,21543.086200000005,22585.247750000002,53764.24462745001,0.42007932793440234,seaweeds
20,2012,25578.6101,23095.0541,53764.24462745001,0.4295615842840007,seaweeds
20,2013,30406.509500000007,24578.338625000004,53764.24462745001,0.45715026399629216,seaweeds
20,2014,30260.0341,26947.059975000004,53764.24462745001,0.5012078224426842,seaweeds
20,2015,34985.142100000005,30307.573950000005,53764.24462745001,0.5637124479291222,seaweeds
20,2016,33274.9604,32231.661525000003,53764.24462745001,0.5994999417985634,seaweeds
20,2017,45764.7118,36071.212100000004,53764.24462745001,0.6709145148406567,seaweeds
20,2018,46958.29,40245.776075,53764.24462745001,0.7485602439665267,seaweeds
20,2019,53267.345,44816.3268,53764.24462745001,0.8335712165314876,seaweeds
20,2020,54878.59925700001,50217.236514250006,53764.24462745001,0.9340266354009364,seaweeds
20,2021,56649.58737650001,52938.455408375004,53764.24462745001,0.984640550150064,seaweeds
20,2022,49509.8669862,53576.349654925005,53764.24462745001,0.9965052057584555,seaweeds
20,2023,54018.92489010001,53764.24462745001,53764.24462745001,1,seaweeds
21,2004,29767.765000000003,29767.765000000003,40220.100000000006,0.7401216058637348,seaweeds
21,2005,29767.765000000003,29767.765000000003,40220.100000000006,0.7401216058637348,seaweeds
21,2006,29768.100000000002,29767.87666666667,40220.100000000006,0.7401243822533178,seaweeds
21,2007,29768.100000000002,29767.932500000003,40220.100000000006,0.7401257704481092,seaweeds
21,2008,29768.100000000002,29768.01625,40220.100000000006,0.7401278527402965,seaweeds
21,2009,29768.100000000002,29768.100000000002,40220.100000000006,0.7401299350324837,seaweeds
21,2010,29774.800000000003,29769.775,40220.100000000006,0.7401715808762285,seaweeds
21,2011,29774.800000000003,29771.450000000004,40220.100000000006,0.7402132267199734,seaweeds
21,2012,29774.800000000003,29773.125000000004,40220.100000000006,0.7402548725637181,seaweeds
21,2013,29781.5,29776.475000000002,40220.100000000006,0.7403381642512077,seaweeds
21,2014,33513.4,30711.125,40220.100000000006,0.7635765450608029,seaweeds
21,2015,33513.4,31645.775,40220.100000000006,0.786814925870398,seaweeds
21,2016,36870.100000000006,33419.600000000006,40220.100000000006,0.8309178743961353,seaweeds
21,2017,36870.100000000006,35191.75,40220.100000000006,0.8749791770781274,seaweeds
21,2018,40220.100000000006,36868.425,40220.100000000006,0.9166666666666666,seaweeds
21,2019,40220.100000000006,38545.100000000006,40220.100000000006,0.9583541562552057,seaweeds
21,2020,40220.100000000006,39382.600000000006,40220.100000000006,0.9791770781276029,seaweeds
21,2021,40220.100000000006,40220.100000000006,40220.100000000006,1,seaweeds
21,2022,40220.100000000006,40220.100000000006,40220.100000000006,1,seaweeds
21,2023,40220.100000000006,40220.100000000006,40220.100000000006,1,seaweeds
24,2004,10154.52,10154.52,1122.33375,1,seaweeds
24,2005,10854,10504.26,1122.33375,1,seaweeds
24,2006,4106.43,8371.65,1122.33375,1,seaweeds
24,2007,0,6278.7375,1122.33375,1,seaweeds
24,2008,0,3740.1075,1122.33375,1,seaweeds
24,2009,0,1026.6075,1122.33375,0.9147078576225656,seaweeds
24,2010,28.810000000000002,7.202500000000001,1122.33375,0.006417431534960078,seaweeds
24,2011,0,7.202500000000001,1122.33375,0.006417431534960078,seaweeds
24,2012,16.75,11.39,1122.33375,0.0101484963808671,seaweeds
24,2013,0,11.39,1122.33375,0.0101484963808671,seaweeds
24,2014,0,4.1875,1122.33375,0.003731064845907022,seaweeds
24,2015,120.60000000000001,34.337500000000006,1122.33375,0.030594731736437585,seaweeds
24,2016,1347.7050000000002,367.07625,1122.33375,0.3270651443922096,seaweeds
24,2017,603,517.8262500000001,1122.33375,0.46138347884486236,seaweeds
24,2018,1269.315,835.1550000000001,1122.33375,0.7441235728676965,seaweeds
24,2019,1269.315,1122.33375,1122.33375,1,seaweeds
24,2020,603,936.1575,1122.33375,0.8341168569509738,seaweeds
24,2021,603,936.1575,1122.33375,0.8341168569509738,seaweeds
24,2022,603,769.57875,1122.33375,0.6856950973807925,seaweeds
24,2023,603,603,1122.33375,0.5372733378106112,seaweeds
25,2004,121.94000000000001,121.94000000000001,510.5400000000001,0.23884514435695536,seaweeds
25,2005,348.40000000000003,235.17000000000002,510.5400000000001,0.4606299212598425,seaweeds
25,2006,1060.6100000000001,510.3166666666667,510.5400000000001,0.9995625546806649,seaweeds
25,2007,395.97,481.7300000000001,510.5400000000001,0.9435695538057742,seaweeds
25,2008,440.19000000000005,561.2925,510.5400000000001,1,seaweeds
25,2009,326.29,555.7650000000001,510.5400000000001,1,seaweeds
25,2010,326.96000000000004,372.3525,510.5400000000001,0.7293307086614172,seaweeds
25,2011,307.53000000000003,350.24250000000006,510.5400000000001,0.6860236220472441,seaweeds
25,2012,310.88,317.915,510.5400000000001,0.6227034120734908,seaweeds
25,2013,485.08000000000004,357.6125,510.5400000000001,0.7004593175853018,seaweeds
25,2014,434.83000000000004,384.58000000000004,510.5400000000001,0.753280839895013,seaweeds
25,2015,625.7800000000001,464.14250000000004,510.5400000000001,0.9091207349081364,seaweeds
25,2016,496.47,510.5400000000001,510.5400000000001,1,seaweeds
25,2017,377.21000000000004,483.57250000000005,510.5400000000001,0.9471784776902886,seaweeds
25,2018,385.25,471.1775,510.5400000000001,0.9229002624671915,seaweeds
25,2019,235.773,373.67575,510.5400000000001,0.7319225721784776,seaweeds
25,2020,231.6927,307.481425,510.5400000000001,0.602267060367454,seaweeds
25,2021,250.79440000000002,275.877525,510.5400000000001,0.5403641732283464,seaweeds
25,2022,234.8819,238.2855,510.5400000000001,0.4667322834645669,seaweeds
25,2023,230.70780000000005,237.0192,510.5400000000001,0.46425196850393696,seaweeds
37,2004,0.067,0.067,1.7721500000000001,0.03780718336483932,seaweeds
37,2005,0.067,0.067,1.7721500000000001,0.03780718336483932,seaweeds
37,2006,0,0.04466666666666667,1.7721500000000001,0.02520478890989288,seaweeds
37,2007,0,0.0335,1.7721500000000001,0.01890359168241966,seaweeds
37,2008,0,0.01675,1.7721500000000001,0.00945179584120983,seaweeds
37,2009,0,0,1.7721500000000001,0,seaweeds
37,2010,0,0,1.7721500000000001,0,seaweeds
37,2011,0,0,1.7721500000000001,0,seaweeds
37,2012,0,0,1.7721500000000001,0,seaweeds
37,2013,0,0,1.7721500000000001,0,seaweeds
37,2014,0.067,0.01675,1.7721500000000001,0.00945179584120983,seaweeds
37,2015,0.067,0.0335,1.7721500000000001,0.01890359168241966,seaweeds
37,2016,0.067,0.05025,1.7721500000000001,0.02835538752362949,seaweeds
37,2017,0,0.05025,1.7721500000000001,0.02835538752362949,seaweeds
37,2018,0.067,0.05025,1.7721500000000001,0.02835538752362949,seaweeds
37,2019,6.365,1.6247500000000001,1.7721500000000001,0.9168241965973535,seaweeds
37,2020,0.41540000000000005,1.71185,1.7721500000000001,0.9659735349716446,seaweeds
37,2021,0.2412,1.7721500000000001,1.7721500000000001,1,seaweeds
37,2022,0.067,1.7721500000000001,1.7721500000000001,1,seaweeds
37,2023,0.046900000000000004,0.19262500000000002,1.7721500000000001,0.10869565217391304,seaweeds
40,2004,6.097,6.097,990.472725,0.0061556465373642675,seaweeds
40,2005,14.137000000000002,10.117,990.472725,0.010214314583978071,seaweeds
40,2006,26.867,15.700333333333335,990.472725,0.015851353537608352,seaweeds
40,2007,10.787,14.472000000000001,990.472725,0.014611204967809691,seaweeds
40,2008,123.34700000000001,43.7845,990.472725,0.04420565947436867,seaweeds
40,2009,60.367,55.342,990.472725,0.05587433010838335,seaweeds
40,2010,59.697,63.5495,990.472725,0.06416077737021987,seaweeds
40,2011,44.287,71.9245,990.472725,0.07261633580066527,seaweeds
40,2012,20.837000000000003,46.297,990.472725,0.04674232700350229,seaweeds
40,2013,60.367,46.297,990.472725,0.04674232700350229,seaweeds
40,2014,89.914,53.85125,990.472725,0.05436924070776406,seaweeds
40,2015,3157.308,832.1065,990.472725,0.8401104634153354,seaweeds
40,2016,131.9967,859.896425,990.472725,0.8681676973992394,seaweeds
40,2017,459.00360000000006,959.555575,990.472725,0.9687854604981677,seaweeds
40,2018,213.58259999999999,990.472725,990.472725,1,seaweeds
40,2019,163.70244000000002,242.07133500000003,990.472725,0.24439979909593174,seaweeds
40,2020,279.71361,279.0005625,990.472725,0.28168424577264356,seaweeds
40,2021,144.5994,200.39951250000001,990.472725,0.2023271387912272,seaweeds
40,2022,179.75430000000003,191.9424375,990.472725,0.19378871588816343,seaweeds
40,2023,1146.8457,437.72825250000005,990.472725,0.4419387242591663,seaweeds
41,2004,610.236,610.236,0,1,seaweeds
41,2005,238.788,424.512,0,1,seaweeds
41,2006,99.495,316.173,0,1,seaweeds
41,2007,457.677,351.549,0,1,seaweeds
41,2008,464.31,315.0675,0,1,seaweeds
41,2009,152.559,293.51025,0,1,seaweeds
41,2010,0,268.6365,0,1,seaweeds
41,2011,0,154.21725,0,1,seaweeds
41,2012,0,38.13975,0,1,seaweeds
41,2013,0,0,0,0,seaweeds
41,2014,0,0,0,0,seaweeds
41,2015,0,0,0,0,seaweeds
41,2016,0,0,0,0,seaweeds
41,2017,0,0,0,0,seaweeds
41,2018,0,0,0,0,seaweeds
41,2019,0,0,0,0,seaweeds
41,2020,0,0,0,0,seaweeds
41,2021,0,0,0,0,seaweeds
41,2022,0,0,0,0,seaweeds
41,2023,0,0,0,0,seaweeds
42,2004,482.40000000000003,482.40000000000003,9549.392917500001,0.05051630026825734,seaweeds
42,2005,542.7,512.5500000000001,9549.392917500001,0.053673569035023426,seaweeds
42,2006,3195.9,1407,9549.392917500001,0.14733920911575055,seaweeds
42,2007,2200.9500000000003,1605.4875000000002,9549.392917500001,0.16812456183029395,seaweeds
42,2008,2200.9500000000003,2035.1250000000002,9549.392917500001,0.21311564175671066,seaweeds
42,2009,2170.8,2442.15,9549.392917500001,0.25573877010805274,seaweeds
42,2010,2412,2246.175,9549.392917500001,0.23521652312407323,seaweeds
42,2011,1024.497,1952.06175,9549.392917500001,0.20441736630427007,seaweeds
42,2012,844.2,1612.87425,9549.392917500001,0.16889809267815165,seaweeds
42,2013,2155.725,1609.1055000000001,9549.392917500001,0.1685034340823059,seaweeds
42,2014,4202.91,2056.833,9549.392917500001,0.21538887526878223,seaweeds
42,2015,9272.331000000002,4118.7915,9549.392917500001,0.4313144862279147,seaweeds
42,2016,10506.069000000001,6534.258750000001,9549.392917500001,0.6842590734773795,seaweeds
42,2017,10496.541600000002,8619.462900000002,9549.392917500001,0.9026189386556888,seaweeds
42,2018,3218.2110000000002,8373.288150000002,9549.392917500001,0.8768398391750437,seaweeds
42,2019,5345.34777,7391.542342500001,9549.392917500001,0.774032695728168,seaweeds
42,2020,4874.95953,5983.764975000001,9549.392917500001,0.626612081699381,seaweeds
42,2021,7029.774000000001,5117.073075,9549.392917500001,0.5358532337299231,seaweeds
42,2022,9537.319350000002,6696.850162500001,9549.392917500001,0.7012854346193573,seaweeds
42,2023,16755.518790000002,9549.392917500001,9549.392917500001,1,seaweeds
43,2004,0,0,612.0450000000001,0,seaweeds
43,2005,804,402,612.0450000000001,0.6568144499178982,seaweeds
43,2006,0.67,268.22333333333336,612.0450000000001,0.4382411968618865,seaweeds
43,2007,0.67,201.335,612.0450000000001,0.32895457033388065,seaweeds
43,2008,0,201.335,612.0450000000001,0.32895457033388065,seaweeds
43,2009,0,0.335,612.0450000000001,5.473453749315818e-4,seaweeds
43,2010,24.12,6.197500000000001,612.0450000000001,0.010125889436234263,seaweeds
43,2011,96.48,30.150000000000002,612.0450000000001,0.04926108374384236,seaweeds
43,2012,241.20000000000002,90.45,612.0450000000001,0.14778325123152708,seaweeds
43,2013,241.20000000000002,150.75,612.0450000000001,0.2463054187192118,seaweeds
43,2014,241.20000000000002,205.02,612.0450000000001,0.33497536945812806,seaweeds
43,2015,180.9,226.125,612.0450000000001,0.36945812807881767,seaweeds
43,2016,211.05,218.5875,612.0450000000001,0.3571428571428571,seaweeds
43,2017,307.53000000000003,235.17000000000002,612.0450000000001,0.3842364532019704,seaweeds
43,2018,385.92,271.35,612.0450000000001,0.44334975369458124,seaweeds
43,2019,458.28000000000003,340.69500000000005,612.0450000000001,0.5566502463054187,seaweeds
43,2020,512.5500000000001,416.07000000000005,612.0450000000001,0.6798029556650246,seaweeds
43,2021,621.09,494.46000000000004,612.0450000000001,0.8078817733990148,seaweeds
43,2022,639.1800000000001,557.7750000000001,612.0450000000001,0.9113300492610837,seaweeds
43,2023,675.36,612.0450000000001,612.0450000000001,1,seaweeds
50,2005,13.4,13.4,0,1,seaweeds
50,2006,0,6.7,0,1,seaweeds
50,2007,0,4.466666666666667,0,1,seaweeds
50,2008,0,3.35,0,1,seaweeds
50,2009,0.67,0.1675,0,1,seaweeds
50,2010,0,0.1675,0,1,seaweeds
50,2011,0,0.1675,0,1,seaweeds
50,2012,0,0.1675,0,1,seaweeds
50,2013,0,0,0,0,seaweeds
50,2014,0,0,0,0,seaweeds
50,2015,0,0,0,0,seaweeds
50,2016,0,0,0,0,seaweeds
50,2017,0,0,0,0,seaweeds
50,2018,0,0,0,0,seaweeds
50,2019,0,0,0,0,seaweeds
50,2020,0,0,0,0,seaweeds
50,2021,0,0,0,0,seaweeds
50,2022,0,0,0,0,seaweeds
50,2023,0,0,0,0,seaweeds
52,2018,4.69,4.69,4.71345,0.9950248756218907,seaweeds
52,2019,4.7369,4.71345,4.71345,1,seaweeds
52,2020,3.4438000000000004,4.290233333333334,4.71345,0.9102108505093581,seaweeds
52,2021,3.3969000000000005,4.0669,4.71345,0.8628287135749824,seaweeds
52,2022,2.4857,3.5158250000000004,4.71345,0.7459132906894101,seaweeds
52,2023,4.2679,3.398575,4.71345,0.7210376687988629,seaweeds
53,2004,0.067,0.067,11.7317,0.005711022272986865,seaweeds
53,2005,0,0.0335,11.7317,0.0028555111364934327,seaweeds
53,2006,0,0.022333333333333334,11.7317,0.0019036740909956216,seaweeds
53,2007,29.48,7.38675,11.7317,0.6296402055968019,seaweeds
53,2008,0,7.37,11.7317,0.6282124500285551,seaweeds
53,2009,24.12,13.4,11.7317,1,seaweeds
53,2010,0.067,13.41675,11.7317,1,seaweeds
53,2011,0,6.04675,11.7317,0.5154197601370646,seaweeds
53,2012,0,6.04675,11.7317,0.5154197601370646,seaweeds
53,2013,0,0.01675,11.7317,0.0014277555682467163,seaweeds
53,2014,0,0,11.7317,0,seaweeds
53,2015,3.35,0.8375,11.7317,0.0713877784123358,seaweeds
53,2016,2.68,1.5075,11.7317,0.12849800114220447,seaweeds
53,2017,6.03,3.015,11.7317,0.25699600228440894,seaweeds
53,2018,0.67,3.1825,11.7317,0.2712735579668761,seaweeds
53,2019,4.9781,3.589525,11.7317,0.30596801827527126,seaweeds
53,2020,0,2.919525,11.7317,0.24885779554540263,seaweeds
53,2021,17.178800000000003,5.7067250000000005,11.7317,0.4864363221016562,seaweeds
53,2022,24.7699,11.7317,11.7317,1,seaweeds
53,2023,4.5158000000000005,11.616125,11.7317,0.9901484865790977,seaweeds
54,2004,2.68,2.68,27.418075,0.09774573889669497,seaweeds
54,2005,0,1.34,27.418075,0.048872869448347483,seaweeds
54,2006,56.28,19.653333333333332,27.418075,0.7168020852424297,seaweeds
54,2007,0,14.74,27.418075,0.5376015639318223,seaweeds
54,2008,0.67,14.2375,27.418075,0.519274237888692,seaweeds
54,2009,83.75,35.175,27.418075,1,seaweeds
54,2010,36.18,30.15,27.418075,1,seaweeds
54,2011,15.41,34.0025,27.418075,1,seaweeds
54,2012,0,33.835,27.418075,1,seaweeds
54,2013,0,12.8975,27.418075,0.4704013684403446,seaweeds
54,2014,0,3.8525,27.418075,0.140509499663999,seaweeds
54,2015,0,0,27.418075,0,seaweeds
54,2016,0,0,27.418075,0,seaweeds
54,2017,0,0,27.418075,0,seaweeds
54,2018,12.06,3.015,27.418075,0.10996395625878184,seaweeds
54,2019,26.3712,9.607800000000001,27.418075,0.3504184739446515,seaweeds
54,2020,24.347800000000003,15.69475,27.418075,0.5724234834137699,seaweeds
54,2021,37.3793,25.039575000000003,27.418075,0.9132506567291833,seaweeds
54,2022,21.574,27.418075,27.418075,1,seaweeds
54,2023,15.5775,24.71965,27.418075,0.9015822591483903,seaweeds
59,2004,225.79000000000002,225.79000000000002,399.57795000000004,0.5650712207718168,seaweeds
59,2005,919.24,572.515,399.57795000000004,1,seaweeds
59,2006,243.88000000000002,462.97,399.57795000000004,1,seaweeds
59,2007,149.41,384.58000000000004,399.57795000000004,0.9624655214333023,seaweeds
59,2008,239.86,388.0975,399.57795000000004,0.9712685597390947,seaweeds
59,2009,206.36,209.8775,399.57795000000004,0.525247952245613,seaweeds
59,2010,233.16000000000003,207.19750000000002,399.57795000000004,0.5185408754411999,seaweeds
59,2011,247.9,231.82000000000002,399.57795000000004,0.5801621435817467,seaweeds
59,2012,219.76000000000002,226.79500000000002,399.57795000000004,0.5675863745734718,seaweeds
59,2013,395.3,274.03000000000003,399.57795000000004,0.6857986032512555,seaweeds
59,2014,452.25,328.8025,399.57795000000004,0.8228744854414514,seaweeds
59,2015,322.94,347.5625,399.57795000000004,0.8698240230723441,seaweeds
59,2016,288.77000000000004,364.815,399.57795000000004,0.9130008300007545,seaweeds
59,2017,334.33000000000004,349.5725,399.57795000000004,0.874854330675654,seaweeds
59,2018,353.09000000000003,324.7825,399.57795000000004,0.8128138702348315,seaweeds
59,2019,386.925,340.77875000000006,399.57795000000004,0.8528467349111732,seaweeds
59,2020,519.6319000000001,398.49422500000003,399.57795000000004,0.9972878258172153,seaweeds
59,2021,338.66490000000005,399.57795000000004,399.57795000000004,1,seaweeds
59,2022,331.7036,394.23135,399.57795000000004,0.9866193817751955,seaweeds
59,2023,193.0404,345.76020000000005,399.57795000000004,0.8653135139213763,seaweeds
61,2004,1.34,1.34,64.36355,0.020819236974964867,seaweeds
61,2005,273.36,137.35,64.36355,1,seaweeds
61,2006,121.27000000000001,131.99,64.36355,1,seaweeds
61,2007,89.11,121.27000000000001,64.36355,1,seaweeds
61,2008,24.12,126.965,64.36355,1,seaweeds
61,2009,36.85,67.8375,64.36355,1,seaweeds
61,2010,44.220000000000006,48.575,64.36355,0.7546973403424765,seaweeds
61,2011,30.150000000000002,33.835,64.36355,0.5256857336178629,seaweeds
61,2012,2.747,28.491750000000003,64.36355,0.4426690261801905,seaweeds
61,2013,0.7370000000000001,19.463500000000003,64.36355,0.30239941706136475,seaweeds
61,2014,36.85,17.621000000000002,64.36355,0.273772966220788,seaweeds
61,2015,71.02000000000001,27.838500000000003,64.36355,0.43251964815489513,seaweeds
61,2016,87.837,49.111000000000004,64.36355,0.7630250351324624,seaweeds
61,2017,56.28,62.996750000000006,64.36355,0.9787643782855359,seaweeds
61,2018,42.3172,64.36355,64.36355,1,seaweeds
61,2019,47.15460000000001,58.397200000000005,64.36355,0.907302347368969,seaweeds
61,2020,22.5656,42.079350000000005,64.36355,0.6537760891063343,seaweeds
61,2021,51.59,40.906850000000006,64.36355,0.6355592567532401,seaweeds
61,2022,55.96510000000001,44.318825000000004,64.36355,0.6885702389007443,seaweeds
61,2023,72.8558,50.744125000000004,64.36355,0.7883984801957008,seaweeds
62,2004,4588.83,4588.83,2936.4425,1,seaweeds
62,2005,6429.990000000001,5509.41,2936.4425,1,seaweeds
62,2006,5405.56,5474.793333333334,2936.4425,1,seaweeds
62,2007,4268.570000000001,5173.2375,2936.4425,1,seaweeds
62,2008,3534.92,4909.76,2936.4425,1,seaweeds
62,2009,3766.07,4243.780000000001,2936.4425,1,seaweeds
62,2010,3864.5600000000004,3858.53,2936.4425,1,seaweeds
62,2011,2163.4300000000003,3332.2450000000003,2936.4425,1,seaweeds
62,2012,3100.76,3223.7050000000004,2936.4425,1,seaweeds
62,2013,3601.25,3182.5,2936.4425,1,seaweeds
62,2014,2812.6600000000003,2919.525,2936.4425,0.9942387770235582,seaweeds
62,2015,2231.1,2936.4425,2936.4425,1,seaweeds
62,2016,2306.877,2737.97175,2936.4425,0.9324111573783583,seaweeds
62,2017,1992.6470000000002,2335.821,2936.4425,0.7954594717928241,seaweeds
62,2018,1851.277,2095.47525,2936.4425,0.713610176259198,seaweeds
62,2019,2277.6717000000003,2107.118175,2936.4425,0.7175751525868461,seaweeds
62,2020,1693.8002000000001,1953.848975,2936.4425,0.6653796132565171,seaweeds
62,2021,1721.9603000000002,1886.1773000000003,2936.4425,0.6423341509326337,seaweeds
62,2022,1910.4447,1900.9692250000003,2936.4425,0.6473715133192631,seaweeds
62,2023,2696.88649674023,2005.7729241850575,2936.4425,0.6830622170143149,seaweeds
66,2004,36.85,36.85,17.47025,1,seaweeds
66,2005,9.38,23.115000000000002,17.47025,1,seaweeds
66,2006,7.37,17.866666666666667,17.47025,1,seaweeds
66,2007,0.067,13.41675,17.47025,0.7679769894534996,seaweeds
66,2008,0,4.20425,17.47025,0.24065196548418025,seaweeds
66,2009,16.75,6.04675,17.47025,0.3461169702780441,seaweeds
66,2010,17.42,8.55925,17.47025,0.4899328859060403,seaweeds
66,2011,12.73,11.725000000000001,17.47025,0.6711409395973155,seaweeds
66,2012,30.150000000000002,19.262500000000003,17.47025,1,seaweeds
66,2013,24.12,21.105,17.47025,1,seaweeds
66,2014,0,16.75,17.47025,0.9587727708533078,seaweeds
66,2015,4.0200000000000005,14.572500000000002,17.47025,0.8341323106423778,seaweeds
66,2016,21.44,12.395000000000001,17.47025,0.7094918504314478,seaweeds
66,2017,20.1,11.39,17.47025,0.6519654841802494,seaweeds
66,2018,16.75,15.5775,17.47025,0.8916586768935763,seaweeds
66,2019,11.591000000000001,17.47025,17.47025,1,seaweeds
66,2020,0,12.11025,17.47025,0.6931927133269415,seaweeds
66,2021,0,7.08525,17.47025,0.4055608820709492,seaweeds
66,2022,0.26130000000000003,2.9630750000000003,17.47025,0.16960690316395016,seaweeds
66,2023,0.804,0.26632500000000003,17.47025,0.015244487056567595,seaweeds
68,2017,0.067,0.067,7.059566666666668,0.009490667510281556,seaweeds
68,2018,0.067,0.067,7.059566666666668,0.009490667510281556,seaweeds
68,2019,21.044700000000002,7.059566666666668,7.059566666666668,1,seaweeds
68,2020,0,5.294675000000001,7.059566666666668,0.75,seaweeds
68,2021,0,5.277925000000001,7.059566666666668,0.7476273331224296,seaweeds
68,2022,0,5.261175000000001,7.059566666666668,0.7452546662448591,seaweeds
68,2023,0,0,7.059566666666668,0,seaweeds
69,2004,10.301575586092099,10.301575586092099,149.525575,0.06889507421116488,seaweeds
69,2005,1.4070000000000003,5.8542877930460495,149.525575,0.039152417859259527,seaweeds
69,2006,0.7370000000000001,4.148525195364033,149.525575,0.027744586137615806,seaweeds
69,2007,0.7370000000000001,3.295643896523025,149.525575,0.02204067027679395,seaweeds
69,2008,4.69,1.8927500000000002,149.525575,0.012658369646797882,seaweeds
69,2009,4.757,2.73025,149.525575,0.01825941816308013,seaweeds
69,2010,28.810000000000002,9.7485,149.525575,0.06519620472952536,seaweeds
69,2011,40.2,19.614250000000002,149.525575,0.13117655625133026,seaweeds
69,2012,44.89,29.664250000000003,149.525575,0.19838913844671724,seaweeds
69,2013,74.37,47.0675,149.525575,0.31477892661506235,seaweeds
69,2014,65.66000000000001,56.28,149.525575,0.37639046029416706,seaweeds
69,2015,82.41000000000001,66.83250000000001,149.525575,0.44696367159932343,seaweeds
69,2016,66.33,72.19250000000001,149.525575,0.48281038210352983,seaweeds
69,2017,44.89,64.8225,149.525575,0.43352115516024603,seaweeds
69,2018,113.9,76.88250000000001,149.525575,0.5141762537947104,seaweeds
69,2019,68.9095,73.507375,149.525575,0.4916040282740929,seaweeds
69,2020,56.8897,71.1473,149.525575,0.47582027355520956,seaweeds
69,2021,76.57430000000001,79.068375,149.525575,0.528794990422207,seaweeds
69,2022,194.33350000000002,99.17675,149.525575,0.6632761652981438,seaweeds
69,2023,270.3048,149.525575,149.525575,1,seaweeds
70,2004,215.07000000000002,215.07000000000002,4.3885000000000005,1,seaweeds
70,2005,89.78,152.425,4.3885000000000005,1,seaweeds
70,2006,95.14,133.33,4.3885000000000005,1,seaweeds
70,2007,202.34,150.5825,4.3885000000000005,1,seaweeds
70,2008,159.46,136.68,4.3885000000000005,1,seaweeds
70,2009,13.4,117.58500000000001,4.3885000000000005,1,seaweeds
70,2010,61.64,109.21000000000001,4.3885000000000005,1,seaweeds
70,2011,6.097,60.14925,4.3885000000000005,1,seaweeds
70,2012,3.35,21.12175,4.3885000000000005,1,seaweeds
70,2013,7.37,19.614250000000002,4.3885000000000005,1,seaweeds
70,2014,0.7370000000000001,4.3885000000000005,4.3885000000000005,1,seaweeds
70,2015,0.20100000000000004,2.9145,4.3885000000000005,0.66412213740458,seaweeds
70,2016,1.4070000000000003,2.42875,4.3885000000000005,0.5534351145038168,seaweeds
70,2017,2.0770000000000004,1.1055000000000001,4.3885000000000005,0.2519083969465649,seaweeds
70,2018,1.4070000000000003,1.2730000000000001,4.3885000000000005,0.2900763358778626,seaweeds
70,2019,0.26130000000000003,1.2880750000000003,4.3885000000000005,0.2935114503816794,seaweeds
70,2020,0.7437000000000001,1.1222500000000002,4.3885000000000005,0.2557251908396947,seaweeds
70,2021,2.1708000000000003,1.1457000000000002,4.3885000000000005,0.26106870229007634,seaweeds
70,2022,0.6097,0.9463750000000001,4.3885000000000005,0.21564885496183206,seaweeds
70,2023,3.6180000000000003,1.7855500000000002,4.3885000000000005,0.4068702290076336,seaweeds
71,2004,0.067,0.067,53.651925000000006,0.0012487902344603665,seaweeds
71,2005,0,0.0335,53.651925000000006,6.243951172301833e-4,seaweeds
71,2006,0,0.022333333333333334,53.651925000000006,4.162634114867888e-4,seaweeds
71,2007,9.948622129283605,2.503905532320901,53.651925000000006,0.04666944442945711,seaweeds
71,2008,0,2.487155532320901,53.651925000000006,0.04635724687084202,seaweeds
71,2009,3.35,3.324655532320901,53.651925000000006,0.0619671248015966,seaweeds
71,2010,5.36,4.664655532320901,53.651925000000006,0.08694292949080393,seaweeds
71,2011,3.35,3.015,53.651925000000006,0.05619556055071649,seaweeds
71,2012,1.34,3.35,53.651925000000006,0.06243951172301832,seaweeds
71,2013,1.34,2.8475,53.651925000000006,0.05307358496456557,seaweeds
71,2014,2.68,2.1775,53.651925000000006,0.04058568261996191,seaweeds
71,2015,4.0200000000000005,2.345,53.651925000000006,0.043707658206112825,seaweeds
71,2016,5.4270000000000005,3.36675,53.651925000000006,0.06275170928163341,seaweeds
71,2017,3.35,3.86925,53.651925000000006,0.07211763604008616,seaweeds
71,2018,4.69,4.3717500000000005,53.651925000000006,0.08148356279853891,seaweeds
71,2019,22.6125,9.019875,53.651925000000006,0.16811838531422685,seaweeds
71,2020,35.443,16.523875,53.651925000000006,0.3079828915737879,seaweeds
71,2021,42.94030000000001,26.42145,53.651925000000006,0.4924604289594455,seaweeds
71,2022,56.90310000000001,39.47472500000001,53.651925000000006,0.7357559863881865,seaweeds
71,2023,79.32130000000001,53.651925000000006,53.651925000000006,1,seaweeds
72,2004,1.34,1.34,181.64889057740982,0.007376868615825418,seaweeds
72,2005,2.0100000000000002,1.6750000000000003,181.64889057740982,0.009221085769781773,seaweeds
72,2006,0.134,1.1613333333333333,181.64889057740982,0.006393286133715362,seaweeds
72,2007,0.67,1.0385,181.64889057740982,0.005717073177264699,seaweeds
72,2008,0.67,0.8710000000000001,181.64889057740982,0.004794964600286522,seaweeds
72,2009,10.72,3.0485,181.64889057740982,0.01678237610100283,seaweeds
72,2010,154.10000000000002,41.540000000000006,181.64889057740982,0.228682927090588,seaweeds
72,2011,721.59,221.77,181.64889057740982,1,seaweeds
72,2012,0,221.60250000000002,181.64889057740982,1,seaweeds
72,2013,2.2585623096392164,219.4871405774098,181.64889057740982,1,seaweeds
72,2014,2.747,181.64889057740982,181.64889057740982,1,seaweeds
72,2015,0.134,1.284890577409804,181.64889057740982,0.007073484309898645,seaweeds
72,2016,4.087,2.306640577409804,181.64889057740982,0.012698346629465528,seaweeds
72,2017,5.4270000000000005,3.09875,181.64889057740982,0.01705900867409628,seaweeds
72,2018,0.20100000000000004,2.46225,181.64889057740982,0.013554996081579207,seaweeds
72,2019,0.2278,2.4857,181.64889057740982,0.013684091282356151,seaweeds
72,2020,0.1407,1.499125,181.64889057740982,0.008252871763954686,seaweeds
72,2021,0.4757,0.26130000000000003,181.64889057740982,0.0014384893800859567,seaweeds
72,2022,0.5427000000000001,0.346725,181.64889057740982,0.001908764754344827,seaweeds
72,2023,1.273,0.608025,181.64889057740982,0.003347254134430784,seaweeds
73,2004,129.98000000000002,129.98000000000002,9386.616250000001,0.013847375511915703,seaweeds
73,2005,82.075,106.0275,9386.616250000001,0.011295603993611647,seaweeds
73,2006,274.03000000000003,162.02833333333336,9386.616250000001,0.017261633907035813,seaweeds
73,2007,100.5,146.64625,9386.616250000001,0.015622908841085305,seaweeds
73,2008,87.10000000000001,135.92625,9386.616250000001,0.014480857252473701,seaweeds
73,2009,247.56500000000003,177.29875,9386.616250000001,0.018888462602271613,seaweeds
73,2010,205.69000000000003,160.21375,9386.616250000001,0.017068317882921867,seaweeds
73,2011,275.035,203.84750000000003,9386.616250000001,0.02171682473969254,seaweeds
73,2012,530.64,314.7325,9386.616250000001,0.03352992085939382,seaweeds
73,2013,215.07000000000002,306.60875,9386.616250000001,0.032664459889899085,seaweeds
73,2014,799.3100000000001,455.01375,9386.616250000001,0.04847473656974098,seaweeds
73,2015,682.0600000000001,556.77,9386.616250000001,0.05931530438351519,seaweeds
73,2016,810.7,626.7850000000001,9386.616250000001,0.06677432882163474,seaweeds
73,2017,508.19500000000005,700.0662500000001,9386.616250000001,0.07458132210315938,seaweeds
73,2018,1516.545,879.375,9386.616250000001,0.09368391937829566,seaweeds
73,2019,3541.9550000000004,1594.34875,9386.616250000001,0.16985340697186804,seaweeds
73,2020,6978.72,3136.35375,9386.616250000001,0.3341303901712185,seaweeds
73,2021,7994.1050000000005,5007.83125,9386.616250000001,0.5335076151643037,seaweeds
73,2022,9599.09,7028.467500000001,9386.616250000001,0.7487754173395551,seaweeds
73,2023,12974.550000000001,9386.616250000001,9386.616250000001,1,seaweeds
74,2012,0.067,0.067,0.18425000000000002,0.3636363636363636,seaweeds
74,2013,0,0.0335,0.18425000000000002,0.1818181818181818,seaweeds
74,2014,0,0.022333333333333334,0.18425000000000002,0.1212121212121212,seaweeds
74,2015,0,0.01675,0.18425000000000002,0.0909090909090909,seaweeds
74,2016,0,0,0.18425000000000002,0,seaweeds
74,2017,0,0,0.18425000000000002,0,seaweeds
74,2018,0,0,0.18425000000000002,0,seaweeds
74,2019,0.335,0.08375,0.18425000000000002,0.45454545454545453,seaweeds
74,2020,0,0.08375,0.18425000000000002,0.45454545454545453,seaweeds
74,2021,0.268,0.15075,0.18425000000000002,0.818181818181818,seaweeds
74,2022,0.134,0.18425000000000002,0.18425000000000002,1,seaweeds
74,2023,0.134,0.134,0.18425000000000002,0.7272727272727272,seaweeds
75,2004,14.74,14.74,25.277425,0.5831290172950765,seaweeds
75,2005,4.69,9.715,25.277425,0.38433503412630043,seaweeds
75,2006,3.35,7.593333333333334,25.277425,0.30039979678837275,seaweeds
75,2007,14.07,9.2125,25.277425,0.36445563580942286,seaweeds
75,2008,9.38,7.8725000000000005,25.277425,0.3114439069644159,seaweeds
75,2009,4.69,7.8725000000000005,25.277425,0.3114439069644159,seaweeds
75,2010,2.747,7.72175,25.277425,0.30548008746935257,seaweeds
75,2011,1.34,4.53925,25.277425,0.17957723146246107,seaweeds
75,2012,0.7370000000000001,2.3785000000000003,25.277425,0.09409581869988735,seaweeds
75,2013,4.757,2.39525,25.277425,0.09475846531044993,seaweeds
75,2014,2.747,2.39525,25.277425,0.09475846531044993,seaweeds
75,2015,6.164,3.60125,25.277425,0.14246902127095618,seaweeds
75,2016,14.807000000000002,7.11875,25.277425,0.28162480948909946,seaweeds
75,2017,14.07,9.447000000000001,25.277425,0.37373268835729906,seaweeds
75,2018,20.1,13.785250000000001,25.277425,0.5453581604930091,seaweeds
75,2019,26.7397,18.929175,25.277425,0.7488569345967795,seaweeds
75,2020,28.702800000000003,22.403125000000003,25.277425,0.8862898416274602,seaweeds
75,2021,25.5672,25.277425,25.277425,1,seaweeds
75,2022,13.8824,23.723025,25.277425,0.9385063945397919,seaweeds
75,2023,14.076700000000002,20.557275,25.277425,0.8132661851434629,seaweeds
76,2004,6.767,6.767,46.479575000000004,0.14559083210205773,seaweeds
76,2005,5.36,6.0635,46.479575000000004,0.13045515153699233,seaweeds
76,2006,28.14,13.422333333333334,46.479575000000004,0.28877917522553365,seaweeds
76,2007,8.107000000000001,12.0935,46.479575000000004,0.2601895563804101,seaweeds
76,2008,10.72,13.081750000000001,46.479575000000004,0.2814515838408591,seaweeds
76,2009,0.67,11.90925,46.479575000000004,0.2562254495657501,seaweeds
76,2010,6.097,6.3985,46.479575000000004,0.13766261847273775,seaweeds
76,2011,21.44,9.73175,46.479575000000004,0.20937691448340479,seaweeds
76,2012,2.0100000000000002,7.554250000000001,46.479575000000004,0.1625283794010595,seaweeds
76,2013,3.35,8.224250000000001,46.479575000000004,0.1769433132725504,seaweeds
76,2014,4.69,7.8725000000000005,46.479575000000004,0.16937547299001765,seaweeds
76,2015,1.4740000000000002,2.8810000000000002,46.479575000000004,0.06198421564741072,seaweeds
76,2016,4.69,3.551,46.479575000000004,0.07639914951890157,seaweeds
76,2017,18.09,7.236000000000001,46.479575000000004,0.15568128581210133,seaweeds
76,2018,68.34,23.148500000000002,46.479575000000004,0.49803596526000937,seaweeds
76,2019,1.5611,23.170275,46.479575000000004,0.49850445061083276,seaweeds
76,2020,2.8207,22.70295,46.479575000000004,0.48845003423546796,seaweeds
76,2021,87.13350000000001,39.96382500000001,46.479575000000004,0.8598147680997514,seaweeds
76,2022,51.8111,35.8316,46.479575000000004,0.7709106634473314,seaweeds
76,2023,44.153,46.479575000000004,46.479575000000004,1,seaweeds
77,2014,2.0100000000000002,2.0100000000000002,4.269575000000001,0.47077285209886227,seaweeds
77,2015,0,1.0050000000000001,4.269575000000001,0.23538642604943114,seaweeds
77,2016,0,0.67,4.269575000000001,0.15692428403295408,seaweeds
77,2017,0,0.5025000000000001,4.269575000000001,0.11769321302471557,seaweeds
77,2018,0.12438496772314388,0.03109624193078597,4.269575000000001,0.007283217165827036,seaweeds
77,2019,0,0.03109624193078597,4.269575000000001,0.007283217165827036,seaweeds
77,2020,0.2814,0.10144624193078597,4.269575000000001,0.023760266989287213,seaweeds
77,2021,0,0.10144624193078597,4.269575000000001,0.023760266989287213,seaweeds
77,2022,16.6763,4.239425000000001,4.269575000000001,0.9929384072185171,seaweeds
77,2023,0.1206,4.269575000000001,4.269575000000001,1,seaweeds
78,2004,1.34,1.34,0.9160330729166667,1,seaweeds
78,2005,0.067,0.7035,0.9160330729166667,0.7679853717072056,seaweeds
78,2006,0.067,0.49133333333333334,0.9160330729166667,0.5363707357955086,seaweeds
78,2007,0.067,0.38525000000000004,0.9160330729166667,0.4205634178396602,seaweeds
78,2008,0.67,0.21775,0.9160330729166667,0.23770975790937315,seaweeds
78,2009,0.67,0.36850000000000005,0.9160330729166667,0.4022780518466315,seaweeds
78,2010,0.67,0.51925,0.9160330729166667,0.5668463457838898,seaweeds
78,2011,0.7370000000000001,0.6867500000000001,0.9160330729166667,0.7497000057141769,seaweeds
78,2012,0.804,0.7202500000000001,0.9160330729166667,0.7862707377002344,seaweeds
78,2013,0.134,0.58625,0.9160330729166667,0.6399878097560047,seaweeds
78,2014,0.20100000000000004,0.46900000000000003,0.9160330729166667,0.5119902478048037,seaweeds
78,2015,0.7412718212825192,0.47006795532062984,0.9160330729166667,0.5131560957989482,seaweeds
78,2016,0.20100000000000004,0.31931795532062984,0.9160330729166667,0.3485878018616898,seaweeds
78,2017,0.804,0.4868179553206298,0.9160330729166667,0.5314414617919768,seaweeds
78,2018,0.804,0.6375679553206298,0.9160330729166667,0.6960097557292352,seaweeds
78,2019,0.335,0.536,0.9160330729166667,0.5851317117769186,seaweeds
78,2020,0.083959375,0.50673984375,0.9160330729166667,0.5531894630578466,seaweeds
78,2021,1.0912625,0.5785554687500001,0.9160330729166667,0.6315879697529572,seaweeds
78,2022,1.5526552083333334,0.7657192708333334,0.9160330729166667,0.8359078874688102,seaweeds
78,2023,0.9362552083333334,0.9160330729166667,0.9160330729166667,1,seaweeds
79,2004,1589.24,1589.24,2197.6670000000004,0.7231486844913264,seaweeds
79,2005,552.75,1070.995,2197.6670000000004,0.4873327032712416,seaweeds
79,2006,1565.1200000000001,1235.7033333333334,2197.6670000000004,0.5622796052965864,seaweeds
79,2007,1005.067,1178.04425,2197.6670000000004,0.5360431084418157,seaweeds
79,2008,1005.0000000000001,1031.98425,2197.6670000000004,0.46958172006951,seaweeds
79,2009,1541.067,1279.0635,2197.6670000000004,0.5820096948263771,seaweeds
79,2010,3216.0670000000005,1691.8002500000002,2197.6670000000004,0.7698164690100912,seaweeds
79,2011,3135.6670000000004,2224.4502500000003,2197.6670000000004,1,seaweeds
79,2012,906.577,2199.8445,2197.6670000000004,1,seaweeds
79,2013,2460.3070000000002,2429.6545,2197.6670000000004,1,seaweeds
79,2014,2288.117,2197.6670000000004,2197.6670000000004,1,seaweeds
79,2015,2101.79,1939.19775,2197.6670000000004,0.8823892564251089,seaweeds
79,2016,1407.067,2064.32025,2197.6670000000004,0.9393234962348709,seaweeds
79,2017,394.02700000000004,1547.75025,2197.6670000000004,0.7042696868997895,seaweeds
79,2018,3484.67,1846.8885,2197.6670000000004,0.8403859638425657,seaweeds
79,2019,1991.1127000000001,1819.2191750000002,2197.6670000000004,0.8277956464741928,seaweeds
79,2020,1193.8529,1765.9156500000001,2197.6670000000004,0.8035410505777262,seaweeds
79,2021,167.17170000000002,1709.201825,2197.6670000000004,0.7777346727233925,seaweeds
79,2022,166.55530000000002,879.6731500000001,2197.6670000000004,0.40027590622237125,seaweeds
79,2023,120.4392,412.00477500000005,2197.6670000000004,0.18747370506996738,seaweeds
80,2004,0.67,0.67,12.333025000000001,0.054325682466385986,seaweeds
80,2005,0.67,0.67,12.333025000000001,0.054325682466385986,seaweeds
80,2006,2.0100000000000002,1.1166666666666667,12.333025000000001,0.0905428041106433,seaweeds
80,2007,0.134,0.8710000000000001,12.333025000000001,0.07062338720630178,seaweeds
80,2008,0.67,0.8710000000000001,12.333025000000001,0.07062338720630178,seaweeds
80,2009,0.134,0.7370000000000001,12.333025000000001,0.05975825071302458,seaweeds
80,2010,7.437,2.09375,12.333025000000001,0.1697677577074562,seaweeds
80,2011,2.0770000000000004,2.5795000000000003,12.333025000000001,0.20915387749558606,seaweeds
80,2012,2.747,3.0987500000000003,12.333025000000001,0.2512562814070352,seaweeds
80,2013,2.1998421527396665,3.615210538184917,12.333025000000001,0.2931325070844271,seaweeds
80,2014,2.0100000000000002,2.2584605381849165,12.333025000000001,0.18312300008999546,seaweeds
80,2015,8.107000000000001,3.765960538184917,12.333025000000001,0.30535578563936394,seaweeds
80,2016,2.0770000000000004,3.5984605381849173,12.333025000000001,0.2917743650227675,seaweeds
80,2017,2.747,3.7352500000000006,12.333025000000001,0.30286567975010187,seaweeds
80,2018,5.4270000000000005,4.5895,12.333025000000001,0.372130924894744,seaweeds
80,2019,6.6397,4.222675000000001,12.333025000000001,0.3423876137443977,seaweeds
80,2020,7.189100000000001,5.5007,12.333025000000001,0.4460138530490289,seaweeds
80,2021,15.503800000000002,8.689900000000002,12.333025000000001,0.7046041015890263,seaweeds
80,2022,14.411700000000002,10.936075,12.333025000000001,0.8867309520575852,seaweeds
80,2023,12.227500000000001,12.333025000000001,12.333025000000001,1,seaweeds
81,2013,0.67,0.67,0.8375,0.8,seaweeds
81,2014,0,0.335,0.8375,0.4,seaweeds
81,2015,0.67,0.4466666666666667,0.8375,0.5333333333333333,seaweeds
81,2016,0.67,0.5025000000000001,0.8375,0.6000000000000001,seaweeds
81,2017,1.34,0.67,0.8375,0.8,seaweeds
81,2018,0.67,0.8375,0.8375,1,seaweeds
81,2019,0.2826368626874083,0.7406592156718521,0.8375,0.88436921274251,seaweeds
81,2020,0.0201,0.5781842156718521,0.8375,0.69036921274251,seaweeds
81,2021,0,0.24318421567185208,0.8375,0.29036921274250993,seaweeds
81,2022,0.1943,0.12425921567185207,0.8375,0.14836921274250991,seaweeds
81,2023,0.1943,0.102175,0.8375,0.122,seaweeds
82,2014,0.67,0.67,0.67,1,seaweeds
82,2015,0.67,0.67,0.67,1,seaweeds
82,2016,0.067,0.46900000000000003,0.67,0.7,seaweeds
82,2017,0.067,0.36850000000000005,0.67,0.55,seaweeds
82,2018,0.067,0.21775,0.67,0.32499999999999996,seaweeds
82,2019,0.0804,0.07035,0.67,0.10499999999999998,seaweeds
82,2020,0.22110000000000002,0.108875,0.67,0.16249999999999998,seaweeds
82,2021,0.0335,0.1005,0.67,0.15,seaweeds
82,2022,0,0.08375,0.67,0.125,seaweeds
82,2023,0.0268,0.07035000000000001,0.67,0.10500000000000001,seaweeds
97,2017,1.34,1.34,4.358350000000001,0.3074558032282859,seaweeds
97,2018,4.040100000000001,2.6900500000000003,4.358350000000001,0.617217524980784,seaweeds
97,2019,3.5443000000000002,2.9748,4.358350000000001,0.6825518831667947,seaweeds
97,2020,5.829,3.6883500000000002,4.358350000000001,0.8462720983858569,seaweeds
97,2021,4.0200000000000005,4.358350000000001,4.358350000000001,1,seaweeds
97,2022,1.34,3.683325,4.358350000000001,0.8451191391237508,seaweeds
97,2023,1.34,3.13225,4.358350000000001,0.7186779400461183,seaweeds
101,2004,44.89,44.89,65.325,0.6871794871794872,seaweeds
101,2005,161.47,103.18,65.325,1,seaweeds
101,2006,49.580000000000005,85.31333333333333,65.325,1,seaweeds
101,2007,49.580000000000005,76.38,65.325,1,seaweeds
101,2008,93.13000000000001,88.44,65.325,1,seaweeds
101,2009,101.84,73.5325,65.325,1,seaweeds
101,2010,89.78,83.58250000000001,65.325,1,seaweeds
101,2011,65.325,87.51875000000001,65.325,1,seaweeds
101,2012,65.325,80.5675,65.325,1,seaweeds
101,2013,65.325,71.43875,65.325,1,seaweeds
101,2014,65.325,65.325,65.325,1,seaweeds
101,2015,65.325,65.325,65.325,1,seaweeds
101,2016,25.125,55.275000000000006,65.325,0.8461538461538463,seaweeds
101,2017,25.125,45.225,65.325,0.6923076923076923,seaweeds
101,2018,0.067,28.9105,65.325,0.4425641025641025,seaweeds
101,2019,0.5628,12.71995,65.325,0.19471794871794873,seaweeds
101,2020,0,6.4387,65.325,0.09856410256410256,seaweeds
101,2021,0.134,0.19095,65.325,0.002923076923076923,seaweeds
101,2022,0,0.1742,65.325,0.0026666666666666666,seaweeds
101,2023,16.0867,4.055175,65.325,0.06207692307692308,seaweeds
102,2004,968.9875000000001,968.9875000000001,1950.793775,0.49671447203587676,seaweeds
102,2005,1021.7500000000001,995.3687500000001,1950.793775,0.5102378133229383,seaweeds
102,2006,1021.7500000000001,1004.1625000000001,1950.793775,0.5147455937519588,seaweeds
102,2007,1021.7500000000001,1008.559375,1950.793775,0.516999483966469,seaweeds
102,2008,664.64,932.4725000000001,1950.793775,0.47799645044489647,seaweeds
102,2009,703.5,852.9100000000001,1950.793775,0.43721177037280634,seaweeds
102,2010,750.4000000000001,785.0725,1950.793775,0.4024374642060768,seaweeds
102,2011,670,697.135,1950.793775,0.35735965991587193,seaweeds
102,2012,670,698.475,1950.793775,0.35804655979077027,seaweeds
102,2013,603,673.35,1950.793775,0.345167187136426,seaweeds
102,2014,1258.93,800.4825000000001,1950.793775,0.41033681276740797,seaweeds
102,2015,630.47,790.6,1950.793775,0.4052709261900326,seaweeds
102,2016,960.7800000000001,863.2950000000001,1950.793775,0.44253524440326863,seaweeds
102,2017,775.19,906.3425000000001,1950.793775,0.46460190288437847,seaweeds
102,2018,652.58,754.7550000000001,1950.793775,0.38689635453650145,seaweeds
102,2019,721.7709,777.580225,1950.793775,0.3985968352805514,seaweeds
102,2020,1584.7175000000002,933.5646,1950.793775,0.47855627384293864,seaweeds
102,2021,2013.8994000000002,1243.24195,1950.793775,0.637300552181637,seaweeds
102,2022,2321.1547,1660.3856250000001,1950.793775,0.8511333418623401,seaweeds
102,2023,1883.4035000000001,1950.793775,1950.793775,1,seaweeds
106,2016,0.067,0.067,0.162475,0.41237113402061853,seaweeds
106,2017,0.067,0.067,0.162475,0.41237113402061853,seaweeds
106,2018,0,0.04466666666666667,0.162475,0.274914089347079,seaweeds
106,2019,0.0201,0.038525000000000004,0.162475,0.2371134020618557,seaweeds
106,2020,0.30820000000000003,0.09882500000000001,0.162475,0.6082474226804124,seaweeds
106,2021,0.1675,0.12395,0.162475,0.7628865979381443,seaweeds
106,2022,0.08710000000000001,0.14572500000000002,0.162475,0.8969072164948454,seaweeds
106,2023,0.08710000000000001,0.162475,0.162475,1,seaweeds
110,2017,5.4270000000000005,5.4270000000000005,10.1103,0.536779324055666,seaweeds
110,2018,14.1906,9.8088,10.1103,0.9701789264413518,seaweeds
110,2019,6.847400000000001,8.821666666666667,10.1103,0.8725425226419262,seaweeds
110,2020,5.36,7.956250000000001,10.1103,0.7869449966865474,seaweeds
110,2021,14.0432,10.1103,10.1103,1,seaweeds
110,2022,1.34,6.8976500000000005,10.1103,0.6822398939695162,seaweeds
110,2023,1.34,5.5208,10.1103,0.5460569913850232,seaweeds
112,2004,2.0100000000000002,2.0100000000000002,0,1,seaweeds
112,2005,0.67,1.34,0,1,seaweeds
112,2006,0.67,1.1166666666666667,0,1,seaweeds
112,2007,0,0.8375000000000001,0,1,seaweeds
112,2008,0,0.335,0,1,seaweeds
112,2009,2.0100000000000002,0.67,0,1,seaweeds
112,2010,0.67,0.67,0,1,seaweeds
112,2011,0,0.67,0,1,seaweeds
112,2012,0,0.67,0,1,seaweeds
112,2013,0,0.1675,0,1,seaweeds
112,2014,0,0,0,0,seaweeds
112,2015,0,0,0,0,seaweeds
112,2016,0,0,0,0,seaweeds
112,2017,0,0,0,0,seaweeds
112,2018,0,0,0,0,seaweeds
112,2019,0,0,0,0,seaweeds
112,2020,0,0,0,0,seaweeds
112,2021,0,0,0,0,seaweeds
112,2022,0,0,0,0,seaweeds
112,2023,0,0,0,0,seaweeds
115,2005,0.0201,0.0201,128.377025,1.5657007163080776e-4,seaweeds
115,2006,0,0.01005,128.377025,7.828503581540388e-5,seaweeds
115,2007,0.0201,0.0134,128.377025,1.0438004775387185e-4,seaweeds
115,2008,0.3819,0.10552500000000001,128.377025,8.219928760617409e-4,seaweeds
115,2009,0,0.1005,128.377025,7.828503581540388e-4,seaweeds
115,2010,0,0.1005,128.377025,7.828503581540388e-4,seaweeds
115,2011,0,0.095475,128.377025,7.437078402463369e-4,seaweeds
115,2012,4.4287,1.107175,128.377025,0.00862440144566366,seaweeds
115,2013,0.5025000000000001,1.2328000000000001,128.377025,0.00960296439335621,seaweeds
115,2014,1.0519,1.495775,128.377025,0.011651422830525945,seaweeds
115,2015,0.536,1.629775,128.377025,0.012695223308064663,seaweeds
115,2016,507.86,127.4876,128.377025,0.9930717743303368,seaweeds
115,2017,4.060200000000001,128.377025,128.377025,1,seaweeds
115,2018,0.335,128.1978,128.377025,0.9986039168612919,seaweeds
115,2019,0.3149,128.142525,128.377025,0.9981733491643072,seaweeds
115,2020,0.5628000000000001,1.3182250000000002,128.377025,0.010268387197787145,seaweeds
115,2021,1.0452000000000001,0.5644750000000001,128.377025,0.004397009511631852,seaweeds
115,2022,2.0904000000000003,1.003325,128.377025,0.007815456075571155,seaweeds
115,2023,0.67,1.0921,128.377025,0.008506973891940555,seaweeds
119,2008,0.067,0.067,1.3266,0.05050505050505051,seaweeds
119,2009,0,0.0335,1.3266,0.025252525252525256,seaweeds
119,2010,0.067,0.04466666666666667,1.3266,0.03367003367003367,seaweeds
119,2011,0,0.0335,1.3266,0.025252525252525256,seaweeds
119,2012,0.3614629528266741,0.10711573820666853,1.3266,0.08074456370169496,seaweeds
119,2013,0,0.10711573820666853,1.3266,0.08074456370169496,seaweeds
119,2014,0,0.09036573820666853,1.3266,0.06811830107543233,seaweeds
119,2015,0,0.09036573820666853,1.3266,0.06811830107543233,seaweeds
119,2016,0,0,1.3266,0,seaweeds
119,2017,0.067,0.01675,1.3266,0.012626262626262628,seaweeds
119,2018,0.6633,0.182575,1.3266,0.13762626262626262,seaweeds
119,2019,0.6633,0.3484,1.3266,0.2626262626262626,seaweeds
119,2020,1.3266,0.68005,1.3266,0.5126262626262627,seaweeds
119,2021,1.3266,0.99495,1.3266,0.75,seaweeds
119,2022,1.3266,1.1607750000000001,1.3266,0.8750000000000001,seaweeds
119,2023,1.3266,1.3266,1.3266,1,seaweeds
120,2004,3.35,3.35,6.7,0.5,seaweeds
120,2005,3.35,3.35,6.7,0.5,seaweeds
120,2006,3.35,3.35,6.7,0.5,seaweeds
120,2007,3.35,3.35,6.7,0.5,seaweeds
120,2008,5.36,3.8525,6.7,0.575,seaweeds
120,2009,5.36,4.355,6.7,0.65,seaweeds
120,2010,5.36,4.8575,6.7,0.725,seaweeds
120,2011,5.36,5.36,6.7,0.8,seaweeds
120,2012,5.36,5.36,6.7,0.8,seaweeds
120,2013,5.36,5.36,6.7,0.8,seaweeds
120,2014,5.36,5.36,6.7,0.8,seaweeds
120,2015,6.7,5.695,6.7,0.85,seaweeds
120,2016,6.7,6.03,6.7,0.9,seaweeds
120,2017,6.7,6.365,6.7,0.95,seaweeds
120,2018,6.7,6.7,6.7,1,seaweeds
120,2019,6.7,6.7,6.7,1,seaweeds
120,2020,6.7,6.7,6.7,1,seaweeds
120,2021,6.7,6.7,6.7,1,seaweeds
120,2022,6.7,6.7,6.7,1,seaweeds
120,2023,6.7,6.7,6.7,1,seaweeds
122,2004,3.015,3.015,101.9941,0.029560533403402745,seaweeds
122,2005,8.442,5.7285,101.9941,0.05616501346646522,seaweeds
122,2006,5.39685,5.6179500000000004,101.9941,0.055081127241673786,seaweeds
122,2007,6.0802499999999995,5.733525,101.9941,0.056214281022137554,seaweeds
122,2008,4.1004000000000005,6.004875,101.9941,0.058874729028443804,seaweeds
122,2009,7.2963000000000005,5.71845,101.9941,0.05606647835512054,seaweeds
122,2010,9.286200000000001,6.690787500000001,101.9941,0.06559975037771794,seaweeds
122,2011,6.572700000000001,6.8139,101.9941,0.06680680549169021,seaweeds
122,2012,8.9847,8.034975000000001,101.9941,0.07877882152006832,seaweeds
122,2013,15.678000000000003,10.130400000000002,101.9941,0.09932339223543324,seaweeds
122,2014,12.421800000000003,10.9143,101.9941,0.10700913092031794,seaweeds
122,2015,1.3869,9.61785,101.9941,0.09429810155685477,seaweeds
122,2016,11.457000000000003,10.235925000000002,101.9941,0.10035801090455233,seaweeds
122,2017,8.442,8.426925,101.9941,0.08262169086251069,seaweeds
122,2018,27.135,12.105225,101.9941,0.11868554161466204,seaweeds
122,2019,61.807500000000005,27.210375000000003,101.9941,0.2667838139657098,seaweeds
122,2020,74.3365,42.93025,101.9941,0.4209091506273402,seaweeds
122,2021,123.11451,71.5983775,101.9941,0.7019854824935952,seaweeds
122,2022,121.38390000000001,95.16060250000001,101.9941,0.9330010510411878,seaweeds
122,2023,89.14149000000002,101.9941,101.9941,1,seaweeds
123,2004,0.067,0.067,0.7604500000000001,0.08810572687224669,seaweeds
123,2005,0.067,0.067,0.7604500000000001,0.08810572687224669,seaweeds
123,2006,0,0.04466666666666667,0.7604500000000001,0.058737151248164456,seaweeds
123,2007,0,0.0335,0.7604500000000001,0.04405286343612334,seaweeds
123,2008,0,0.01675,0.7604500000000001,0.02202643171806167,seaweeds
123,2009,0,0,0.7604500000000001,0,seaweeds
123,2010,0,0,0.7604500000000001,0,seaweeds
123,2011,0,0,0.7604500000000001,0,seaweeds
123,2012,0,0,0.7604500000000001,0,seaweeds
123,2013,0,0,0.7604500000000001,0,seaweeds
123,2014,0,0,0.7604500000000001,0,seaweeds
123,2015,0,0,0.7604500000000001,0,seaweeds
123,2016,0,0,0.7604500000000001,0,seaweeds
123,2017,0,0,0.7604500000000001,0,seaweeds
123,2018,3.0418000000000003,0.7604500000000001,0.7604500000000001,1,seaweeds
123,2019,0,0.7604500000000001,0.7604500000000001,1,seaweeds
123,2020,0,0.7604500000000001,0.7604500000000001,1,seaweeds
123,2021,0,0.7604500000000001,0.7604500000000001,1,seaweeds
123,2022,0,0,0.7604500000000001,0,seaweeds
123,2023,0,0,0.7604500000000001,0,seaweeds
124,2004,0,0,0.018425,0,seaweeds
124,2005,0,0,0.018425,0,seaweeds
124,2006,0.067,0.022333333333333334,0.018425,1,seaweeds
124,2007,0,0.01675,0.018425,0.9090909090909092,seaweeds
124,2008,0,0.01675,0.018425,0.9090909090909092,seaweeds
124,2009,0,0.01675,0.018425,0.9090909090909092,seaweeds
124,2010,0,0,0.018425,0,seaweeds
124,2011,0,0,0.018425,0,seaweeds
124,2012,0,0,0.018425,0,seaweeds
124,2013,0,0,0.018425,0,seaweeds
124,2014,0,0,0.018425,0,seaweeds
124,2015,0,0,0.018425,0,seaweeds
124,2016,0.067,0.01675,0.018425,0.9090909090909092,seaweeds
124,2017,0,0.01675,0.018425,0.9090909090909092,seaweeds
124,2018,0,0.01675,0.018425,0.9090909090909092,seaweeds
124,2019,0.0067,0.018425,0.018425,1,seaweeds
124,2020,0,0.001675,0.018425,0.09090909090909091,seaweeds
124,2021,0,0.001675,0.018425,0.09090909090909091,seaweeds
124,2022,0,0.001675,0.018425,0.09090909090909091,seaweeds
124,2023,0,0,0.018425,0,seaweeds
125,2015,0.8442000000000001,0.8442000000000001,14.1705,0.059574468085106386,seaweeds
125,2016,13.326300000000002,7.085250000000001,14.1705,0.5000000000000001,seaweeds
125,2017,10.854000000000001,8.341500000000002,14.1705,0.5886524822695036,seaweeds
125,2018,12.06,9.271125000000001,14.1705,0.6542553191489362,seaweeds
125,2019,13.266000000000002,12.376575,14.1705,0.873404255319149,seaweeds
125,2020,13.266000000000002,12.361500000000001,14.1705,0.8723404255319149,seaweeds
125,2021,13.266000000000002,12.964500000000001,14.1705,0.9148936170212766,seaweeds
125,2022,15.075000000000001,13.718250000000001,14.1705,0.9680851063829787,seaweeds
125,2023,15.075000000000001,14.1705,14.1705,1,seaweeds
126,2004,0,0,26.91055,0,seaweeds
126,2005,0.067,0.0335,26.91055,0.0012448649321548612,seaweeds
126,2006,0.067,0.04466666666666667,26.91055,0.0016598199095398149,seaweeds
126,2007,0.067,0.05025,26.91055,0.001867297398232292,seaweeds
126,2008,0.67,0.21775,26.91055,0.008091622059006598,seaweeds
126,2009,0.067,0.21775,26.91055,0.008091622059006598,seaweeds
126,2010,0.67,0.36850000000000005,26.91055,0.013693514253703475,seaweeds
126,2011,0,0.35175,26.91055,0.013071081787626043,seaweeds
126,2012,0.8809315225960281,0.40448288064900706,26.91055,0.015030643396326239,seaweeds
126,2013,0.9607888678558825,0.6279300976129777,26.91055,0.02333397487650671,seaweeds
126,2014,0.8520448551316189,0.6734413113958824,26.91055,0.02502517828122734,seaweeds
126,2015,0.67,0.8409413113958824,26.91055,0.031249502942001645,seaweeds
126,2016,2.2093480039078006,1.1730454317238255,26.91055,0.04359054094858059,seaweeds
126,2017,1.6951,1.356623214759855,26.91055,0.05041231839408169,seaweeds
126,2018,23.657700000000002,7.058037000976951,26.91055,0.2622776941005275,seaweeds
126,2019,32.139900000000004,14.925512000976951,26.91055,0.5546342234170967,seaweeds
126,2020,42.4378,24.982625000000002,26.91055,0.9283580231544878,seaweeds
126,2021,9.4068,26.91055,26.91055,1,seaweeds
126,2022,3.8457999999999997,21.957575000000002,26.91055,0.8159467197809038,seaweeds
126,2023,1.4874000000000003,14.294450000000001,26.91055,0.5311838665504793,seaweeds
127,2012,0.067,0.067,9.44365,0.007094714437743881,seaweeds
127,2013,0.67,0.36850000000000005,9.44365,0.03902092940759135,seaweeds
127,2014,0.8442000000000001,0.5270666666666667,9.44365,0.05581175357691853,seaweeds
127,2015,0.8442000000000001,0.6063500000000001,9.44365,0.06420716566158213,seaweeds
127,2016,0.8442000000000001,0.8006500000000001,9.44365,0.08478183753103939,seaweeds
127,2017,0.6633000000000001,0.7989750000000001,9.44365,0.08460446967009579,seaweeds
127,2018,0.67,0.755425,9.44365,0.07999290528556226,seaweeds
127,2019,1.9162000000000001,1.023425,9.44365,0.10837176303653778,seaweeds
127,2020,11.9059,3.78885,9.44365,0.4012061014544165,seaweeds
127,2021,8.6229,5.7787500000000005,9.44365,0.6119191202554097,seaweeds
127,2022,8.6229,7.766975,9.44365,0.8224547711954594,seaweeds
127,2023,8.6229,9.44365,9.44365,1,seaweeds
129,2006,6.03,6.03,13.91925,0.4332129963898917,seaweeds
129,2007,4.0200000000000005,5.025,13.91925,0.36101083032490977,seaweeds
129,2008,0.67,3.5733333333333337,13.91925,0.2567188126754914,seaweeds
129,2009,0,2.68,13.91925,0.19253910950661854,seaweeds
129,2010,0,1.1725,13.91925,0.08423586040914562,seaweeds
129,2011,0,0.1675,13.91925,0.012033694344163659,seaweeds
129,2012,0,0,13.91925,0,seaweeds
129,2013,7.37,1.8425,13.91925,0.13237063778580024,seaweeds
129,2014,29.48,9.2125,13.91925,0.6618531889290012,seaweeds
129,2015,14.74,12.8975,13.91925,0.9265944645006018,seaweeds
129,2016,4.087,13.91925,13.91925,1,seaweeds
129,2017,0,12.07675,13.91925,0.8676293622141998,seaweeds
129,2018,5.36,6.04675,13.91925,0.4344163658243081,seaweeds
129,2019,0,2.36175,13.91925,0.16967509025270758,seaweeds
129,2020,8.375,3.43375,13.91925,0.246690734055355,seaweeds
129,2021,8.375,5.5275,13.91925,0.3971119133574007,seaweeds
129,2022,11.168900000000002,6.979725,13.91925,0.5014440433212997,seaweeds
129,2023,7.8859,8.9512,13.91925,0.6430806257521059,seaweeds
130,2004,0,0,0.36850000000000005,0,seaweeds
130,2005,0,0,0.36850000000000005,0,seaweeds
130,2006,0,0,0.36850000000000005,0,seaweeds
130,2007,0,0,0.36850000000000005,0,seaweeds
130,2008,0,0,0.36850000000000005,0,seaweeds
130,2009,0,0,0.36850000000000005,0,seaweeds
130,2010,0,0,0.36850000000000005,0,seaweeds
130,2011,0.067,0.01675,0.36850000000000005,0.04545454545454545,seaweeds
130,2012,0.067,0.0335,0.36850000000000005,0.0909090909090909,seaweeds
130,2013,0,0.0335,0.36850000000000005,0.0909090909090909,seaweeds
130,2014,0.67,0.201,0.36850000000000005,0.5454545454545454,seaweeds
130,2015,0.067,0.201,0.36850000000000005,0.5454545454545454,seaweeds
130,2016,0.67,0.35175,0.36850000000000005,0.9545454545454545,seaweeds
130,2017,0.067,0.36850000000000005,0.36850000000000005,1,seaweeds
130,2018,0,0.201,0.36850000000000005,0.5454545454545454,seaweeds
130,2019,0.1675,0.22612500000000002,0.36850000000000005,0.6136363636363636,seaweeds
130,2020,0,0.058625000000000003,0.36850000000000005,0.1590909090909091,seaweeds
130,2021,0.0335,0.05025,0.36850000000000005,0.13636363636363635,seaweeds
130,2022,0,0.05025,0.36850000000000005,0.13636363636363635,seaweeds
130,2023,0.5427000000000001,0.14405,0.36850000000000005,0.3909090909090909,seaweeds
132,2004,0.067,0.067,11.306607111441016,0.0059257387596145916,seaweeds
132,2005,0.67,0.36850000000000005,11.306607111441016,0.032591563177880256,seaweeds
132,2006,0.067,0.268,11.306607111441016,0.023702955038458366,seaweeds
132,2007,0,0.201,11.306607111441016,0.017777216278843773,seaweeds
132,2008,0,0.18425000000000002,11.306607111441016,0.016295781588940128,seaweeds
132,2009,0.067,0.0335,11.306607111441016,0.0029628693798072958,seaweeds
132,2010,0.067,0.0335,11.306607111441016,0.0029628693798072958,seaweeds
132,2011,0,0.0335,11.306607111441016,0.0029628693798072958,seaweeds
132,2012,0,0.0335,11.306607111441016,0.0029628693798072958,seaweeds
132,2013,43.149428445764066,10.804107111441017,11.306607111441016,0.9555569593028906,seaweeds
132,2014,1.34,11.122357111441017,11.306607111441016,0.98370421841106,seaweeds
132,2015,0.67,11.289857111441016,11.306607111441016,0.9985185653100963,seaweeds
132,2016,0.067,11.306607111441016,11.306607111441016,1,seaweeds
132,2017,0,0.51925,11.306607111441016,0.04592447538701308,seaweeds
132,2018,0,0.18425000000000002,11.306607111441016,0.016295781588940128,seaweeds
132,2019,0,0.01675,11.306607111441016,0.0014814346899036479,seaweeds
132,2020,0,0,11.306607111441016,0,seaweeds
132,2021,0,0,11.306607111441016,0,seaweeds
132,2022,0,0,11.306607111441016,0,seaweeds
132,2023,0,0,11.306607111441016,0,seaweeds
133,2017,0.067,0.067,0.5544250000000001,0.12084592145015105,seaweeds
133,2018,0.67,0.36850000000000005,0.5544250000000001,0.6646525679758308,seaweeds
133,2019,0.5427000000000001,0.4265666666666667,0.5544250000000001,0.7693856998992951,seaweeds
133,2020,0.335,0.403675,0.5544250000000001,0.72809667673716,seaweeds
133,2021,0.67,0.5544250000000001,0.5544250000000001,1,seaweeds
133,2022,0,0.386925,0.5544250000000001,0.6978851963746223,seaweeds
133,2023,0.26130000000000003,0.31657500000000005,0.5544250000000001,0.5709969788519638,seaweeds
135,2004,11707.58,11707.58,511.37750000000005,1,seaweeds
135,2005,148.07000000000002,5927.825,511.37750000000005,1,seaweeds
135,2006,292.12,4049.2566666666667,511.37750000000005,1,seaweeds
135,2007,176.88000000000002,3081.1625,511.37750000000005,1,seaweeds
135,2008,143.38,190.1125,511.37750000000005,0.3717654765804127,seaweeds
135,2009,207.70000000000002,205.02,511.37750000000005,0.40091713069112345,seaweeds
135,2010,239.19000000000003,191.78750000000002,511.37750000000005,0.37504094333442517,seaweeds
135,2011,349.74,235.0025,511.37750000000005,0.45954798558794624,seaweeds
135,2012,438.85,308.87,511.37750000000005,0.6039960694398951,seaweeds
135,2013,572.1800000000001,399.99,511.37750000000005,0.7821814608581722,seaweeds
135,2014,617.74,494.62750000000005,511.37750000000005,0.9672453324598755,seaweeds
135,2015,416.74,511.37750000000005,511.37750000000005,1,seaweeds
135,2016,387.93,498.64750000000004,511.37750000000005,0.9751064526695054,seaweeds
135,2017,312.89000000000004,433.82500000000005,511.37750000000005,0.8483458892892237,seaweeds
135,2018,503.84000000000003,405.35,511.37750000000005,0.7926629544710121,seaweeds
135,2019,542.6866,436.83665,511.37750000000005,0.8542351785129381,seaweeds
135,2020,465.30160000000006,456.17955000000006,511.37750000000005,0.8920602685882738,seaweeds
135,2021,375.7226,471.8877,511.37750000000005,0.9227775958074025,seaweeds
135,2022,351.1671,433.719475,511.37750000000005,0.8481395348837208,seaweeds
135,2023,247.65210000000002,359.96085000000005,511.37750000000005,0.7039043563707829,seaweeds
136,2004,0.067,0.067,0.25125000000000003,0.26666666666666666,seaweeds
136,2005,0.067,0.067,0.25125000000000003,0.26666666666666666,seaweeds
136,2006,0.7370000000000001,0.2903333333333334,0.25125000000000003,1,seaweeds
136,2007,0.067,0.23450000000000004,0.25125000000000003,0.9333333333333333,seaweeds
136,2008,0.067,0.23450000000000004,0.25125000000000003,0.9333333333333333,seaweeds
136,2009,0.067,0.23450000000000004,0.25125000000000003,0.9333333333333333,seaweeds
136,2010,0.067,0.067,0.25125000000000003,0.26666666666666666,seaweeds
136,2011,0.067,0.067,0.25125000000000003,0.26666666666666666,seaweeds
136,2012,0.67,0.21775,0.25125000000000003,0.8666666666666666,seaweeds
136,2013,0.134,0.23450000000000001,0.25125000000000003,0.9333333333333332,seaweeds
136,2014,0.067,0.23450000000000001,0.25125000000000003,0.9333333333333332,seaweeds
136,2015,0.134,0.25125000000000003,0.25125000000000003,1,seaweeds
136,2016,0.134,0.11725000000000001,0.25125000000000003,0.4666666666666666,seaweeds
136,2017,0.067,0.1005,0.25125000000000003,0.39999999999999997,seaweeds
136,2018,0.134,0.11725000000000001,0.25125000000000003,0.4666666666666666,seaweeds
136,2019,0.12903818300707018,0.11600954575176756,0.25125000000000003,0.4617295353304181,seaweeds
136,2020,0.067,0.09925954575176754,0.25125000000000003,0.39506286866375134,seaweeds
136,2021,0.03658608715790045,0.09165606754124266,0.25125000000000003,0.36480026882086625,seaweeds
136,2022,0.18090000000000003,0.10338106754124267,0.25125000000000003,0.41146693548753294,seaweeds
136,2023,0.5143869848924489,0.19971826801258735,0.25125000000000003,0.7948985791545764,seaweeds
137,2004,4.0200000000000005,4.0200000000000005,59.697,0.06734006734006734,seaweeds
137,2005,4.69,4.355,59.697,0.07295173961840629,seaweeds
137,2006,9.38,6.03,59.697,0.10101010101010101,seaweeds
137,2007,14.74,8.2075,59.697,0.13748597081930414,seaweeds
137,2008,16.080000000000002,11.2225,59.697,0.18799102132435466,seaweeds
137,2009,10.05,12.5625,59.697,0.21043771043771042,seaweeds
137,2010,18.09,14.74,59.697,0.24691358024691357,seaweeds
137,2011,17.42,15.41,59.697,0.25813692480359146,seaweeds
137,2012,18.76,16.080000000000002,59.697,0.26936026936026936,seaweeds
137,2013,6.7,15.242500000000001,59.697,0.255331088664422,seaweeds
137,2014,23.2155,16.523875,59.697,0.27679573512906847,seaweeds
137,2015,26.532000000000004,18.801875000000003,59.697,0.31495510662177334,seaweeds
137,2016,39.798,24.061375,59.697,0.4030583613916947,seaweeds
137,2017,39.798,32.335875,59.697,0.5416666666666666,seaweeds
137,2018,39.798,36.481500000000004,59.697,0.6111111111111112,seaweeds
137,2019,39.798,39.798,59.697,0.6666666666666666,seaweeds
137,2020,39.798,39.798,59.697,0.6666666666666666,seaweeds
137,2021,66.33,46.431,59.697,0.7777777777777777,seaweeds
137,2022,66.33,53.064,59.697,0.8888888888888888,seaweeds
137,2023,66.33,59.697,59.697,1,seaweeds
138,2004,2839.46,2839.46,26819.42665,0.10587325512419185,seaweeds
138,2005,3743.2900000000004,3291.375,26819.42665,0.12272354077338189,seaweeds
138,2006,4350.9800000000005,3644.576666666667,26819.42665,0.13589316111150596,seaweeds
138,2007,6015.93,4237.415,26819.42665,0.15799797122061146,seaweeds
138,2008,14629.517,7184.92925,26819.42665,0.2679001808564017,seaweeds
138,2009,8259.157000000001,8313.896,26819.42665,0.30999529216259364,seaweeds
138,2010,15264.677,11042.32025,26819.42665,0.4117284233591176,seaweeds
138,2011,16922.257,13768.902,26819.42665,0.5133928543546996,seaweeds
138,2012,18739.967,14796.514500000001,26819.42665,0.5517088300618089,seaweeds
138,2013,20430.98,17839.47025,26819.42665,0.6651697101063866,seaweeds
138,2014,19507.72,18900.231,26819.42665,0.7047216648831678,seaweeds
138,2015,16313.897,18748.141,26819.42665,0.6990507755690594,seaweeds
138,2016,14557.827,17702.606,26819.42665,0.6600665342709703,seaweeds
138,2017,18908.74,17322.046000000002,26819.42665,0.6458768200400735,seaweeds
138,2018,20960.95,17685.3535,26819.42665,0.6594232505712422,seaweeds
138,2019,23640.8495,19517.091625,26819.42665,0.727722179884856,seaweeds
138,2020,19859.858600000003,20842.599525,26819.42665,0.7771456040802424,seaweeds
138,2021,29301.9006,23440.889675000002,26819.42665,0.8740265025389721,seaweeds
138,2022,32999.8651,26450.61845,26819.42665,0.9862484681416558,seaweeds
138,2023,25116.082300000002,26819.42665,26819.42665,1,seaweeds
139,2004,0,0,5773.122,0,seaweeds
139,2005,0,0,5773.122,0,seaweeds
139,2006,0,0,5773.122,0,seaweeds
139,2007,0,0,5773.122,0,seaweeds
139,2008,0,0,5773.122,0,seaweeds
139,2009,0,0,5773.122,0,seaweeds
139,2010,0,0,5773.122,0,seaweeds
139,2011,0,0,5773.122,0,seaweeds
139,2012,0,0,5773.122,0,seaweeds
139,2013,0,0,5773.122,0,seaweeds
139,2014,0,0,5773.122,0,seaweeds
139,2015,0,0,5773.122,0,seaweeds
139,2016,0,0,5773.122,0,seaweeds
139,2017,0,0,5773.122,0,seaweeds
139,2018,66.933,16.73325,5773.122,0.002898475036557343,seaweeds
139,2019,2836.2105,725.785875,5773.122,0.12571809066221015,seaweeds
139,2020,2985.453,1472.1491250000001,5773.122,0.2550005222477543,seaweeds
139,2021,2656.215,2136.202875,5773.122,0.3700255901399624,seaweeds
139,2022,13315.446,5448.331125,5773.122,0.9437408606642991,seaweeds
139,2023,4135.374,5773.122,5773.122,1,seaweeds
141,2014,1.5142,1.5142,65.762175,0.023025394157051526,seaweeds
141,2015,12.7836,7.1489,65.762175,0.10870838745829195,seaweeds
141,2016,19.1754,11.157733333333333,65.762175,0.16966794868529414,seaweeds
141,2017,37.131400000000006,17.65115,65.762175,0.26840885356970023,seaweeds
141,2018,38.458,26.8871,65.762175,0.4088535697002114,seaweeds
141,2019,44.82300000000001,34.896950000000004,65.762175,0.5306538295000128,seaweeds
141,2020,54.37050000000001,43.695725,65.762175,0.6644507271847381,seaweeds
141,2021,84.0247,55.41905,65.762175,0.8427192379205828,seaweeds
141,2022,60.73550000000001,60.98842500000001,65.762175,0.927408879040269,seaweeds
141,2023,63.918000000000006,65.762175,65.762175,1,seaweeds
143,2004,6817.25,6817.25,3108.1685250000005,1,seaweeds
143,2005,4122.51,5469.88,3108.1685250000005,1,seaweeds
143,2006,4853.4800000000005,5264.413333333334,3108.1685250000005,1,seaweeds
143,2007,3164.4100000000003,4739.4125,3108.1685250000005,1,seaweeds
143,2008,3955.6800000000003,4024.0200000000004,3108.1685250000005,1,seaweeds
143,2009,3654.1800000000003,3906.9375000000005,3108.1685250000005,1,seaweeds
143,2010,2209.6600000000003,3245.9825,3108.1685250000005,1,seaweeds
143,2011,16.080000000000002,2458.9,3108.1685250000005,0.7911089698715741,seaweeds
143,2012,1336.65,1804.1425000000002,3108.1685250000005,0.580451956027706,seaweeds
143,2013,2981.5,1635.9725,3108.1685250000005,0.5263461381972523,seaweeds
143,2014,2866.9300000000003,1800.2900000000002,3108.1685250000005,0.5792124801212315,seaweeds
143,2015,2068.29,2313.3425,3108.1685250000005,0.7442783367095579,seaweeds
143,2016,3324.5400000000004,2810.315,3108.1685250000005,0.9041707286447731,seaweeds
143,2017,3410.9700000000003,2917.6825000000003,3108.1685250000005,0.9387143832556505,seaweeds
143,2018,2368.4500000000003,2793.0625,3108.1685250000005,0.8986200321940393,seaweeds
143,2019,2527.9636,2907.9809000000005,3108.1685250000005,0.9355930595816069,seaweeds
143,2020,2712.6022000000003,2754.99645,3108.1685250000005,0.8863729324329348,seaweeds
143,2021,3064.0373000000004,2668.2632750000002,3108.1685250000005,0.8584680185576488,seaweeds
143,2022,3502.4920000000006,2951.7737750000006,3108.1685250000005,0.9496826672228141,seaweeds
143,2023,3153.5426,3108.1685250000005,3108.1685250000005,1,seaweeds
145,2012,0.067,0.067,0.386925,0.17316017316017315,seaweeds
145,2013,0,0.0335,0.386925,0.08658008658008658,seaweeds
145,2014,0,0.022333333333333334,0.386925,0.05772005772005772,seaweeds
145,2015,0.067,0.0335,0.386925,0.08658008658008658,seaweeds
145,2016,0,0.01675,0.386925,0.04329004329004329,seaweeds
145,2017,0.067,0.0335,0.386925,0.08658008658008658,seaweeds
145,2018,0,0.0335,0.386925,0.08658008658008658,seaweeds
145,2019,0.0268,0.023450000000000002,0.386925,0.06060606060606061,seaweeds
145,2020,0.4623,0.139025,0.386925,0.3593073593073593,seaweeds
145,2021,1.0251000000000001,0.37855000000000005,0.386925,0.9783549783549784,seaweeds
145,2022,0,0.37855000000000005,0.386925,0.9783549783549784,seaweeds
145,2023,0.0603,0.386925,0.386925,1,seaweeds
147,2007,0.067,0.067,0.067,1,seaweeds
147,2008,0.067,0.067,0.067,1,seaweeds
147,2009,0.067,0.067,0.067,1,seaweeds
147,2010,0.067,0.067,0.067,1,seaweeds
147,2011,0.067,0.067,0.067,1,seaweeds
147,2012,0.067,0.067,0.067,1,seaweeds
147,2013,0.067,0.067,0.067,1,seaweeds
147,2014,0.067,0.067,0.067,1,seaweeds
147,2015,0.067,0.067,0.067,1,seaweeds
147,2016,0.0536,0.06365,0.067,0.95,seaweeds
147,2017,0.0201,0.051925,0.067,0.7749999999999999,seaweeds
147,2018,0.027561180336188006,0.042065295084047,0.067,0.6278402251350298,seaweeds
147,2019,0.0067,0.026990295084047003,0.067,0.4028402251350299,seaweeds
147,2020,0,0.013590295084047,0.067,0.20284022513502986,seaweeds
147,2021,0.067,0.025315295084047004,0.067,0.3778402251350299,seaweeds
147,2022,0.0067,0.0201,0.067,0.3,seaweeds
147,2023,0.0067,0.0201,0.067,0.3,seaweeds
152,2016,0.0134,0.0134,0.028590575000000003,0.4686859218466225,seaweeds
152,2017,0.0134,0.0134,0.028590575000000003,0.4686859218466225,seaweeds
152,2018,0.0134,0.0134,0.028590575000000003,0.4686859218466225,seaweeds
152,2019,0.0134,0.0134,0.028590575000000003,0.4686859218466225,seaweeds
152,2020,0.0134,0.0134,0.028590575000000003,0.4686859218466225,seaweeds
152,2021,0.0134,0.0134,0.028590575000000003,0.4686859218466225,seaweeds
152,2022,0.0335,0.018425,0.028590575000000003,0.644443142539106,seaweeds
152,2023,0.054062300000000015,0.028590575000000003,0.028590575000000003,1,seaweeds
155,2004,889.7600000000001,889.7600000000001,94.47,1,seaweeds
155,2005,360.46000000000004,625.1100000000001,94.47,1,seaweeds
155,2006,199.66000000000003,483.2933333333334,94.47,1,seaweeds
155,2007,72.36,380.56000000000006,94.47,1,seaweeds
155,2008,20.166330000000002,163.1615825,94.47,1,seaweeds
155,2009,20.1,78.0715825,94.47,0.8264166666666667,seaweeds
155,2010,20.1,33.181582500000005,94.47,0.3512393617021277,seaweeds
155,2011,71.69,33.0140825,94.47,0.3494663120567376,seaweeds
155,2012,216.41000000000003,82.075,94.47,0.8687943262411348,seaweeds
155,2013,78.39,96.64750000000001,94.47,1,seaweeds
155,2014,11.39,94.47,94.47,1,seaweeds
155,2015,48.24,88.6075,94.47,0.9379432624113475,seaweeds
155,2016,11.39,37.3525,94.47,0.3953900709219858,seaweeds
155,2017,60.970000000000006,32.9975,94.47,0.349290780141844,seaweeds
155,2018,62.31,45.727500000000006,94.47,0.4840425531914894,seaweeds
155,2019,59.0739,48.435975,94.47,0.5127127659574469,seaweeds
155,2020,71.75030000000001,63.526050000000005,94.47,0.6724468085106383,seaweeds
155,2021,76.4336,67.39195000000001,94.47,0.7133687943262412,seaweeds
155,2022,29.788200000000003,59.261500000000005,94.47,0.6273049645390072,seaweeds
155,2023,25.6342,50.901575,94.47,0.5388120567375887,seaweeds
162,2004,13.4,13.4,94.85525000000001,0.14126787921596326,seaweeds
162,2005,4.69,9.045,94.85525000000001,0.09535581847077519,seaweeds
162,2006,10.72,9.6033333333333335,94.85525000000001,0.10124198010477367,seaweeds
162,2007,35.510000000000005,16.080000000000002,94.85525000000001,0.16952145505915592,seaweeds
162,2008,19.43,17.587500000000002,94.85525000000001,0.18541409147095178,seaweeds
162,2009,20.77,21.6075,94.85525000000001,0.22779445523574077,seaweeds
162,2010,39.53,28.810000000000002,94.85525000000001,0.30372594031432104,seaweeds
162,2011,50.25,32.495,94.85525000000001,0.34257460709871085,seaweeds
162,2012,136.747,61.824250000000006,94.85525000000001,0.6517746777326505,seaweeds
162,2013,152.09,94.65425,94.85525000000001,0.9978809818117604,seaweeds
162,2014,40.334,94.85525000000001,94.85525000000001,1,seaweeds
162,2015,47.57,94.18525000000001,94.85525000000001,0.9929366060392019,seaweeds
162,2016,59.027,74.75525,94.85525000000001,0.788098181176055,seaweeds
162,2017,95.47500000000001,60.6015,94.85525000000001,0.6388839837541939,seaweeds
162,2018,17.426700000000004,54.874675,94.85525000000001,0.5785096238742715,seaweeds
162,2019,13.513900000000001,46.36065000000001,94.85525000000001,0.4887515451174289,seaweeds
162,2020,8.8574,33.818250000000006,94.85525000000001,0.35652481017128734,seaweeds
162,2021,58.276599999999995,24.51865,94.85525000000001,0.25848490199540874,seaweeds
162,2022,8.529100000000001,22.294249999999998,94.85525000000001,0.23503443404555885,seaweeds
162,2023,2.948,19.652775,94.85525000000001,0.2071870033551121,seaweeds
163,2004,1772.15,1772.15,1229.4366,1,seaweeds
163,2005,1598.6200000000001,1685.3850000000002,1229.4366,1,seaweeds
163,2006,679.38,1350.0500000000002,1229.4366,1,seaweeds
163,2007,956.09,1251.56,1229.4366,1,seaweeds
163,2008,1339.3300000000002,1143.355,1229.4366,0.929982888096873,seaweeds
163,2009,1131.63,1026.6075,1229.4366,0.8350227250433248,seaweeds
163,2010,1101.48,1132.1325000000002,1229.4366,0.9208547232122423,seaweeds
163,2011,1232.13,1201.1425000000002,1229.4366,0.9769861251893754,seaweeds
163,2012,944.7,1102.4850000000001,1229.4366,0.8967400189647845,seaweeds
163,2013,1058.6000000000001,1084.2275,1229.4366,0.8818897208688923,seaweeds
163,2014,1104.8300000000002,1085.065,1229.4366,0.8825709272035663,seaweeds
163,2015,982.8900000000001,1022.7550000000001,1229.4366,0.8318891759038246,seaweeds
163,2016,892.44,1009.69,1229.4366,0.8212623570829111,seaweeds
163,2017,1045.2,1006.3400000000001,1229.4366,0.8185375317442153,seaweeds
163,2018,1037.16,989.4225000000001,1229.4366,0.8047771637838016,seaweeds
163,2019,1091.2759,1016.5189750000001,1229.4366,0.8268169135358424,seaweeds
163,2020,1218.4821000000002,1098.0295,1229.4366,0.893116001264319,seaweeds
163,2021,1427.4149000000002,1193.583225,1229.4366,0.9708375568126084,seaweeds
163,2022,1180.5735,1229.4366,1229.4366,1,seaweeds
163,2023,875.221,1175.4228750000002,1229.4366,0.9560662786515386,seaweeds
164,2012,4.79988,4.79988,7.022046666666666,0.6835443037974683,seaweeds
164,2013,13.333,9.06644,7.022046666666666,1,seaweeds
164,2014,2.93326,7.022046666666666,7.022046666666666,1,seaweeds
164,2015,3.9999000000000002,6.26651,7.022046666666666,0.8924050632911393,seaweeds
164,2016,3.9999000000000002,6.066515,7.022046666666666,0.8639240506329114,seaweeds
164,2017,3.3366000000000007,3.5674150000000004,7.022046666666666,0.5080306596272502,seaweeds
164,2018,4.006600000000001,3.8357500000000004,7.022046666666666,0.5462438776159279,seaweeds
164,2019,6.0032000000000005,4.336575000000001,7.022046666666666,0.6175656764836844,seaweeds
164,2020,6.0032000000000005,4.837400000000001,7.022046666666666,0.6888874753514409,seaweeds
164,2021,6.0032000000000005,5.50405,7.022046666666666,0.7838241842122003,seaweeds
164,2022,6.673200000000001,6.170700000000001,7.022046666666666,0.8787608930729599,seaweeds
164,2023,6.673200000000001,6.3382000000000005,7.022046666666666,0.9026143375103366,seaweeds
166,2004,0,0,3.2243750000000007,0,seaweeds
166,2005,0,0,3.2243750000000007,0,seaweeds
166,2006,0,0,3.2243750000000007,0,seaweeds
166,2007,5.36,1.34,3.2243750000000007,0.4155844155844155,seaweeds
166,2008,0,1.34,3.2243750000000007,0.4155844155844155,seaweeds
166,2009,3.35,2.1775,3.2243750000000007,0.6753246753246752,seaweeds
166,2010,2.68,2.8475,3.2243750000000007,0.883116883116883,seaweeds
166,2011,0.067,1.52425,3.2243750000000007,0.47272727272727266,seaweeds
166,2012,0.067,1.5410000000000001,3.2243750000000007,0.47792207792207786,seaweeds
166,2013,0.067,0.7202500000000001,3.2243750000000007,0.22337662337662334,seaweeds
166,2014,0.134,0.08375,3.2243750000000007,0.02597402597402597,seaweeds
166,2015,0,0.067,3.2243750000000007,0.020779220779220776,seaweeds
166,2016,0.067,0.067,3.2243750000000007,0.020779220779220776,seaweeds
166,2017,0.067,0.067,3.2243750000000007,0.020779220779220776,seaweeds
166,2018,0,0.0335,3.2243750000000007,0.010389610389610388,seaweeds
166,2019,0.0268,0.0402,3.2243750000000007,0.012467532467532464,seaweeds
166,2020,6.284600000000001,1.5946000000000002,3.2243750000000007,0.4945454545454545,seaweeds
166,2021,3.6716000000000006,2.4957500000000006,3.2243750000000007,0.7740259740259741,seaweeds
166,2022,1.1256000000000002,2.7771500000000007,3.2243750000000007,0.8612987012987013,seaweeds
166,2023,1.8157,3.2243750000000007,3.2243750000000007,1,seaweeds
171,2004,61.64,61.64,4597.8951,0.013406134472271888,seaweeds
171,2005,84.487,73.0635,4597.8951,0.015890640915230975,seaweeds
171,2006,31.557000000000002,59.228,4597.8951,0.012881546601617772,seaweeds
171,2007,54.336999999999996,58.00525,4597.8951,0.012615609694966725,seaweeds
171,2008,209.04000000000002,94.85525,4597.8951,0.020630146607737963,seaweeds
171,2009,341.70000000000005,159.1585,4597.8951,0.03461551352052378,seaweeds
171,2010,479.38500000000005,271.11550000000005,4597.8951,0.0589651338500524,seaweeds
171,2011,479.38500000000005,377.37750000000005,4597.8951,0.08207614392942546,seaweeds
171,2012,479.38500000000005,444.96375000000006,4597.8951,0.09677553322171271,seaweeds
171,2013,479.38500000000005,479.38500000000005,4597.8951,0.10426183929250585,seaweeds
171,2014,479.38500000000005,479.38500000000005,4597.8951,0.10426183929250585,seaweeds
171,2015,479.38500000000005,479.38500000000005,4597.8951,0.10426183929250585,seaweeds
171,2016,479.38500000000005,479.38500000000005,4597.8951,0.10426183929250585,seaweeds
171,2017,489.435,481.89750000000004,4597.8951,0.10480828499110388,seaweeds
171,2018,605.01,513.30375,4597.8951,0.11163885622357937,seaweeds
171,2019,688.4250000000001,565.56375,4597.8951,0.12300492675441857,seaweeds
171,2020,5367.8323,1787.675575,4597.8951,0.38880303619802026,seaweeds
171,2021,6826.3486,3371.903975,4597.8951,0.733358178397763,seaweeds
171,2022,3427.9076000000005,4077.6283750000002,4597.8951,0.8868467605970394,seaweeds
171,2023,2769.4919,4597.8951,4597.8951,1,seaweeds
172,2004,30.82,30.82,105.2235,0.29290035020694044,seaweeds
172,2005,60.300000000000004,45.56,105.2235,0.4329831263928685,seaweeds
172,2006,114.57000000000001,68.56333333333333,105.2235,0.6515971558951501,seaweeds
172,2007,59.63,66.33,105.2235,0.6303724928366762,seaweeds
172,2008,78.39,78.2225,105.2235,0.74339382362305,seaweeds
172,2009,85.09,84.42,105.2235,0.8022922636103151,seaweeds
172,2010,85.09,77.05,105.2235,0.7322508755173511,seaweeds
172,2011,79.797,82.09175,105.2235,0.7801655523718561,seaweeds
172,2012,49.647,74.906,105.2235,0.7118751989812162,seaweeds
172,2013,51.657,66.54775,105.2235,0.6324418974848773,seaweeds
172,2014,105.927,71.757,105.2235,0.681948424068768,seaweeds
172,2015,67.67,68.72525,105.2235,0.6531359439668896,seaweeds
172,2016,134.67000000000002,89.98100000000001,105.2235,0.8551416746259154,seaweeds
172,2017,112.62700000000001,105.2235,105.2235,1,seaweeds
172,2018,10.72,81.42175,105.2235,0.7737981534543139,seaweeds
172,2019,0,64.50425000000001,105.2235,0.6130213307863739,seaweeds
172,2020,0,30.836750000000002,105.2235,0.29305953517987904,seaweeds
172,2021,0,2.68,105.2235,0.025469595670168738,seaweeds
172,2022,0,0,105.2235,0,seaweeds
172,2023,0,0,105.2235,0,seaweeds
173,2017,0.067,0.067,0.067,1,seaweeds
173,2018,0.067,0.067,0.067,1,seaweeds
173,2019,0.0067,0.046900000000000004,0.067,0.7000000000000001,seaweeds
173,2020,0.0335,0.043550000000000005,0.067,0.65,seaweeds
173,2021,0.0201,0.031825,0.067,0.475,seaweeds
173,2022,0,0.015075,0.067,0.22499999999999998,seaweeds
173,2023,0,0.0134,0.067,0.19999999999999998,seaweeds
174,2004,0,0,13.26827922382168,0,seaweeds
174,2005,0.067,0.0335,13.26827922382168,0.002524818737598963,seaweeds
174,2006,0.7370000000000001,0.268,13.26827922382168,0.020198549900791705,seaweeds
174,2007,7.37,2.0435,13.26827922382168,0.15401394299353674,seaweeds
174,2008,6.7,3.7185,13.26827922382168,0.2802548798734849,seaweeds
174,2009,8.040000000000001,5.71175,13.26827922382168,0.4304815947606232,seaweeds
174,2010,8.040000000000001,7.5375000000000005,13.26827922382168,0.5680842159597667,seaweeds
174,2011,1.34,6.03,13.26827922382168,0.45446737276781335,seaweeds
174,2012,37.998116895286714,13.854529223821679,13.26827922382168,1,seaweeds
174,2013,8.107000000000001,13.871279223821679,13.26827922382168,1,seaweeds
174,2014,4.154000000000001,12.899779223821678,13.26827922382168,0.9722269938864113,seaweeds
174,2015,2.8140000000000005,13.26827922382168,13.26827922382168,1,seaweeds
174,2016,3.417,4.623,13.26827922382168,0.3484249857886569,seaweeds
174,2017,16.884,6.8172500000000005,13.26827922382168,0.513800613101389,seaweeds
174,2018,7.504,7.65475,13.26827922382168,0.576921081541363,seaweeds
174,2019,3.6104394254530265,7.853859856363257,13.26827922382168,0.5919275381439477,seaweeds
174,2020,4.0669,8.016334856363256,13.26827922382168,0.6041729090213027,seaweeds
174,2021,3.2696000000000005,4.612734856363256,13.26827922382168,0.3476513252812481,seaweeds
174,2022,16.5624,6.877334856363257,13.26827922382168,0.518329071942938,seaweeds
174,2023,2.712669683544652,6.652892420886163,13.26827922382168,0.5014133565218958,seaweeds
175,2004,169.51000000000002,169.51000000000002,810.2511000000001,0.2092067508455095,seaweeds
175,2005,420.76000000000005,295.13500000000005,810.2511000000001,0.36425127963417764,seaweeds
175,2006,148.07000000000002,246.11333333333337,810.2511000000001,0.30374945906686623,seaweeds
175,2007,138.02,219.09000000000003,810.2511000000001,0.2703976582074372,seaweeds
175,2008,335,260.46250000000003,810.2511000000001,0.3214589896885052,seaweeds
175,2009,335.6365,239.181625,810.2511000000001,0.2951944465117048,seaweeds
175,2010,335,285.914125,810.2511000000001,0.3528710112210893,seaweeds
175,2011,335,335.159125,810.2511000000001,0.41364846650624726,seaweeds
175,2012,467.66,368.324125,810.2511000000001,0.4545802221064556,seaweeds
175,2013,603,435.165,810.2511000000001,0.5370742477239463,seaweeds
175,2014,367.16,443.20500000000004,810.2511000000001,0.5469970975664211,seaweeds
175,2015,399.99,459.4525,810.2511000000001,0.5670495232897554,seaweeds
175,2016,304.18,418.5825,810.2511000000001,0.5166083699238421,seaweeds
175,2017,663.3000000000001,433.6575,810.2511000000001,0.5352137133784823,seaweeds
175,2018,854.987,555.61425,810.2511000000001,0.6857309419265212,seaweeds
175,2019,698.1936,630.16515,810.2511000000001,0.7777405670908685,seaweeds
175,2020,771.3576,746.95955,810.2511000000001,0.9218864991358852,seaweeds
175,2021,907.0862,807.9060999999999,810.2511000000001,0.9971058354626113,seaweeds
175,2022,815.8925,798.132475,810.2511000000001,0.9850433711228531,seaweeds
175,2023,746.6681000000001,810.2511000000001,810.2511000000001,1,seaweeds
176,2004,450.91,450.91,1224.7499500000001,0.36816494664890576,seaweeds
176,2005,511.88000000000005,481.39500000000004,1224.7499500000001,0.3930557417046639,seaweeds
176,2006,525.2800000000001,496.02333333333337,1224.7499500000001,0.4049996763284892,seaweeds
176,2007,371.85,464.98,1224.7499500000001,0.37965300590540946,seaweeds
176,2008,612.38,505.3475,1224.7499500000001,0.41261279496275954,seaweeds
176,2009,493.79,500.82500000000005,1224.7499500000001,0.40892020448745475,seaweeds
176,2010,725.61,550.9075,1224.7499500000001,0.4498122249362002,seaweeds
176,2011,605.01,609.1975,1224.7499500000001,0.49740561328457283,seaweeds
176,2012,573.52,599.4825,1224.7499500000001,0.48947338189317735,seaweeds
176,2013,970.1600000000001,718.575,1224.7499500000001,0.5867115977428699,seaweeds
176,2014,908.5200000000001,764.3025,1224.7499500000001,0.624047790326507,seaweeds
176,2015,1045.2,874.35,1224.7499500000001,0.7139008252255898,seaweeds
176,2016,1398.96,1080.71,1224.7499500000001,0.8823923609876448,seaweeds
176,2017,1303.8200000000002,1164.125,1224.7499500000001,0.9505001408654884,seaweeds
176,2018,1080.04,1207.005,1224.7499500000001,0.9855113690757856,seaweeds
176,2019,1116.1798000000001,1224.7499500000001,1224.7499500000001,1,seaweeds
176,2020,931.1995,1107.809825,1224.7499500000001,0.9045191836913322,seaweeds
176,2021,1048.6639,1044.0208,1224.7499500000001,0.8524358788502093,seaweeds
176,2022,1005.9380000000001,1025.4953,1224.7499500000001,0.8373099341624795,seaweeds
176,2023,835.4833000000001,955.321175,1224.7499500000001,0.780013238620667,seaweeds
177,2004,509.20000000000005,509.20000000000005,720.2081250000001,0.7070178498749927,seaweeds
177,2005,601.6600000000001,555.4300000000001,720.2081250000001,0.7712076283504855,seaweeds
177,2006,581.5600000000001,564.1400000000001,720.2081250000001,0.7833013547299261,seaweeds
177,2007,717.57,602.4975000000001,720.2081250000001,0.8365602651316937,seaweeds
177,2008,682.73,645.8800000000001,720.2081250000001,0.896796325367754,seaweeds
177,2009,432.82000000000005,603.6700000000001,720.2081250000001,0.8381882667596953,seaweeds
177,2010,527.96,590.27,720.2081250000001,0.819582533868248,seaweeds
177,2011,683.4000000000001,581.7275000000001,720.2081250000001,0.8077213791499506,seaweeds
177,2012,449.57000000000005,523.4375,720.2081250000001,0.7267864410721553,seaweeds
177,2013,633.1500000000001,573.5200000000001,720.2081250000001,0.7963253677539391,seaweeds
177,2014,505.85,567.9925000000001,720.2081250000001,0.7886505029362172,seaweeds
177,2015,615.73,551.075,720.2081250000001,0.7651607651607651,seaweeds
177,2016,432.15000000000003,546.72,720.2081250000001,0.7591139019710448,seaweeds
177,2017,464.31,504.51,720.2081250000001,0.700505843362986,seaweeds
177,2018,511.21000000000004,505.85,720.2081250000001,0.7023664166521308,seaweeds
177,2019,459.6669,466.834225,720.2081250000001,0.648193499622071,seaweeds
177,2020,379.34729999999996,453.63355,720.2081250000001,0.629864527007384,seaweeds
177,2021,446.7225,449.236675,720.2081250000001,0.623759520902378,seaweeds
177,2022,866.0688000000001,537.951375,720.2081250000001,0.7469387755102039,seaweeds
177,2023,1188.6939000000002,720.2081250000001,720.2081250000001,1,seaweeds
178,2009,3.417,3.417,144.8205,0.023594725884802218,seaweeds
178,2010,6.7,5.0585,144.8205,0.0349294471431876,seaweeds
178,2011,2.0770000000000004,4.064666666666667,144.8205,0.028066928830287607,seaweeds
178,2012,6.03,4.556,144.8205,0.03145963451306963,seaweeds
178,2013,3.35,4.53925,144.8205,0.03134397409206569,seaweeds
178,2014,10.787,5.561,144.8205,0.03839925977330557,seaweeds
178,2015,4.087,6.0635,144.8205,0.041869072403423545,seaweeds
178,2016,120.667,34.72275,144.8205,0.23976405274115195,seaweeds
178,2017,150.75,71.57275,144.8205,0.4942169789498033,seaweeds
178,2018,167.5,110.751,144.8205,0.7647467036780013,seaweeds
178,2019,124.61330000000001,140.882575,144.8205,0.9728082350219754,seaweeds
178,2020,100.98910000000002,135.9631,144.8205,0.9388387693731204,seaweeds
178,2021,186.17960000000002,144.8205,144.8205,1,seaweeds
178,2022,61.90800000000001,118.42250000000001,144.8205,0.8177191764978025,seaweeds
178,2023,188.3169,134.34840000000003,144.8205,0.9276891047883415,seaweeds
179,2004,1478.69,1478.69,6404.925300000001,0.2308676418130903,seaweeds
179,2005,1798.95,1638.8200000000002,6404.925300000001,0.25586871403480693,seaweeds
179,2006,2286.71,1854.7833333333333,6404.925300000001,0.2895870359851555,seaweeds
179,2007,3579.8100000000004,2286.04,6404.925300000001,0.35691907288910923,seaweeds
179,2008,2460.9100000000003,2531.5950000000003,6404.925300000001,0.39525753719563284,seaweeds
179,2009,1685.0500000000002,2503.1200000000003,6404.925300000001,0.39081173983403056,seaweeds
179,2010,2340.98,2516.6875,6404.925300000001,0.3929300315180881,seaweeds
179,2011,2043.5000000000002,2132.61,6404.925300000001,0.33296407063482847,seaweeds
179,2012,1652.22,1930.4375,6404.925300000001,0.3013989093674519,seaweeds
179,2013,1955.73,1998.1075,6404.925300000001,0.31196421603855395,seaweeds
179,2014,1751.38,1850.7075,6404.925300000001,0.2889506767549654,seaweeds
179,2015,2262.59,1905.48,6404.925300000001,0.2975022987387534,seaweeds
179,2016,3734.5800000000004,2426.07,6404.925300000001,0.37878193520851833,seaweeds
179,2017,3588.5200000000004,2834.2675000000004,6404.925300000001,0.442513747974547,seaweeds
179,2018,4204.25,3447.485,6404.925300000001,0.5382553017441124,seaweeds
179,2019,5880.2348999999995,4351.896225,6404.925300000001,0.6794608869208826,seaweeds
179,2020,6390.011100000001,5015.754,6404.925300000001,0.7831088990218199,seaweeds
179,2021,7113.972900000001,5897.117225,6404.925300000001,0.9207160035106107,seaweeds
179,2022,6235.482300000001,6404.925300000001,6404.925300000001,1,seaweeds
179,2023,5475.9971000000005,6303.86585,6404.925300000001,0.9842216036461814,seaweeds
180,2004,862.2900000000001,862.2900000000001,2006.86105,0.4296710028828354,seaweeds
180,2005,716.9000000000001,789.595,2006.86105,0.3934477675970641,seaweeds
180,2006,789.26,789.4833333333333,2006.86105,0.3933921251465483,seaweeds
180,2007,980.8800000000001,837.3325000000001,2006.86105,0.4172349151925591,seaweeds
180,2008,929.96,854.25,2006.86105,0.42566474644569935,seaweeds
180,2009,1526.26,1056.5900000000001,2006.86105,0.5264888667802886,seaweeds
180,2010,1179.8700000000001,1154.2425,2006.86105,0.5751481897563362,seaweeds
180,2011,1005.6700000000001,1160.44,2006.86105,0.5782363457599619,seaweeds
180,2012,1028.45,1185.0625,2006.86105,0.5905055060986908,seaweeds
180,2013,1061.95,1068.9850000000001,2006.86105,0.5326651787875399,seaweeds
180,2014,1297.1200000000001,1098.2975000000001,2006.86105,0.5472713220479316,seaweeds
180,2015,1459.26,1211.6950000000002,2006.86105,0.6037762305467038,seaweeds
180,2016,1294.44,1278.1925,2006.86105,0.6369113098288495,seaweeds
180,2017,1441.8400000000001,1373.165,2006.86105,0.6842352139925183,seaweeds
180,2018,1951.71,1536.8125,2006.86105,0.7657792252233906,seaweeds
180,2019,2225.4787,1728.367175,2006.86105,0.8612291194749134,seaweeds
180,2020,2167.584,1946.653175,2006.86105,0.9699989817431556,seaweeds
180,2021,1682.6715,2006.86105,2006.86105,1,seaweeds
180,2022,1764.4517000000003,1960.046475,2006.86105,0.976672737258018,seaweeds
180,2023,1815.2645,1857.492925,2006.86105,0.9255712671288329,seaweeds
181,2004,3712.4700000000003,3712.4700000000003,51383.66345000001,0.07225000614470589,seaweeds
181,2005,6384.43,5048.450000000001,51383.66345000001,0.09825009859237664,seaweeds
181,2006,8419.220000000001,6172.040000000001,51383.66345000001,0.12011677614239862,seaweeds
181,2007,8388.4,6726.13,51383.66345000001,0.1309001645346873,seaweeds
181,2008,10845.960000000001,8509.5025,51383.66345000001,0.16560715855303618,seaweeds
181,2009,15479.01,10783.147500000001,51383.66345000001,0.20985556061982186,seaweeds
181,2010,16354.03,12766.85,51383.66345000001,0.2484612645889498,seaweeds
181,2011,19310.07,15497.2675,51383.66345000001,0.3015991165184233,seaweeds
181,2012,21714.030000000002,18214.285,51383.66345000001,0.3544761851735972,seaweeds
181,2013,25618.187,20749.079250000003,51383.66345000001,0.40380692727738937,seaweeds
181,2014,29040.547000000002,23920.7085,51383.66345000001,0.4655313944922702,seaweeds
181,2015,33500.670000000006,27468.358500000002,51383.66345000001,0.534573766363091,seaweeds
181,2016,30247.820000000003,29601.806000000004,51383.66345000001,0.5760937234225171,seaweeds
181,2017,42924.22,33928.31425,51383.66345000001,0.6602937971329095,seaweeds
181,2018,51477.507000000005,39537.55425,51383.66345000001,0.7694576757547247,seaweeds
181,2019,46737.99400000001,42846.88525000001,51383.66345000001,0.8338620170921269,seaweeds
181,2020,52221.3343,48340.263825,51383.66345000001,0.9407710657306197,seaweeds
181,2021,55097.81850000001,51383.66345000001,51383.66345000001,1,seaweeds
181,2022,49134.7917,50797.984625000005,51383.66345000001,0.9886018476364592,seaweeds
181,2023,40190.6468,49161.14782500001,51383.66345000001,0.9567466491142138,seaweeds
182,2004,725.61,725.61,3005.56975,0.24142178034630538,seaweeds
182,2005,769.83,747.72,3005.56975,0.24877812268372743,seaweeds
182,2006,716.9000000000001,737.4466666666667,3005.56975,0.24536002422391517,seaweeds
182,2007,830.13,760.6175000000001,3005.56975,0.25306932238055696,seaweeds
182,2008,627.12,735.995,3005.56975,0.24487703205024605,seaweeds
182,2009,706.1800000000001,720.0825,3005.56975,0.23958269476194985,seaweeds
182,2010,802.6600000000001,741.5225,3005.56975,0.24671611763460155,seaweeds
182,2011,924.6,765.1400000000001,3005.56975,0.254574028767757,seaweeds
182,2012,1205.3300000000002,909.6925000000001,3005.56975,0.3026689032919632,seaweeds
182,2013,1438.49,1092.77,3005.56975,0.3635816470404654,seaweeds
182,2014,1605.99,1293.6025,3005.56975,0.4304017566053824,seaweeds
182,2015,2079.6800000000003,1582.3725000000002,3005.56975,0.5264800459214097,seaweeds
182,2016,1811.68,1733.96,3005.56975,0.5769155748257049,seaweeds
182,2017,1591.92,1772.3175,3005.56975,0.5896777141838082,seaweeds
182,2018,2630.42,2028.4250000000002,3005.56975,0.6748886795922804,seaweeds
182,2019,2514.6775000000002,2137.174375,3005.56975,0.7110712952178202,seaweeds
182,2020,2558.2945,2323.828,3005.56975,0.7731738716095342,seaweeds
182,2021,3324.5333,2756.981325,3005.56975,0.9172907482849134,seaweeds
182,2022,2833.9660000000003,2807.8678250000003,3005.56975,0.9342214816342227,seaweeds
182,2023,3305.4852,3005.56975,3005.56975,1,seaweeds
183,2004,194.3,194.3,1219.87235,0.15927896062239627,seaweeds
183,2005,233.16000000000003,213.73000000000002,1219.87235,0.1752068566846359,seaweeds
183,2006,231.15,219.5366666666667,1219.87235,0.17996691757679947,seaweeds
183,2007,325.62,246.0575,1219.87235,0.20170758030543112,seaweeds
183,2008,157.45000000000002,236.84500000000003,1219.87235,0.19415556062074857,seaweeds
183,2009,122.61000000000001,209.2075,1219.87235,0.1714995015667008,seaweeds
183,2010,162.81,192.1225,1219.87235,0.1574939377878349,seaweeds
183,2011,116.58000000000001,139.8625,1219.87235,0.11465338975836283,seaweeds
183,2012,387.26000000000005,197.31500000000003,1219.87235,0.16175053070101966,seaweeds
183,2013,770.5,359.2875,1219.87235,0.2945287677026207,seaweeds
183,2014,201.67000000000002,369.0025,1219.87235,0.3024927157337405,seaweeds
183,2015,478.38000000000005,459.45250000000004,1219.87235,0.37663981809244224,seaweeds
183,2016,1147.71,649.565,1219.87235,0.5324860424945282,seaweeds
183,2017,1030.46,714.5550000000001,1219.87235,0.5857621086337436,seaweeds
183,2018,1932.95,1147.375,1219.87235,0.9405697243650124,seaweeds
183,2019,768.3694,1219.87235,1219.87235,1,seaweeds
183,2020,439.1046,1042.721,1219.87235,0.8547787807470183,seaweeds
183,2021,823.6779,991.025475,1219.87235,0.812400965560044,seaweeds
183,2022,271.28970000000004,575.6104,1219.87235,0.4718611746548727,seaweeds
183,2023,379.2669000000001,478.33477500000004,1219.87235,0.39211871225706524,seaweeds
184,2004,303.51,303.51,1118.26685,0.2714110679396425,seaweeds
184,2005,339.02000000000004,321.265,1118.26685,0.2872883158433964,seaweeds
184,2006,420.76000000000005,354.43,1118.26685,0.3169458166447481,seaweeds
184,2007,625.11,422.1,1118.26685,0.3774591011081121,seaweeds
184,2008,402,446.7225,1118.26685,0.399477548672752,seaweeds
184,2009,301.5,437.34250000000003,1118.26685,0.3910895686481273,seaweeds
184,2010,292.12,405.1825,1118.26685,0.3623307799922711,seaweeds
184,2011,361.8,339.355,1118.26685,0.30346513446231554,seaweeds
184,2012,426.12,345.385,1118.26685,0.30885740733528855,seaweeds
184,2013,542.7,405.685,1118.26685,0.36278013606501885,seaweeds
184,2014,670,500.15500000000003,1118.26685,0.44725907774159634,seaweeds
184,2015,479.72,529.635,1118.26685,0.4736213006761311,seaweeds
184,2016,741.0200000000001,608.36,1118.26685,0.5440204187399457,seaweeds
184,2017,943.36,708.5250000000001,1118.26685,0.6335920625743311,seaweeds
184,2018,1239.5,850.9000000000001,1118.26685,0.7609096165195276,seaweeds
184,2019,852.7693,944.162325,1118.26685,0.8443086057679345,seaweeds
184,2020,1093.4802,1032.2773750000001,1118.26685,0.9231046909778289,seaweeds
184,2021,1193.0221000000001,1094.6929,1118.26685,0.9789192087738271,seaweeds
184,2022,1084.9712,1056.0607,1118.26685,0.9443727139009799,seaweeds
184,2023,1101.5939,1118.26685,1118.26685,1,seaweeds
186,2004,0.067,0.067,0,1,seaweeds
186,2005,0.067,0.067,0,1,seaweeds
186,2006,0,0.04466666666666667,0,1,seaweeds
186,2007,0,0.0335,0,1,seaweeds
186,2008,0,0.01675,0,1,seaweeds
186,2009,0,0,0,0,seaweeds
186,2010,0,0,0,0,seaweeds
186,2011,0,0,0,0,seaweeds
186,2012,0,0,0,0,seaweeds
186,2013,0,0,0,0,seaweeds
186,2014,0,0,0,0,seaweeds
186,2015,0,0,0,0,seaweeds
186,2016,0,0,0,0,seaweeds
186,2017,0,0,0,0,seaweeds
186,2018,0,0,0,0,seaweeds
186,2019,0,0,0,0,seaweeds
186,2020,0,0,0,0,seaweeds
186,2021,0,0,0,0,seaweeds
186,2022,0,0,0,0,seaweeds
186,2023,0,0,0,0,seaweeds
187,2004,0.067,0.067,0.6197500000000001,0.10810810810810809,seaweeds
187,2005,0.134,0.1005,0.6197500000000001,0.16216216216216214,seaweeds
187,2006,0.134,0.11166666666666668,0.6197500000000001,0.18018018018018017,seaweeds
187,2007,0.134,0.11725000000000001,0.6197500000000001,0.18918918918918917,seaweeds
187,2008,0.7370000000000001,0.28475000000000006,0.6197500000000001,0.45945945945945943,seaweeds
187,2009,0.134,0.28475000000000006,0.6197500000000001,0.45945945945945943,seaweeds
187,2010,0.134,0.28475000000000006,0.6197500000000001,0.45945945945945943,seaweeds
187,2011,0.134,0.28475000000000006,0.6197500000000001,0.45945945945945943,seaweeds
187,2012,2.0770000000000004,0.6197500000000001,0.6197500000000001,1,seaweeds
187,2013,0.134,0.6197500000000001,0.6197500000000001,1,seaweeds
187,2014,0.134,0.6197500000000001,0.6197500000000001,1,seaweeds
187,2015,0.134,0.6197500000000001,0.6197500000000001,1,seaweeds
187,2016,0.20100000000000004,0.15075000000000002,0.6197500000000001,0.24324324324324323,seaweeds
187,2017,0.20100000000000004,0.16750000000000004,0.6197500000000001,0.2702702702702703,seaweeds
187,2018,0.134,0.16750000000000004,0.6197500000000001,0.2702702702702703,seaweeds
187,2019,0.36850000000000005,0.22612500000000002,0.6197500000000001,0.3648648648648648,seaweeds
187,2020,0.2412,0.23617500000000002,0.6197500000000001,0.381081081081081,seaweeds
187,2021,0.5659550806311738,0.3274137701577935,0.6197500000000001,0.5282997501537611,seaweeds
187,2022,0.5494,0.4312637701577935,0.6197500000000001,0.6958673177213286,seaweeds
187,2023,0.8911000000000001,0.5619137701577935,0.6197500000000001,0.9066781285321395,seaweeds
188,2004,31.699134046119873,31.699134046119873,12.596,1,seaweeds
188,2005,3.35,17.524567023059937,12.596,1,seaweeds
188,2006,28.38032105992997,21.143151702016613,12.596,1,seaweeds
188,2007,21.369036071436003,21.19962279437146,12.596,1,seaweeds
188,2008,29.68653451641445,20.696472911945104,12.596,1,seaweeds
188,2009,2.68,20.528972911945107,12.596,1,seaweeds
188,2010,11.39,16.281392646962615,12.596,1,seaweeds
188,2011,18.09,15.461633629103613,12.596,1,seaweeds
188,2012,12.06,11.055,12.596,0.8776595744680851,seaweeds
188,2013,13.467000000000002,13.751750000000001,12.596,1,seaweeds
188,2014,6.767,12.596,12.596,1,seaweeds
188,2015,3.417,8.927750000000001,12.596,0.708776595744681,seaweeds
188,2016,2.747,6.599500000000001,12.596,0.5239361702127661,seaweeds
188,2017,0.804,3.43375,12.596,0.2726063829787234,seaweeds
188,2018,2.0770000000000004,2.26125,12.596,0.17952127659574468,seaweeds
188,2019,7.095300000000002,3.1808250000000005,12.596,0.2525265957446809,seaweeds
188,2020,2.2713,3.0619000000000005,12.596,0.24308510638297876,seaweeds
188,2021,14.1906,6.408550000000001,12.596,0.5087765957446809,seaweeds
188,2022,12.8908,9.112,12.596,0.723404255319149,seaweeds
188,2023,13.406700000000003,10.68985,12.596,0.8486702127659574,seaweeds
189,2004,1.34,1.34,209.22592500000002,0.006404560046753288,seaweeds
189,2005,5.36,3.35,209.22592500000002,0.01601140011688322,seaweeds
189,2006,41.54,16.08,209.22592500000002,0.07685472056103944,seaweeds
189,2007,4.69,13.2325,209.22592500000002,0.06324503046168872,seaweeds
189,2008,16.75,17.085,209.22592500000002,0.08165814059610442,seaweeds
189,2009,24.12,21.775,209.22592500000002,0.10407410075974093,seaweeds
189,2010,60.300000000000004,26.465,209.22592500000002,0.12649006092337745,seaweeds
189,2011,69.68,42.712500000000006,209.22592500000002,0.20414535149026108,seaweeds
189,2012,40.2,48.575,209.22592500000002,0.2321653016948067,seaweeds
189,2013,41.698997439663906,52.96974935991598,209.22592500000002,0.2531701048037712,seaweeds
189,2014,43.550000000000004,48.78224935991598,209.22592500000002,0.2331558546576672,seaweeds
189,2015,87.10000000000001,53.137249359915984,209.22592500000002,0.2539706748096154,seaweeds
189,2016,80.4,63.18724935991598,209.22592500000002,0.30200487516026503,seaweeds
189,2017,97.15,77.05000000000001,209.22592500000002,0.3682622026883141,seaweeds
189,2018,131.99,99.16000000000001,209.22592500000002,0.47393744345974337,seaweeds
189,2019,57.11750000000001,91.664375,209.22592500000002,0.4381119356982171,seaweeds
189,2020,150.281,109.134625,209.22592500000002,0.5216113873077631,seaweeds
189,2021,168.572,126.990125,209.22592500000002,0.6069521499307506,seaweeds
189,2022,221.76330000000002,149.43345,209.22592500000002,0.7142205250138097,seaweeds
189,2023,296.28740000000005,209.22592500000002,209.22592500000002,1,seaweeds
191,2016,10.72,10.72,62.0889,0.17265565986835008,seaweeds
191,2017,20.77,15.745000000000001,62.0889,0.25358800043163915,seaweeds
191,2018,26.130000000000003,19.206666666666667,62.0889,0.3093413905974605,seaweeds
191,2019,2.2646,14.971150000000002,62.0889,0.24112441998489265,seaweeds
191,2020,41.3122,22.6192,62.0889,0.3643034423222186,seaweeds
191,2021,84.6277,38.583625,62.0889,0.621425488291788,seaweeds
191,2022,23.349500000000003,37.8885,62.0889,0.6102298478471997,seaweeds
191,2023,99.06620000000001,62.0889,62.0889,1,seaweeds
195,2015,0.134,0.134,0.134,1,seaweeds
195,2016,0.067,0.1005,0.134,0.75,seaweeds
195,2017,0.134,0.11166666666666668,0.134,0.8333333333333334,seaweeds
195,2018,0.067,0.1005,0.134,0.75,seaweeds
195,2019,0.0335,0.075375,0.134,0.5625,seaweeds
195,2020,0,0.058625000000000003,0.134,0.4375,seaweeds
195,2021,0,0.025125,0.134,0.1875,seaweeds
195,2022,0.0134,0.011725000000000001,0.134,0.08750000000000001,seaweeds
195,2023,0.0134,0.0067,0.134,0.049999999999999996,seaweeds
196,2011,5.36,5.36,21.775000000000002,0.24615384615384614,seaweeds
196,2012,5.36,5.36,21.775000000000002,0.24615384615384614,seaweeds
196,2013,76.38000000000001,29.03333333333334,21.775000000000002,1,seaweeds
196,2014,0,21.775000000000002,21.775000000000002,1,seaweeds
196,2015,0.067,20.451750000000004,21.775000000000002,0.9392307692307693,seaweeds
196,2016,0,19.11175,21.775000000000002,0.8776923076923077,seaweeds
196,2017,0,0.01675,21.775000000000002,7.692307692307692e-4,seaweeds
196,2018,0,0.01675,21.775000000000002,7.692307692307692e-4,seaweeds
196,2019,0,0,21.775000000000002,0,seaweeds
196,2020,0,0,21.775000000000002,0,seaweeds
196,2021,0,0,21.775000000000002,0,seaweeds
196,2022,0,0,21.775000000000002,0,seaweeds
196,2023,0,0,21.775000000000002,0,seaweeds
202,2004,45378.162000000004,45378.162000000004,89237.532825,0.5085098227557369,seaweeds
202,2005,46459.944,45919.053,89237.532825,0.5145710728024041,seaweeds
202,2006,48330.450000000004,46722.852000000006,89237.532825,0.5235784822920445,seaweeds
202,2007,53614.99125000001,48445.8868125,89237.532825,0.5428868916345458,seaweeds
202,2008,68103.72450000001,54127.27743750001,89237.532825,0.6065528228312491,seaweeds
202,2009,65258.182575000006,58826.83708125001,89237.532825,0.659216309762988,seaweeds
202,2010,79629.04440000001,66651.48568125001,89237.532825,0.7468996908728691,seaweeds
202,2011,82648.92869999999,73909.97004375,89237.532825,0.8282386088451342,seaweeds
202,2012,94958.26920000001,80623.60621875,89237.532825,0.9034719323410431,seaweeds
202,2013,70748.6634,81996.226425,89237.532825,0.9188535790853762,seaweeds
202,2014,84575.57400000001,83232.858825,89237.532825,0.9327113400616363,seaweeds
202,2015,104946.8436,88807.33755,89237.532825,0.9951792114665066,seaweeds
202,2016,71544.8646,82953.9864,89237.532825,0.9295862825194595,seaweeds
202,2017,70934.508,83000.44755,89237.532825,0.9301069283568015,seaweeds
202,2018,63742.22550000001,77792.110425,89237.532825,0.8717420569835214,seaweeds
202,2019,59205.555000000015,66356.788275,89237.532825,0.7435972978447255,seaweeds
202,2020,53891.5572,61943.46142500001,89237.532825,0.6941413490943855,seaweeds
202,2021,87392.91060000002,66058.06207500001,89237.532825,0.7402497579638796,seaweeds
202,2022,90739.74149999999,72807.44107500001,89237.532825,0.8158836172418577,seaweeds
202,2023,124925.922,89237.532825,89237.532825,1,seaweeds
203,2004,506.52000000000004,506.52000000000004,2716.515,0.18645948945615984,seaweeds
203,2005,542.7,524.61,2716.515,0.19311875693673697,seaweeds
203,2006,980.8800000000001,676.7,2716.515,0.24910593168084846,seaweeds
203,2007,1266.3000000000002,824.1000000000001,2716.515,0.3033666296707363,seaweeds
203,2008,2363.76,1288.41,2716.515,0.4742878283388828,seaweeds
203,2009,3477.3,2022.0600000000002,2716.515,0.7443581206067333,seaweeds
203,2010,2130.6,2309.4900000000002,2716.515,0.8501664816870146,seaweeds
203,2011,2261.25,2558.2275,2716.515,0.94173140954495,seaweeds
203,2012,2261.25,2532.6,2716.515,0.9322974472807991,seaweeds
203,2013,2261.25,2228.5875,2716.515,0.8203847576766556,seaweeds
203,2014,1507.5,2072.8125,2716.515,0.7630410654827969,seaweeds
203,2015,1507.5,1884.375,2716.515,0.6936736958934517,seaweeds
203,2016,1005.0000000000001,1570.3125,2716.515,0.5780614132445431,seaweeds
203,2017,2446.6725,1616.6681250000001,2716.515,0.5951257861635221,seaweeds
203,2018,2664.255,1905.8568750000002,2716.515,0.7015815760266372,seaweeds
203,2019,2663.25,2194.794375,2716.515,0.807944876063633,seaweeds
203,2020,2663.25,2609.356875,2716.515,0.9605530891601924,seaweeds
203,2021,2663.25,2663.5012500000003,2716.515,0.9804846466888644,seaweeds
203,2022,2663.25,2663.25,2716.515,0.9803921568627452,seaweeds
203,2023,2876.31,2716.515,2716.515,1,seaweeds
204,2007,5.36,5.36,69.01,0.07766990291262135,seaweeds
204,2008,0,2.68,69.01,0.038834951456310676,seaweeds
204,2009,33.5,12.953333333333333,69.01,0.18770226537216828,seaweeds
204,2010,42.21,20.267500000000002,69.01,0.2936893203883495,seaweeds
204,2011,49.580000000000005,31.3225,69.01,0.45388349514563103,seaweeds
204,2012,49.580000000000005,43.7175,69.01,0.6334951456310679,seaweeds
204,2013,69.01,52.595000000000006,69.01,0.7621359223300971,seaweeds
204,2014,23.450000000000003,47.905,69.01,0.6941747572815533,seaweeds
204,2015,134,69.01,69.01,1,seaweeds
204,2016,1.9356798099195376,57.09891995247989,69.01,0.8274006658814648,seaweeds
204,2017,5.025,41.102669952479886,69.01,0.5956045493766103,seaweeds
204,2018,10.05,37.752669952479884,69.01,0.547060860056222,seaweeds
204,2019,20.1,9.277669952479885,69.01,0.13443950083292108,seaweeds
204,2020,39.195,18.5925,69.01,0.26941747572815533,seaweeds
204,2021,44.220000000000006,28.391250000000003,69.01,0.4114077669902913,seaweeds
204,2022,49.245000000000005,38.190000000000005,69.01,0.5533980582524272,seaweeds
204,2023,52.260000000000005,46.230000000000004,69.01,0.6699029126213593,seaweeds
205,2008,191.03040000000001,191.03040000000001,1531.62603,0.12472391840977005,seaweeds
205,2009,795.96,493.4952,1531.62603,0.32220345589190597,seaweeds
205,2010,1389.01653,792.0023100000001,1531.62603,0.5170990140458765,seaweeds
205,2011,1549.73412,981.4352625,1531.62603,0.6407799575592222,seaweeds
205,2012,2122.56,1464.3176625,1531.62603,0.9560543068728077,seaweeds
205,2013,1061.28,1530.6476625,1531.62603,0.9993612229873111,seaweeds
205,2014,1392.93,1531.62603,1531.62603,1,seaweeds
205,2015,1541.5092,1529.5698,1531.62603,0.9986574856004504,seaweeds
205,2016,19.859202000000003,1003.8946005,1531.62603,0.6554436793555931,seaweeds
205,2017,113.59344150000001,766.972960875,1531.62603,0.5007573296955524,seaweeds
205,2018,899.50113,643.615743375,1531.62603,0.42021729245160455,seaweeds
205,2019,299.4967000000001,333.112618375,1531.62603,0.21748952541306707,seaweeds
205,2020,1081.3867,598.494492875,1531.62603,0.3907575877872747,seaweeds
205,2021,208.7117,622.2740575,1531.62603,0.4062832867237181,seaweeds
205,2022,86.229,418.956025,1531.62603,0.2735367621037363,seaweeds
205,2023,9.051700000000002,346.344775,1531.62603,0.22612881226626846,seaweeds
206,2004,20434.464,20434.464,183570.5136375,0.1113167011143865,seaweeds
206,2005,26411.4,23422.932,183570.5136375,0.1275963744714126,seaweeds
206,2006,39617.100000000006,28820.988,183570.5136375,0.15700227356182772,seaweeds
206,2007,59618.007000000005,36520.242750000005,183570.5136375,0.19894394816651864,seaweeds
206,2008,73504.494,49787.750250000005,183570.5136375,0.2712186683113867,seaweeds
206,2009,91750.671,66122.568,183570.5136375,0.3602025548099376,seaweeds
206,2010,137418.876,90573.012,183570.5136375,0.49339629881330593,seaweeds
206,2011,158827.185,115375.3065,183570.5136375,0.6285067477004161,seaweeds
206,2012,219877.317,151968.51225,183570.5136375,0.8278481616611639,seaweeds
206,2013,178713.71496000004,173709.27324,183570.5136375,0.9462809129740022,seaweeds
206,2014,162728.7156,180036.73314000003,183570.5136375,0.9807497379209921,seaweeds
206,2015,172962.30699,183570.5136375,183570.5136375,1,seaweeds
206,2016,136632.5037,162759.31031250002,183570.5136375,0.8866310121782617,seaweeds
206,2017,134627.069214,151737.648876,183570.5136375,0.8265905339004447,seaweeds
206,2018,115469.38656000001,139922.816616,183570.5136375,0.7622292591734428,seaweeds
206,2019,124773.363,127875.5806185,183570.5136375,0.6966019655586856,seaweeds
206,2020,120761.0613,123907.7200185,183570.5136375,0.6749870530034187,seaweeds
206,2021,118649.00656499999,119913.20435625,183570.5136375,0.6532269370507116,seaweeds
206,2022,204273.91171800002,142114.33564575,183570.5136375,0.7741675546345408,seaweeds
206,2023,149294.83236,148244.70298575,183570.5136375,0.8075627182614495,seaweeds
207,2004,8341.5,8341.5,8964.50955,0.9305026620223746,seaweeds
207,2005,8341.5,8341.5,8964.50955,0.9305026620223746,seaweeds
207,2006,8341.5,8341.5,8964.50955,0.9305026620223746,seaweeds
207,2007,8341.5,8341.5,8964.50955,0.9305026620223746,seaweeds
207,2008,8341.5,8341.5,8964.50955,0.9305026620223746,seaweeds
207,2009,8341.5,8341.5,8964.50955,0.9305026620223746,seaweeds
207,2010,9924.5157,8737.253925,8964.50955,0.9746494078976133,seaweeds
207,2011,8459.9292,8766.861225,8964.50955,0.9779521318040204,seaweeds
207,2012,10865.6982,9397.910775,8964.50955,1,seaweeds
207,2013,8143.5753,9348.4296,8964.50955,1,seaweeds
207,2014,8388.835500000001,8964.50955,8964.50955,1,seaweeds
207,2015,7121.872200000001,8629.9953,8964.50955,0.9626846010778135,seaweeds
207,2016,5910.07335,7391.0890875000005,8964.50955,0.8244833748322573,seaweeds
207,2017,5602.46295,6755.811000000001,8964.50955,0.7536174692345551,seaweeds
207,2018,10573.47033,7301.9697075,8964.50955,0.8145420189217155,seaweeds
207,2019,7580.916,7416.7306575,8964.50955,0.8273437175935632,seaweeds
207,2020,7129.220157000001,7721.5173592500005,8964.50955,0.8613429787968713,seaweeds
207,2021,10222.592,8876.54962175,8964.50955,0.9901879820910001,seaweeds
207,2022,8634.3235,8391.76291425,8964.50955,0.9361095403428958,seaweeds
207,2023,5547.378900000001,7883.378639250001,8964.50955,0.8793987663552659,seaweeds
208,2004,217.08,217.08,144.05,1,seaweeds
208,2005,209.04000000000002,213.06,144.05,1,seaweeds
208,2006,321.6,249.24,144.05,1,seaweeds
208,2007,300.16,261.97,144.05,1,seaweeds
208,2008,310.21000000000004,285.25250000000005,144.05,1,seaweeds
208,2009,234.5,291.6175,144.05,1,seaweeds
208,2010,239.19000000000003,271.01500000000004,144.05,1,seaweeds
208,2011,148.07000000000002,232.9925,144.05,1,seaweeds
208,2012,150.75,193.1275,144.05,1,seaweeds
208,2013,162.81,175.205,144.05,1,seaweeds
208,2014,114.57000000000001,144.05,144.05,1,seaweeds
208,2015,93.80000000000001,130.48250000000002,144.05,0.9058139534883721,seaweeds
208,2016,115.91000000000001,121.77250000000001,144.05,0.8453488372093023,seaweeds
208,2017,125.96000000000001,112.56,144.05,0.7813953488372093,seaweeds
208,2018,117.92,113.39750000000001,144.05,0.7872093023255814,seaweeds
208,2019,108.92860000000002,117.17965000000001,144.05,0.8134651162790698,seaweeds
208,2020,133.0285,121.459275,144.05,0.8431744186046511,seaweeds
208,2021,97.26390000000002,114.28525000000002,144.05,0.7933720930232558,seaweeds
208,2022,124.90810000000002,116.03227500000001,144.05,0.8055,seaweeds
208,2023,51.576600000000006,101.69427500000002,144.05,0.7059651162790699,seaweeds
209,2004,1521246.2828,1521246.2828,3654989.88059,0.41621080563824586,seaweeds
209,2005,1462615.9831000003,1491931.13295,3654989.88059,0.4081902225975979,seaweeds
209,2006,1634685.5640000002,1539515.9433000002,3654989.88059,0.4212093586019687,seaweeds
209,2007,1678284.206,1574208.0089750001,3654989.88059,0.4307010581164417,seaweeds
209,2008,1807803.9160000002,1645847.4172750001,3654989.88059,0.45030149769096545,seaweeds
209,2009,1868975.5190000003,1747437.3012500003,3654989.88059,0.4780963445425253,seaweeds
209,2010,2011878.2110000004,1841735.4630000002,3654989.88059,0.5038961866298522,seaweeds
209,2011,2084361.4508000002,1943254.7742000003,3654989.88059,0.5316717248711819,seaweeds
209,2012,2345580.6622,2077698.9607500003,3654989.88059,0.5684554618834161,seaweeds
209,2013,2607420.7157,2262310.2599250004,3654989.88059,0.6189648491064526,seaweeds
209,2014,2028374.6964,2266434.381275,3654989.88059,0.6200932028050226,seaweeds
209,2015,2119695.2207,2275267.82375,3654989.88059,0.6225100200230155,seaweeds
209,2016,2408060.07304,2290887.67646,3654989.88059,0.6267835893680225,seaweeds
209,2017,2503788.0034000003,2264979.498385,3654989.88059,0.6196951489286695,seaweeds
209,2018,2682769.2440000004,2428578.1352850003,3654989.88059,0.6644555018283584,seaweeds
209,2019,2930877.078,2631373.5996100004,3654989.88059,0.7199400506097258,seaweeds
209,2020,3045826.0621600007,2790815.0968900006,3654989.88059,0.7635630160594311,seaweeds
209,2021,3261664.453,2980284.2092900006,3654989.88059,0.8154014940279161,seaweeds
209,2022,4434405.988000001,3418193.3952900004,3654989.88059,0.9352128205449982,seaweeds
209,2023,3878063.0192,3654989.88059,3654989.88059,1,seaweeds
210,2004,7592.741500000001,7592.741500000001,6513.247550000001,1,seaweeds
210,2005,7359.956700000001,7476.349100000001,6513.247550000001,1,seaweeds
210,2006,7835.348500000001,7596.015566666668,6513.247550000001,1,seaweeds
210,2007,8055.5172,7710.890975,6513.247550000001,1,seaweeds
210,2008,7385.5574,7659.094950000001,6513.247550000001,1,seaweeds
210,2009,6637.7905,7478.553400000001,6513.247550000001,1,seaweeds
210,2010,6300.5661,7094.8578,6513.247550000001,1,seaweeds
210,2011,5127.0812000000005,6362.7488,6513.247550000001,0.9768934392797645,seaweeds
210,2012,6577.075100000001,6160.628225,6513.247550000001,0.9458612125068084,seaweeds
210,2013,6449.667900000001,6113.597575000001,6513.247550000001,0.9386404444277571,seaweeds
210,2014,6380.443500000001,6133.566925000001,6513.247550000001,0.9417064034361783,seaweeds
210,2015,6437.7017000000005,6461.222050000001,6513.247550000001,0.9920123564165775,seaweeds
210,2016,5733.927000000001,6250.435025000001,6513.247550000001,0.9596495414948568,seaweeds
210,2017,6561.222900000001,6278.323775000001,6513.247550000001,0.9639313916450174,seaweeds
210,2018,6764.072100000001,6374.230925000001,6513.247550000001,0.9786563271343801,seaweeds
210,2019,5904.850700000001,6241.018175000001,6513.247550000001,0.9582037420027126,seaweeds
210,2020,6822.844500000001,6513.247550000001,6513.247550000001,1,seaweeds
210,2021,6311.580900000001,6450.837050000001,6513.247550000001,0.9904179137180192,seaweeds
210,2022,5459.086300000001,6124.590600000001,6513.247550000001,0.9403282391746343,seaweeds
210,2023,5636.04,6057.387925000001,6513.247550000001,0.9300103947377218,seaweeds
212,2004,2354.112,2354.112,3278.8125,0.7179770114942529,seaweeds
212,2005,3015,2684.556,3278.8125,0.8187586206896552,seaweeds
212,2006,5328.711,3565.9410000000003,3278.8125,1,seaweeds
212,2007,670.5360000000001,2842.08975,3278.8125,0.8668045977011495,seaweeds
212,2008,652.7475000000001,2416.748625,3278.8125,0.737080459770115,seaweeds
212,2009,1078.0434,1932.509475,3278.8125,0.5893931034482759,seaweeds
212,2010,2861.235,1315.6404750000002,3278.8125,0.40125517241379316,seaweeds
212,2011,2586.8700000000003,1794.723975,3278.8125,0.5473701149425287,seaweeds
212,2012,4992.84,2879.7471,3278.8125,0.8782896551724138,seaweeds
212,2013,1356.75,2949.42375,3278.8125,0.8995402298850574,seaweeds
212,2014,4178.79,3278.8125,3278.8125,1,seaweeds
212,2015,2116.53,3161.2275,3278.8125,0.9641379310344828,seaweeds
212,2016,0,1913.0175,3278.8125,0.5834482758620689,seaweeds
212,2017,90.45,1596.4425,3278.8125,0.486896551724138,seaweeds
212,2018,0,551.745,3278.8125,0.16827586206896553,seaweeds
212,2019,0,22.6125,3278.8125,0.006896551724137931,seaweeds
212,2020,0,22.6125,3278.8125,0.006896551724137931,seaweeds
212,2021,0,0,3278.8125,0,seaweeds
212,2022,0,0,3278.8125,0,seaweeds
212,2023,0,0,3278.8125,0,seaweeds
214,2004,46.900000000000006,46.900000000000006,62.276500000000006,0.7530930607853685,seaweeds
214,2005,0,23.450000000000003,62.276500000000006,0.37654653039268426,seaweeds
214,2006,0,15.633333333333335,62.276500000000006,0.2510310202617895,seaweeds
214,2007,13.4,15.075000000000001,62.276500000000006,0.24206562668101128,seaweeds
214,2008,16.75,7.5375,62.276500000000006,0.12103281334050563,seaweeds
214,2009,39.53,17.42,62.276500000000006,0.27972027972027974,seaweeds
214,2010,37.52,26.8,62.276500000000006,0.4303388918773534,seaweeds
214,2011,54.27,37.0175,62.276500000000006,0.5944055944055944,seaweeds
214,2012,32.160000000000004,40.870000000000005,62.276500000000006,0.656266810112964,seaweeds
214,2013,4.757,32.176750000000006,62.276500000000006,0.5166756320602475,seaweeds
214,2014,28.810000000000002,29.999250000000004,62.276500000000006,0.48171059709521247,seaweeds
214,2015,33.5,24.80675,62.276500000000006,0.39833243679397523,seaweeds
214,2016,32.830000000000005,24.97425,62.276500000000006,0.4010220548682087,seaweeds
214,2017,99.16000000000001,48.575,62.276500000000006,0.779989241527703,seaweeds
214,2018,42.88,52.0925,62.276500000000006,0.8364712210866057,seaweeds
214,2019,74.236,62.276500000000006,62.276500000000006,1,seaweeds
214,2020,0,54.069,62.276500000000006,0.8682087143625605,seaweeds
214,2021,0,29.279000000000003,62.276500000000006,0.4701452393760086,seaweeds
214,2022,0,18.559,62.276500000000006,0.2980096826250672,seaweeds
214,2023,0,0,62.276500000000006,0,seaweeds
215,2013,1.34,1.34,1.0050000000000001,1,seaweeds
215,2014,0.67,1.0050000000000001,1.0050000000000001,1,seaweeds
215,2015,0.067,0.6923333333333334,1.0050000000000001,0.6888888888888889,seaweeds
215,2016,0,0.51925,1.0050000000000001,0.5166666666666666,seaweeds
215,2017,0,0.18425000000000002,1.0050000000000001,0.18333333333333335,seaweeds
215,2018,0,0.01675,1.0050000000000001,0.016666666666666666,seaweeds
215,2019,0,0,1.0050000000000001,0,seaweeds
215,2020,0,0,1.0050000000000001,0,seaweeds
215,2021,0.402,0.1005,1.0050000000000001,0.09999999999999999,seaweeds
215,2022,0,0.1005,1.0050000000000001,0.09999999999999999,seaweeds
215,2023,0,0.1005,1.0050000000000001,0.09999999999999999,seaweeds
216,2004,246306.80700000003,246306.80700000003,6417440.719267501,0.03838084647365687,seaweeds
216,2005,544666.0815000001,395486.44425000006,6417440.719267501,0.06162681691201374,seaweeds
216,2006,693450,494807.62950000004,6417440.719267501,0.0771035761989054,seaweeds
216,2007,1017866.9145000001,625572.4507500001,6417440.719267501,0.09748005133445224,seaweeds
216,2008,1272621.0480000002,882151.011,6417440.719267501,0.13746149743954167,seaweeds
216,2009,1769751.5340000002,1188422.374125,6417440.719267501,0.1851863423618269,seaweeds
216,2010,2308939.3605,1592294.7142500002,6417440.719267501,0.24811989450394922,seaweeds
216,2011,3054237.009,2101387.237875,6417440.719267501,0.3274494194493871,seaweeds
216,2012,3850452.2790000006,2745845.0456250003,6417440.719267501,0.4278722883066096,seaweeds
216,2013,5508971.1165000005,3680649.94125,6417440.719267501,0.5735385961882506,seaweeds
216,2014,5965320.310500001,4594745.178750001,6417440.719267501,0.7159778141705148,seaweeds
216,2015,6679110.606000001,5500963.578000001,6417440.719267501,0.8571896210095248,seaweeds
216,2016,6526812.4175700005,6170053.612642501,6417440.719267501,0.9614508154501133,seaweeds
216,2017,6253743.853500001,6356246.7968925005,6417440.719267501,0.9904644351148779,seaweeds
216,2018,6210096,6417440.719267501,6417440.719267501,1,seaweeds
216,2019,5776785.204900001,6191859.368992501,6417440.719267501,0.9648487052482274,seaweeds
216,2020,5658231.472,5974714.1326,6417440.719267501,0.9310119709655792,seaweeds
216,2021,5275588.681525,5730175.339606251,6417440.719267501,0.8929066259080776,seaweeds
216,2022,5422626.3102227,5533307.917161926,6417440.719267501,0.8622296892511861,seaweeds
216,2023,5727051.842322101,5520874.576517451,6417440.719267501,0.8602922594893271,seaweeds
218,2004,1231.46,1231.46,4513.470075,0.2728410689639944,seaweeds
218,2005,1416.38,1323.92,4513.470075,0.29332641581765667,seaweeds
218,2006,1849.8700000000001,1499.2366666666667,4513.470075,0.3321694044169921,seaweeds
218,2007,1886.0500000000002,1595.94,4513.470075,0.35359490003930066,seaweeds
218,2008,2395.25,1886.8875,4513.470075,0.41805694258424875,seaweeds
218,2009,2681.34,2203.1275,4513.470075,0.4881227666054704,seaweeds
218,2010,2782.51,2436.2875000000004,4513.470075,0.5397814673668796,seaweeds
218,2011,2974.8,2708.4750000000004,4513.470075,0.6000870627241282,seaweeds
218,2012,3061.23,2874.9700000000003,4513.470075,0.6369755315149619,seaweeds
218,2013,4107.77,3231.5775000000003,4513.470075,0.7159851392168586,seaweeds
218,2014,4095.0400000000004,3559.71,4513.470075,0.7886858538659969,seaweeds
218,2015,4113.867,3844.4767500000003,4513.470075,0.8517784955071404,seaweeds
218,2016,4067.57,4096.061750000001,4513.470075,0.9075194211850404,seaweeds
218,2017,4288.67,4141.28675,4513.470075,0.9175394277982446,seaweeds
218,2018,4239.09,4177.29925,4513.470075,0.9255183219532036,seaweeds
218,2019,4107.6293000000005,4175.739825000001,4513.470075,0.9251728172807262,seaweeds
218,2020,4960.720200000001,4399.027375000001,4513.470075,0.9746441877096084,seaweeds
218,2021,4746.4408,4513.470075,4513.470075,1,seaweeds
218,2022,3817.3651999999997,4408.038875,4513.470075,0.9766407668051283,seaweeds
218,2023,3241.6811000000002,4191.5518250000005,4513.470075,0.9286761084817872,seaweeds
222,2004,18.76,18.76,65.91795,0.2845962290999644,seaweeds
222,2005,2.68,10.72,65.91795,0.1626264166285511,seaweeds
222,2006,1.4070000000000003,7.615666666666668,65.91795,0.11553251681319986,seaweeds
222,2007,9.38,8.056750000000001,65.91795,0.12222391624739544,seaweeds
222,2008,3.35,4.20425,65.91795,0.06378004777150988,seaweeds
222,2009,11.457000000000003,6.398500000000001,65.91795,0.09706764242516645,seaweeds
222,2010,10.787,8.743500000000001,65.91795,0.132642171062662,seaweeds
222,2011,9.447000000000001,8.760250000000001,65.91795,0.1328962748386441,seaweeds
222,2012,6.767,9.614500000000001,65.91795,0.1458555674137318,seaweeds
222,2013,8.777000000000001,8.944500000000001,65.91795,0.13569141637444734,seaweeds
222,2014,18.157000000000004,10.787,65.91795,0.16364283173247954,seaweeds
222,2015,26.197000000000003,14.974500000000003,65.91795,0.22716877572800734,seaweeds
222,2016,44.89,24.505250000000004,65.91795,0.37175382426182857,seaweeds
222,2017,52.997,35.56025,65.91795,0.5394623164100218,seaweeds
222,2018,67.737,47.95525,65.91795,0.727499110636784,seaweeds
222,2019,98.04780000000001,65.91795,65.91795,1,seaweeds
222,2020,24.656,60.85945,65.91795,0.9232606596534024,seaweeds
222,2021,31.825000000000003,55.56645,65.91795,0.8429638664430553,seaweeds
222,2022,22.8336,44.3406,65.91795,0.6726635157798445,seaweeds
222,2023,36.4078,28.930600000000002,65.91795,0.43888804187630226,seaweeds
223,2004,2326.9100000000003,2326.9100000000003,2728.31035,0.8528758467672126,seaweeds
223,2005,2154.7200000000003,2240.8150000000005,2728.31035,0.8213196860100612,seaweeds
223,2006,2224.4,2235.3433333333337,2728.31035,0.8193141712537702,seaweeds
223,2007,1931.6770000000001,2159.42675,2728.31035,0.7914886772320459,seaweeds
223,2008,1364.7900000000002,1918.89675,2728.31035,0.7033278857003933,seaweeds
223,2009,723.6,1561.1167500000001,2728.31035,0.5721917779625034,seaweeds
223,2010,507.19000000000005,1131.8142500000001,2728.31035,0.41484072733880883,seaweeds
223,2011,359.857,738.8592500000001,2728.31035,0.27081202473904775,seaweeds
223,2012,485.14700000000005,518.9485000000001,2728.31035,0.19020874952880637,seaweeds
223,2013,428.19700000000006,445.09775,2728.31035,0.16314043964976344,seaweeds
223,2014,605.077,469.56950000000006,2728.31035,0.17211000207509386,seaweeds
223,2015,1518.287,759.177,2728.31035,0.2782590331045,seaweeds
223,2016,2438.197,1247.4395,2728.31035,0.45722052844904537,seaweeds
223,2017,2699.4970000000003,1815.2645000000002,2728.31035,0.6653438455049662,seaweeds
223,2018,3256.8700000000003,2478.21275,2728.31035,0.9083324226659185,seaweeds
223,2019,2518.6774,2728.31035,2728.31035,1,seaweeds
223,2020,2378.1918,2713.3090500000003,2728.31035,0.9945016152579563,seaweeds
223,2021,1936.6618,2522.60025,2728.31035,0.9246016495154226,seaweeds
223,2022,923.5590960587299,1939.2725240146824,2728.31035,0.7107961614464726,seaweeds
223,2023,944.0275960587298,1545.610073029365,2728.31035,0.566508158805821,seaweeds
224,2004,31589.160000000003,31589.160000000003,51595.527500000004,0.6122460905162759,seaweeds
224,2005,33280.91,32435.035000000003,51595.527500000004,0.6286404378751628,seaweeds
224,2006,29347.34,31405.803333333337,51595.527500000004,0.6086923587191416,seaweeds
224,2007,36272.46,32622.467500000002,51595.527500000004,0.6322731655374586,seaweeds
224,2008,38603.39,34376.025,51595.527500000004,0.6662597838543273,seaweeds
224,2009,44296.8825,37130.018125,51595.527500000004,0.7196363701291745,seaweeds
224,2010,45119.810000000005,41073.135625,51595.527500000004,0.796060000064928,seaweeds
224,2011,46783.420000000006,43700.875625,51595.527500000004,0.8469896082562582,seaweeds
224,2012,48992.41,46298.130625000005,51595.527500000004,0.897328370661585,seaweeds
224,2013,56222.380000000005,49279.505000000005,51595.527500000004,0.955111952290826,seaweeds
224,2014,51356.840000000004,50838.762500000004,51595.527500000004,0.9853327403232771,seaweeds
224,2015,46891.29,50865.73,51595.527500000004,0.9858554115955108,seaweeds
224,2016,51911.600000000006,51595.527500000004,51595.527500000004,1,seaweeds
224,2017,55235.47,51348.8,51595.527500000004,0.9952180448198732,seaweeds
224,2018,39850.26,48472.155,51595.527500000004,0.9394642781779873,seaweeds
224,2019,40837.4916,46958.705400000006,51595.527500000004,0.9101313170991421,seaweeds
224,2020,46776.0299,45674.812875,51595.527500000004,0.8852475221810651,seaweeds
224,2021,45490.922999999995,43238.676125,51595.527500000004,0.8380314771469289,seaweeds
224,2022,47125.3009,45057.43635,51595.527500000004,0.8732818237007074,seaweeds
224,2023,42046.9957,45359.812375,51595.527500000004,0.8791423321527239,seaweeds
231,2007,223.11,223.11,459.7875,0.4852459016393443,seaweeds
231,2008,241.20000000000002,232.15500000000003,459.7875,0.5049180327868853,seaweeds
231,2009,271.35,245.22000000000003,459.7875,0.5333333333333333,seaweeds
231,2010,904.5,410.04,459.7875,0.8918032786885246,seaweeds
231,2011,180.9,399.4875,459.7875,0.8688524590163934,seaweeds
231,2012,241.20000000000002,399.4875,459.7875,0.8688524590163934,seaweeds
231,2013,663.3000000000001,497.475,459.7875,1,seaweeds
231,2014,482.40000000000003,391.95000000000005,459.7875,0.8524590163934427,seaweeds
231,2015,331.65000000000003,429.63750000000005,459.7875,0.9344262295081968,seaweeds
231,2016,361.8,459.7875,459.7875,1,seaweeds
231,2017,452.25,407.02500000000003,459.7875,0.8852459016393442,seaweeds
231,2018,422.1,391.95000000000005,459.7875,0.8524590163934427,seaweeds
231,2019,422.1,414.5625,459.7875,0.9016393442622951,seaweeds
231,2020,422.1,429.63750000000005,459.7875,0.9344262295081968,seaweeds
231,2021,422.1,422.1,459.7875,0.9180327868852459,seaweeds
231,2022,422.1,422.1,459.7875,0.9180327868852459,seaweeds
231,2023,422.1,422.1,459.7875,0.9180327868852459,seaweeds
247,2004,0,0,8.301300000000001,0,seaweeds
247,2005,0,0,8.301300000000001,0,seaweeds
247,2006,0,0,8.301300000000001,0,seaweeds
247,2007,0,0,8.301300000000001,0,seaweeds
247,2008,0,0,8.301300000000001,0,seaweeds
247,2009,0,0,8.301300000000001,0,seaweeds
247,2010,0,0,8.301300000000001,0,seaweeds
247,2011,0,0,8.301300000000001,0,seaweeds
247,2012,0.067,0.01675,8.301300000000001,0.0020177562550443904,seaweeds
247,2013,0,0.01675,8.301300000000001,0.0020177562550443904,seaweeds
247,2014,0,0.01675,8.301300000000001,0.0020177562550443904,seaweeds
247,2015,0.7370000000000001,0.201,8.301300000000001,0.024213075060532687,seaweeds
247,2016,2.0100000000000002,0.6867500000000001,8.301300000000001,0.08272800645682002,seaweeds
247,2017,2.0770000000000004,1.2060000000000002,8.301300000000001,0.14527845036319612,seaweeds
247,2018,0.067,1.2227500000000002,8.301300000000001,0.14729620661824053,seaweeds
247,2019,2.4455,1.6498750000000002,8.301300000000001,0.19874899112187247,seaweeds
247,2020,13.292800000000002,4.470575,8.301300000000001,0.5385391444713478,seaweeds
247,2021,9.4939,6.324800000000001,8.301300000000001,0.7619047619047619,seaweeds
247,2022,6.807200000000001,8.00985,8.301300000000001,0.9648910411622275,seaweeds
247,2023,3.6113,8.301300000000001,8.301300000000001,1,seaweeds
250,2004,0,0,0.05025,0,seaweeds
250,2005,0,0,0.05025,0,seaweeds
250,2006,0,0,0.05025,0,seaweeds
250,2007,0,0,0.05025,0,seaweeds
250,2008,0,0,0.05025,0,seaweeds
250,2009,0,0,0.05025,0,seaweeds
250,2010,0,0,0.05025,0,seaweeds
250,2011,0.067,0.01675,0.05025,0.3333333333333333,seaweeds
250,2012,0.067,0.0335,0.05025,0.6666666666666666,seaweeds
250,2013,0.067,0.05025,0.05025,1,seaweeds
250,2014,0,0.05025,0.05025,1,seaweeds
250,2015,0,0.0335,0.05025,0.6666666666666666,seaweeds
250,2016,0,0.01675,0.05025,0.3333333333333333,seaweeds
250,2017,0,0,0.05025,0,seaweeds
250,2018,0,0,0.05025,0,seaweeds
250,2019,0,0,0.05025,0,seaweeds
250,2020,0,0,0.05025,0,seaweeds
250,2021,0,0,0.05025,0,seaweeds
250,2022,0,0,0.05025,0,seaweeds
250,2023,0,0,0.05025,0,seaweeds
