rgn_id,year,taxa_code,sust_coeff
14,2025,Abalones_1,0.9090909090909091
163,2025,Abalones_2,0.9090909090909091
25,2025,Abalones_3,0.9090909090909091
102,2025,Abalones_4,0.9090909090909091
224,2025,Abalones_5,0.9090909090909091
216,2025,Akiami paste shrimp_6,0.7662337662337662
14,2025,Amberjacks nei_7,0.8831168831168832
207,2025,Aquatic invertebrates nei_8,0.8181818181818181
143,2025,Arctic char_9,0.922077922077922
183,2025,Atlantic ditch shrimp_10,0.7662337662337662
182,2025,Atlantic ditch shrimp_11,0.7662337662337662
183,2025,Atlantic salmon_12,0.8831168831168832
143,2025,Atlantic salmon_13,0.8831168831168832
175,2025,Atlantic salmon_14,0.8831168831168832
75,2025,Baltic prawn_15,0.7662337662337662
216,2025,Banana prawn_16,0.4285714285714286
207,2025,Banana prawn_17,0.4935064935064935
13,2025,Banana prawn_18,0.8831168831168832
208,2025,Banana prawn_19,0.8831168831168832
15,2025,Banana prawn_20,0.8831168831168832
25,2025,Banana prawn_21,0.7402597402597402
206,2025,Banana prawn_22,0.4935064935064935
216,2025,Banded grouper_23,0.7662337662337662
216,2025,Barramundi(=Giant seaperch)_24,0.8831168831168832
25,2025,Barramundi(=Giant seaperch)_25,0.8831168831168832
206,2025,Barramundi(=Giant seaperch)_26,0.8831168831168832
16,2025,Barramundi(=Giant seaperch)_27,0.8831168831168832
14,2025,Barramundi(=Giant seaperch)_28,0.8831168831168832
15,2025,Barramundi(=Giant seaperch)_29,0.8831168831168832
208,2025,Barramundi(=Giant seaperch)_30,0.8831168831168832
79,2025,Barramundi(=Giant seaperch)_31,0.8831168831168832
147,2025,Barramundi(=Giant seaperch)_32,0.8831168831168832
40,2025,Barramundi(=Giant seaperch)_33,0.8831168831168832
203,2025,Barramundi(=Giant seaperch)_34,0.8831168831168832
53,2025,Barramundi(=Giant seaperch)_35,0.8831168831168832
54,2025,Barramundi(=Giant seaperch)_36,0.8831168831168832
216,2025,Barred-chest grouper_37,0.7662337662337662
20,2025,Bastard halibut_38,0.7662337662337662
216,2025,Bigeye trevally_39,0.8831168831168832
216,2025,Black pomfret_40,0.8831168831168832
14,2025,Blackhead seabream_41,0.7012987012987013
216,2025,Blacktail snapper_42,0.7662337662337662
163,2025,Blue crab_43,0.8181818181818181
137,2025,Blue shrimp_44,0.5194805194805195
129,2025,Blue shrimp_45,0.8831168831168832
147,2025,Blue shrimp_46,0.8831168831168832
5,2025,Blue shrimp_47,0.8831168831168832
134,2025,Blue shrimp_48,0.8831168831168832
131,2025,Blue shrimp_49,0.2857142857142857
139,2025,Blue shrimp_50,0.8831168831168832
247,2025,Blue shrimp_51,0.8831168831168832
6,2025,Blue shrimp_52,0.8831168831168832
216,2025,Blue shrimp_53,0.4285714285714286
18,2025,Blue shrimp_54,0.8831168831168832
135,2025,Blue shrimp_55,0.33766233766233766
14,2025,Blue swimming crab_56,0.8181818181818181
208,2025,Blue swimming crab_57,0.8181818181818181
16,2025,Brine shrimp_58,0.7662337662337662
191,2025,Brine shrimps nei_59,0.7662337662337662
16,2025,Brown tiger prawn_60,0.8831168831168832
208,2025,Brown-marbled grouper_61,0.7662337662337662
216,2025,Brown-marbled grouper_62,0.7662337662337662
84,2025,Caramote prawn_63,0.8831168831168832
182,2025,Caramote prawn_64,0.8831168831168832
14,2025,Clams_65,0.8831168831168832
62,2025,Clams_66,0.8831168831168832
216,2025,Coarse shrimp_67,0.4285714285714286
14,2025,Cobia_68,0.8831168831168832
182,2025,Cockles_69,0.8831168831168832
182,2025,Common prawn_70,0.7662337662337662
184,2025,Common prawn_71,0.7662337662337662
115,2025,Common snook_72,0.7662337662337662
84,2025,Common sole_73,0.8831168831168832
183,2025,Common sole_74,0.8831168831168832
80,2025,Common sole_75,0.8831168831168832
184,2025,Common two-banded seabream_76,0.5714285714285714
182,2025,Corrugated venus_77,0.8701298701298702
224,2025,Corvina drum_78,0.5974025974025974
208,2025,Crimson snapper_79,0.7662337662337662
216,2025,Deepwater longtail red snapper_80,0.7662337662337662
14,2025,Diphos sanguin_81,0.8701298701298702
16,2025,Eastern king prawn_82,0.8831168831168832
16,2025,Eastern school shrimp_83,0.8831168831168832
184,2025,European eel_84,0.6883116883116883
84,2025,European eel_85,0.6883116883116883
179,2025,European eel_86,0.6883116883116883
62,2025,European eel_87,0.6883116883116883
183,2025,European eel_88,0.6883116883116883
186,2025,European eel_89,0.6883116883116883
80,2025,European eel_90,0.6883116883116883
175,2025,European eel_91,0.6883116883116883
182,2025,European eel_92,0.6883116883116883
75,2025,European flounder_93,0.8831168831168832
184,2025,European seabass_94,0.5714285714285714
61,2025,European seabass_95,0.8831168831168832
179,2025,European seabass_96,0.5714285714285714
80,2025,European seabass_97,0.5714285714285714
214,2025,European seabass_98,0.09090909090909091
183,2025,European seabass_99,0.5714285714285714
176,2025,European seabass_100,0.8831168831168832
79,2025,European seabass_101,0.8831168831168832
182,2025,European seabass_102,0.5714285714285714
78,2025,European seabass_103,0.8831168831168832
175,2025,European whitefish_104,0.8831168831168832
138,2025,Fine flounder_105,0.7662337662337662
14,2025,Flathead grey mullet_106,0.7662337662337662
184,2025,Flathead grey mullet_107,0.7662337662337662
18,2025,Flathead grey mullet_108,0.7662337662337662
61,2025,Flathead grey mullet_109,0.7662337662337662
80,2025,Flathead grey mullet_110,0.7662337662337662
167,2025,Flathead grey mullet_111,0.7662337662337662
20,2025,Fleshy prawn_112,0.8831168831168832
209,2025,Fleshy prawn_113,0.5974025974025974
25,2025,Fourfinger threadfin_114,0.7662337662337662
14,2025,Fourfinger threadfin_115,0.7662337662337662
216,2025,Foursaddle grouper_116,0.7662337662337662
208,2025,Giant grouper_117,0.7662337662337662
14,2025,Giant tiger prawn_118,0.8831168831168832
207,2025,Giant tiger prawn_119,0.4805194805194805
216,2025,Giant tiger prawn_120,0.40259740259740256
15,2025,Giant tiger prawn_121,0.8831168831168832
203,2025,Giant tiger prawn_122,0
206,2025,Giant tiger prawn_123,0.4935064935064935
25,2025,Giant tiger prawn_124,0.8831168831168832
40,2025,Giant tiger prawn_125,0.8831168831168832
18,2025,Giant tiger prawn_126,0.8831168831168832
16,2025,Giant tiger prawn_127,0.8831168831168832
50,2025,Giant tiger prawn_128,0.8831168831168832
7,2025,Giant tiger prawn_129,0.8831168831168832
31,2025,Giant tiger prawn_130,0.8831168831168832
37,2025,Giant tiger prawn_131,0.8831168831168832
42,2025,Giant tiger prawn_132,0.8831168831168832
153,2025,Giant tiger prawn_133,0.8831168831168832
184,2025,Giant tiger prawn_134,0.8831168831168832
205,2025,Giant tiger prawn_135,1
102,2025,Giant tiger prawn_136,0.8831168831168832
247,2025,Giant tiger prawn_137,0.8831168831168832
208,2025,Giant tiger prawn_138,0.8831168831168832
194,2025,Giant tiger prawn_139,0.8831168831168832
41,2025,Giant tiger prawn_140,0.8831168831168832
209,2025,Giant tiger prawn_141,0.8831168831168832
54,2025,Giant tiger prawn_142,0.8831168831168832
202,2025,Giant tiger prawn_143,0.8831168831168832
17,2025,Giant tiger prawn_144,0.8831168831168832
204,2025,Giant tiger prawn_145,0.6493506493506493
106,2025,Giant tiger prawn_146,0.8831168831168832
182,2025,Giant tiger prawn_147,0.8831168831168832
80,2025,Giant tiger prawn_148,0.8831168831168832
184,2025,Gilthead seabream_149,0.5714285714285714
61,2025,Gilthead seabream_150,0.8831168831168832
80,2025,Gilthead seabream_151,0.5714285714285714
214,2025,Gilthead seabream_152,0.07792207792207792
183,2025,Gilthead seabream_153,0.5714285714285714
79,2025,Gilthead seabream_154,0.8831168831168832
182,2025,Gilthead seabream_155,0.5714285714285714
78,2025,Gilthead seabream_156,0.8831168831168832
75,2025,Gobies nei_157,0.7662337662337662
8,2025,Golden-lined spinefoot_158,0.7662337662337662
206,2025,Greasy grouper_159,0.7662337662337662
14,2025,Greasyback shrimp_160,0.8831168831168832
209,2025,Green mud crab_161,0.8181818181818181
54,2025,Green tiger prawn_162,0.8831168831168832
184,2025,Green tiger prawn_163,0.8831168831168832
48,2025,Green tiger prawn_164,0.8831168831168832
182,2025,Grooved carpet shell_165,0.8701298701298702
184,2025,Grooved carpet shell_166,0.8701298701298702
25,2025,Groupers nei_167,0.7662337662337662
14,2025,Groupers nei_168,0.7662337662337662
216,2025,Groupers nei_169,0.7662337662337662
208,2025,Groupers nei_170,0.7662337662337662
15,2025,"Groupers, seabasses nei_171",0.7662337662337662
216,2025,"Groupers, seabasses nei_172",0.7662337662337662
115,2025,"Gudgeons, sleepers nei_173",0.7662337662337662
208,2025,Humpback grouper_174,0.7662337662337662
216,2025,Humpback grouper_175,0.7662337662337662
207,2025,Indian white prawn_176,0.4935064935064935
203,2025,Indian white prawn_177,0.06493506493506494
191,2025,Indian white prawn_178,0.8831168831168832
81,2025,Indian white prawn_179,0.8831168831168832
102,2025,Indian white prawn_180,0.8831168831168832
50,2025,Indian white prawn_181,0.8831168831168832
54,2025,Indian white prawn_182,0.8831168831168832
48,2025,Indian white prawn_183,0.8831168831168832
41,2025,Indian white prawn_184,0.8831168831168832
47,2025,Indian white prawn_185,0.8831168831168832
204,2025,Indian white prawn_186,0.6493506493506493
14,2025,Indo-Pacific swamp crab_187,0.8181818181818181
216,2025,Indo-Pacific swamp crab_188,0.8181818181818181
15,2025,Indo-Pacific swamp crab_189,0.8181818181818181
25,2025,Indo-Pacific swamp crab_190,0.8181818181818181
206,2025,Indo-Pacific swamp crab_191,0.8181818181818181
37,2025,Indo-Pacific swamp crab_192,0.8181818181818181
16,2025,Indo-Pacific swamp crab_193,0.8181818181818181
40,2025,Indo-Pacific swamp crab_194,0.8181818181818181
247,2025,Indo-Pacific swamp crab_195,0.8181818181818181
202,2025,Indo-Pacific swamp crab_196,0.8181818181818181
42,2025,Indo-Pacific swamp crab_197,0.8181818181818181
24,2025,Indo-Pacific swamp crab_198,0.8181818181818181
17,2025,Indo-Pacific swamp crab_199,0.8181818181818181
207,2025,Indo-Pacific swamp crab_200,0.8181818181818181
18,2025,Indo-Pacific swamp crab_201,0.8181818181818181
43,2025,Indo-Pacific swamp crab_202,0.8181818181818181
208,2025,Indo-Pacific swamp crab_203,0.8181818181818181
231,2025,Indo-Pacific swamp crab_204,0.8181818181818181
184,2025,Japanese carpet shell_205,0.8701298701298702
14,2025,Japanese carpet shell_206,0.8701298701298702
182,2025,Japanese carpet shell_207,0.8701298701298702
14,2025,Japanese eel_208,0.09090909090909091
102,2025,Japanese meagre_209,0.5974025974025974
209,2025,Japanese seabass_210,0.7662337662337662
14,2025,Japanese seabass_211,0.7662337662337662
14,2025,Japanese spiny lobster_212,0.8181818181818181
208,2025,John's snapper_213,0.7662337662337662
210,2025,Kuruma prawn_214,0.8051948051948051
14,2025,Kuruma prawn_215,0.8831168831168832
20,2025,Kuruma prawn_216,0.8831168831168832
179,2025,Kuruma prawn_217,0.8831168831168832
182,2025,Kuruma prawn_218,0.8831168831168832
16,2025,Kuruma prawn_219,0.8831168831168832
183,2025,Kuruma prawn_220,0.8831168831168832
184,2025,Kuruma prawn_221,0.8831168831168832
80,2025,Kuruma prawn_222,0.8831168831168832
102,2025,Kuruma prawn_223,0.8831168831168832
82,2025,Kuruma prawn_224,0.8831168831168832
209,2025,Kuruma prawn_225,0.5974025974025974
167,2025,Lebranche mullet_226,0.7662337662337662
209,2025,Lefteye flounders nei_227,0.7662337662337662
216,2025,Longfin trevally_228,0.8831168831168832
216,2025,Longspine grouper_229,0.7662337662337662
208,2025,Malabar grouper_230,0.7662337662337662
208,2025,Mangrove red snapper_231,0.7662337662337662
216,2025,Mangrove red snapper_232,0.7662337662337662
14,2025,Marine crabs nei_233,0.8181818181818181
209,2025,Marine crabs nei_234,0.8181818181818181
20,2025,Marine crustaceans nei_235,0.8181818181818181
14,2025,Marine fishes nei_236,0.7662337662337662
204,2025,Marine fishes nei_237,0.7662337662337662
32,2025,Marine fishes nei_238,0.7662337662337662
134,2025,Marine fishes nei_239,0.7662337662337662
214,2025,Marine fishes nei_240,0.7662337662337662
203,2025,Marine fishes nei_241,0.7662337662337662
25,2025,Marine fishes nei_242,0.7662337662337662
15,2025,Marine fishes nei_243,0.7662337662337662
79,2025,Marine fishes nei_244,0.7662337662337662
80,2025,Marine fishes nei_245,0.7662337662337662
207,2025,Marine fishes nei_246,0.7662337662337662
180,2025,Marine fishes nei_247,0.7662337662337662
45,2025,Marine fishes nei_248,0.7662337662337662
14,2025,Marine molluscs nei_249,0.9090909090909091
24,2025,Marine molluscs nei_250,0.9090909090909091
216,2025,Masked grouper_251,0.7662337662337662
184,2025,Meagre_252,0.5584415584415584
182,2025,Meagre_253,0.5584415584415584
214,2025,Meagre_254,0.03896103896103896
80,2025,Mediterranean shore crab_255,0.8181818181818181
216,2025,Metapenaeus shrimps nei_256,0.4285714285714286
15,2025,Metapenaeus shrimps nei_257,0.8831168831168832
25,2025,Metapenaeus shrimps nei_258,0.7402597402597402
207,2025,Metapenaeus shrimps nei_259,0.4935064935064935
14,2025,Milkfish_260,0.7662337662337662
15,2025,Milkfish_261,0.7662337662337662
216,2025,Milkfish_262,0.7662337662337662
9,2025,Milkfish_263,0.7662337662337662
212,2025,Milkfish_264,0.7662337662337662
153,2025,Milkfish_265,0.7662337662337662
155,2025,Milkfish_266,0.7662337662337662
10,2025,Milkfish_267,0.7662337662337662
13,2025,Milkfish_268,0.7662337662337662
202,2025,Milkfish_269,0.7662337662337662
231,2025,Milkfish_270,0.7662337662337662
8,2025,Milkfish_271,0.7662337662337662
40,2025,Milkfish_272,0.7662337662337662
17,2025,Milkfish_273,0.7662337662337662
43,2025,Milkfish_274,0.7662337662337662
206,2025,Milkfish_275,0.7662337662337662
7,2025,Milkfish_276,0.7662337662337662
8,2025,Mottled spinefoot_277,0.7662337662337662
208,2025,Mud spiny lobster_278,0.8181818181818181
216,2025,Mullets nei_279,0.7662337662337662
196,2025,Mullets nei_280,0.7662337662337662
183,2025,Mullets nei_281,0.7662337662337662
84,2025,Mullets nei_282,0.7662337662337662
214,2025,Mullets nei_283,0.7662337662337662
13,2025,Mullets nei_284,0.7662337662337662
75,2025,Mullets nei_285,0.7662337662337662
115,2025,Mullets nei_286,0.7662337662337662
182,2025,Mullets nei_287,0.7662337662337662
65,2025,Mullets nei_288,0.7662337662337662
184,2025,Mullets nei_289,0.7662337662337662
184,2025,Mussels_290,0.8701298701298702
61,2025,Mussels_291,0.8701298701298702
136,2025,Mussels_292,0.8701298701298702
14,2025,Natantian decapods nei_293,0.8181818181818181
130,2025,Natantian decapods nei_294,0.8181818181818181
76,2025,Natantian decapods nei_295,0.8181818181818181
135,2025,Northern brown shrimp_296,0.33766233766233766
216,2025,Northern velvet shrimp_297,0.4285714285714286
163,2025,Northern white shrimp_298,0.9090909090909091
135,2025,Northern white shrimp_299,0.33766233766233766
205,2025,Orange mud crab_300,0.8181818181818181
203,2025,Orange mud crab_301,0.8181818181818181
204,2025,Orange mud crab_302,0.8181818181818181
216,2025,Orange mud crab_303,0.8181818181818181
54,2025,Orange-spotted grouper_304,0.7662337662337662
208,2025,Orange-spotted grouper_305,0.7662337662337662
66,2025,Oysters_306,0.8701298701298702
184,2025,Oysters_307,0.8701298701298702
61,2025,Oysters_308,0.8701298701298702
16,2025,Oysters_309,0.8701298701298702
183,2025,Oysters_310,0.8701298701298702
17,2025,Oysters_311,0.8701298701298702
135,2025,Oysters_312,0.8701298701298702
182,2025,Oysters_313,0.8701298701298702
40,2025,Oysters_314,0.8701298701298702
182,2025,Palaemonid shrimps nei_315,0.7662337662337662
25,2025,Penaeus shrimps nei_316,0.7402597402597402
204,2025,Penaeus shrimps nei_317,0.6493506493506493
209,2025,Penaeus shrimps nei_318,0.5974025974025974
43,2025,Penaeus shrimps nei_319,0.8831168831168832
115,2025,Penaeus shrimps nei_320,0.8831168831168832
136,2025,Penaeus shrimps nei_321,0.8831168831168832
167,2025,Penaeus shrimps nei_322,0.8831168831168832
53,2025,Penaeus shrimps nei_323,0.4805194805194805
62,2025,Penaeus shrimps nei_324,0.8831168831168832
173,2025,Penaeus shrimps nei_325,0.8051948051948051
24,2025,Penaeus shrimps nei_326,0.7142857142857143
116,2025,Penaeus shrimps nei_327,0.6753246753246753
15,2025,Penaeus shrimps nei_328,0.8831168831168832
45,2025,Penaeus shrimps nei_329,0.8831168831168832
214,2025,Penaeus shrimps nei_330,0.8831168831168832
16,2025,Penaeus shrimps nei_331,0.8831168831168832
231,2025,Penaeus shrimps nei_332,0.8831168831168832
208,2025,Penaeus shrimps nei_333,0.8831168831168832
8,2025,Penaeus shrimps nei_334,0.7662337662337662
84,2025,Penaeus shrimps nei_335,0.8831168831168832
196,2025,Penaeus shrimps nei_336,0.8831168831168832
205,2025,Penaeus shrimps nei_337,1
182,2025,Pod razor shell_338,0.8701298701298702
14,2025,"Porgies, seabreams nei_339",0.7012987012987013
184,2025,"Porgies, seabreams nei_340",0.5714285714285714
216,2025,Portunus swimcrabs nei_341,0.8181818181818181
209,2025,Portunus swimcrabs nei_342,0.8181818181818181
25,2025,Portunus swimcrabs nei_343,0.8181818181818181
176,2025,Rainbow trout_344,0.8831168831168832
143,2025,Rainbow trout_345,0.8831168831168832
180,2025,Rainbow trout_346,0.8831168831168832
175,2025,Rainbow trout_347,0.8831168831168832
191,2025,Rainbow trout_348,0.8831168831168832
79,2025,Red drum_349,0.6103896103896104
163,2025,Red drum_350,0.8701298701298702
184,2025,Red drum_351,0.5584415584415584
14,2025,Red seabream_352,0.7012987012987013
14,2025,Redtail prawn_353,0.8831168831168832
209,2025,Righteye flounders nei_354,0.8831168831168832
20,2025,Righteye flounders nei_355,0.8831168831168832
15,2025,Scats_356,0.7662337662337662
175,2025,Sea trout_357,0.5974025974025974
183,2025,Seabasses nei_358,0.7662337662337662
14,2025,Seaweed_359,0.8701298701298702
184,2025,Seaweed_360,0.8701298701298702
155,2025,Seaweed_361,0.8701298701298702
216,2025,Seaweed_362,0.8701298701298702
102,2025,Seaweed_363,0.8701298701298702
163,2025,Seaweed_364,0.8701298701298702
40,2025,Seaweed_365,0.8701298701298702
183,2025,Seaweed_366,0.8701298701298702
182,2025,Seaweed_367,0.8701298701298702
207,2025,Seaweed_368,0.8701298701298702
182,2025,Senegalese sole_369,0.8831168831168832
143,2025,Senegalese sole_370,0.8831168831168832
183,2025,Senegalese sole_371,0.8831168831168832
80,2025,Sharpsnout seabream_372,0.5714285714285714
206,2025,Snappers nei_373,0.7662337662337662
208,2025,Snappers nei_374,0.7662337662337662
216,2025,Snappers nei_375,0.7662337662337662
14,2025,"Snappers, jobfishes nei_376",0.7662337662337662
208,2025,Snubnose pompano_377,0.8831168831168832
75,2025,So-iny (redlip) mullet_378,0.7662337662337662
182,2025,Soles nei_379,0.7662337662337662
167,2025,Southern brown shrimp_380,0.8831168831168832
194,2025,Southern pink shrimp_381,0.8831168831168832
112,2025,Southern white shrimp_382,0.8831168831168832
167,2025,Southern white shrimp_383,0.8831168831168832
204,2025,Speckled shrimp_384,0.6493506493506493
18,2025,Spinefeet(=Rabbitfishes) nei_385,0.7662337662337662
15,2025,Spinefeet(=Rabbitfishes) nei_386,0.7662337662337662
8,2025,Spinefeet(=Rabbitfishes) nei_387,0.7662337662337662
208,2025,Spotted coralgrouper_388,0.7662337662337662
182,2025,Spotted seabass_389,0.7662337662337662
25,2025,Squaretail mullet_390,0.7662337662337662
132,2025,Tarpon_391,0.7662337662337662
61,2025,Thinlip grey mullet_392,0.7662337662337662
21,2025,Tiger pufferfish_393,0.7662337662337662
206,2025,Tropical spiny lobsters nei_394,0.8181818181818181
40,2025,Tropical spiny lobsters nei_395,0.8181818181818181
182,2025,Turbot_396,0.8831168831168832
224,2025,Turbot_397,0.8831168831168832
177,2025,Turbot_398,0.8831168831168832
183,2025,Turbot_399,0.8831168831168832
209,2025,Turbot_400,0.8831168831168832
227,2025,Turbot_401,0.8831168831168832
14,2025,Two-spot red snapper_402,0.7662337662337662
14,2025,Waigieu seaperch_403,0.8831168831168832
216,2025,Whiskered velvet shrimp_404,0.4285714285714286
80,2025,White seabream_405,0.5714285714285714
182,2025,White seabream_406,0.5714285714285714
184,2025,White seabream_407,0.5714285714285714
183,2025,White seabream_408,0.5714285714285714
190,2025,White-spotted spinefoot_409,0.7662337662337662
137,2025,Whiteleg shrimp_410,0.5194805194805195
129,2025,Whiteleg shrimp_411,0.8831168831168832
133,2025,Whiteleg shrimp_412,0.6493506493506493
138,2025,Whiteleg shrimp_413,0.8831168831168832
171,2025,Whiteleg shrimp_414,0.8831168831168832
132,2025,Whiteleg shrimp_415,0.8831168831168832
131,2025,Whiteleg shrimp_416,0.2857142857142857
110,2025,Whiteleg shrimp_417,0.8831168831168832
163,2025,Whiteleg shrimp_418,0.9090909090909091
164,2025,Whiteleg shrimp_419,0.8831168831168832
135,2025,Whiteleg shrimp_420,0.33766233766233766
130,2025,Whiteleg shrimp_421,0.8831168831168832
139,2025,Whiteleg shrimp_422,0.8831168831168832
134,2025,Whiteleg shrimp_423,0.8831168831168832
168,2025,Whiteleg shrimp_424,0.8831168831168832
194,2025,Whiteleg shrimp_425,0.8831168831168832
14,2025,Whiteleg shrimp_426,0.8831168831168832
209,2025,Whiteleg shrimp_427,0.33766233766233766
25,2025,Whiteleg shrimp_428,0.45454545454545453
166,2025,Whiteleg shrimp_429,0.8831168831168832
207,2025,Whiteleg shrimp_430,0.5064935064935066
13,2025,Whiteleg shrimp_431,0.8831168831168832
78,2025,Whiteleg shrimp_432,0.8831168831168832
136,2025,Whiteleg shrimp_433,0.8831168831168832
112,2025,Whiteleg shrimp_434,0.8831168831168832
216,2025,Whiteleg shrimp_435,0.5064935064935066
208,2025,Whiteleg shrimp_436,0.8831168831168832
20,2025,Whiteleg shrimp_437,0.8831168831168832
15,2025,Whiteleg shrimp_438,0.8831168831168832
102,2025,Whiteleg shrimp_439,0.8831168831168832
191,2025,Whiteleg shrimp_440,0.8831168831168832
203,2025,Whiteleg shrimp_441,0.3116883116883117
206,2025,Whiteleg shrimp_442,0.5064935064935066
6,2025,Whiteleg shrimp_443,0.8831168831168832
115,2025,Whiteleg shrimp_444,0.8831168831168832
50,2025,Whiteleg shrimp_445,0.8831168831168832
182,2025,Whiteleg shrimp_446,0.8831168831168832
61,2025,Whiteleg shrimp_447,0.8831168831168832
214,2025,Whiteleg shrimp_448,0.8831168831168832
231,2025,Whiteleg shrimp_449,0.8831168831168832
56,2025,Whiteleg shrimp_450,0.8831168831168832
40,2025,Whiteleg shrimp_451,0.8831168831168832
190,2025,Whiteleg shrimp_452,0.8831168831168832
247,2025,Whiteleg shrimp_453,0.8831168831168832
205,2025,Whiteleg shrimp_454,0.8831168831168832
48,2025,Whiteleg shrimp_455,0.8831168831168832
54,2025,Whiteleg shrimp_456,0.8831168831168832
80,2025,Whiteleg shrimp_457,0.8831168831168832
31,2025,Whiteleg shrimp_458,0.8831168831168832
167,2025,Whiteleg shrimp_459,0.8831168831168832
167,2025,Whitemouth croaker_460,0.5974025974025974
224,2025,Yellowtail amberjack_461,0.8831168831168832
177,2025,Yellowtail amberjack_462,0.8831168831168832
54,2025,Yellowtail amberjack_463,0.8831168831168832
175,2025,Yellowtail amberjack_464,0.8831168831168832
184,2025,[Mugil spp]_465,0.7662337662337662
209,2025,[Rhopilema esculentum]_466,0.8181818181818181
25,2025,[Scylla spp]_467,0.9090909090909091
20,2025,Abalones_468,0.9090909090909091
14,2025,Abalones_469,0.9090909090909091
228,2025,Abalones_470,0.9090909090909091
16,2025,Abalones_471,0.9090909090909091
102,2025,Abalones_472,0.9090909090909091
135,2025,Abalones_473,0.9090909090909091
224,2025,Abalones_474,0.9090909090909091
143,2025,Abalones_475,0.9090909090909091
138,2025,Abalones_476,0.9090909090909091
162,2025,Abalones_477,0.9090909090909091
209,2025,Abalones_478,0.9090909090909091
101,2025,Abalones_479,0.9090909090909091
181,2025,Abalones_480,0.9090909090909091
179,2025,Abalones_481,0.9090909090909091
182,2025,Abalones_482,0.9090909090909091
206,2025,Abalones_483,0.9090909090909091
14,2025,Amberjacks nei_484,0.8831168831168832
209,2025,Amberjacks nei_485,0.8831168831168832
20,2025,Amberjacks nei_486,0.4415584415584416
209,2025,Aquatic invertebrates nei_487,0.8181818181818181
20,2025,Aquatic invertebrates nei_488,0.8181818181818181
210,2025,Aquatic invertebrates nei_489,0.8181818181818181
16,2025,Aquatic invertebrates nei_490,0.8181818181818181
205,2025,Aquatic invertebrates nei_491,0.8181818181818181
73,2025,Aquatic invertebrates nei_492,0.8181818181818181
181,2025,Aquatic invertebrates nei_493,0.8181818181818181
182,2025,Aquatic invertebrates nei_494,0.8181818181818181
209,2025,Areolate grouper_495,0.7662337662337662
20,2025,Ascidiaceans nei_496,0.8181818181818181
218,2025,Atlantic bluefin tuna_497,0.5584415584415584
182,2025,Atlantic bluefin tuna_498,0.5714285714285714
187,2025,Atlantic bluefin tuna_499,0.5714285714285714
184,2025,Atlantic bluefin tuna_500,0.5714285714285714
61,2025,Atlantic bluefin tuna_501,0.5714285714285714
76,2025,Atlantic bluefin tuna_502,0.5714285714285714
81,2025,Atlantic bluefin tuna_503,0.5714285714285714
183,2025,Atlantic bluefin tuna_504,0.5714285714285714
68,2025,Atlantic bluefin tuna_505,0.5714285714285714
80,2025,Atlantic bluefin tuna_506,0.5714285714285714
218,2025,Atlantic cod_507,0.8831168831168832
223,2025,Atlantic cod_508,0.8831168831168832
143,2025,Atlantic cod_509,0.8831168831168832
180,2025,Atlantic cod_510,0.8831168831168832
143,2025,Atlantic halibut_511,0.8831168831168832
180,2025,Atlantic halibut_512,0.8831168831168832
223,2025,Atlantic halibut_513,0.8831168831168832
223,2025,Atlantic salmon_514,0.4675324675324675
180,2025,Atlantic salmon_515,0.3896103896103896
181,2025,Atlantic salmon_516,0.8831168831168832
143,2025,Atlantic salmon_517,0.8831168831168832
141,2025,Atlantic salmon_518,0.5454545454545454
222,2025,Atlantic salmon_519,0.8831168831168832
218,2025,Atlantic salmon_520,0.5194805194805195
174,2025,Atlantic salmon_521,0.8831168831168832
182,2025,Atlantic salmon_522,0.8831168831168832
16,2025,Atlantic salmon_523,0.8831168831168832
163,2025,Atlantic salmon_524,0.6493506493506493
224,2025,Atlantic salmon_525,0.4935064935064935
76,2025,Atlantic salmon_526,0.8831168831168832
179,2025,Atlantic salmon_527,0.8831168831168832
73,2025,Atlantic salmon_528,0.8831168831168832
175,2025,Atlantic salmon_529,0.8831168831168832
21,2025,Atlantic salmon_530,0.8831168831168832
208,2025,Banana prawn_531,0.8831168831168832
15,2025,Banana prawn_532,0.8831168831168832
182,2025,Banded carpet shell_533,0.8701298701298702
216,2025,Banded grouper_534,0.7662337662337662
209,2025,Barramundi(=Giant seaperch)_535,0.8831168831168832
208,2025,Barramundi(=Giant seaperch)_536,0.8831168831168832
206,2025,Barramundi(=Giant seaperch)_537,0.8831168831168832
247,2025,Barramundi(=Giant seaperch)_538,0.8831168831168832
147,2025,Barramundi(=Giant seaperch)_539,0.8831168831168832
14,2025,Barramundi(=Giant seaperch)_540,0.8831168831168832
50,2025,Barramundi(=Giant seaperch)_541,0.8831168831168832
216,2025,Barramundi(=Giant seaperch)_542,0.8831168831168832
24,2025,Barramundi(=Giant seaperch)_543,0.8831168831168832
205,2025,Barramundi(=Giant seaperch)_544,0.8831168831168832
40,2025,Barramundi(=Giant seaperch)_545,0.8831168831168832
191,2025,Barramundi(=Giant seaperch)_546,0.8831168831168832
216,2025,Barred-chest grouper_547,0.7662337662337662
210,2025,Bastard halibut_548,0.7662337662337662
135,2025,Bastard halibuts nei_549,0.7662337662337662
182,2025,Big-scale sand smelt_550,0.7662337662337662
208,2025,Bigeye trevally_551,0.8831168831168832
216,2025,Bigeye trevally_552,0.8831168831168832
134,2025,Black ark_553,0.8701298701298702
208,2025,Black grouper_554,0.7662337662337662
216,2025,Black jack_555,0.8831168831168832
216,2025,Blackbanded trevally_556,0.8831168831168832
210,2025,Blackhead seabream_557,0.7012987012987013
14,2025,Blackhead seabream_558,0.7012987012987013
20,2025,Blackhead seabream_559,0.7012987012987013
216,2025,Blacksaddled coralgrouper_560,0.7662337662337662
182,2025,Blackspot seabream_561,0.5714285714285714
183,2025,Blackspot seabream_562,0.5714285714285714
216,2025,Blacktail snapper_563,0.7662337662337662
206,2025,Blacktip grouper_564,0.7662337662337662
20,2025,Blood cockle_565,0.8701298701298702
25,2025,Blood cockle_566,0.8701298701298702
206,2025,Blood cockle_567,0.8701298701298702
14,2025,Blood cockle_568,0.8701298701298702
209,2025,Blood cockle_569,0.8701298701298702
24,2025,Blood cockle_570,0.8701298701298702
216,2025,Blood cockle_571,0.8701298701298702
216,2025,Bludger_572,0.8831168831168832
147,2025,Blue shrimp_573,0.8831168831168832
208,2025,Blue swimming crab_574,0.8181818181818181
216,2025,Bluefin trevally_575,0.8831168831168832
76,2025,Bluespotted seabream_576,0.5324675324675324
216,2025,Brassy trevally_577,0.8831168831168832
110,2025,Brine shrimp_578,0.7662337662337662
206,2025,Broad geloina_579,0.8701298701298702
208,2025,Brown-marbled grouper_580,0.7662337662337662
39,2025,Brown-marbled grouper_581,0.7662337662337662
206,2025,Brown-marbled grouper_582,0.7662337662337662
216,2025,Brown-marbled grouper_583,0.7662337662337662
110,2025,Caribbean spiny lobster_584,0.8181818181818181
117,2025,Caribbean spiny lobster_585,0.8181818181818181
102,2025,Carpet shells nei_586,0.8701298701298702
61,2025,Carpet shells nei_587,0.8701298701298702
223,2025,Chars nei_588,0.7662337662337662
162,2025,Chinook(=Spring=King) salmon_589,0.8831168831168832
163,2025,Chinook(=Spring=King) salmon_590,0.8831168831168832
218,2025,Chinook(=Spring=King) salmon_591,0.8441558441558442
224,2025,Chinook(=Spring=King) salmon_592,0.8831168831168832
16,2025,Chinook(=Spring=King) salmon_593,0.8831168831168832
69,2025,Chum(=Keta=Dog) salmon_594,0.8831168831168832
70,2025,Chum(=Keta=Dog) salmon_595,0.8831168831168832
73,2025,Chum(=Keta=Dog) salmon_596,0.8831168831168832
74,2025,Chum(=Keta=Dog) salmon_597,0.8831168831168832
75,2025,Chum(=Keta=Dog) salmon_598,0.8831168831168832
189,2025,Chum(=Keta=Dog) salmon_599,0.8831168831168832
14,2025,Clams_600,0.8831168831168832
20,2025,Clams_601,0.8831168831168832
210,2025,Clams_602,0.8831168831168832
21,2025,Clams_603,0.8831168831168832
9,2025,Clams_604,0.8831168831168832
163,2025,Clams_605,0.8831168831168832
218,2025,Clams_606,0.8831168831168832
80,2025,Clams_607,0.8831168831168832
175,2025,Clams_608,0.8831168831168832
182,2025,Clams_609,0.8831168831168832
18,2025,Clams_610,0.8831168831168832
183,2025,Clams_611,0.8831168831168832
135,2025,Clams_612,0.8831168831168832
8,2025,Clams_613,0.8831168831168832
179,2025,Clams_614,0.8831168831168832
180,2025,Clams_615,0.8831168831168832
184,2025,Clams_616,0.8831168831168832
188,2025,Clams_617,0.8831168831168832
14,2025,Cobia_618,0.8831168831168832
32,2025,Cobia_619,0.8831168831168832
116,2025,Cobia_620,0.8831168831168832
110,2025,Cobia_621,0.8831168831168832
209,2025,Cobia_622,0.8831168831168832
140,2025,Cobia_623,0.8831168831168832
29,2025,Cobia_624,0.8831168831168832
115,2025,Cobia_625,0.8831168831168832
129,2025,Cobia_626,0.6883116883116883
164,2025,Cobia_627,0.8831168831168832
207,2025,Cobia_628,0.8831168831168832
208,2025,Cobia_629,0.8831168831168832
132,2025,Cobia_630,0.8831168831168832
171,2025,Cobia_631,0.8831168831168832
20,2025,Cockles_632,0.8831168831168832
183,2025,Cockles_633,0.8831168831168832
163,2025,Cockles_634,0.8831168831168832
8,2025,Cockles_635,0.8831168831168832
179,2025,Cockles_636,0.8831168831168832
180,2025,Cockles_637,0.8831168831168832
152,2025,Cockles_638,0.8831168831168832
182,2025,Cockles_639,0.8831168831168832
155,2025,Cockles_640,0.8831168831168832
153,2025,Cockles_641,0.8831168831168832
147,2025,Cockles_642,0.8831168831168832
17,2025,Cockles_643,0.8831168831168832
11,2025,Cockles_644,0.8831168831168832
163,2025,Coho(=Silver) salmon_645,0.8831168831168832
224,2025,Coho(=Silver) salmon_646,0.5194805194805195
210,2025,Coho(=Silver) salmon_647,0.8831168831168832
218,2025,Coho(=Silver) salmon_648,0.8831168831168832
179,2025,Coho(=Silver) salmon_649,0.8831168831168832
175,2025,Coho(=Silver) salmon_650,0.8831168831168832
61,2025,Common cuttlefish_651,0.8181818181818181
183,2025,Common cuttlefish_652,0.8181818181818181
182,2025,Common dentex_653,0.5714285714285714
232,2025,Common dentex_654,0.8831168831168832
187,2025,Common dentex_655,0.5714285714285714
80,2025,Common dentex_656,0.5714285714285714
76,2025,Common dentex_657,0.5324675324675324
80,2025,Common pandora_658,0.5714285714285714
81,2025,Common pandora_659,0.5714285714285714
183,2025,Common sole_660,0.8831168831168832
182,2025,Common sole_661,0.8831168831168832
61,2025,Common sole_662,0.8831168831168832
184,2025,Common sole_663,0.8831168831168832
76,2025,Common two-banded seabream_664,0.5324675324675324
20,2025,Convict grouper_665,0.7662337662337662
183,2025,Corrugated venus_666,0.8701298701298702
182,2025,Corrugated venus_667,0.8701298701298702
135,2025,Crevalle jack_668,0.8831168831168832
210,2025,Crimson seabream_669,0.7012987012987013
14,2025,Crimson seabream_670,0.7012987012987013
208,2025,Crimson snapper_671,0.7662337662337662
14,2025,"Croakers, drums nei_672",0.5974025974025974
50,2025,"Croakers, drums nei_673",0.8831168831168832
183,2025,"Croakers, drums nei_674",0.8831168831168832
14,2025,Diphos sanguin_675,0.8701298701298702
20,2025,Dotted gizzard shad_676,0.7662337662337662
32,2025,Drums nei_677,0.5974025974025974
216,2025,Duskytail grouper_678,0.7662337662337662
16,2025,Eastern king prawn_679,0.8831168831168832
5,2025,Emperor red snapper_680,0.7662337662337662
61,2025,European eel_681,0.6883116883116883
182,2025,European eel_682,0.6883116883116883
184,2025,European eel_683,0.6883116883116883
80,2025,European eel_684,0.6883116883116883
175,2025,European flounder_685,0.8831168831168832
80,2025,European seabass_686,0.5714285714285714
183,2025,European seabass_687,0.5714285714285714
81,2025,European seabass_688,0.5714285714285714
84,2025,European seabass_689,0.8831168831168832
179,2025,European seabass_690,0.5714285714285714
182,2025,European seabass_691,0.5714285714285714
184,2025,European seabass_692,0.5714285714285714
76,2025,European seabass_693,0.5324675324675324
62,2025,European seabass_694,0.8831168831168832
68,2025,European seabass_695,0.5714285714285714
187,2025,European seabass_696,0.5714285714285714
188,2025,European seabass_697,0.5714285714285714
79,2025,European seabass_698,0.8831168831168832
143,2025,European seabass_699,0.8831168831168832
67,2025,European seabass_700,0.8831168831168832
232,2025,European seabass_701,0.8831168831168832
54,2025,European seabass_702,0.8831168831168832
115,2025,European seabass_703,0.8831168831168832
180,2025,European seabass_704,0.8831168831168832
82,2025,European seabass_705,0.8831168831168832
186,2025,European seabass_706,0.8831168831168832
61,2025,European seabass_707,0.8831168831168832
37,2025,European seabass_708,0.8831168831168832
174,2025,European whitefish_709,0.8831168831168832
210,2025,Filefishes nei_710,0.7662337662337662
20,2025,"Filefishes, leatherjackets nei_711",0.7662337662337662
223,2025,Finfishes nei_712,0.7662337662337662
16,2025,Finfishes nei_713,0.7662337662337662
179,2025,Finfishes nei_714,0.7662337662337662
69,2025,Flatfishes nei_715,0.7662337662337662
70,2025,Flatfishes nei_716,0.7662337662337662
73,2025,Flatfishes nei_717,0.7662337662337662
74,2025,Flatfishes nei_718,0.7662337662337662
75,2025,Flatfishes nei_719,0.7662337662337662
189,2025,Flatfishes nei_720,0.7662337662337662
210,2025,Flathead grey mullet_721,0.7662337662337662
14,2025,Flathead grey mullet_722,0.7662337662337662
135,2025,Flathead grey mullet_723,0.7662337662337662
80,2025,Flathead grey mullet_724,0.7662337662337662
50,2025,Flathead grey mullet_725,0.7662337662337662
184,2025,Flathead grey mullet_726,0.7662337662337662
208,2025,Flathead grey mullet_727,0.7662337662337662
15,2025,Flathead lobster_728,0.8181818181818181
129,2025,Florida pompano_729,0.8831168831168832
115,2025,Florida pompano_730,0.8831168831168832
208,2025,Fourfinger threadfin_731,0.7662337662337662
206,2025,Fourfinger threadfin_732,0.7662337662337662
216,2025,Foursaddle grouper_733,0.7662337662337662
182,2025,Gastropods nei_734,0.9090909090909091
135,2025,Gastropods nei_735,0.9090909090909091
210,2025,Gazami crab_736,0.8181818181818181
208,2025,Giant grouper_737,0.7662337662337662
206,2025,Giant grouper_738,0.7662337662337662
15,2025,Giant tiger prawn_739,0.8831168831168832
208,2025,Giant tiger prawn_740,0.8831168831168832
208,2025,Giant trevally_741,0.8831168831168832
183,2025,Gilthead seabream_742,0.5714285714285714
79,2025,Gilthead seabream_743,0.8831168831168832
80,2025,Gilthead seabream_744,0.5714285714285714
84,2025,Gilthead seabream_745,0.8831168831168832
179,2025,Gilthead seabream_746,0.5714285714285714
182,2025,Gilthead seabream_747,0.5714285714285714
76,2025,Gilthead seabream_748,0.5324675324675324
81,2025,Gilthead seabream_749,0.5714285714285714
62,2025,Gilthead seabream_750,0.8831168831168832
184,2025,Gilthead seabream_751,0.5714285714285714
68,2025,Gilthead seabream_752,0.5714285714285714
187,2025,Gilthead seabream_753,0.5714285714285714
188,2025,Gilthead seabream_754,0.8831168831168832
67,2025,Gilthead seabream_755,0.8831168831168832
48,2025,Gilthead seabream_756,0.8831168831168832
51,2025,Gilthead seabream_757,0.8831168831168832
82,2025,Gilthead seabream_758,0.8831168831168832
232,2025,Gilthead seabream_759,0.8831168831168832
54,2025,Gilthead seabream_760,0.8831168831168832
115,2025,Gilthead seabream_761,0.8831168831168832
52,2025,Gilthead seabream_762,0.8831168831168832
186,2025,Gilthead seabream_763,0.8831168831168832
50,2025,Gilthead seabream_764,0.8831168831168832
61,2025,Gilthead seabream_765,0.8831168831168832
183,2025,Golden carpet shell_766,0.8701298701298702
208,2025,Golden trevally_767,0.8831168831168832
206,2025,Golden trevally_768,0.8831168831168832
5,2025,Golden-lined spinefoot_769,0.7662337662337662
209,2025,Goldlined seabream_770,0.7012987012987013
50,2025,Goldlined seabream_771,0.8831168831168832
54,2025,Goldlined seabream_772,0.8831168831168832
37,2025,Goldlined seabream_773,0.7012987012987013
51,2025,Goldsilk seabream_774,0.8831168831168832
134,2025,Grand ark_775,0.8701298701298702
209,2025,Greasy grouper_776,0.7662337662337662
54,2025,Greasy grouper_777,0.7662337662337662
182,2025,Greater amberjack_778,0.8831168831168832
14,2025,Greater amberjack_779,0.8831168831168832
80,2025,Greater amberjack_780,0.8831168831168832
182,2025,Green crab_781,0.8181818181818181
208,2025,Green humphead parrotfish_782,0.7662337662337662
179,2025,Grooved carpet shell_783,0.8701298701298702
183,2025,Grooved carpet shell_784,0.8701298701298702
182,2025,Grooved carpet shell_785,0.8701298701298702
180,2025,Grooved carpet shell_786,0.8701298701298702
84,2025,Grooved carpet shell_787,0.8701298701298702
227,2025,Grooved carpet shell_788,0.8701298701298702
184,2025,Grooved carpet shell_789,0.8701298701298702
62,2025,Grooved carpet shell_790,0.8701298701298702
182,2025,Groundfishes nei_791,0.7662337662337662
208,2025,Groupers nei_792,0.7662337662337662
14,2025,Groupers nei_793,0.7662337662337662
61,2025,Groupers nei_794,0.7662337662337662
50,2025,Groupers nei_795,0.7662337662337662
171,2025,Groupers nei_796,0.7662337662337662
216,2025,Groupers nei_797,0.7662337662337662
209,2025,Groupers nei_798,0.7662337662337662
205,2025,Groupers nei_799,0.7662337662337662
206,2025,Groupers nei_800,0.7662337662337662
247,2025,Groupers nei_801,0.7662337662337662
15,2025,"Groupers, seabasses nei_802",0.7662337662337662
216,2025,"Groupers, seabasses nei_803",0.7662337662337662
143,2025,Haddock_804,0.7662337662337662
20,2025,Half-crenated ark_805,0.8701298701298702
216,2025,Highfin coralgrouper_806,0.7662337662337662
216,2025,Highfin grouper_807,0.7662337662337662
209,2025,Hong Kong grouper_808,0.7662337662337662
20,2025,Horned turban_809,0.9090909090909091
208,2025,Humpback grouper_810,0.7662337662337662
206,2025,Humpback grouper_811,0.7662337662337662
216,2025,Humpback grouper_812,0.7662337662337662
216,2025,Humphead snapper_813,0.7662337662337662
208,2025,Indo-Pacific swamp crab_814,0.8181818181818181
15,2025,Indo-Pacific swamp crab_815,0.8181818181818181
205,2025,Indo-Pacific swamp crab_816,0.8181818181818181
41,2025,Indo-Pacific swamp crab_817,0.8181818181818181
247,2025,Indo-Pacific swamp crab_818,0.8181818181818181
20,2025,Inflated ark_819,0.8701298701298702
20,2025,Jack and horse mackerels nei_820,0.4415584415584416
247,2025,"Jacks, crevalles nei_821",0.8831168831168832
15,2025,"Jacks, crevalles nei_822",0.8831168831168832
135,2025,"Jacks, crevalles nei_823",0.8831168831168832
206,2025,"Jacks, crevalles nei_824",0.8831168831168832
210,2025,Japanese amberjack_825,0.14285714285714285
20,2025,Japanese carpet shell_826,0.8701298701298702
209,2025,Japanese carpet shell_827,0.8701298701298702
14,2025,Japanese carpet shell_828,0.8701298701298702
163,2025,Japanese carpet shell_829,0.8701298701298702
218,2025,Japanese carpet shell_830,0.8701298701298702
180,2025,Japanese carpet shell_831,0.8701298701298702
181,2025,Japanese carpet shell_832,0.8701298701298702
182,2025,Japanese carpet shell_833,0.8701298701298702
179,2025,Japanese carpet shell_834,0.8701298701298702
184,2025,Japanese carpet shell_835,0.8701298701298702
183,2025,Japanese carpet shell_836,0.8701298701298702
210,2025,Japanese jack mackerel_837,0.14285714285714285
41,2025,Japanese meagre_838,0.5974025974025974
37,2025,Japanese meagre_839,0.5974025974025974
209,2025,Japanese sea cucumber_840,0.8181818181818181
21,2025,Japanese sea cucumber_841,0.8181818181818181
73,2025,Japanese sea cucumber_842,0.8181818181818181
20,2025,Japanese sea cucumber_843,0.8181818181818181
20,2025,Japanese seabass_844,0.7662337662337662
208,2025,Japanese seabass_845,0.7662337662337662
14,2025,Japanese spiny lobster_846,0.8181818181818181
208,2025,John's snapper_847,0.7662337662337662
206,2025,John's snapper_848,0.7662337662337662
20,2025,Korean rockfish_849,0.7662337662337662
14,2025,Kuruma prawn_850,0.8831168831168832
184,2025,Kuruma prawn_851,0.8831168831168832
208,2025,Kuruma prawn_852,0.8831168831168832
209,2025,Large yellow croaker_853,0.5974025974025974
206,2025,Leopard coralgrouper_854,0.7662337662337662
216,2025,Leopard coralgrouper_855,0.7662337662337662
216,2025,Longfin trevally_856,0.8831168831168832
163,2025,Longfin yellowtail_857,0.8831168831168832
129,2025,Longfin yellowtail_858,0.8831168831168832
216,2025,Longlegged spiny lobster_859,0.8181818181818181
216,2025,Longnose trevally_860,0.8831168831168832
216,2025,Longspine grouper_861,0.7662337662337662
182,2025,Mackerels nei_862,0.5714285714285714
208,2025,Malabar grouper_863,0.7662337662337662
14,2025,Malabar trevally_864,0.8831168831168832
216,2025,Malabar trevally_865,0.8831168831168832
206,2025,Mangrove red snapper_866,0.7662337662337662
209,2025,Mangrove red snapper_867,0.7662337662337662
208,2025,Mangrove red snapper_868,0.7662337662337662
216,2025,Mangrove red snapper_869,0.7662337662337662
81,2025,Marbled spinefoot_870,0.7662337662337662
14,2025,Marine crabs nei_871,0.8181818181818181
111,2025,Marine crabs nei_872,0.8181818181818181
210,2025,Marine crustaceans nei_873,0.8181818181818181
61,2025,Marine crustaceans nei_874,0.8181818181818181
223,2025,Marine crustaceans nei_875,0.8181818181818181
210,2025,Marine fishes nei_876,0.7662337662337662
209,2025,Marine fishes nei_877,0.7662337662337662
37,2025,Marine fishes nei_878,0.7662337662337662
206,2025,Marine fishes nei_879,0.7662337662337662
20,2025,Marine fishes nei_880,0.7662337662337662
51,2025,Marine fishes nei_881,0.7662337662337662
140,2025,Marine fishes nei_882,0.7662337662337662
208,2025,Marine fishes nei_883,0.7662337662337662
61,2025,Marine fishes nei_884,0.7662337662337662
15,2025,Marine fishes nei_885,0.7662337662337662
62,2025,Marine fishes nei_886,0.7662337662337662
247,2025,Marine fishes nei_887,0.7662337662337662
14,2025,Marine fishes nei_888,0.7662337662337662
80,2025,Marine fishes nei_889,0.7662337662337662
179,2025,Marine fishes nei_890,0.7662337662337662
16,2025,Marine fishes nei_891,0.7662337662337662
171,2025,Marine fishes nei_892,0.7662337662337662
79,2025,Marine fishes nei_893,0.7662337662337662
147,2025,Marine fishes nei_894,0.7662337662337662
187,2025,Marine fishes nei_895,0.7662337662337662
135,2025,Marine fishes nei_896,0.7662337662337662
183,2025,Marine fishes nei_897,0.7662337662337662
216,2025,Marine fishes nei_898,0.7662337662337662
182,2025,Marine fishes nei_899,0.7662337662337662
184,2025,Marine fishes nei_900,0.7662337662337662
76,2025,Marine fishes nei_901,0.7662337662337662
68,2025,Marine fishes nei_902,0.7662337662337662
24,2025,Marine fishes nei_903,0.7662337662337662
207,2025,Marine fishes nei_904,0.7662337662337662
163,2025,Marine fishes nei_905,0.7662337662337662
21,2025,Marine fishes nei_906,0.7662337662337662
191,2025,Marine fishes nei_907,0.7662337662337662
218,2025,Marine fishes nei_908,0.7662337662337662
207,2025,Marine molluscs nei_909,0.9090909090909091
209,2025,Marine molluscs nei_910,0.9090909090909091
171,2025,Marine molluscs nei_911,0.9090909090909091
20,2025,Marine molluscs nei_912,0.9090909090909091
218,2025,Marine molluscs nei_913,0.9090909090909091
179,2025,Marine molluscs nei_914,0.9090909090909091
182,2025,Marine molluscs nei_915,0.9090909090909091
183,2025,Marine molluscs nei_916,0.9090909090909091
14,2025,Marine molluscs nei_917,0.9090909090909091
80,2025,Marine molluscs nei_918,0.9090909090909091
224,2025,Masu(=Cherry) salmon_919,0.6233766233766234
179,2025,Meagre_920,0.5584415584415584
184,2025,Meagre_921,0.5584415584415584
182,2025,Meagre_922,0.5584415584415584
183,2025,Meagre_923,0.8831168831168832
81,2025,Meagre_924,0.5584415584415584
187,2025,Meagre_925,0.5584415584415584
80,2025,Meagre_926,0.5584415584415584
76,2025,Meagre_927,0.5194805194805195
61,2025,Meagre_928,0.8831168831168832
50,2025,Meagre_929,0.8831168831168832
115,2025,Meagre_930,0.8831168831168832
216,2025,Metapenaeus shrimps nei_931,0.4285714285714286
20,2025,Mi-iuy (brown) croaker_932,0.5974025974025974
14,2025,Mi-iuy (brown) croaker_933,0.5974025974025974
15,2025,Milkfish_934,0.7662337662337662
208,2025,Milkfish_935,0.7662337662337662
19,2025,Milkfish_936,0.7662337662337662
216,2025,Milkfish_937,0.7662337662337662
247,2025,Milkfish_938,0.7662337662337662
208,2025,Mud spiny lobster_939,0.8181818181818181
69,2025,Mullets nei_940,0.7662337662337662
70,2025,Mullets nei_941,0.7662337662337662
73,2025,Mullets nei_942,0.7662337662337662
74,2025,Mullets nei_943,0.7662337662337662
75,2025,Mullets nei_944,0.7662337662337662
189,2025,Mullets nei_945,0.7662337662337662
20,2025,Mullets nei_946,0.7662337662337662
102,2025,Mullets nei_947,0.7662337662337662
182,2025,Mullets nei_948,0.7662337662337662
54,2025,Mullets nei_949,0.7662337662337662
171,2025,Mullets nei_950,0.7662337662337662
20,2025,Mussels_951,0.8701298701298702
25,2025,Mussels_952,0.8701298701298702
162,2025,Mussels_953,0.8701298701298702
163,2025,Mussels_954,0.8701298701298702
176,2025,Mussels_955,0.8701298701298702
177,2025,Mussels_956,0.8701298701298702
179,2025,Mussels_957,0.8701298701298702
181,2025,Mussels_958,0.8701298701298702
182,2025,Mussels_959,0.8701298701298702
209,2025,Mussels_960,0.8701298701298702
222,2025,Mussels_961,0.8701298701298702
224,2025,Mussels_962,0.8701298701298702
184,2025,Mussels_963,0.8701298701298702
102,2025,Mussels_964,0.8701298701298702
218,2025,Mussels_965,0.8701298701298702
15,2025,Mussels_966,0.8701298701298702
80,2025,Mussels_967,0.8701298701298702
82,2025,Mussels_968,0.8701298701298702
147,2025,Mussels_969,0.8701298701298702
208,2025,Mussels_970,0.8701298701298702
71,2025,Mussels_971,0.8701298701298702
84,2025,Mussels_972,0.8701298701298702
16,2025,Mussels_973,0.8701298701298702
18,2025,Mussels_974,0.8701298701298702
69,2025,Mussels_975,0.8701298701298702
70,2025,Mussels_976,0.8701298701298702
73,2025,Mussels_977,0.8701298701298702
74,2025,Mussels_978,0.8701298701298702
75,2025,Mussels_979,0.8701298701298702
139,2025,Mussels_980,0.8701298701298702
180,2025,Mussels_981,0.8701298701298702
189,2025,Mussels_982,0.8701298701298702
206,2025,Mussels_983,0.8701298701298702
223,2025,Mussels_984,0.8701298701298702
183,2025,Mussels_985,0.8701298701298702
101,2025,Mussels_986,0.8701298701298702
186,2025,Mussels_987,0.8701298701298702
187,2025,Mussels_988,0.8701298701298702
188,2025,Mussels_989,0.8701298701298702
76,2025,Mussels_990,0.8701298701298702
135,2025,Mussels_991,0.8701298701298702
171,2025,Mussels_992,0.8701298701298702
203,2025,Mussels_993,0.8701298701298702
62,2025,Mussels_994,0.8701298701298702
227,2025,Mussels_995,0.8701298701298702
172,2025,Mussels_996,0.8701298701298702
232,2025,Mussels_997,0.8701298701298702
143,2025,Mussels_998,0.8701298701298702
175,2025,Mussels_999,0.8701298701298702
95,2025,Mussels_1000,0.8701298701298702
24,2025,Mussels_1001,0.8701298701298702
72,2025,Mussels_1002,0.8701298701298702
219,2025,Mussels_1003,0.8701298701298702
66,2025,Mussels_1004,0.8701298701298702
216,2025,Mussels_1005,0.8701298701298702
247,2025,Mussels_1006,0.8701298701298702
61,2025,Octopuses nei_1007,0.8181818181818181
182,2025,Octopuses nei_1008,0.8181818181818181
210,2025,"Octopuses, etc. nei_1009",0.8181818181818181
20,2025,Okhotsk atka mackerel_1010,0.7662337662337662
51,2025,Orange-spotted grouper_1011,0.7662337662337662
208,2025,Orange-spotted grouper_1012,0.7662337662337662
247,2025,Orange-spotted grouper_1013,0.7662337662337662
24,2025,Orange-spotted grouper_1014,0.7662337662337662
52,2025,Orange-spotted grouper_1015,0.7662337662337662
209,2025,Orange-spotted grouper_1016,0.7662337662337662
14,2025,Oysters_1017,0.8701298701298702
16,2025,Oysters_1018,0.8701298701298702
20,2025,Oysters_1019,0.8701298701298702
25,2025,Oysters_1020,0.8701298701298702
162,2025,Oysters_1021,0.8701298701298702
163,2025,Oysters_1022,0.8701298701298702
179,2025,Oysters_1023,0.8701298701298702
181,2025,Oysters_1024,0.8701298701298702
209,2025,Oysters_1025,0.8701298701298702
210,2025,Oysters_1026,0.8701298701298702
218,2025,Oysters_1027,0.8701298701298702
224,2025,Oysters_1028,0.8701298701298702
180,2025,Oysters_1029,0.8701298701298702
182,2025,Oysters_1030,0.8701298701298702
62,2025,Oysters_1031,0.8701298701298702
112,2025,Oysters_1032,0.8701298701298702
15,2025,Oysters_1033,0.8701298701298702
166,2025,Oysters_1034,0.8701298701298702
37,2025,Oysters_1035,0.8701298701298702
84,2025,Oysters_1036,0.8701298701298702
222,2025,Oysters_1037,0.8701298701298702
102,2025,Oysters_1038,0.8701298701298702
147,2025,Oysters_1039,0.8701298701298702
176,2025,Oysters_1040,0.8701298701298702
223,2025,Oysters_1041,0.8701298701298702
227,2025,Oysters_1042,0.8701298701298702
18,2025,Oysters_1043,0.8701298701298702
177,2025,Oysters_1044,0.8701298701298702
5,2025,Oysters_1045,0.8701298701298702
101,2025,Oysters_1046,0.8701298701298702
135,2025,Oysters_1047,0.8701298701298702
228,2025,Oysters_1048,0.8701298701298702
115,2025,Oysters_1049,0.8701298701298702
206,2025,Oysters_1050,0.8701298701298702
187,2025,Oysters_1051,0.8701298701298702
80,2025,Oysters_1052,0.8701298701298702
171,2025,Oysters_1053,0.8701298701298702
203,2025,Oysters_1054,0.8701298701298702
138,2025,Oysters_1055,0.8701298701298702
172,2025,Oysters_1056,0.8701298701298702
66,2025,Oysters_1057,0.8701298701298702
183,2025,Oysters_1058,0.8701298701298702
17,2025,Oysters_1059,0.8701298701298702
184,2025,Oysters_1060,0.8701298701298702
232,2025,Oysters_1061,0.8701298701298702
216,2025,Oysters_1062,0.8701298701298702
95,2025,Oysters_1063,0.8701298701298702
208,2025,Oysters_1064,0.8701298701298702
130,2025,Oysters_1065,0.8701298701298702
65,2025,Oysters_1066,0.8701298701298702
134,2025,Oysters_1067,0.8701298701298702
73,2025,Oysters_1068,0.8701298701298702
137,2025,Oysters_1069,0.8701298701298702
186,2025,Oysters_1070,0.8701298701298702
54,2025,Oysters_1071,0.8701298701298702
153,2025,Pacific asaphis_1072,0.8701298701298702
135,2025,Pacific bluefin tuna_1073,0.3766233766233766
210,2025,Pacific bluefin tuna_1074,0.2987012987012987
20,2025,Pacific chub mackerel_1075,0.2987012987012987
163,2025,Pacific geoduck_1076,0.987012987012987
208,2025,Papuan black snapper_1077,0.7662337662337662
32,2025,Pargo breams nei_1078,0.7012987012987013
187,2025,Pargo breams nei_1079,0.5714285714285714
209,2025,Pen shells nei_1080,0.8701298701298702
208,2025,Penaeus shrimps nei_1081,0.8831168831168832
183,2025,Peppery furrow_1082,0.8701298701298702
179,2025,Periwinkles nei_1083,0.9090909090909091
76,2025,Pink dentex_1084,0.5324675324675324
73,2025,Pink(=Humpback) salmon_1085,0.8831168831168832
182,2025,Pollack_1086,0.8831168831168832
209,2025,Pompano_1087,0.8831168831168832
14,2025,"Porgies, seabreams nei_1088",0.7012987012987013
20,2025,"Porgies, seabreams nei_1089",0.7012987012987013
48,2025,"Porgies, seabreams nei_1090",0.8831168831168832
184,2025,"Porgies, seabreams nei_1091",0.5714285714285714
209,2025,"Porgies, seabreams nei_1092",0.7012987012987013
76,2025,"Porgies, seabreams nei_1093",0.5324675324675324
208,2025,Potato grouper_1094,0.7662337662337662
20,2025,Pufferfishes nei_1095,0.7662337662337662
183,2025,Purple dye murex_1096,0.9090909090909091
111,2025,Queen conch_1097,0.9090909090909091
218,2025,Rainbow trout_1098,0.9090909090909091
223,2025,Rainbow trout_1099,0.8831168831168832
141,2025,Rainbow trout_1100,0.8831168831168832
179,2025,Rainbow trout_1101,0.8831168831168832
181,2025,Rainbow trout_1102,0.8831168831168832
174,2025,Rainbow trout_1103,0.8831168831168832
175,2025,Rainbow trout_1104,0.8831168831168832
180,2025,Rainbow trout_1105,0.8831168831168832
163,2025,Rainbow trout_1106,0.8701298701298702
222,2025,Rainbow trout_1107,0.8831168831168832
16,2025,Rainbow trout_1108,0.8831168831168832
224,2025,Rainbow trout_1109,0.6363636363636364
70,2025,Rainbow trout_1110,0.8831168831168832
73,2025,Rainbow trout_1111,0.8831168831168832
76,2025,Rainbow trout_1112,0.8831168831168832
143,2025,Rainbow trout_1113,0.8831168831168832
182,2025,Rainbow trout_1114,0.8831168831168832
172,2025,Rainbow trout_1115,0.8831168831168832
20,2025,Rainbow trout_1116,0.8831168831168832
102,2025,Red bait_1117,0.8181818181818181
140,2025,Red drum_1118,0.5974025974025974
110,2025,Red drum_1119,0.8831168831168832
79,2025,Red drum_1120,0.6103896103896104
137,2025,Red drum_1121,0.5974025974025974
32,2025,Red drum_1122,0.5974025974025974
29,2025,Red drum_1123,0.5974025974025974
209,2025,Red drum_1124,0.5974025974025974
37,2025,Red drum_1125,0.5974025974025974
135,2025,Red drum_1126,0.5974025974025974
210,2025,Red oyas_1127,0.8181818181818181
20,2025,Red oyas_1128,0.8181818181818181
80,2025,Red porgy_1129,0.5714285714285714
81,2025,Red porgy_1130,0.5714285714285714
76,2025,Red porgy_1131,0.5324675324675324
210,2025,Red seabream_1132,0.7012987012987013
20,2025,Red seabream_1133,0.7012987012987013
81,2025,Red seabream_1134,0.5714285714285714
14,2025,Red seabream_1135,0.7012987012987013
76,2025,Redbanded seabream_1136,0.5324675324675324
153,2025,Rough turban_1137,0.9090909090909091
209,2025,Russell's snapper_1138,0.7662337662337662
218,2025,Salmonids nei_1139,0.8051948051948051
69,2025,Salmonoids nei_1140,0.8831168831168832
70,2025,Salmonoids nei_1141,0.8831168831168832
73,2025,Salmonoids nei_1142,0.8831168831168832
74,2025,Salmonoids nei_1143,0.8831168831168832
75,2025,Salmonoids nei_1144,0.8831168831168832
189,2025,Salmonoids nei_1145,0.8831168831168832
174,2025,Salmonoids nei_1146,0.8831168831168832
163,2025,Sand gaper_1147,0.8701298701298702
183,2025,Sargo breams nei_1148,0.5714285714285714
61,2025,Sargo breams nei_1149,0.8831168831168832
216,2025,Scalloped spiny lobster_1150,0.8181818181818181
210,2025,Scallops_1151,0.8701298701298702
138,2025,Scallops_1152,0.8701298701298702
209,2025,Scallops_1153,0.8701298701298702
224,2025,Scallops_1154,0.8701298701298702
69,2025,Scallops_1155,0.8701298701298702
70,2025,Scallops_1156,0.8701298701298702
73,2025,Scallops_1157,0.8701298701298702
74,2025,Scallops_1158,0.8701298701298702
75,2025,Scallops_1159,0.8701298701298702
189,2025,Scallops_1160,0.8701298701298702
182,2025,Scallops_1161,0.8701298701298702
180,2025,Scallops_1162,0.8701298701298702
135,2025,Scallops_1163,0.8701298701298702
137,2025,Scallops_1164,0.8701298701298702
218,2025,Scallops_1165,0.8701298701298702
16,2025,Scallops_1166,0.8701298701298702
20,2025,Scallops_1167,0.8701298701298702
179,2025,Scallops_1168,0.8701298701298702
227,2025,Scallops_1169,0.8701298701298702
181,2025,Scallops_1170,0.8701298701298702
62,2025,Scallops_1171,0.8701298701298702
171,2025,Scallops_1172,0.8701298701298702
223,2025,Scallops_1173,0.8701298701298702
21,2025,Scallops_1174,0.8701298701298702
187,2025,Scallops_1175,0.8701298701298702
80,2025,Sciaenas nei_1176,0.5584415584415584
76,2025,Sciaenas nei_1177,0.5194805194805195
20,2025,"Scorpionfishes, redfishes nei_1178",0.7662337662337662
216,2025,Sea cucumbers nei_1179,0.8181818181818181
42,2025,Sea cucumbers nei_1180,0.8181818181818181
209,2025,Sea snails_1181,0.9090909090909091
179,2025,Sea trout_1182,0.5584415584415584
180,2025,Sea trout_1183,0.5974025974025974
174,2025,Sea trout_1184,0.5974025974025974
73,2025,Sea urchins nei_1185,0.8181818181818181
209,2025,Sea urchins nei_1186,0.8181818181818181
15,2025,Seaweed_1187,0.8701298701298702
20,2025,Seaweed_1188,0.8701298701298702
21,2025,Seaweed_1189,0.8701298701298702
207,2025,Seaweed_1190,0.8701298701298702
209,2025,Seaweed_1191,0.8701298701298702
210,2025,Seaweed_1192,0.8701298701298702
216,2025,Seaweed_1193,0.8701298701298702
69,2025,Seaweed_1194,0.8701298701298702
70,2025,Seaweed_1195,0.8701298701298702
73,2025,Seaweed_1196,0.8701298701298702
74,2025,Seaweed_1197,0.8701298701298702
75,2025,Seaweed_1198,0.8701298701298702
189,2025,Seaweed_1199,0.8701298701298702
224,2025,Seaweed_1200,0.8701298701298702
14,2025,Seaweed_1201,0.8701298701298702
9,2025,Seaweed_1202,0.8701298701298702
18,2025,Seaweed_1203,0.8701298701298702
122,2025,Seaweed_1204,0.8701298701298702
179,2025,Seaweed_1205,0.8701298701298702
212,2025,Seaweed_1206,0.8701298701298702
202,2025,Seaweed_1207,0.8701298701298702
139,2025,Seaweed_1208,0.8701298701298702
42,2025,Seaweed_1209,0.8701298701298702
101,2025,Seaweed_1210,0.8701298701298702
102,2025,Seaweed_1211,0.8701298701298702
138,2025,Seaweed_1212,0.8701298701298702
206,2025,Seaweed_1213,0.8701298701298702
24,2025,Seaweed_1214,0.8701298701298702
203,2025,Seaweed_1215,0.8701298701298702
7,2025,Seaweed_1216,0.8701298701298702
41,2025,Seaweed_1217,0.8701298701298702
182,2025,Seaweed_1218,0.8701298701298702
181,2025,Seaweed_1219,0.8701298701298702
231,2025,Seaweed_1220,0.8701298701298702
155,2025,Seaweed_1221,0.8701298701298702
171,2025,Seaweed_1222,0.8701298701298702
175,2025,Seaweed_1223,0.8701298701298702
205,2025,Seaweed_1224,0.8701298701298702
17,2025,Seaweed_1225,0.8701298701298702
43,2025,Seaweed_1226,0.8701298701298702
164,2025,Seaweed_1227,0.8701298701298702
127,2025,Seaweed_1228,0.8701298701298702
177,2025,Seaweed_1229,0.8701298701298702
119,2025,Seaweed_1230,0.8701298701298702
137,2025,Seaweed_1231,0.8701298701298702
125,2025,Seaweed_1232,0.8701298701298702
135,2025,Seaweed_1233,0.8701298701298702
141,2025,Seaweed_1234,0.8701298701298702
163,2025,Seaweed_1235,0.8701298701298702
223,2025,Seaweed_1236,0.8701298701298702
62,2025,Seaweed_1237,0.8701298701298702
152,2025,Seaweed_1238,0.8701298701298702
204,2025,Seaweed_1239,0.8701298701298702
66,2025,Seaweed_1240,0.8701298701298702
61,2025,Seaweed_1241,0.8701298701298702
145,2025,Seaweed_1242,0.8701298701298702
182,2025,Senegalese sole_1243,0.8831168831168832
81,2025,Sharpsnout seabream_1244,0.5714285714285714
184,2025,Sharpsnout seabream_1245,0.5714285714285714
187,2025,Sharpsnout seabream_1246,0.5714285714285714
188,2025,Sharpsnout seabream_1247,0.8831168831168832
80,2025,Sharpsnout seabream_1248,0.5714285714285714
76,2025,Sharpsnout seabream_1249,0.5324675324675324
81,2025,Shi drum_1250,0.5584415584415584
184,2025,Shi drum_1251,0.5584415584415584
80,2025,Shi drum_1252,0.5584415584415584
76,2025,Shi drum_1253,0.5194805194805195
37,2025,Shoemaker spinefoot_1254,0.7662337662337662
147,2025,Sixfinger threadfin_1255,0.7662337662337662
11,2025,Sixfinger threadfin_1256,0.7662337662337662
102,2025,Smooth mactra_1257,0.8701298701298702
208,2025,Snappers nei_1258,0.7662337662337662
196,2025,Snappers nei_1259,0.7662337662337662
247,2025,Snappers nei_1260,0.7662337662337662
15,2025,Snappers nei_1261,0.7662337662337662
135,2025,Snappers nei_1262,0.7662337662337662
24,2025,Snappers nei_1263,0.7662337662337662
209,2025,Snappers nei_1264,0.7662337662337662
216,2025,Snappers nei_1265,0.7662337662337662
14,2025,"Snappers, jobfishes nei_1266",0.7662337662337662
171,2025,Snooks(=Robalos) nei_1267,0.7662337662337662
209,2025,Snubnose pompano_1268,0.8831168831168832
208,2025,Snubnose pompano_1269,0.8831168831168832
15,2025,Snubnose pompano_1270,0.8831168831168832
206,2025,Snubnose pompano_1271,0.8831168831168832
247,2025,Snubnose pompano_1272,0.8831168831168832
216,2025,Snubnose pompano_1273,0.8831168831168832
52,2025,Sobaity seabream_1274,0.8831168831168832
51,2025,Sobaity seabream_1275,0.8831168831168832
54,2025,Sobaity seabream_1276,0.8831168831168832
50,2025,Sobaity seabream_1277,0.8831168831168832
69,2025,Sockeye(=Red) salmon_1278,0.8831168831168832
70,2025,Sockeye(=Red) salmon_1279,0.8831168831168832
73,2025,Sockeye(=Red) salmon_1280,0.8831168831168832
74,2025,Sockeye(=Red) salmon_1281,0.8831168831168832
75,2025,Sockeye(=Red) salmon_1282,0.8831168831168832
189,2025,Sockeye(=Red) salmon_1283,0.8831168831168832
182,2025,Soles nei_1284,0.7662337662337662
177,2025,Soles nei_1285,0.7662337662337662
16,2025,Southern bluefin tuna_1286,0.6493506493506493
208,2025,Southern red snapper_1287,0.7662337662337662
216,2025,Speckled blue grouper_1288,0.7662337662337662
50,2025,Spinefeet(=Rabbitfishes) nei_1289,0.7662337662337662
208,2025,Spinefeet(=Rabbitfishes) nei_1290,0.7662337662337662
15,2025,Spinefeet(=Rabbitfishes) nei_1291,0.7662337662337662
182,2025,Spinous spider crab_1292,0.8181818181818181
210,2025,Spiny lobsters nei_1293,0.8181818181818181
208,2025,Spotted coralgrouper_1294,0.7662337662337662
130,2025,Spotted rose snapper_1295,0.7662337662337662
131,2025,Spotted rose snapper_1296,0.7662337662337662
182,2025,Spotted seabass_1297,0.7662337662337662
216,2025,Squaretail coralgrouper_1298,0.7662337662337662
181,2025,Stony sea urchin_1299,0.8181818181818181
208,2025,Streaked spinefoot_1300,0.7662337662337662
135,2025,Striped bass_1301,0.8701298701298702
79,2025,"Striped bass, hybrid_1302",0.8831168831168832
182,2025,"Striped bass, hybrid_1303",0.8831168831168832
182,2025,Striped venus_1304,0.8701298701298702
244,2025,Stromboid conchs nei_1305,0.9090909090909091
245,2025,Stromboid conchs nei_1306,0.9090909090909091
250,2025,Stromboid conchs nei_1307,0.9090909090909091
210,2025,Tiger pufferfish_1308,0.7662337662337662
209,2025,Tiger pufferfish_1309,0.7662337662337662
206,2025,"Tiger-dragon grouper, hybrid_1310",0.7662337662337662
15,2025,Tropical spiny lobsters nei_1311,0.8181818181818181
112,2025,Tropical spiny lobsters nei_1312,0.8181818181818181
207,2025,Tropical spiny lobsters nei_1313,0.8181818181818181
216,2025,Tropical spiny lobsters nei_1314,0.8181818181818181
247,2025,Tropical spiny lobsters nei_1315,0.8181818181818181
76,2025,Trouts nei_1316,0.5194805194805195
218,2025,Trouts nei_1317,0.8701298701298702
14,2025,Trumpet emperor_1318,0.7662337662337662
179,2025,Turbot_1319,0.8831168831168832
176,2025,Turbot_1320,0.8831168831168832
181,2025,Turbot_1321,0.8831168831168832
183,2025,Turbot_1322,0.8831168831168832
102,2025,Turbot_1323,0.8831168831168832
180,2025,Turbot_1324,0.8831168831168832
143,2025,Turbot_1325,0.8831168831168832
175,2025,Turbot_1326,0.8831168831168832
182,2025,Warty venus_1327,0.8701298701298702
188,2025,Warty venus_1328,0.8701298701298702
80,2025,White seabream_1329,0.5714285714285714
179,2025,White seabream_1330,0.5714285714285714
182,2025,White seabream_1331,0.5714285714285714
183,2025,White seabream_1332,0.5714285714285714
184,2025,White seabream_1333,0.5714285714285714
210,2025,White trevally_1334,0.14285714285714285
216,2025,White-edged lyretail_1335,0.7662337662337662
54,2025,White-spotted spinefoot_1336,0.7662337662337662
52,2025,White-spotted spinefoot_1337,0.7662337662337662
208,2025,White-spotted spinefoot_1338,0.7662337662337662
5,2025,White-spotted spinefoot_1339,0.7662337662337662
182,2025,Whiteleg shrimp_1340,0.8831168831168832
208,2025,Whiteleg shrimp_1341,0.8831168831168832
176,2025,Whiteleg shrimp_1342,0.8831168831168832
71,2025,Whiteleg shrimp_1343,0.8831168831168832
216,2025,Whiteleg shrimp_1344,0.5064935064935066
190,2025,Yellowfin seabream_1345,0.7792207792207791
48,2025,Yellowfin seabream_1346,0.8831168831168832
135,2025,Yellowfin tuna_1347,0.3766233766233766
48,2025,Yellowfin tuna_1348,0.5714285714285714
216,2025,Yellowspotted trevally_1349,0.8831168831168832
20,2025,[Oplegnathus fasciatus]_1350,0.7662337662337662
216,2024,Bluespot mullet_54,0.9951087873165794
216,2024,Flathead grey mullet_109,0.9951087873165794
216,2024,Greenback mullet_162,0.9951087873165794
75,2024,So-iuy mullet_373,0.9951087873165794
228,2024,Turbot_393,1
227,2024,Abalones_460,1
20,2024,Ascidiaceans_481,1
191,2024,European seabass_685,1
228,2024,Grooved carpet shell_760,1
228,2024,Mussels_956,1
228,2024,Scallops_1117,1
73,2024,Sea trout_1130,0.7758475290942823
120,2024,Seaweed_1155,1
37,2024,Spinefeet(=Rabbitfishes) nei_1227,0.9951087873165794
14,2024,Yellowback seabream_1277,0.9107775341541575
14,2024,Abalones_1,1
14,2024,Abalones_454,1
163,2024,Abalones_2,1
25,2024,Abalones_3,1
102,2024,Abalones_4,1
102,2024,Abalones_456,1
224,2024,Abalones_5,1
224,2024,Abalones_458,1
216,2024,Akiami paste shrimp_6,0.9951087873165794
14,2024,Amberjacks nei_7,1
14,2024,Amberjacks nei_469,1
207,2024,Aquatic invertebrates nei_8,1
143,2024,Arctic char_9,1
183,2024,Atlantic ditch shrimp_10,0.9951087873165794
182,2024,Atlantic ditch shrimp_11,0.9951087873165794
183,2024,Atlantic salmon_12,1
143,2024,Atlantic salmon_13,1
143,2024,Atlantic salmon_502,1
175,2024,Atlantic salmon_514,1
75,2024,Baltic prawn_14,0.9951087873165794
216,2024,Banana prawn_15,0.5397200202395006
207,2024,Banana prawn_16,0.6409175240344072
13,2024,Banana prawn_17,1
208,2024,Banana prawn_18,1
208,2024,Banana prawn_516,1
15,2024,Banana prawn_19,1
15,2024,Banana prawn_517,1
25,2024,Banana prawn_20,0.9613762860516106
206,2024,Banana prawn_21,0.6409175240344072
216,2024,Banded grouper_22,0.9951087873165794
216,2024,Banded grouper_519,0.9951087873165794
216,2024,Barramundi(=Giant seaperch)_23,1
216,2024,Barramundi(=Giant seaperch)_527,1
25,2024,Barramundi(=Giant seaperch)_24,1
206,2024,Barramundi(=Giant seaperch)_25,1
206,2024,Barramundi(=Giant seaperch)_522,1
16,2024,Barramundi(=Giant seaperch)_26,1
14,2024,Barramundi(=Giant seaperch)_27,1
14,2024,Barramundi(=Giant seaperch)_525,1
15,2024,Barramundi(=Giant seaperch)_28,1
208,2024,Barramundi(=Giant seaperch)_29,1
208,2024,Barramundi(=Giant seaperch)_521,1
79,2024,Barramundi(=Giant seaperch)_30,1
147,2024,Barramundi(=Giant seaperch)_31,1
147,2024,Barramundi(=Giant seaperch)_524,1
40,2024,Barramundi(=Giant seaperch)_32,1
40,2024,Barramundi(=Giant seaperch)_530,1
203,2024,Barramundi(=Giant seaperch)_33,1
54,2024,Barramundi(=Giant seaperch)_34,1
216,2024,Barred-chest grouper_35,0.9951087873165794
216,2024,Barred-chest grouper_531,0.9951087873165794
20,2024,Bastard halibut_36,0.9951087873165794
216,2024,Bigeye trevally_536,1
14,2024,Blackhead seabream_37,0.9107775341541575
14,2024,Blackhead seabream_542,0.9107775341541575
216,2024,Blacktail snapper_38,0.9951087873165794
216,2024,Blacktail snapper_547,0.9951087873165794
163,2024,Blue crab_39,1
137,2024,Blue shrimp_40,0.674650025299376
129,2024,Blue shrimp_41,1
147,2024,Blue shrimp_42,1
147,2024,Blue shrimp_557,1
5,2024,Blue shrimp_43,1
134,2024,Blue shrimp_44,1
131,2024,Blue shrimp_45,0.37105751391465674
139,2024,Blue shrimp_46,1
247,2024,Blue shrimp_47,1
6,2024,Blue shrimp_48,1
216,2024,Blue shrimp_49,0.5397200202395006
18,2024,Blue shrimp_50,1
135,2024,Blue shrimp_51,0.43852251644459433
14,2024,Blue swimming crab_52,1
208,2024,Blue swimming crab_53,1
208,2024,Blue swimming crab_558,1
16,2024,Brine shrimp_55,0.9951087873165794
191,2024,Brine shrimps nei_56,0.9951087873165794
16,2024,Brown tiger prawn_57,1
208,2024,Brown-marbled grouper_58,0.9951087873165794
208,2024,Brown-marbled grouper_564,0.9951087873165794
216,2024,Brown-marbled grouper_59,0.9951087873165794
216,2024,Brown-marbled grouper_566,0.9951087873165794
84,2024,Caramote prawn_60,1
182,2024,Caramote prawn_61,1
14,2024,Clams_62,1
14,2024,Clams_578,1
62,2024,Clams_63,1
216,2024,Coarse shrimp_64,0.5397200202395006
14,2024,Cobia_65,1
14,2024,Cobia_596,1
182,2024,Cockles_66,1
182,2024,Cockles_617,1
182,2024,Common prawn_67,0.9951087873165794
184,2024,Common prawn_68,0.9951087873165794
115,2024,Common snook_69,0.9951087873165794
84,2024,Common sole_70,1
183,2024,Common sole_71,1
183,2024,Common sole_637,1
80,2024,Common sole_72,1
184,2024,Common two-banded seabream_73,0.7421150278293135
182,2024,Corrugated venus_74,1
182,2024,Corrugated venus_644,1
224,2024,Corvina drum_75,0.7758475290942823
208,2024,Crimson snapper_76,0.9951087873165794
208,2024,Crimson snapper_647,0.9951087873165794
216,2024,Deepwater longtail red snapper_77,0.9951087873165794
14,2024,Diphos sanguin_78,1
14,2024,Diphos sanguin_651,1
16,2024,Eastern king prawn_79,1
16,2024,Eastern king prawn_655,1
16,2024,Eastern school shrimp_80,1
184,2024,European eel_81,0.89391128352167315
184,2024,European eel_659,0.89391128352167315
84,2024,European eel_82,0.89391128352167315
179,2024,European eel_83,0.89391128352167315
62,2024,European eel_84,0.89391128352167315
183,2024,European eel_85,0.89391128352167315
186,2024,European eel_86,0.89391128352167315
80,2024,European eel_87,0.89391128352167315
80,2024,European eel_660,0.89391128352167315
175,2024,European eel_88,0.89391128352167315
182,2024,European eel_89,0.89391128352167315
182,2024,European eel_658,0.89391128352167315
75,2024,European flounder_90,1
184,2024,European seabass_91,0.7421150278293135
184,2024,European seabass_668,0.7421150278293135
61,2024,European seabass_92,1
61,2024,European seabass_683,1
179,2024,European seabass_93,0.7421150278293135
179,2024,European seabass_666,0.7421150278293135
80,2024,European seabass_94,0.7421150278293135
80,2024,European seabass_662,0.7421150278293135
214,2024,European seabass_95,0.11806375442739081
183,2024,European seabass_96,0.7421150278293135
183,2024,European seabass_663,0.7421150278293135
176,2024,European seabass_97,1
79,2024,European seabass_98,1
79,2024,European seabass_674,1
182,2024,European seabass_99,0.7421150278293135
182,2024,European seabass_667,0.7421150278293135
78,2024,European seabass_100,1
175,2024,European whitefish_101,1
138,2024,Fine flounder_102,0.9951087873165794
14,2024,Flathead grey mullet_103,0.9951087873165794
14,2024,Flathead grey mullet_694,0.9951087873165794
184,2024,Flathead grey mullet_104,0.9951087873165794
184,2024,Flathead grey mullet_698,0.9951087873165794
18,2024,Flathead grey mullet_105,0.9951087873165794
61,2024,Flathead grey mullet_106,0.9951087873165794
80,2024,Flathead grey mullet_107,0.9951087873165794
80,2024,Flathead grey mullet_696,0.9951087873165794
167,2024,Flathead grey mullet_108,0.9951087873165794
20,2024,Fleshy prawn_110,1
209,2024,Fleshy prawn_111,0.7758475290942823
25,2024,Fourfinger threadfin_112,0.9951087873165794
14,2024,Fourfinger threadfin_113,0.9951087873165794
216,2024,Foursaddle grouper_114,0.9951087873165794
216,2024,Foursaddle grouper_705,0.9951087873165794
208,2024,Giant grouper_115,0.9951087873165794
208,2024,Giant grouper_708,0.9951087873165794
14,2024,Giant tiger prawn_116,1
207,2024,Giant tiger prawn_117,0.6240512734019227
216,2024,Giant tiger prawn_118,0.5228537696070163
15,2024,Giant tiger prawn_119,1
15,2024,Giant tiger prawn_710,1
203,2024,Giant tiger prawn_120,0
206,2024,Giant tiger prawn_121,0.6409175240344072
25,2024,Giant tiger prawn_122,1
40,2024,Giant tiger prawn_123,1
18,2024,Giant tiger prawn_124,1
16,2024,Giant tiger prawn_125,1
50,2024,Giant tiger prawn_126,1
7,2024,Giant tiger prawn_127,1
31,2024,Giant tiger prawn_128,1
37,2024,Giant tiger prawn_129,1
42,2024,Giant tiger prawn_130,1
153,2024,Giant tiger prawn_131,1
184,2024,Giant tiger prawn_132,1
205,2024,Giant tiger prawn_133,1
102,2024,Giant tiger prawn_134,1
247,2024,Giant tiger prawn_135,1
208,2024,Giant tiger prawn_136,1
208,2024,Giant tiger prawn_711,1
41,2024,Giant tiger prawn_137,1
209,2024,Giant tiger prawn_138,1
54,2024,Giant tiger prawn_139,1
202,2024,Giant tiger prawn_140,1
17,2024,Giant tiger prawn_141,1
204,2024,Giant tiger prawn_142,0.8433125316242199
106,2024,Giant tiger prawn_143,1
182,2024,Giant tiger prawn_144,1
80,2024,Giant tiger prawn_145,1
184,2024,Gilthead seabream_146,0.7421150278293135
184,2024,Gilthead seabream_722,0.7421150278293135
61,2024,Gilthead seabream_147,1
61,2024,Gilthead seabream_736,1
80,2024,Gilthead seabream_148,0.7421150278293135
80,2024,Gilthead seabream_715,0.7421150278293135
214,2024,Gilthead seabream_149,0.10119750379490638
183,2024,Gilthead seabream_150,0.7421150278293135
183,2024,Gilthead seabream_713,0.7421150278293135
79,2024,Gilthead seabream_151,1
79,2024,Gilthead seabream_714,1
182,2024,Gilthead seabream_152,0.7421150278293135
182,2024,Gilthead seabream_718,0.7421150278293135
78,2024,Gilthead seabream_153,1
75,2024,Gobies nei_154,0.9951087873165794
8,2024,Golden-lined spinefoot_155,0.9951087873165794
206,2024,Greasy grouper_156,0.9951087873165794
14,2024,Greasyback shrimp_157,1
209,2024,Green mud crab_158,1
54,2024,Green tiger prawn_159,1
184,2024,Green tiger prawn_160,1
48,2024,Green tiger prawn_161,1
182,2024,Grooved carpet shell_163,1
182,2024,Grooved carpet shell_756,1
184,2024,Grooved carpet shell_164,1
184,2024,Grooved carpet shell_761,1
25,2024,Groupers nei_166,0.9951087873165794
14,2024,Groupers nei_167,0.9951087873165794
14,2024,Groupers nei_764,0.9951087873165794
216,2024,Groupers nei_168,0.9951087873165794
216,2024,Groupers nei_768,0.9951087873165794
208,2024,Groupers nei_169,0.9951087873165794
208,2024,Groupers nei_763,0.9951087873165794
15,2024,"Groupers, seabasses nei_170",0.9951087873165794
15,2024,"Groupers, seabasses nei_773",0.9951087873165794
216,2024,"Groupers, seabasses nei_171",0.9951087873165794
216,2024,"Groupers, seabasses nei_774",0.9951087873165794
115,2024,"Gudgeons, sleepers nei_172",0.9951087873165794
208,2024,Humpback grouper_173,0.9951087873165794
208,2024,Humpback grouper_781,0.9951087873165794
216,2024,Humpback grouper_174,0.9951087873165794
216,2024,Humpback grouper_783,0.9951087873165794
207,2024,Indian white prawn_175,0.6409175240344072
203,2024,Indian white prawn_176,0.084331253162422
191,2024,Indian white prawn_177,1
81,2024,Indian white prawn_178,1
102,2024,Indian white prawn_179,1
50,2024,Indian white prawn_180,1
54,2024,Indian white prawn_181,1
48,2024,Indian white prawn_182,1
41,2024,Indian white prawn_183,1
47,2024,Indian white prawn_184,1
204,2024,Indian white prawn_185,0.8433125316242199
14,2024,Indo-Pacific swamp crab_186,1
216,2024,Indo-Pacific swamp crab_187,1
15,2024,Indo-Pacific swamp crab_188,1
15,2024,Indo-Pacific swamp crab_786,1
25,2024,Indo-Pacific swamp crab_189,1
206,2024,Indo-Pacific swamp crab_190,1
37,2024,Indo-Pacific swamp crab_191,1
16,2024,Indo-Pacific swamp crab_192,1
40,2024,Indo-Pacific swamp crab_193,1
247,2024,Indo-Pacific swamp crab_194,1
202,2024,Indo-Pacific swamp crab_195,1
42,2024,Indo-Pacific swamp crab_196,1
24,2024,Indo-Pacific swamp crab_197,1
17,2024,Indo-Pacific swamp crab_198,1
207,2024,Indo-Pacific swamp crab_199,1
18,2024,Indo-Pacific swamp crab_200,1
43,2024,Indo-Pacific swamp crab_201,1
208,2024,Indo-Pacific swamp crab_202,1
208,2024,Indo-Pacific swamp crab_785,1
231,2024,Indo-Pacific swamp crab_203,1
184,2024,Japanese carpet shell_204,1
184,2024,Japanese carpet shell_804,1
14,2024,Japanese carpet shell_205,1
14,2024,Japanese carpet shell_797,1
182,2024,Japanese carpet shell_206,1
182,2024,Japanese carpet shell_802,1
14,2024,Japanese eel_207,0.11806375442739081
102,2024,Japanese meagre_208,0.7758475290942823
209,2024,Japanese seabass_209,0.9951087873165794
14,2024,Japanese seabass_210,0.9951087873165794
14,2024,Japanese spiny lobster_211,1
14,2024,Japanese spiny lobster_815,1
208,2024,John's snapper_212,0.9951087873165794
208,2024,John's snapper_816,0.9951087873165794
210,2024,Kuruma prawn_213,1
14,2024,Kuruma prawn_214,1
14,2024,Kuruma prawn_819,1
20,2024,Kuruma prawn_215,1
179,2024,Kuruma prawn_216,1
182,2024,Kuruma prawn_217,1
16,2024,Kuruma prawn_218,1
183,2024,Kuruma prawn_219,1
184,2024,Kuruma prawn_220,1
184,2024,Kuruma prawn_820,1
80,2024,Kuruma prawn_221,1
102,2024,Kuruma prawn_222,1
82,2024,Kuruma prawn_223,1
209,2024,Kuruma prawn_224,0.7758475290942823
167,2024,Lebranche mullet_225,0.9951087873165794
209,2024,Lefteye flounders nei_226,0.9951087873165794
216,2024,Longfin trevally_825,1
216,2024,Longspine grouper_227,0.9951087873165794
216,2024,Longspine grouper_830,0.9951087873165794
208,2024,Malabar grouper_228,0.9951087873165794
208,2024,Malabar grouper_832,0.9951087873165794
208,2024,Mangrove red snapper_229,0.9951087873165794
208,2024,Mangrove red snapper_837,0.9951087873165794
216,2024,Mangrove red snapper_230,0.9951087873165794
216,2024,Mangrove red snapper_838,0.9951087873165794
14,2024,Marine crabs nei_231,1
14,2024,Marine crabs nei_840,1
209,2024,Marine crabs nei_232,1
20,2024,Marine crustaceans nei_233,1
14,2024,Marine fishes nei_234,0.9951087873165794
14,2024,Marine fishes nei_857,0.9951087873165794
204,2024,Marine fishes nei_235,0.9951087873165794
32,2024,Marine fishes nei_236,0.9951087873165794
134,2024,Marine fishes nei_237,0.9951087873165794
214,2024,Marine fishes nei_238,0.9951087873165794
203,2024,Marine fishes nei_239,0.9951087873165794
25,2024,Marine fishes nei_240,0.9951087873165794
15,2024,Marine fishes nei_241,0.9951087873165794
15,2024,Marine fishes nei_854,0.9951087873165794
79,2024,Marine fishes nei_242,0.9951087873165794
79,2024,Marine fishes nei_862,0.9951087873165794
80,2024,Marine fishes nei_243,0.9951087873165794
80,2024,Marine fishes nei_858,0.9951087873165794
207,2024,Marine fishes nei_244,0.9951087873165794
207,2024,Marine fishes nei_873,0.9951087873165794
180,2024,Marine fishes nei_245,0.9951087873165794
45,2024,Marine fishes nei_246,0.9951087873165794
14,2024,Marine molluscs nei_247,1
14,2024,Marine molluscs nei_886,1
24,2024,Marine molluscs nei_248,1
216,2024,Masked grouper_249,0.9951087873165794
184,2024,Meagre_250,0.7252487771968291
184,2024,Meagre_890,0.7252487771968291
182,2024,Meagre_251,0.7252487771968291
182,2024,Meagre_891,0.7252487771968291
214,2024,Meagre_252,0.05059875189745319
80,2024,Mediterranean shore crab_253,1
216,2024,Metapenaeus shrimps nei_254,0.5397200202395006
15,2024,Metapenaeus shrimps nei_255,1
25,2024,Metapenaeus shrimps nei_256,0.9613762860516106
207,2024,Metapenaeus shrimps nei_257,0.6409175240344072
14,2024,Milkfish_258,0.9951087873165794
15,2024,Milkfish_259,0.9951087873165794
15,2024,Milkfish_902,0.9951087873165794
216,2024,Milkfish_260,0.9951087873165794
216,2024,Milkfish_905,0.9951087873165794
9,2024,Milkfish_261,0.9951087873165794
212,2024,Milkfish_262,0.9951087873165794
153,2024,Milkfish_263,0.9951087873165794
155,2024,Milkfish_264,0.9951087873165794
10,2024,Milkfish_265,0.9951087873165794
13,2024,Milkfish_266,0.9951087873165794
202,2024,Milkfish_267,0.9951087873165794
231,2024,Milkfish_268,0.9951087873165794
8,2024,Milkfish_269,0.9951087873165794
40,2024,Milkfish_270,0.9951087873165794
17,2024,Milkfish_271,0.9951087873165794
43,2024,Milkfish_272,0.9951087873165794
206,2024,Milkfish_273,0.9951087873165794
7,2024,Milkfish_274,0.9951087873165794
8,2024,Mottled spinefoot_275,0.9951087873165794
208,2024,Mud spiny lobster_276,1
208,2024,Mud spiny lobster_907,1
216,2024,Mullets nei_277,0.9951087873165794
196,2024,Mullets nei_278,0.9951087873165794
183,2024,Mullets nei_279,0.9951087873165794
84,2024,Mullets nei_280,0.9951087873165794
214,2024,Mullets nei_281,0.9951087873165794
13,2024,Mullets nei_282,0.9951087873165794
75,2024,Mullets nei_283,0.9951087873165794
75,2024,Mullets nei_913,0.9951087873165794
115,2024,Mullets nei_284,0.9951087873165794
182,2024,Mullets nei_285,0.9951087873165794
182,2024,Mullets nei_911,0.9951087873165794
184,2024,Mullets nei_286,0.9951087873165794
184,2024,Mussels_287,1
184,2024,Mussels_927,1
61,2024,Mussels_288,1
136,2024,Mussels_289,1
14,2024,Natantian decapods nei_290,1
130,2024,Natantian decapods nei_291,1
76,2024,Natantian decapods nei_292,1
135,2024,Northern brown shrimp_293,0.43852251644459433
216,2024,Northern velvet shrimp_294,0.5397200202395006
163,2024,Northern white shrimp_295,1
135,2024,Northern white shrimp_296,0.43852251644459433
205,2024,Orange mud crab_297,1
203,2024,Orange mud crab_298,1
204,2024,Orange mud crab_299,1
216,2024,Orange mud crab_300,1
54,2024,Orange-spotted grouper_301,0.9951087873165794
208,2024,Orange-spotted grouper_302,0.9951087873165794
208,2024,Orange-spotted grouper_972,0.9951087873165794
66,2024,Oysters_303,1
66,2024,Oysters_1017,1
184,2024,Oysters_304,1
184,2024,Oysters_1020,1
61,2024,Oysters_305,1
16,2024,Oysters_306,1
16,2024,Oysters_978,1
183,2024,Oysters_307,1
183,2024,Oysters_1018,1
17,2024,Oysters_308,1
17,2024,Oysters_1019,1
135,2024,Oysters_309,1
135,2024,Oysters_1008,1
182,2024,Oysters_310,1
182,2024,Oysters_990,1
40,2024,Oysters_311,1
182,2024,Palaemonid shrimps nei_313,0.9951087873165794
25,2024,Penaeus shrimps nei_314,0.9613762860516106
204,2024,Penaeus shrimps nei_315,0.8433125316242199
209,2024,Penaeus shrimps nei_316,0.7758475290942823
43,2024,Penaeus shrimps nei_317,1
115,2024,Penaeus shrimps nei_318,1
136,2024,Penaeus shrimps nei_319,1
167,2024,Penaeus shrimps nei_320,1
53,2024,Penaeus shrimps nei_321,0.6240512734019227
62,2024,Penaeus shrimps nei_322,1
173,2024,Penaeus shrimps nei_323,1
24,2024,Penaeus shrimps nei_324,0.9276437847866419
116,2024,Penaeus shrimps nei_325,0.8770450328891887
15,2024,Penaeus shrimps nei_326,1
45,2024,Penaeus shrimps nei_327,1
214,2024,Penaeus shrimps nei_328,1
16,2024,Penaeus shrimps nei_329,1
231,2024,Penaeus shrimps nei_330,1
208,2024,Penaeus shrimps nei_331,1
208,2024,Penaeus shrimps nei_1040,1
8,2024,Penaeus shrimps nei_332,0.9951087873165794
84,2024,Penaeus shrimps nei_333,1
196,2024,Penaeus shrimps nei_334,1
205,2024,Penaeus shrimps nei_335,1
182,2024,Pod razor shell_336,1
14,2024,"Porgies, seabreams nei_337",0.9107775341541575
14,2024,"Porgies, seabreams nei_1047",0.9107775341541575
184,2024,"Porgies, seabreams nei_338",0.7421150278293135
184,2024,"Porgies, seabreams nei_1050",0.7421150278293135
216,2024,Portunus swimcrabs nei_339,1
209,2024,Portunus swimcrabs nei_340,1
176,2024,Rainbow trout_341,1
143,2024,Rainbow trout_342,1
143,2024,Rainbow trout_1071,1
180,2024,Rainbow trout_343,1
180,2024,Rainbow trout_1064,1
175,2024,Rainbow trout_344,1
175,2024,Rainbow trout_1063,1
191,2024,Rainbow trout_345,1
79,2024,Red drum_346,0.7758475290942823
79,2024,Red drum_1078,0.7758475290942823
163,2024,Red drum_347,1
14,2024,Red seabream_348,0.9107775341541575
14,2024,Red seabream_1092,0.9107775341541575
14,2024,Redtail prawn_349,1
209,2024,Righteye flounders nei_350,1
20,2024,Righteye flounders nei_351,1
15,2024,Scats_352,0.9951087873165794
175,2024,Sea trout_353,0.7758475290942823
183,2024,Seabasses nei_354,0.9951087873165794
14,2024,Seaweed_355,1
14,2024,Seaweed_1145,1
184,2024,Seaweed_356,1
155,2024,Seaweed_357,1
155,2024,Seaweed_1166,1
216,2024,Seaweed_358,1
216,2024,Seaweed_1142,1
102,2024,Seaweed_359,1
102,2024,Seaweed_1156,1
163,2024,Seaweed_1179,1
40,2024,Seaweed_360,1
183,2024,Seaweed_361,1
182,2024,Seaweed_362,1
182,2024,Seaweed_1163,1
207,2024,Seaweed_363,1
207,2024,Seaweed_1139,1
182,2024,Senegalese sole_364,1
182,2024,Senegalese sole_1184,1
143,2024,Senegalese sole_365,1
183,2024,Senegalese sole_366,1
80,2024,Sharpsnout seabream_367,0.7421150278293135
80,2024,Sharpsnout seabream_1189,0.7421150278293135
206,2024,Snappers nei_368,0.9951087873165794
208,2024,Snappers nei_369,0.9951087873165794
208,2024,Snappers nei_1198,0.9951087873165794
216,2024,Snappers nei_370,0.9951087873165794
216,2024,Snappers nei_1205,0.9951087873165794
14,2024,"Snappers, jobfishes nei_371",0.9951087873165794
14,2024,"Snappers, jobfishes nei_1206",0.9951087873165794
208,2024,Snubnose pompano_372,1
208,2024,Snubnose pompano_1209,1
182,2024,Soles nei_374,0.9951087873165794
182,2024,Soles nei_1219,0.9951087873165794
112,2024,Southern white shrimp_375,1
204,2024,Speckled shrimp_376,0.8433125316242199
18,2024,Spinefeet(=Rabbitfishes) nei_377,0.9951087873165794
15,2024,Spinefeet(=Rabbitfishes) nei_378,0.9951087873165794
15,2024,Spinefeet(=Rabbitfishes) nei_1226,0.9951087873165794
8,2024,Spinefeet(=Rabbitfishes) nei_379,0.9951087873165794
208,2024,Spotted coralgrouper_380,0.9951087873165794
208,2024,Spotted coralgrouper_1230,0.9951087873165794
182,2024,Spotted seabass_381,0.9951087873165794
182,2024,Spotted seabass_1233,0.9951087873165794
25,2024,Squaretail mullet_382,0.9951087873165794
61,2024,Thinlip grey mullet_383,0.9951087873165794
21,2024,Tiger pufferfish_384,0.9951087873165794
206,2024,Tropical spiny lobsters nei_385,1
40,2024,Tropical spiny lobsters nei_386,1
182,2024,Turbot_387,1
224,2024,Turbot_388,1
177,2024,Turbot_389,1
183,2024,Turbot_390,1
183,2024,Turbot_1256,1
209,2024,Turbot_391,1
227,2024,Turbot_392,1
14,2024,Two-spot red snapper_394,0.9951087873165794
14,2024,Waigieu seaperch_395,1
216,2024,Whiskered velvet shrimp_396,0.5397200202395006
80,2024,White seabream_397,0.7421150278293135
80,2024,White seabream_1263,0.7421150278293135
182,2024,White seabream_398,0.7421150278293135
182,2024,White seabream_1265,0.7421150278293135
184,2024,White seabream_399,0.7421150278293135
184,2024,White seabream_1267,0.7421150278293135
183,2024,White seabream_1266,0.7421150278293135
190,2024,White-spotted spinefoot_400,0.9951087873165794
137,2024,Whiteleg shrimp_401,0.674650025299376
129,2024,Whiteleg shrimp_402,1
133,2024,Whiteleg shrimp_403,0.8433125316242199
138,2024,Whiteleg shrimp_404,1
171,2024,Whiteleg shrimp_405,1
132,2024,Whiteleg shrimp_406,1
131,2024,Whiteleg shrimp_407,0.37105751391465674
110,2024,Whiteleg shrimp_408,1
163,2024,Whiteleg shrimp_409,1
164,2024,Whiteleg shrimp_410,1
135,2024,Whiteleg shrimp_411,0.43852251644459433
130,2024,Whiteleg shrimp_412,1
139,2024,Whiteleg shrimp_413,1
134,2024,Whiteleg shrimp_414,1
168,2024,Whiteleg shrimp_415,1
14,2024,Whiteleg shrimp_416,1
209,2024,Whiteleg shrimp_417,0.43852251644459433
25,2024,Whiteleg shrimp_418,0.5903187721369539
166,2024,Whiteleg shrimp_419,1
207,2024,Whiteleg shrimp_420,0.6577837746668916
13,2024,Whiteleg shrimp_421,1
78,2024,Whiteleg shrimp_422,1
136,2024,Whiteleg shrimp_423,1
112,2024,Whiteleg shrimp_424,1
216,2024,Whiteleg shrimp_425,0.5734525215044696
208,2024,Whiteleg shrimp_426,1
208,2024,Whiteleg shrimp_1275,1
20,2024,Whiteleg shrimp_427,1
15,2024,Whiteleg shrimp_428,1
102,2024,Whiteleg shrimp_429,1
191,2024,Whiteleg shrimp_430,1
203,2024,Whiteleg shrimp_431,0.40479001517962554
206,2024,Whiteleg shrimp_432,0.6577837746668916
6,2024,Whiteleg shrimp_433,1
115,2024,Whiteleg shrimp_434,1
50,2024,Whiteleg shrimp_435,1
182,2024,Whiteleg shrimp_436,1
182,2024,Whiteleg shrimp_1274,1
61,2024,Whiteleg shrimp_437,1
214,2024,Whiteleg shrimp_438,1
231,2024,Whiteleg shrimp_439,1
56,2024,Whiteleg shrimp_440,1
40,2024,Whiteleg shrimp_441,1
247,2024,Whiteleg shrimp_442,1
205,2024,Whiteleg shrimp_443,1
54,2024,Whiteleg shrimp_444,1
167,2024,Whitemouth croaker_445,0.7758475290942823
224,2024,Yellowtail amberjack_446,1
177,2024,Yellowtail amberjack_447,1
54,2024,Yellowtail amberjack_448,1
175,2024,Yellowtail amberjack_449,1
184,2024,[Mugil spp]_450,0.9951087873165794
209,2024,[Rhopilema esculentum]_451,1
25,2024,[Scylla spp]_452,1
20,2024,Abalones_453,1
228,2024,Abalones_461,1
16,2024,Abalones_455,1
135,2024,Abalones_457,1
143,2024,Abalones_459,1
138,2024,Abalones_462,1
162,2024,Abalones_463,1
209,2024,Abalones_464,1
101,2024,Abalones_465,1
181,2024,Abalones_466,1
179,2024,Abalones_467,1
182,2024,Abalones_468,1
209,2024,Amberjacks nei_470,1
20,2024,Amberjacks nei_471,0.5565862708719852
209,2024,Aquatic invertebrates nei_472,1
20,2024,Aquatic invertebrates nei_473,1
210,2024,Aquatic invertebrates nei_474,1
16,2024,Aquatic invertebrates nei_475,1
205,2024,Aquatic invertebrates nei_476,1
73,2024,Aquatic invertebrates nei_477,1
181,2024,Aquatic invertebrates nei_478,1
182,2024,Aquatic invertebrates nei_479,1
209,2024,Areolate grouper_480,0.9951087873165794
218,2024,Atlantic bluefin tuna_482,0.7252487771968291
182,2024,Atlantic bluefin tuna_483,0.7421150278293135
187,2024,Atlantic bluefin tuna_484,0.7421150278293135
184,2024,Atlantic bluefin tuna_485,0.7421150278293135
61,2024,Atlantic bluefin tuna_486,0.7421150278293135
76,2024,Atlantic bluefin tuna_487,0.7421150278293135
81,2024,Atlantic bluefin tuna_488,0.7421150278293135
183,2024,Atlantic bluefin tuna_489,0.7421150278293135
68,2024,Atlantic bluefin tuna_490,0.7421150278293135
80,2024,Atlantic bluefin tuna_491,0.7421150278293135
218,2024,Atlantic cod_492,1
223,2024,Atlantic cod_493,1
143,2024,Atlantic cod_494,1
180,2024,Atlantic cod_495,1
143,2024,Atlantic halibut_496,1
180,2024,Atlantic halibut_497,1
223,2024,Atlantic halibut_498,1
223,2024,Atlantic salmon_499,0.6071850227694383
180,2024,Atlantic salmon_500,0.5059875189745319
181,2024,Atlantic salmon_501,1
141,2024,Atlantic salmon_503,0.7083825265643446
222,2024,Atlantic salmon_504,1
218,2024,Atlantic salmon_505,0.674650025299376
174,2024,Atlantic salmon_506,1
182,2024,Atlantic salmon_507,1
16,2024,Atlantic salmon_508,1
163,2024,Atlantic salmon_509,0.8433125316242199
224,2024,Atlantic salmon_510,0.6409175240344072
76,2024,Atlantic salmon_511,1
179,2024,Atlantic salmon_512,1
73,2024,Atlantic salmon_513,1
21,2024,Atlantic salmon_515,1
182,2024,Banded carpet shell_518,1
209,2024,Barramundi(=Giant seaperch)_520,1
247,2024,Barramundi(=Giant seaperch)_523,1
50,2024,Barramundi(=Giant seaperch)_526,1
24,2024,Barramundi(=Giant seaperch)_528,1
205,2024,Barramundi(=Giant seaperch)_529,1
210,2024,Bastard halibut_532,0.9951087873165794
135,2024,Bastard halibuts nei_533,0.9951087873165794
182,2024,Big-scale sand smelt_534,0.9951087873165794
208,2024,Bigeye trevally_535,1
134,2024,Black ark_537,1
208,2024,Black grouper_538,0.9951087873165794
216,2024,Black jack_539,1
216,2024,Blackbanded trevally_540,1
210,2024,Blackhead seabream_541,0.9107775341541575
20,2024,Blackhead seabream_543,0.9107775341541575
216,2024,Blacksaddled coralgrouper_544,0.9951087873165794
182,2024,Blackspot seabream_545,0.7421150278293135
183,2024,Blackspot seabream_546,0.7421150278293135
206,2024,Blacktip grouper_548,0.9951087873165794
20,2024,Blood cockle_549,1
25,2024,Blood cockle_550,1
206,2024,Blood cockle_551,1
14,2024,Blood cockle_552,1
209,2024,Blood cockle_553,1
24,2024,Blood cockle_554,1
216,2024,Blood cockle_555,1
216,2024,Bludger_556,1
216,2024,Bluefin trevally_559,1
76,2024,Bluespotted seabream_560,0.6915162759318603
216,2024,Brassy trevally_561,1
110,2024,Brine shrimp_562,0.9951087873165794
206,2024,Broad geloina_563,1
206,2024,Brown-marbled grouper_565,0.9951087873165794
110,2024,Caribbean spiny lobster_567,1
117,2024,Caribbean spiny lobster_568,1
102,2024,Carpet shells nei_569,1
61,2024,Carpet shells nei_570,1
223,2024,Chars nei_571,0.9951087873165794
162,2024,Chinook(=Spring=King) salmon_572,1
163,2024,Chinook(=Spring=King) salmon_573,1
218,2024,Chinook(=Spring=King) salmon_574,1
224,2024,Chinook(=Spring=King) salmon_575,1
16,2024,Chinook(=Spring=King) salmon_576,1
73,2024,Chum(=Keta=Dog) salmon_577,1
20,2024,Clams_579,1
210,2024,Clams_580,1
21,2024,Clams_581,1
9,2024,Clams_582,1
163,2024,Clams_583,1
218,2024,Clams_584,1
80,2024,Clams_585,1
175,2024,Clams_586,1
182,2024,Clams_587,1
18,2024,Clams_588,1
183,2024,Clams_589,1
135,2024,Clams_590,1
8,2024,Clams_591,1
179,2024,Clams_592,1
180,2024,Clams_593,1
184,2024,Clams_594,1
188,2024,Clams_595,1
32,2024,Cobia_597,1
116,2024,Cobia_598,1
110,2024,Cobia_599,1
209,2024,Cobia_600,1
140,2024,Cobia_601,1
29,2024,Cobia_602,1
115,2024,Cobia_603,1
129,2024,Cobia_604,0.89391128352167315
164,2024,Cobia_605,1
207,2024,Cobia_606,1
208,2024,Cobia_607,1
132,2024,Cobia_608,1
171,2024,Cobia_609,1
20,2024,Cockles_610,1
183,2024,Cockles_611,1
163,2024,Cockles_612,1
8,2024,Cockles_613,1
179,2024,Cockles_614,1
180,2024,Cockles_615,1
152,2024,Cockles_616,1
155,2024,Cockles_618,1
153,2024,Cockles_619,1
17,2024,Cockles_620,1
11,2024,Cockles_621,1
163,2024,Coho(=Silver) salmon_622,1
224,2024,Coho(=Silver) salmon_623,0.674650025299376
210,2024,Coho(=Silver) salmon_624,1
218,2024,Coho(=Silver) salmon_625,1
179,2024,Coho(=Silver) salmon_626,1
175,2024,Coho(=Silver) salmon_627,1
61,2024,Common cuttlefish_628,1
183,2024,Common cuttlefish_629,1
182,2024,Common dentex_630,0.7421150278293135
232,2024,Common dentex_631,1
187,2024,Common dentex_632,0.7421150278293135
80,2024,Common dentex_633,0.7421150278293135
76,2024,Common dentex_634,0.6915162759318603
80,2024,Common pandora_635,0.7421150278293135
81,2024,Common pandora_636,0.7421150278293135
182,2024,Common sole_638,1
61,2024,Common sole_639,1
184,2024,Common sole_640,1
76,2024,Common two-banded seabream_641,0.6915162759318603
20,2024,Convict grouper_642,0.9951087873165794
183,2024,Corrugated venus_643,1
135,2024,Crevalle jack_645,1
210,2024,Crimson seabream_646,0.9107775341541575
14,2024,"Croakers, drums nei_648",0.7758475290942823
50,2024,"Croakers, drums nei_649",1
183,2024,"Croakers, drums nei_650",1
20,2024,Dotted gizzard shad_652,0.9951087873165794
32,2024,Drums nei_653,0.7758475290942823
216,2024,Duskytail grouper_654,0.9951087873165794
5,2024,Emperor red snapper_656,0.9951087873165794
61,2024,European eel_657,0.89391128352167315
175,2024,European flounder_661,1
81,2024,European seabass_664,0.7421150278293135
84,2024,European seabass_665,1
76,2024,European seabass_669,0.6915162759318603
62,2024,European seabass_670,1
68,2024,European seabass_671,0.7421150278293135
187,2024,European seabass_672,0.7421150278293135
188,2024,European seabass_673,0.7421150278293135
143,2024,European seabass_675,1
67,2024,European seabass_676,1
232,2024,European seabass_677,1
54,2024,European seabass_678,1
115,2024,European seabass_679,1
180,2024,European seabass_680,1
82,2024,European seabass_681,1
186,2024,European seabass_682,1
37,2024,European seabass_684,1
174,2024,European whitefish_686,1
210,2024,Filefishes nei_687,0.9951087873165794
20,2024,"Filefishes, leatherjackets nei_688",0.9951087873165794
223,2024,Finfishes nei_689,0.9951087873165794
16,2024,Finfishes nei_690,0.9951087873165794
179,2024,Finfishes nei_691,0.9951087873165794
73,2024,Flatfishes nei_692,0.9951087873165794
210,2024,Flathead grey mullet_693,0.9951087873165794
135,2024,Flathead grey mullet_695,0.9951087873165794
50,2024,Flathead grey mullet_697,0.9951087873165794
208,2024,Flathead grey mullet_699,0.9951087873165794
15,2024,Flathead lobster_700,1
129,2024,Florida pompano_701,1
115,2024,Florida pompano_702,1
208,2024,Fourfinger threadfin_703,0.9951087873165794
206,2024,Fourfinger threadfin_704,0.9951087873165794
182,2024,Gastropods nei_706,1
210,2024,Gazami crab_707,1
206,2024,Giant grouper_709,0.9951087873165794
208,2024,Giant trevally_712,1
84,2024,Gilthead seabream_716,1
179,2024,Gilthead seabream_717,0.7421150278293135
76,2024,Gilthead seabream_719,0.6915162759318603
81,2024,Gilthead seabream_720,0.7421150278293135
62,2024,Gilthead seabream_721,1
68,2024,Gilthead seabream_723,0.7421150278293135
187,2024,Gilthead seabream_724,0.7421150278293135
188,2024,Gilthead seabream_725,1
67,2024,Gilthead seabream_726,1
48,2024,Gilthead seabream_727,1
51,2024,Gilthead seabream_728,1
82,2024,Gilthead seabream_729,1
232,2024,Gilthead seabream_730,1
54,2024,Gilthead seabream_731,1
115,2024,Gilthead seabream_732,1
52,2024,Gilthead seabream_733,1
186,2024,Gilthead seabream_734,1
50,2024,Gilthead seabream_735,1
183,2024,Golden carpet shell_737,1
208,2024,Golden trevally_738,1
206,2024,Golden trevally_739,1
5,2024,Golden-lined spinefoot_740,0.9951087873165794
209,2024,Goldlined seabream_741,0.9107775341541575
50,2024,Goldlined seabream_742,1
54,2024,Goldlined seabream_743,1
37,2024,Goldlined seabream_744,0.9107775341541575
51,2024,Goldsilk seabream_745,1
134,2024,Grand ark_746,1
209,2024,Greasy grouper_747,0.9951087873165794
54,2024,Greasy grouper_748,0.9951087873165794
182,2024,Greater amberjack_749,1
14,2024,Greater amberjack_750,1
80,2024,Greater amberjack_751,1
182,2024,Green crab_752,1
208,2024,Green humphead parrotfish_753,0.9951087873165794
179,2024,Grooved carpet shell_754,1
183,2024,Grooved carpet shell_755,1
180,2024,Grooved carpet shell_757,1
84,2024,Grooved carpet shell_758,1
227,2024,Grooved carpet shell_759,1
62,2024,Grooved carpet shell_165,1
182,2024,Groundfishes nei_762,0.9951087873165794
61,2024,Groupers nei_765,0.9951087873165794
50,2024,Groupers nei_766,0.9951087873165794
171,2024,Groupers nei_767,0.9951087873165794
209,2024,Groupers nei_769,0.9951087873165794
205,2024,Groupers nei_770,0.9951087873165794
206,2024,Groupers nei_771,0.9951087873165794
247,2024,Groupers nei_772,0.9951087873165794
143,2024,Haddock_775,0.9951087873165794
20,2024,Half-crenated ark_776,1
216,2024,Highfin coralgrouper_777,0.9951087873165794
216,2024,Highfin grouper_778,0.9951087873165794
209,2024,Hong Kong grouper_779,0.9951087873165794
20,2024,Horned turban_780,1
206,2024,Humpback grouper_782,0.9951087873165794
216,2024,Humphead snapper_784,0.9951087873165794
205,2024,Indo-Pacific swamp crab_787,1
20,2024,Inflated ark_788,1
20,2024,Jack and horse mackerels nei_789,0.5565862708719852
247,2024,"Jacks, crevalles nei_790",1
15,2024,"Jacks, crevalles nei_791",1
135,2024,"Jacks, crevalles nei_792",1
206,2024,"Jacks, crevalles nei_793",1
210,2024,Japanese amberjack_794,0.18552875695732837
20,2024,Japanese carpet shell_795,1
209,2024,Japanese carpet shell_796,1
163,2024,Japanese carpet shell_798,1
218,2024,Japanese carpet shell_799,1
180,2024,Japanese carpet shell_800,1
181,2024,Japanese carpet shell_801,1
179,2024,Japanese carpet shell_803,1
183,2024,Japanese carpet shell_805,1
210,2024,Japanese jack mackerel_806,0.18552875695732837
41,2024,Japanese meagre_807,0.7758475290942823
37,2024,Japanese meagre_808,0.7758475290942823
209,2024,Japanese sea cucumber_809,1
21,2024,Japanese sea cucumber_810,1
73,2024,Japanese sea cucumber_811,1
20,2024,Japanese sea cucumber_812,1
20,2024,Japanese seabass_813,0.9951087873165794
208,2024,Japanese seabass_814,0.9951087873165794
206,2024,John's snapper_817,0.9951087873165794
20,2024,Korean rockfish_818,0.9951087873165794
208,2024,Kuruma prawn_821,1
209,2024,Large yellow croaker_822,0.7758475290942823
206,2024,Leopard coralgrouper_823,0.9951087873165794
216,2024,Leopard coralgrouper_824,0.9951087873165794
163,2024,Longfin yellowtail_826,1
129,2024,Longfin yellowtail_827,1
216,2024,Longlegged spiny lobster_828,1
216,2024,Longnose trevally_829,1
182,2024,Mackerels nei_831,0.7421150278293135
14,2024,Malabar trevally_833,1
216,2024,Malabar trevally_834,1
206,2024,Mangrove red snapper_835,0.9951087873165794
209,2024,Mangrove red snapper_836,0.9951087873165794
81,2024,Marbled spinefoot_839,0.9951087873165794
111,2024,Marine crabs nei_841,1
210,2024,Marine crustaceans nei_842,1
61,2024,Marine crustaceans nei_843,1
223,2024,Marine crustaceans nei_844,1
210,2024,Marine fishes nei_845,0.9951087873165794
209,2024,Marine fishes nei_846,0.9951087873165794
37,2024,Marine fishes nei_847,0.9951087873165794
206,2024,Marine fishes nei_848,0.9951087873165794
20,2024,Marine fishes nei_849,0.9951087873165794
51,2024,Marine fishes nei_850,0.9951087873165794
140,2024,Marine fishes nei_851,0.9951087873165794
208,2024,Marine fishes nei_852,0.9951087873165794
61,2024,Marine fishes nei_853,0.9951087873165794
62,2024,Marine fishes nei_855,0.9951087873165794
247,2024,Marine fishes nei_856,0.9951087873165794
179,2024,Marine fishes nei_859,0.9951087873165794
16,2024,Marine fishes nei_860,0.9951087873165794
171,2024,Marine fishes nei_861,0.9951087873165794
147,2024,Marine fishes nei_863,0.9951087873165794
187,2024,Marine fishes nei_864,0.9951087873165794
135,2024,Marine fishes nei_865,0.9951087873165794
183,2024,Marine fishes nei_866,0.9951087873165794
216,2024,Marine fishes nei_867,0.9951087873165794
182,2024,Marine fishes nei_868,0.9951087873165794
184,2024,Marine fishes nei_869,0.9951087873165794
76,2024,Marine fishes nei_870,0.9951087873165794
68,2024,Marine fishes nei_871,0.9951087873165794
24,2024,Marine fishes nei_872,0.9951087873165794
163,2024,Marine fishes nei_874,0.9951087873165794
21,2024,Marine fishes nei_875,0.9951087873165794
191,2024,Marine fishes nei_876,0.9951087873165794
218,2024,Marine fishes nei_877,0.9951087873165794
207,2024,Marine molluscs nei_878,1
209,2024,Marine molluscs nei_879,1
171,2024,Marine molluscs nei_880,1
20,2024,Marine molluscs nei_881,1
218,2024,Marine molluscs nei_882,1
179,2024,Marine molluscs nei_883,1
182,2024,Marine molluscs nei_884,1
183,2024,Marine molluscs nei_885,1
80,2024,Marine molluscs nei_887,1
224,2024,Masu(=Cherry) salmon_888,0.7758475290942823
179,2024,Meagre_889,0.7252487771968291
183,2024,Meagre_892,1
81,2024,Meagre_893,0.7252487771968291
187,2024,Meagre_894,0.7252487771968291
80,2024,Meagre_895,0.7252487771968291
76,2024,Meagre_896,0.674650025299376
61,2024,Meagre_897,1
50,2024,Meagre_898,1
115,2024,Meagre_899,1
20,2024,Mi-iuy (brown) croaker_900,0.7758475290942823
14,2024,Mi-iuy (brown) croaker_901,0.7758475290942823
208,2024,Milkfish_903,0.9951087873165794
19,2024,Milkfish_904,0.9951087873165794
247,2024,Milkfish_906,0.9951087873165794
73,2024,Mullets nei_908,0.9951087873165794
20,2024,Mullets nei_909,0.9951087873165794
102,2024,Mullets nei_910,0.9951087873165794
54,2024,Mullets nei_912,0.9951087873165794
171,2024,Mullets nei_914,0.9951087873165794
20,2024,Mussels_915,1
25,2024,Mussels_916,1
162,2024,Mussels_917,1
163,2024,Mussels_918,1
176,2024,Mussels_919,1
177,2024,Mussels_920,1
179,2024,Mussels_921,1
181,2024,Mussels_922,1
182,2024,Mussels_923,1
209,2024,Mussels_924,1
222,2024,Mussels_925,1
224,2024,Mussels_926,1
102,2024,Mussels_928,1
218,2024,Mussels_929,1
15,2024,Mussels_930,1
80,2024,Mussels_931,1
82,2024,Mussels_932,1
147,2024,Mussels_933,1
208,2024,Mussels_934,1
71,2024,Mussels_935,1
84,2024,Mussels_936,1
16,2024,Mussels_937,1
18,2024,Mussels_938,1
73,2024,Mussels_939,1
75,2024,Mussels_945,1
139,2024,Mussels_940,1
180,2024,Mussels_941,1
206,2024,Mussels_942,1
223,2024,Mussels_943,1
183,2024,Mussels_944,1
101,2024,Mussels_946,1
186,2024,Mussels_947,1
187,2024,Mussels_948,1
188,2024,Mussels_949,1
76,2024,Mussels_950,1
135,2024,Mussels_951,1
171,2024,Mussels_952,1
203,2024,Mussels_953,1
62,2024,Mussels_954,1
227,2024,Mussels_955,1
172,2024,Mussels_957,1
232,2024,Mussels_958,1
143,2024,Mussels_959,1
175,2024,Mussels_960,1
95,2024,Mussels_961,1
24,2024,Mussels_962,1
72,2024,Mussels_963,1
219,2024,Mussels_964,1
66,2024,Mussels_965,1
216,2024,Mussels_966,1
61,2024,Octopuses nei_967,1
182,2024,Octopuses nei_968,1
210,2024,"Octopuses, etc. nei_969",1
20,2024,Okhotsk atka mackerel_970,0.9951087873165794
51,2024,Orange-spotted grouper_971,0.9951087873165794
247,2024,Orange-spotted grouper_973,0.9951087873165794
24,2024,Orange-spotted grouper_974,0.9951087873165794
52,2024,Orange-spotted grouper_975,0.9951087873165794
209,2024,Orange-spotted grouper_976,0.9951087873165794
14,2024,Oysters_977,1
20,2024,Oysters_979,1
25,2024,Oysters_980,1
162,2024,Oysters_981,1
163,2024,Oysters_982,1
179,2024,Oysters_983,1
181,2024,Oysters_984,1
209,2024,Oysters_985,1
210,2024,Oysters_986,1
218,2024,Oysters_987,1
224,2024,Oysters_988,1
180,2024,Oysters_989,1
62,2024,Oysters_991,1
112,2024,Oysters_992,1
15,2024,Oysters_993,1
166,2024,Oysters_994,1
37,2024,Oysters_995,1
84,2024,Oysters_996,1
222,2024,Oysters_997,1
102,2024,Oysters_998,1
147,2024,Oysters_999,1
176,2024,Oysters_1000,1
223,2024,Oysters_1001,1
227,2024,Oysters_1002,1
18,2024,Oysters_1004,1
177,2024,Oysters_1005,1
5,2024,Oysters_1006,1
101,2024,Oysters_1007,1
228,2024,Oysters_1003,1
115,2024,Oysters_1009,1
206,2024,Oysters_1010,1
187,2024,Oysters_1011,1
80,2024,Oysters_1012,1
171,2024,Oysters_1013,1
203,2024,Oysters_1014,1
138,2024,Oysters_1015,1
172,2024,Oysters_1016,1
232,2024,Oysters_1021,1
216,2024,Oysters_1022,1
95,2024,Oysters_1023,1
208,2024,Oysters_1024,1
130,2024,Oysters_1025,1
65,2024,Oysters_312,1
134,2024,Oysters_1026,1
73,2024,Oysters_1027,1
137,2024,Oysters_1028,1
186,2024,Oysters_1029,1
54,2024,Oysters_1030,1
153,2024,Pacific asaphis_1031,1
135,2024,Pacific bluefin tuna_1032,0.4891212683420475
210,2024,Pacific bluefin tuna_1033,0.38792376454714117
20,2024,Pacific chub mackerel_1034,0.38792376454714117
163,2024,Pacific geoduck_1035,1
208,2024,Papuan black snapper_1036,0.9951087873165794
32,2024,Pargo breams nei_1037,0.9107775341541575
187,2024,Pargo breams nei_1038,0.7421150278293135
209,2024,Pen shells nei_1039,1
183,2024,Peppery furrow_1041,1
179,2024,Periwinkles nei_1042,1
76,2024,Pink dentex_1043,0.6915162759318603
73,2024,Pink(=Humpback) salmon_1044,1
182,2024,Pollack_1045,1
209,2024,Pompano_1046,1
20,2024,"Porgies, seabreams nei_1048",0.9107775341541575
48,2024,"Porgies, seabreams nei_1049",1
209,2024,"Porgies, seabreams nei_1051",0.9107775341541575
76,2024,"Porgies, seabreams nei_1052",0.6915162759318603
208,2024,Potato grouper_1053,0.9951087873165794
20,2024,Pufferfishes nei_1054,0.9951087873165794
183,2024,Purple dye murex_1055,1
111,2024,Queen conch_1056,1
218,2024,Rainbow trout_1057,1
223,2024,Rainbow trout_1058,1
141,2024,Rainbow trout_1059,1
179,2024,Rainbow trout_1060,1
181,2024,Rainbow trout_1061,1
174,2024,Rainbow trout_1062,1
163,2024,Rainbow trout_1065,1
222,2024,Rainbow trout_1066,1
16,2024,Rainbow trout_1067,1
224,2024,Rainbow trout_1068,0.6577837746668916
70,2024,Rainbow trout_1069,1
76,2024,Rainbow trout_1070,1
182,2024,Rainbow trout_1072,1
172,2024,Rainbow trout_1073,1
20,2024,Rainbow trout_1074,1
102,2024,Red bait_1075,1
140,2024,Red drum_1076,0.7758475290942823
110,2024,Red drum_1077,1
137,2024,Red drum_1079,0.7758475290942823
32,2024,Red drum_1080,0.7758475290942823
29,2024,Red drum_1081,0.7758475290942823
209,2024,Red drum_1082,0.7758475290942823
37,2024,Red drum_1083,0.7758475290942823
135,2024,Red drum_1084,0.7758475290942823
210,2024,Red oyas_1085,1
20,2024,Red oyas_1086,1
80,2024,Red porgy_1087,0.7421150278293135
81,2024,Red porgy_1088,0.7421150278293135
76,2024,Red porgy_1089,0.6915162759318603
20,2024,Red seabream_1090,0.9107775341541575
81,2024,Red seabream_1091,0.7421150278293135
76,2024,Redbanded seabream_1093,0.6915162759318603
153,2024,Rough turban_1094,1
209,2024,Russell's snapper_1095,0.9951087873165794
218,2024,Salmonids nei_1096,0.9951087873165794
73,2024,Salmonoids nei_1097,1
174,2024,Salmonoids nei_1098,1
163,2024,Sand gaper_1099,1
183,2024,Sargo breams nei_1100,0.7421150278293135
61,2024,Sargo breams nei_1101,1
216,2024,Scalloped spiny lobster_1102,1
210,2024,Scallops_1103,1
138,2024,Scallops_1104,1
209,2024,Scallops_1105,1
224,2024,Scallops_1106,1
73,2024,Scallops_1107,1
182,2024,Scallops_1108,1
180,2024,Scallops_1109,1
135,2024,Scallops_1110,1
137,2024,Scallops_1111,1
218,2024,Scallops_1112,1
16,2024,Scallops_1113,1
20,2024,Scallops_1114,1
179,2024,Scallops_1115,1
227,2024,Scallops_1116,1
181,2024,Scallops_1118,1
62,2024,Scallops_1119,1
171,2024,Scallops_1120,1
223,2024,Scallops_1121,1
21,2024,Scallops_1122,1
187,2024,Scallops_1123,1
80,2024,Sciaenas nei_1124,0.7252487771968291
76,2024,Sciaenas nei_1125,0.674650025299376
20,2024,"Scorpionfishes, redfishes nei_1126",0.9951087873165794
216,2024,Sea cucumbers nei_1127,1
42,2024,Sea cucumbers nei_1128,1
209,2024,Sea snails_1129,1
179,2024,Sea trout_1131,0.7252487771968291
180,2024,Sea trout_1132,0.7758475290942823
174,2024,Sea trout_1133,0.7758475290942823
73,2024,Sea urchins nei_1134,1
209,2024,Sea urchins nei_1135,1
15,2024,Seaweed_1136,1
20,2024,Seaweed_1137,1
21,2024,Seaweed_1138,1
209,2024,Seaweed_1140,1
210,2024,Seaweed_1141,1
73,2024,Seaweed_1143,1
224,2024,Seaweed_1144,1
9,2024,Seaweed_1146,1
18,2024,Seaweed_1147,1
122,2024,Seaweed_1148,1
179,2024,Seaweed_1149,1
212,2024,Seaweed_1150,1
202,2024,Seaweed_1151,1
139,2024,Seaweed_1152,1
42,2024,Seaweed_1153,1
101,2024,Seaweed_1154,1
138,2024,Seaweed_1157,1
206,2024,Seaweed_1158,1
24,2024,Seaweed_1159,1
203,2024,Seaweed_1160,1
7,2024,Seaweed_1161,1
41,2024,Seaweed_1162,1
181,2024,Seaweed_1164,1
231,2024,Seaweed_1165,1
171,2024,Seaweed_1167,1
175,2024,Seaweed_1168,1
205,2024,Seaweed_1169,1
17,2024,Seaweed_1170,1
43,2024,Seaweed_1171,1
164,2024,Seaweed_1172,1
127,2024,Seaweed_1173,1
119,2024,Seaweed_1174,1
137,2024,Seaweed_1175,1
125,2024,Seaweed_1176,1
135,2024,Seaweed_1177,1
141,2024,Seaweed_1178,1
223,2024,Seaweed_1180,1
62,2024,Seaweed_1181,1
152,2024,Seaweed_1182,1
61,2024,Seaweed_1183,1
81,2024,Sharpsnout seabream_1185,0.7421150278293135
184,2024,Sharpsnout seabream_1186,0.7421150278293135
187,2024,Sharpsnout seabream_1187,0.7421150278293135
188,2024,Sharpsnout seabream_1188,1
76,2024,Sharpsnout seabream_1190,0.6915162759318603
81,2024,Shi drum_1191,0.7252487771968291
184,2024,Shi drum_1192,0.7252487771968291
80,2024,Shi drum_1193,0.7252487771968291
76,2024,Shi drum_1194,0.674650025299376
147,2024,Sixfinger threadfin_1195,0.9951087873165794
11,2024,Sixfinger threadfin_1196,0.9951087873165794
102,2024,Smooth mactra_1197,1
196,2024,Snappers nei_1199,0.9951087873165794
247,2024,Snappers nei_1200,0.9951087873165794
15,2024,Snappers nei_1201,0.9951087873165794
135,2024,Snappers nei_1202,0.9951087873165794
24,2024,Snappers nei_1203,0.9951087873165794
209,2024,Snappers nei_1204,0.9951087873165794
171,2024,Snooks(=Robalos) nei_1207,0.9951087873165794
209,2024,Snubnose pompano_1208,1
15,2024,Snubnose pompano_1210,1
206,2024,Snubnose pompano_1211,1
247,2024,Snubnose pompano_1212,1
216,2024,Snubnose pompano_1213,1
52,2024,Sobaity seabream_1214,1
51,2024,Sobaity seabream_1215,1
54,2024,Sobaity seabream_1216,1
50,2024,Sobaity seabream_1217,1
73,2024,Sockeye(=Red) salmon_1218,1
177,2024,Soles nei_1220,0.9951087873165794
16,2024,Southern bluefin tuna_1221,0.8433125316242199
208,2024,Southern red snapper_1222,0.9951087873165794
216,2024,Speckled blue grouper_1223,0.9951087873165794
50,2024,Spinefeet(=Rabbitfishes) nei_1224,0.9951087873165794
208,2024,Spinefeet(=Rabbitfishes) nei_1225,0.9951087873165794
182,2024,Spinous spider crab_1228,1
210,2024,Spiny lobsters nei_1229,1
130,2024,Spotted rose snapper_1231,0.9951087873165794
131,2024,Spotted rose snapper_1232,0.9951087873165794
216,2024,Squaretail coralgrouper_1234,0.9951087873165794
181,2024,Stony sea urchin_1235,1
208,2024,Streaked spinefoot_1236,0.9951087873165794
135,2024,Striped bass_1237,1
79,2024,"Striped bass, hybrid_1238",1
182,2024,"Striped bass, hybrid_1239",1
182,2024,Striped venus_1240,1
244,2024,Stromboid conchs nei_1241,1
245,2024,Stromboid conchs nei_1242,1
250,2024,Stromboid conchs nei_1243,1
210,2024,Tiger pufferfish_1244,0.9951087873165794
209,2024,Tiger pufferfish_1245,0.9951087873165794
206,2024,"Tiger-dragon grouper, hybrid_1246",0.9951087873165794
15,2024,Tropical spiny lobsters nei_1247,1
112,2024,Tropical spiny lobsters nei_1248,1
207,2024,Tropical spiny lobsters nei_1249,1
216,2024,Tropical spiny lobsters nei_1250,1
76,2024,Trouts nei_1251,0.674650025299376
14,2024,Trumpet emperor_1252,0.9951087873165794
179,2024,Turbot_1253,1
176,2024,Turbot_1254,1
181,2024,Turbot_1255,1
102,2024,Turbot_1257,1
180,2024,Turbot_1258,1
143,2024,Turbot_1259,1
175,2024,Turbot_1260,1
182,2024,Warty venus_1261,1
188,2024,Warty venus_1262,1
179,2024,White seabream_1264,0.7421150278293135
210,2024,White trevally_1268,0.18552875695732837
216,2024,White-edged lyretail_1269,0.9951087873165794
54,2024,White-spotted spinefoot_1270,0.9951087873165794
52,2024,White-spotted spinefoot_1271,0.9951087873165794
208,2024,White-spotted spinefoot_1272,0.9951087873165794
5,2024,White-spotted spinefoot_1273,0.9951087873165794
176,2024,Whiteleg shrimp_1276,1
190,2024,Yellowfin seabream_1278,1
48,2024,Yellowfin seabream_1279,1
135,2024,Yellowfin tuna_1280,0.4891212683420475
48,2024,Yellowfin tuna_1281,0.7421150278293135
216,2024,Yellowspotted trevally_1282,1
20,2024,[Oplegnathus fasciatus]_1283,0.9951087873165794
