rgn_id,rgn_name,year,trips_overnights,trips_same_day,trips_total
5,New Caledonia,1995,NA,NA,NA
5,New Caledonia,1996,NA,NA,NA
5,New Caledonia,1997,NA,NA,NA
5,New Caledonia,1998,NA,NA,NA
5,New Caledonia,1999,NA,NA,NA
5,New Caledonia,2000,NA,NA,NA
5,New Caledonia,2001,NA,NA,NA
5,New Caledonia,2002,NA,NA,NA
5,New Caledonia,2003,NA,NA,NA
5,New Caledonia,2004,NA,NA,NA
5,New Caledonia,2005,NA,NA,NA
5,New Caledonia,2006,NA,NA,NA
5,New Caledonia,2007,NA,NA,NA
5,New Caledonia,2008,NA,NA,NA
5,New Caledonia,2009,NA,NA,NA
5,New Caledonia,2010,NA,NA,NA
5,New Caledonia,2011,NA,NA,NA
5,New Caledonia,2012,NA,NA,NA
5,New Caledonia,2013,NA,NA,NA
5,New Caledonia,2014,NA,NA,NA
5,New Caledonia,2015,NA,NA,NA
5,New Caledonia,2016,NA,NA,NA
5,New Caledonia,2017,NA,NA,NA
5,New Caledonia,2018,NA,NA,NA
5,New Caledonia,2019,NA,NA,NA
5,New Caledonia,2020,NA,NA,NA
5,New Caledonia,2021,NA,NA,NA
5,New Caledonia,2022,NA,NA,NA
6,Vanuatu,1995,NA,NA,NA
6,Vanuatu,1996,NA,NA,NA
6,Vanuatu,1997,NA,NA,NA
6,Vanuatu,1998,NA,NA,NA
6,Vanuatu,1999,NA,NA,NA
6,Vanuatu,2000,NA,NA,NA
6,Vanuatu,2001,NA,NA,NA
6,Vanuatu,2002,NA,NA,NA
6,Vanuatu,2003,NA,NA,NA
6,Vanuatu,2004,NA,NA,NA
6,Vanuatu,2005,NA,NA,NA
6,Vanuatu,2006,NA,NA,NA
6,Vanuatu,2007,NA,NA,NA
6,Vanuatu,2008,NA,NA,NA
6,Vanuatu,2009,NA,NA,NA
6,Vanuatu,2010,NA,NA,NA
6,Vanuatu,2011,NA,NA,NA
6,Vanuatu,2012,NA,NA,NA
6,Vanuatu,2013,NA,NA,NA
6,Vanuatu,2014,NA,NA,NA
6,Vanuatu,2015,NA,NA,NA
6,Vanuatu,2016,NA,NA,NA
6,Vanuatu,2017,NA,NA,NA
6,Vanuatu,2018,NA,NA,NA
6,Vanuatu,2019,NA,NA,NA
6,Vanuatu,2020,NA,NA,NA
6,Vanuatu,2021,NA,NA,NA
6,Vanuatu,2022,NA,NA,NA
7,Solomon Islands,1995,NA,NA,NA
7,Solomon Islands,1996,NA,NA,NA
7,Solomon Islands,1997,NA,NA,NA
7,Solomon Islands,1998,NA,NA,NA
7,Solomon Islands,1999,NA,NA,NA
7,Solomon Islands,2000,NA,NA,NA
7,Solomon Islands,2001,NA,NA,NA
7,Solomon Islands,2002,NA,NA,NA
7,Solomon Islands,2003,NA,NA,NA
7,Solomon Islands,2004,NA,NA,NA
7,Solomon Islands,2005,NA,NA,NA
7,Solomon Islands,2006,NA,NA,NA
7,Solomon Islands,2007,NA,NA,NA
7,Solomon Islands,2008,NA,NA,NA
7,Solomon Islands,2009,NA,NA,NA
7,Solomon Islands,2010,NA,NA,NA
7,Solomon Islands,2011,NA,NA,NA
7,Solomon Islands,2012,NA,NA,NA
7,Solomon Islands,2013,NA,NA,NA
7,Solomon Islands,2014,NA,NA,NA
7,Solomon Islands,2015,NA,NA,NA
7,Solomon Islands,2016,NA,NA,NA
7,Solomon Islands,2017,NA,NA,NA
7,Solomon Islands,2018,NA,NA,NA
7,Solomon Islands,2019,NA,NA,NA
7,Solomon Islands,2020,NA,NA,NA
7,Solomon Islands,2021,NA,NA,NA
7,Solomon Islands,2022,NA,NA,NA
8,Palau,1995,NA,NA,NA
8,Palau,1996,NA,NA,NA
8,Palau,1997,NA,NA,NA
8,Palau,1998,NA,NA,NA
8,Palau,1999,NA,NA,NA
8,Palau,2000,NA,NA,NA
8,Palau,2001,NA,NA,NA
8,Palau,2002,NA,NA,NA
8,Palau,2003,NA,NA,NA
8,Palau,2004,NA,NA,NA
8,Palau,2005,NA,NA,NA
8,Palau,2006,NA,NA,NA
8,Palau,2007,NA,NA,NA
8,Palau,2008,NA,NA,NA
8,Palau,2009,NA,NA,NA
8,Palau,2010,NA,NA,NA
8,Palau,2011,NA,NA,NA
8,Palau,2012,NA,NA,NA
8,Palau,2013,NA,NA,NA
8,Palau,2014,NA,NA,NA
8,Palau,2015,NA,NA,NA
8,Palau,2016,NA,NA,NA
8,Palau,2017,NA,NA,NA
8,Palau,2018,NA,NA,NA
8,Palau,2019,NA,NA,NA
8,Palau,2020,NA,NA,NA
8,Palau,2021,NA,NA,NA
8,Palau,2022,NA,NA,NA
9,Micronesia,1995,NA,NA,NA
9,Micronesia,1996,NA,NA,NA
9,Micronesia,1997,NA,NA,NA
9,Micronesia,1998,NA,NA,NA
9,Micronesia,1999,NA,NA,NA
9,Micronesia,2000,NA,NA,NA
9,Micronesia,2001,NA,NA,NA
9,Micronesia,2002,NA,NA,NA
9,Micronesia,2003,NA,NA,NA
9,Micronesia,2004,NA,NA,NA
9,Micronesia,2005,NA,NA,NA
9,Micronesia,2006,NA,NA,NA
9,Micronesia,2007,NA,NA,NA
9,Micronesia,2008,NA,NA,NA
9,Micronesia,2009,NA,NA,NA
9,Micronesia,2010,NA,NA,NA
9,Micronesia,2011,NA,NA,NA
9,Micronesia,2012,NA,NA,NA
9,Micronesia,2013,NA,NA,NA
9,Micronesia,2014,NA,NA,NA
9,Micronesia,2015,NA,NA,NA
9,Micronesia,2016,NA,NA,NA
9,Micronesia,2017,NA,NA,NA
9,Micronesia,2018,NA,NA,NA
9,Micronesia,2019,NA,NA,NA
9,Micronesia,2020,NA,NA,NA
9,Micronesia,2021,NA,NA,NA
9,Micronesia,2022,NA,NA,NA
10,Nauru,1995,NA,NA,NA
10,Nauru,1996,NA,NA,NA
10,Nauru,1997,NA,NA,NA
10,Nauru,1998,NA,NA,NA
10,Nauru,1999,NA,NA,NA
10,Nauru,2000,NA,NA,NA
10,Nauru,2001,NA,NA,NA
10,Nauru,2002,NA,NA,NA
10,Nauru,2003,NA,NA,NA
10,Nauru,2004,NA,NA,NA
10,Nauru,2005,NA,NA,NA
10,Nauru,2006,NA,NA,NA
10,Nauru,2007,NA,NA,NA
10,Nauru,2008,NA,NA,NA
10,Nauru,2009,NA,NA,NA
10,Nauru,2010,NA,NA,NA
10,Nauru,2011,NA,NA,NA
10,Nauru,2012,NA,NA,NA
10,Nauru,2013,NA,NA,NA
10,Nauru,2014,NA,NA,NA
10,Nauru,2015,NA,NA,NA
10,Nauru,2016,NA,NA,NA
10,Nauru,2017,NA,NA,NA
10,Nauru,2018,NA,NA,NA
10,Nauru,2019,NA,NA,NA
10,Nauru,2020,NA,NA,NA
10,Nauru,2021,NA,NA,NA
10,Nauru,2022,NA,NA,NA
11,Marshall Islands,1995,NA,NA,NA
11,Marshall Islands,1996,NA,NA,NA
11,Marshall Islands,1997,NA,NA,NA
11,Marshall Islands,1998,NA,NA,NA
11,Marshall Islands,1999,NA,NA,NA
11,Marshall Islands,2000,NA,NA,NA
11,Marshall Islands,2001,NA,NA,NA
11,Marshall Islands,2002,NA,NA,NA
11,Marshall Islands,2003,NA,NA,NA
11,Marshall Islands,2004,NA,NA,NA
11,Marshall Islands,2005,NA,NA,NA
11,Marshall Islands,2006,NA,NA,NA
11,Marshall Islands,2007,NA,NA,NA
11,Marshall Islands,2008,NA,NA,NA
11,Marshall Islands,2009,NA,NA,NA
11,Marshall Islands,2010,NA,NA,NA
11,Marshall Islands,2011,NA,NA,NA
11,Marshall Islands,2012,NA,NA,NA
11,Marshall Islands,2013,NA,NA,NA
11,Marshall Islands,2014,NA,NA,NA
11,Marshall Islands,2015,NA,NA,NA
11,Marshall Islands,2016,NA,NA,NA
11,Marshall Islands,2017,NA,NA,NA
11,Marshall Islands,2018,NA,NA,NA
11,Marshall Islands,2019,NA,NA,NA
11,Marshall Islands,2020,NA,NA,NA
11,Marshall Islands,2021,NA,NA,NA
11,Marshall Islands,2022,NA,NA,NA
14,Taiwan,1995,NA,NA,NA
14,Taiwan,1996,NA,NA,NA
14,Taiwan,1997,NA,NA,NA
14,Taiwan,1998,NA,NA,NA
14,Taiwan,1999,NA,NA,NA
14,Taiwan,2000,NA,NA,NA
14,Taiwan,2001,NA,NA,NA
14,Taiwan,2002,NA,NA,NA
14,Taiwan,2003,NA,NA,NA
14,Taiwan,2004,NA,NA,NA
14,Taiwan,2005,NA,NA,NA
14,Taiwan,2006,42048,65492,107541
14,Taiwan,2007,33185,77064,110250
14,Taiwan,2008,30474,67515,96197
14,Taiwan,2009,28378,67818,97990
14,Taiwan,2010,37181,86756,123937
14,Taiwan,2011,46137,106130,152268
14,Taiwan,2012,39921,102148,142069
14,Taiwan,2013,40503,102113,142615
14,Taiwan,2014,43909,112350,156260
14,Taiwan,2015,50700,127823,178524
14,Taiwan,2016,53686,136690,190376
14,Taiwan,2017,55952,127497,183449
14,Taiwan,2018,54748,116341,171090
14,Taiwan,2019,56878,112401,169279
14,Taiwan,2020,48038,94932,142970
14,Taiwan,2021,35414,90613,126027
14,Taiwan,2022,48208,120350,168558
15,Philippines,1995,NA,NA,NA
15,Philippines,1996,NA,NA,NA
15,Philippines,1997,NA,NA,NA
15,Philippines,1998,NA,NA,NA
15,Philippines,1999,NA,NA,NA
15,Philippines,2000,NA,NA,17931
15,Philippines,2001,NA,NA,20821
15,Philippines,2002,NA,NA,19560
15,Philippines,2003,NA,NA,21254
15,Philippines,2004,NA,NA,24860
15,Philippines,2005,NA,NA,30287
15,Philippines,2006,NA,NA,31391
15,Philippines,2007,NA,NA,36787
15,Philippines,2008,NA,NA,30625
15,Philippines,2009,NA,NA,30757
15,Philippines,2010,NA,NA,32165
15,Philippines,2011,NA,NA,36836
15,Philippines,2012,NA,NA,40506
15,Philippines,2013,NA,NA,44681
15,Philippines,2014,NA,NA,60366
15,Philippines,2015,NA,NA,67463
15,Philippines,2016,NA,NA,75668
15,Philippines,2017,NA,NA,95641
15,Philippines,2018,NA,NA,109755
15,Philippines,2019,NA,NA,122118
15,Philippines,2020,NA,NA,26982
15,Philippines,2021,NA,NA,37279
15,Philippines,2022,NA,NA,102958
16,Australia,1995,NA,NA,NA
16,Australia,1996,NA,NA,NA
16,Australia,1997,NA,NA,NA
16,Australia,1998,NA,NA,NA
16,Australia,1999,72981,170939,243920
16,Australia,2000,73771,161464,235235
16,Australia,2001,74585,146008,220593
16,Australia,2002,75339,142133,217472
16,Australia,2003,73621,139060,212681
16,Australia,2004,74301,129568,203869
16,Australia,2005,69924,130120,200044
16,Australia,2006,73564,134464,208028
16,Australia,2007,74464,149516,223980
16,Australia,2008,72009,138745,210754
16,Australia,2009,67670,148176,215846
16,Australia,2010,69297,155942,225239
16,Australia,2011,71895,161232,233127
16,Australia,2012,74472,173905,248377
16,Australia,2013,75796,164322,240118
16,Australia,2014,84481,175881,260362
16,Australia,2015,87523,181958,269481
16,Australia,2016,90742,189583,280325
16,Australia,2017,98484,193313,291797
16,Australia,2018,104822,205344,310166
16,Australia,2019,117448,248349,365797
16,Australia,2020,72514,164192,236706
16,Australia,2021,82074,160469,242543
16,Australia,2022,108212,201414,309626
17,Papua New Guinea,1995,NA,NA,NA
17,Papua New Guinea,1996,NA,NA,NA
17,Papua New Guinea,1997,NA,NA,NA
17,Papua New Guinea,1998,NA,NA,NA
17,Papua New Guinea,1999,NA,NA,NA
17,Papua New Guinea,2000,NA,NA,NA
17,Papua New Guinea,2001,NA,NA,NA
17,Papua New Guinea,2002,NA,NA,NA
17,Papua New Guinea,2003,NA,NA,NA
17,Papua New Guinea,2004,NA,NA,NA
17,Papua New Guinea,2005,NA,NA,NA
17,Papua New Guinea,2006,NA,NA,NA
17,Papua New Guinea,2007,NA,NA,NA
17,Papua New Guinea,2008,NA,NA,NA
17,Papua New Guinea,2009,NA,NA,NA
17,Papua New Guinea,2010,NA,NA,NA
17,Papua New Guinea,2011,NA,NA,NA
17,Papua New Guinea,2012,NA,NA,NA
17,Papua New Guinea,2013,NA,NA,NA
17,Papua New Guinea,2014,NA,NA,NA
17,Papua New Guinea,2015,NA,NA,NA
17,Papua New Guinea,2016,NA,NA,NA
17,Papua New Guinea,2017,NA,NA,NA
17,Papua New Guinea,2018,NA,NA,NA
17,Papua New Guinea,2019,NA,NA,NA
17,Papua New Guinea,2020,NA,NA,NA
17,Papua New Guinea,2021,NA,NA,NA
17,Papua New Guinea,2022,NA,NA,NA
18,Fiji,1995,NA,NA,NA
18,Fiji,1996,NA,NA,NA
18,Fiji,1997,NA,NA,NA
18,Fiji,1998,NA,NA,NA
18,Fiji,1999,NA,NA,NA
18,Fiji,2000,NA,NA,NA
18,Fiji,2001,NA,NA,NA
18,Fiji,2002,NA,NA,NA
18,Fiji,2003,NA,NA,NA
18,Fiji,2004,NA,NA,NA
18,Fiji,2005,NA,NA,NA
18,Fiji,2006,NA,NA,NA
18,Fiji,2007,NA,NA,NA
18,Fiji,2008,NA,NA,NA
18,Fiji,2009,NA,NA,NA
18,Fiji,2010,NA,NA,NA
18,Fiji,2011,NA,NA,NA
18,Fiji,2012,NA,NA,NA
18,Fiji,2013,NA,NA,NA
18,Fiji,2014,NA,NA,NA
18,Fiji,2015,NA,NA,NA
18,Fiji,2016,NA,NA,NA
18,Fiji,2017,NA,NA,NA
18,Fiji,2018,NA,NA,NA
18,Fiji,2019,NA,NA,NA
18,Fiji,2020,NA,NA,NA
18,Fiji,2021,NA,NA,NA
18,Fiji,2022,NA,NA,NA
19,Tuvalu,1995,NA,NA,NA
19,Tuvalu,1996,NA,NA,NA
19,Tuvalu,1997,NA,NA,NA
19,Tuvalu,1998,NA,NA,NA
19,Tuvalu,1999,NA,NA,NA
19,Tuvalu,2000,NA,NA,NA
19,Tuvalu,2001,NA,NA,NA
19,Tuvalu,2002,NA,NA,NA
19,Tuvalu,2003,NA,NA,NA
19,Tuvalu,2004,NA,NA,NA
19,Tuvalu,2005,NA,NA,NA
19,Tuvalu,2006,NA,NA,NA
19,Tuvalu,2007,NA,NA,NA
19,Tuvalu,2008,NA,NA,NA
19,Tuvalu,2009,NA,NA,NA
19,Tuvalu,2010,NA,NA,NA
19,Tuvalu,2011,NA,NA,NA
19,Tuvalu,2012,NA,NA,NA
19,Tuvalu,2013,NA,NA,NA
19,Tuvalu,2014,NA,NA,NA
19,Tuvalu,2015,NA,NA,NA
19,Tuvalu,2016,NA,NA,NA
19,Tuvalu,2017,NA,NA,NA
19,Tuvalu,2018,NA,NA,NA
19,Tuvalu,2019,NA,NA,NA
19,Tuvalu,2020,NA,NA,NA
19,Tuvalu,2021,NA,NA,NA
19,Tuvalu,2022,NA,NA,NA
20,South Korea,1995,NA,NA,NA
20,South Korea,1996,NA,NA,NA
20,South Korea,1997,NA,NA,NA
20,South Korea,1998,NA,NA,NA
20,South Korea,1999,NA,NA,NA
20,South Korea,2000,NA,NA,NA
20,South Korea,2001,NA,NA,NA
20,South Korea,2002,NA,NA,NA
20,South Korea,2003,NA,NA,NA
20,South Korea,2004,NA,NA,NA
20,South Korea,2005,NA,NA,NA
20,South Korea,2006,NA,NA,NA
20,South Korea,2007,NA,NA,NA
20,South Korea,2008,NA,NA,NA
20,South Korea,2009,112893,106693,219586
20,South Korea,2010,92174,75974,168148
20,South Korea,2011,71622,84972,156594
20,South Korea,2012,92289,121180,213468
20,South Korea,2013,99667,131368,231035
20,South Korea,2014,98521,128579,227100
20,South Korea,2015,99776,138522,238297
20,South Korea,2016,101068,140682,241750
20,South Korea,2017,112784,172182,284966
20,South Korea,2018,163204,147949,311153
20,South Korea,2019,162376,182374,344750
20,South Korea,2020,88450,136749,225199
20,South Korea,2021,87785,157342,245127
20,South Korea,2022,116589,167133,283722
21,North Korea,1995,NA,NA,NA
21,North Korea,1996,NA,NA,NA
21,North Korea,1997,NA,NA,NA
21,North Korea,1998,NA,NA,NA
21,North Korea,1999,NA,NA,NA
21,North Korea,2000,NA,NA,NA
21,North Korea,2001,NA,NA,NA
21,North Korea,2002,NA,NA,NA
21,North Korea,2003,NA,NA,NA
21,North Korea,2004,NA,NA,NA
21,North Korea,2005,NA,NA,NA
21,North Korea,2006,NA,NA,NA
21,North Korea,2007,NA,NA,NA
21,North Korea,2008,NA,NA,NA
21,North Korea,2009,NA,NA,NA
21,North Korea,2010,NA,NA,NA
21,North Korea,2011,NA,NA,NA
21,North Korea,2012,NA,NA,NA
21,North Korea,2013,NA,NA,NA
21,North Korea,2014,NA,NA,NA
21,North Korea,2015,NA,NA,NA
21,North Korea,2016,NA,NA,NA
21,North Korea,2017,NA,NA,NA
21,North Korea,2018,NA,NA,NA
21,North Korea,2019,NA,NA,NA
21,North Korea,2020,NA,NA,NA
21,North Korea,2021,NA,NA,NA
21,North Korea,2022,NA,NA,NA
24,Cambodia,1995,NA,NA,NA
24,Cambodia,1996,NA,NA,NA
24,Cambodia,1997,NA,NA,NA
24,Cambodia,1998,NA,NA,NA
24,Cambodia,1999,NA,NA,NA
24,Cambodia,2000,NA,NA,NA
24,Cambodia,2001,NA,NA,NA
24,Cambodia,2002,NA,NA,NA
24,Cambodia,2003,NA,NA,NA
24,Cambodia,2004,NA,NA,NA
24,Cambodia,2005,NA,NA,NA
24,Cambodia,2006,NA,NA,7761
24,Cambodia,2007,NA,NA,5828
24,Cambodia,2008,NA,NA,6729
24,Cambodia,2009,NA,NA,7022
24,Cambodia,2010,NA,NA,7563
24,Cambodia,2011,NA,NA,7811
24,Cambodia,2012,NA,NA,8254
24,Cambodia,2013,NA,NA,8519
24,Cambodia,2014,NA,NA,9004
24,Cambodia,2015,NA,NA,9679
24,Cambodia,2016,NA,NA,10642
24,Cambodia,2017,NA,NA,10864
24,Cambodia,2018,NA,NA,11060
24,Cambodia,2019,NA,NA,11320
24,Cambodia,2020,NA,NA,7227.9
24,Cambodia,2021,NA,NA,4663.1
24,Cambodia,2022,NA,NA,13934
25,Thailand,1995,NA,NA,NA
25,Thailand,1996,NA,NA,NA
25,Thailand,1997,NA,NA,NA
25,Thailand,1998,NA,NA,NA
25,Thailand,1999,NA,NA,NA
25,Thailand,2000,NA,NA,NA
25,Thailand,2001,NA,NA,NA
25,Thailand,2002,NA,NA,NA
25,Thailand,2003,NA,NA,NA
25,Thailand,2004,NA,NA,NA
25,Thailand,2005,NA,NA,NA
25,Thailand,2006,NA,NA,81490
25,Thailand,2007,NA,NA,83234
25,Thailand,2008,NA,NA,98996
25,Thailand,2009,NA,NA,86395
25,Thailand,2010,NA,NA,101329
25,Thailand,2011,NA,NA,109360
25,Thailand,2012,NA,NA,118187
25,Thailand,2013,94131,67594,161725
25,Thailand,2014,98396,71508,169904
25,Thailand,2015,106841,78269,185110
25,Thailand,2016,115568,85391,200959
25,Thailand,2017,125471,92525,217997
25,Thailand,2018,130868,96906,227774
25,Thailand,2019,131559,98190,229749
25,Thailand,2020,74283,50506,124790
25,Thailand,2021,NA,NA,NA
25,Thailand,2022,NA,NA,NA
28,Comoro Islands,1995,NA,NA,NA
28,Comoro Islands,1996,NA,NA,NA
28,Comoro Islands,1997,NA,NA,NA
28,Comoro Islands,1998,NA,NA,NA
28,Comoro Islands,1999,NA,NA,NA
28,Comoro Islands,2000,NA,NA,NA
28,Comoro Islands,2001,NA,NA,NA
28,Comoro Islands,2002,NA,NA,NA
28,Comoro Islands,2003,NA,NA,NA
28,Comoro Islands,2004,NA,NA,NA
28,Comoro Islands,2005,NA,NA,NA
28,Comoro Islands,2006,NA,NA,NA
28,Comoro Islands,2007,NA,NA,NA
28,Comoro Islands,2008,NA,NA,NA
28,Comoro Islands,2009,NA,NA,NA
28,Comoro Islands,2010,NA,NA,NA
28,Comoro Islands,2011,NA,NA,NA
28,Comoro Islands,2012,NA,NA,NA
28,Comoro Islands,2013,NA,NA,NA
28,Comoro Islands,2014,NA,NA,NA
28,Comoro Islands,2015,NA,NA,NA
28,Comoro Islands,2016,NA,NA,NA
28,Comoro Islands,2017,NA,NA,NA
28,Comoro Islands,2018,NA,NA,NA
28,Comoro Islands,2019,NA,NA,NA
28,Comoro Islands,2020,NA,NA,NA
28,Comoro Islands,2021,NA,NA,NA
28,Comoro Islands,2022,NA,NA,NA
31,Seychelles,1995,NA,NA,NA
31,Seychelles,1996,NA,NA,NA
31,Seychelles,1997,NA,NA,NA
31,Seychelles,1998,NA,NA,NA
31,Seychelles,1999,NA,NA,NA
31,Seychelles,2000,NA,NA,NA
31,Seychelles,2001,NA,NA,NA
31,Seychelles,2002,NA,NA,NA
31,Seychelles,2003,NA,NA,NA
31,Seychelles,2004,NA,NA,NA
31,Seychelles,2005,NA,NA,NA
31,Seychelles,2006,NA,NA,NA
31,Seychelles,2007,NA,NA,NA
31,Seychelles,2008,NA,NA,NA
31,Seychelles,2009,NA,NA,NA
31,Seychelles,2010,NA,NA,NA
31,Seychelles,2011,NA,NA,NA
31,Seychelles,2012,NA,NA,NA
31,Seychelles,2013,NA,NA,NA
31,Seychelles,2014,NA,NA,NA
31,Seychelles,2015,NA,NA,NA
31,Seychelles,2016,NA,NA,NA
31,Seychelles,2017,NA,NA,NA
31,Seychelles,2018,NA,NA,NA
31,Seychelles,2019,NA,NA,NA
31,Seychelles,2020,NA,NA,NA
31,Seychelles,2021,NA,NA,NA
31,Seychelles,2022,NA,NA,NA
32,Reunion,1995,NA,NA,NA
32,Reunion,1996,NA,NA,NA
32,Reunion,1997,NA,NA,NA
32,Reunion,1998,NA,NA,NA
32,Reunion,1999,NA,NA,NA
32,Reunion,2000,NA,NA,NA
32,Reunion,2001,NA,NA,NA
32,Reunion,2002,NA,NA,NA
32,Reunion,2003,NA,NA,NA
32,Reunion,2004,NA,NA,NA
32,Reunion,2005,NA,NA,NA
32,Reunion,2006,NA,NA,NA
32,Reunion,2007,NA,NA,NA
32,Reunion,2008,NA,NA,NA
32,Reunion,2009,NA,NA,NA
32,Reunion,2010,NA,NA,NA
32,Reunion,2011,NA,NA,NA
32,Reunion,2012,NA,NA,NA
32,Reunion,2013,NA,NA,NA
32,Reunion,2014,NA,NA,NA
32,Reunion,2015,NA,NA,NA
32,Reunion,2016,NA,NA,NA
32,Reunion,2017,NA,NA,NA
32,Reunion,2018,NA,NA,NA
32,Reunion,2019,NA,NA,NA
32,Reunion,2020,NA,NA,NA
32,Reunion,2021,NA,NA,NA
32,Reunion,2022,NA,NA,NA
37,Mauritius,1995,NA,NA,NA
37,Mauritius,1996,NA,NA,NA
37,Mauritius,1997,NA,NA,NA
37,Mauritius,1998,NA,NA,NA
37,Mauritius,1999,NA,NA,NA
37,Mauritius,2000,NA,NA,NA
37,Mauritius,2001,NA,NA,NA
37,Mauritius,2002,NA,NA,NA
37,Mauritius,2003,NA,NA,NA
37,Mauritius,2004,NA,NA,NA
37,Mauritius,2005,NA,NA,NA
37,Mauritius,2006,NA,NA,NA
37,Mauritius,2007,NA,NA,NA
37,Mauritius,2008,NA,NA,NA
37,Mauritius,2009,NA,NA,NA
37,Mauritius,2010,NA,NA,NA
37,Mauritius,2011,NA,NA,NA
37,Mauritius,2012,NA,NA,NA
37,Mauritius,2013,NA,NA,NA
37,Mauritius,2014,NA,NA,NA
37,Mauritius,2015,NA,NA,NA
37,Mauritius,2016,NA,NA,NA
37,Mauritius,2017,NA,NA,NA
37,Mauritius,2018,NA,NA,NA
37,Mauritius,2019,NA,NA,NA
37,Mauritius,2020,NA,NA,NA
37,Mauritius,2021,NA,NA,NA
37,Mauritius,2022,NA,NA,NA
39,Maldives,1995,NA,NA,NA
39,Maldives,1996,NA,NA,NA
39,Maldives,1997,NA,NA,NA
39,Maldives,1998,NA,NA,NA
39,Maldives,1999,NA,NA,NA
39,Maldives,2000,NA,NA,NA
39,Maldives,2001,NA,NA,NA
39,Maldives,2002,NA,NA,NA
39,Maldives,2003,NA,NA,NA
39,Maldives,2004,NA,NA,NA
39,Maldives,2005,NA,NA,NA
39,Maldives,2006,NA,NA,NA
39,Maldives,2007,NA,NA,NA
39,Maldives,2008,NA,NA,NA
39,Maldives,2009,NA,NA,NA
39,Maldives,2010,NA,NA,NA
39,Maldives,2011,NA,NA,NA
39,Maldives,2012,NA,NA,NA
39,Maldives,2013,NA,NA,NA
39,Maldives,2014,NA,NA,NA
39,Maldives,2015,NA,NA,NA
39,Maldives,2016,NA,NA,NA
39,Maldives,2017,NA,NA,NA
39,Maldives,2018,NA,NA,NA
39,Maldives,2019,NA,NA,NA
39,Maldives,2020,NA,NA,NA
39,Maldives,2021,NA,NA,NA
39,Maldives,2022,NA,NA,NA
40,Sri Lanka,1995,NA,NA,NA
40,Sri Lanka,1996,NA,NA,NA
40,Sri Lanka,1997,NA,NA,NA
40,Sri Lanka,1998,NA,NA,NA
40,Sri Lanka,1999,NA,NA,NA
40,Sri Lanka,2000,NA,NA,NA
40,Sri Lanka,2001,NA,NA,NA
40,Sri Lanka,2002,NA,NA,NA
40,Sri Lanka,2003,NA,NA,NA
40,Sri Lanka,2004,NA,NA,NA
40,Sri Lanka,2005,NA,NA,NA
40,Sri Lanka,2006,NA,NA,NA
40,Sri Lanka,2007,NA,NA,NA
40,Sri Lanka,2008,NA,NA,NA
40,Sri Lanka,2009,NA,NA,NA
40,Sri Lanka,2010,NA,NA,NA
40,Sri Lanka,2011,NA,NA,NA
40,Sri Lanka,2012,NA,NA,NA
40,Sri Lanka,2013,NA,NA,NA
40,Sri Lanka,2014,NA,NA,NA
40,Sri Lanka,2015,NA,NA,NA
40,Sri Lanka,2016,NA,NA,NA
40,Sri Lanka,2017,NA,NA,NA
40,Sri Lanka,2018,NA,NA,NA
40,Sri Lanka,2019,NA,NA,NA
40,Sri Lanka,2020,NA,NA,NA
40,Sri Lanka,2021,NA,NA,NA
40,Sri Lanka,2022,NA,NA,NA
41,Mozambique,1995,NA,NA,NA
41,Mozambique,1996,NA,NA,NA
41,Mozambique,1997,NA,NA,NA
41,Mozambique,1998,NA,NA,NA
41,Mozambique,1999,NA,NA,NA
41,Mozambique,2000,NA,NA,NA
41,Mozambique,2001,NA,NA,NA
41,Mozambique,2002,NA,NA,NA
41,Mozambique,2003,NA,NA,NA
41,Mozambique,2004,NA,NA,NA
41,Mozambique,2005,NA,NA,NA
41,Mozambique,2006,NA,NA,NA
41,Mozambique,2007,NA,NA,NA
41,Mozambique,2008,NA,NA,NA
41,Mozambique,2009,NA,NA,2435
41,Mozambique,2010,NA,NA,NA
41,Mozambique,2011,NA,NA,NA
41,Mozambique,2012,NA,NA,NA
41,Mozambique,2013,NA,NA,6283
41,Mozambique,2014,NA,NA,NA
41,Mozambique,2015,NA,NA,1089
41,Mozambique,2016,NA,NA,NA
41,Mozambique,2017,NA,NA,NA
41,Mozambique,2018,NA,NA,NA
41,Mozambique,2019,NA,NA,NA
41,Mozambique,2020,NA,NA,NA
41,Mozambique,2021,NA,NA,NA
41,Mozambique,2022,NA,NA,NA
42,Madagascar,1995,NA,NA,NA
42,Madagascar,1996,NA,NA,NA
42,Madagascar,1997,NA,NA,NA
42,Madagascar,1998,NA,NA,NA
42,Madagascar,1999,NA,NA,NA
42,Madagascar,2000,NA,NA,NA
42,Madagascar,2001,NA,NA,NA
42,Madagascar,2002,NA,NA,NA
42,Madagascar,2003,NA,NA,NA
42,Madagascar,2004,NA,NA,NA
42,Madagascar,2005,NA,NA,NA
42,Madagascar,2006,NA,NA,NA
42,Madagascar,2007,NA,NA,NA
42,Madagascar,2008,NA,NA,NA
42,Madagascar,2009,NA,NA,NA
42,Madagascar,2010,NA,NA,NA
42,Madagascar,2011,NA,NA,NA
42,Madagascar,2012,NA,NA,NA
42,Madagascar,2013,NA,NA,NA
42,Madagascar,2014,NA,NA,NA
42,Madagascar,2015,7,37,44
42,Madagascar,2016,6,36,42
42,Madagascar,2017,7,41,48
42,Madagascar,2018,9,45,54
42,Madagascar,2019,11,54,65
42,Madagascar,2020,3,0.1,3.1
42,Madagascar,2021,NA,NA,NA
42,Madagascar,2022,NA,NA,NA
43,Kenya,1995,NA,NA,NA
43,Kenya,1996,NA,NA,NA
43,Kenya,1997,NA,NA,NA
43,Kenya,1998,NA,NA,NA
43,Kenya,1999,NA,NA,NA
43,Kenya,2000,NA,NA,NA
43,Kenya,2001,NA,NA,NA
43,Kenya,2002,NA,NA,NA
43,Kenya,2003,NA,NA,NA
43,Kenya,2004,NA,NA,NA
43,Kenya,2005,NA,NA,NA
43,Kenya,2006,NA,NA,NA
43,Kenya,2007,NA,NA,NA
43,Kenya,2008,NA,NA,NA
43,Kenya,2009,NA,NA,NA
43,Kenya,2010,NA,NA,NA
43,Kenya,2011,NA,NA,NA
43,Kenya,2012,NA,NA,NA
43,Kenya,2013,NA,NA,NA
43,Kenya,2014,NA,NA,NA
43,Kenya,2015,NA,NA,NA
43,Kenya,2016,NA,NA,NA
43,Kenya,2017,NA,NA,NA
43,Kenya,2018,NA,NA,NA
43,Kenya,2019,NA,NA,NA
43,Kenya,2020,NA,NA,NA
43,Kenya,2021,NA,NA,NA
43,Kenya,2022,NA,NA,NA
44,Somalia,1995,NA,NA,NA
44,Somalia,1996,NA,NA,NA
44,Somalia,1997,NA,NA,NA
44,Somalia,1998,NA,NA,NA
44,Somalia,1999,NA,NA,NA
44,Somalia,2000,NA,NA,NA
44,Somalia,2001,NA,NA,NA
44,Somalia,2002,NA,NA,NA
44,Somalia,2003,NA,NA,NA
44,Somalia,2004,NA,NA,NA
44,Somalia,2005,NA,NA,NA
44,Somalia,2006,NA,NA,NA
44,Somalia,2007,NA,NA,NA
44,Somalia,2008,NA,NA,NA
44,Somalia,2009,NA,NA,NA
44,Somalia,2010,NA,NA,NA
44,Somalia,2011,NA,NA,NA
44,Somalia,2012,NA,NA,NA
44,Somalia,2013,NA,NA,NA
44,Somalia,2014,NA,NA,NA
44,Somalia,2015,NA,NA,NA
44,Somalia,2016,NA,NA,NA
44,Somalia,2017,NA,NA,NA
44,Somalia,2018,NA,NA,NA
44,Somalia,2019,NA,NA,NA
44,Somalia,2020,NA,NA,NA
44,Somalia,2021,NA,NA,NA
44,Somalia,2022,NA,NA,NA
45,Eritrea,1995,NA,NA,NA
45,Eritrea,1996,NA,NA,NA
45,Eritrea,1997,NA,NA,NA
45,Eritrea,1998,NA,NA,NA
45,Eritrea,1999,NA,NA,NA
45,Eritrea,2000,NA,NA,NA
45,Eritrea,2001,NA,NA,NA
45,Eritrea,2002,NA,NA,NA
45,Eritrea,2003,NA,NA,NA
45,Eritrea,2004,NA,NA,NA
45,Eritrea,2005,NA,NA,NA
45,Eritrea,2006,NA,NA,NA
45,Eritrea,2007,NA,NA,NA
45,Eritrea,2008,NA,NA,NA
45,Eritrea,2009,NA,NA,NA
45,Eritrea,2010,NA,NA,NA
45,Eritrea,2011,NA,NA,NA
45,Eritrea,2012,NA,NA,NA
45,Eritrea,2013,NA,NA,NA
45,Eritrea,2014,NA,NA,NA
45,Eritrea,2015,NA,NA,NA
45,Eritrea,2016,NA,NA,NA
45,Eritrea,2017,NA,NA,NA
45,Eritrea,2018,NA,NA,NA
45,Eritrea,2019,NA,NA,NA
45,Eritrea,2020,NA,NA,NA
45,Eritrea,2021,NA,NA,NA
45,Eritrea,2022,NA,NA,NA
46,Djibouti,1995,NA,NA,NA
46,Djibouti,1996,NA,NA,NA
46,Djibouti,1997,NA,NA,NA
46,Djibouti,1998,NA,NA,NA
46,Djibouti,1999,NA,NA,NA
46,Djibouti,2000,NA,NA,NA
46,Djibouti,2001,NA,NA,NA
46,Djibouti,2002,NA,NA,NA
46,Djibouti,2003,NA,NA,NA
46,Djibouti,2004,NA,NA,NA
46,Djibouti,2005,NA,NA,NA
46,Djibouti,2006,NA,NA,NA
46,Djibouti,2007,NA,NA,NA
46,Djibouti,2008,NA,NA,NA
46,Djibouti,2009,NA,NA,NA
46,Djibouti,2010,NA,NA,NA
46,Djibouti,2011,NA,NA,NA
46,Djibouti,2012,NA,NA,NA
46,Djibouti,2013,NA,NA,NA
46,Djibouti,2014,NA,NA,NA
46,Djibouti,2015,NA,NA,NA
46,Djibouti,2016,NA,NA,NA
46,Djibouti,2017,NA,NA,NA
46,Djibouti,2018,NA,NA,NA
46,Djibouti,2019,NA,NA,NA
46,Djibouti,2020,NA,NA,NA
46,Djibouti,2021,NA,NA,NA
46,Djibouti,2022,NA,NA,NA
47,Yemen,1995,NA,NA,NA
47,Yemen,1996,NA,NA,NA
47,Yemen,1997,NA,NA,NA
47,Yemen,1998,NA,NA,NA
47,Yemen,1999,NA,NA,NA
47,Yemen,2000,NA,NA,NA
47,Yemen,2001,NA,NA,NA
47,Yemen,2002,NA,NA,NA
47,Yemen,2003,NA,NA,NA
47,Yemen,2004,NA,NA,NA
47,Yemen,2005,NA,NA,NA
47,Yemen,2006,NA,NA,NA
47,Yemen,2007,NA,NA,NA
47,Yemen,2008,NA,NA,NA
47,Yemen,2009,NA,NA,NA
47,Yemen,2010,NA,NA,NA
47,Yemen,2011,NA,NA,NA
47,Yemen,2012,NA,NA,NA
47,Yemen,2013,NA,NA,NA
47,Yemen,2014,NA,NA,NA
47,Yemen,2015,NA,NA,NA
47,Yemen,2016,NA,NA,NA
47,Yemen,2017,NA,NA,NA
47,Yemen,2018,NA,NA,NA
47,Yemen,2019,NA,NA,NA
47,Yemen,2020,NA,NA,NA
47,Yemen,2021,NA,NA,NA
47,Yemen,2022,NA,NA,NA
48,Oman,1995,NA,NA,NA
48,Oman,1996,NA,NA,NA
48,Oman,1997,NA,NA,NA
48,Oman,1998,NA,NA,NA
48,Oman,1999,NA,NA,NA
48,Oman,2000,NA,NA,NA
48,Oman,2001,NA,NA,NA
48,Oman,2002,NA,NA,NA
48,Oman,2003,NA,NA,NA
48,Oman,2004,NA,NA,NA
48,Oman,2005,NA,NA,NA
48,Oman,2006,NA,NA,NA
48,Oman,2007,NA,NA,NA
48,Oman,2008,NA,NA,NA
48,Oman,2009,NA,NA,NA
48,Oman,2010,NA,NA,NA
48,Oman,2011,NA,NA,NA
48,Oman,2012,NA,NA,NA
48,Oman,2013,NA,NA,NA
48,Oman,2014,NA,NA,NA
48,Oman,2015,NA,NA,NA
48,Oman,2016,NA,NA,NA
48,Oman,2017,NA,NA,NA
48,Oman,2018,NA,NA,NA
48,Oman,2019,NA,NA,NA
48,Oman,2020,NA,NA,NA
48,Oman,2021,NA,NA,NA
48,Oman,2022,NA,NA,NA
49,Sudan,1995,NA,NA,NA
49,Sudan,1996,NA,NA,NA
49,Sudan,1997,NA,NA,NA
49,Sudan,1998,NA,NA,NA
49,Sudan,1999,NA,NA,NA
49,Sudan,2000,NA,NA,NA
49,Sudan,2001,NA,NA,NA
49,Sudan,2002,NA,NA,NA
49,Sudan,2003,NA,NA,NA
49,Sudan,2004,NA,NA,NA
49,Sudan,2005,NA,NA,NA
49,Sudan,2006,NA,NA,NA
49,Sudan,2007,NA,NA,NA
49,Sudan,2008,NA,NA,NA
49,Sudan,2009,NA,NA,NA
49,Sudan,2010,NA,NA,NA
49,Sudan,2011,NA,NA,NA
49,Sudan,2012,NA,NA,NA
49,Sudan,2013,NA,NA,NA
49,Sudan,2014,NA,NA,NA
49,Sudan,2015,NA,NA,NA
49,Sudan,2016,NA,NA,NA
49,Sudan,2017,NA,NA,NA
49,Sudan,2018,NA,NA,NA
49,Sudan,2019,NA,NA,NA
49,Sudan,2020,NA,NA,NA
49,Sudan,2021,NA,NA,NA
49,Sudan,2022,NA,NA,NA
50,Saudi Arabia,1995,NA,NA,NA
50,Saudi Arabia,1996,NA,NA,NA
50,Saudi Arabia,1997,NA,NA,NA
50,Saudi Arabia,1998,NA,NA,NA
50,Saudi Arabia,1999,NA,NA,NA
50,Saudi Arabia,2000,NA,NA,NA
50,Saudi Arabia,2001,NA,NA,NA
50,Saudi Arabia,2002,NA,NA,NA
50,Saudi Arabia,2003,NA,NA,NA
50,Saudi Arabia,2004,35282,4333,39615
50,Saudi Arabia,2005,30236,1992,32228
50,Saudi Arabia,2006,27080,1320,28400
50,Saudi Arabia,2007,28549,1123,29672
50,Saudi Arabia,2008,28775,1274,30049
50,Saudi Arabia,2009,32014,1512,33526
50,Saudi Arabia,2010,22780,1132,23912
50,Saudi Arabia,2011,26155.337,3173.59,29328.927
50,Saudi Arabia,2012,21006.132,2274.341,23280.473
50,Saudi Arabia,2013,23783.21,2650.111,26433.321
50,Saudi Arabia,2014,37101,6670,43771
50,Saudi Arabia,2015,46450,7666,54117
50,Saudi Arabia,2016,45036,4839,49875
50,Saudi Arabia,2017,43821,3089,46910
50,Saudi Arabia,2018,43255,3256,46512
50,Saudi Arabia,2019,47805,5269,53074
50,Saudi Arabia,2020,42107,6292,48399
50,Saudi Arabia,2021,63834,44295,108129
50,Saudi Arabia,2022,77837,47980,125817
51,Kuwait,1995,NA,NA,NA
51,Kuwait,1996,NA,NA,NA
51,Kuwait,1997,NA,NA,NA
51,Kuwait,1998,NA,NA,NA
51,Kuwait,1999,NA,NA,NA
51,Kuwait,2000,NA,NA,NA
51,Kuwait,2001,NA,NA,NA
51,Kuwait,2002,NA,NA,NA
51,Kuwait,2003,NA,NA,NA
51,Kuwait,2004,NA,NA,NA
51,Kuwait,2005,NA,NA,NA
51,Kuwait,2006,NA,NA,NA
51,Kuwait,2007,NA,NA,NA
51,Kuwait,2008,NA,NA,NA
51,Kuwait,2009,NA,NA,NA
51,Kuwait,2010,NA,NA,NA
51,Kuwait,2011,NA,NA,NA
51,Kuwait,2012,NA,NA,NA
51,Kuwait,2013,NA,NA,NA
51,Kuwait,2014,NA,NA,NA
51,Kuwait,2015,NA,NA,NA
51,Kuwait,2016,NA,NA,NA
51,Kuwait,2017,NA,NA,NA
51,Kuwait,2018,NA,NA,NA
51,Kuwait,2019,NA,NA,NA
51,Kuwait,2020,NA,NA,NA
51,Kuwait,2021,NA,NA,NA
51,Kuwait,2022,NA,NA,NA
52,Bahrain,1995,NA,NA,NA
52,Bahrain,1996,NA,NA,NA
52,Bahrain,1997,NA,NA,NA
52,Bahrain,1998,NA,NA,NA
52,Bahrain,1999,NA,NA,NA
52,Bahrain,2000,NA,NA,NA
52,Bahrain,2001,NA,NA,NA
52,Bahrain,2002,NA,NA,NA
52,Bahrain,2003,NA,NA,NA
52,Bahrain,2004,NA,NA,NA
52,Bahrain,2005,NA,NA,NA
52,Bahrain,2006,NA,NA,NA
52,Bahrain,2007,NA,NA,NA
52,Bahrain,2008,NA,NA,NA
52,Bahrain,2009,NA,NA,NA
52,Bahrain,2010,NA,NA,NA
52,Bahrain,2011,NA,NA,NA
52,Bahrain,2012,NA,NA,NA
52,Bahrain,2013,NA,NA,NA
52,Bahrain,2014,NA,NA,NA
52,Bahrain,2015,NA,NA,NA
52,Bahrain,2016,76,3247,3323
52,Bahrain,2017,67,3026,3093
52,Bahrain,2018,117,3692,3809
52,Bahrain,2019,138,4103,4241
52,Bahrain,2020,134,1334,1468
52,Bahrain,2021,187,947,1134
52,Bahrain,2022,NA,NA,NA
53,Pakistan,1995,NA,NA,NA
53,Pakistan,1996,NA,NA,NA
53,Pakistan,1997,NA,NA,NA
53,Pakistan,1998,NA,NA,NA
53,Pakistan,1999,NA,NA,NA
53,Pakistan,2000,NA,NA,NA
53,Pakistan,2001,NA,NA,NA
53,Pakistan,2002,NA,NA,NA
53,Pakistan,2003,NA,NA,NA
53,Pakistan,2004,NA,NA,NA
53,Pakistan,2005,NA,NA,NA
53,Pakistan,2006,NA,NA,NA
53,Pakistan,2007,NA,NA,NA
53,Pakistan,2008,NA,NA,NA
53,Pakistan,2009,NA,NA,NA
53,Pakistan,2010,NA,NA,NA
53,Pakistan,2011,NA,NA,NA
53,Pakistan,2012,NA,NA,NA
53,Pakistan,2013,NA,NA,NA
53,Pakistan,2014,NA,NA,NA
53,Pakistan,2015,NA,NA,NA
53,Pakistan,2016,NA,NA,NA
53,Pakistan,2017,NA,NA,NA
53,Pakistan,2018,NA,NA,NA
53,Pakistan,2019,NA,NA,NA
53,Pakistan,2020,NA,NA,NA
53,Pakistan,2021,NA,NA,NA
53,Pakistan,2022,NA,NA,NA
54,United Arab Emirates,1995,NA,NA,NA
54,United Arab Emirates,1996,NA,NA,NA
54,United Arab Emirates,1997,NA,NA,NA
54,United Arab Emirates,1998,NA,NA,NA
54,United Arab Emirates,1999,NA,NA,NA
54,United Arab Emirates,2000,NA,NA,NA
54,United Arab Emirates,2001,NA,NA,NA
54,United Arab Emirates,2002,NA,NA,NA
54,United Arab Emirates,2003,NA,NA,NA
54,United Arab Emirates,2004,NA,NA,NA
54,United Arab Emirates,2005,NA,NA,NA
54,United Arab Emirates,2006,NA,NA,NA
54,United Arab Emirates,2007,NA,NA,NA
54,United Arab Emirates,2008,NA,NA,NA
54,United Arab Emirates,2009,NA,NA,NA
54,United Arab Emirates,2010,NA,NA,NA
54,United Arab Emirates,2011,NA,NA,NA
54,United Arab Emirates,2012,NA,NA,NA
54,United Arab Emirates,2013,NA,NA,NA
54,United Arab Emirates,2014,3336,NA,NA
54,United Arab Emirates,2015,6572,NA,NA
54,United Arab Emirates,2016,7157,NA,NA
54,United Arab Emirates,2017,5466,NA,NA
54,United Arab Emirates,2018,7882,NA,NA
54,United Arab Emirates,2019,8453,NA,NA
54,United Arab Emirates,2020,8761,NA,NA
54,United Arab Emirates,2021,10196,NA,NA
54,United Arab Emirates,2022,NA,NA,NA
56,Cape Verde,1995,NA,NA,NA
56,Cape Verde,1996,NA,NA,NA
56,Cape Verde,1997,NA,NA,NA
56,Cape Verde,1998,NA,NA,NA
56,Cape Verde,1999,NA,NA,NA
56,Cape Verde,2000,NA,NA,NA
56,Cape Verde,2001,NA,NA,NA
56,Cape Verde,2002,NA,NA,NA
56,Cape Verde,2003,NA,NA,NA
56,Cape Verde,2004,NA,NA,NA
56,Cape Verde,2005,NA,NA,NA
56,Cape Verde,2006,NA,NA,NA
56,Cape Verde,2007,NA,NA,NA
56,Cape Verde,2008,NA,NA,NA
56,Cape Verde,2009,NA,NA,NA
56,Cape Verde,2010,NA,NA,NA
56,Cape Verde,2011,NA,NA,NA
56,Cape Verde,2012,NA,NA,NA
56,Cape Verde,2013,NA,NA,NA
56,Cape Verde,2014,NA,NA,NA
56,Cape Verde,2015,NA,NA,NA
56,Cape Verde,2016,NA,NA,NA
56,Cape Verde,2017,NA,NA,NA
56,Cape Verde,2018,NA,NA,NA
56,Cape Verde,2019,NA,NA,NA
56,Cape Verde,2020,NA,NA,NA
56,Cape Verde,2021,NA,NA,NA
56,Cape Verde,2022,NA,NA,NA
59,Belgium,1995,NA,NA,NA
59,Belgium,1996,NA,NA,NA
59,Belgium,1997,NA,NA,NA
59,Belgium,1998,NA,NA,NA
59,Belgium,1999,NA,NA,NA
59,Belgium,2000,NA,NA,NA
59,Belgium,2001,NA,NA,NA
59,Belgium,2002,NA,NA,NA
59,Belgium,2003,NA,NA,NA
59,Belgium,2004,NA,NA,NA
59,Belgium,2005,NA,NA,NA
59,Belgium,2006,NA,NA,NA
59,Belgium,2007,NA,NA,NA
59,Belgium,2008,NA,NA,NA
59,Belgium,2009,5431,NA,NA
59,Belgium,2010,5802,NA,NA
59,Belgium,2011,6124,NA,NA
59,Belgium,2012,6313,NA,NA
59,Belgium,2013,6468,NA,NA
59,Belgium,2014,6754,NA,NA
59,Belgium,2015,7492,NA,NA
59,Belgium,2016,7729,NA,NA
59,Belgium,2017,7934,NA,NA
59,Belgium,2018,8441,NA,NA
59,Belgium,2019,8714,NA,NA
59,Belgium,2020,4792,NA,NA
59,Belgium,2021,7729,NA,NA
59,Belgium,2022,9406,NA,NA
61,Tunisia,1995,NA,NA,NA
61,Tunisia,1996,NA,NA,NA
61,Tunisia,1997,NA,NA,NA
61,Tunisia,1998,NA,NA,NA
61,Tunisia,1999,NA,NA,NA
61,Tunisia,2000,NA,NA,NA
61,Tunisia,2001,NA,NA,NA
61,Tunisia,2002,NA,NA,NA
61,Tunisia,2003,NA,NA,NA
61,Tunisia,2004,NA,NA,NA
61,Tunisia,2005,NA,NA,NA
61,Tunisia,2006,NA,NA,NA
61,Tunisia,2007,NA,NA,NA
61,Tunisia,2008,NA,NA,NA
61,Tunisia,2009,NA,NA,NA
61,Tunisia,2010,NA,NA,NA
61,Tunisia,2011,NA,NA,NA
61,Tunisia,2012,NA,NA,NA
61,Tunisia,2013,NA,NA,NA
61,Tunisia,2014,NA,NA,NA
61,Tunisia,2015,NA,NA,NA
61,Tunisia,2016,NA,NA,NA
61,Tunisia,2017,NA,NA,NA
61,Tunisia,2018,NA,NA,NA
61,Tunisia,2019,NA,NA,NA
61,Tunisia,2020,NA,NA,NA
61,Tunisia,2021,NA,NA,NA
61,Tunisia,2022,NA,NA,NA
62,Morocco,1995,NA,NA,NA
62,Morocco,1996,NA,NA,NA
62,Morocco,1997,NA,NA,NA
62,Morocco,1998,NA,NA,NA
62,Morocco,1999,NA,NA,NA
62,Morocco,2000,NA,NA,NA
62,Morocco,2001,NA,NA,NA
62,Morocco,2002,NA,NA,NA
62,Morocco,2003,NA,NA,NA
62,Morocco,2004,NA,NA,NA
62,Morocco,2005,NA,NA,NA
62,Morocco,2006,NA,NA,NA
62,Morocco,2007,NA,NA,NA
62,Morocco,2008,NA,NA,NA
62,Morocco,2009,16888,NA,NA
62,Morocco,2010,22913,NA,NA
62,Morocco,2011,NA,NA,NA
62,Morocco,2012,NA,NA,NA
62,Morocco,2013,NA,NA,NA
62,Morocco,2014,23600,NA,NA
62,Morocco,2015,NA,NA,NA
62,Morocco,2016,NA,NA,NA
62,Morocco,2017,NA,NA,NA
62,Morocco,2018,NA,NA,NA
62,Morocco,2019,NA,NA,NA
62,Morocco,2020,NA,NA,NA
62,Morocco,2021,NA,NA,NA
62,Morocco,2022,NA,NA,NA
64,Mauritania,1995,NA,NA,NA
64,Mauritania,1996,NA,NA,NA
64,Mauritania,1997,NA,NA,NA
64,Mauritania,1998,NA,NA,NA
64,Mauritania,1999,NA,NA,NA
64,Mauritania,2000,NA,NA,NA
64,Mauritania,2001,NA,NA,NA
64,Mauritania,2002,NA,NA,NA
64,Mauritania,2003,NA,NA,NA
64,Mauritania,2004,NA,NA,NA
64,Mauritania,2005,NA,NA,NA
64,Mauritania,2006,NA,NA,NA
64,Mauritania,2007,NA,NA,NA
64,Mauritania,2008,NA,NA,NA
64,Mauritania,2009,NA,NA,NA
64,Mauritania,2010,NA,NA,NA
64,Mauritania,2011,NA,NA,NA
64,Mauritania,2012,NA,NA,NA
64,Mauritania,2013,NA,NA,NA
64,Mauritania,2014,NA,NA,NA
64,Mauritania,2015,NA,NA,NA
64,Mauritania,2016,NA,NA,NA
64,Mauritania,2017,NA,NA,NA
64,Mauritania,2018,NA,NA,NA
64,Mauritania,2019,NA,NA,NA
64,Mauritania,2020,NA,NA,NA
64,Mauritania,2021,NA,NA,NA
64,Mauritania,2022,NA,NA,NA
65,Gambia,1995,NA,NA,NA
65,Gambia,1996,NA,NA,NA
65,Gambia,1997,NA,NA,NA
65,Gambia,1998,NA,NA,NA
65,Gambia,1999,NA,NA,NA
65,Gambia,2000,NA,NA,NA
65,Gambia,2001,NA,NA,NA
65,Gambia,2002,NA,NA,NA
65,Gambia,2003,NA,NA,NA
65,Gambia,2004,NA,NA,NA
65,Gambia,2005,NA,NA,NA
65,Gambia,2006,NA,NA,NA
65,Gambia,2007,NA,NA,NA
65,Gambia,2008,NA,NA,NA
65,Gambia,2009,NA,NA,NA
65,Gambia,2010,NA,NA,NA
65,Gambia,2011,NA,NA,NA
65,Gambia,2012,NA,NA,NA
65,Gambia,2013,NA,NA,NA
65,Gambia,2014,NA,NA,NA
65,Gambia,2015,NA,NA,NA
65,Gambia,2016,NA,NA,NA
65,Gambia,2017,NA,NA,NA
65,Gambia,2018,NA,NA,NA
65,Gambia,2019,NA,NA,NA
65,Gambia,2020,NA,NA,NA
65,Gambia,2021,NA,NA,NA
65,Gambia,2022,NA,NA,NA
66,Senegal,1995,NA,NA,NA
66,Senegal,1996,NA,NA,NA
66,Senegal,1997,NA,NA,NA
66,Senegal,1998,NA,NA,NA
66,Senegal,1999,NA,NA,NA
66,Senegal,2000,NA,NA,NA
66,Senegal,2001,NA,NA,NA
66,Senegal,2002,NA,NA,NA
66,Senegal,2003,NA,NA,NA
66,Senegal,2004,NA,NA,NA
66,Senegal,2005,NA,NA,NA
66,Senegal,2006,NA,NA,NA
66,Senegal,2007,NA,NA,NA
66,Senegal,2008,NA,NA,NA
66,Senegal,2009,NA,NA,NA
66,Senegal,2010,NA,NA,NA
66,Senegal,2011,NA,NA,NA
66,Senegal,2012,NA,NA,NA
66,Senegal,2013,NA,NA,NA
66,Senegal,2014,308,NA,NA
66,Senegal,2015,396,NA,NA
66,Senegal,2016,485,NA,NA
66,Senegal,2017,548,NA,NA
66,Senegal,2018,NA,NA,NA
66,Senegal,2019,NA,NA,NA
66,Senegal,2020,NA,NA,NA
66,Senegal,2021,NA,NA,NA
66,Senegal,2022,NA,NA,NA
67,Libya,1995,NA,NA,NA
67,Libya,1996,NA,NA,NA
67,Libya,1997,NA,NA,NA
67,Libya,1998,NA,NA,NA
67,Libya,1999,NA,NA,NA
67,Libya,2000,NA,NA,NA
67,Libya,2001,NA,NA,NA
67,Libya,2002,NA,NA,NA
67,Libya,2003,NA,NA,NA
67,Libya,2004,NA,NA,NA
67,Libya,2005,NA,NA,NA
67,Libya,2006,NA,NA,NA
67,Libya,2007,NA,NA,NA
67,Libya,2008,NA,NA,NA
67,Libya,2009,NA,NA,NA
67,Libya,2010,NA,NA,NA
67,Libya,2011,NA,NA,NA
67,Libya,2012,NA,NA,NA
67,Libya,2013,NA,NA,NA
67,Libya,2014,NA,NA,NA
67,Libya,2015,NA,NA,NA
67,Libya,2016,NA,NA,NA
67,Libya,2017,NA,NA,NA
67,Libya,2018,NA,NA,NA
67,Libya,2019,NA,NA,NA
67,Libya,2020,NA,NA,NA
67,Libya,2021,NA,NA,NA
67,Libya,2022,NA,NA,NA
68,Malta,1995,NA,NA,NA
68,Malta,1996,NA,NA,NA
68,Malta,1997,NA,NA,NA
68,Malta,1998,NA,NA,NA
68,Malta,1999,NA,NA,NA
68,Malta,2000,NA,NA,NA
68,Malta,2001,NA,NA,NA
68,Malta,2002,NA,NA,NA
68,Malta,2003,NA,NA,NA
68,Malta,2004,NA,NA,NA
68,Malta,2005,NA,NA,NA
68,Malta,2006,NA,NA,NA
68,Malta,2007,NA,NA,NA
68,Malta,2008,NA,NA,NA
68,Malta,2009,NA,NA,NA
68,Malta,2010,NA,NA,NA
68,Malta,2011,NA,NA,NA
68,Malta,2012,205,NA,NA
68,Malta,2013,190,NA,NA
68,Malta,2014,200,NA,NA
68,Malta,2015,204,NA,NA
68,Malta,2016,241,NA,NA
68,Malta,2017,261,NA,NA
68,Malta,2018,245,NA,NA
68,Malta,2019,237,NA,NA
68,Malta,2020,360,NA,NA
68,Malta,2021,389,NA,NA
68,Malta,2022,369,NA,NA
69,Latvia,1995,NA,NA,NA
69,Latvia,1996,NA,NA,NA
69,Latvia,1997,NA,NA,NA
69,Latvia,1998,NA,NA,NA
69,Latvia,1999,NA,NA,NA
69,Latvia,2000,NA,NA,NA
69,Latvia,2001,NA,NA,NA
69,Latvia,2002,NA,NA,NA
69,Latvia,2003,NA,NA,NA
69,Latvia,2004,NA,NA,NA
69,Latvia,2005,NA,NA,NA
69,Latvia,2006,NA,NA,NA
69,Latvia,2007,NA,NA,NA
69,Latvia,2008,NA,NA,NA
69,Latvia,2009,3598,12310,15908
69,Latvia,2010,3504,9899,13403
69,Latvia,2011,3472,10117,13589
69,Latvia,2012,3796,7921,11717
69,Latvia,2013,3156,8995,12151
69,Latvia,2014,3258,8155,11413
69,Latvia,2015,2972,7718,10690
69,Latvia,2016,3071,9126,12197
69,Latvia,2017,2942,9590,12532
69,Latvia,2018,2584,8365,10949
69,Latvia,2019,2501,7915,10416
69,Latvia,2020,1367,4786,6153
69,Latvia,2021,2392,5890,8282
69,Latvia,2022,2828,6468,9296
70,Estonia,1995,NA,NA,NA
70,Estonia,1996,NA,NA,NA
70,Estonia,1997,NA,NA,NA
70,Estonia,1998,NA,NA,NA
70,Estonia,1999,NA,NA,NA
70,Estonia,2000,NA,NA,NA
70,Estonia,2001,NA,NA,NA
70,Estonia,2002,NA,NA,NA
70,Estonia,2003,NA,NA,NA
70,Estonia,2004,NA,NA,NA
70,Estonia,2005,NA,NA,NA
70,Estonia,2006,643,NA,NA
70,Estonia,2007,885,NA,NA
70,Estonia,2008,803,NA,NA
70,Estonia,2009,886,NA,NA
70,Estonia,2010,1926,NA,NA
70,Estonia,2011,1561,NA,NA
70,Estonia,2012,1761,NA,NA
70,Estonia,2013,1734,NA,NA
70,Estonia,2014,2572,NA,NA
70,Estonia,2015,2704,NA,NA
70,Estonia,2016,3254,NA,NA
70,Estonia,2017,3277,NA,NA
70,Estonia,2018,4399,NA,NA
70,Estonia,2019,3486,NA,NA
70,Estonia,2020,2136,NA,NA
70,Estonia,2021,2267,NA,NA
70,Estonia,2022,2640,NA,NA
71,Bulgaria,1995,NA,NA,NA
71,Bulgaria,1996,NA,NA,NA
71,Bulgaria,1997,NA,NA,NA
71,Bulgaria,1998,NA,NA,NA
71,Bulgaria,1999,NA,NA,NA
71,Bulgaria,2000,NA,NA,NA
71,Bulgaria,2001,NA,NA,NA
71,Bulgaria,2002,NA,NA,NA
71,Bulgaria,2003,NA,NA,NA
71,Bulgaria,2004,NA,NA,NA
71,Bulgaria,2005,NA,NA,NA
71,Bulgaria,2006,NA,NA,NA
71,Bulgaria,2007,NA,NA,NA
71,Bulgaria,2008,NA,NA,NA
71,Bulgaria,2009,NA,NA,NA
71,Bulgaria,2010,NA,NA,NA
71,Bulgaria,2011,NA,NA,NA
71,Bulgaria,2012,3107,NA,NA
71,Bulgaria,2013,3413,NA,NA
71,Bulgaria,2014,3171,1432,4603
71,Bulgaria,2015,2540,1140,3680
71,Bulgaria,2016,2992,1299,4291
71,Bulgaria,2017,4710,2459,7169
71,Bulgaria,2018,4151,2378,6529
71,Bulgaria,2019,4702,2131,6833
71,Bulgaria,2020,2995,1490,4485
71,Bulgaria,2021,3871,1840,5711
71,Bulgaria,2022,4132,2266,6397
72,Romania,1995,NA,NA,NA
72,Romania,1996,NA,NA,NA
72,Romania,1997,NA,NA,NA
72,Romania,1998,NA,NA,NA
72,Romania,1999,NA,NA,NA
72,Romania,2000,NA,NA,NA
72,Romania,2001,NA,NA,NA
72,Romania,2002,NA,NA,NA
72,Romania,2003,8668,NA,NA
72,Romania,2004,10520,NA,NA
72,Romania,2005,8736,NA,NA
72,Romania,2006,6688,NA,NA
72,Romania,2007,9294,NA,NA
72,Romania,2008,9716,NA,NA
72,Romania,2009,11651,NA,NA
72,Romania,2010,10797,30087,40884
72,Romania,2011,11986,29018,41004
72,Romania,2012,15833,37680,53513
72,Romania,2013,16357,36053,52410
72,Romania,2014,15840,34244,50084
72,Romania,2015,16194,36568,52762
72,Romania,2016,15015,31971,46986
72,Romania,2017,16444,34809,51253
72,Romania,2018,16461,35624,52085
72,Romania,2019,16863,36062,52925
72,Romania,2020,11088,26544,37632
72,Romania,2021,16045,34605,50650
72,Romania,2022,16261,35103,51364
73,Russia,1995,NA,NA,NA
73,Russia,1996,NA,NA,NA
73,Russia,1997,NA,NA,NA
73,Russia,1998,NA,NA,NA
73,Russia,1999,NA,NA,NA
73,Russia,2000,NA,NA,NA
73,Russia,2001,NA,NA,NA
73,Russia,2002,NA,NA,NA
73,Russia,2003,NA,NA,NA
73,Russia,2004,NA,NA,NA
73,Russia,2005,NA,NA,NA
73,Russia,2006,NA,NA,NA
73,Russia,2007,NA,NA,NA
73,Russia,2008,NA,NA,NA
73,Russia,2009,NA,NA,NA
73,Russia,2010,NA,NA,NA
73,Russia,2011,NA,NA,NA
73,Russia,2012,NA,NA,NA
73,Russia,2013,NA,NA,NA
73,Russia,2014,NA,NA,NA
73,Russia,2015,NA,NA,NA
73,Russia,2016,NA,NA,NA
73,Russia,2017,NA,NA,NA
73,Russia,2018,NA,NA,NA
73,Russia,2019,NA,NA,NA
73,Russia,2020,NA,NA,NA
73,Russia,2021,NA,NA,NA
73,Russia,2022,NA,NA,NA
74,Georgia,1995,NA,NA,NA
74,Georgia,1996,NA,NA,NA
74,Georgia,1997,NA,NA,NA
74,Georgia,1998,NA,NA,NA
74,Georgia,1999,NA,NA,NA
74,Georgia,2000,NA,NA,NA
74,Georgia,2001,NA,NA,NA
74,Georgia,2002,NA,NA,NA
74,Georgia,2003,NA,NA,NA
74,Georgia,2004,NA,NA,NA
74,Georgia,2005,NA,NA,NA
74,Georgia,2006,NA,NA,NA
74,Georgia,2007,NA,NA,NA
74,Georgia,2008,NA,NA,NA
74,Georgia,2009,NA,NA,NA
74,Georgia,2010,NA,NA,NA
74,Georgia,2011,NA,NA,NA
74,Georgia,2012,NA,NA,NA
74,Georgia,2013,NA,NA,NA
74,Georgia,2014,NA,NA,NA
74,Georgia,2015,5936,6425,12361
74,Georgia,2016,5947,7013,12960
74,Georgia,2017,5424,7213,12637
74,Georgia,2018,5777,7361,13138
74,Georgia,2019,6369,7883,14252
74,Georgia,2020,5764,6709,12474
74,Georgia,2021,7952,8992,16944
74,Georgia,2022,7692,8641,16333
75,Ukraine,1995,NA,NA,NA
75,Ukraine,1996,NA,NA,NA
75,Ukraine,1997,NA,NA,NA
75,Ukraine,1998,NA,NA,NA
75,Ukraine,1999,NA,NA,NA
75,Ukraine,2000,NA,NA,NA
75,Ukraine,2001,NA,NA,NA
75,Ukraine,2002,NA,NA,NA
75,Ukraine,2003,NA,NA,NA
75,Ukraine,2004,NA,NA,NA
75,Ukraine,2005,NA,NA,NA
75,Ukraine,2006,NA,NA,NA
75,Ukraine,2007,NA,NA,NA
75,Ukraine,2008,NA,NA,NA
75,Ukraine,2009,NA,NA,NA
75,Ukraine,2010,NA,NA,NA
75,Ukraine,2011,NA,NA,NA
75,Ukraine,2012,NA,NA,NA
75,Ukraine,2013,NA,NA,NA
75,Ukraine,2014,NA,NA,NA
75,Ukraine,2015,NA,NA,NA
75,Ukraine,2016,NA,NA,NA
75,Ukraine,2017,NA,NA,NA
75,Ukraine,2018,NA,NA,NA
75,Ukraine,2019,NA,NA,NA
75,Ukraine,2020,NA,NA,NA
75,Ukraine,2021,NA,NA,NA
75,Ukraine,2022,NA,NA,NA
76,Turkey,1995,NA,NA,NA
76,Turkey,1996,NA,NA,NA
76,Turkey,1997,NA,NA,NA
76,Turkey,1998,NA,NA,NA
76,Turkey,1999,NA,NA,NA
76,Turkey,2000,NA,NA,NA
76,Turkey,2001,NA,NA,NA
76,Turkey,2002,NA,NA,NA
76,Turkey,2003,NA,NA,NA
76,Turkey,2004,NA,NA,NA
76,Turkey,2005,NA,NA,NA
76,Turkey,2006,NA,NA,NA
76,Turkey,2007,NA,NA,NA
76,Turkey,2008,NA,NA,NA
76,Turkey,2009,60888,39572,100460
76,Turkey,2010,68373,43128,111500
76,Turkey,2011,65854,38317,104171
76,Turkey,2012,64922,41304,106226
76,Turkey,2013,68452,43709,112161
76,Turkey,2014,70894,44194,155088
76,Turkey,2015,71251,44130,115381
76,Turkey,2016,68450,38051,106501
76,Turkey,2017,77179,43693,120872
76,Turkey,2018,78523,47943,126466
76,Turkey,2019,78202,46438,124640
76,Turkey,2020,42847,24295,67142
76,Turkey,2021,52774,23109,75883
76,Turkey,2022,52327,24240,76567
77,Syria,1995,NA,NA,NA
77,Syria,1996,NA,NA,NA
77,Syria,1997,NA,NA,NA
77,Syria,1998,NA,NA,NA
77,Syria,1999,NA,NA,NA
77,Syria,2000,NA,NA,NA
77,Syria,2001,NA,NA,NA
77,Syria,2002,NA,NA,NA
77,Syria,2003,NA,NA,NA
77,Syria,2004,NA,NA,NA
77,Syria,2005,NA,NA,NA
77,Syria,2006,NA,NA,NA
77,Syria,2007,NA,NA,NA
77,Syria,2008,NA,NA,NA
77,Syria,2009,NA,NA,NA
77,Syria,2010,NA,NA,NA
77,Syria,2011,NA,NA,NA
77,Syria,2012,NA,NA,NA
77,Syria,2013,NA,NA,NA
77,Syria,2014,NA,NA,NA
77,Syria,2015,NA,NA,NA
77,Syria,2016,NA,NA,NA
77,Syria,2017,NA,NA,NA
77,Syria,2018,NA,NA,NA
77,Syria,2019,NA,NA,NA
77,Syria,2020,NA,NA,NA
77,Syria,2021,NA,NA,NA
77,Syria,2022,NA,NA,NA
78,Lebanon,1995,NA,NA,NA
78,Lebanon,1996,NA,NA,NA
78,Lebanon,1997,NA,NA,NA
78,Lebanon,1998,NA,NA,NA
78,Lebanon,1999,NA,NA,NA
78,Lebanon,2000,NA,NA,NA
78,Lebanon,2001,NA,NA,NA
78,Lebanon,2002,NA,NA,NA
78,Lebanon,2003,NA,NA,NA
78,Lebanon,2004,NA,NA,NA
78,Lebanon,2005,NA,NA,NA
78,Lebanon,2006,NA,NA,NA
78,Lebanon,2007,NA,NA,NA
78,Lebanon,2008,NA,NA,NA
78,Lebanon,2009,NA,NA,NA
78,Lebanon,2010,NA,NA,NA
78,Lebanon,2011,NA,NA,NA
78,Lebanon,2012,NA,NA,NA
78,Lebanon,2013,NA,NA,NA
78,Lebanon,2014,NA,NA,NA
78,Lebanon,2015,NA,NA,NA
78,Lebanon,2016,NA,NA,NA
78,Lebanon,2017,NA,NA,NA
78,Lebanon,2018,NA,NA,NA
78,Lebanon,2019,NA,NA,NA
78,Lebanon,2020,NA,NA,NA
78,Lebanon,2021,NA,NA,NA
78,Lebanon,2022,NA,NA,NA
79,Israel,1995,NA,NA,NA
79,Israel,1996,NA,NA,NA
79,Israel,1997,NA,NA,NA
79,Israel,1998,NA,NA,NA
79,Israel,1999,NA,NA,NA
79,Israel,2000,NA,NA,NA
79,Israel,2001,NA,NA,NA
79,Israel,2002,NA,NA,NA
79,Israel,2003,NA,NA,NA
79,Israel,2004,NA,NA,NA
79,Israel,2005,NA,NA,NA
79,Israel,2006,NA,NA,NA
79,Israel,2007,NA,NA,NA
79,Israel,2008,NA,NA,NA
79,Israel,2009,NA,NA,NA
79,Israel,2010,7655,7279,14934
79,Israel,2011,NA,NA,NA
79,Israel,2012,NA,NA,NA
79,Israel,2013,NA,NA,NA
79,Israel,2014,NA,NA,NA
79,Israel,2015,NA,NA,NA
79,Israel,2016,NA,NA,NA
79,Israel,2017,NA,NA,NA
79,Israel,2018,NA,NA,NA
79,Israel,2019,NA,NA,NA
79,Israel,2020,NA,NA,NA
79,Israel,2021,NA,NA,NA
79,Israel,2022,NA,NA,NA
80,Greece,1995,NA,NA,NA
80,Greece,1996,NA,NA,NA
80,Greece,1997,NA,NA,NA
80,Greece,1998,NA,NA,NA
80,Greece,1999,NA,NA,NA
80,Greece,2000,NA,NA,NA
80,Greece,2001,NA,NA,NA
80,Greece,2002,NA,NA,NA
80,Greece,2003,NA,NA,NA
80,Greece,2004,NA,NA,11236
80,Greece,2005,NA,NA,13315
80,Greece,2006,NA,NA,15884
80,Greece,2007,NA,NA,14568
80,Greece,2008,NA,NA,12905
80,Greece,2009,NA,NA,13091
80,Greece,2010,5218,NA,NA
80,Greece,2011,4909,NA,NA
80,Greece,2012,3598,NA,NA
80,Greece,2013,4913.697,NA,NA
80,Greece,2014,5621.792,NA,NA
80,Greece,2015,5111.164,13913.442,19024.606
80,Greece,2016,4872.81,12281.637,17154.447
80,Greece,2017,5492.307,19158.156,24650.463
80,Greece,2018,5691,20610,26301
80,Greece,2019,5180,22699,27879
80,Greece,2020,4448,19059,23507
80,Greece,2021,4831,17069,21900
80,Greece,2022,5990.074,15691.536,21682
81,Cyprus,1995,NA,NA,NA
81,Cyprus,1996,NA,NA,NA
81,Cyprus,1997,NA,NA,NA
81,Cyprus,1998,NA,NA,NA
81,Cyprus,1999,NA,NA,NA
81,Cyprus,2000,NA,NA,NA
81,Cyprus,2001,NA,NA,NA
81,Cyprus,2002,NA,NA,NA
81,Cyprus,2003,978,6158,7136
81,Cyprus,2004,1085,6447,7532
81,Cyprus,2005,1140,6706,7846
81,Cyprus,2006,1291,6877,8168
81,Cyprus,2007,1352,7007,8359
81,Cyprus,2008,NA,NA,NA
81,Cyprus,2009,NA,NA,NA
81,Cyprus,2010,NA,NA,NA
81,Cyprus,2011,NA,NA,NA
81,Cyprus,2012,1370,NA,NA
81,Cyprus,2013,1304,NA,NA
81,Cyprus,2014,1297,NA,NA
81,Cyprus,2015,1303,NA,NA
81,Cyprus,2016,1375,NA,NA
81,Cyprus,2017,1393,NA,NA
81,Cyprus,2018,1566,NA,NA
81,Cyprus,2019,NA,NA,NA
81,Cyprus,2020,NA,NA,NA
81,Cyprus,2021,NA,NA,NA
81,Cyprus,2022,NA,NA,NA
82,Albania,1995,NA,NA,NA
82,Albania,1996,NA,NA,NA
82,Albania,1997,NA,NA,NA
82,Albania,1998,NA,NA,NA
82,Albania,1999,NA,NA,NA
82,Albania,2000,NA,NA,NA
82,Albania,2001,NA,NA,NA
82,Albania,2002,NA,NA,NA
82,Albania,2003,NA,NA,NA
82,Albania,2004,NA,NA,NA
82,Albania,2005,NA,NA,NA
82,Albania,2006,NA,NA,NA
82,Albania,2007,NA,NA,NA
82,Albania,2008,NA,NA,NA
82,Albania,2009,NA,NA,NA
82,Albania,2010,NA,NA,NA
82,Albania,2011,NA,NA,NA
82,Albania,2012,NA,NA,NA
82,Albania,2013,NA,NA,NA
82,Albania,2014,NA,NA,NA
82,Albania,2015,NA,NA,NA
82,Albania,2016,NA,NA,NA
82,Albania,2017,NA,NA,NA
82,Albania,2018,NA,NA,NA
82,Albania,2019,NA,NA,NA
82,Albania,2020,NA,NA,NA
82,Albania,2021,NA,NA,NA
82,Albania,2022,NA,NA,NA
84,Algeria,1995,NA,NA,NA
84,Algeria,1996,NA,NA,NA
84,Algeria,1997,NA,NA,NA
84,Algeria,1998,NA,NA,NA
84,Algeria,1999,NA,NA,NA
84,Algeria,2000,NA,NA,NA
84,Algeria,2001,NA,NA,NA
84,Algeria,2002,NA,NA,NA
84,Algeria,2003,NA,NA,NA
84,Algeria,2004,NA,NA,NA
84,Algeria,2005,NA,NA,NA
84,Algeria,2006,NA,NA,NA
84,Algeria,2007,NA,NA,NA
84,Algeria,2008,NA,NA,NA
84,Algeria,2009,NA,NA,NA
84,Algeria,2010,NA,NA,NA
84,Algeria,2011,NA,NA,NA
84,Algeria,2012,NA,NA,NA
84,Algeria,2013,NA,NA,NA
84,Algeria,2014,NA,NA,NA
84,Algeria,2015,NA,NA,NA
84,Algeria,2016,NA,NA,NA
84,Algeria,2017,NA,NA,NA
84,Algeria,2018,NA,NA,NA
84,Algeria,2019,NA,NA,NA
84,Algeria,2020,NA,NA,NA
84,Algeria,2021,NA,NA,NA
84,Algeria,2022,NA,NA,NA
96,Sierra Leone,1995,NA,NA,NA
96,Sierra Leone,1996,NA,NA,NA
96,Sierra Leone,1997,NA,NA,NA
96,Sierra Leone,1998,NA,NA,NA
96,Sierra Leone,1999,NA,NA,NA
96,Sierra Leone,2000,NA,NA,NA
96,Sierra Leone,2001,NA,NA,NA
96,Sierra Leone,2002,NA,NA,NA
96,Sierra Leone,2003,NA,NA,NA
96,Sierra Leone,2004,NA,NA,NA
96,Sierra Leone,2005,NA,NA,NA
96,Sierra Leone,2006,NA,NA,NA
96,Sierra Leone,2007,NA,NA,NA
96,Sierra Leone,2008,NA,NA,NA
96,Sierra Leone,2009,NA,NA,NA
96,Sierra Leone,2010,NA,NA,NA
96,Sierra Leone,2011,NA,NA,NA
96,Sierra Leone,2012,NA,NA,NA
96,Sierra Leone,2013,NA,NA,NA
96,Sierra Leone,2014,NA,NA,NA
96,Sierra Leone,2015,NA,NA,NA
96,Sierra Leone,2016,NA,NA,NA
96,Sierra Leone,2017,NA,NA,NA
96,Sierra Leone,2018,NA,NA,NA
96,Sierra Leone,2019,NA,NA,NA
96,Sierra Leone,2020,NA,NA,NA
96,Sierra Leone,2021,NA,NA,NA
96,Sierra Leone,2022,NA,NA,NA
97,Liberia,1995,NA,NA,NA
97,Liberia,1996,NA,NA,NA
97,Liberia,1997,NA,NA,NA
97,Liberia,1998,NA,NA,NA
97,Liberia,1999,NA,NA,NA
97,Liberia,2000,NA,NA,NA
97,Liberia,2001,NA,NA,NA
97,Liberia,2002,NA,NA,NA
97,Liberia,2003,NA,NA,NA
97,Liberia,2004,NA,NA,NA
97,Liberia,2005,NA,NA,NA
97,Liberia,2006,NA,NA,NA
97,Liberia,2007,NA,NA,NA
97,Liberia,2008,NA,NA,NA
97,Liberia,2009,NA,NA,NA
97,Liberia,2010,NA,NA,NA
97,Liberia,2011,NA,NA,NA
97,Liberia,2012,NA,NA,NA
97,Liberia,2013,NA,NA,NA
97,Liberia,2014,NA,NA,NA
97,Liberia,2015,NA,NA,NA
97,Liberia,2016,NA,NA,NA
97,Liberia,2017,NA,NA,NA
97,Liberia,2018,NA,NA,NA
97,Liberia,2019,NA,NA,NA
97,Liberia,2020,NA,NA,NA
97,Liberia,2021,NA,NA,NA
97,Liberia,2022,NA,NA,NA
98,Togo,1995,NA,NA,NA
98,Togo,1996,NA,NA,NA
98,Togo,1997,NA,NA,NA
98,Togo,1998,NA,NA,NA
98,Togo,1999,NA,NA,NA
98,Togo,2000,NA,NA,NA
98,Togo,2001,NA,NA,NA
98,Togo,2002,NA,NA,NA
98,Togo,2003,NA,NA,NA
98,Togo,2004,NA,NA,NA
98,Togo,2005,NA,NA,NA
98,Togo,2006,NA,NA,NA
98,Togo,2007,NA,NA,NA
98,Togo,2008,NA,NA,NA
98,Togo,2009,NA,NA,NA
98,Togo,2010,NA,NA,NA
98,Togo,2011,NA,NA,NA
98,Togo,2012,NA,NA,NA
98,Togo,2013,NA,NA,NA
98,Togo,2014,NA,NA,NA
98,Togo,2015,NA,NA,NA
98,Togo,2016,NA,NA,NA
98,Togo,2017,NA,NA,NA
98,Togo,2018,NA,NA,NA
98,Togo,2019,NA,NA,NA
98,Togo,2020,NA,NA,NA
98,Togo,2021,NA,NA,NA
98,Togo,2022,NA,NA,NA
99,Benin,1995,NA,NA,NA
99,Benin,1996,NA,NA,NA
99,Benin,1997,NA,NA,NA
99,Benin,1998,NA,NA,NA
99,Benin,1999,NA,NA,NA
99,Benin,2000,NA,NA,NA
99,Benin,2001,NA,NA,NA
99,Benin,2002,NA,NA,NA
99,Benin,2003,NA,NA,NA
99,Benin,2004,NA,NA,NA
99,Benin,2005,NA,NA,NA
99,Benin,2006,NA,NA,NA
99,Benin,2007,NA,NA,NA
99,Benin,2008,NA,NA,NA
99,Benin,2009,NA,NA,NA
99,Benin,2010,NA,NA,NA
99,Benin,2011,NA,NA,NA
99,Benin,2012,NA,NA,NA
99,Benin,2013,NA,NA,NA
99,Benin,2014,NA,NA,NA
99,Benin,2015,NA,NA,NA
99,Benin,2016,NA,NA,NA
99,Benin,2017,NA,NA,NA
99,Benin,2018,NA,NA,NA
99,Benin,2019,NA,NA,NA
99,Benin,2020,NA,NA,NA
99,Benin,2021,NA,NA,NA
99,Benin,2022,NA,NA,NA
100,Republique du Congo,1995,NA,NA,NA
100,Republique du Congo,1996,NA,NA,NA
100,Republique du Congo,1997,NA,NA,NA
100,Republique du Congo,1998,NA,NA,NA
100,Republique du Congo,1999,NA,NA,NA
100,Republique du Congo,2000,NA,NA,NA
100,Republique du Congo,2001,NA,NA,NA
100,Republique du Congo,2002,NA,NA,NA
100,Republique du Congo,2003,NA,NA,NA
100,Republique du Congo,2004,NA,NA,NA
100,Republique du Congo,2005,NA,NA,NA
100,Republique du Congo,2006,NA,NA,NA
100,Republique du Congo,2007,NA,NA,NA
100,Republique du Congo,2008,NA,NA,NA
100,Republique du Congo,2009,NA,NA,NA
100,Republique du Congo,2010,NA,NA,NA
100,Republique du Congo,2011,NA,NA,NA
100,Republique du Congo,2012,NA,NA,NA
100,Republique du Congo,2013,NA,NA,NA
100,Republique du Congo,2014,NA,NA,NA
100,Republique du Congo,2015,NA,NA,NA
100,Republique du Congo,2016,NA,NA,NA
100,Republique du Congo,2017,NA,NA,NA
100,Republique du Congo,2018,NA,NA,NA
100,Republique du Congo,2019,NA,NA,NA
100,Republique du Congo,2020,NA,NA,NA
100,Republique du Congo,2021,NA,NA,NA
100,Republique du Congo,2022,NA,NA,NA
101,Namibia,1995,NA,NA,NA
101,Namibia,1996,NA,NA,NA
101,Namibia,1997,NA,NA,NA
101,Namibia,1998,NA,NA,NA
101,Namibia,1999,NA,NA,NA
101,Namibia,2000,NA,NA,NA
101,Namibia,2001,NA,NA,NA
101,Namibia,2002,NA,NA,NA
101,Namibia,2003,NA,NA,NA
101,Namibia,2004,NA,NA,NA
101,Namibia,2005,NA,NA,NA
101,Namibia,2006,NA,NA,NA
101,Namibia,2007,NA,NA,NA
101,Namibia,2008,NA,NA,NA
101,Namibia,2009,NA,NA,NA
101,Namibia,2010,NA,NA,NA
101,Namibia,2011,NA,NA,NA
101,Namibia,2012,NA,NA,NA
101,Namibia,2013,NA,NA,NA
101,Namibia,2014,NA,NA,NA
101,Namibia,2015,3740,2050,5790
101,Namibia,2016,NA,NA,NA
101,Namibia,2017,NA,NA,NA
101,Namibia,2018,NA,NA,NA
101,Namibia,2019,NA,NA,NA
101,Namibia,2020,NA,NA,NA
101,Namibia,2021,NA,NA,NA
101,Namibia,2022,NA,NA,NA
102,South Africa,1995,NA,NA,NA
102,South Africa,1996,NA,NA,NA
102,South Africa,1997,NA,NA,NA
102,South Africa,1998,NA,NA,NA
102,South Africa,1999,NA,NA,NA
102,South Africa,2000,NA,NA,NA
102,South Africa,2001,NA,NA,NA
102,South Africa,2002,NA,NA,NA
102,South Africa,2003,NA,NA,NA
102,South Africa,2004,NA,NA,NA
102,South Africa,2005,NA,NA,NA
102,South Africa,2006,NA,NA,NA
102,South Africa,2007,35974,115237,151211
102,South Africa,2008,32860,137918,170778
102,South Africa,2009,30292,137935,168227
102,South Africa,2010,29128,142750,171878
102,South Africa,2011,26404,146333,172737
102,South Africa,2012,25438,156754,182192
102,South Africa,2013,25200,253500,278700
102,South Africa,2014,28000,245900,273900
102,South Africa,2015,24500,224500,249000
102,South Africa,2016,24300,125200,149500
102,South Africa,2017,17200,135000,152000
102,South Africa,2018,17600,115000,132600
102,South Africa,2019,28500,236500,265000
102,South Africa,2020,17000,108040,125040
102,South Africa,2021,14800,68760,83560
102,South Africa,2022,34000,176365,210365
103,Sao Tome and Principe,1995,NA,NA,NA
103,Sao Tome and Principe,1996,NA,NA,NA
103,Sao Tome and Principe,1997,NA,NA,NA
103,Sao Tome and Principe,1998,NA,NA,NA
103,Sao Tome and Principe,1999,NA,NA,NA
103,Sao Tome and Principe,2000,NA,NA,NA
103,Sao Tome and Principe,2001,NA,NA,NA
103,Sao Tome and Principe,2002,NA,NA,NA
103,Sao Tome and Principe,2003,NA,NA,NA
103,Sao Tome and Principe,2004,NA,NA,NA
103,Sao Tome and Principe,2005,NA,NA,NA
103,Sao Tome and Principe,2006,NA,NA,NA
103,Sao Tome and Principe,2007,NA,NA,NA
103,Sao Tome and Principe,2008,NA,NA,NA
103,Sao Tome and Principe,2009,NA,NA,NA
103,Sao Tome and Principe,2010,NA,NA,NA
103,Sao Tome and Principe,2011,NA,NA,NA
103,Sao Tome and Principe,2012,NA,NA,NA
103,Sao Tome and Principe,2013,NA,NA,NA
103,Sao Tome and Principe,2014,NA,NA,NA
103,Sao Tome and Principe,2015,NA,NA,NA
103,Sao Tome and Principe,2016,NA,NA,NA
103,Sao Tome and Principe,2017,NA,NA,NA
103,Sao Tome and Principe,2018,NA,NA,NA
103,Sao Tome and Principe,2019,NA,NA,NA
103,Sao Tome and Principe,2020,NA,NA,NA
103,Sao Tome and Principe,2021,NA,NA,NA
103,Sao Tome and Principe,2022,NA,NA,NA
104,Equatorial Guinea,1995,NA,NA,NA
104,Equatorial Guinea,1996,NA,NA,NA
104,Equatorial Guinea,1997,NA,NA,NA
104,Equatorial Guinea,1998,NA,NA,NA
104,Equatorial Guinea,1999,NA,NA,NA
104,Equatorial Guinea,2000,NA,NA,NA
104,Equatorial Guinea,2001,NA,NA,NA
104,Equatorial Guinea,2002,NA,NA,NA
104,Equatorial Guinea,2003,NA,NA,NA
104,Equatorial Guinea,2004,NA,NA,NA
104,Equatorial Guinea,2005,NA,NA,NA
104,Equatorial Guinea,2006,NA,NA,NA
104,Equatorial Guinea,2007,NA,NA,NA
104,Equatorial Guinea,2008,NA,NA,NA
104,Equatorial Guinea,2009,NA,NA,NA
104,Equatorial Guinea,2010,NA,NA,NA
104,Equatorial Guinea,2011,NA,NA,NA
104,Equatorial Guinea,2012,NA,NA,NA
104,Equatorial Guinea,2013,NA,NA,NA
104,Equatorial Guinea,2014,NA,NA,NA
104,Equatorial Guinea,2015,NA,NA,NA
104,Equatorial Guinea,2016,NA,NA,NA
104,Equatorial Guinea,2017,NA,NA,NA
104,Equatorial Guinea,2018,NA,NA,NA
104,Equatorial Guinea,2019,NA,NA,NA
104,Equatorial Guinea,2020,NA,NA,NA
104,Equatorial Guinea,2021,NA,NA,NA
104,Equatorial Guinea,2022,NA,NA,NA
106,Ghana,1995,NA,NA,NA
106,Ghana,1996,NA,NA,NA
106,Ghana,1997,NA,NA,NA
106,Ghana,1998,NA,NA,NA
106,Ghana,1999,NA,NA,NA
106,Ghana,2000,NA,NA,NA
106,Ghana,2001,NA,NA,NA
106,Ghana,2002,NA,NA,NA
106,Ghana,2003,NA,NA,NA
106,Ghana,2004,NA,NA,NA
106,Ghana,2005,NA,NA,NA
106,Ghana,2006,NA,NA,NA
106,Ghana,2007,NA,NA,NA
106,Ghana,2008,NA,NA,NA
106,Ghana,2009,NA,NA,NA
106,Ghana,2010,NA,NA,NA
106,Ghana,2011,NA,NA,NA
106,Ghana,2012,NA,NA,NA
106,Ghana,2013,NA,NA,NA
106,Ghana,2014,NA,NA,NA
106,Ghana,2015,NA,NA,540
106,Ghana,2016,NA,NA,558
106,Ghana,2017,NA,NA,504
106,Ghana,2018,NA,NA,635
106,Ghana,2019,NA,NA,669
106,Ghana,2020,NA,NA,211
106,Ghana,2021,NA,NA,589
106,Ghana,2022,NA,NA,NA
108,Bermuda,1995,NA,NA,NA
108,Bermuda,1996,NA,NA,NA
108,Bermuda,1997,NA,NA,NA
108,Bermuda,1998,NA,NA,NA
108,Bermuda,1999,NA,NA,NA
108,Bermuda,2000,NA,NA,NA
108,Bermuda,2001,NA,NA,NA
108,Bermuda,2002,NA,NA,NA
108,Bermuda,2003,NA,NA,NA
108,Bermuda,2004,NA,NA,NA
108,Bermuda,2005,NA,NA,NA
108,Bermuda,2006,NA,NA,NA
108,Bermuda,2007,NA,NA,NA
108,Bermuda,2008,NA,NA,NA
108,Bermuda,2009,NA,NA,NA
108,Bermuda,2010,NA,NA,NA
108,Bermuda,2011,NA,NA,NA
108,Bermuda,2012,NA,NA,NA
108,Bermuda,2013,NA,NA,NA
108,Bermuda,2014,NA,NA,NA
108,Bermuda,2015,NA,NA,NA
108,Bermuda,2016,NA,NA,NA
108,Bermuda,2017,NA,NA,NA
108,Bermuda,2018,NA,NA,NA
108,Bermuda,2019,NA,NA,NA
108,Bermuda,2020,NA,NA,NA
108,Bermuda,2021,NA,NA,NA
108,Bermuda,2022,NA,NA,NA
110,Bahamas,1995,NA,NA,NA
110,Bahamas,1996,NA,NA,NA
110,Bahamas,1997,NA,NA,NA
110,Bahamas,1998,NA,NA,NA
110,Bahamas,1999,NA,NA,NA
110,Bahamas,2000,NA,NA,NA
110,Bahamas,2001,NA,NA,NA
110,Bahamas,2002,NA,NA,NA
110,Bahamas,2003,NA,NA,NA
110,Bahamas,2004,NA,NA,NA
110,Bahamas,2005,NA,NA,NA
110,Bahamas,2006,NA,NA,NA
110,Bahamas,2007,NA,NA,NA
110,Bahamas,2008,NA,NA,NA
110,Bahamas,2009,NA,NA,NA
110,Bahamas,2010,NA,NA,NA
110,Bahamas,2011,NA,NA,NA
110,Bahamas,2012,NA,NA,NA
110,Bahamas,2013,NA,NA,NA
110,Bahamas,2014,NA,NA,NA
110,Bahamas,2015,NA,NA,NA
110,Bahamas,2016,NA,NA,NA
110,Bahamas,2017,NA,NA,NA
110,Bahamas,2018,NA,NA,NA
110,Bahamas,2019,NA,NA,NA
110,Bahamas,2020,NA,NA,NA
110,Bahamas,2021,NA,NA,NA
110,Bahamas,2022,NA,NA,NA
111,Turks and Caicos Islands,1995,NA,NA,NA
111,Turks and Caicos Islands,1996,NA,NA,NA
111,Turks and Caicos Islands,1997,NA,NA,NA
111,Turks and Caicos Islands,1998,NA,NA,NA
111,Turks and Caicos Islands,1999,NA,NA,NA
111,Turks and Caicos Islands,2000,NA,NA,NA
111,Turks and Caicos Islands,2001,NA,NA,NA
111,Turks and Caicos Islands,2002,NA,NA,NA
111,Turks and Caicos Islands,2003,NA,NA,NA
111,Turks and Caicos Islands,2004,NA,NA,NA
111,Turks and Caicos Islands,2005,NA,NA,NA
111,Turks and Caicos Islands,2006,NA,NA,NA
111,Turks and Caicos Islands,2007,NA,NA,NA
111,Turks and Caicos Islands,2008,NA,NA,NA
111,Turks and Caicos Islands,2009,NA,NA,NA
111,Turks and Caicos Islands,2010,NA,NA,NA
111,Turks and Caicos Islands,2011,NA,NA,NA
111,Turks and Caicos Islands,2012,NA,NA,NA
111,Turks and Caicos Islands,2013,NA,NA,NA
111,Turks and Caicos Islands,2014,NA,NA,NA
111,Turks and Caicos Islands,2015,NA,NA,NA
111,Turks and Caicos Islands,2016,NA,NA,NA
111,Turks and Caicos Islands,2017,NA,NA,NA
111,Turks and Caicos Islands,2018,NA,NA,NA
111,Turks and Caicos Islands,2019,NA,NA,NA
111,Turks and Caicos Islands,2020,NA,NA,NA
111,Turks and Caicos Islands,2021,NA,NA,NA
111,Turks and Caicos Islands,2022,NA,NA,NA
112,Cuba,1995,NA,NA,NA
112,Cuba,1996,NA,NA,NA
112,Cuba,1997,NA,NA,NA
112,Cuba,1998,NA,NA,NA
112,Cuba,1999,NA,NA,NA
112,Cuba,2000,NA,NA,NA
112,Cuba,2001,NA,NA,NA
112,Cuba,2002,NA,NA,NA
112,Cuba,2003,NA,NA,NA
112,Cuba,2004,NA,NA,NA
112,Cuba,2005,NA,NA,NA
112,Cuba,2006,NA,NA,NA
112,Cuba,2007,NA,NA,NA
112,Cuba,2008,NA,NA,NA
112,Cuba,2009,NA,NA,NA
112,Cuba,2010,NA,NA,NA
112,Cuba,2011,NA,NA,NA
112,Cuba,2012,NA,NA,NA
112,Cuba,2013,NA,NA,NA
112,Cuba,2014,NA,NA,NA
112,Cuba,2015,NA,NA,NA
112,Cuba,2016,NA,NA,NA
112,Cuba,2017,NA,NA,NA
112,Cuba,2018,NA,NA,NA
112,Cuba,2019,NA,NA,NA
112,Cuba,2020,NA,NA,NA
112,Cuba,2021,NA,NA,NA
112,Cuba,2022,NA,NA,NA
113,Cayman Islands,1995,NA,NA,NA
113,Cayman Islands,1996,NA,NA,NA
113,Cayman Islands,1997,NA,NA,NA
113,Cayman Islands,1998,NA,NA,NA
113,Cayman Islands,1999,NA,NA,NA
113,Cayman Islands,2000,NA,NA,NA
113,Cayman Islands,2001,NA,NA,NA
113,Cayman Islands,2002,NA,NA,NA
113,Cayman Islands,2003,NA,NA,NA
113,Cayman Islands,2004,NA,NA,NA
113,Cayman Islands,2005,NA,NA,NA
113,Cayman Islands,2006,NA,NA,NA
113,Cayman Islands,2007,NA,NA,NA
113,Cayman Islands,2008,NA,NA,NA
113,Cayman Islands,2009,NA,NA,NA
113,Cayman Islands,2010,NA,NA,NA
113,Cayman Islands,2011,NA,NA,NA
113,Cayman Islands,2012,NA,NA,NA
113,Cayman Islands,2013,NA,NA,NA
113,Cayman Islands,2014,NA,NA,NA
113,Cayman Islands,2015,NA,NA,NA
113,Cayman Islands,2016,NA,NA,NA
113,Cayman Islands,2017,NA,NA,NA
113,Cayman Islands,2018,NA,NA,NA
113,Cayman Islands,2019,NA,NA,NA
113,Cayman Islands,2020,NA,NA,NA
113,Cayman Islands,2021,NA,NA,NA
113,Cayman Islands,2022,NA,NA,NA
114,Haiti,1995,NA,NA,NA
114,Haiti,1996,NA,NA,NA
114,Haiti,1997,NA,NA,NA
114,Haiti,1998,NA,NA,NA
114,Haiti,1999,NA,NA,NA
114,Haiti,2000,NA,NA,NA
114,Haiti,2001,NA,NA,NA
114,Haiti,2002,NA,NA,NA
114,Haiti,2003,NA,NA,NA
114,Haiti,2004,NA,NA,NA
114,Haiti,2005,NA,NA,NA
114,Haiti,2006,NA,NA,NA
114,Haiti,2007,NA,NA,NA
114,Haiti,2008,NA,NA,NA
114,Haiti,2009,NA,NA,NA
114,Haiti,2010,NA,NA,NA
114,Haiti,2011,NA,NA,NA
114,Haiti,2012,NA,NA,NA
114,Haiti,2013,NA,NA,NA
114,Haiti,2014,NA,NA,NA
114,Haiti,2015,NA,NA,NA
114,Haiti,2016,NA,NA,NA
114,Haiti,2017,NA,NA,NA
114,Haiti,2018,NA,NA,NA
114,Haiti,2019,NA,NA,NA
114,Haiti,2020,NA,NA,NA
114,Haiti,2021,NA,NA,NA
114,Haiti,2022,NA,NA,NA
115,Dominican Republic,1995,NA,NA,NA
115,Dominican Republic,1996,NA,NA,NA
115,Dominican Republic,1997,NA,NA,NA
115,Dominican Republic,1998,NA,NA,NA
115,Dominican Republic,1999,NA,NA,NA
115,Dominican Republic,2000,NA,NA,NA
115,Dominican Republic,2001,NA,NA,NA
115,Dominican Republic,2002,NA,NA,NA
115,Dominican Republic,2003,NA,NA,NA
115,Dominican Republic,2004,NA,NA,NA
115,Dominican Republic,2005,NA,NA,NA
115,Dominican Republic,2006,NA,NA,NA
115,Dominican Republic,2007,NA,NA,NA
115,Dominican Republic,2008,NA,NA,NA
115,Dominican Republic,2009,NA,NA,NA
115,Dominican Republic,2010,NA,NA,NA
115,Dominican Republic,2011,NA,NA,NA
115,Dominican Republic,2012,NA,NA,NA
115,Dominican Republic,2013,NA,NA,NA
115,Dominican Republic,2014,NA,NA,NA
115,Dominican Republic,2015,NA,NA,NA
115,Dominican Republic,2016,NA,NA,NA
115,Dominican Republic,2017,NA,NA,NA
115,Dominican Republic,2018,NA,NA,NA
115,Dominican Republic,2019,NA,NA,NA
115,Dominican Republic,2020,NA,NA,NA
115,Dominican Republic,2021,NA,NA,NA
115,Dominican Republic,2022,NA,NA,NA
117,British Virgin Islands,1995,NA,NA,NA
117,British Virgin Islands,1996,NA,NA,NA
117,British Virgin Islands,1997,NA,NA,NA
117,British Virgin Islands,1998,NA,NA,NA
117,British Virgin Islands,1999,NA,NA,NA
117,British Virgin Islands,2000,NA,NA,NA
117,British Virgin Islands,2001,NA,NA,NA
117,British Virgin Islands,2002,NA,NA,NA
117,British Virgin Islands,2003,NA,NA,NA
117,British Virgin Islands,2004,NA,NA,NA
117,British Virgin Islands,2005,NA,NA,NA
117,British Virgin Islands,2006,NA,NA,NA
117,British Virgin Islands,2007,NA,NA,NA
117,British Virgin Islands,2008,NA,NA,NA
117,British Virgin Islands,2009,NA,NA,NA
117,British Virgin Islands,2010,NA,NA,NA
117,British Virgin Islands,2011,NA,NA,NA
117,British Virgin Islands,2012,NA,NA,NA
117,British Virgin Islands,2013,NA,NA,NA
117,British Virgin Islands,2014,NA,NA,NA
117,British Virgin Islands,2015,NA,NA,NA
117,British Virgin Islands,2016,NA,NA,NA
117,British Virgin Islands,2017,NA,NA,NA
117,British Virgin Islands,2018,NA,NA,NA
117,British Virgin Islands,2019,NA,NA,NA
117,British Virgin Islands,2020,NA,NA,NA
117,British Virgin Islands,2021,NA,NA,NA
117,British Virgin Islands,2022,NA,NA,NA
118,Anguilla,1995,NA,NA,NA
118,Anguilla,1996,NA,NA,NA
118,Anguilla,1997,NA,NA,NA
118,Anguilla,1998,NA,NA,NA
118,Anguilla,1999,NA,NA,NA
118,Anguilla,2000,NA,NA,NA
118,Anguilla,2001,NA,NA,NA
118,Anguilla,2002,NA,NA,NA
118,Anguilla,2003,NA,NA,NA
118,Anguilla,2004,NA,NA,NA
118,Anguilla,2005,NA,NA,NA
118,Anguilla,2006,NA,NA,NA
118,Anguilla,2007,NA,NA,NA
118,Anguilla,2008,NA,NA,NA
118,Anguilla,2009,NA,NA,NA
118,Anguilla,2010,NA,NA,NA
118,Anguilla,2011,NA,NA,NA
118,Anguilla,2012,NA,NA,NA
118,Anguilla,2013,NA,NA,NA
118,Anguilla,2014,NA,NA,NA
118,Anguilla,2015,NA,NA,NA
118,Anguilla,2016,NA,NA,NA
118,Anguilla,2017,NA,NA,NA
118,Anguilla,2018,NA,NA,NA
118,Anguilla,2019,NA,NA,NA
118,Anguilla,2020,NA,NA,NA
118,Anguilla,2021,NA,NA,NA
118,Anguilla,2022,NA,NA,NA
119,Saint Kitts and Nevis,1995,NA,NA,NA
119,Saint Kitts and Nevis,1996,NA,NA,NA
119,Saint Kitts and Nevis,1997,NA,NA,NA
119,Saint Kitts and Nevis,1998,NA,NA,NA
119,Saint Kitts and Nevis,1999,NA,NA,NA
119,Saint Kitts and Nevis,2000,NA,NA,NA
119,Saint Kitts and Nevis,2001,NA,NA,NA
119,Saint Kitts and Nevis,2002,NA,NA,NA
119,Saint Kitts and Nevis,2003,NA,NA,NA
119,Saint Kitts and Nevis,2004,NA,NA,NA
119,Saint Kitts and Nevis,2005,NA,NA,NA
119,Saint Kitts and Nevis,2006,NA,NA,NA
119,Saint Kitts and Nevis,2007,NA,NA,NA
119,Saint Kitts and Nevis,2008,NA,NA,NA
119,Saint Kitts and Nevis,2009,NA,NA,NA
119,Saint Kitts and Nevis,2010,NA,NA,NA
119,Saint Kitts and Nevis,2011,NA,NA,NA
119,Saint Kitts and Nevis,2012,NA,NA,NA
119,Saint Kitts and Nevis,2013,NA,NA,NA
119,Saint Kitts and Nevis,2014,NA,NA,NA
119,Saint Kitts and Nevis,2015,NA,NA,NA
119,Saint Kitts and Nevis,2016,NA,NA,NA
119,Saint Kitts and Nevis,2017,NA,NA,NA
119,Saint Kitts and Nevis,2018,NA,NA,NA
119,Saint Kitts and Nevis,2019,NA,NA,NA
119,Saint Kitts and Nevis,2020,NA,NA,NA
119,Saint Kitts and Nevis,2021,NA,NA,NA
119,Saint Kitts and Nevis,2022,NA,NA,NA
120,Antigua and Barbuda,1995,NA,NA,NA
120,Antigua and Barbuda,1996,NA,NA,NA
120,Antigua and Barbuda,1997,NA,NA,NA
120,Antigua and Barbuda,1998,NA,NA,NA
120,Antigua and Barbuda,1999,NA,NA,NA
120,Antigua and Barbuda,2000,NA,NA,NA
120,Antigua and Barbuda,2001,NA,NA,NA
120,Antigua and Barbuda,2002,NA,NA,NA
120,Antigua and Barbuda,2003,NA,NA,NA
120,Antigua and Barbuda,2004,NA,NA,NA
120,Antigua and Barbuda,2005,NA,NA,NA
120,Antigua and Barbuda,2006,NA,NA,NA
120,Antigua and Barbuda,2007,NA,NA,NA
120,Antigua and Barbuda,2008,NA,NA,NA
120,Antigua and Barbuda,2009,NA,NA,NA
120,Antigua and Barbuda,2010,NA,NA,NA
120,Antigua and Barbuda,2011,NA,NA,NA
120,Antigua and Barbuda,2012,NA,NA,NA
120,Antigua and Barbuda,2013,NA,NA,NA
120,Antigua and Barbuda,2014,NA,NA,NA
120,Antigua and Barbuda,2015,NA,NA,NA
120,Antigua and Barbuda,2016,NA,NA,NA
120,Antigua and Barbuda,2017,NA,NA,NA
120,Antigua and Barbuda,2018,NA,NA,NA
120,Antigua and Barbuda,2019,NA,NA,NA
120,Antigua and Barbuda,2020,NA,NA,NA
120,Antigua and Barbuda,2021,NA,NA,NA
120,Antigua and Barbuda,2022,NA,NA,NA
121,Montserrat,1995,NA,NA,NA
121,Montserrat,1996,NA,NA,NA
121,Montserrat,1997,NA,NA,NA
121,Montserrat,1998,NA,NA,NA
121,Montserrat,1999,NA,NA,NA
121,Montserrat,2000,NA,NA,NA
121,Montserrat,2001,NA,NA,NA
121,Montserrat,2002,NA,NA,NA
121,Montserrat,2003,NA,NA,NA
121,Montserrat,2004,NA,NA,NA
121,Montserrat,2005,NA,NA,NA
121,Montserrat,2006,NA,NA,NA
121,Montserrat,2007,NA,NA,NA
121,Montserrat,2008,NA,NA,NA
121,Montserrat,2009,NA,NA,NA
121,Montserrat,2010,NA,NA,NA
121,Montserrat,2011,NA,NA,NA
121,Montserrat,2012,NA,NA,NA
121,Montserrat,2013,NA,NA,NA
121,Montserrat,2014,NA,NA,NA
121,Montserrat,2015,NA,NA,NA
121,Montserrat,2016,NA,NA,NA
121,Montserrat,2017,NA,NA,NA
121,Montserrat,2018,NA,NA,NA
121,Montserrat,2019,NA,NA,NA
121,Montserrat,2020,NA,NA,NA
121,Montserrat,2021,NA,NA,NA
121,Montserrat,2022,NA,NA,NA
122,Saint Lucia,1995,NA,NA,NA
122,Saint Lucia,1996,NA,NA,NA
122,Saint Lucia,1997,NA,NA,NA
122,Saint Lucia,1998,NA,NA,NA
122,Saint Lucia,1999,NA,NA,NA
122,Saint Lucia,2000,NA,NA,NA
122,Saint Lucia,2001,NA,NA,NA
122,Saint Lucia,2002,NA,NA,NA
122,Saint Lucia,2003,NA,NA,NA
122,Saint Lucia,2004,NA,NA,NA
122,Saint Lucia,2005,NA,NA,NA
122,Saint Lucia,2006,NA,NA,NA
122,Saint Lucia,2007,NA,NA,NA
122,Saint Lucia,2008,NA,NA,NA
122,Saint Lucia,2009,NA,NA,NA
122,Saint Lucia,2010,NA,NA,NA
122,Saint Lucia,2011,NA,NA,NA
122,Saint Lucia,2012,NA,NA,NA
122,Saint Lucia,2013,NA,NA,NA
122,Saint Lucia,2014,NA,NA,NA
122,Saint Lucia,2015,NA,NA,NA
122,Saint Lucia,2016,NA,NA,NA
122,Saint Lucia,2017,NA,NA,NA
122,Saint Lucia,2018,NA,NA,NA
122,Saint Lucia,2019,NA,NA,NA
122,Saint Lucia,2020,NA,NA,NA
122,Saint Lucia,2021,NA,NA,NA
122,Saint Lucia,2022,NA,NA,NA
123,Dominica,1995,NA,NA,NA
123,Dominica,1996,NA,NA,NA
123,Dominica,1997,NA,NA,NA
123,Dominica,1998,NA,NA,NA
123,Dominica,1999,NA,NA,NA
123,Dominica,2000,NA,NA,NA
123,Dominica,2001,NA,NA,NA
123,Dominica,2002,NA,NA,NA
123,Dominica,2003,NA,NA,NA
123,Dominica,2004,NA,NA,NA
123,Dominica,2005,NA,NA,NA
123,Dominica,2006,NA,NA,NA
123,Dominica,2007,NA,NA,NA
123,Dominica,2008,NA,NA,NA
123,Dominica,2009,NA,NA,NA
123,Dominica,2010,NA,NA,NA
123,Dominica,2011,NA,NA,NA
123,Dominica,2012,NA,NA,NA
123,Dominica,2013,NA,NA,NA
123,Dominica,2014,NA,NA,NA
123,Dominica,2015,NA,NA,NA
123,Dominica,2016,NA,NA,NA
123,Dominica,2017,NA,NA,NA
123,Dominica,2018,NA,NA,NA
123,Dominica,2019,NA,NA,NA
123,Dominica,2020,NA,NA,NA
123,Dominica,2021,NA,NA,NA
123,Dominica,2022,NA,NA,NA
124,Barbados,1995,NA,NA,NA
124,Barbados,1996,NA,NA,NA
124,Barbados,1997,NA,NA,NA
124,Barbados,1998,NA,NA,NA
124,Barbados,1999,NA,NA,NA
124,Barbados,2000,NA,NA,NA
124,Barbados,2001,NA,NA,NA
124,Barbados,2002,NA,NA,NA
124,Barbados,2003,NA,NA,NA
124,Barbados,2004,NA,NA,NA
124,Barbados,2005,NA,NA,NA
124,Barbados,2006,NA,NA,NA
124,Barbados,2007,NA,NA,NA
124,Barbados,2008,NA,NA,NA
124,Barbados,2009,NA,NA,NA
124,Barbados,2010,NA,NA,NA
124,Barbados,2011,NA,NA,NA
124,Barbados,2012,NA,NA,NA
124,Barbados,2013,NA,NA,NA
124,Barbados,2014,NA,NA,NA
124,Barbados,2015,NA,NA,NA
124,Barbados,2016,NA,NA,NA
124,Barbados,2017,NA,NA,NA
124,Barbados,2018,NA,NA,NA
124,Barbados,2019,NA,NA,NA
124,Barbados,2020,NA,NA,NA
124,Barbados,2021,NA,NA,NA
124,Barbados,2022,NA,NA,NA
125,Grenada,1995,NA,NA,NA
125,Grenada,1996,NA,NA,NA
125,Grenada,1997,NA,NA,NA
125,Grenada,1998,NA,NA,NA
125,Grenada,1999,NA,NA,NA
125,Grenada,2000,NA,NA,NA
125,Grenada,2001,NA,NA,NA
125,Grenada,2002,NA,NA,NA
125,Grenada,2003,NA,NA,NA
125,Grenada,2004,NA,NA,NA
125,Grenada,2005,NA,NA,NA
125,Grenada,2006,NA,NA,NA
125,Grenada,2007,NA,NA,NA
125,Grenada,2008,NA,NA,NA
125,Grenada,2009,NA,NA,NA
125,Grenada,2010,NA,NA,NA
125,Grenada,2011,NA,NA,NA
125,Grenada,2012,NA,NA,NA
125,Grenada,2013,NA,NA,NA
125,Grenada,2014,NA,NA,NA
125,Grenada,2015,NA,NA,NA
125,Grenada,2016,NA,NA,NA
125,Grenada,2017,NA,NA,NA
125,Grenada,2018,NA,NA,NA
125,Grenada,2019,NA,NA,NA
125,Grenada,2020,NA,NA,NA
125,Grenada,2021,NA,NA,NA
125,Grenada,2022,NA,NA,NA
126,Trinidad and Tobago,1995,NA,NA,NA
126,Trinidad and Tobago,1996,NA,NA,NA
126,Trinidad and Tobago,1997,NA,NA,NA
126,Trinidad and Tobago,1998,NA,NA,NA
126,Trinidad and Tobago,1999,NA,NA,NA
126,Trinidad and Tobago,2000,NA,NA,NA
126,Trinidad and Tobago,2001,NA,NA,NA
126,Trinidad and Tobago,2002,NA,NA,NA
126,Trinidad and Tobago,2003,NA,NA,NA
126,Trinidad and Tobago,2004,NA,NA,NA
126,Trinidad and Tobago,2005,NA,NA,NA
126,Trinidad and Tobago,2006,NA,NA,NA
126,Trinidad and Tobago,2007,NA,NA,NA
126,Trinidad and Tobago,2008,NA,NA,NA
126,Trinidad and Tobago,2009,596,NA,NA
126,Trinidad and Tobago,2010,716,NA,NA
126,Trinidad and Tobago,2011,546,NA,NA
126,Trinidad and Tobago,2012,NA,NA,NA
126,Trinidad and Tobago,2013,627,NA,1891
126,Trinidad and Tobago,2014,NA,NA,1858
126,Trinidad and Tobago,2015,NA,NA,1861
126,Trinidad and Tobago,2016,NA,NA,1790
126,Trinidad and Tobago,2017,NA,NA,1468
126,Trinidad and Tobago,2018,NA,NA,1296
126,Trinidad and Tobago,2019,NA,NA,1530
126,Trinidad and Tobago,2020,NA,NA,808
126,Trinidad and Tobago,2021,NA,NA,830
126,Trinidad and Tobago,2022,NA,NA,1337
127,Saint Vincent and the Grenadines,1995,NA,NA,NA
127,Saint Vincent and the Grenadines,1996,NA,NA,NA
127,Saint Vincent and the Grenadines,1997,NA,NA,NA
127,Saint Vincent and the Grenadines,1998,NA,NA,NA
127,Saint Vincent and the Grenadines,1999,NA,NA,NA
127,Saint Vincent and the Grenadines,2000,NA,NA,NA
127,Saint Vincent and the Grenadines,2001,NA,NA,NA
127,Saint Vincent and the Grenadines,2002,NA,NA,NA
127,Saint Vincent and the Grenadines,2003,NA,NA,NA
127,Saint Vincent and the Grenadines,2004,NA,NA,NA
127,Saint Vincent and the Grenadines,2005,NA,NA,NA
127,Saint Vincent and the Grenadines,2006,NA,NA,NA
127,Saint Vincent and the Grenadines,2007,NA,NA,NA
127,Saint Vincent and the Grenadines,2008,NA,NA,NA
127,Saint Vincent and the Grenadines,2009,NA,NA,NA
127,Saint Vincent and the Grenadines,2010,NA,NA,NA
127,Saint Vincent and the Grenadines,2011,NA,NA,NA
127,Saint Vincent and the Grenadines,2012,NA,NA,NA
127,Saint Vincent and the Grenadines,2013,NA,NA,NA
127,Saint Vincent and the Grenadines,2014,NA,NA,NA
127,Saint Vincent and the Grenadines,2015,NA,NA,NA
127,Saint Vincent and the Grenadines,2016,NA,NA,NA
127,Saint Vincent and the Grenadines,2017,NA,NA,NA
127,Saint Vincent and the Grenadines,2018,NA,NA,NA
127,Saint Vincent and the Grenadines,2019,NA,NA,NA
127,Saint Vincent and the Grenadines,2020,NA,NA,NA
127,Saint Vincent and the Grenadines,2021,NA,NA,NA
127,Saint Vincent and the Grenadines,2022,NA,NA,NA
129,Panama,1995,NA,NA,NA
129,Panama,1996,NA,NA,NA
129,Panama,1997,NA,NA,NA
129,Panama,1998,NA,NA,NA
129,Panama,1999,NA,NA,NA
129,Panama,2000,NA,NA,NA
129,Panama,2001,NA,NA,NA
129,Panama,2002,NA,NA,NA
129,Panama,2003,NA,NA,NA
129,Panama,2004,NA,NA,NA
129,Panama,2005,NA,NA,NA
129,Panama,2006,NA,NA,NA
129,Panama,2007,NA,NA,NA
129,Panama,2008,NA,NA,NA
129,Panama,2009,NA,NA,NA
129,Panama,2010,NA,NA,NA
129,Panama,2011,NA,NA,NA
129,Panama,2012,NA,NA,NA
129,Panama,2013,NA,NA,NA
129,Panama,2014,NA,NA,NA
129,Panama,2015,NA,NA,NA
129,Panama,2016,NA,NA,NA
129,Panama,2017,NA,NA,NA
129,Panama,2018,NA,NA,NA
129,Panama,2019,NA,NA,NA
129,Panama,2020,NA,NA,NA
129,Panama,2021,NA,NA,NA
129,Panama,2022,NA,NA,NA
130,Costa Rica,1995,NA,NA,NA
130,Costa Rica,1996,NA,NA,NA
130,Costa Rica,1997,NA,NA,NA
130,Costa Rica,1998,NA,NA,NA
130,Costa Rica,1999,NA,NA,NA
130,Costa Rica,2000,NA,NA,NA
130,Costa Rica,2001,NA,NA,NA
130,Costa Rica,2002,NA,NA,NA
130,Costa Rica,2003,NA,NA,NA
130,Costa Rica,2004,NA,NA,NA
130,Costa Rica,2005,NA,NA,NA
130,Costa Rica,2006,NA,NA,NA
130,Costa Rica,2007,NA,NA,NA
130,Costa Rica,2008,NA,NA,NA
130,Costa Rica,2009,NA,NA,NA
130,Costa Rica,2010,NA,NA,NA
130,Costa Rica,2011,NA,NA,NA
130,Costa Rica,2012,NA,NA,NA
130,Costa Rica,2013,NA,NA,NA
130,Costa Rica,2014,NA,NA,NA
130,Costa Rica,2015,NA,NA,NA
130,Costa Rica,2016,NA,NA,NA
130,Costa Rica,2017,NA,NA,NA
130,Costa Rica,2018,NA,NA,NA
130,Costa Rica,2019,NA,NA,NA
130,Costa Rica,2020,NA,NA,NA
130,Costa Rica,2021,NA,NA,NA
130,Costa Rica,2022,NA,NA,NA
131,Nicaragua,1995,NA,NA,NA
131,Nicaragua,1996,NA,NA,NA
131,Nicaragua,1997,NA,NA,NA
131,Nicaragua,1998,NA,NA,NA
131,Nicaragua,1999,NA,NA,NA
131,Nicaragua,2000,NA,NA,NA
131,Nicaragua,2001,NA,NA,NA
131,Nicaragua,2002,NA,NA,NA
131,Nicaragua,2003,NA,NA,NA
131,Nicaragua,2004,NA,NA,NA
131,Nicaragua,2005,NA,NA,NA
131,Nicaragua,2006,NA,NA,NA
131,Nicaragua,2007,NA,NA,NA
131,Nicaragua,2008,NA,NA,NA
131,Nicaragua,2009,NA,NA,NA
131,Nicaragua,2010,NA,NA,NA
131,Nicaragua,2011,NA,NA,NA
131,Nicaragua,2012,NA,NA,NA
131,Nicaragua,2013,NA,NA,NA
131,Nicaragua,2014,NA,NA,NA
131,Nicaragua,2015,NA,NA,NA
131,Nicaragua,2016,NA,NA,NA
131,Nicaragua,2017,NA,NA,NA
131,Nicaragua,2018,NA,NA,NA
131,Nicaragua,2019,NA,NA,NA
131,Nicaragua,2020,NA,NA,NA
131,Nicaragua,2021,NA,NA,NA
131,Nicaragua,2022,NA,NA,NA
132,Colombia,1995,NA,NA,NA
132,Colombia,1996,NA,NA,NA
132,Colombia,1997,NA,NA,NA
132,Colombia,1998,NA,NA,NA
132,Colombia,1999,NA,NA,NA
132,Colombia,2000,NA,NA,NA
132,Colombia,2001,NA,NA,NA
132,Colombia,2002,NA,NA,NA
132,Colombia,2003,NA,NA,NA
132,Colombia,2004,NA,NA,NA
132,Colombia,2005,NA,NA,NA
132,Colombia,2006,NA,NA,NA
132,Colombia,2007,NA,NA,NA
132,Colombia,2008,NA,NA,NA
132,Colombia,2009,NA,NA,99680
132,Colombia,2010,NA,NA,118013
132,Colombia,2011,NA,NA,114406
132,Colombia,2012,NA,NA,120996
132,Colombia,2013,NA,NA,127544
132,Colombia,2014,NA,NA,129027
132,Colombia,2015,NA,NA,132402
132,Colombia,2016,NA,NA,125122
132,Colombia,2017,NA,NA,151376
132,Colombia,2018,NA,NA,162619
132,Colombia,2019,NA,NA,162535
132,Colombia,2020,NA,NA,54772
132,Colombia,2021,NA,NA,89751
132,Colombia,2022,NA,NA,133260
133,Honduras,1995,NA,NA,NA
133,Honduras,1996,NA,NA,NA
133,Honduras,1997,NA,NA,NA
133,Honduras,1998,NA,NA,NA
133,Honduras,1999,NA,NA,NA
133,Honduras,2000,NA,NA,NA
133,Honduras,2001,NA,NA,NA
133,Honduras,2002,NA,NA,NA
133,Honduras,2003,NA,NA,NA
133,Honduras,2004,NA,NA,NA
133,Honduras,2005,NA,NA,NA
133,Honduras,2006,NA,NA,NA
133,Honduras,2007,NA,NA,NA
133,Honduras,2008,NA,NA,NA
133,Honduras,2009,NA,NA,NA
133,Honduras,2010,NA,NA,NA
133,Honduras,2011,NA,NA,NA
133,Honduras,2012,NA,NA,NA
133,Honduras,2013,NA,NA,NA
133,Honduras,2014,NA,NA,NA
133,Honduras,2015,NA,NA,NA
133,Honduras,2016,NA,NA,NA
133,Honduras,2017,NA,NA,NA
133,Honduras,2018,NA,NA,NA
133,Honduras,2019,NA,NA,NA
133,Honduras,2020,NA,NA,NA
133,Honduras,2021,NA,NA,NA
133,Honduras,2022,NA,NA,NA
134,El Salvador,1995,NA,NA,NA
134,El Salvador,1996,NA,NA,NA
134,El Salvador,1997,NA,NA,NA
134,El Salvador,1998,NA,NA,NA
134,El Salvador,1999,NA,NA,NA
134,El Salvador,2000,NA,NA,NA
134,El Salvador,2001,NA,NA,NA
134,El Salvador,2002,NA,NA,NA
134,El Salvador,2003,NA,NA,NA
134,El Salvador,2004,NA,NA,NA
134,El Salvador,2005,NA,NA,NA
134,El Salvador,2006,NA,NA,NA
134,El Salvador,2007,NA,NA,NA
134,El Salvador,2008,NA,NA,NA
134,El Salvador,2009,NA,NA,NA
134,El Salvador,2010,NA,NA,NA
134,El Salvador,2011,NA,NA,NA
134,El Salvador,2012,NA,NA,NA
134,El Salvador,2013,NA,NA,NA
134,El Salvador,2014,NA,NA,NA
134,El Salvador,2015,NA,NA,NA
134,El Salvador,2016,NA,NA,NA
134,El Salvador,2017,NA,NA,NA
134,El Salvador,2018,NA,NA,NA
134,El Salvador,2019,NA,NA,NA
134,El Salvador,2020,NA,NA,NA
134,El Salvador,2021,NA,NA,NA
134,El Salvador,2022,NA,NA,NA
135,Mexico,1995,NA,NA,NA
135,Mexico,1996,NA,NA,NA
135,Mexico,1997,NA,NA,NA
135,Mexico,1998,NA,NA,NA
135,Mexico,1999,NA,NA,NA
135,Mexico,2000,NA,NA,NA
135,Mexico,2001,NA,NA,NA
135,Mexico,2002,NA,NA,NA
135,Mexico,2003,NA,NA,NA
135,Mexico,2004,NA,NA,NA
135,Mexico,2005,NA,NA,NA
135,Mexico,2006,NA,NA,NA
135,Mexico,2007,NA,NA,NA
135,Mexico,2008,NA,NA,NA
135,Mexico,2009,NA,NA,NA
135,Mexico,2010,NA,NA,NA
135,Mexico,2011,NA,NA,NA
135,Mexico,2012,NA,NA,NA
135,Mexico,2013,NA,NA,NA
135,Mexico,2014,NA,NA,NA
135,Mexico,2015,NA,NA,NA
135,Mexico,2016,NA,NA,NA
135,Mexico,2017,NA,NA,NA
135,Mexico,2018,NA,NA,NA
135,Mexico,2019,NA,NA,NA
135,Mexico,2020,NA,NA,NA
135,Mexico,2021,NA,NA,NA
135,Mexico,2022,NA,NA,NA
136,Guatemala,1995,NA,NA,NA
136,Guatemala,1996,NA,NA,NA
136,Guatemala,1997,NA,NA,NA
136,Guatemala,1998,NA,NA,NA
136,Guatemala,1999,NA,NA,NA
136,Guatemala,2000,NA,NA,NA
136,Guatemala,2001,NA,NA,NA
136,Guatemala,2002,NA,NA,NA
136,Guatemala,2003,NA,NA,NA
136,Guatemala,2004,NA,NA,NA
136,Guatemala,2005,NA,NA,NA
136,Guatemala,2006,NA,NA,NA
136,Guatemala,2007,NA,NA,NA
136,Guatemala,2008,NA,NA,NA
136,Guatemala,2009,NA,NA,NA
136,Guatemala,2010,NA,NA,NA
136,Guatemala,2011,NA,NA,NA
136,Guatemala,2012,NA,NA,NA
136,Guatemala,2013,NA,NA,NA
136,Guatemala,2014,NA,NA,NA
136,Guatemala,2015,NA,NA,NA
136,Guatemala,2016,NA,NA,NA
136,Guatemala,2017,NA,NA,NA
136,Guatemala,2018,NA,NA,NA
136,Guatemala,2019,NA,NA,NA
136,Guatemala,2020,NA,NA,NA
136,Guatemala,2021,NA,NA,NA
136,Guatemala,2022,NA,NA,NA
137,Ecuador,1995,NA,NA,NA
137,Ecuador,1996,NA,NA,NA
137,Ecuador,1997,NA,NA,NA
137,Ecuador,1998,NA,NA,NA
137,Ecuador,1999,NA,NA,NA
137,Ecuador,2000,NA,NA,NA
137,Ecuador,2001,NA,NA,NA
137,Ecuador,2002,NA,NA,NA
137,Ecuador,2003,NA,NA,NA
137,Ecuador,2004,NA,NA,NA
137,Ecuador,2005,NA,NA,NA
137,Ecuador,2006,NA,NA,NA
137,Ecuador,2007,NA,NA,NA
137,Ecuador,2008,NA,NA,NA
137,Ecuador,2009,NA,NA,NA
137,Ecuador,2010,7229,4088,11317
137,Ecuador,2011,7389,3948,11337
137,Ecuador,2012,7906,3692,11598
137,Ecuador,2013,7652,4134,11786
137,Ecuador,2014,7982,3992,11974
137,Ecuador,2015,8291,3871,12162
137,Ecuador,2016,8418,3931,12349
137,Ecuador,2017,8545,3990,12534
137,Ecuador,2018,8670,4048,12719
137,Ecuador,2019,8795,4107,12901
137,Ecuador,2020,2895.1299999999997,1240.7699999999998,4135.9
137,Ecuador,2021,5971,2559,8530
137,Ecuador,2022,9756,4181,13937
138,Peru,1995,NA,NA,NA
138,Peru,1996,NA,NA,NA
138,Peru,1997,NA,NA,NA
138,Peru,1998,NA,NA,NA
138,Peru,1999,NA,NA,NA
138,Peru,2000,NA,NA,NA
138,Peru,2001,NA,NA,NA
138,Peru,2002,NA,NA,NA
138,Peru,2003,NA,NA,NA
138,Peru,2004,NA,NA,NA
138,Peru,2005,NA,NA,NA
138,Peru,2006,NA,NA,NA
138,Peru,2007,24223,50406,74629
138,Peru,2008,NA,NA,NA
138,Peru,2009,NA,NA,NA
138,Peru,2010,NA,NA,NA
138,Peru,2011,NA,NA,NA
138,Peru,2012,NA,NA,NA
138,Peru,2013,36068,65090,101158
138,Peru,2014,NA,NA,NA
138,Peru,2015,NA,NA,NA
138,Peru,2016,NA,NA,NA
138,Peru,2017,NA,NA,NA
138,Peru,2018,NA,NA,NA
138,Peru,2019,NA,NA,NA
138,Peru,2020,NA,NA,NA
138,Peru,2021,NA,NA,NA
138,Peru,2022,NA,NA,NA
139,Venezuela,1995,NA,NA,NA
139,Venezuela,1996,NA,NA,NA
139,Venezuela,1997,NA,NA,NA
139,Venezuela,1998,NA,NA,NA
139,Venezuela,1999,NA,NA,NA
139,Venezuela,2000,NA,NA,NA
139,Venezuela,2001,NA,NA,NA
139,Venezuela,2002,NA,NA,NA
139,Venezuela,2003,NA,NA,NA
139,Venezuela,2004,NA,NA,NA
139,Venezuela,2005,NA,NA,17839
139,Venezuela,2006,10931,6411,17372
139,Venezuela,2007,10720,6528,17248
139,Venezuela,2008,14113,7972,22085
139,Venezuela,2009,12644,3884,16528
139,Venezuela,2010,12333,4690,17023
139,Venezuela,2011,13232,5032,18264
139,Venezuela,2012,12209,5106,17315
139,Venezuela,2013,15774,5752,21526
139,Venezuela,2014,14890,5799,20689
139,Venezuela,2015,10975,5169,16144
139,Venezuela,2016,12552,4642,17194
139,Venezuela,2017,12648,4909,17557
139,Venezuela,2018,NA,NA,NA
139,Venezuela,2019,NA,NA,NA
139,Venezuela,2020,NA,NA,NA
139,Venezuela,2021,NA,NA,NA
139,Venezuela,2022,NA,NA,NA
143,Iceland,1995,NA,NA,NA
143,Iceland,1996,NA,NA,NA
143,Iceland,1997,NA,NA,NA
143,Iceland,1998,NA,NA,NA
143,Iceland,1999,NA,NA,NA
143,Iceland,2000,NA,NA,NA
143,Iceland,2001,NA,NA,NA
143,Iceland,2002,NA,NA,NA
143,Iceland,2003,NA,NA,NA
143,Iceland,2004,NA,NA,NA
143,Iceland,2005,NA,NA,NA
143,Iceland,2006,NA,NA,NA
143,Iceland,2007,NA,NA,NA
143,Iceland,2008,NA,NA,NA
143,Iceland,2009,NA,NA,NA
143,Iceland,2010,NA,NA,NA
143,Iceland,2011,NA,NA,NA
143,Iceland,2012,NA,NA,NA
143,Iceland,2013,NA,NA,NA
143,Iceland,2014,NA,NA,NA
143,Iceland,2015,NA,NA,NA
143,Iceland,2016,NA,NA,NA
143,Iceland,2017,NA,NA,NA
143,Iceland,2018,NA,NA,NA
143,Iceland,2019,NA,NA,NA
143,Iceland,2020,NA,NA,NA
143,Iceland,2021,NA,NA,NA
143,Iceland,2022,NA,NA,NA
147,French Polynesia,1995,NA,NA,NA
147,French Polynesia,1996,NA,NA,NA
147,French Polynesia,1997,NA,NA,NA
147,French Polynesia,1998,NA,NA,NA
147,French Polynesia,1999,NA,NA,NA
147,French Polynesia,2000,NA,NA,NA
147,French Polynesia,2001,NA,NA,NA
147,French Polynesia,2002,NA,NA,NA
147,French Polynesia,2003,NA,NA,NA
147,French Polynesia,2004,NA,NA,NA
147,French Polynesia,2005,NA,NA,NA
147,French Polynesia,2006,NA,NA,NA
147,French Polynesia,2007,NA,NA,NA
147,French Polynesia,2008,NA,NA,NA
147,French Polynesia,2009,NA,NA,NA
147,French Polynesia,2010,NA,NA,NA
147,French Polynesia,2011,NA,NA,NA
147,French Polynesia,2012,NA,NA,NA
147,French Polynesia,2013,NA,NA,NA
147,French Polynesia,2014,NA,NA,NA
147,French Polynesia,2015,NA,NA,NA
147,French Polynesia,2016,NA,NA,NA
147,French Polynesia,2017,NA,NA,NA
147,French Polynesia,2018,NA,NA,NA
147,French Polynesia,2019,NA,NA,NA
147,French Polynesia,2020,NA,NA,NA
147,French Polynesia,2021,NA,NA,NA
147,French Polynesia,2022,NA,NA,NA
151,American Samoa,1995,NA,NA,NA
151,American Samoa,1996,NA,NA,NA
151,American Samoa,1997,NA,NA,NA
151,American Samoa,1998,NA,NA,NA
151,American Samoa,1999,NA,NA,NA
151,American Samoa,2000,NA,NA,NA
151,American Samoa,2001,NA,NA,NA
151,American Samoa,2002,NA,NA,NA
151,American Samoa,2003,NA,NA,NA
151,American Samoa,2004,NA,NA,NA
151,American Samoa,2005,NA,NA,NA
151,American Samoa,2006,NA,NA,NA
151,American Samoa,2007,NA,NA,NA
151,American Samoa,2008,NA,NA,NA
151,American Samoa,2009,NA,NA,NA
151,American Samoa,2010,NA,NA,NA
151,American Samoa,2011,NA,NA,NA
151,American Samoa,2012,NA,NA,NA
151,American Samoa,2013,NA,NA,NA
151,American Samoa,2014,NA,NA,NA
151,American Samoa,2015,NA,NA,NA
151,American Samoa,2016,NA,NA,NA
151,American Samoa,2017,NA,NA,NA
151,American Samoa,2018,NA,NA,NA
151,American Samoa,2019,NA,NA,NA
151,American Samoa,2020,NA,NA,NA
151,American Samoa,2021,NA,NA,NA
151,American Samoa,2022,NA,NA,NA
152,Samoa,1995,NA,NA,NA
152,Samoa,1996,NA,NA,NA
152,Samoa,1997,NA,NA,NA
152,Samoa,1998,NA,NA,NA
152,Samoa,1999,NA,NA,NA
152,Samoa,2000,NA,NA,NA
152,Samoa,2001,NA,NA,NA
152,Samoa,2002,NA,NA,NA
152,Samoa,2003,NA,NA,NA
152,Samoa,2004,NA,NA,NA
152,Samoa,2005,NA,NA,NA
152,Samoa,2006,NA,NA,NA
152,Samoa,2007,NA,NA,NA
152,Samoa,2008,NA,NA,NA
152,Samoa,2009,NA,NA,NA
152,Samoa,2010,NA,NA,NA
152,Samoa,2011,NA,NA,NA
152,Samoa,2012,NA,NA,NA
152,Samoa,2013,NA,NA,NA
152,Samoa,2014,NA,NA,NA
152,Samoa,2015,NA,NA,NA
152,Samoa,2016,NA,NA,NA
152,Samoa,2017,NA,NA,NA
152,Samoa,2018,NA,NA,NA
152,Samoa,2019,NA,NA,NA
152,Samoa,2020,NA,NA,NA
152,Samoa,2021,NA,NA,NA
152,Samoa,2022,NA,NA,NA
153,Cook Islands,1995,NA,NA,NA
153,Cook Islands,1996,NA,NA,NA
153,Cook Islands,1997,NA,NA,NA
153,Cook Islands,1998,NA,NA,NA
153,Cook Islands,1999,NA,NA,NA
153,Cook Islands,2000,NA,NA,NA
153,Cook Islands,2001,NA,NA,NA
153,Cook Islands,2002,NA,NA,NA
153,Cook Islands,2003,NA,NA,NA
153,Cook Islands,2004,NA,NA,NA
153,Cook Islands,2005,NA,NA,NA
153,Cook Islands,2006,NA,NA,NA
153,Cook Islands,2007,NA,NA,NA
153,Cook Islands,2008,NA,NA,NA
153,Cook Islands,2009,NA,NA,NA
153,Cook Islands,2010,NA,NA,NA
153,Cook Islands,2011,NA,NA,NA
153,Cook Islands,2012,NA,NA,NA
153,Cook Islands,2013,NA,NA,NA
153,Cook Islands,2014,NA,NA,NA
153,Cook Islands,2015,NA,NA,NA
153,Cook Islands,2016,NA,NA,NA
153,Cook Islands,2017,NA,NA,NA
153,Cook Islands,2018,NA,NA,NA
153,Cook Islands,2019,NA,NA,NA
153,Cook Islands,2020,NA,NA,NA
153,Cook Islands,2021,NA,NA,NA
153,Cook Islands,2022,NA,NA,NA
154,Niue,1995,NA,NA,NA
154,Niue,1996,NA,NA,NA
154,Niue,1997,NA,NA,NA
154,Niue,1998,NA,NA,NA
154,Niue,1999,NA,NA,NA
154,Niue,2000,NA,NA,NA
154,Niue,2001,NA,NA,NA
154,Niue,2002,NA,NA,NA
154,Niue,2003,NA,NA,NA
154,Niue,2004,NA,NA,NA
154,Niue,2005,NA,NA,NA
154,Niue,2006,NA,NA,NA
154,Niue,2007,NA,NA,NA
154,Niue,2008,NA,NA,NA
154,Niue,2009,NA,NA,NA
154,Niue,2010,NA,NA,NA
154,Niue,2011,NA,NA,NA
154,Niue,2012,NA,NA,NA
154,Niue,2013,NA,NA,NA
154,Niue,2014,NA,NA,NA
154,Niue,2015,NA,NA,NA
154,Niue,2016,NA,NA,NA
154,Niue,2017,NA,NA,NA
154,Niue,2018,NA,NA,NA
154,Niue,2019,NA,NA,NA
154,Niue,2020,NA,NA,NA
154,Niue,2021,NA,NA,NA
154,Niue,2022,NA,NA,NA
155,Tonga,1995,NA,NA,NA
155,Tonga,1996,NA,NA,NA
155,Tonga,1997,NA,NA,NA
155,Tonga,1998,NA,NA,NA
155,Tonga,1999,NA,NA,NA
155,Tonga,2000,NA,NA,NA
155,Tonga,2001,NA,NA,NA
155,Tonga,2002,NA,NA,NA
155,Tonga,2003,NA,NA,NA
155,Tonga,2004,NA,NA,NA
155,Tonga,2005,NA,NA,NA
155,Tonga,2006,NA,NA,NA
155,Tonga,2007,NA,NA,NA
155,Tonga,2008,NA,NA,NA
155,Tonga,2009,NA,NA,NA
155,Tonga,2010,NA,NA,NA
155,Tonga,2011,NA,NA,NA
155,Tonga,2012,NA,NA,NA
155,Tonga,2013,NA,NA,NA
155,Tonga,2014,NA,NA,NA
155,Tonga,2015,NA,NA,NA
155,Tonga,2016,NA,NA,NA
155,Tonga,2017,NA,NA,NA
155,Tonga,2018,NA,NA,NA
155,Tonga,2019,NA,NA,NA
155,Tonga,2020,NA,NA,NA
155,Tonga,2021,NA,NA,NA
155,Tonga,2022,NA,NA,NA
162,New Zealand,1995,NA,NA,NA
162,New Zealand,1996,NA,NA,NA
162,New Zealand,1997,NA,NA,NA
162,New Zealand,1998,NA,NA,NA
162,New Zealand,1999,NA,NA,NA
162,New Zealand,2000,NA,NA,NA
162,New Zealand,2001,NA,NA,NA
162,New Zealand,2002,NA,NA,NA
162,New Zealand,2003,NA,NA,NA
162,New Zealand,2004,NA,NA,NA
162,New Zealand,2005,NA,NA,NA
162,New Zealand,2006,NA,NA,NA
162,New Zealand,2007,27301,14683,41984
162,New Zealand,2008,15064.476,28322.353,43387
162,New Zealand,2009,16681.177,31395.369,48077
162,New Zealand,2010,15872.307,28204.988,44077
162,New Zealand,2011,17680.867,32386.682,50068
162,New Zealand,2012,16559.428,31083.087,47643
162,New Zealand,2013,NA,NA,NA
162,New Zealand,2014,NA,NA,NA
162,New Zealand,2015,NA,NA,NA
162,New Zealand,2016,NA,NA,NA
162,New Zealand,2017,NA,NA,NA
162,New Zealand,2018,NA,NA,NA
162,New Zealand,2019,NA,NA,NA
162,New Zealand,2020,NA,NA,NA
162,New Zealand,2021,NA,NA,NA
162,New Zealand,2022,NA,NA,NA
163,United States,1995,NA,NA,NA
163,United States,1996,NA,NA,NA
163,United States,1997,NA,NA,NA
163,United States,1998,NA,NA,NA
163,United States,1999,NA,NA,NA
163,United States,2000,NA,NA,NA
163,United States,2001,NA,NA,NA
163,United States,2002,NA,NA,NA
163,United States,2003,NA,NA,NA
163,United States,2004,NA,NA,NA
163,United States,2005,NA,NA,NA
163,United States,2006,NA,NA,NA
163,United States,2007,NA,NA,2004500
163,United States,2008,NA,NA,1964900
163,United States,2009,NA,NA,1900100
163,United States,2010,NA,NA,1963700
163,United States,2011,NA,NA,1998500
163,United States,2012,NA,NA,2030300
163,United States,2013,NA,NA,2059600
163,United States,2014,NA,NA,2109300
163,United States,2015,NA,NA,2178700
163,United States,2016,NA,NA,2206500
163,United States,2017,NA,NA,2248700
163,United States,2018,NA,NA,2291100
163,United States,2019,NA,NA,2326623
163,United States,2020,NA,NA,1581116
163,United States,2021,NA,NA,2020000
163,United States,2022,NA,NA,NA
164,Belize,1995,NA,NA,NA
164,Belize,1996,NA,NA,NA
164,Belize,1997,NA,NA,NA
164,Belize,1998,NA,NA,NA
164,Belize,1999,NA,NA,NA
164,Belize,2000,NA,NA,NA
164,Belize,2001,NA,NA,NA
164,Belize,2002,NA,NA,NA
164,Belize,2003,NA,NA,NA
164,Belize,2004,NA,NA,NA
164,Belize,2005,NA,NA,NA
164,Belize,2006,NA,NA,NA
164,Belize,2007,NA,NA,NA
164,Belize,2008,NA,NA,NA
164,Belize,2009,NA,NA,NA
164,Belize,2010,NA,NA,NA
164,Belize,2011,NA,NA,NA
164,Belize,2012,NA,NA,NA
164,Belize,2013,NA,NA,NA
164,Belize,2014,NA,NA,NA
164,Belize,2015,NA,NA,NA
164,Belize,2016,NA,NA,NA
164,Belize,2017,NA,NA,NA
164,Belize,2018,NA,NA,NA
164,Belize,2019,NA,NA,NA
164,Belize,2020,NA,NA,NA
164,Belize,2021,NA,NA,NA
164,Belize,2022,NA,NA,NA
166,Jamaica,1995,NA,NA,NA
166,Jamaica,1996,NA,NA,NA
166,Jamaica,1997,NA,NA,NA
166,Jamaica,1998,NA,NA,NA
166,Jamaica,1999,NA,NA,NA
166,Jamaica,2000,NA,NA,NA
166,Jamaica,2001,NA,NA,NA
166,Jamaica,2002,NA,NA,NA
166,Jamaica,2003,NA,NA,NA
166,Jamaica,2004,NA,NA,NA
166,Jamaica,2005,NA,NA,NA
166,Jamaica,2006,NA,NA,NA
166,Jamaica,2007,NA,NA,NA
166,Jamaica,2008,NA,NA,NA
166,Jamaica,2009,NA,NA,NA
166,Jamaica,2010,NA,NA,NA
166,Jamaica,2011,NA,NA,NA
166,Jamaica,2012,NA,NA,NA
166,Jamaica,2013,NA,NA,NA
166,Jamaica,2014,NA,NA,NA
166,Jamaica,2015,NA,NA,NA
166,Jamaica,2016,NA,NA,NA
166,Jamaica,2017,NA,NA,NA
166,Jamaica,2018,NA,NA,NA
166,Jamaica,2019,NA,NA,NA
166,Jamaica,2020,NA,NA,NA
166,Jamaica,2021,NA,NA,NA
166,Jamaica,2022,NA,NA,NA
167,Guyana,1995,NA,NA,NA
167,Guyana,1996,NA,NA,NA
167,Guyana,1997,NA,NA,NA
167,Guyana,1998,NA,NA,NA
167,Guyana,1999,NA,NA,NA
167,Guyana,2000,NA,NA,NA
167,Guyana,2001,NA,NA,NA
167,Guyana,2002,NA,NA,NA
167,Guyana,2003,NA,NA,NA
167,Guyana,2004,NA,NA,NA
167,Guyana,2005,NA,NA,NA
167,Guyana,2006,NA,NA,NA
167,Guyana,2007,NA,NA,NA
167,Guyana,2008,NA,NA,NA
167,Guyana,2009,NA,NA,NA
167,Guyana,2010,NA,NA,NA
167,Guyana,2011,NA,NA,NA
167,Guyana,2012,NA,NA,NA
167,Guyana,2013,NA,NA,NA
167,Guyana,2014,NA,NA,NA
167,Guyana,2015,NA,NA,NA
167,Guyana,2016,NA,NA,NA
167,Guyana,2017,NA,NA,NA
167,Guyana,2018,NA,NA,NA
167,Guyana,2019,NA,NA,NA
167,Guyana,2020,NA,NA,NA
167,Guyana,2021,NA,NA,NA
167,Guyana,2022,NA,NA,NA
168,Suriname,1995,NA,NA,NA
168,Suriname,1996,NA,NA,NA
168,Suriname,1997,NA,NA,NA
168,Suriname,1998,NA,NA,NA
168,Suriname,1999,NA,NA,NA
168,Suriname,2000,NA,NA,NA
168,Suriname,2001,NA,NA,NA
168,Suriname,2002,NA,NA,NA
168,Suriname,2003,NA,NA,NA
168,Suriname,2004,NA,NA,NA
168,Suriname,2005,NA,NA,NA
168,Suriname,2006,NA,NA,NA
168,Suriname,2007,NA,NA,NA
168,Suriname,2008,NA,NA,NA
168,Suriname,2009,NA,NA,NA
168,Suriname,2010,NA,NA,NA
168,Suriname,2011,NA,NA,NA
168,Suriname,2012,NA,NA,NA
168,Suriname,2013,NA,NA,NA
168,Suriname,2014,NA,NA,NA
168,Suriname,2015,NA,NA,NA
168,Suriname,2016,NA,NA,NA
168,Suriname,2017,NA,NA,NA
168,Suriname,2018,NA,NA,NA
168,Suriname,2019,NA,NA,NA
168,Suriname,2020,NA,NA,NA
168,Suriname,2021,NA,NA,NA
168,Suriname,2022,NA,NA,NA
169,French Guiana,1995,NA,NA,NA
169,French Guiana,1996,NA,NA,NA
169,French Guiana,1997,NA,NA,NA
169,French Guiana,1998,NA,NA,NA
169,French Guiana,1999,NA,NA,NA
169,French Guiana,2000,NA,NA,NA
169,French Guiana,2001,NA,NA,NA
169,French Guiana,2002,NA,NA,NA
169,French Guiana,2003,NA,NA,NA
169,French Guiana,2004,NA,NA,NA
169,French Guiana,2005,NA,NA,NA
169,French Guiana,2006,NA,NA,NA
169,French Guiana,2007,NA,NA,NA
169,French Guiana,2008,NA,NA,NA
169,French Guiana,2009,NA,NA,NA
169,French Guiana,2010,NA,NA,NA
169,French Guiana,2011,NA,NA,NA
169,French Guiana,2012,NA,NA,NA
169,French Guiana,2013,NA,NA,NA
169,French Guiana,2014,NA,NA,NA
169,French Guiana,2015,NA,NA,NA
169,French Guiana,2016,NA,NA,NA
169,French Guiana,2017,NA,NA,NA
169,French Guiana,2018,NA,NA,NA
169,French Guiana,2019,NA,NA,NA
169,French Guiana,2020,NA,NA,NA
169,French Guiana,2021,NA,NA,NA
169,French Guiana,2022,NA,NA,NA
171,Brazil,1995,NA,NA,NA
171,Brazil,1996,NA,NA,NA
171,Brazil,1997,NA,NA,NA
171,Brazil,1998,NA,NA,NA
171,Brazil,1999,NA,NA,NA
171,Brazil,2000,NA,NA,NA
171,Brazil,2001,NA,NA,NA
171,Brazil,2002,NA,NA,NA
171,Brazil,2003,NA,NA,NA
171,Brazil,2004,NA,NA,NA
171,Brazil,2005,NA,NA,NA
171,Brazil,2006,NA,NA,NA
171,Brazil,2007,NA,NA,NA
171,Brazil,2008,NA,NA,NA
171,Brazil,2009,NA,NA,NA
171,Brazil,2010,NA,NA,NA
171,Brazil,2011,190884,NA,NA
171,Brazil,2012,NA,NA,NA
171,Brazil,2013,NA,NA,NA
171,Brazil,2014,NA,NA,NA
171,Brazil,2015,NA,NA,NA
171,Brazil,2016,NA,NA,NA
171,Brazil,2017,NA,NA,NA
171,Brazil,2018,NA,NA,NA
171,Brazil,2019,NA,NA,NA
171,Brazil,2020,NA,NA,NA
171,Brazil,2021,NA,NA,NA
171,Brazil,2022,NA,NA,NA
172,Argentina,1995,NA,NA,NA
172,Argentina,1996,NA,NA,NA
172,Argentina,1997,NA,NA,NA
172,Argentina,1998,NA,NA,NA
172,Argentina,1999,NA,NA,NA
172,Argentina,2000,NA,NA,NA
172,Argentina,2001,NA,NA,NA
172,Argentina,2002,NA,NA,NA
172,Argentina,2003,NA,NA,NA
172,Argentina,2004,NA,NA,NA
172,Argentina,2005,NA,NA,NA
172,Argentina,2006,20706,18144,38850
172,Argentina,2007,NA,NA,NA
172,Argentina,2008,NA,NA,NA
172,Argentina,2009,NA,NA,NA
172,Argentina,2010,NA,NA,NA
172,Argentina,2011,NA,NA,NA
172,Argentina,2012,52972,63839,116812
172,Argentina,2013,53681,63277,116957
172,Argentina,2014,50270,51600,101870
172,Argentina,2015,45481,47046,92526
172,Argentina,2016,43399,58458,101857
172,Argentina,2017,51438,45157,96595
172,Argentina,2018,45498,44423,89921
172,Argentina,2019,45349,44160,89509
172,Argentina,2020,19466,17232,36698
172,Argentina,2021,30265,38939,69205
172,Argentina,2022,50330.9,62801.6,113132.4
173,Uruguay,1995,NA,NA,NA
173,Uruguay,1996,NA,NA,NA
173,Uruguay,1997,NA,NA,NA
173,Uruguay,1998,NA,NA,NA
173,Uruguay,1999,NA,NA,NA
173,Uruguay,2000,NA,NA,NA
173,Uruguay,2001,NA,NA,NA
173,Uruguay,2002,NA,NA,NA
173,Uruguay,2003,NA,NA,NA
173,Uruguay,2004,NA,NA,NA
173,Uruguay,2005,NA,NA,NA
173,Uruguay,2006,NA,NA,NA
173,Uruguay,2007,NA,NA,NA
173,Uruguay,2008,NA,NA,NA
173,Uruguay,2009,NA,NA,NA
173,Uruguay,2010,NA,NA,NA
173,Uruguay,2011,NA,NA,NA
173,Uruguay,2012,NA,NA,NA
173,Uruguay,2013,NA,NA,NA
173,Uruguay,2014,NA,NA,NA
173,Uruguay,2015,NA,NA,NA
173,Uruguay,2016,NA,NA,NA
173,Uruguay,2017,5897,1117,7014
173,Uruguay,2018,5169,964,6133
173,Uruguay,2019,5878,2454,8332
173,Uruguay,2020,NA,NA,NA
173,Uruguay,2021,NA,NA,NA
173,Uruguay,2022,NA,NA,NA
174,Finland,1995,NA,NA,NA
174,Finland,1996,NA,NA,NA
174,Finland,1997,NA,NA,NA
174,Finland,1998,NA,NA,NA
174,Finland,1999,NA,NA,NA
174,Finland,2000,21688,NA,NA
174,Finland,2001,23410,NA,NA
174,Finland,2002,25961,NA,NA
174,Finland,2003,27885,NA,NA
174,Finland,2004,29079,NA,NA
174,Finland,2005,30931,NA,NA
174,Finland,2006,28245,NA,NA
174,Finland,2007,30633,NA,NA
174,Finland,2008,31091,NA,NA
174,Finland,2009,31015,NA,NA
174,Finland,2010,34531,NA,NA
174,Finland,2011,35561,NA,NA
174,Finland,2012,30915,NA,NA
174,Finland,2013,30480,NA,NA
174,Finland,2014,28850,NA,NA
174,Finland,2015,29156,NA,NA
174,Finland,2016,29790,NA,NA
174,Finland,2017,30160,NA,NA
174,Finland,2018,29120,16160,NA
174,Finland,2019,29320,NA,NA
174,Finland,2020,23340,NA,NA
174,Finland,2021,29390,31920,NA
174,Finland,2022,27100,NA,NA
175,Denmark,1995,NA,NA,NA
175,Denmark,1996,NA,NA,NA
175,Denmark,1997,NA,NA,NA
175,Denmark,1998,NA,NA,NA
175,Denmark,1999,NA,NA,NA
175,Denmark,2000,NA,NA,NA
175,Denmark,2001,NA,NA,NA
175,Denmark,2002,NA,NA,NA
175,Denmark,2003,NA,NA,NA
175,Denmark,2004,NA,NA,NA
175,Denmark,2005,NA,NA,NA
175,Denmark,2006,NA,NA,NA
175,Denmark,2007,NA,NA,NA
175,Denmark,2008,NA,NA,NA
175,Denmark,2009,NA,NA,NA
175,Denmark,2010,NA,NA,NA
175,Denmark,2011,NA,NA,NA
175,Denmark,2012,21407,NA,NA
175,Denmark,2013,23590,NA,NA
175,Denmark,2014,23874,NA,NA
175,Denmark,2015,24371,NA,NA
175,Denmark,2016,21743,NA,NA
175,Denmark,2017,18886,NA,NA
175,Denmark,2018,11922,NA,NA
175,Denmark,2019,19089,56318,75407
175,Denmark,2020,17919,49813,67732
175,Denmark,2021,20002,47885.7,67887
175,Denmark,2022,20694.1,46372.3,67066
176,Germany,1995,NA,NA,NA
176,Germany,1996,NA,NA,NA
176,Germany,1997,NA,NA,NA
176,Germany,1998,NA,NA,NA
176,Germany,1999,NA,NA,NA
176,Germany,2000,NA,NA,NA
176,Germany,2001,NA,NA,NA
176,Germany,2002,NA,NA,NA
176,Germany,2003,NA,NA,NA
176,Germany,2004,NA,NA,NA
176,Germany,2005,NA,NA,NA
176,Germany,2006,NA,NA,NA
176,Germany,2007,NA,NA,NA
176,Germany,2008,NA,NA,NA
176,Germany,2009,NA,NA,NA
176,Germany,2010,NA,NA,NA
176,Germany,2011,NA,NA,NA
176,Germany,2012,164795,NA,NA
176,Germany,2013,161123,NA,NA
176,Germany,2014,153902,NA,NA
176,Germany,2015,164139,NA,NA
176,Germany,2016,164682,NA,NA
176,Germany,2017,151175,NA,NA
176,Germany,2018,159338,NA,NA
176,Germany,2019,160985,NA,NA
176,Germany,2020,109296,NA,NA
176,Germany,2021,129491,NA,NA
176,Germany,2022,135069,NA,NA
177,Netherlands,1995,NA,NA,NA
177,Netherlands,1996,NA,NA,NA
177,Netherlands,1997,NA,NA,NA
177,Netherlands,1998,NA,NA,NA
177,Netherlands,1999,NA,NA,NA
177,Netherlands,2000,NA,NA,NA
177,Netherlands,2001,NA,NA,NA
177,Netherlands,2002,NA,NA,NA
177,Netherlands,2003,NA,NA,NA
177,Netherlands,2004,NA,NA,NA
177,Netherlands,2005,NA,NA,NA
177,Netherlands,2006,NA,NA,NA
177,Netherlands,2007,NA,NA,NA
177,Netherlands,2008,NA,NA,NA
177,Netherlands,2009,NA,NA,NA
177,Netherlands,2010,NA,NA,NA
177,Netherlands,2011,NA,NA,NA
177,Netherlands,2012,28640,NA,NA
177,Netherlands,2013,25840,NA,NA
177,Netherlands,2014,24778,NA,NA
177,Netherlands,2015,24156,NA,NA
177,Netherlands,2016,24505,NA,NA
177,Netherlands,2017,24289,NA,NA
177,Netherlands,2018,23456,NA,NA
177,Netherlands,2019,24476,NA,NA
177,Netherlands,2020,20774,NA,NA
177,Netherlands,2021,31080,NA,NA
177,Netherlands,2022,21490,NA,NA
178,Poland,1995,NA,NA,NA
178,Poland,1996,NA,NA,NA
178,Poland,1997,NA,NA,NA
178,Poland,1998,NA,NA,NA
178,Poland,1999,NA,NA,NA
178,Poland,2000,NA,NA,NA
178,Poland,2001,NA,NA,NA
178,Poland,2002,NA,NA,NA
178,Poland,2003,NA,NA,NA
178,Poland,2004,NA,NA,NA
178,Poland,2005,35900,NA,NA
178,Poland,2006,38500,NA,NA
178,Poland,2007,34900,NA,NA
178,Poland,2008,34900,NA,NA
178,Poland,2009,30800,NA,NA
178,Poland,2010,33900,NA,NA
178,Poland,2011,29600,NA,NA
178,Poland,2012,40700,NA,NA
178,Poland,2013,42450,NA,NA
178,Poland,2014,38300,NA,NA
178,Poland,2015,39900,NA,NA
178,Poland,2016,43500,NA,NA
178,Poland,2017,45900,NA,NA
178,Poland,2018,47700,NA,NA
178,Poland,2019,50000,NA,NA
178,Poland,2020,38600,NA,NA
178,Poland,2021,46278,34393,NA
178,Poland,2022,51702,NA,NA
179,France,1995,NA,NA,NA
179,France,1996,NA,NA,NA
179,France,1997,NA,NA,NA
179,France,1998,NA,NA,NA
179,France,1999,NA,NA,NA
179,France,2000,NA,NA,NA
179,France,2001,NA,NA,NA
179,France,2002,NA,NA,NA
179,France,2003,NA,NA,NA
179,France,2004,NA,NA,NA
179,France,2005,210755,NA,NA
179,France,2006,210518,73819,284337
179,France,2007,211883,76726,288609
179,France,2008,200675,78275,278950
179,France,2009,202064,76211,278275
179,France,2010,194126,73915,268041
179,France,2011,198784,77968,276752
179,France,2012,198466,70207,268673
179,France,2013,197242,67940,265182
179,France,2014,196232,69795,266027
179,France,2015,191644,64434,256078
179,France,2016,187942,67555,255498
179,France,2017,191636,84901,276537
179,France,2018,189755,78397,268152
179,France,2019,186266,74256,260522
179,France,2020,151643,60428,212071
179,France,2021,186747,64919,251666
179,France,2022,201310,73335,274644
180,United Kingdom,1995,NA,NA,NA
180,United Kingdom,1996,NA,NA,NA
180,United Kingdom,1997,NA,NA,NA
180,United Kingdom,1998,NA,NA,NA
180,United Kingdom,1999,NA,NA,NA
180,United Kingdom,2000,NA,NA,NA
180,United Kingdom,2001,NA,NA,NA
180,United Kingdom,2002,NA,NA,NA
180,United Kingdom,2003,NA,NA,NA
180,United Kingdom,2004,NA,NA,NA
180,United Kingdom,2005,NA,NA,NA
180,United Kingdom,2006,NA,NA,NA
180,United Kingdom,2007,NA,NA,NA
180,United Kingdom,2008,NA,NA,NA
180,United Kingdom,2009,126010,NA,NA
180,United Kingdom,2010,119434,NA,NA
180,United Kingdom,2011,126640,1542000,1668640
180,United Kingdom,2012,126020,1710000,1836020
180,United Kingdom,2013,122905,1588000,1710905
180,United Kingdom,2014,114242,1584700,1698942
180,United Kingdom,2015,124426,1525200,1649626
180,United Kingdom,2016,119455,1834200,1953655
180,United Kingdom,2017,120676,1793400,1914076
180,United Kingdom,2018,118556,1703400,1821956
180,United Kingdom,2019,122780,1653300,1776080
180,United Kingdom,2020,NA,NA,NA
180,United Kingdom,2021,NA,NA,NA
180,United Kingdom,2022,126000,2788000,2914000
181,Ireland,1995,NA,NA,NA
181,Ireland,1996,NA,NA,NA
181,Ireland,1997,NA,NA,NA
181,Ireland,1998,NA,NA,NA
181,Ireland,1999,NA,NA,NA
181,Ireland,2000,NA,NA,NA
181,Ireland,2001,NA,NA,NA
181,Ireland,2002,NA,NA,NA
181,Ireland,2003,NA,NA,NA
181,Ireland,2004,NA,NA,NA
181,Ireland,2005,NA,NA,NA
181,Ireland,2006,7310,NA,NA
181,Ireland,2007,7942,NA,NA
181,Ireland,2008,8339,NA,NA
181,Ireland,2009,8340,NA,NA
181,Ireland,2010,7300,NA,NA
181,Ireland,2011,7169,NA,NA
181,Ireland,2012,8291,NA,NA
181,Ireland,2013,8413,NA,NA
181,Ireland,2014,8991,NA,NA
181,Ireland,2015,9125,NA,NA
181,Ireland,2016,9359,NA,NA
181,Ireland,2017,9626,NA,NA
181,Ireland,2018,10919,NA,NA
181,Ireland,2019,11621,NA,NA
181,Ireland,2020,7721,NA,NA
181,Ireland,2021,5663,NA,NA
181,Ireland,2022,NA,NA,NA
182,Spain,1995,NA,NA,NA
182,Spain,1996,NA,NA,NA
182,Spain,1997,NA,NA,NA
182,Spain,1998,NA,NA,NA
182,Spain,1999,115455.98,NA,NA
182,Spain,2000,146401.688,224615.526,371017.21400000004
182,Spain,2001,150567.69,254724.98,405292.67000000004
182,Spain,2002,147754.779,255245.115,402999.894
182,Spain,2003,154252.871,278409.227,432662.098
182,Spain,2004,152351.633,263285.482,415637.115
182,Spain,2005,157005.36,NA,NA
182,Spain,2006,154968.365,NA,NA
182,Spain,2007,146781.703,208772.814,355554.517
182,Spain,2008,157614.545,235286.702,392901.247
182,Spain,2009,154995.306,210257.808,365253.114
182,Spain,2010,145477.42,208947.392,354424.81200000003
182,Spain,2011,147407.636,200287.486,347695.122
182,Spain,2012,148369,224442,372811
182,Spain,2013,144527.25165739996,253895.70184669993,398422.95350409986
182,Spain,2014,139615,323146,462761
182,Spain,2015,150589,221676,372265
182,Spain,2016,158938,238196,397134
182,Spain,2017,167973,280332,448305
182,Spain,2018,168288,278191,446479
182,Spain,2019,165953,257619,423572
182,Spain,2020,90129,160340,250469
182,Spain,2021,128082,212971,341053
182,Spain,2022,147713,206207,353920
183,Portugal,1995,NA,NA,NA
183,Portugal,1996,NA,NA,NA
183,Portugal,1997,NA,NA,NA
183,Portugal,1998,NA,NA,NA
183,Portugal,1999,NA,NA,NA
183,Portugal,2000,NA,NA,NA
183,Portugal,2001,NA,NA,NA
183,Portugal,2002,NA,NA,NA
183,Portugal,2003,NA,NA,NA
183,Portugal,2004,NA,NA,NA
183,Portugal,2005,NA,NA,NA
183,Portugal,2006,NA,NA,NA
183,Portugal,2007,NA,NA,NA
183,Portugal,2008,NA,NA,NA
183,Portugal,2009,NA,NA,NA
183,Portugal,2010,NA,NA,NA
183,Portugal,2011,NA,NA,NA
183,Portugal,2012,12670,NA,NA
183,Portugal,2013,16371,NA,NA
183,Portugal,2014,16263,NA,NA
183,Portugal,2015,17254,NA,NA
183,Portugal,2016,18241,NA,NA
183,Portugal,2017,18993,NA,NA
183,Portugal,2018,19593.3,NA,NA
183,Portugal,2019,21363,NA,NA
183,Portugal,2020,13729,NA,NA
183,Portugal,2021,16506,NA,NA
183,Portugal,2022,19969,NA,NA
184,Italy,1995,NA,NA,NA
184,Italy,1996,NA,NA,NA
184,Italy,1997,59011,NA,NA
184,Italy,1998,78627,NA,NA
184,Italy,1999,76273,NA,NA
184,Italy,2000,75001,NA,NA
184,Italy,2001,74721,NA,NA
184,Italy,2002,79791,NA,NA
184,Italy,2003,78912,NA,NA
184,Italy,2004,81672,NA,NA
184,Italy,2005,88478,NA,NA
184,Italy,2006,89114,NA,NA
184,Italy,2007,91973,NA,NA
184,Italy,2008,101205,NA,NA
184,Italy,2009,92948,NA,NA
184,Italy,2010,80597,NA,NA
184,Italy,2011,67059,NA,NA
184,Italy,2012,61594,NA,NA
184,Italy,2013,49809,NA,NA
184,Italy,2014,50156,76359,NA
184,Italy,2015,47093,65767,NA
184,Italy,2016,54714,73143,NA
184,Italy,2017,53647,68203,NA
184,Italy,2018,62861,82446,NA
184,Italy,2019,54254,78604,NA
184,Italy,2020,34130,40524,NA
184,Italy,2021,37183,35817,NA
184,Italy,2022,43996,46264,NA
185,Monaco,1995,NA,NA,NA
185,Monaco,1996,NA,NA,NA
185,Monaco,1997,NA,NA,NA
185,Monaco,1998,NA,NA,NA
185,Monaco,1999,NA,NA,NA
185,Monaco,2000,NA,NA,NA
185,Monaco,2001,NA,NA,NA
185,Monaco,2002,NA,NA,NA
185,Monaco,2003,NA,NA,NA
185,Monaco,2004,NA,NA,NA
185,Monaco,2005,NA,NA,NA
185,Monaco,2006,NA,NA,NA
185,Monaco,2007,NA,NA,NA
185,Monaco,2008,NA,NA,NA
185,Monaco,2009,NA,NA,NA
185,Monaco,2010,NA,NA,NA
185,Monaco,2011,NA,NA,NA
185,Monaco,2012,NA,NA,NA
185,Monaco,2013,NA,NA,NA
185,Monaco,2014,NA,NA,NA
185,Monaco,2015,NA,NA,NA
185,Monaco,2016,NA,NA,NA
185,Monaco,2017,NA,NA,NA
185,Monaco,2018,NA,NA,NA
185,Monaco,2019,NA,NA,NA
185,Monaco,2020,NA,NA,NA
185,Monaco,2021,NA,NA,NA
185,Monaco,2022,NA,NA,NA
187,Croatia,1995,NA,NA,NA
187,Croatia,1996,NA,NA,NA
187,Croatia,1997,NA,NA,NA
187,Croatia,1998,NA,NA,NA
187,Croatia,1999,NA,NA,NA
187,Croatia,2000,NA,NA,NA
187,Croatia,2001,NA,NA,NA
187,Croatia,2002,NA,NA,NA
187,Croatia,2003,NA,NA,NA
187,Croatia,2004,NA,NA,NA
187,Croatia,2005,NA,NA,NA
187,Croatia,2006,NA,NA,NA
187,Croatia,2007,NA,NA,NA
187,Croatia,2008,6023,7614,13637
187,Croatia,2009,5738,7367,13105
187,Croatia,2010,5438,NA,NA
187,Croatia,2011,6010,8842,14852
187,Croatia,2012,6056,9032,15088
187,Croatia,2013,6225,9618,15843
187,Croatia,2014,5410,11104,16514
187,Croatia,2015,4040,8155,12195
187,Croatia,2016,2926,5877,8803
187,Croatia,2017,2976,3638,6614
187,Croatia,2018,3197,4969,8166
187,Croatia,2019,3708,6737,10445
187,Croatia,2020,3510,3673,6183
187,Croatia,2021,3278,3696,6974
187,Croatia,2022,3148,3974,7122
188,Slovenia,1995,NA,NA,NA
188,Slovenia,1996,NA,NA,NA
188,Slovenia,1997,NA,NA,NA
188,Slovenia,1998,NA,NA,NA
188,Slovenia,1999,NA,NA,NA
188,Slovenia,2000,2301,NA,NA
188,Slovenia,2001,1923,NA,NA
188,Slovenia,2002,1720,NA,NA
188,Slovenia,2003,1609,NA,NA
188,Slovenia,2004,2027,NA,NA
188,Slovenia,2005,1939,NA,NA
188,Slovenia,2006,2744,NA,NA
188,Slovenia,2007,1757,NA,NA
188,Slovenia,2008,1929,NA,NA
188,Slovenia,2009,2364,NA,NA
188,Slovenia,2010,1987,NA,NA
188,Slovenia,2011,2044,NA,NA
188,Slovenia,2012,2065,8825,10890
188,Slovenia,2013,2025,NA,NA
188,Slovenia,2014,1888,NA,NA
188,Slovenia,2015,1535,8481,10016
188,Slovenia,2016,1720,NA,NA
188,Slovenia,2017,1813,NA,NA
188,Slovenia,2018,2003,8914,10917
188,Slovenia,2019,1742,NA,NA
188,Slovenia,2020,1263,NA,NA
188,Slovenia,2021,3253,10790,14042
188,Slovenia,2022,2773,NA,NA
189,Lithuania,1995,NA,NA,NA
189,Lithuania,1996,NA,NA,NA
189,Lithuania,1997,NA,NA,NA
189,Lithuania,1998,NA,NA,NA
189,Lithuania,1999,NA,NA,NA
189,Lithuania,2000,NA,NA,NA
189,Lithuania,2001,NA,NA,NA
189,Lithuania,2002,NA,NA,NA
189,Lithuania,2003,NA,NA,NA
189,Lithuania,2004,2192,17800,19992
189,Lithuania,2005,2297,23908,26205
189,Lithuania,2006,2485,18159,20644
189,Lithuania,2007,2806,17144,19950
189,Lithuania,2008,2819,17132,19951
189,Lithuania,2009,2431,14395,16825
189,Lithuania,2010,2454,11921,14374
189,Lithuania,2011,2479,11709,14188
189,Lithuania,2012,2516,11339,13855
189,Lithuania,2013,2589,10986,13575
189,Lithuania,2014,2649,11245,13894
189,Lithuania,2015,2663,11484,14147
189,Lithuania,2016,2554,11670,14224
189,Lithuania,2017,2528,11719,14247
189,Lithuania,2018,2641,12037,14678
189,Lithuania,2019,2826,11959,14785
189,Lithuania,2020,2437.7,8951.4,11389.099999999999
189,Lithuania,2021,3090,5634,8724
189,Lithuania,2022,3595,8590,12185
190,Qatar,1995,NA,NA,NA
190,Qatar,1996,NA,NA,NA
190,Qatar,1997,NA,NA,NA
190,Qatar,1998,NA,NA,NA
190,Qatar,1999,NA,NA,NA
190,Qatar,2000,NA,NA,NA
190,Qatar,2001,NA,NA,NA
190,Qatar,2002,NA,NA,NA
190,Qatar,2003,NA,NA,NA
190,Qatar,2004,NA,NA,NA
190,Qatar,2005,NA,NA,NA
190,Qatar,2006,NA,NA,NA
190,Qatar,2007,NA,NA,NA
190,Qatar,2008,NA,NA,NA
190,Qatar,2009,NA,NA,NA
190,Qatar,2010,NA,NA,NA
190,Qatar,2011,NA,NA,NA
190,Qatar,2012,NA,NA,NA
190,Qatar,2013,NA,NA,NA
190,Qatar,2014,NA,NA,NA
190,Qatar,2015,NA,NA,NA
190,Qatar,2016,NA,NA,NA
190,Qatar,2017,NA,NA,NA
190,Qatar,2018,NA,NA,NA
190,Qatar,2019,NA,NA,NA
190,Qatar,2020,NA,NA,NA
190,Qatar,2021,NA,NA,NA
190,Qatar,2022,NA,NA,NA
191,Iran,1995,NA,NA,NA
191,Iran,1996,NA,NA,NA
191,Iran,1997,NA,NA,NA
191,Iran,1998,NA,NA,NA
191,Iran,1999,NA,NA,NA
191,Iran,2000,NA,NA,NA
191,Iran,2001,NA,NA,NA
191,Iran,2002,NA,NA,NA
191,Iran,2003,NA,NA,NA
191,Iran,2004,NA,NA,NA
191,Iran,2005,NA,NA,NA
191,Iran,2006,NA,NA,NA
191,Iran,2007,NA,NA,NA
191,Iran,2008,NA,NA,NA
191,Iran,2009,NA,NA,NA
191,Iran,2010,46860,NA,NA
191,Iran,2011,57121,NA,NA
191,Iran,2012,NA,NA,NA
191,Iran,2013,NA,NA,NA
191,Iran,2014,NA,NA,NA
191,Iran,2015,NA,NA,NA
191,Iran,2016,NA,NA,NA
191,Iran,2017,NA,NA,NA
191,Iran,2018,NA,NA,NA
191,Iran,2019,NA,NA,NA
191,Iran,2020,NA,NA,NA
191,Iran,2021,NA,NA,NA
191,Iran,2022,NA,NA,NA
192,Iraq,1995,NA,NA,NA
192,Iraq,1996,NA,NA,NA
192,Iraq,1997,NA,NA,NA
192,Iraq,1998,NA,NA,NA
192,Iraq,1999,NA,NA,NA
192,Iraq,2000,NA,NA,NA
192,Iraq,2001,NA,NA,NA
192,Iraq,2002,NA,NA,NA
192,Iraq,2003,NA,NA,NA
192,Iraq,2004,NA,NA,NA
192,Iraq,2005,NA,NA,NA
192,Iraq,2006,NA,NA,NA
192,Iraq,2007,NA,NA,NA
192,Iraq,2008,NA,NA,NA
192,Iraq,2009,NA,NA,NA
192,Iraq,2010,NA,NA,NA
192,Iraq,2011,NA,NA,NA
192,Iraq,2012,NA,NA,NA
192,Iraq,2013,NA,NA,NA
192,Iraq,2014,NA,NA,NA
192,Iraq,2015,NA,NA,NA
192,Iraq,2016,NA,NA,NA
192,Iraq,2017,NA,NA,NA
192,Iraq,2018,NA,NA,NA
192,Iraq,2019,NA,NA,NA
192,Iraq,2020,NA,NA,NA
192,Iraq,2021,NA,NA,NA
192,Iraq,2022,NA,NA,NA
193,Guinea Bissau,1995,NA,NA,NA
193,Guinea Bissau,1996,NA,NA,NA
193,Guinea Bissau,1997,NA,NA,NA
193,Guinea Bissau,1998,NA,NA,NA
193,Guinea Bissau,1999,NA,NA,NA
193,Guinea Bissau,2000,NA,NA,NA
193,Guinea Bissau,2001,NA,NA,NA
193,Guinea Bissau,2002,NA,NA,NA
193,Guinea Bissau,2003,NA,NA,NA
193,Guinea Bissau,2004,NA,NA,NA
193,Guinea Bissau,2005,NA,NA,NA
193,Guinea Bissau,2006,NA,NA,NA
193,Guinea Bissau,2007,NA,NA,NA
193,Guinea Bissau,2008,NA,NA,NA
193,Guinea Bissau,2009,NA,NA,NA
193,Guinea Bissau,2010,NA,NA,NA
193,Guinea Bissau,2011,NA,NA,NA
193,Guinea Bissau,2012,NA,NA,NA
193,Guinea Bissau,2013,NA,NA,NA
193,Guinea Bissau,2014,NA,NA,NA
193,Guinea Bissau,2015,NA,NA,NA
193,Guinea Bissau,2016,NA,NA,NA
193,Guinea Bissau,2017,NA,NA,NA
193,Guinea Bissau,2018,NA,NA,NA
193,Guinea Bissau,2019,NA,NA,NA
193,Guinea Bissau,2020,NA,NA,NA
193,Guinea Bissau,2021,NA,NA,NA
193,Guinea Bissau,2022,NA,NA,NA
194,Guinea,1995,NA,NA,NA
194,Guinea,1996,NA,NA,NA
194,Guinea,1997,NA,NA,NA
194,Guinea,1998,NA,NA,NA
194,Guinea,1999,NA,NA,NA
194,Guinea,2000,NA,NA,NA
194,Guinea,2001,NA,NA,NA
194,Guinea,2002,NA,NA,NA
194,Guinea,2003,NA,NA,NA
194,Guinea,2004,NA,NA,NA
194,Guinea,2005,NA,NA,NA
194,Guinea,2006,NA,NA,NA
194,Guinea,2007,NA,NA,NA
194,Guinea,2008,NA,NA,NA
194,Guinea,2009,NA,NA,NA
194,Guinea,2010,NA,NA,NA
194,Guinea,2011,NA,NA,NA
194,Guinea,2012,NA,NA,NA
194,Guinea,2013,NA,NA,NA
194,Guinea,2014,NA,NA,NA
194,Guinea,2015,NA,NA,NA
194,Guinea,2016,NA,NA,NA
194,Guinea,2017,NA,NA,NA
194,Guinea,2018,NA,NA,NA
194,Guinea,2019,NA,NA,NA
194,Guinea,2020,NA,NA,NA
194,Guinea,2021,NA,NA,NA
194,Guinea,2022,NA,NA,NA
195,Ivory Coast,1995,NA,NA,NA
195,Ivory Coast,1996,NA,NA,NA
195,Ivory Coast,1997,NA,NA,NA
195,Ivory Coast,1998,NA,NA,NA
195,Ivory Coast,1999,NA,NA,NA
195,Ivory Coast,2000,NA,NA,NA
195,Ivory Coast,2001,NA,NA,NA
195,Ivory Coast,2002,NA,NA,NA
195,Ivory Coast,2003,NA,NA,NA
195,Ivory Coast,2004,NA,NA,NA
195,Ivory Coast,2005,NA,NA,NA
195,Ivory Coast,2006,NA,NA,NA
195,Ivory Coast,2007,NA,NA,NA
195,Ivory Coast,2008,NA,NA,NA
195,Ivory Coast,2009,NA,NA,NA
195,Ivory Coast,2010,NA,NA,NA
195,Ivory Coast,2011,NA,NA,NA
195,Ivory Coast,2012,NA,NA,NA
195,Ivory Coast,2013,NA,NA,NA
195,Ivory Coast,2014,NA,NA,NA
195,Ivory Coast,2015,NA,NA,NA
195,Ivory Coast,2016,NA,NA,NA
195,Ivory Coast,2017,NA,NA,NA
195,Ivory Coast,2018,NA,NA,1974
195,Ivory Coast,2019,NA,NA,2012
195,Ivory Coast,2020,NA,NA,1006
195,Ivory Coast,2021,NA,NA,1241
195,Ivory Coast,2022,NA,NA,1305
196,Nigeria,1995,NA,NA,NA
196,Nigeria,1996,NA,NA,NA
196,Nigeria,1997,NA,NA,NA
196,Nigeria,1998,NA,NA,NA
196,Nigeria,1999,NA,NA,NA
196,Nigeria,2000,NA,NA,NA
196,Nigeria,2001,NA,NA,NA
196,Nigeria,2002,NA,NA,NA
196,Nigeria,2003,NA,NA,NA
196,Nigeria,2004,NA,NA,NA
196,Nigeria,2005,NA,NA,NA
196,Nigeria,2006,NA,NA,NA
196,Nigeria,2007,NA,NA,NA
196,Nigeria,2008,NA,NA,NA
196,Nigeria,2009,NA,NA,NA
196,Nigeria,2010,NA,NA,NA
196,Nigeria,2011,NA,NA,NA
196,Nigeria,2012,NA,NA,NA
196,Nigeria,2013,3606,5640,9246
196,Nigeria,2014,2320,10568,12888
196,Nigeria,2015,7622,9914,17536
196,Nigeria,2016,6287.5,8499.2,14786.7
196,Nigeria,2017,6414,8669,15083
196,Nigeria,2018,6542,8843,15385
196,Nigeria,2019,6674,9019,15693
196,Nigeria,2020,1668,2255,3923
196,Nigeria,2021,1721,2327,4048
196,Nigeria,2022,1755,2373,4128
197,Cameroon,1995,NA,NA,NA
197,Cameroon,1996,NA,NA,NA
197,Cameroon,1997,NA,NA,NA
197,Cameroon,1998,NA,NA,NA
197,Cameroon,1999,NA,NA,NA
197,Cameroon,2000,NA,NA,NA
197,Cameroon,2001,NA,NA,NA
197,Cameroon,2002,NA,NA,NA
197,Cameroon,2003,NA,NA,NA
197,Cameroon,2004,NA,NA,NA
197,Cameroon,2005,NA,NA,NA
197,Cameroon,2006,NA,NA,NA
197,Cameroon,2007,NA,NA,NA
197,Cameroon,2008,NA,NA,NA
197,Cameroon,2009,NA,NA,NA
197,Cameroon,2010,NA,NA,NA
197,Cameroon,2011,NA,NA,NA
197,Cameroon,2012,NA,NA,NA
197,Cameroon,2013,NA,NA,NA
197,Cameroon,2014,NA,NA,NA
197,Cameroon,2015,NA,NA,NA
197,Cameroon,2016,NA,NA,NA
197,Cameroon,2017,NA,NA,NA
197,Cameroon,2018,6432,3118,9550
197,Cameroon,2019,NA,NA,NA
197,Cameroon,2020,NA,NA,NA
197,Cameroon,2021,NA,NA,NA
197,Cameroon,2022,NA,NA,NA
198,Gabon,1995,NA,NA,NA
198,Gabon,1996,NA,NA,NA
198,Gabon,1997,NA,NA,NA
198,Gabon,1998,NA,NA,NA
198,Gabon,1999,NA,NA,NA
198,Gabon,2000,NA,NA,NA
198,Gabon,2001,NA,NA,NA
198,Gabon,2002,NA,NA,NA
198,Gabon,2003,NA,NA,NA
198,Gabon,2004,NA,NA,NA
198,Gabon,2005,NA,NA,NA
198,Gabon,2006,NA,NA,NA
198,Gabon,2007,NA,NA,NA
198,Gabon,2008,NA,NA,NA
198,Gabon,2009,NA,NA,NA
198,Gabon,2010,NA,NA,NA
198,Gabon,2011,NA,NA,NA
198,Gabon,2012,NA,NA,NA
198,Gabon,2013,NA,NA,NA
198,Gabon,2014,NA,NA,NA
198,Gabon,2015,NA,NA,NA
198,Gabon,2016,NA,NA,NA
198,Gabon,2017,NA,NA,NA
198,Gabon,2018,NA,NA,NA
198,Gabon,2019,NA,NA,NA
198,Gabon,2020,NA,NA,NA
198,Gabon,2021,NA,NA,NA
198,Gabon,2022,NA,NA,NA
199,Democratic Republic of the Congo,1995,NA,NA,NA
199,Democratic Republic of the Congo,1996,NA,NA,NA
199,Democratic Republic of the Congo,1997,NA,NA,NA
199,Democratic Republic of the Congo,1998,NA,NA,NA
199,Democratic Republic of the Congo,1999,NA,NA,NA
199,Democratic Republic of the Congo,2000,NA,NA,NA
199,Democratic Republic of the Congo,2001,NA,NA,NA
199,Democratic Republic of the Congo,2002,NA,NA,NA
199,Democratic Republic of the Congo,2003,NA,NA,NA
199,Democratic Republic of the Congo,2004,NA,NA,NA
199,Democratic Republic of the Congo,2005,NA,NA,NA
199,Democratic Republic of the Congo,2006,NA,NA,NA
199,Democratic Republic of the Congo,2007,NA,NA,NA
199,Democratic Republic of the Congo,2008,NA,NA,NA
199,Democratic Republic of the Congo,2009,NA,NA,NA
199,Democratic Republic of the Congo,2010,NA,NA,NA
199,Democratic Republic of the Congo,2011,NA,NA,NA
199,Democratic Republic of the Congo,2012,NA,NA,NA
199,Democratic Republic of the Congo,2013,NA,NA,NA
199,Democratic Republic of the Congo,2014,574,NA,NA
199,Democratic Republic of the Congo,2015,530,NA,NA
199,Democratic Republic of the Congo,2016,NA,NA,NA
199,Democratic Republic of the Congo,2017,NA,NA,NA
199,Democratic Republic of the Congo,2018,NA,NA,NA
199,Democratic Republic of the Congo,2019,NA,NA,NA
199,Democratic Republic of the Congo,2020,NA,NA,NA
199,Democratic Republic of the Congo,2021,NA,NA,NA
199,Democratic Republic of the Congo,2022,NA,NA,NA
200,Angola,1995,NA,NA,NA
200,Angola,1996,NA,NA,NA
200,Angola,1997,NA,NA,NA
200,Angola,1998,NA,NA,NA
200,Angola,1999,NA,NA,NA
200,Angola,2000,NA,NA,NA
200,Angola,2001,NA,NA,NA
200,Angola,2002,NA,NA,NA
200,Angola,2003,NA,NA,NA
200,Angola,2004,NA,NA,NA
200,Angola,2005,NA,NA,NA
200,Angola,2006,NA,NA,NA
200,Angola,2007,NA,NA,NA
200,Angola,2008,NA,NA,NA
200,Angola,2009,NA,NA,NA
200,Angola,2010,NA,NA,NA
200,Angola,2011,NA,NA,NA
200,Angola,2012,NA,NA,NA
200,Angola,2013,NA,NA,NA
200,Angola,2014,NA,NA,NA
200,Angola,2015,NA,NA,NA
200,Angola,2016,NA,NA,NA
200,Angola,2017,NA,NA,NA
200,Angola,2018,NA,NA,NA
200,Angola,2019,NA,NA,NA
200,Angola,2020,NA,NA,NA
200,Angola,2021,NA,NA,NA
200,Angola,2022,NA,NA,NA
202,Tanzania,1995,NA,NA,NA
202,Tanzania,1996,NA,NA,NA
202,Tanzania,1997,NA,NA,NA
202,Tanzania,1998,NA,NA,NA
202,Tanzania,1999,NA,NA,NA
202,Tanzania,2000,NA,NA,NA
202,Tanzania,2001,NA,NA,NA
202,Tanzania,2002,NA,NA,NA
202,Tanzania,2003,NA,NA,NA
202,Tanzania,2004,NA,NA,NA
202,Tanzania,2005,NA,NA,NA
202,Tanzania,2006,NA,NA,NA
202,Tanzania,2007,NA,NA,NA
202,Tanzania,2008,NA,NA,NA
202,Tanzania,2009,NA,NA,NA
202,Tanzania,2010,NA,NA,NA
202,Tanzania,2011,NA,NA,NA
202,Tanzania,2012,NA,NA,NA
202,Tanzania,2013,NA,NA,NA
202,Tanzania,2014,NA,NA,NA
202,Tanzania,2015,NA,NA,NA
202,Tanzania,2016,NA,NA,NA
202,Tanzania,2017,NA,NA,NA
202,Tanzania,2018,NA,NA,NA
202,Tanzania,2019,NA,NA,NA
202,Tanzania,2020,NA,NA,NA
202,Tanzania,2021,12337,19110,31447
202,Tanzania,2022,NA,NA,NA
203,India,1995,136644,NA,NA
203,India,1996,140120,NA,NA
203,India,1997,159877,NA,NA
203,India,1998,168196,NA,NA
203,India,1999,190671,NA,NA
203,India,2000,220107,NA,NA
203,India,2001,236470,NA,NA
203,India,2002,269598,NA,NA
203,India,2003,309038,NA,NA
203,India,2004,366268,NA,NA
203,India,2005,392014,NA,NA
203,India,2006,462321,NA,NA
203,India,2007,526564,NA,NA
203,India,2008,563034,NA,NA
203,India,2009,668800,NA,NA
203,India,2010,747700,NA,NA
203,India,2011,864533,NA,NA
203,India,2012,1045050,NA,NA
203,India,2013,1142529,NA,NA
203,India,2014,1282802,NA,NA
203,India,2015,1431974,NA,NA
203,India,2016,1615389,NA,NA
203,India,2017,1657546,NA,NA
203,India,2018,1853788,NA,NA
203,India,2019,2321983,NA,NA
203,India,2020,610216,NA,NA
203,India,2021,677632,NA,NA
203,India,2022,1731010,NA,NA
204,Bangladesh,1995,NA,NA,NA
204,Bangladesh,1996,NA,NA,NA
204,Bangladesh,1997,NA,NA,NA
204,Bangladesh,1998,NA,NA,NA
204,Bangladesh,1999,NA,NA,NA
204,Bangladesh,2000,NA,NA,NA
204,Bangladesh,2001,NA,NA,NA
204,Bangladesh,2002,NA,NA,NA
204,Bangladesh,2003,NA,NA,NA
204,Bangladesh,2004,NA,NA,NA
204,Bangladesh,2005,NA,NA,NA
204,Bangladesh,2006,NA,NA,NA
204,Bangladesh,2007,NA,NA,NA
204,Bangladesh,2008,NA,NA,NA
204,Bangladesh,2009,NA,NA,NA
204,Bangladesh,2010,NA,NA,NA
204,Bangladesh,2011,NA,NA,NA
204,Bangladesh,2012,NA,NA,NA
204,Bangladesh,2013,NA,NA,NA
204,Bangladesh,2014,NA,NA,NA
204,Bangladesh,2015,NA,NA,NA
204,Bangladesh,2016,NA,NA,NA
204,Bangladesh,2017,NA,NA,NA
204,Bangladesh,2018,NA,NA,NA
204,Bangladesh,2019,NA,NA,NA
204,Bangladesh,2020,NA,NA,NA
204,Bangladesh,2021,NA,NA,NA
204,Bangladesh,2022,NA,NA,NA
205,Myanmar,1995,NA,NA,NA
205,Myanmar,1996,NA,NA,NA
205,Myanmar,1997,NA,NA,NA
205,Myanmar,1998,NA,NA,NA
205,Myanmar,1999,NA,NA,NA
205,Myanmar,2000,NA,NA,NA
205,Myanmar,2001,NA,NA,NA
205,Myanmar,2002,NA,NA,NA
205,Myanmar,2003,NA,NA,NA
205,Myanmar,2004,NA,NA,NA
205,Myanmar,2005,NA,NA,NA
205,Myanmar,2006,NA,NA,NA
205,Myanmar,2007,NA,NA,NA
205,Myanmar,2008,NA,NA,NA
205,Myanmar,2009,NA,NA,NA
205,Myanmar,2010,NA,NA,NA
205,Myanmar,2011,NA,NA,NA
205,Myanmar,2012,NA,NA,NA
205,Myanmar,2013,NA,NA,NA
205,Myanmar,2014,NA,NA,NA
205,Myanmar,2015,NA,NA,NA
205,Myanmar,2016,NA,NA,NA
205,Myanmar,2017,NA,NA,NA
205,Myanmar,2018,NA,NA,NA
205,Myanmar,2019,NA,NA,NA
205,Myanmar,2020,NA,NA,NA
205,Myanmar,2021,NA,NA,NA
205,Myanmar,2022,NA,NA,NA
206,Malaysia,1995,NA,NA,NA
206,Malaysia,1996,NA,NA,NA
206,Malaysia,1997,NA,NA,NA
206,Malaysia,1998,NA,NA,NA
206,Malaysia,1999,NA,NA,NA
206,Malaysia,2000,NA,NA,NA
206,Malaysia,2001,NA,NA,NA
206,Malaysia,2002,NA,NA,NA
206,Malaysia,2003,NA,NA,NA
206,Malaysia,2004,NA,NA,NA
206,Malaysia,2005,NA,NA,NA
206,Malaysia,2006,NA,NA,NA
206,Malaysia,2007,NA,NA,NA
206,Malaysia,2008,29380,33903,63283
206,Malaysia,2009,35524,54981,90505
206,Malaysia,2010,43818,94035,137853
206,Malaysia,2011,51543,111292,162835
206,Malaysia,2012,55364,119084,174448
206,Malaysia,2013,63115,130119,193274
206,Malaysia,2014,71735,145717,217452
206,Malaysia,2015,80563,154628,235191
206,Malaysia,2016,84712,169166,253878
206,Malaysia,2017,91500,184648,276148
206,Malaysia,2018,101547,200868,302415
206,Malaysia,2019,113673,218705,332378
206,Malaysia,2020,48286,98704,146990
206,Malaysia,2021,15542,56857,72399
206,Malaysia,2022,71916,135869,207785
207,Vietnam,1995,NA,NA,NA
207,Vietnam,1996,NA,NA,NA
207,Vietnam,1997,NA,NA,NA
207,Vietnam,1998,NA,NA,NA
207,Vietnam,1999,NA,NA,NA
207,Vietnam,2000,NA,NA,11200
207,Vietnam,2001,NA,NA,11700
207,Vietnam,2002,NA,NA,13000
207,Vietnam,2003,NA,NA,13500
207,Vietnam,2004,NA,NA,14500
207,Vietnam,2005,NA,NA,16100
207,Vietnam,2006,NA,NA,17500
207,Vietnam,2007,NA,NA,19200
207,Vietnam,2008,NA,NA,20500
207,Vietnam,2009,NA,NA,25000
207,Vietnam,2010,NA,NA,28000
207,Vietnam,2011,NA,NA,30000
207,Vietnam,2012,NA,NA,32500
207,Vietnam,2013,NA,NA,35000
207,Vietnam,2014,NA,NA,38500
207,Vietnam,2015,NA,NA,57000
207,Vietnam,2016,29200,32800,62000
207,Vietnam,2017,35700,37500,73200
207,Vietnam,2018,38600,41400,80000
207,Vietnam,2019,43500,41500,85000
207,Vietnam,2020,28700,27300,56000
207,Vietnam,2021,19000,21000,40000
207,Vietnam,2022,66700,34600,101300
208,Singapore,1995,NA,NA,NA
208,Singapore,1996,NA,NA,NA
208,Singapore,1997,NA,NA,NA
208,Singapore,1998,NA,NA,NA
208,Singapore,1999,NA,NA,NA
208,Singapore,2000,NA,NA,NA
208,Singapore,2001,NA,NA,NA
208,Singapore,2002,NA,NA,NA
208,Singapore,2003,NA,NA,NA
208,Singapore,2004,NA,NA,NA
208,Singapore,2005,NA,NA,NA
208,Singapore,2006,NA,NA,NA
208,Singapore,2007,NA,NA,NA
208,Singapore,2008,NA,NA,NA
208,Singapore,2009,NA,NA,NA
208,Singapore,2010,NA,NA,NA
208,Singapore,2011,NA,NA,NA
208,Singapore,2012,NA,NA,NA
208,Singapore,2013,NA,NA,NA
208,Singapore,2014,NA,NA,NA
208,Singapore,2015,NA,NA,NA
208,Singapore,2016,NA,NA,NA
208,Singapore,2017,NA,NA,NA
208,Singapore,2018,NA,NA,NA
208,Singapore,2019,NA,NA,NA
208,Singapore,2020,NA,NA,NA
208,Singapore,2021,NA,NA,NA
208,Singapore,2022,NA,NA,NA
209,China,1995,NA,NA,629000
209,China,1996,NA,NA,640000
209,China,1997,NA,NA,644000
209,China,1998,NA,NA,695000
209,China,1999,NA,NA,719000
209,China,2000,NA,NA,744000
209,China,2001,NA,NA,784000
209,China,2002,NA,NA,878000
209,China,2003,NA,NA,870000
209,China,2004,NA,NA,1102000
209,China,2005,NA,NA,1212000
209,China,2006,NA,NA,1394000
209,China,2007,NA,NA,1610000
209,China,2008,NA,NA,1712000
209,China,2009,NA,NA,1902000
209,China,2010,NA,NA,2103000
209,China,2011,NA,NA,2641000
209,China,2012,NA,NA,2957000
209,China,2013,NA,NA,3262000
209,China,2014,NA,NA,3611000
209,China,2015,NA,NA,3990000
209,China,2016,NA,NA,4435000
209,China,2017,NA,NA,5010000
209,China,2018,NA,NA,5539000
209,China,2019,NA,NA,6005852
209,China,2020,NA,NA,2879000
209,China,2021,NA,NA,3246000
209,China,2022,NA,NA,2530000
210,Japan,1995,NA,NA,NA
210,Japan,1996,NA,NA,NA
210,Japan,1997,NA,NA,NA
210,Japan,1998,NA,NA,NA
210,Japan,1999,NA,NA,NA
210,Japan,2000,NA,NA,NA
210,Japan,2001,NA,NA,NA
210,Japan,2002,NA,NA,NA
210,Japan,2003,NA,NA,NA
210,Japan,2004,NA,NA,NA
210,Japan,2005,NA,NA,NA
210,Japan,2006,NA,NA,NA
210,Japan,2007,NA,NA,NA
210,Japan,2008,362898,371660,734558
210,Japan,2009,348247,354649,702896
210,Japan,2010,317533,314063,631596
210,Japan,2011,313561,298964,612525
210,Japan,2012,315549,297201,612750
210,Japan,2013,320416,310534,630950
210,Japan,2014,297343,297878,595221
210,Japan,2015,312985,291730,604715
210,Japan,2016,325658,315422,641079
210,Japan,2017,323328,324182,647510
210,Japan,2018,291052,270727,561779
210,Japan,2019,311624,275478,587103
210,Japan,2020,160703,132705,293408
210,Japan,2021,141768,126440,268208
210,Japan,2022,232467,185387,417854
212,Kiribati,1995,NA,NA,NA
212,Kiribati,1996,NA,NA,NA
212,Kiribati,1997,NA,NA,NA
212,Kiribati,1998,NA,NA,NA
212,Kiribati,1999,NA,NA,NA
212,Kiribati,2000,NA,NA,NA
212,Kiribati,2001,NA,NA,NA
212,Kiribati,2002,NA,NA,NA
212,Kiribati,2003,NA,NA,NA
212,Kiribati,2004,NA,NA,NA
212,Kiribati,2005,NA,NA,NA
212,Kiribati,2006,NA,NA,NA
212,Kiribati,2007,NA,NA,NA
212,Kiribati,2008,NA,NA,NA
212,Kiribati,2009,NA,NA,NA
212,Kiribati,2010,NA,NA,NA
212,Kiribati,2011,NA,NA,NA
212,Kiribati,2012,NA,NA,NA
212,Kiribati,2013,NA,NA,NA
212,Kiribati,2014,NA,NA,NA
212,Kiribati,2015,NA,NA,NA
212,Kiribati,2016,NA,NA,NA
212,Kiribati,2017,NA,NA,NA
212,Kiribati,2018,NA,NA,NA
212,Kiribati,2019,NA,NA,NA
212,Kiribati,2020,NA,NA,NA
212,Kiribati,2021,NA,NA,NA
212,Kiribati,2022,NA,NA,NA
214,Egypt,1995,NA,NA,NA
214,Egypt,1996,NA,NA,NA
214,Egypt,1997,NA,NA,NA
214,Egypt,1998,NA,NA,NA
214,Egypt,1999,NA,NA,NA
214,Egypt,2000,NA,NA,NA
214,Egypt,2001,NA,NA,NA
214,Egypt,2002,NA,NA,NA
214,Egypt,2003,NA,NA,NA
214,Egypt,2004,NA,NA,NA
214,Egypt,2005,NA,NA,NA
214,Egypt,2006,NA,NA,NA
214,Egypt,2007,NA,NA,NA
214,Egypt,2008,NA,NA,NA
214,Egypt,2009,8809,13410,22219
214,Egypt,2010,9027,13742,22769
214,Egypt,2011,8180,12450,20630
214,Egypt,2012,8300,12635,20935
214,Egypt,2013,9698,14770,24468
214,Egypt,2014,9931,15147,25077
214,Egypt,2015,10176,15521,25697
214,Egypt,2016,NA,NA,NA
214,Egypt,2017,NA,NA,NA
214,Egypt,2018,NA,NA,NA
214,Egypt,2019,NA,NA,NA
214,Egypt,2020,NA,NA,NA
214,Egypt,2021,NA,NA,NA
214,Egypt,2022,NA,NA,NA
215,Jordan,1995,NA,NA,NA
215,Jordan,1996,NA,NA,NA
215,Jordan,1997,NA,NA,NA
215,Jordan,1998,NA,NA,NA
215,Jordan,1999,NA,NA,NA
215,Jordan,2000,NA,NA,NA
215,Jordan,2001,NA,NA,NA
215,Jordan,2002,NA,NA,NA
215,Jordan,2003,NA,NA,NA
215,Jordan,2004,NA,NA,NA
215,Jordan,2005,NA,NA,NA
215,Jordan,2006,NA,NA,NA
215,Jordan,2007,NA,NA,NA
215,Jordan,2008,258,950,1208
215,Jordan,2009,NA,NA,NA
215,Jordan,2010,NA,NA,NA
215,Jordan,2011,NA,NA,NA
215,Jordan,2012,NA,NA,NA
215,Jordan,2013,NA,NA,NA
215,Jordan,2014,NA,NA,NA
215,Jordan,2015,NA,NA,NA
215,Jordan,2016,NA,NA,NA
215,Jordan,2017,NA,NA,NA
215,Jordan,2018,NA,NA,NA
215,Jordan,2019,NA,NA,NA
215,Jordan,2020,NA,NA,NA
215,Jordan,2021,NA,NA,NA
215,Jordan,2022,NA,NA,NA
216,Indonesia,1995,NA,NA,NA
216,Indonesia,1996,NA,NA,NA
216,Indonesia,1997,NA,NA,NA
216,Indonesia,1998,NA,NA,NA
216,Indonesia,1999,NA,NA,NA
216,Indonesia,2000,NA,NA,NA
216,Indonesia,2001,NA,NA,NA
216,Indonesia,2002,NA,NA,200589
216,Indonesia,2003,NA,NA,NA
216,Indonesia,2004,NA,NA,NA
216,Indonesia,2005,NA,NA,NA
216,Indonesia,2006,NA,NA,204553
216,Indonesia,2007,NA,NA,222389
216,Indonesia,2008,NA,NA,225041
216,Indonesia,2009,NA,NA,229730
216,Indonesia,2010,NA,NA,234377
216,Indonesia,2011,NA,NA,236751
216,Indonesia,2012,NA,NA,245290
216,Indonesia,2013,NA,NA,250036
216,Indonesia,2014,NA,NA,251237
216,Indonesia,2015,NA,NA,256419
216,Indonesia,2016,NA,NA,264338
216,Indonesia,2017,NA,NA,270822
216,Indonesia,2018,NA,NA,303403
216,Indonesia,2019,354353,367806,722159
216,Indonesia,2020,358068,160521,518589
216,Indonesia,2021,399524,203496,603020
216,Indonesia,2022,497334,237531,734865
218,Canada,1995,NA,NA,NA
218,Canada,1996,NA,NA,NA
218,Canada,1997,NA,NA,NA
218,Canada,1998,NA,NA,NA
218,Canada,1999,NA,NA,NA
218,Canada,2000,NA,NA,NA
218,Canada,2001,NA,NA,NA
218,Canada,2002,NA,NA,NA
218,Canada,2003,NA,NA,NA
218,Canada,2004,NA,NA,NA
218,Canada,2005,NA,NA,NA
218,Canada,2006,87327,120838,208165
218,Canada,2007,88541,126017,214559
218,Canada,2008,87647,126851,214498
218,Canada,2009,91386,135735,227121
218,Canada,2010,92143,137016,229158
218,Canada,2011,105743,211278,317021
218,Canada,2012,108393,207861,316254
218,Canada,2013,108924.5,211341.8,320266.3
218,Canada,2014,108646.5,209562.2,318208.7
218,Canada,2015,109804.8,205940.9,315745.7
218,Canada,2016,113052.6,206262.4,319315
218,Canada,2017,115036.7,210771.6,325808.2
218,Canada,2018,95445,182615,278060
218,Canada,2019,93665,181753,275418
218,Canada,2020,68247,129785,198032
218,Canada,2021,69461,133532,202993.2
218,Canada,2022,90833,167997.5,258830.5
220,Sint Maarten,1995,NA,NA,NA
220,Sint Maarten,1996,NA,NA,NA
220,Sint Maarten,1997,NA,NA,NA
220,Sint Maarten,1998,NA,NA,NA
220,Sint Maarten,1999,NA,NA,NA
220,Sint Maarten,2000,NA,NA,NA
220,Sint Maarten,2001,NA,NA,NA
220,Sint Maarten,2002,NA,NA,NA
220,Sint Maarten,2003,NA,NA,NA
220,Sint Maarten,2004,NA,NA,NA
220,Sint Maarten,2005,NA,NA,NA
220,Sint Maarten,2006,NA,NA,NA
220,Sint Maarten,2007,NA,NA,NA
220,Sint Maarten,2008,NA,NA,NA
220,Sint Maarten,2009,NA,NA,NA
220,Sint Maarten,2010,NA,NA,NA
220,Sint Maarten,2011,NA,NA,NA
220,Sint Maarten,2012,NA,NA,NA
220,Sint Maarten,2013,NA,NA,NA
220,Sint Maarten,2014,NA,NA,NA
220,Sint Maarten,2015,NA,NA,NA
220,Sint Maarten,2016,NA,NA,NA
220,Sint Maarten,2017,NA,NA,NA
220,Sint Maarten,2018,NA,NA,NA
220,Sint Maarten,2019,NA,NA,NA
220,Sint Maarten,2020,NA,NA,NA
220,Sint Maarten,2021,NA,NA,NA
220,Sint Maarten,2022,NA,NA,NA
222,Sweden,1995,NA,NA,NA
222,Sweden,1996,NA,NA,NA
222,Sweden,1997,NA,NA,NA
222,Sweden,1998,NA,NA,NA
222,Sweden,1999,NA,NA,NA
222,Sweden,2000,NA,NA,NA
222,Sweden,2001,NA,NA,NA
222,Sweden,2002,NA,NA,NA
222,Sweden,2003,NA,NA,NA
222,Sweden,2004,NA,NA,NA
222,Sweden,2005,NA,NA,NA
222,Sweden,2006,NA,NA,NA
222,Sweden,2007,NA,NA,NA
222,Sweden,2008,NA,NA,NA
222,Sweden,2009,39068,NA,NA
222,Sweden,2010,44670,NA,NA
222,Sweden,2011,44756,NA,NA
222,Sweden,2012,44449,NA,NA
222,Sweden,2013,48926,NA,NA
222,Sweden,2014,NA,NA,NA
222,Sweden,2015,NA,NA,NA
222,Sweden,2016,NA,NA,NA
222,Sweden,2017,37316,16900,54217
222,Sweden,2018,35686,20194,55880
222,Sweden,2019,36891,19280,56171
222,Sweden,2020,49831,78961,128792
222,Sweden,2021,5185,71484,122669
222,Sweden,2022,NA,NA,NA
223,Norway,1995,NA,NA,NA
223,Norway,1996,NA,NA,NA
223,Norway,1997,NA,NA,NA
223,Norway,1998,NA,NA,NA
223,Norway,1999,NA,NA,NA
223,Norway,2000,NA,NA,NA
223,Norway,2001,NA,NA,NA
223,Norway,2002,NA,NA,NA
223,Norway,2003,NA,NA,NA
223,Norway,2004,NA,NA,NA
223,Norway,2005,NA,NA,NA
223,Norway,2006,NA,NA,NA
223,Norway,2007,NA,NA,NA
223,Norway,2008,NA,NA,NA
223,Norway,2009,14540,NA,NA
223,Norway,2010,15260,NA,NA
223,Norway,2011,14160,NA,NA
223,Norway,2012,13280,NA,NA
223,Norway,2013,15060,NA,NA
223,Norway,2014,15450,NA,NA
223,Norway,2015,13770,NA,NA
223,Norway,2016,13840,NA,NA
223,Norway,2017,15080,NA,NA
223,Norway,2018,18970,NA,NA
223,Norway,2019,14710,NA,NA
223,Norway,2020,16580,NA,NA
223,Norway,2021,20450,NA,NA
223,Norway,2022,21780,NA,NA
224,Chile,1995,NA,NA,NA
224,Chile,1996,NA,NA,NA
224,Chile,1997,NA,NA,NA
224,Chile,1998,NA,NA,NA
224,Chile,1999,NA,NA,NA
224,Chile,2000,NA,NA,NA
224,Chile,2001,NA,NA,NA
224,Chile,2002,NA,NA,NA
224,Chile,2003,NA,NA,NA
224,Chile,2004,NA,NA,NA
224,Chile,2005,NA,NA,NA
224,Chile,2006,NA,NA,NA
224,Chile,2007,NA,NA,NA
224,Chile,2008,NA,NA,NA
224,Chile,2009,NA,NA,NA
224,Chile,2010,NA,NA,NA
224,Chile,2011,20740,19438,40178
224,Chile,2012,20506,20917,41423
224,Chile,2013,21531,21335,42867
224,Chile,2014,22823,21762,44585
224,Chile,2015,21813,22457,44270
224,Chile,2016,22570,23236,45806
224,Chile,2017,46016.37586362426,17756.41041318396,63772.78627680821
224,Chile,2018,52973.666004832776,20370.042220887506,73343.70822572029
224,Chile,2019,53748.581127915626,20710.737319918604,74459.31844783423
224,Chile,2020,39322.78386933118,15102.452352019545,54425.23622135072
224,Chile,2021,49201.29601546767,19315.01874146877,68516.31475693644
224,Chile,2022,61092.787,24786.614174957977,85879.40117495798
231,East Timor,1995,NA,NA,NA
231,East Timor,1996,NA,NA,NA
231,East Timor,1997,NA,NA,NA
231,East Timor,1998,NA,NA,NA
231,East Timor,1999,NA,NA,NA
231,East Timor,2000,NA,NA,NA
231,East Timor,2001,NA,NA,NA
231,East Timor,2002,NA,NA,NA
231,East Timor,2003,NA,NA,NA
231,East Timor,2004,NA,NA,NA
231,East Timor,2005,NA,NA,NA
231,East Timor,2006,NA,NA,NA
231,East Timor,2007,NA,NA,NA
231,East Timor,2008,NA,NA,NA
231,East Timor,2009,NA,NA,NA
231,East Timor,2010,NA,NA,NA
231,East Timor,2011,NA,NA,NA
231,East Timor,2012,NA,NA,NA
231,East Timor,2013,NA,NA,NA
231,East Timor,2014,NA,NA,NA
231,East Timor,2015,NA,NA,NA
231,East Timor,2016,NA,NA,NA
231,East Timor,2017,NA,NA,NA
231,East Timor,2018,NA,NA,NA
231,East Timor,2019,NA,NA,NA
231,East Timor,2020,NA,NA,NA
231,East Timor,2021,NA,NA,NA
231,East Timor,2022,NA,NA,NA
232,Bosnia and Herzegovina,1995,NA,NA,NA
232,Bosnia and Herzegovina,1996,NA,NA,NA
232,Bosnia and Herzegovina,1997,NA,NA,NA
232,Bosnia and Herzegovina,1998,NA,NA,NA
232,Bosnia and Herzegovina,1999,NA,NA,NA
232,Bosnia and Herzegovina,2000,NA,NA,NA
232,Bosnia and Herzegovina,2001,NA,NA,NA
232,Bosnia and Herzegovina,2002,NA,NA,NA
232,Bosnia and Herzegovina,2003,NA,NA,NA
232,Bosnia and Herzegovina,2004,NA,NA,NA
232,Bosnia and Herzegovina,2005,NA,NA,NA
232,Bosnia and Herzegovina,2006,NA,NA,NA
232,Bosnia and Herzegovina,2007,NA,NA,NA
232,Bosnia and Herzegovina,2008,NA,NA,NA
232,Bosnia and Herzegovina,2009,NA,NA,NA
232,Bosnia and Herzegovina,2010,NA,NA,NA
232,Bosnia and Herzegovina,2011,NA,NA,NA
232,Bosnia and Herzegovina,2012,NA,NA,NA
232,Bosnia and Herzegovina,2013,NA,NA,NA
232,Bosnia and Herzegovina,2014,NA,NA,NA
232,Bosnia and Herzegovina,2015,NA,NA,NA
232,Bosnia and Herzegovina,2016,NA,NA,NA
232,Bosnia and Herzegovina,2017,NA,NA,NA
232,Bosnia and Herzegovina,2018,NA,NA,NA
232,Bosnia and Herzegovina,2019,NA,NA,NA
232,Bosnia and Herzegovina,2020,NA,NA,NA
232,Bosnia and Herzegovina,2021,NA,NA,NA
232,Bosnia and Herzegovina,2022,NA,NA,NA
244,Curacao,1995,NA,NA,NA
244,Curacao,1996,NA,NA,NA
244,Curacao,1997,NA,NA,NA
244,Curacao,1998,NA,NA,NA
244,Curacao,1999,NA,NA,NA
244,Curacao,2000,NA,NA,NA
244,Curacao,2001,NA,NA,NA
244,Curacao,2002,NA,NA,NA
244,Curacao,2003,NA,NA,NA
244,Curacao,2004,NA,NA,NA
244,Curacao,2005,NA,NA,NA
244,Curacao,2006,NA,NA,NA
244,Curacao,2007,NA,NA,NA
244,Curacao,2008,NA,NA,NA
244,Curacao,2009,NA,NA,NA
244,Curacao,2010,NA,NA,NA
244,Curacao,2011,NA,NA,NA
244,Curacao,2012,NA,NA,NA
244,Curacao,2013,NA,NA,NA
244,Curacao,2014,NA,NA,NA
244,Curacao,2015,NA,NA,NA
244,Curacao,2016,NA,NA,NA
244,Curacao,2017,NA,NA,NA
244,Curacao,2018,NA,NA,NA
244,Curacao,2019,NA,NA,NA
244,Curacao,2020,NA,NA,NA
244,Curacao,2021,NA,NA,NA
244,Curacao,2022,NA,NA,NA
245,Bonaire,1995,NA,NA,NA
245,Bonaire,1996,NA,NA,NA
245,Bonaire,1997,NA,NA,NA
245,Bonaire,1998,NA,NA,NA
245,Bonaire,1999,NA,NA,NA
245,Bonaire,2000,NA,NA,NA
245,Bonaire,2001,NA,NA,NA
245,Bonaire,2002,NA,NA,NA
245,Bonaire,2003,NA,NA,NA
245,Bonaire,2004,NA,NA,NA
245,Bonaire,2005,NA,NA,NA
245,Bonaire,2006,NA,NA,NA
245,Bonaire,2007,NA,NA,NA
245,Bonaire,2008,NA,NA,NA
245,Bonaire,2009,NA,NA,NA
245,Bonaire,2010,NA,NA,NA
245,Bonaire,2011,NA,NA,NA
245,Bonaire,2012,NA,NA,NA
245,Bonaire,2013,NA,NA,NA
245,Bonaire,2014,NA,NA,NA
245,Bonaire,2015,NA,NA,NA
245,Bonaire,2016,NA,NA,NA
245,Bonaire,2017,NA,NA,NA
245,Bonaire,2018,NA,NA,NA
245,Bonaire,2019,NA,NA,NA
245,Bonaire,2020,NA,NA,NA
245,Bonaire,2021,NA,NA,NA
245,Bonaire,2022,NA,NA,NA
247,Brunei,1995,NA,NA,NA
247,Brunei,1996,NA,NA,NA
247,Brunei,1997,NA,NA,NA
247,Brunei,1998,NA,NA,NA
247,Brunei,1999,NA,NA,NA
247,Brunei,2000,NA,NA,NA
247,Brunei,2001,NA,NA,NA
247,Brunei,2002,NA,NA,NA
247,Brunei,2003,NA,NA,NA
247,Brunei,2004,NA,NA,NA
247,Brunei,2005,NA,NA,NA
247,Brunei,2006,NA,NA,NA
247,Brunei,2007,NA,NA,NA
247,Brunei,2008,NA,NA,NA
247,Brunei,2009,NA,NA,NA
247,Brunei,2010,NA,NA,NA
247,Brunei,2011,NA,NA,NA
247,Brunei,2012,NA,NA,NA
247,Brunei,2013,NA,NA,NA
247,Brunei,2014,NA,NA,NA
247,Brunei,2015,NA,NA,NA
247,Brunei,2016,NA,NA,NA
247,Brunei,2017,NA,NA,NA
247,Brunei,2018,NA,NA,NA
247,Brunei,2019,NA,NA,NA
247,Brunei,2020,NA,NA,NA
247,Brunei,2021,NA,NA,NA
247,Brunei,2022,NA,NA,NA
248,Saba,1995,NA,NA,NA
248,Saba,1996,NA,NA,NA
248,Saba,1997,NA,NA,NA
248,Saba,1998,NA,NA,NA
248,Saba,1999,NA,NA,NA
248,Saba,2000,NA,NA,NA
248,Saba,2001,NA,NA,NA
248,Saba,2002,NA,NA,NA
248,Saba,2003,NA,NA,NA
248,Saba,2004,NA,NA,NA
248,Saba,2005,NA,NA,NA
248,Saba,2006,NA,NA,NA
248,Saba,2007,NA,NA,NA
248,Saba,2008,NA,NA,NA
248,Saba,2009,NA,NA,NA
248,Saba,2010,NA,NA,NA
248,Saba,2011,NA,NA,NA
248,Saba,2012,NA,NA,NA
248,Saba,2013,NA,NA,NA
248,Saba,2014,NA,NA,NA
248,Saba,2015,NA,NA,NA
248,Saba,2016,NA,NA,NA
248,Saba,2017,NA,NA,NA
248,Saba,2018,NA,NA,NA
248,Saba,2019,NA,NA,NA
248,Saba,2020,NA,NA,NA
248,Saba,2021,NA,NA,NA
248,Saba,2022,NA,NA,NA
249,Sint Eustatius,1995,NA,NA,NA
249,Sint Eustatius,1996,NA,NA,NA
249,Sint Eustatius,1997,NA,NA,NA
249,Sint Eustatius,1998,NA,NA,NA
249,Sint Eustatius,1999,NA,NA,NA
249,Sint Eustatius,2000,NA,NA,NA
249,Sint Eustatius,2001,NA,NA,NA
249,Sint Eustatius,2002,NA,NA,NA
249,Sint Eustatius,2003,NA,NA,NA
249,Sint Eustatius,2004,NA,NA,NA
249,Sint Eustatius,2005,NA,NA,NA
249,Sint Eustatius,2006,NA,NA,NA
249,Sint Eustatius,2007,NA,NA,NA
249,Sint Eustatius,2008,NA,NA,NA
249,Sint Eustatius,2009,NA,NA,NA
249,Sint Eustatius,2010,NA,NA,NA
249,Sint Eustatius,2011,NA,NA,NA
249,Sint Eustatius,2012,NA,NA,NA
249,Sint Eustatius,2013,NA,NA,NA
249,Sint Eustatius,2014,NA,NA,NA
249,Sint Eustatius,2015,NA,NA,NA
249,Sint Eustatius,2016,NA,NA,NA
249,Sint Eustatius,2017,NA,NA,NA
249,Sint Eustatius,2018,NA,NA,NA
249,Sint Eustatius,2019,NA,NA,NA
249,Sint Eustatius,2020,NA,NA,NA
249,Sint Eustatius,2021,NA,NA,NA
249,Sint Eustatius,2022,NA,NA,NA
250,Aruba,1995,NA,NA,NA
250,Aruba,1996,NA,NA,NA
250,Aruba,1997,NA,NA,NA
250,Aruba,1998,NA,NA,NA
250,Aruba,1999,NA,NA,NA
250,Aruba,2000,NA,NA,NA
250,Aruba,2001,NA,NA,NA
250,Aruba,2002,NA,NA,NA
250,Aruba,2003,NA,NA,NA
250,Aruba,2004,NA,NA,NA
250,Aruba,2005,NA,NA,NA
250,Aruba,2006,NA,NA,NA
250,Aruba,2007,NA,NA,NA
250,Aruba,2008,NA,NA,NA
250,Aruba,2009,NA,NA,NA
250,Aruba,2010,NA,NA,NA
250,Aruba,2011,NA,NA,NA
250,Aruba,2012,NA,NA,NA
250,Aruba,2013,NA,NA,NA
250,Aruba,2014,NA,NA,NA
250,Aruba,2015,NA,NA,NA
250,Aruba,2016,NA,NA,NA
250,Aruba,2017,NA,NA,NA
250,Aruba,2018,NA,NA,NA
250,Aruba,2019,NA,NA,NA
250,Aruba,2020,NA,NA,NA
250,Aruba,2021,NA,NA,NA
250,Aruba,2022,NA,NA,NA
