"rgn_id","sum_extent_km2_pts"
133,11.3872763
135,108.7965073
136,1.0975688
164,5.6250401
