rgn_id,year,score,product
1,2001,0.7176738072454841,fish_oil
1,2002,0.7118304003925391,fish_oil
1,2003,0.7065951821319828,fish_oil
1,2004,0.6999689049709017,fish_oil
1,2005,0.6932617801970079,fish_oil
1,2006,0.6890252822366122,fish_oil
1,2007,0.6828393890434938,fish_oil
1,2008,0.6769305546894883,fish_oil
1,2009,0.6707522378034702,fish_oil
1,2010,0.6648497550878392,fish_oil
1,2011,0.6604007034072837,fish_oil
1,2012,0.6565266332906845,fish_oil
1,2013,0.6475699643850328,fish_oil
1,2014,0.6416724160781389,fish_oil
1,2015,0.6353167991408039,fish_oil
1,2016,0.6320809643807199,fish_oil
1,2017,0.6290594011065287,fish_oil
1,2018,0.6268436945703972,fish_oil
1,2019,0.6276204217892406,fish_oil
2,2001,0.7176738072454841,fish_oil
2,2002,0.7118304003925391,fish_oil
2,2003,0.7065951821319827,fish_oil
2,2004,0.6999689049709017,fish_oil
2,2005,0.6932617801970079,fish_oil
2,2006,0.6890252822366123,fish_oil
2,2007,0.6828393890434938,fish_oil
2,2008,0.6769305546894883,fish_oil
2,2009,0.6707522378034702,fish_oil
2,2010,0.6648497550878392,fish_oil
2,2011,0.6604007034072837,fish_oil
2,2012,0.6565266332906845,fish_oil
2,2013,0.6475699643850328,fish_oil
2,2014,0.6416724160781389,fish_oil
2,2015,0.6353167991408037,fish_oil
2,2016,0.6320809643807199,fish_oil
2,2017,0.6290594011065287,fish_oil
2,2018,0.6268436945703971,fish_oil
2,2019,0.6276204217892407,fish_oil
3,2001,0.8970922590568551,fish_oil
3,2002,0.8897880004906739,fish_oil
3,2003,0.8832439776649784,fish_oil
3,2004,0.8749611312136271,fish_oil
3,2005,0.8665772252462597,fish_oil
3,2006,0.8612816027957654,fish_oil
3,2007,0.8535492363043672,fish_oil
3,2008,0.8461631933618603,fish_oil
3,2009,0.8384402972543377,fish_oil
3,2010,0.8310621938597988,fish_oil
3,2011,0.8255008792591046,fish_oil
3,2012,0.7952515710420828,fish_oil
3,2013,0.8094624554812908,fish_oil
3,2014,0.8020905200976736,fish_oil
3,2015,0.7941459989260047,fish_oil
3,2016,0.7901012054758998,fish_oil
3,2017,0.7863242513831608,fish_oil
3,2018,0.7835546182129963,fish_oil
3,2019,0.7845255272365508,fish_oil
5,2001,0.8406986077811682,fish_oil
5,2002,0.841090566574911,fish_oil
5,2003,0.8650173373638251,fish_oil
5,2004,0.8521756456742708,fish_oil
5,2005,0.8601728230322965,fish_oil
5,2006,0.8957675373971172,fish_oil
5,2007,0.8830142042019239,fish_oil
5,2008,0.8424283134987631,fish_oil
5,2009,0.827371827937479,fish_oil
5,2010,0.7735261044847069,fish_oil
5,2011,0.7602493033986637,fish_oil
5,2012,0.7418819752286524,fish_oil
5,2013,0.6662455108276785,fish_oil
5,2014,0.604134615978742,fish_oil
5,2015,0.5386331779513335,fish_oil
5,2016,0.47402986562309035,fish_oil
5,2017,0.43590762574911107,fish_oil
5,2018,0.39382699192620074,fish_oil
5,2019,0.38231662710541786,fish_oil
6,2001,0.7176738072454841,fish_oil
6,2002,0.7118304003925392,fish_oil
6,2003,0.7065951821319826,fish_oil
6,2004,0.6999689049709017,fish_oil
6,2005,0.6932617801970079,fish_oil
6,2006,0.6890252822366123,fish_oil
6,2007,0.6828393890434938,fish_oil
6,2008,0.6769305546894882,fish_oil
6,2009,0.6707522378034702,fish_oil
6,2010,0.6648497550878392,fish_oil
6,2011,0.6604007034072837,fish_oil
6,2012,0.6565266332906846,fish_oil
6,2013,0.6475699643850328,fish_oil
6,2014,0.641672416078139,fish_oil
6,2015,0.6353167991408037,fish_oil
6,2016,0.6320809643807199,fish_oil
6,2017,0.6290594011065287,fish_oil
6,2018,0.6268436945703972,fish_oil
6,2019,0.6276204217892407,fish_oil
7,2001,0.8970922590568551,fish_oil
7,2002,0.8897880004906737,fish_oil
7,2003,0.8832439776649783,fish_oil
7,2004,0.8749611312136272,fish_oil
7,2005,0.8665772252462598,fish_oil
7,2006,0.8612816027957653,fish_oil
7,2007,0.8535492363043672,fish_oil
7,2008,0.8461631933618603,fish_oil
7,2009,0.8384402972543377,fish_oil
7,2010,0.8310621938597988,fish_oil
7,2011,0.8255008792591046,fish_oil
7,2012,0.8206582916133555,fish_oil
7,2013,0.8094624554812909,fish_oil
7,2014,0.8020905200976736,fish_oil
7,2015,0.7941459989260046,fish_oil
7,2016,0.7901012054758999,fish_oil
7,2017,0.7863242513831608,fish_oil
7,2018,0.7835546182129963,fish_oil
7,2019,0.7845255272365508,fish_oil
8,2001,0.8002269104708943,fish_oil
8,2002,0.800222579170955,fish_oil
8,2003,0.800222441590164,fish_oil
8,2004,0.8002359881048025,fish_oil
8,2005,0.8002378351857057,fish_oil
8,2006,0.8,fish_oil
8,2007,0.8,fish_oil
8,2008,0.7564847200000001,fish_oil
8,2009,0.7353309440000001,fish_oil
8,2010,0.7217364800000001,fish_oil
8,2011,0.7003702880000002,fish_oil
8,2012,0.6714901280000001,fish_oil
8,2013,0.6260794240000002,fish_oil
8,2014,0.558366608,fish_oil
8,2015,0.4871068160000001,fish_oil
8,2016,0.43185531200000016,fish_oil
8,2017,0.3874870720000001,fish_oil
8,2018,0.36330006400000003,fish_oil
8,2019,0.3599960480000001,fish_oil
9,2001,0.8995954077053152,fish_oil
9,2002,0.9003150142964601,fish_oil
9,2003,0.9010631679894718,fish_oil
9,2004,0.9018420402150907,fish_oil
9,2005,0.9026526322734553,fish_oil
9,2006,0.89802174388783,fish_oil
9,2007,0.8969721195108521,fish_oil
9,2008,0.8713685874392116,fish_oil
9,2009,0.8582012137901511,fish_oil
9,2010,0.8491514709543523,fish_oil
9,2011,0.8355735154644606,fish_oil
9,2012,0.8175800815368625,fish_oil
9,2013,0.7920450950591378,fish_oil
9,2014,0.7538860787543487,fish_oil
9,2015,0.713677851283266,fish_oil
9,2016,0.6835804440181399,fish_oil
9,2017,0.6570655642322208,fish_oil
9,2018,0.6433794031504467,fish_oil
9,2019,0.6415107811530412,fish_oil
11,2001,0.7176738072454841,fish_oil
11,2002,0.7118304003925392,fish_oil
11,2003,0.7065951821319827,fish_oil
11,2004,0.6999689049709016,fish_oil
11,2005,0.6932617801970079,fish_oil
11,2006,0.6890252822366122,fish_oil
11,2007,0.6828393890434938,fish_oil
11,2008,0.6769305546894882,fish_oil
11,2009,0.6707522378034702,fish_oil
11,2010,0.6648497550878392,fish_oil
11,2011,0.6604007034072837,fish_oil
11,2012,0.6565266332906846,fish_oil
11,2013,0.6475699643850328,fish_oil
11,2014,0.6416724160781387,fish_oil
11,2015,0.6353167991408037,fish_oil
11,2016,0.6320809643807199,fish_oil
11,2017,0.6290594011065287,fish_oil
11,2018,0.6268436945703972,fish_oil
11,2019,0.6276204217892407,fish_oil
12,2001,0.7176738072454841,fish_oil
12,2002,0.7118304003925391,fish_oil
12,2003,0.7065951821319827,fish_oil
12,2004,0.6999689049709016,fish_oil
12,2005,0.6932617801970078,fish_oil
12,2006,0.6890252822366123,fish_oil
12,2007,0.6828393890434937,fish_oil
12,2008,0.6769305546894883,fish_oil
12,2009,0.6707522378034703,fish_oil
12,2010,0.6648497550878392,fish_oil
12,2011,0.6604007034072837,fish_oil
12,2012,0.6565266332906846,fish_oil
12,2013,0.6475699643850329,fish_oil
12,2014,0.641672416078139,fish_oil
12,2015,0.6353167991408039,fish_oil
12,2016,0.63208096438072,fish_oil
12,2017,0.6290594011065288,fish_oil
12,2018,0.6268436945703972,fish_oil
12,2019,0.6276204217892407,fish_oil
13,2001,0.8051564631340108,fish_oil
13,2002,0.804664592095611,fish_oil
13,2003,0.7992130101337153,fish_oil
13,2004,0.7863867004810822,fish_oil
13,2005,0.7810519965363604,fish_oil
13,2006,0.7737471449881856,fish_oil
13,2007,0.7729712039206247,fish_oil
13,2008,0.7956168903421356,fish_oil
13,2009,0.7717881090899251,fish_oil
13,2010,0.7585798712892263,fish_oil
13,2011,0.7558141527308284,fish_oil
13,2012,0.7648098276644996,fish_oil
13,2013,0.7485672727144437,fish_oil
13,2014,0.7042098342390982,fish_oil
13,2015,0.6850360625347031,fish_oil
13,2016,0.6779410794743397,fish_oil
13,2017,0.6659240468131195,fish_oil
13,2018,0.6539733447071027,fish_oil
13,2019,0.6501704362583894,fish_oil
14,2001,0.8440916281279685,fish_oil
14,2002,0.8450171661898302,fish_oil
14,2003,0.8550102217591139,fish_oil
14,2004,0.8244549359518406,fish_oil
14,2005,0.8544493920886149,fish_oil
14,2006,0.8453143356191847,fish_oil
14,2007,0.8541346127698896,fish_oil
14,2008,0.8610513560969043,fish_oil
14,2009,0.8578104637563929,fish_oil
14,2010,0.8715359390845963,fish_oil
14,2011,0.871272489617215,fish_oil
14,2012,0.8772883462076655,fish_oil
14,2013,0.88145081174739,fish_oil
14,2014,0.89252500597623885,fish_oil
14,2015,0.8963913556666105,fish_oil
14,2016,0.900871148136241,fish_oil
14,2017,0.9032109644193834,fish_oil
14,2018,0.8920604709126592,fish_oil
14,2019,0.9010156774170258,fish_oil
15,2001,0.9022416530575552,fish_oil
15,2002,0.9010613197759365,fish_oil
15,2003,0.9073388754912285,fish_oil
15,2004,0.9059042889133913,fish_oil
15,2005,0.905711934747033,fish_oil
15,2006,0.9169760493528877,fish_oil
15,2007,0.9170549946288611,fish_oil
15,2008,0.9073092571916063,fish_oil
15,2009,0.8964336608908388,fish_oil
15,2010,0.8702366199202802,fish_oil
15,2011,0.8543976880054642,fish_oil
15,2012,0.8462043882621157,fish_oil
15,2013,0.840068087944532,fish_oil
15,2014,0.8281540616005272,fish_oil
15,2015,0.8217320717719477,fish_oil
15,2016,0.8216332475396287,fish_oil
15,2017,0.8242273918981032,fish_oil
15,2018,0.8450178821449852,fish_oil
15,2019,0.8514741659387892,fish_oil
16,2001,0.8450586725596697,fish_oil
16,2002,0.8949948018585331,fish_oil
16,2003,0.9172945115819203,fish_oil
16,2004,0.9337336964800655,fish_oil
16,2005,0.9469180365137608,fish_oil
16,2006,0.9312688208159264,fish_oil
16,2007,0.945664063648933,fish_oil
16,2008,0.9436896903534661,fish_oil
16,2009,0.9389504305709686,fish_oil
16,2010,0.9375035383500948,fish_oil
16,2011,0.9305879003213906,fish_oil
16,2012,0.9307747000715125,fish_oil
16,2013,0.9275284696964582,fish_oil
16,2014,0.9239122088482912,fish_oil
16,2015,0.9216354250790643,fish_oil
16,2016,0.9223395751467112,fish_oil
16,2017,0.9220315518780853,fish_oil
16,2018,0.9243796194770897,fish_oil
16,2019,0.9226870085261836,fish_oil
17,2001,0.7176738072454842,fish_oil
17,2002,0.7118304003925391,fish_oil
17,2003,0.7065951821319827,fish_oil
17,2004,0.6999689049709017,fish_oil
17,2005,0.6932617801970079,fish_oil
17,2006,0.6890252822366123,fish_oil
17,2007,0.682839389043494,fish_oil
17,2008,0.6769305546894883,fish_oil
17,2009,0.6707522378034702,fish_oil
17,2010,0.6648497550878392,fish_oil
17,2011,0.6604007034072837,fish_oil
17,2012,0.6565266332906845,fish_oil
17,2013,0.6475699643850328,fish_oil
17,2014,0.6416724160781389,fish_oil
17,2015,0.6353167991408037,fish_oil
17,2016,0.6320809643807199,fish_oil
17,2017,0.6290594011065287,fish_oil
17,2018,0.6268436945703971,fish_oil
17,2019,0.6276204217892407,fish_oil
18,2001,0.8744644804276773,fish_oil
18,2002,0.8285287937983882,fish_oil
18,2003,0.8046645612207884,fish_oil
18,2004,0.8097676121130825,fish_oil
18,2005,0.8115386231094669,fish_oil
18,2006,0.8137534491148518,fish_oil
18,2007,0.8087972771316123,fish_oil
18,2008,0.7637345520656403,fish_oil
18,2009,0.7428222950408352,fish_oil
18,2010,0.727294042695554,fish_oil
18,2011,0.7108566842108106,fish_oil
18,2012,0.6819701864212473,fish_oil
18,2013,0.636339876441158,fish_oil
18,2014,0.5676106578571439,fish_oil
18,2015,0.49473105161555586,fish_oil
18,2016,0.4390653682868943,fish_oil
18,2017,0.3939066973411659,fish_oil
18,2018,0.3693189733756294,fish_oil
18,2019,0.36596021931391054,fish_oil
19,2001,0.717673807245484,fish_oil
19,2002,0.7118304003925391,fish_oil
19,2003,0.7065951821319827,fish_oil
19,2004,0.6999689049709017,fish_oil
19,2005,0.6932617801970079,fish_oil
19,2006,0.6890252822366124,fish_oil
19,2007,0.682839389043494,fish_oil
19,2008,0.6769305546894884,fish_oil
19,2009,0.6707522378034703,fish_oil
19,2010,0.6648497550878392,fish_oil
19,2011,0.6604007034072837,fish_oil
19,2012,0.6565266332906845,fish_oil
19,2013,0.6475699643850327,fish_oil
19,2014,0.641672416078139,fish_oil
19,2015,0.6353167991408037,fish_oil
19,2016,0.6320809643807199,fish_oil
19,2017,0.6290594011065287,fish_oil
19,2018,0.6268436945703971,fish_oil
19,2019,0.6276204217892407,fish_oil
20,2001,0.4263907738481038,fish_oil
20,2002,0.46622323231701224,fish_oil
20,2003,0.5178510888477009,fish_oil
20,2004,0.5283750992579017,fish_oil
20,2005,0.5576373297995578,fish_oil
20,2006,0.57210415102914,fish_oil
20,2007,0.7027186829087189,fish_oil
20,2008,0.654749698372773,fish_oil
20,2009,0.5843088476668935,fish_oil
20,2010,0.5683850222350797,fish_oil
20,2011,0.5416542479774326,fish_oil
20,2012,0.5158566953446726,fish_oil
20,2013,0.5200268577232786,fish_oil
20,2014,0.51459652434624,fish_oil
20,2015,0.5598869994378286,fish_oil
20,2016,0.525868873838275,fish_oil
20,2017,0.48334361524143593,fish_oil
20,2018,0.47278173653414346,fish_oil
20,2019,0.4930917810941304,fish_oil
21,2001,0.8790391609530919,fish_oil
21,2002,0.8834662984633886,fish_oil
21,2003,0.8907121841163629,fish_oil
21,2004,0.8621756635324981,fish_oil
21,2005,0.8642971334832426,fish_oil
21,2006,0.8730231536671798,fish_oil
21,2007,0.8736999497276096,fish_oil
21,2008,0.8578701399036434,fish_oil
21,2009,0.8071739129235489,fish_oil
21,2010,0.7906128332449418,fish_oil
21,2011,0.7540739254188142,fish_oil
21,2012,0.7329029910590048,fish_oil
21,2013,0.7213878878267705,fish_oil
21,2014,0.7317176010318285,fish_oil
21,2015,0.7296740740040956,fish_oil
21,2016,0.6972046287799457,fish_oil
21,2017,0.6718027679957875,fish_oil
21,2018,0.7114559308229826,fish_oil
21,2019,0.6823277667771769,fish_oil
24,2001,0.8487013621853912,fish_oil
24,2002,0.8527219348758354,fish_oil
24,2003,0.8210512943975002,fish_oil
24,2004,0.7884529537334205,fish_oil
24,2005,0.7546682217592038,fish_oil
24,2006,0.7248156011700759,fish_oil
24,2007,0.6898476287110545,fish_oil
24,2008,0.6551664004447011,fish_oil
24,2009,0.6380183817786338,fish_oil
24,2010,0.6345727361616197,fish_oil
24,2011,0.6342803764180868,fish_oil
24,2012,0.6278589281866676,fish_oil
24,2013,0.6158404531916926,fish_oil
24,2014,0.5933250957384076,fish_oil
24,2015,0.5761625823141788,fish_oil
24,2016,0.5679245275641677,fish_oil
24,2017,0.5598312021797998,fish_oil
24,2018,0.5597023846124592,fish_oil
24,2019,0.5609089823850832,fish_oil
25,2001,0.8524868384215686,fish_oil
25,2002,0.85445639340974,fish_oil
25,2003,0.8413006399894767,fish_oil
25,2004,0.8252310234313421,fish_oil
25,2005,0.8145892655253696,fish_oil
25,2006,0.8019901077123298,fish_oil
25,2007,0.7839626686699571,fish_oil
25,2008,0.785321738052263,fish_oil
25,2009,0.7751053501955586,fish_oil
25,2010,0.765789621995467,fish_oil
25,2011,0.7598262836088175,fish_oil
25,2012,0.7542283579186438,fish_oil
25,2013,0.7379189238567958,fish_oil
25,2014,0.7184422820432068,fish_oil
25,2015,0.7170145045023454,fish_oil
25,2016,0.711963816917639,fish_oil
25,2017,0.698472228146089,fish_oil
25,2018,0.6994251485822587,fish_oil
25,2019,0.703397146451487,fish_oil
26,2001,0.915980345476246,fish_oil
26,2002,0.9152967660626371,fish_oil
26,2003,0.9145933607893237,fish_oil
26,2004,0.9137343892111198,fish_oil
26,2005,0.9130539803953693,fish_oil
26,2006,0.9122348794642363,fish_oil
26,2007,0.909413192001754,fish_oil
26,2008,0.9034183324498104,fish_oil
26,2009,0.9022453729009897,fish_oil
26,2010,0.9028723949900945,fish_oil
26,2011,0.9045275315701842,fish_oil
26,2012,0.9043811280792426,fish_oil
26,2013,0.9045187465353173,fish_oil
26,2014,0.9046672054849864,fish_oil
26,2015,0.9054565040502766,fish_oil
26,2016,0.9055002878635405,fish_oil
26,2017,0.9060194500195202,fish_oil
26,2018,0.9060802969072776,fish_oil
26,2019,0.9065366027015821,fish_oil
28,2001,0.7661652688859978,fish_oil
28,2002,0.7599270499068896,fish_oil
28,2003,0.7530817089621399,fish_oil
28,2004,0.7478834480546986,fish_oil
28,2005,0.7377016450220751,fish_oil
28,2006,0.733193570407021,fish_oil
28,2007,0.7264652381562552,fish_oil
28,2008,0.7201788911670012,fish_oil
28,2009,0.7136058586060837,fish_oil
28,2010,0.7073262630333147,fish_oil
28,2011,0.7025929682642863,fish_oil
28,2012,0.700422309403095,fish_oil
28,2013,0.7044250670557528,fish_oil
28,2014,0.7209685194273814,fish_oil
28,2015,0.713836226350024,fish_oil
28,2016,0.6862190170005718,fish_oil
28,2017,0.6813422966782827,fish_oil
28,2018,0.655965510570491,fish_oil
28,2019,0.6574830063743741,fish_oil
29,2001,0.7179735377739381,fish_oil
29,2002,0.7121476536537785,fish_oil
29,2003,0.7069865216527177,fish_oil
29,2004,0.7002448119018654,fish_oil
29,2005,0.6935189528943746,fish_oil
29,2006,0.6893802602212534,fish_oil
29,2007,0.6831864971181248,fish_oil
29,2008,0.6772920405316674,fish_oil
29,2009,0.6711394199172996,fish_oil
29,2010,0.6651921161161001,fish_oil
29,2011,0.6607452285685922,fish_oil
29,2012,0.6568736860637553,fish_oil
29,2013,0.6479185176584299,fish_oil
29,2014,0.6420283060937696,fish_oil
29,2015,0.6356645210567615,fish_oil
29,2016,0.6322911045084448,fish_oil
29,2017,0.6294039050865801,fish_oil
29,2018,0.6272245902767294,fish_oil
29,2019,0.6280621559571842,fish_oil
31,2001,0.9910154178100468,fish_oil
31,2002,0.9936053200472486,fish_oil
31,2003,0.9917284142666491,fish_oil
31,2004,0.9940697211815058,fish_oil
31,2005,0.9964678272130568,fish_oil
31,2006,0.9946205259810357,fish_oil
31,2007,0.9969043094599707,fish_oil
31,2008,0.9957049845807466,fish_oil
31,2009,0.9938808775844645,fish_oil
31,2010,0.9944971568047395,fish_oil
31,2011,0.9951737265269678,fish_oil
31,2012,0.9959068952111632,fish_oil
31,2013,0.9980687269223388,fish_oil
31,2014,0.9968761293749121,fish_oil
31,2015,0.9968087262545728,fish_oil
31,2016,0.9961235824997405,fish_oil
31,2017,0.9954020540745087,fish_oil
31,2018,0.99575134600852,fish_oil
31,2019,0.9954294046352536,fish_oil
32,2001,0.717673807245484,fish_oil
32,2002,0.7118304003925391,fish_oil
32,2003,0.7065951821319827,fish_oil
32,2004,0.6999689049709017,fish_oil
32,2005,0.6932617801970079,fish_oil
32,2006,0.6890252822366123,fish_oil
32,2007,0.6828393890434938,fish_oil
32,2008,0.6769305546894883,fish_oil
32,2009,0.6707522378034702,fish_oil
32,2010,0.6648497550878392,fish_oil
32,2011,0.6604007034072837,fish_oil
32,2012,NA,fish_oil
32,2013,0.6475699643850328,fish_oil
32,2014,NA,fish_oil
32,2015,NA,fish_oil
32,2016,0.7424505612946085,fish_oil
32,2017,0.7863242513831608,fish_oil
32,2018,0.6268436945703971,fish_oil
32,2019,0.6276204217892407,fish_oil
33,2001,NA,fish_oil
33,2002,0.7118304003925391,fish_oil
33,2003,NA,fish_oil
33,2004,NA,fish_oil
33,2005,NA,fish_oil
33,2006,NA,fish_oil
33,2007,NA,fish_oil
33,2008,NA,fish_oil
33,2009,NA,fish_oil
33,2010,0.7243537409972591,fish_oil
33,2011,0.7196043052738135,fish_oil
33,2012,NA,fish_oil
33,2013,NA,fish_oil
33,2014,NA,fish_oil
33,2015,NA,fish_oil
33,2016,NA,fish_oil
33,2017,NA,fish_oil
33,2018,NA,fish_oil
33,2019,NA,fish_oil
34,2001,NA,fish_oil
34,2002,0.7118304003925391,fish_oil
34,2003,NA,fish_oil
34,2004,NA,fish_oil
34,2005,NA,fish_oil
34,2006,NA,fish_oil
34,2007,NA,fish_oil
34,2008,NA,fish_oil
34,2009,NA,fish_oil
34,2010,0.7243537409972591,fish_oil
34,2011,0.7196043052738135,fish_oil
34,2012,NA,fish_oil
34,2013,NA,fish_oil
34,2014,NA,fish_oil
34,2015,NA,fish_oil
34,2016,NA,fish_oil
34,2017,NA,fish_oil
34,2018,NA,fish_oil
34,2019,NA,fish_oil
35,2001,NA,fish_oil
35,2002,0.7118304003925391,fish_oil
35,2003,NA,fish_oil
35,2004,NA,fish_oil
35,2005,NA,fish_oil
35,2006,NA,fish_oil
35,2007,NA,fish_oil
35,2008,NA,fish_oil
35,2009,NA,fish_oil
35,2010,0.7243537409972591,fish_oil
35,2011,0.7196043052738135,fish_oil
35,2012,NA,fish_oil
35,2013,NA,fish_oil
35,2014,NA,fish_oil
35,2015,NA,fish_oil
35,2016,NA,fish_oil
35,2017,NA,fish_oil
35,2018,NA,fish_oil
35,2019,NA,fish_oil
37,2001,0.719384663271906,fish_oil
37,2002,0.7125936204640967,fish_oil
37,2003,0.7133110041586603,fish_oil
37,2004,0.7051035803446078,fish_oil
37,2005,0.6937170773171709,fish_oil
37,2006,0.6903674866094363,fish_oil
37,2007,0.6828393890434938,fish_oil
37,2008,0.6769305546894883,fish_oil
37,2009,0.6707522378034702,fish_oil
37,2010,0.6648497550878392,fish_oil
37,2011,0.6604007034072836,fish_oil
37,2012,0.6565266332906846,fish_oil
37,2013,0.6534415811079474,fish_oil
37,2014,0.647649155781286,fish_oil
37,2015,0.6363343069699444,fish_oil
37,2016,0.6338528955382848,fish_oil
37,2017,0.6308144530882801,fish_oil
37,2018,0.6282326663158617,fish_oil
37,2019,0.6294686911193969,fish_oil
38,2001,NA,fish_oil
38,2002,0.7118304003925392,fish_oil
38,2003,NA,fish_oil
38,2004,NA,fish_oil
38,2005,NA,fish_oil
38,2006,NA,fish_oil
38,2007,NA,fish_oil
38,2008,NA,fish_oil
38,2009,NA,fish_oil
38,2010,NA,fish_oil
38,2011,NA,fish_oil
38,2012,NA,fish_oil
38,2013,NA,fish_oil
38,2014,NA,fish_oil
38,2015,NA,fish_oil
38,2016,NA,fish_oil
38,2017,NA,fish_oil
38,2018,NA,fish_oil
38,2019,NA,fish_oil
39,2001,0.8970922590568551,fish_oil
39,2002,0.8897880004906739,fish_oil
39,2003,0.8832439776649785,fish_oil
39,2004,0.8749611312136272,fish_oil
39,2005,0.8665772252462599,fish_oil
39,2006,0.8612816027957652,fish_oil
39,2007,0.853549236304367,fish_oil
39,2008,0.8461631933618603,fish_oil
39,2009,0.8384402972543377,fish_oil
39,2010,0.831062193859799,fish_oil
39,2011,0.8255008792591048,fish_oil
39,2012,0.8206582916133556,fish_oil
39,2013,0.809462455481291,fish_oil
39,2014,0.8020905200976736,fish_oil
39,2015,0.7941459989260048,fish_oil
39,2016,0.7901012054758998,fish_oil
39,2017,0.7863242513831608,fish_oil
39,2018,0.7835546182129962,fish_oil
39,2019,0.7845255272365508,fish_oil
40,2001,0.8893325380609589,fish_oil
40,2002,0.8896857123022041,fish_oil
40,2003,0.8696594744643651,fish_oil
40,2004,0.8708243824907619,fish_oil
40,2005,0.8887681227747188,fish_oil
40,2006,0.8868461943440813,fish_oil
40,2007,0.888254618601445,fish_oil
40,2008,0.8850133979665561,fish_oil
40,2009,0.8839427329608912,fish_oil
40,2010,0.8787446852109284,fish_oil
40,2011,0.8929462970520505,fish_oil
40,2012,0.8785179220261798,fish_oil
40,2013,0.8385282900102801,fish_oil
40,2014,0.7620479405762799,fish_oil
40,2015,0.7285289247031534,fish_oil
40,2016,0.6859543188405015,fish_oil
40,2017,0.6612311074226049,fish_oil
40,2018,0.660617678513216,fish_oil
40,2019,0.6406062832848761,fish_oil
41,2001,0.7176738072454842,fish_oil
41,2002,0.711830400392539,fish_oil
41,2003,0.7065951821319827,fish_oil
41,2004,0.6999689049709017,fish_oil
41,2005,0.6934101432928728,fish_oil
41,2006,0.6895063855216684,fish_oil
41,2007,0.683347849826843,fish_oil
41,2008,0.6772615764022694,fish_oil
41,2009,0.6718220630270498,fish_oil
41,2010,0.6649257305389784,fish_oil
41,2011,0.6605204368829369,fish_oil
41,2012,0.6565434824889622,fish_oil
41,2013,0.6491041236724714,fish_oil
41,2014,0.6429949129674007,fish_oil
41,2015,0.6353271985923554,fish_oil
41,2016,0.6320924725497952,fish_oil
41,2017,0.62909239230121206,fish_oil
41,2018,0.6268673085771104,fish_oil
41,2019,0.6276476319219724,fish_oil
42,2001,0.7176738072454841,fish_oil
42,2002,0.7118304003925392,fish_oil
42,2003,0.7065951821319827,fish_oil
42,2004,0.6999689049709017,fish_oil
42,2005,0.6932617801970079,fish_oil
42,2006,0.6890252822366123,fish_oil
42,2007,0.6828393890434938,fish_oil
42,2008,0.6779196863069488,fish_oil
42,2009,0.6707522378034702,fish_oil
42,2010,0.6651555340224754,fish_oil
42,2011,0.660617762807791,fish_oil
42,2012,0.6567892853769136,fish_oil
42,2013,0.6533458538569625,fish_oil
42,2014,0.6474632378376949,fish_oil
42,2015,0.6355937646639869,fish_oil
42,2016,0.6325754135277802,fish_oil
42,2017,0.6296267217142348,fish_oil
42,2018,0.6273822310341645,fish_oil
42,2019,0.6282626476930326,fish_oil
43,2001,0.7176738072454842,fish_oil
43,2002,0.7118304003925391,fish_oil
43,2003,0.7065951821319826,fish_oil
43,2004,0.6999689049709017,fish_oil
43,2005,0.6932617801970079,fish_oil
43,2006,0.6890252822366123,fish_oil
43,2007,0.6828393890434938,fish_oil
43,2008,0.6769305546894883,fish_oil
43,2009,0.6707522378034702,fish_oil
43,2010,0.6648497550878392,fish_oil
43,2011,0.8005989989347654,fish_oil
43,2012,0.8008930995979329,fish_oil
43,2013,0.800898564000812,fish_oil
43,2014,0.8033972840801114,fish_oil
43,2015,0.8091358508648274,fish_oil
43,2016,0.8146553786512495,fish_oil
43,2017,0.8081927564369993,fish_oil
43,2018,0.8071592234613996,fish_oil
43,2019,0.8075647174692069,fish_oil
44,2001,0.8631726459510306,fish_oil
44,2002,0.8605384120818067,fish_oil
44,2003,0.8664554977898268,fish_oil
44,2004,0.8591011514010077,fish_oil
44,2005,0.8718813008416749,fish_oil
44,2006,0.8713598182774323,fish_oil
44,2007,0.8606873343019599,fish_oil
44,2008,0.8626526553432795,fish_oil
44,2009,0.8634830641778493,fish_oil
44,2010,0.8790218686521623,fish_oil
44,2011,0.8711744661597661,fish_oil
44,2012,0.8771262217459092,fish_oil
44,2013,0.8726083380952386,fish_oil
44,2014,0.8782822200157294,fish_oil
44,2015,0.900073231800306,fish_oil
44,2016,0.9011153191134396,fish_oil
44,2017,0.9048850286639294,fish_oil
44,2018,0.904667062334768,fish_oil
44,2019,0.8955015397160816,fish_oil
45,2001,0.8108803393720189,fish_oil
45,2002,0.8060735483992091,fish_oil
45,2003,0.8085817176077692,fish_oil
45,2004,0.8067098101684251,fish_oil
45,2005,0.8056165170672875,fish_oil
45,2006,0.8124645394572885,fish_oil
45,2007,0.809215665398119,fish_oil
45,2008,0.8000000000000002,fish_oil
45,2009,0.8092204993164065,fish_oil
45,2010,0.8092758439108648,fish_oil
45,2011,0.8050495290407484,fish_oil
45,2012,0.8042590166296303,fish_oil
45,2013,0.8042596122928665,fish_oil
45,2014,0.8042595050514982,fish_oil
45,2015,0.8042598799783349,fish_oil
45,2016,0.8042598799783349,fish_oil
45,2017,0.8038254040632633,fish_oil
45,2018,0.8037646379463343,fish_oil
45,2019,0.8041682082428159,fish_oil
47,2001,0.8519947046109423,fish_oil
47,2002,0.8640087760697405,fish_oil
47,2003,0.889663111591125,fish_oil
47,2004,0.9005197509129411,fish_oil
47,2005,0.9181567370225159,fish_oil
47,2006,0.9446344431842766,fish_oil
47,2007,0.9395783227671434,fish_oil
47,2008,0.9435215570014915,fish_oil
47,2009,0.950298284543234,fish_oil
47,2010,0.9478860611167285,fish_oil
47,2011,0.9708261910646856,fish_oil
47,2012,0.9742896060787173,fish_oil
47,2013,0.973559730255869,fish_oil
47,2014,0.9724854802494952,fish_oil
47,2015,0.972167431711771,fish_oil
47,2016,0.9721111698985611,fish_oil
47,2017,0.9721097256949253,fish_oil
47,2018,0.971987790632522,fish_oil
47,2019,0.9719705409327156,fish_oil
48,2001,0.9962220283120111,fish_oil
48,2002,0.9866241158510392,fish_oil
48,2003,0.9946619710364846,fish_oil
48,2004,0.9829882098315403,fish_oil
48,2005,0.9897524249726262,fish_oil
48,2006,0.9891335586549808,fish_oil
48,2007,0.9876066240673483,fish_oil
48,2008,0.9915907059162102,fish_oil
48,2009,0.9957706754138328,fish_oil
48,2010,0.9712493354631977,fish_oil
48,2011,0.9821446729660676,fish_oil
48,2012,0.9852607303755473,fish_oil
48,2013,0.9847622137204857,fish_oil
48,2014,0.97747046487835,fish_oil
48,2015,0.9821483454625836,fish_oil
48,2016,0.9831199430174139,fish_oil
48,2017,0.9865331116960732,fish_oil
48,2018,0.989373616219867,fish_oil
48,2019,0.9855898274484555,fish_oil
49,2001,0.7176738072454841,fish_oil
49,2002,0.7623237953822051,fish_oil
49,2003,0.7647004918440943,fish_oil
49,2004,0.7497556662648824,fish_oil
49,2005,0.7415764442918436,fish_oil
49,2006,NA,fish_oil
49,2007,0.6828393890434938,fish_oil
49,2008,0.6769305546894882,fish_oil
49,2009,0.6999215440884824,fish_oil
49,2010,NA,fish_oil
49,2011,NA,fish_oil
49,2012,NA,fish_oil
49,2013,NA,fish_oil
49,2014,NA,fish_oil
49,2015,NA,fish_oil
49,2016,NA,fish_oil
49,2017,NA,fish_oil
49,2018,NA,fish_oil
49,2019,NA,fish_oil
50,2001,0.8930985205956845,fish_oil
50,2002,0.8792512663055054,fish_oil
50,2003,0.8699760550430833,fish_oil
50,2004,0.8807423050564173,fish_oil
50,2005,0.8616789734716327,fish_oil
50,2006,0.8669522479169512,fish_oil
50,2007,0.8617717827068061,fish_oil
50,2008,0.8559717557841173,fish_oil
50,2009,0.8553201409703771,fish_oil
50,2010,0.8660830575707362,fish_oil
50,2011,0.865606429804142,fish_oil
50,2012,0.8669022050627148,fish_oil
50,2013,0.8687096510369553,fish_oil
50,2014,0.8701789350717651,fish_oil
50,2015,0.8715089708337722,fish_oil
50,2016,0.8731216000167371,fish_oil
50,2017,0.881716854665168,fish_oil
50,2018,0.8813842930260647,fish_oil
50,2019,0.8830965425220649,fish_oil
51,2001,1,fish_oil
51,2002,1,fish_oil
51,2003,1,fish_oil
51,2004,1,fish_oil
51,2005,NA,fish_oil
51,2006,NA,fish_oil
51,2007,NA,fish_oil
51,2008,NA,fish_oil
51,2009,NA,fish_oil
51,2010,NA,fish_oil
51,2011,NA,fish_oil
51,2012,NA,fish_oil
51,2013,NA,fish_oil
51,2014,NA,fish_oil
51,2015,NA,fish_oil
51,2016,NA,fish_oil
51,2017,NA,fish_oil
51,2018,NA,fish_oil
51,2019,NA,fish_oil
52,2001,0.890602078889278,fish_oil
52,2002,0.9825790418230032,fish_oil
52,2003,0.9787963975668663,fish_oil
52,2004,0.9832827209980171,fish_oil
52,2005,0.9939928083513089,fish_oil
52,2006,0.9896102112642075,fish_oil
52,2007,0.9924087223415095,fish_oil
52,2008,0.9942040417264948,fish_oil
52,2009,0.9870536499768156,fish_oil
52,2010,0.9975381270684728,fish_oil
52,2011,0.9982255966123947,fish_oil
52,2012,0.9963247956238797,fish_oil
52,2013,0.996394764710418,fish_oil
52,2014,0.9954985985539302,fish_oil
52,2015,0.9956059293183717,fish_oil
52,2016,0.9942797077520436,fish_oil
52,2017,0.9950010308639508,fish_oil
52,2018,0.9950010308639508,fish_oil
52,2019,0.9950010308639508,fish_oil
53,2001,0.9734507480874859,fish_oil
53,2002,0.9748887430497089,fish_oil
53,2003,0.9744126332120362,fish_oil
53,2004,0.9821412986326694,fish_oil
53,2005,0.9822393746753368,fish_oil
53,2006,0.984673087744272,fish_oil
53,2007,0.9848120141788861,fish_oil
53,2008,0.9846043186733777,fish_oil
53,2009,0.9872904675546631,fish_oil
53,2010,0.9863897202244887,fish_oil
53,2011,0.9854336045466469,fish_oil
53,2012,0.9851355973611037,fish_oil
53,2013,0.9858839239575343,fish_oil
53,2014,0.9871172008201249,fish_oil
53,2015,0.9869171775078412,fish_oil
53,2016,0.9840875621191266,fish_oil
53,2017,0.9821568174555652,fish_oil
53,2018,0.9835289083943117,fish_oil
53,2019,0.9880350717587817,fish_oil
54,2001,0.9231518193578093,fish_oil
54,2002,0.949049005933373,fish_oil
54,2003,0.9476539197681453,fish_oil
54,2004,0.9198377638256504,fish_oil
54,2005,0.9495252591319038,fish_oil
54,2006,0.9352731223890138,fish_oil
54,2007,0.8903422579250195,fish_oil
54,2008,0.9014607636320893,fish_oil
54,2009,0.9287658782595573,fish_oil
54,2010,0.83096200956366,fish_oil
54,2011,0.8812933188266835,fish_oil
54,2012,0.8919793078979301,fish_oil
54,2013,0.880222572539083,fish_oil
54,2014,0.9178786051433058,fish_oil
54,2015,0.9435539506701348,fish_oil
54,2016,0.9385991912331112,fish_oil
54,2017,0.938800522651608,fish_oil
54,2018,0.9573322197013256,fish_oil
54,2019,0.9587339762226955,fish_oil
55,2001,0.9978581565065562,fish_oil
55,2002,0.9831652265340427,fish_oil
55,2003,0.9692217320164416,fish_oil
55,2004,0.9826998335408358,fish_oil
55,2005,0.9884429490453762,fish_oil
55,2006,0.9771596174996391,fish_oil
55,2007,0.9406589414145646,fish_oil
55,2008,0.9135684037766275,fish_oil
55,2009,0.8708827755412998,fish_oil
55,2010,0.8202122028905354,fish_oil
55,2011,0.7707975567506453,fish_oil
55,2012,0.7648910409592576,fish_oil
55,2013,0.7550234729155229,fish_oil
55,2014,0.7206484478263582,fish_oil
55,2015,0.719884184650224,fish_oil
55,2016,0.8103260877446951,fish_oil
55,2017,0.7499029161079342,fish_oil
55,2018,0.8221472574894986,fish_oil
55,2019,0.66766459909896,fish_oil
56,2001,0.8959901715608508,fish_oil
56,2002,0.8888615593428241,fish_oil
56,2003,0.882296938608028,fish_oil
56,2004,0.8739835360265429,fish_oil
56,2005,0.8657334963715698,fish_oil
56,2006,0.8603783178583033,fish_oil
56,2007,0.8525026495796039,fish_oil
56,2008,0.8451432813732127,fish_oil
56,2009,0.8373650785528054,fish_oil
56,2010,0.8086804212249344,fish_oil
56,2011,0.7972042633431419,fish_oil
56,2012,0.7915534291861567,fish_oil
56,2013,0.7838994132404612,fish_oil
56,2014,0.7600546546850239,fish_oil
56,2015,0.7649351738063357,fish_oil
56,2016,0.7270124726807932,fish_oil
56,2017,0.6107745975035611,fish_oil
56,2018,0.5855697619529808,fish_oil
56,2019,0.5358407312998958,fish_oil
57,2001,1,fish_oil
57,2002,1,fish_oil
57,2003,1,fish_oil
57,2004,1,fish_oil
57,2005,1,fish_oil
57,2006,1,fish_oil
57,2007,1,fish_oil
57,2008,1,fish_oil
57,2009,1,fish_oil
57,2010,0.9659945073756787,fish_oil
57,2011,0.9470810860134381,fish_oil
57,2012,0.9436542096345937,fish_oil
57,2013,0.9563949522663515,fish_oil
57,2014,0.9449154830434173,fish_oil
57,2015,0.8651073308410014,fish_oil
57,2016,0.8598616689795352,fish_oil
57,2017,0.7886053555576626,fish_oil
57,2018,0.9183045269120635,fish_oil
57,2019,0.8201359729991915,fish_oil
58,2001,0.9737556206221265,fish_oil
58,2002,0.9738484173091819,fish_oil
58,2003,0.9739092761647251,fish_oil
58,2004,0.9687736926754577,fish_oil
58,2005,0.9638277849315747,fish_oil
58,2006,0.9620249427544658,fish_oil
58,2007,0.961280458857347,fish_oil
58,2008,0.9591591609821123,fish_oil
58,2009,0.9573514949771705,fish_oil
58,2010,0.9532520926668776,fish_oil
58,2011,0.9559413212242953,fish_oil
58,2012,0.9526403590024027,fish_oil
58,2013,0.938907691934232,fish_oil
58,2014,0.9180711272857947,fish_oil
58,2015,0.9052897298525576,fish_oil
58,2016,0.889035746836531,fish_oil
58,2017,0.8823466634166621,fish_oil
58,2018,0.8838631670403461,fish_oil
58,2019,0.8756584608209934,fish_oil
59,2001,0.7223384428051507,fish_oil
59,2002,0.638104925479235,fish_oil
59,2003,0.6690033269565889,fish_oil
59,2004,0.6483502547283077,fish_oil
59,2005,0.5072024354226612,fish_oil
59,2006,0.7482704451111273,fish_oil
59,2007,0.7149977790230864,fish_oil
59,2008,0.5731274898281885,fish_oil
59,2009,0.5793364889776741,fish_oil
59,2010,0.7557653758694071,fish_oil
59,2011,0.7802492230212841,fish_oil
59,2012,0.6182713643900437,fish_oil
59,2013,0.6627708447077634,fish_oil
59,2014,0.4805392112587908,fish_oil
59,2015,0.8141977826589952,fish_oil
59,2016,0.6870090847751084,fish_oil
59,2017,0.5108810836860682,fish_oil
59,2018,0.48288865916011625,fish_oil
59,2019,0.46448093513515115,fish_oil
61,2001,0.8288304558196938,fish_oil
61,2002,0.8099962266311236,fish_oil
61,2003,0.791833574085858,fish_oil
61,2004,0.7795669624668611,fish_oil
61,2005,0.7688249455634651,fish_oil
61,2006,0.742614680611189,fish_oil
61,2007,0.7148110730478235,fish_oil
61,2008,0.6970256517442548,fish_oil
61,2009,0.6912021023405264,fish_oil
61,2010,0.7874277678316817,fish_oil
61,2011,0.7827353344445973,fish_oil
61,2012,0.775370914957202,fish_oil
61,2013,0.7785239777745045,fish_oil
61,2014,0.7549105520970895,fish_oil
61,2015,0.7461969314024881,fish_oil
61,2016,0.7370273426820536,fish_oil
61,2017,0.7336540175286413,fish_oil
61,2018,0.7318587100447735,fish_oil
61,2019,0.7317632222356593,fish_oil
62,2001,0.9821557684013928,fish_oil
62,2002,0.9718660021183134,fish_oil
62,2003,0.9712878694256172,fish_oil
62,2004,0.9687197442840789,fish_oil
62,2005,0.9613383435613699,fish_oil
62,2006,0.9487953878008859,fish_oil
62,2007,0.945540298769763,fish_oil
62,2008,0.9538735916530857,fish_oil
62,2009,0.9514881174083856,fish_oil
62,2010,0.9568162377227162,fish_oil
62,2011,0.9396831180770187,fish_oil
62,2012,0.9425211525230351,fish_oil
62,2013,0.9366437415298291,fish_oil
62,2014,0.9507920176517004,fish_oil
62,2015,0.9538290122829729,fish_oil
62,2016,0.9591231138450328,fish_oil
62,2017,0.9641039233259949,fish_oil
62,2018,0.9625065982324637,fish_oil
62,2019,0.9706051003743389,fish_oil
63,2001,0.9895751579779406,fish_oil
63,2002,0.9900123626906865,fish_oil
63,2003,0.9921046444986492,fish_oil
63,2004,0.9843465832874823,fish_oil
63,2005,0.982248926960478,fish_oil
63,2006,0.9777506503160011,fish_oil
63,2007,0.977073772357883,fish_oil
63,2008,0.9753559779391747,fish_oil
63,2009,0.973106662547064,fish_oil
63,2010,0.9717068092600122,fish_oil
63,2011,0.945810550602235,fish_oil
63,2012,0.9399070111693302,fish_oil
63,2013,0.9320959264596859,fish_oil
63,2014,0.9399869273124859,fish_oil
63,2015,0.9337667411385694,fish_oil
63,2016,0.9315668024181903,fish_oil
63,2017,0.9459739662617844,fish_oil
63,2018,0.9431117198244244,fish_oil
63,2019,0.9692845816603896,fish_oil
64,2001,0.9936230354348387,fish_oil
64,2002,0.9928206356840281,fish_oil
64,2003,0.9912484277057725,fish_oil
64,2004,0.9642449098005097,fish_oil
64,2005,0.9546531435178806,fish_oil
64,2006,0.9392354759059675,fish_oil
64,2007,0.9154069370148363,fish_oil
64,2008,0.9147787143895358,fish_oil
64,2009,0.9132111114547374,fish_oil
64,2010,0.9133666422170351,fish_oil
64,2011,0.9289775508591206,fish_oil
64,2012,0.8774064226278797,fish_oil
64,2013,0.8918800485184275,fish_oil
64,2014,0.863413675454539,fish_oil
64,2015,0.834309626136944,fish_oil
64,2016,0.829541837067254,fish_oil
64,2017,0.8407625594259747,fish_oil
64,2018,0.8454674266243122,fish_oil
64,2019,0.8321123103122339,fish_oil
65,2001,0.9505225312969287,fish_oil
65,2002,0.9597482791493399,fish_oil
65,2003,0.9530180295430372,fish_oil
65,2004,0.9328347716689234,fish_oil
65,2005,0.9329151294639593,fish_oil
65,2006,0.9410019149441633,fish_oil
65,2007,0.9519062194867541,fish_oil
65,2008,0.929851516612067,fish_oil
65,2009,0.934459732612731,fish_oil
65,2010,0.9376298356867544,fish_oil
65,2011,0.9829667486968171,fish_oil
65,2012,0.98605537353018,fish_oil
65,2013,0.9611518637814026,fish_oil
65,2014,0.9281838672197126,fish_oil
65,2015,0.8438815404047593,fish_oil
65,2016,0.8216420062438149,fish_oil
65,2017,0.8086457889369841,fish_oil
65,2018,0.7571520203661044,fish_oil
65,2019,0.7343235095517073,fish_oil
66,2001,0.9830015891976115,fish_oil
66,2002,0.9822539173884205,fish_oil
66,2003,0.9839828107790584,fish_oil
66,2004,0.9771644251286759,fish_oil
66,2005,0.9604446626514013,fish_oil
66,2006,0.9600058470410631,fish_oil
66,2007,0.9689209706643582,fish_oil
66,2008,0.952725127015246,fish_oil
66,2009,0.9330235071836755,fish_oil
66,2010,0.9610805409109521,fish_oil
66,2011,0.9574756249588806,fish_oil
66,2012,0.9505040063188238,fish_oil
66,2013,0.9336383766032511,fish_oil
66,2014,0.8539210857387817,fish_oil
66,2015,0.7546640505477492,fish_oil
66,2016,0.7439362517114136,fish_oil
66,2017,0.7001948338697048,fish_oil
66,2018,0.6807132590510941,fish_oil
66,2019,0.6613804076360543,fish_oil
67,2001,0.821278994717002,fish_oil
67,2002,0.7936241370532717,fish_oil
67,2003,0.7799281329822237,fish_oil
67,2004,0.7688060424247045,fish_oil
67,2005,0.7518669482967426,fish_oil
67,2006,0.7205895322386909,fish_oil
67,2007,0.6933926545934821,fish_oil
67,2008,0.672935631563311,fish_oil
67,2009,0.6770861857642839,fish_oil
67,2010,0.6875954597756051,fish_oil
67,2011,0.7404949769913471,fish_oil
67,2012,0.7121181458619515,fish_oil
67,2013,0.7318410785592638,fish_oil
67,2014,0.7258657586706008,fish_oil
67,2015,0.7242853273180886,fish_oil
67,2016,0.7241138205314451,fish_oil
67,2017,0.7231189154727026,fish_oil
67,2018,0.7217402957114073,fish_oil
67,2019,0.7226337400299554,fish_oil
68,2001,0.9184308674650131,fish_oil
68,2002,0.8393433934532655,fish_oil
68,2003,0.8139304231173072,fish_oil
68,2004,0.8138275345469004,fish_oil
68,2005,0.8096778123363318,fish_oil
68,2006,0.743948971711788,fish_oil
68,2007,0.690854955146491,fish_oil
68,2008,0.6467666294391271,fish_oil
68,2009,0.6625266501208651,fish_oil
68,2010,0.6727174352659269,fish_oil
68,2011,0.8111936703355783,fish_oil
68,2012,0.7369880227139719,fish_oil
68,2013,0.7244546561307992,fish_oil
68,2014,0.7059948605813443,fish_oil
68,2015,0.7431487251466499,fish_oil
68,2016,0.7646272725306744,fish_oil
68,2017,0.7756023402475601,fish_oil
68,2018,0.7568120639480173,fish_oil
68,2019,0.7202835836168889,fish_oil
69,2001,0.9996454913603983,fish_oil
69,2002,0.999495703045754,fish_oil
69,2003,0.9998679589976032,fish_oil
69,2004,0.9998104085547381,fish_oil
69,2005,0.9996564015590584,fish_oil
69,2006,0.9997647536969393,fish_oil
69,2007,0.9998274239327546,fish_oil
69,2008,0.9998457191986608,fish_oil
69,2009,0.9998223332530966,fish_oil
69,2010,0.9998167350096389,fish_oil
69,2011,0.9998334535123049,fish_oil
69,2012,0.9998120279866226,fish_oil
69,2013,0.9998000381896764,fish_oil
69,2014,0.9994800637200962,fish_oil
69,2015,0.9993139989068799,fish_oil
69,2016,0.998155088457746,fish_oil
69,2017,0.9965277929531496,fish_oil
69,2018,0.9970670564495204,fish_oil
69,2019,0.9978723850851403,fish_oil
70,2001,0.9998494705019614,fish_oil
70,2002,0.9997736853301428,fish_oil
70,2003,0.9996260608275895,fish_oil
70,2004,0.9995563064402602,fish_oil
70,2005,0.9995082662805123,fish_oil
70,2006,0.9994681893230761,fish_oil
70,2007,0.9995742810099699,fish_oil
70,2008,0.9995440338395358,fish_oil
70,2009,0.9996929034585852,fish_oil
70,2010,0.9994370937502192,fish_oil
70,2011,0.9995744003080399,fish_oil
70,2012,0.9993480539986517,fish_oil
70,2013,0.9993531165674107,fish_oil
70,2014,0.9992596276018904,fish_oil
70,2015,0.9991348182092796,fish_oil
70,2016,0.9984432418940394,fish_oil
70,2017,0.9976362355239787,fish_oil
70,2018,0.998015454969833,fish_oil
70,2019,0.9984883837470551,fish_oil
71,2001,0.983063623990406,fish_oil
71,2002,0.9974807615748209,fish_oil
71,2003,0.9974905515669984,fish_oil
71,2004,0.9970254713230925,fish_oil
71,2005,0.9972509525898564,fish_oil
71,2006,0.9982546221062546,fish_oil
71,2007,0.9868826936756054,fish_oil
71,2008,0.995311411399085,fish_oil
71,2009,0.9931351703077279,fish_oil
71,2010,0.9901816842155742,fish_oil
71,2011,0.7410832318495939,fish_oil
71,2012,0.8583882369455678,fish_oil
71,2013,0.9893623028661439,fish_oil
71,2014,0.9857480836986507,fish_oil
71,2015,0.9640318729341503,fish_oil
71,2016,0.9647230135196045,fish_oil
71,2017,0.9654302802281374,fish_oil
71,2018,0.9786819607885997,fish_oil
71,2019,0.9785507990950459,fish_oil
72,2001,0.9527768419282083,fish_oil
72,2002,0.9521369717141971,fish_oil
72,2003,0.9378559034045558,fish_oil
72,2004,0.9335585159411947,fish_oil
72,2005,0.9379847953785555,fish_oil
72,2006,0.884443869207784,fish_oil
72,2007,0.8374656893030429,fish_oil
72,2008,0.8351185738843091,fish_oil
72,2009,0.7747386863827839,fish_oil
72,2010,0.7502488574054859,fish_oil
72,2011,0.6861268891284384,fish_oil
72,2012,0.7146307713003851,fish_oil
72,2013,0.8084265305662648,fish_oil
72,2014,0.7938539436586252,fish_oil
72,2015,0.835047244878681,fish_oil
72,2016,0.816800932517129,fish_oil
72,2017,0.7807617557690479,fish_oil
72,2018,0.7777131310580365,fish_oil
72,2019,0.7697511464108046,fish_oil
73,2001,0.900230552034969,fish_oil
73,2002,0.8665921865860805,fish_oil
73,2003,0.9212483685457008,fish_oil
73,2004,0.9515782445108107,fish_oil
73,2005,0.9435043008700656,fish_oil
73,2006,0.944183027690483,fish_oil
73,2007,0.93634806232271,fish_oil
73,2008,0.9366706925599417,fish_oil
73,2009,0.9077381343043737,fish_oil
73,2010,0.9042083006374158,fish_oil
73,2011,0.9272395911673833,fish_oil
73,2012,0.9342740391478193,fish_oil
73,2013,0.9388341493167843,fish_oil
73,2014,0.9381437872505126,fish_oil
73,2015,0.9335629450628663,fish_oil
73,2016,0.9360402418934992,fish_oil
73,2017,0.9349787061813458,fish_oil
73,2018,0.9395934063493916,fish_oil
73,2019,0.9461643138740703,fish_oil
74,2001,0.9931730259722872,fish_oil
74,2002,0.9930604971234488,fish_oil
74,2003,0.9927380135743014,fish_oil
74,2004,0.9936809025036899,fish_oil
74,2005,0.9946558563259503,fish_oil
74,2006,0.994353341332885,fish_oil
74,2007,0.9951523819716609,fish_oil
74,2008,0.9961613177185668,fish_oil
74,2009,0.9962786411473821,fish_oil
74,2010,0.9968398225697769,fish_oil
74,2011,0.9967657415578182,fish_oil
74,2012,0.9949284000693571,fish_oil
74,2013,0.9973371722179812,fish_oil
74,2014,0.9976146582295218,fish_oil
74,2015,0.9972848226380066,fish_oil
74,2016,0.9975892233596969,fish_oil
74,2017,0.9976839466623537,fish_oil
74,2018,0.9968530530257242,fish_oil
74,2019,0.9968471279196953,fish_oil
75,2001,0.9706980145421341,fish_oil
75,2002,0.9630798051448992,fish_oil
75,2003,0.9449862959356111,fish_oil
75,2004,0.921187498263672,fish_oil
75,2005,0.9241588985826654,fish_oil
75,2006,0.9104152317441344,fish_oil
75,2007,0.9140421775381412,fish_oil
75,2008,0.918088973623089,fish_oil
75,2009,0.9306082682296452,fish_oil
75,2010,0.9347098547026623,fish_oil
75,2011,0.9402452966078078,fish_oil
75,2012,0.9298097499811968,fish_oil
75,2013,0.9167142965961298,fish_oil
75,2014,0.7794465863955998,fish_oil
75,2015,0.7851852298401591,fish_oil
75,2016,0.7854017510853025,fish_oil
75,2017,0.7772224200164579,fish_oil
75,2018,0.7745309714730254,fish_oil
75,2019,0.763202505878391,fish_oil
76,2001,0.9832826824053958,fish_oil
76,2002,0.9863486843467896,fish_oil
76,2003,0.979664028503034,fish_oil
76,2004,0.980115842474113,fish_oil
76,2005,0.9400247021781012,fish_oil
76,2006,0.9707137201526108,fish_oil
76,2007,0.9726090314916288,fish_oil
76,2008,0.9671408064632807,fish_oil
76,2009,0.9413008141383529,fish_oil
76,2010,0.9470875830920032,fish_oil
76,2011,0.8772079844906068,fish_oil
76,2012,0.9136885014336269,fish_oil
76,2013,0.9291000609123261,fish_oil
76,2014,0.9175448338484488,fish_oil
76,2015,0.9591251352449652,fish_oil
76,2016,0.9228199931659156,fish_oil
76,2017,0.9435056607611936,fish_oil
76,2018,0.932312869204179,fish_oil
76,2019,0.9660260652601376,fish_oil
77,2001,0.8314895845440738,fish_oil
77,2002,0.8326089613574968,fish_oil
77,2003,0.827412444361069,fish_oil
77,2004,0.829960333919729,fish_oil
77,2005,0.8112331769206284,fish_oil
77,2006,0.7800557096077373,fish_oil
77,2007,0.7730260003067547,fish_oil
77,2008,0.7486856264603442,fish_oil
77,2009,0.7274629976652327,fish_oil
77,2010,0.6884759557562722,fish_oil
77,2011,0.8154335951957361,fish_oil
77,2012,0.8036464754999126,fish_oil
77,2013,0.7938136362687707,fish_oil
77,2014,0.7838535550523231,fish_oil
77,2015,0.7751744184318892,fish_oil
77,2016,0.7741925799389044,fish_oil
77,2017,0.7699804831171193,fish_oil
77,2018,0.7692936006131569,fish_oil
77,2019,0.7680885729199759,fish_oil
78,2001,0.7176738072454841,fish_oil
78,2002,0.7118304003925391,fish_oil
78,2003,0.7065951821319827,fish_oil
78,2004,0.6999689049709017,fish_oil
78,2005,0.6932617801970079,fish_oil
78,2006,0.6890252822366123,fish_oil
78,2007,0.5450303112368324,fish_oil
78,2008,0.5363421089712913,fish_oil
78,2009,0.5272028983174419,fish_oil
78,2010,0.5110346024295648,fish_oil
78,2011,0.7617338924137386,fish_oil
78,2012,0.7478996366151768,fish_oil
78,2013,0.8177202648491394,fish_oil
78,2014,0.8334532496018262,fish_oil
78,2015,0.793645726230915,fish_oil
78,2016,0.8102569968324863,fish_oil
78,2017,0.8825712997288102,fish_oil
78,2018,0.8340353079161674,fish_oil
78,2019,0.8568130987176323,fish_oil
79,2001,0.8445414299018154,fish_oil
79,2002,0.8469586288831966,fish_oil
79,2003,0.848403638984366,fish_oil
79,2004,0.8718481819164451,fish_oil
79,2005,0.8787735525250254,fish_oil
79,2006,0.8828199371309836,fish_oil
79,2007,0.898388746291504,fish_oil
79,2008,0.892850218797838,fish_oil
79,2009,0.8931113544820808,fish_oil
79,2010,0.8919080014446399,fish_oil
79,2011,0.7855723055566437,fish_oil
79,2012,0.789607195004364,fish_oil
79,2013,0.7867696071668373,fish_oil
79,2014,0.7811713158781425,fish_oil
79,2015,0.7762077386744228,fish_oil
79,2016,0.8085159493773257,fish_oil
79,2017,0.8084687228640608,fish_oil
79,2018,0.8096520811352852,fish_oil
79,2019,0.8103555599307306,fish_oil
80,2001,0.8250773363788885,fish_oil
80,2002,0.7895068409310085,fish_oil
80,2003,0.807460242185377,fish_oil
80,2004,0.8017746833816616,fish_oil
80,2005,0.7813607100385556,fish_oil
80,2006,0.7446548061578356,fish_oil
80,2007,0.7198105316929373,fish_oil
80,2008,0.6902703004270216,fish_oil
80,2009,0.6971396974561392,fish_oil
80,2010,0.7436420875399984,fish_oil
80,2011,0.6785409569768165,fish_oil
80,2012,0.6740530658289433,fish_oil
80,2013,0.644593338145008,fish_oil
80,2014,0.6449315671299556,fish_oil
80,2015,0.6471455407317749,fish_oil
80,2016,0.6473585396967504,fish_oil
80,2017,0.6405854604650753,fish_oil
80,2018,0.6320476606553768,fish_oil
80,2019,0.630669117958011,fish_oil
81,2001,0.8896860975900861,fish_oil
81,2002,0.8640930458499296,fish_oil
81,2003,0.8264458170450306,fish_oil
81,2004,0.8080073873530621,fish_oil
81,2005,0.7945832232026092,fish_oil
81,2006,0.7891651306780614,fish_oil
81,2007,0.7701042540026647,fish_oil
81,2008,0.7839883606399627,fish_oil
81,2009,0.7833543748612002,fish_oil
81,2010,0.7768849168529215,fish_oil
81,2011,0.75752330510458,fish_oil
81,2012,0.7543903627227905,fish_oil
81,2013,0.7387761373615093,fish_oil
81,2014,0.7486719058110597,fish_oil
81,2015,0.7597503623943508,fish_oil
81,2016,0.745159370964864,fish_oil
81,2017,0.7394055424734368,fish_oil
81,2018,0.7455302840034161,fish_oil
81,2019,0.7472014361858922,fish_oil
82,2001,0.9370342621706362,fish_oil
82,2002,1,fish_oil
82,2003,1,fish_oil
82,2004,1,fish_oil
82,2005,0.9997802556691676,fish_oil
82,2006,0.9991784278625591,fish_oil
82,2007,1,fish_oil
82,2008,1,fish_oil
82,2009,1,fish_oil
82,2010,0.9995391788858722,fish_oil
82,2011,0.9994918004542793,fish_oil
82,2012,0.9994639723665846,fish_oil
82,2013,0.9994333537286468,fish_oil
82,2014,0.9989332931918826,fish_oil
82,2015,0.9994231174859144,fish_oil
82,2016,0.9990669661448411,fish_oil
82,2017,0.9989617394751128,fish_oil
82,2018,0.9090143647948088,fish_oil
82,2019,0.8548553351917105,fish_oil
84,2001,0.6592654609123901,fish_oil
84,2002,0.6378102999937448,fish_oil
84,2003,0.6368867455250494,fish_oil
84,2004,0.6267022835890573,fish_oil
84,2005,0.6211317631372457,fish_oil
84,2006,0.6062855667828715,fish_oil
84,2007,0.6133329464196994,fish_oil
84,2008,0.6457061668750752,fish_oil
84,2009,0.625767194905791,fish_oil
84,2010,0.6345035718192138,fish_oil
84,2011,0.6225147798064115,fish_oil
84,2012,0.6363087506941,fish_oil
84,2013,0.6198146278403421,fish_oil
84,2014,0.6117888950288057,fish_oil
84,2015,0.6106247952098834,fish_oil
84,2016,0.613197404108631,fish_oil
84,2017,0.6028676823290593,fish_oil
84,2018,0.5962002603643375,fish_oil
84,2019,0.6512628726095416,fish_oil
85,2001,0.717673807245484,fish_oil
85,2002,0.7118304003925391,fish_oil
85,2003,0.7065951821319827,fish_oil
85,2004,0.6999689049709017,fish_oil
85,2005,0.6932617801970079,fish_oil
85,2006,0.6890252822366123,fish_oil
85,2007,0.6828393890434938,fish_oil
85,2008,0.6769305546894883,fish_oil
85,2009,0.6707522378034702,fish_oil
85,2010,0.6648497550878392,fish_oil
85,2011,0.6604007034072837,fish_oil
85,2012,0.6565266332906845,fish_oil
85,2013,0.6475699643850328,fish_oil
85,2014,0.6416724160781389,fish_oil
85,2015,0.6353167991408039,fish_oil
85,2016,0.63208096438072,fish_oil
85,2017,0.6290594011065287,fish_oil
85,2018,0.6268436945703971,fish_oil
85,2019,0.6276204217892408,fish_oil
89,2001,NA,fish_oil
89,2002,NA,fish_oil
89,2003,NA,fish_oil
89,2004,NA,fish_oil
89,2005,0.6932617801970079,fish_oil
89,2006,NA,fish_oil
89,2007,NA,fish_oil
89,2008,NA,fish_oil
89,2009,0.67075223780347,fish_oil
89,2010,0.6648497550878392,fish_oil
89,2011,0.6604007034072837,fish_oil
89,2012,0.6565266332906845,fish_oil
89,2013,0.6475699643850328,fish_oil
89,2014,0.6427270274266969,fish_oil
89,2015,0.6353167991408037,fish_oil
89,2016,0.6320809643807199,fish_oil
89,2017,0.7841699383656727,fish_oil
89,2018,0.6350916379200076,fish_oil
89,2019,0.6276712722928509,fish_oil
90,2001,NA,fish_oil
90,2002,NA,fish_oil
90,2003,NA,fish_oil
90,2004,NA,fish_oil
90,2005,NA,fish_oil
90,2006,NA,fish_oil
90,2007,NA,fish_oil
90,2008,NA,fish_oil
90,2009,NA,fish_oil
90,2010,NA,fish_oil
90,2011,NA,fish_oil
90,2012,NA,fish_oil
90,2013,NA,fish_oil
90,2014,NA,fish_oil
90,2015,NA,fish_oil
90,2016,NA,fish_oil
90,2017,NA,fish_oil
90,2018,NA,fish_oil
90,2019,NA,fish_oil
93,2001,NA,fish_oil
93,2002,NA,fish_oil
93,2003,NA,fish_oil
93,2004,NA,fish_oil
93,2005,NA,fish_oil
93,2006,NA,fish_oil
93,2007,NA,fish_oil
93,2008,NA,fish_oil
93,2009,NA,fish_oil
93,2010,NA,fish_oil
93,2011,NA,fish_oil
93,2012,NA,fish_oil
93,2013,NA,fish_oil
93,2014,NA,fish_oil
93,2015,NA,fish_oil
93,2016,NA,fish_oil
93,2017,NA,fish_oil
93,2018,NA,fish_oil
93,2019,NA,fish_oil
94,2001,0.8970922590568552,fish_oil
94,2002,0.8897880004906739,fish_oil
94,2003,0.8832439776649782,fish_oil
94,2004,0.8749362478549358,fish_oil
94,2005,0.866531932570176,fish_oil
94,2006,0.8612816027957653,fish_oil
94,2007,0.8535492363043671,fish_oil
94,2008,0.8461631933618603,fish_oil
94,2009,0.8384354199215015,fish_oil
94,2010,0.8310621938597988,fish_oil
94,2011,0.8255008792591046,fish_oil
94,2012,0.8206200243319484,fish_oil
94,2013,0.8093840832204026,fish_oil
94,2014,0.8020905200976736,fish_oil
94,2015,0.79381894482315285,fish_oil
94,2016,0.7900831328890489,fish_oil
94,2017,0.7863215082799483,fish_oil
94,2018,0.7834211897520099,fish_oil
94,2019,0.7844910156720545,fish_oil
95,2001,0.8115697781076294,fish_oil
95,2002,0.6756937274310877,fish_oil
95,2003,0.6229035167651551,fish_oil
95,2004,0.49761398937280793,fish_oil
95,2005,0.5935072703313642,fish_oil
95,2006,0.6636392492012902,fish_oil
95,2007,0.6606346470968045,fish_oil
95,2008,0.8454315583180277,fish_oil
95,2009,0.8658192745303419,fish_oil
95,2010,0.9272963310169107,fish_oil
95,2011,0.9361202402398405,fish_oil
95,2012,0.9758771132603956,fish_oil
95,2013,0.7401201990862039,fish_oil
95,2014,0.5767224556113828,fish_oil
95,2015,0.45022762960556106,fish_oil
95,2016,0.3838021719348618,fish_oil
95,2017,0.39174694031672064,fish_oil
95,2018,0.321571314636913,fish_oil
95,2019,0.4200244694510987,fish_oil
96,2001,0.9704736332578343,fish_oil
96,2002,0.971849377351207,fish_oil
96,2003,0.9710928451157042,fish_oil
96,2004,0.9709888415902531,fish_oil
96,2005,0.9685932611769913,fish_oil
96,2006,0.9721239911668732,fish_oil
96,2007,0.9693400652387965,fish_oil
96,2008,0.9753754162029098,fish_oil
96,2009,0.9736421267078974,fish_oil
96,2010,0.9730805025009035,fish_oil
96,2011,0.970852826646735,fish_oil
96,2012,0.9690068945257103,fish_oil
96,2013,0.9621073753083106,fish_oil
96,2014,0.9428209937130669,fish_oil
96,2015,0.9380085678502388,fish_oil
96,2016,0.9396692434993401,fish_oil
96,2017,0.9330421592155858,fish_oil
96,2018,0.9280193490479945,fish_oil
96,2019,0.9351871918409224,fish_oil
97,2001,0.9667820800664562,fish_oil
97,2002,0.968560997828595,fish_oil
97,2003,0.9697030885624333,fish_oil
97,2004,0.9666690686666567,fish_oil
97,2005,0.9719036271118404,fish_oil
97,2006,0.9613934546745153,fish_oil
97,2007,0.9616324644006996,fish_oil
97,2008,0.9615605771099174,fish_oil
97,2009,0.9377436879291542,fish_oil
97,2010,0.9644492248240509,fish_oil
97,2011,0.9626749170925663,fish_oil
97,2012,0.9602292793600692,fish_oil
97,2013,0.9460122043184902,fish_oil
97,2014,0.9219630853485227,fish_oil
97,2015,0.9451848229928882,fish_oil
97,2016,0.9432433812116781,fish_oil
97,2017,0.900247354196193,fish_oil
97,2018,0.8861490129123253,fish_oil
97,2019,0.8701009952601217,fish_oil
98,2001,0.9915546935733459,fish_oil
98,2002,0.9938416768910693,fish_oil
98,2003,0.9934549390032915,fish_oil
98,2004,0.9529768163786947,fish_oil
98,2005,0.946910857615009,fish_oil
98,2006,0.906164953640804,fish_oil
98,2007,0.8982389601030089,fish_oil
98,2008,0.9111291548462579,fish_oil
98,2009,0.9242768505508716,fish_oil
98,2010,0.8484908938234954,fish_oil
98,2011,0.8873323875573353,fish_oil
98,2012,0.7623098174719097,fish_oil
98,2013,0.6202820481284126,fish_oil
98,2014,0.6307847474941798,fish_oil
98,2015,0.5611810917637989,fish_oil
98,2016,0.5414004791222307,fish_oil
98,2017,0.556688790032129,fish_oil
98,2018,0.5515591467938705,fish_oil
98,2019,0.572940090061794,fish_oil
99,2001,0.9688063592723841,fish_oil
99,2002,0.9672054115025701,fish_oil
99,2003,0.9622063783671271,fish_oil
99,2004,0.9345681295020195,fish_oil
99,2005,0.9698888669686807,fish_oil
99,2006,0.9793061148037673,fish_oil
99,2007,0.9860803019718286,fish_oil
99,2008,0.9910313327390683,fish_oil
99,2009,0.9891623423309993,fish_oil
99,2010,0.9862864290401485,fish_oil
99,2011,0.9888184209511377,fish_oil
99,2012,0.9732494220263884,fish_oil
99,2013,0.9642105285932083,fish_oil
99,2014,0.9689331259438718,fish_oil
99,2015,0.9692177693504772,fish_oil
99,2016,0.948635852206618,fish_oil
99,2017,0.9905533761819535,fish_oil
99,2018,0.9772277515936185,fish_oil
99,2019,0.9277011415098652,fish_oil
100,2001,0.9592924484313236,fish_oil
100,2002,0.969507707443171,fish_oil
100,2003,0.999446751282747,fish_oil
100,2004,0.9894941874492401,fish_oil
100,2005,0.9899346244158193,fish_oil
100,2006,0.9876893516978571,fish_oil
100,2007,0.9876114671861961,fish_oil
100,2008,0.983230600111554,fish_oil
100,2009,0.9866006482771431,fish_oil
100,2010,0.9819780895676606,fish_oil
100,2011,0.9758135133813781,fish_oil
100,2012,0.977255878284375,fish_oil
100,2013,0.928928671673627,fish_oil
100,2014,0.85645008085757,fish_oil
100,2015,0.7719680645402395,fish_oil
100,2016,0.7346752530152456,fish_oil
100,2017,0.695194046755804,fish_oil
100,2018,0.6645758189737877,fish_oil
100,2019,0.6411839751788972,fish_oil
101,2001,0.9021372156933313,fish_oil
101,2002,0.8056827140751514,fish_oil
101,2003,0.9065147268281704,fish_oil
101,2004,0.8936942956902189,fish_oil
101,2005,0.9177434327444858,fish_oil
101,2006,0.8332640686430957,fish_oil
101,2007,0.9252752082159696,fish_oil
101,2008,0.9463193267872205,fish_oil
101,2009,0.9624965671451646,fish_oil
101,2010,0.9502360763258634,fish_oil
101,2011,0.7157865551221863,fish_oil
101,2012,0.8936769896947044,fish_oil
101,2013,0.860788863382452,fish_oil
101,2014,0.8401635765378939,fish_oil
101,2015,0.8358459738029994,fish_oil
101,2016,0.6606454433198051,fish_oil
101,2017,0.6755127568626726,fish_oil
101,2018,0.6846423041256048,fish_oil
101,2019,0.6992365291543863,fish_oil
102,2001,0.7694867302047751,fish_oil
102,2002,0.7523651208928438,fish_oil
102,2003,0.7464196286522599,fish_oil
102,2004,0.747432367597121,fish_oil
102,2005,0.7572576363645879,fish_oil
102,2006,0.7834913415321436,fish_oil
102,2007,0.823568059222415,fish_oil
102,2008,0.8420484564099895,fish_oil
102,2009,0.879872762738801,fish_oil
102,2010,0.8445835996076355,fish_oil
102,2011,0.7793621285540108,fish_oil
102,2012,0.6798522838435036,fish_oil
102,2013,0.6046358612054922,fish_oil
102,2014,0.516332820044678,fish_oil
102,2015,0.5091745692401496,fish_oil
102,2016,0.5159257102257702,fish_oil
102,2017,0.5398032918503098,fish_oil
102,2018,0.5512512218415246,fish_oil
102,2019,0.5464523556787583,fish_oil
103,2001,0.9406411122913175,fish_oil
103,2002,0.9413214341922601,fish_oil
103,2003,0.9426927397599069,fish_oil
103,2004,0.9253143966494786,fish_oil
103,2005,0.914530403403521,fish_oil
103,2006,0.9086747991900812,fish_oil
103,2007,0.9046868394583587,fish_oil
103,2008,0.8989331217458619,fish_oil
103,2009,0.8937715931797299,fish_oil
103,2010,0.8874400063285955,fish_oil
103,2011,0.8717763422004919,fish_oil
103,2012,0.8646583881182907,fish_oil
103,2013,0.8599559827069155,fish_oil
103,2014,0.8479919564070871,fish_oil
103,2015,0.8100149017945324,fish_oil
103,2016,0.8033632742464968,fish_oil
103,2017,0.7962989240914012,fish_oil
103,2018,0.7863298640986507,fish_oil
103,2019,0.7979547183307242,fish_oil
104,2001,0.9947437259509566,fish_oil
104,2002,0.9989979560209294,fish_oil
104,2003,0.9990121200868497,fish_oil
104,2004,0.9983595878165852,fish_oil
104,2005,0.9974190934243371,fish_oil
104,2006,0.9981264940285429,fish_oil
104,2007,0.9982203186856341,fish_oil
104,2008,0.9981786180795419,fish_oil
104,2009,0.999064556649577,fish_oil
104,2010,0.9986154863516378,fish_oil
104,2011,0.9974117076173532,fish_oil
104,2012,0.9718946385910667,fish_oil
104,2013,0.9903850532743708,fish_oil
104,2014,0.9880328569387768,fish_oil
104,2015,0.987982320460869,fish_oil
104,2016,0.9899755423979023,fish_oil
104,2017,0.8777792302179193,fish_oil
104,2018,0.9895788037599348,fish_oil
104,2019,0.9891849417526477,fish_oil
106,2001,0.987252459555574,fish_oil
106,2002,0.9886655847709254,fish_oil
106,2003,0.9861497197448884,fish_oil
106,2004,0.9488832983821087,fish_oil
106,2005,0.9297281053857831,fish_oil
106,2006,0.9139805483898215,fish_oil
106,2007,0.9130351032106379,fish_oil
106,2008,0.863486420817995,fish_oil
106,2009,0.8105237486267763,fish_oil
106,2010,0.8115059377731452,fish_oil
106,2011,0.7545666576512272,fish_oil
106,2012,0.7347815625296202,fish_oil
106,2013,0.7340882665112552,fish_oil
106,2014,0.644239552580138,fish_oil
106,2015,0.6475763396653589,fish_oil
106,2016,0.6030048447903293,fish_oil
106,2017,0.5554786506967471,fish_oil
106,2018,0.5475998195383179,fish_oil
106,2019,0.5970380452660853,fish_oil
108,2001,0.9605170555309482,fish_oil
108,2002,0.8638310384059286,fish_oil
108,2003,0.7835530465258258,fish_oil
108,2004,0.7302035946097498,fish_oil
108,2005,0.7026236306935569,fish_oil
108,2006,0.6747876476120169,fish_oil
108,2007,0.6601952506764449,fish_oil
108,2008,0.6402884930955922,fish_oil
108,2009,0.635889831486612,fish_oil
108,2010,0.6355353152667838,fish_oil
108,2011,0.6581346661767888,fish_oil
108,2012,0.6615142401727849,fish_oil
108,2013,0.6677469449714049,fish_oil
108,2014,0.677040457729362,fish_oil
108,2015,0.6869119364978801,fish_oil
108,2016,0.6956992953990889,fish_oil
108,2017,0.7044126288715398,fish_oil
108,2018,0.7141879807211622,fish_oil
108,2019,0.7224313458275253,fish_oil
110,2001,1,fish_oil
110,2002,1,fish_oil
110,2003,1,fish_oil
110,2004,1,fish_oil
110,2005,1,fish_oil
110,2006,1,fish_oil
110,2007,1,fish_oil
110,2008,1,fish_oil
110,2009,1,fish_oil
110,2010,1,fish_oil
110,2011,1,fish_oil
110,2012,1,fish_oil
110,2013,1,fish_oil
110,2014,1,fish_oil
110,2015,1,fish_oil
110,2016,1,fish_oil
110,2017,1,fish_oil
110,2018,1,fish_oil
110,2019,1,fish_oil
111,2001,0.7176738072454841,fish_oil
111,2002,0.711830400392539,fish_oil
111,2003,0.7065951821319827,fish_oil
111,2004,0.6999689049709018,fish_oil
111,2005,0.6932617801970079,fish_oil
111,2006,0.6890252822366122,fish_oil
111,2007,0.6828393890434937,fish_oil
111,2008,0.6769305546894883,fish_oil
111,2009,0.6707522378034702,fish_oil
111,2010,0.6648497550878392,fish_oil
111,2011,0.6604007034072837,fish_oil
111,2012,0.6565266332906845,fish_oil
111,2013,0.6475699643850328,fish_oil
111,2014,0.6416724160781389,fish_oil
111,2015,0.6353167991408037,fish_oil
111,2016,0.6320809643807199,fish_oil
111,2017,0.6290594011065287,fish_oil
111,2018,0.6268436945703971,fish_oil
111,2019,0.6276204217892407,fish_oil
112,2001,0.861347724499439,fish_oil
112,2002,0.72672605898627185,fish_oil
112,2003,0.6110099299064917,fish_oil
112,2004,0.5275516672414191,fish_oil
112,2005,0.4809489241324139,fish_oil
112,2006,0.41693138804391794,fish_oil
112,2007,0.4041078872001227,fish_oil
112,2008,0.3993623226753587,fish_oil
112,2009,0.40294625159848285,fish_oil
112,2010,0.4203228073221701,fish_oil
112,2011,0.41859074597098206,fish_oil
112,2012,0.4158954380880796,fish_oil
112,2013,0.4361626284232925,fish_oil
112,2014,0.4489124395869506,fish_oil
112,2015,0.46740656625615634,fish_oil
112,2016,0.4732102218102135,fish_oil
112,2017,0.4901338398974686,fish_oil
112,2018,0.49977105227008584,fish_oil
112,2019,0.5212950764618295,fish_oil
113,2001,NA,fish_oil
113,2002,NA,fish_oil
113,2003,NA,fish_oil
113,2004,NA,fish_oil
113,2005,NA,fish_oil
113,2006,NA,fish_oil
113,2007,NA,fish_oil
113,2008,NA,fish_oil
113,2009,NA,fish_oil
113,2010,NA,fish_oil
113,2011,NA,fish_oil
113,2012,NA,fish_oil
113,2013,NA,fish_oil
113,2014,NA,fish_oil
113,2015,NA,fish_oil
113,2016,NA,fish_oil
113,2017,NA,fish_oil
113,2018,NA,fish_oil
113,2019,NA,fish_oil
114,2001,0.8342928834176199,fish_oil
114,2002,0.8343236819566946,fish_oil
114,2003,0.8343197455392305,fish_oil
114,2004,0.8343304249160747,fish_oil
114,2005,0.8343439797626548,fish_oil
114,2006,0.8343545168843629,fish_oil
114,2007,0.8343581800539952,fish_oil
114,2008,0.8343367647994641,fish_oil
114,2009,0.8343809458798622,fish_oil
114,2010,0.8343637968236973,fish_oil
114,2011,0.8338167627412071,fish_oil
114,2012,0.833816988500676,fish_oil
114,2013,0.8338175156560296,fish_oil
114,2014,0.8338182152693022,fish_oil
114,2015,0.833805655322384,fish_oil
114,2016,0.8338209872300865,fish_oil
114,2017,0.833820445598915,fish_oil
114,2018,0.8338200815778825,fish_oil
114,2019,0.8334091774806144,fish_oil
115,2001,0.74693030818499,fish_oil
115,2002,0.5983378343745287,fish_oil
115,2003,0.47911368143895994,fish_oil
115,2004,0.3956323125759381,fish_oil
115,2005,0.34803236788779807,fish_oil
115,2006,0.3068126839479684,fish_oil
115,2007,0.28044325752822535,fish_oil
115,2008,0.25708626091255643,fish_oil
115,2009,0.2533897812867397,fish_oil
115,2010,0.24995180590681076,fish_oil
115,2011,0.25357809949576937,fish_oil
115,2012,0.25898838957879566,fish_oil
115,2013,0.26897575583425215,fish_oil
115,2014,0.2838418923090157,fish_oil
115,2015,0.30215284887864535,fish_oil
115,2016,0.31667642009049507,fish_oil
115,2017,0.33099299895564543,fish_oil
115,2018,0.34658161025610745,fish_oil
115,2019,0.3599351977624558,fish_oil
116,2001,0.7176738072454841,fish_oil
116,2002,0.7118304003925391,fish_oil
116,2003,0.7065951821319827,fish_oil
116,2004,0.6999689049709017,fish_oil
116,2005,0.6932617801970079,fish_oil
116,2006,0.6890252822366123,fish_oil
116,2007,0.6828393890434938,fish_oil
116,2008,0.6769305546894883,fish_oil
116,2009,0.6707522378034702,fish_oil
116,2010,0.6648497550878393,fish_oil
116,2011,0.6633149688160214,fish_oil
116,2012,0.6600700591576132,fish_oil
116,2013,0.6513393553458169,fish_oil
116,2014,0.6515700672338829,fish_oil
116,2015,0.6382179350313184,fish_oil
116,2016,0.6346687211462358,fish_oil
116,2017,0.6335246005317189,fish_oil
116,2018,0.6276000172194721,fish_oil
116,2019,0.6284512974690923,fish_oil
117,2001,0.7176738072454841,fish_oil
117,2002,0.7118304003925391,fish_oil
117,2003,0.7065951821319827,fish_oil
117,2004,0.6999689049709017,fish_oil
117,2005,0.6932617801970079,fish_oil
117,2006,0.6890252822366123,fish_oil
117,2007,0.682839389043494,fish_oil
117,2008,0.6769305546894883,fish_oil
117,2009,0.6707522378034702,fish_oil
117,2010,0.6648497550878391,fish_oil
117,2011,0.6604007034072837,fish_oil
117,2012,0.6565266332906845,fish_oil
117,2013,0.6475699643850328,fish_oil
117,2014,0.6416724160781389,fish_oil
117,2015,0.6353167991408036,fish_oil
117,2016,0.6320809643807199,fish_oil
117,2017,0.6290594011065286,fish_oil
117,2018,0.6268436945703971,fish_oil
117,2019,0.6276204217892407,fish_oil
118,2001,0.735470911076284,fish_oil
118,2002,0.729482602284259,fish_oil
118,2003,0.7241175569233338,fish_oil
118,2004,0.7173269585289548,fish_oil
118,2005,0.7104535061111437,fish_oil
118,2006,0.7061119529642907,fish_oil
118,2007,0.6997726610343481,fish_oil
118,2008,0.6937172974256648,fish_oil
118,2009,0.6873857665278454,fish_oil
118,2010,0.6813369134572248,fish_oil
118,2011,0.6767775313423405,fish_oil
118,2012,0.6728073922638632,fish_oil
118,2013,0.6636286124961591,fish_oil
118,2014,0.6575848129719738,fish_oil
118,2015,0.6510715866579146,fish_oil
118,2016,0.6477555096131535,fish_oil
118,2017,0.644659015937352,fish_oil
118,2018,0.6423883658219767,fish_oil
118,2019,0.6431843564095381,fish_oil
119,2001,0.8428838173486242,fish_oil
119,2002,0.8699441269876692,fish_oil
119,2003,0.8356729101810747,fish_oil
119,2004,0.7999999999999999,fish_oil
119,2005,0.8143855453676583,fish_oil
119,2006,0.8178233074516849,fish_oil
119,2007,0.8211596997605438,fish_oil
119,2008,0.8244877609671442,fish_oil
119,2009,0.827663071286368,fish_oil
119,2010,0.8282413280506808,fish_oil
119,2011,0.8211738924916657,fish_oil
119,2012,0.8281359154130885,fish_oil
119,2013,0.825140894980146,fish_oil
119,2014,0.8230290816229537,fish_oil
119,2015,0.8235951216993044,fish_oil
119,2016,0.838857133398513,fish_oil
119,2017,0.8203312712173116,fish_oil
119,2018,0.8365406240549486,fish_oil
119,2019,0.8284942284538133,fish_oil
120,2001,0.7176738072454841,fish_oil
120,2002,0.7118304003925391,fish_oil
120,2003,0.7065951821319827,fish_oil
120,2004,0.6999689049709017,fish_oil
120,2005,0.6932617801970079,fish_oil
120,2006,0.6890252822366123,fish_oil
120,2007,0.6828393890434938,fish_oil
120,2008,0.6769305546894883,fish_oil
120,2009,0.6707522378034702,fish_oil
120,2010,0.6648497550878392,fish_oil
120,2011,0.6604007034072837,fish_oil
120,2012,0.6565266332906844,fish_oil
120,2013,0.6475699643850328,fish_oil
120,2014,0.6416724160781389,fish_oil
120,2015,0.6353167991408037,fish_oil
120,2016,0.6320809643807199,fish_oil
120,2017,0.6290594011065286,fish_oil
120,2018,0.6268436945703971,fish_oil
120,2019,0.6276204217892407,fish_oil
121,2001,0.844066868180675,fish_oil
121,2002,0.8450737140914657,fish_oil
121,2003,0.8379292997596078,fish_oil
121,2004,0.8431360012486359,fish_oil
121,2005,0.9053693776130831,fish_oil
121,2006,0.8442142092045979,fish_oil
121,2007,0.8430538796118933,fish_oil
121,2008,0.8600431801182055,fish_oil
121,2009,0.8699114824039161,fish_oil
121,2010,0.8625918338619709,fish_oil
121,2011,0.8625918316218985,fish_oil
121,2012,0.8625918347314867,fish_oil
121,2013,0.8625918272604415,fish_oil
121,2014,0.8625918347314867,fish_oil
121,2015,0.8605195434066992,fish_oil
121,2016,0.859638684680132,fish_oil
121,2017,0.8588416568495734,fish_oil
121,2018,0.8581170164886225,fish_oil
121,2019,0.8574553444321921,fish_oil
122,2001,0.7176738072454842,fish_oil
122,2002,0.7118304003925392,fish_oil
122,2003,0.7065951821319827,fish_oil
122,2004,0.6999689049709017,fish_oil
122,2005,0.6932617801970079,fish_oil
122,2006,0.6890252822366122,fish_oil
122,2007,0.6828393890434938,fish_oil
122,2008,0.6769305546894883,fish_oil
122,2009,0.6707522378034702,fish_oil
122,2010,0.6648497550878392,fish_oil
122,2011,0.6604007034072837,fish_oil
122,2012,0.6565266332906845,fish_oil
122,2013,0.6475699643850328,fish_oil
122,2014,0.6416724160781389,fish_oil
122,2015,0.6353167991408039,fish_oil
122,2016,0.6320809643807199,fish_oil
122,2017,0.6290594011065287,fish_oil
122,2018,0.6268436945703971,fish_oil
122,2019,0.6276204217892407,fish_oil
123,2001,0.8769878081487177,fish_oil
123,2002,0.869305731597765,fish_oil
123,2003,0.862076594585686,fish_oil
123,2004,0.8532171500194197,fish_oil
123,2005,0.8442778152080249,fish_oil
123,2006,0.8387317415273259,fish_oil
123,2007,0.830599686798038,fish_oil
123,2008,0.8228693850447133,fish_oil
123,2009,0.8149410190357537,fish_oil
123,2010,0.807107855581601,fish_oil
123,2011,0.801667887373736,fish_oil
123,2012,0.7969628251165921,fish_oil
123,2013,0.7860419230752064,fish_oil
123,2014,0.7788843266437669,fish_oil
123,2015,0.767236095243688,fish_oil
123,2016,0.7609209539771398,fish_oil
123,2017,0.7539979507746359,fish_oil
123,2018,0.7515470750354569,fish_oil
123,2019,0.7510404380414267,fish_oil
124,2001,NA,fish_oil
124,2002,NA,fish_oil
124,2003,NA,fish_oil
124,2004,NA,fish_oil
124,2005,NA,fish_oil
124,2006,NA,fish_oil
124,2007,NA,fish_oil
124,2008,NA,fish_oil
124,2009,NA,fish_oil
124,2010,NA,fish_oil
124,2011,NA,fish_oil
124,2012,NA,fish_oil
124,2013,NA,fish_oil
124,2014,NA,fish_oil
124,2015,NA,fish_oil
124,2016,NA,fish_oil
124,2017,NA,fish_oil
124,2018,NA,fish_oil
124,2019,NA,fish_oil
125,2001,0.9924728246062776,fish_oil
125,2002,0.990149155378644,fish_oil
125,2003,0.9877452322906376,fish_oil
125,2004,0.9860502931182819,fish_oil
125,2005,0.9850832092157388,fish_oil
125,2006,0.9842461247606419,fish_oil
125,2007,0.9837104295027246,fish_oil
125,2008,0.9832359354284606,fish_oil
125,2009,0.9831604883623918,fish_oil
125,2010,0.9830903480512038,fish_oil
125,2011,0.9831898810497379,fish_oil
125,2012,0.9832988891334831,fish_oil
125,2013,0.9834962574619551,fish_oil
125,2014,0.968305628193768,fish_oil
125,2015,0.9703588078337405,fish_oil
125,2016,0.9702780507627123,fish_oil
125,2017,0.9703111809028699,fish_oil
125,2018,0.970518844482881,fish_oil
125,2019,0.9707019254742931,fish_oil
126,2001,0.8158999023528086,fish_oil
126,2002,0.82351942821777,fish_oil
126,2003,0.8278902481322046,fish_oil
126,2004,0.8278432930112052,fish_oil
126,2005,0.8243440680584517,fish_oil
126,2006,0.8301179912850384,fish_oil
126,2007,0.8302605291298504,fish_oil
126,2008,0.8293106898200903,fish_oil
126,2009,0.8293763227993143,fish_oil
126,2010,0.8293612278904366,fish_oil
126,2011,0.8303979038441176,fish_oil
126,2012,0.8292442685144376,fish_oil
126,2013,0.831089675480701,fish_oil
126,2014,0.8360388619743959,fish_oil
126,2015,0.8329416773799281,fish_oil
126,2016,0.8301403119212188,fish_oil
126,2017,0.8299839356798601,fish_oil
126,2018,0.8298700562992537,fish_oil
126,2019,0.8298137889734707,fish_oil
127,2001,0.9801071650076087,fish_oil
127,2002,0.9429258973783368,fish_oil
127,2003,0.9158026776037721,fish_oil
127,2004,0.9024740946972037,fish_oil
127,2005,0.8901012175981232,fish_oil
127,2006,0.8827062937282945,fish_oil
127,2007,0.8777018078288483,fish_oil
127,2008,0.8667420921221195,fish_oil
127,2009,0.8711727234792127,fish_oil
127,2010,0.8703004776261766,fish_oil
127,2011,0.8644442879178257,fish_oil
127,2012,0.8677136396752108,fish_oil
127,2013,0.8607676334390562,fish_oil
127,2014,0.7534970095057312,fish_oil
127,2015,0.798838921721049,fish_oil
127,2016,0.8027258227719165,fish_oil
127,2017,0.806465686091629,fish_oil
127,2018,0.8134542354950305,fish_oil
127,2019,0.8141834357065045,fish_oil
129,2001,1,fish_oil
129,2002,1,fish_oil
129,2003,1,fish_oil
129,2004,1,fish_oil
129,2005,1,fish_oil
129,2006,1,fish_oil
129,2007,1,fish_oil
129,2008,1,fish_oil
129,2009,1,fish_oil
129,2010,1,fish_oil
129,2011,1,fish_oil
129,2012,1,fish_oil
129,2013,1,fish_oil
129,2014,1,fish_oil
129,2015,1,fish_oil
129,2016,1,fish_oil
129,2017,1,fish_oil
129,2018,1,fish_oil
129,2019,1,fish_oil
130,2001,0.7176738072454841,fish_oil
130,2002,0.7118304003925391,fish_oil
130,2003,0.7065951821319827,fish_oil
130,2004,0.6999689049709017,fish_oil
130,2005,0.6932617801970079,fish_oil
130,2006,0.6890252822366123,fish_oil
130,2007,0.6828393890434938,fish_oil
130,2008,0.6769305546894883,fish_oil
130,2009,0.6707522378034702,fish_oil
130,2010,0.6648497550878393,fish_oil
130,2011,0.6604007034072837,fish_oil
130,2012,0.6565266332906845,fish_oil
130,2013,0.6475699643850328,fish_oil
130,2014,0.6416724160781389,fish_oil
130,2015,0.6353167991408037,fish_oil
130,2016,0.6320809643807199,fish_oil
130,2017,0.6290594011065287,fish_oil
130,2018,0.6268436945703972,fish_oil
130,2019,0.6276204217892407,fish_oil
132,2001,0.8661773320633628,fish_oil
132,2002,0.8665659652715104,fish_oil
132,2003,0.8530637122793819,fish_oil
132,2004,0.8477357013458112,fish_oil
132,2005,0.8454265519869996,fish_oil
132,2006,0.8393696223980807,fish_oil
132,2007,0.8336592867221193,fish_oil
132,2008,0.8219046084833207,fish_oil
132,2009,0.797630448042721,fish_oil
132,2010,0.799944034835928,fish_oil
132,2011,0.7987445515536086,fish_oil
132,2012,0.7828670576100263,fish_oil
132,2013,0.7478641537008865,fish_oil
132,2014,0.7697667484729666,fish_oil
132,2015,0.7627375701457881,fish_oil
132,2016,0.5865180182723989,fish_oil
132,2017,0.5945780262774281,fish_oil
132,2018,0.6479807242026439,fish_oil
132,2019,0.6388206165794568,fish_oil
133,2001,0.8442737601827919,fish_oil
133,2002,0.8369560845028153,fish_oil
133,2003,0.8310481417902499,fish_oil
133,2004,0.8235896846533611,fish_oil
133,2005,0.8152833175410649,fish_oil
133,2006,0.8111069844319224,fish_oil
133,2007,0.8047895108042438,fish_oil
133,2008,0.7967751461187407,fish_oil
133,2009,0.7890303595970699,fish_oil
133,2010,0.7818773603279854,fish_oil
133,2011,0.7767541076030445,fish_oil
133,2012,0.7721255386049377,fish_oil
133,2013,0.7622212752765035,fish_oil
133,2014,0.7551952079246328,fish_oil
133,2015,0.7471674706719068,fish_oil
133,2016,0.7436381299320325,fish_oil
133,2017,0.7400818900581869,fish_oil
133,2018,0.7374393647540507,fish_oil
133,2019,0.7385955025182223,fish_oil
134,2001,0.7176738072454841,fish_oil
134,2002,0.7118304003925391,fish_oil
134,2003,0.7065951821319827,fish_oil
134,2004,0.6999689049709017,fish_oil
134,2005,0.6932617801970079,fish_oil
134,2006,0.6890252822366123,fish_oil
134,2007,0.6828393890434938,fish_oil
134,2008,0.6769305546894883,fish_oil
134,2009,0.6707522378034702,fish_oil
134,2010,0.6648497550878392,fish_oil
134,2011,0.6604007034072837,fish_oil
134,2012,0.6565266332906845,fish_oil
134,2013,0.6475699643850328,fish_oil
134,2014,0.6416724160781389,fish_oil
134,2015,0.6353167991408037,fish_oil
134,2016,0.6320809643807199,fish_oil
134,2017,0.6290594011065287,fish_oil
134,2018,0.6268436945703971,fish_oil
134,2019,0.6276204217892407,fish_oil
135,2001,0.9961852450014402,fish_oil
135,2002,0.9966965725308357,fish_oil
135,2003,0.9953453271266454,fish_oil
135,2004,0.9947489559703214,fish_oil
135,2005,0.9885509660248532,fish_oil
135,2006,0.9490688783122285,fish_oil
135,2007,0.9288740548196083,fish_oil
135,2008,0.8985936810782327,fish_oil
135,2009,0.8500572945233211,fish_oil
135,2010,0.7708247790436483,fish_oil
135,2011,0.700852689794516,fish_oil
135,2012,0.7904412680023271,fish_oil
135,2013,0.7765637201105162,fish_oil
135,2014,0.6947803282639149,fish_oil
135,2015,0.7792093321047237,fish_oil
135,2016,0.6881311642156986,fish_oil
135,2017,0.7837651606061483,fish_oil
135,2018,0.7109021063573455,fish_oil
135,2019,0.7985215011452234,fish_oil
136,2001,0.7212492192272881,fish_oil
136,2002,0.7158024756568951,fish_oil
136,2003,0.7095786575289683,fish_oil
136,2004,0.7035789739458593,fish_oil
136,2005,0.6970315704640657,fish_oil
136,2006,0.6922463205749291,fish_oil
136,2007,0.685820438478795,fish_oil
136,2008,0.679457232022296,fish_oil
136,2009,0.6733350793201829,fish_oil
136,2010,0.6675341486760958,fish_oil
136,2011,0.6632358697108599,fish_oil
136,2012,0.6594859245465626,fish_oil
136,2013,0.6504425534239988,fish_oil
136,2014,0.644680540418774,fish_oil
136,2015,0.6387889003718291,fish_oil
136,2016,0.6355532756873841,fish_oil
136,2017,0.6325173238036134,fish_oil
136,2018,0.6303989081125452,fish_oil
136,2019,0.6312724887245702,fish_oil
137,2001,0.9081067230058587,fish_oil
137,2002,0.8067273985689182,fish_oil
137,2003,0.9986348705264549,fish_oil
137,2004,0.9980803306778108,fish_oil
137,2005,0.8585151656062573,fish_oil
137,2006,0.9443575096255351,fish_oil
137,2007,0.8509359621388424,fish_oil
137,2008,0.660501197135962,fish_oil
137,2009,0.6648362484328608,fish_oil
137,2010,0.6456512148153173,fish_oil
137,2011,0.5057309915948661,fish_oil
137,2012,0.7086832208377755,fish_oil
137,2013,0.6486902776465455,fish_oil
137,2014,0.6013499221195634,fish_oil
137,2015,0.5186094765853494,fish_oil
137,2016,0.6722903406617897,fish_oil
137,2017,0.9600249905681932,fish_oil
137,2018,0.998014003764527,fish_oil
137,2019,0.9977495249782392,fish_oil
138,2001,1,fish_oil
138,2002,1,fish_oil
138,2003,1,fish_oil
138,2004,1,fish_oil
138,2005,1,fish_oil
138,2006,0.9830976093706185,fish_oil
138,2007,0.9660352974142109,fish_oil
138,2008,0.9654600589044967,fish_oil
138,2009,0.9643577748142906,fish_oil
138,2010,0.9595828605673554,fish_oil
138,2011,0.9620367092078131,fish_oil
138,2012,0.9507943536499099,fish_oil
138,2013,0.9742552326326082,fish_oil
138,2014,0.9624119844952332,fish_oil
138,2015,0.9888984445897252,fish_oil
138,2016,0.9204932177682453,fish_oil
138,2017,0.9966931833062972,fish_oil
138,2018,0.9996289982071113,fish_oil
138,2019,0.9993950917814253,fish_oil
139,2001,0.9502731344202955,fish_oil
139,2002,0.9521476541290443,fish_oil
139,2003,0.9530952091049796,fish_oil
139,2004,0.9419719808555456,fish_oil
139,2005,0.873410630843373,fish_oil
139,2006,0.7654084386853707,fish_oil
139,2007,0.7621399041562528,fish_oil
139,2008,0.8395388378667947,fish_oil
139,2009,0.9171177536088485,fish_oil
139,2010,0.8988591514633751,fish_oil
139,2011,0.9014093725701696,fish_oil
139,2012,0.9025844392573625,fish_oil
139,2013,0.9407908539351372,fish_oil
139,2014,0.9629368140602533,fish_oil
139,2015,0.9718812931390305,fish_oil
139,2016,0.9745814944952478,fish_oil
139,2017,0.9766518275253527,fish_oil
139,2018,0.9780528655067104,fish_oil
139,2019,0.9789624803548573,fish_oil
140,2001,0.8,fish_oil
140,2002,0.8000000000000002,fish_oil
140,2003,0.8,fish_oil
140,2004,0.8000000000000002,fish_oil
140,2005,0.8,fish_oil
140,2006,0.8,fish_oil
140,2007,0.8,fish_oil
140,2008,0.8600405767341939,fish_oil
140,2009,0.859702073336334,fish_oil
140,2010,0.8514487586849969,fish_oil
140,2011,0.8520367151478896,fish_oil
140,2012,0.847942039499568,fish_oil
140,2013,0.8013797722123708,fish_oil
140,2014,0.8014076740477929,fish_oil
140,2015,0.816188322075467,fish_oil
140,2016,0.8168001747798231,fish_oil
140,2017,0.8170166911359861,fish_oil
140,2018,0.8170978169061152,fish_oil
140,2019,0.8820315881777966,fish_oil
141,2001,0.9999327453589669,fish_oil
141,2002,0.9999284657497199,fish_oil
141,2003,0.9999667561902168,fish_oil
141,2004,0.9999712808595473,fish_oil
141,2005,0.9994105991092863,fish_oil
141,2006,0.99994486941222,fish_oil
141,2007,0.9994810638512608,fish_oil
141,2008,0.9997145822789082,fish_oil
141,2009,0.9997805059191257,fish_oil
141,2010,0.999809685824634,fish_oil
141,2011,0.9980741422121364,fish_oil
141,2012,0.9999211258074016,fish_oil
141,2013,0.9998539265560822,fish_oil
141,2014,0.9998795985514598,fish_oil
141,2015,0.9999761877747645,fish_oil
141,2016,0.9999293854460025,fish_oil
141,2017,0.9999659264867581,fish_oil
141,2018,0.9996087045065795,fish_oil
141,2019,0.9999693170178909,fish_oil
143,2001,0.9980427447819703,fish_oil
143,2002,0.9980048990253262,fish_oil
143,2003,0.9972762610277911,fish_oil
143,2004,0.9981713785756955,fish_oil
143,2005,0.9983814410153437,fish_oil
143,2006,0.9977911001956941,fish_oil
143,2007,0.9987493081267518,fish_oil
143,2008,0.9969215736251212,fish_oil
143,2009,0.7113724611965834,fish_oil
143,2010,0.9364027128311991,fish_oil
143,2011,0.9963642160425674,fish_oil
143,2012,0.9994362235291684,fish_oil
143,2013,0.9987479456227094,fish_oil
143,2014,0.9967300712337603,fish_oil
143,2015,0.998954209194347,fish_oil
143,2016,0.9983376173783363,fish_oil
143,2017,0.9993507955335098,fish_oil
143,2018,0.9988857262015133,fish_oil
143,2019,0.9020595052042725,fish_oil
144,2001,1,fish_oil
144,2002,1,fish_oil
144,2003,1,fish_oil
144,2004,1,fish_oil
144,2005,1,fish_oil
144,2006,NA,fish_oil
144,2007,1,fish_oil
144,2008,1,fish_oil
144,2009,1,fish_oil
144,2010,1,fish_oil
144,2011,1,fish_oil
144,2012,1,fish_oil
144,2013,1,fish_oil
144,2014,1,fish_oil
144,2015,1,fish_oil
144,2016,1,fish_oil
144,2017,1,fish_oil
144,2018,1,fish_oil
144,2019,1,fish_oil
145,2001,1,fish_oil
145,2002,1,fish_oil
145,2003,1,fish_oil
145,2004,1,fish_oil
145,2005,1,fish_oil
145,2006,1,fish_oil
145,2007,1,fish_oil
145,2008,1,fish_oil
145,2009,1,fish_oil
145,2010,1,fish_oil
145,2011,1,fish_oil
145,2012,1,fish_oil
145,2013,1,fish_oil
145,2014,1,fish_oil
145,2015,1,fish_oil
145,2016,1,fish_oil
145,2017,1,fish_oil
145,2018,1,fish_oil
145,2019,1,fish_oil
146,2001,NA,fish_oil
146,2002,NA,fish_oil
146,2003,NA,fish_oil
146,2004,NA,fish_oil
146,2005,NA,fish_oil
146,2006,NA,fish_oil
146,2007,NA,fish_oil
146,2008,NA,fish_oil
146,2009,NA,fish_oil
146,2010,NA,fish_oil
146,2011,NA,fish_oil
146,2012,NA,fish_oil
146,2013,NA,fish_oil
146,2014,NA,fish_oil
146,2015,NA,fish_oil
146,2016,NA,fish_oil
146,2017,NA,fish_oil
146,2018,NA,fish_oil
146,2019,NA,fish_oil
147,2001,0.8500337844798592,fish_oil
147,2002,0.8432055067090366,fish_oil
147,2003,0.8373996583140786,fish_oil
147,2004,0.829970729743006,fish_oil
147,2005,0.8226185792902445,fish_oil
147,2006,0.8175081436665215,fish_oil
147,2007,0.8116597005358254,fish_oil
147,2008,0.804347373841819,fish_oil
147,2009,0.7972469933372383,fish_oil
147,2010,0.7876266083948046,fish_oil
147,2011,0.7841662846777174,fish_oil
147,2012,0.7798788041420001,fish_oil
147,2013,0.7547942070032222,fish_oil
147,2014,0.771691114803896,fish_oil
147,2015,0.7527961445234886,fish_oil
147,2016,0.7482578939408419,fish_oil
147,2017,0.7349851886711093,fish_oil
147,2018,0.7330313353594489,fish_oil
147,2019,0.7350001248808806,fish_oil
148,2001,0.7176738072454841,fish_oil
148,2002,0.7118304003925391,fish_oil
148,2003,0.7065951821319828,fish_oil
148,2004,0.6999689049709017,fish_oil
148,2005,0.6932617801970079,fish_oil
148,2006,0.6890252822366123,fish_oil
148,2007,0.6828393890434938,fish_oil
148,2008,0.6769305546894883,fish_oil
148,2009,0.6707522378034702,fish_oil
148,2010,0.6648497550878392,fish_oil
148,2011,0.6604007034072837,fish_oil
148,2012,0.6565266332906846,fish_oil
148,2013,0.6475699643850329,fish_oil
148,2014,0.6416724160781389,fish_oil
148,2015,0.6353167991408037,fish_oil
148,2016,0.6320809643807199,fish_oil
148,2017,0.6290594011065287,fish_oil
148,2018,0.6268436945703971,fish_oil
148,2019,0.6276204217892407,fish_oil
151,2001,0.861173033052842,fish_oil
151,2002,0.852397058364211,fish_oil
151,2003,0.8503712093561354,fish_oil
151,2004,0.8431276749580392,fish_oil
151,2005,0.8346759520171894,fish_oil
151,2006,0.8291574205656886,fish_oil
151,2007,0.8174005607243506,fish_oil
151,2008,0.8097598771198857,fish_oil
151,2009,0.8008446837058729,fish_oil
151,2010,0.7988775710894281,fish_oil
151,2011,0.7917507707954498,fish_oil
151,2012,0.787960688236583,fish_oil
151,2013,0.7788398671874959,fish_oil
151,2014,0.7664056861090828,fish_oil
151,2015,0.758831272119212,fish_oil
151,2016,0.7554038389333583,fish_oil
151,2017,0.7539172240630185,fish_oil
151,2018,0.7531550275440192,fish_oil
151,2019,0.75563323052194,fish_oil
152,2001,0.7176738072454841,fish_oil
152,2002,0.7118304003925392,fish_oil
152,2003,0.7199809897951337,fish_oil
152,2004,0.7131811057637302,fish_oil
152,2005,0.7062749643029845,fish_oil
152,2006,0.7016680611116143,fish_oil
152,2007,0.6943694519717336,fish_oil
152,2008,0.6897036105288078,fish_oil
152,2009,0.6834121891344148,fish_oil
152,2010,0.6773942178755672,fish_oil
152,2011,0.6728597759355477,fish_oil
152,2012,0.6689019910732266,fish_oil
152,2013,0.659781548326722,fish_oil
152,2014,0.6538619626977517,fish_oil
152,2015,0.6473573068653297,fish_oil
152,2016,0.6440615108383475,fish_oil
152,2017,0.6409774817539194,fish_oil
152,2018,0.6387202884635448,fish_oil
152,2019,0.6395114829789292,fish_oil
153,2001,0.7176738072454841,fish_oil
153,2002,0.7118304003925392,fish_oil
153,2003,0.7065951821319827,fish_oil
153,2004,0.6999689049709017,fish_oil
153,2005,0.693261780197008,fish_oil
153,2006,0.6890252822366123,fish_oil
153,2007,0.6828393890434938,fish_oil
153,2008,0.6769305546894883,fish_oil
153,2009,0.6707522378034703,fish_oil
153,2010,0.6648497550878391,fish_oil
153,2011,0.6604007034072837,fish_oil
153,2012,0.6565266332906845,fish_oil
153,2013,0.6475699643850328,fish_oil
153,2014,0.6416724160781389,fish_oil
153,2015,0.6353167991408037,fish_oil
153,2016,0.6320809643807199,fish_oil
153,2017,0.6290594011065287,fish_oil
153,2018,0.6268436945703971,fish_oil
153,2019,0.6276204217892408,fish_oil
154,2001,0.8075823727552057,fish_oil
154,2002,0.8010069169929458,fish_oil
154,2003,0.7951158423263384,fish_oil
154,2004,0.787659440018975,fish_oil
154,2005,0.7801120696343761,fish_oil
154,2006,0.775344834022281,fish_oil
154,2007,0.7683839950246623,fish_oil
154,2008,0.7617349103066856,fish_oil
154,2009,0.7547825860758085,fish_oil
154,2010,0.7481406581288584,fish_oil
154,2011,0.7431342441771459,fish_oil
154,2012,0.7387748426693135,fish_oil
154,2013,0.7286960974067141,fish_oil
154,2014,0.7220597184792108,fish_oil
154,2015,0.7149078981862372,fish_oil
154,2016,0.7112666675551683,fish_oil
154,2017,0.7078665523133337,fish_oil
154,2018,0.7053732698831787,fish_oil
154,2019,0.7062473037498486,fish_oil
155,2001,0.848114719848773,fish_oil
155,2002,0.8509439976759503,fish_oil
155,2003,0.850522677013016,fish_oil
155,2004,0.846932604464982,fish_oil
155,2005,0.8529535483815941,fish_oil
155,2006,0.8532776892823717,fish_oil
155,2007,0.8558163926076353,fish_oil
155,2008,0.8569312967815081,fish_oil
155,2009,0.8582540664002118,fish_oil
155,2010,0.8569356136449215,fish_oil
155,2011,0.8603256875825462,fish_oil
155,2012,0.8614759294963455,fish_oil
155,2013,0.8625829505394574,fish_oil
155,2014,0.8630609347312908,fish_oil
155,2015,0.8636619719764062,fish_oil
155,2016,0.8636565253729125,fish_oil
155,2017,0.8641638805037412,fish_oil
155,2018,0.8642901867796924,fish_oil
155,2019,0.8646122557620823,fish_oil
156,2001,0.7176738072454841,fish_oil
156,2002,0.7118304003925391,fish_oil
156,2003,0.7065951821319828,fish_oil
156,2004,0.6999689049709016,fish_oil
156,2005,0.693261780197008,fish_oil
156,2006,0.6890252822366123,fish_oil
156,2007,0.6828393890434937,fish_oil
156,2008,0.6769305546894884,fish_oil
156,2009,0.6707522378034702,fish_oil
156,2010,0.6648497550878391,fish_oil
156,2011,0.6604007034072837,fish_oil
156,2012,0.6565266332906844,fish_oil
156,2013,0.6475699643850327,fish_oil
156,2014,0.641672416078139,fish_oil
156,2015,0.6353167991408037,fish_oil
156,2016,0.6320809643807199,fish_oil
156,2017,0.6290594011065287,fish_oil
156,2018,0.6268436945703971,fish_oil
156,2019,0.6276204217892406,fish_oil
157,2001,0.7176738072454841,fish_oil
157,2002,0.7118304003925392,fish_oil
157,2003,0.7065951821319827,fish_oil
157,2004,0.6999689049709017,fish_oil
157,2005,0.6932617801970079,fish_oil
157,2006,0.6890252822366124,fish_oil
157,2007,0.6828393890434938,fish_oil
157,2008,0.6769305546894882,fish_oil
157,2009,0.6707522378034702,fish_oil
157,2010,0.6648497550878392,fish_oil
157,2011,0.6604007034072837,fish_oil
157,2012,0.6565266332906845,fish_oil
157,2013,0.6475699643850328,fish_oil
157,2014,0.6416724160781389,fish_oil
157,2015,0.6353167991408037,fish_oil
157,2016,0.6320809643807199,fish_oil
157,2017,0.6290594011065287,fish_oil
157,2018,0.6268436945703972,fish_oil
157,2019,0.6276204217892407,fish_oil
158,2001,NA,fish_oil
158,2002,NA,fish_oil
158,2003,NA,fish_oil
158,2004,NA,fish_oil
158,2005,NA,fish_oil
158,2006,NA,fish_oil
158,2007,NA,fish_oil
158,2008,NA,fish_oil
158,2009,NA,fish_oil
158,2010,NA,fish_oil
158,2011,NA,fish_oil
158,2012,NA,fish_oil
158,2013,NA,fish_oil
158,2014,NA,fish_oil
158,2015,NA,fish_oil
158,2016,NA,fish_oil
158,2017,NA,fish_oil
158,2018,NA,fish_oil
158,2019,NA,fish_oil
161,2001,0.8970922590568551,fish_oil
161,2002,0.8897880004906739,fish_oil
161,2003,0.8832439776649784,fish_oil
161,2004,0.8749611312136271,fish_oil
161,2005,0.8665772252462598,fish_oil
161,2006,0.8612816027957653,fish_oil
161,2007,0.8535492363043673,fish_oil
161,2008,0.8461631933618602,fish_oil
161,2009,0.8384402972543377,fish_oil
161,2010,0.8310621938597988,fish_oil
161,2011,0.8255008792591048,fish_oil
161,2012,0.8206582916133556,fish_oil
161,2013,0.8094624554812909,fish_oil
161,2014,0.8020905200976736,fish_oil
161,2015,0.7941459989260047,fish_oil
161,2016,0.7901012054758998,fish_oil
161,2017,0.7863242513831606,fish_oil
161,2018,0.7835546182129963,fish_oil
161,2019,0.7845255272365508,fish_oil
162,2001,0.9438048343745638,fish_oil
162,2002,0.9441448263453232,fish_oil
162,2003,0.9038560114791795,fish_oil
162,2004,0.9440523128401472,fish_oil
162,2005,0.9284894385820536,fish_oil
162,2006,0.9460190671513133,fish_oil
162,2007,0.8858215732148967,fish_oil
162,2008,0.8269595585563649,fish_oil
162,2009,0.9418809052369757,fish_oil
162,2010,0.9461375572876262,fish_oil
162,2011,0.9474596683435307,fish_oil
162,2012,0.9470892449644674,fish_oil
162,2013,0.942101708302869,fish_oil
162,2014,0.9441282562586968,fish_oil
162,2015,0.9398987527466169,fish_oil
162,2016,0.9329863305617433,fish_oil
162,2017,0.9297478221074028,fish_oil
162,2018,0.9219799116095104,fish_oil
162,2019,0.9299341663350069,fish_oil
163,2001,0.9942545514057906,fish_oil
163,2002,0.9947002568497816,fish_oil
163,2003,0.9498459018849753,fish_oil
163,2004,0.9547478782412983,fish_oil
163,2005,0.9658268835972142,fish_oil
163,2006,0.9405660769071127,fish_oil
163,2007,0.9799025921566923,fish_oil
163,2008,0.9744178832639138,fish_oil
163,2009,0.9468646755996081,fish_oil
163,2010,0.9112608689381921,fish_oil
163,2011,0.9657665830442945,fish_oil
163,2012,0.9444049152346573,fish_oil
163,2013,0.9367939423782842,fish_oil
163,2014,0.9629872324221377,fish_oil
163,2015,0.9773704072311098,fish_oil
163,2016,0.9718797557820791,fish_oil
163,2017,0.9322630754828867,fish_oil
163,2018,0.8396040257177413,fish_oil
163,2019,0.9320193960655698,fish_oil
164,2001,0.8069447876153254,fish_oil
164,2002,0.7259160108779684,fish_oil
164,2003,0.6594717682446296,fish_oil
164,2004,0.611263010784564,fish_oil
164,2005,0.5731470643573272,fish_oil
164,2006,0.5387776715266702,fish_oil
164,2007,0.5434867507917271,fish_oil
164,2008,0.5718827855770574,fish_oil
164,2009,0.5747341053991193,fish_oil
164,2010,0.6244164217982052,fish_oil
164,2011,0.6556157492473532,fish_oil
164,2012,0.6589707246733281,fish_oil
164,2013,0.6651637528769107,fish_oil
164,2014,0.6744010727536874,fish_oil
164,2015,0.6869119364978801,fish_oil
164,2016,0.6956992953990889,fish_oil
164,2017,0.702690555635149,fish_oil
164,2018,0.7141879807211622,fish_oil
164,2019,0.7224313458275253,fish_oil
166,2001,0.809420762091811,fish_oil
166,2002,0.737747857746296,fish_oil
166,2003,0.6766233274323541,fish_oil
166,2004,0.6323739552507501,fish_oil
166,2005,0.5927171845492134,fish_oil
166,2006,0.5499301506950236,fish_oil
166,2007,0.5398329618054668,fish_oil
166,2008,0.5577932590418998,fish_oil
166,2009,0.5506796530251327,fish_oil
166,2010,0.5514582113837786,fish_oil
166,2011,0.550187755185081,fish_oil
166,2012,0.5702438144205255,fish_oil
166,2013,0.5570419673678554,fish_oil
166,2014,0.567879315423154,fish_oil
166,2015,0.5743507232790742,fish_oil
166,2016,0.5827894569375122,fish_oil
166,2017,0.5886585063544655,fish_oil
166,2018,0.5995355692333995,fish_oil
166,2019,0.6046326221544231,fish_oil
167,2001,0.7795653986411444,fish_oil
167,2002,0.7789489929680125,fish_oil
167,2003,0.7742879214147959,fish_oil
167,2004,0.7561539279849856,fish_oil
167,2005,0.730843888725997,fish_oil
167,2006,0.7092941062706161,fish_oil
167,2007,0.6772399972851186,fish_oil
167,2008,0.6561180077565885,fish_oil
167,2009,0.6455895466018764,fish_oil
167,2010,0.6339905861783987,fish_oil
167,2011,0.6231520772607805,fish_oil
167,2012,0.6239213454553635,fish_oil
167,2013,0.625664426658923,fish_oil
167,2014,0.6314291050073945,fish_oil
167,2015,0.6288018050787177,fish_oil
167,2016,0.6339728543942008,fish_oil
167,2017,0.640250977622874,fish_oil
167,2018,0.6472728298348575,fish_oil
167,2019,0.6646444600278195,fish_oil
168,2001,0.7469092089930367,fish_oil
168,2002,0.6968483866873632,fish_oil
168,2003,0.6574252558562215,fish_oil
168,2004,0.6105917182271856,fish_oil
168,2005,0.5653778942306147,fish_oil
168,2006,0.5120676346459495,fish_oil
168,2007,0.4727969014402647,fish_oil
168,2008,0.43156281899687027,fish_oil
168,2009,0.4045781640788809,fish_oil
168,2010,0.3898921556114684,fish_oil
168,2011,0.3855039711157842,fish_oil
168,2012,0.38729036207159623,fish_oil
168,2013,0.39339554698446133,fish_oil
168,2014,0.39825413210550714,fish_oil
168,2015,0.4079529680160083,fish_oil
168,2016,0.4173538380544641,fish_oil
168,2017,0.42791697361893355,fish_oil
168,2018,0.44109228176022247,fish_oil
168,2019,0.4588226039686458,fish_oil
169,2001,0.8697226189888796,fish_oil
169,2002,0.8626412054096635,fish_oil
169,2003,0.8562968278791626,fish_oil
169,2004,0.8482666959229775,fish_oil
169,2005,0.840138565473018,fish_oil
169,2006,0.8350045128578243,fish_oil
169,2007,0.8275080644641984,fish_oil
169,2008,0.8203473546029173,fish_oil
169,2009,0.8128600818739753,fish_oil
169,2010,0.8057070799647157,fish_oil
169,2011,0.8003154369389519,fish_oil
169,2012,0.7956205905977997,fish_oil
169,2013,0.7847663289068025,fish_oil
169,2014,0.7776193107314447,fish_oil
169,2015,0.7699171747815735,fish_oil
169,2016,0.7659957807700516,fish_oil
169,2017,0.7623340583644451,fish_oil
169,2018,0.7596489207151668,fish_oil
169,2019,0.7605902156419063,fish_oil
171,2001,0.9441711707145576,fish_oil
171,2002,0.9400446243797802,fish_oil
171,2003,0.9310731405612719,fish_oil
171,2004,0.9270099830667923,fish_oil
171,2005,0.9212395675971784,fish_oil
171,2006,0.9199633267132181,fish_oil
171,2007,0.9295695209334696,fish_oil
171,2008,0.9267795600660528,fish_oil
171,2009,0.9123079852070756,fish_oil
171,2010,0.8951053316831238,fish_oil
171,2011,0.9348035683146747,fish_oil
171,2012,0.9059903113766242,fish_oil
171,2013,0.9093436936912531,fish_oil
171,2014,0.911563769697388,fish_oil
171,2015,0.9081598330037187,fish_oil
171,2016,0.9101592977330014,fish_oil
171,2017,0.9072436043653653,fish_oil
171,2018,0.9113543233743847,fish_oil
171,2019,0.912158047117605,fish_oil
172,2001,1,fish_oil
172,2002,1,fish_oil
172,2003,1,fish_oil
172,2004,1,fish_oil
172,2005,1,fish_oil
172,2006,0.9325673803265038,fish_oil
172,2007,0.7877033733637171,fish_oil
172,2008,0.6750101308144348,fish_oil
172,2009,0.6153207172999758,fish_oil
172,2010,0.5565902933224303,fish_oil
172,2011,0.6529864934091925,fish_oil
172,2012,0.4844402726951153,fish_oil
172,2013,0.5096791070124478,fish_oil
172,2014,0.47850910181294887,fish_oil
172,2015,0.47040593669025926,fish_oil
172,2016,0.4784187074302292,fish_oil
172,2017,0.5083140088943251,fish_oil
172,2018,0.5171230155891459,fish_oil
172,2019,0.5470049166333663,fish_oil
173,2001,0.9996715565728188,fish_oil
173,2002,0.999656125035164,fish_oil
173,2003,0.9999275710203116,fish_oil
173,2004,0.9983606729353032,fish_oil
173,2005,0.9135144089370909,fish_oil
173,2006,0.8199905759817364,fish_oil
173,2007,0.9998171359785442,fish_oil
173,2008,0.9989140487742308,fish_oil
173,2009,0.9998688160809033,fish_oil
173,2010,0.9997890424509834,fish_oil
173,2011,0.9983296338158552,fish_oil
173,2012,0.9998772108793608,fish_oil
173,2013,0.9998208691000391,fish_oil
173,2014,0.9997047380521278,fish_oil
173,2015,0.9999663056773306,fish_oil
173,2016,0.9998492694948501,fish_oil
173,2017,0.9991038501383361,fish_oil
173,2018,0.9967217711696648,fish_oil
173,2019,0.9948848546668079,fish_oil
174,2001,0.8271615842890309,fish_oil
174,2002,0.8278164680297231,fish_oil
174,2003,0.814515777678591,fish_oil
174,2004,0.83368652767631235,fish_oil
174,2005,0.8619511074904125,fish_oil
174,2006,0.8491109818389788,fish_oil
174,2007,0.8535189710501236,fish_oil
174,2008,0.8643149524830062,fish_oil
174,2009,0.8675144240694753,fish_oil
174,2010,0.8679038852915476,fish_oil
174,2011,0.8651274780141082,fish_oil
174,2012,0.851009631901879,fish_oil
174,2013,0.8667403496180041,fish_oil
174,2014,0.8654960253503976,fish_oil
174,2015,0.8648394645976747,fish_oil
174,2016,0.8733678308428469,fish_oil
174,2017,0.872083925890835,fish_oil
174,2018,0.8639723523077031,fish_oil
174,2019,0.8713715209748312,fish_oil
175,2001,0.9856006203917409,fish_oil
175,2002,0.9836861034638761,fish_oil
175,2003,0.9761482385069155,fish_oil
175,2004,0.9716622970823945,fish_oil
175,2005,0.9812574588078634,fish_oil
175,2006,0.9785153895560049,fish_oil
175,2007,0.9782572929351117,fish_oil
175,2008,0.9759304173075408,fish_oil
175,2009,0.9660336182446392,fish_oil
175,2010,0.9454122079462812,fish_oil
175,2011,0.9328200252941,fish_oil
175,2012,0.9402645404914453,fish_oil
175,2013,0.9376607195587181,fish_oil
175,2014,0.9557288124594784,fish_oil
175,2015,0.9395221737608788,fish_oil
175,2016,0.9357013034000204,fish_oil
175,2017,0.9243250235412298,fish_oil
175,2018,0.9482160842121106,fish_oil
175,2019,0.9457955985090639,fish_oil
176,2001,0.942009303825556,fish_oil
176,2002,0.9425149661575776,fish_oil
176,2003,0.9408083282022419,fish_oil
176,2004,0.9477547536025388,fish_oil
176,2005,0.948696537263907,fish_oil
176,2006,0.9310759679112629,fish_oil
176,2007,0.9160052593466317,fish_oil
176,2008,0.9189597110287683,fish_oil
176,2009,0.9252953573697479,fish_oil
176,2010,0.9124672054573305,fish_oil
176,2011,0.9130093948183988,fish_oil
176,2012,0.9112430574373245,fish_oil
176,2013,0.9103381329281176,fish_oil
176,2014,0.9392546132820849,fish_oil
176,2015,0.9477371980538983,fish_oil
176,2016,0.9444234577460855,fish_oil
176,2017,0.9148232543882311,fish_oil
176,2018,0.9480577326831922,fish_oil
176,2019,0.9429015239894464,fish_oil
177,2001,0.84173581448183,fish_oil
177,2002,0.8189651822274755,fish_oil
177,2003,0.8489016054382912,fish_oil
177,2004,0.8555404693357274,fish_oil
177,2005,0.851026117490502,fish_oil
177,2006,0.8698163012058474,fish_oil
177,2007,0.8285097984499793,fish_oil
177,2008,0.7616840635722997,fish_oil
177,2009,0.7889628021017573,fish_oil
177,2010,0.8482727816248264,fish_oil
177,2011,0.8378502955894809,fish_oil
177,2012,0.8098754827103131,fish_oil
177,2013,0.8185624940767304,fish_oil
177,2014,0.825922793034262,fish_oil
177,2015,0.8855132967546656,fish_oil
177,2016,0.8621155457415082,fish_oil
177,2017,0.7952889823478216,fish_oil
177,2018,0.8345245531257163,fish_oil
177,2019,0.8260485991796856,fish_oil
178,2001,0.9993097546588726,fish_oil
178,2002,0.9993551782086693,fish_oil
178,2003,0.9998486818625375,fish_oil
178,2004,0.9997740275025155,fish_oil
178,2005,0.999690807936653,fish_oil
178,2006,0.9997231516106573,fish_oil
178,2007,0.9998663404889337,fish_oil
178,2008,0.9997364234908022,fish_oil
178,2009,0.9998806771723596,fish_oil
178,2010,0.946412872294586,fish_oil
178,2011,0.9456477056952096,fish_oil
178,2012,0.9504778182320097,fish_oil
178,2013,0.9571414841265018,fish_oil
178,2014,0.9487646299674406,fish_oil
178,2015,0.9233806496865058,fish_oil
178,2016,0.9230149514731075,fish_oil
178,2017,0.8850990510924056,fish_oil
178,2018,0.9433876376364735,fish_oil
178,2019,0.9504707414086322,fish_oil
179,2001,0.6956005961884321,fish_oil
179,2002,0.6832368588428908,fish_oil
179,2003,0.6984875059762695,fish_oil
179,2004,0.6889219879921676,fish_oil
179,2005,0.7337719367053936,fish_oil
179,2006,0.7151598644162536,fish_oil
179,2007,0.7282409205957951,fish_oil
179,2008,0.7186300468961703,fish_oil
179,2009,0.7030673317670725,fish_oil
179,2010,0.6427249859073173,fish_oil
179,2011,0.6633150981123143,fish_oil
179,2012,0.6596056688553059,fish_oil
179,2013,0.6243642840628811,fish_oil
179,2014,0.6399626211639295,fish_oil
179,2015,0.6765336659079828,fish_oil
179,2016,0.7129027329920172,fish_oil
179,2017,0.673565404490918,fish_oil
179,2018,0.7123100085610771,fish_oil
179,2019,0.7278147697210102,fish_oil
180,2001,0.8877047784690003,fish_oil
180,2002,0.9102514418896356,fish_oil
180,2003,0.9021130578780613,fish_oil
180,2004,0.9433502825816611,fish_oil
180,2005,0.9519086029348666,fish_oil
180,2006,0.9366494969066017,fish_oil
180,2007,0.943138805642959,fish_oil
180,2008,0.922603381616802,fish_oil
180,2009,0.9090806692552064,fish_oil
180,2010,0.8925499905385005,fish_oil
180,2011,0.837046084164724,fish_oil
180,2012,0.8799312924653032,fish_oil
180,2013,0.8706915639756035,fish_oil
180,2014,0.9286087848800867,fish_oil
180,2015,0.9409096085124894,fish_oil
180,2016,0.8924516184559597,fish_oil
180,2017,0.8590590274826367,fish_oil
180,2018,0.8604191979268345,fish_oil
180,2019,0.8185214887610393,fish_oil
181,2001,0.8657726764394212,fish_oil
181,2002,0.8951425001030405,fish_oil
181,2003,0.9176953931485407,fish_oil
181,2004,0.8928518176012076,fish_oil
181,2005,0.9268845083060941,fish_oil
181,2006,0.9433548341602451,fish_oil
181,2007,0.9276006480273482,fish_oil
181,2008,0.9176047302458968,fish_oil
181,2009,0.8154864956406277,fish_oil
181,2010,0.8023049754335544,fish_oil
181,2011,0.5839991562682587,fish_oil
181,2012,0.7094912700760017,fish_oil
181,2013,0.7629971976696465,fish_oil
181,2014,0.816204248701007,fish_oil
181,2015,0.8614290189370885,fish_oil
181,2016,0.9028162982957048,fish_oil
181,2017,0.9490918654745788,fish_oil
181,2018,0.9487504708343291,fish_oil
181,2019,0.9375511204254139,fish_oil
182,2001,0.8944147623040403,fish_oil
182,2002,0.8874681695032641,fish_oil
182,2003,0.8693826793251124,fish_oil
182,2004,0.8564027287000314,fish_oil
182,2005,0.8646151589514515,fish_oil
182,2006,0.8418282588578055,fish_oil
182,2007,0.8402834844502517,fish_oil
182,2008,0.8474806364385746,fish_oil
182,2009,0.7774992715720971,fish_oil
182,2010,0.7026318350373751,fish_oil
182,2011,0.7077409704485653,fish_oil
182,2012,0.7193895560464407,fish_oil
182,2013,0.7320520588623772,fish_oil
182,2014,0.7580905342710952,fish_oil
182,2015,0.8311378455380097,fish_oil
182,2016,0.8250861288373351,fish_oil
182,2017,0.8107859992989749,fish_oil
182,2018,0.8199819072457701,fish_oil
182,2019,0.8254332624347265,fish_oil
183,2001,0.9112953168202479,fish_oil
183,2002,0.9070373601791571,fish_oil
183,2003,0.9132143420913831,fish_oil
183,2004,0.8982775268046577,fish_oil
183,2005,0.8935393580616829,fish_oil
183,2006,0.884209532149079,fish_oil
183,2007,0.9095841312730556,fish_oil
183,2008,0.916416181057061,fish_oil
183,2009,0.768355259437612,fish_oil
183,2010,0.672485457420955,fish_oil
183,2011,0.6391335170512922,fish_oil
183,2012,0.5686760687708878,fish_oil
183,2013,0.5788996593187242,fish_oil
183,2014,0.5593465170365337,fish_oil
183,2015,0.5997463850144856,fish_oil
183,2016,0.6432739521960339,fish_oil
183,2017,0.6059867641670361,fish_oil
183,2018,0.6511012506066934,fish_oil
183,2019,0.6828200807828896,fish_oil
184,2001,0.7410144269484561,fish_oil
184,2002,0.6984867775831852,fish_oil
184,2003,0.682105797244528,fish_oil
184,2004,0.6668803767239371,fish_oil
184,2005,0.6429650117986146,fish_oil
184,2006,0.5887037834866942,fish_oil
184,2007,0.5949214226463493,fish_oil
184,2008,0.6445855979165352,fish_oil
184,2009,0.7236306222503345,fish_oil
184,2010,0.7711085586253202,fish_oil
184,2011,0.8108509460370196,fish_oil
184,2012,0.8881317673083959,fish_oil
184,2013,0.9221671955683101,fish_oil
184,2014,0.8798663980142337,fish_oil
184,2015,0.8744115781186043,fish_oil
184,2016,0.8577189250325048,fish_oil
184,2017,0.8447778891286776,fish_oil
184,2018,0.8365440122160044,fish_oil
184,2019,0.8272231511946203,fish_oil
186,2001,0.8870389573865386,fish_oil
186,2002,0.8953240066899943,fish_oil
186,2003,0.9111727506810056,fish_oil
186,2004,0.8923178182080027,fish_oil
186,2005,0.9010574237901946,fish_oil
186,2006,0.8855972897097376,fish_oil
186,2007,0.8781672665425899,fish_oil
186,2008,0.875061520832236,fish_oil
186,2009,0.8595616514988441,fish_oil
186,2010,0.8517310909769289,fish_oil
186,2011,0.8251567954520571,fish_oil
186,2012,0.8408791556079606,fish_oil
186,2013,0.8426938977285038,fish_oil
186,2014,0.8395488301755174,fish_oil
186,2015,0.8231752898928337,fish_oil
186,2016,0.840256856652876,fish_oil
186,2017,0.9161838021438712,fish_oil
186,2018,0.8731005589557005,fish_oil
186,2019,0.8380073793186319,fish_oil
187,2001,0.9160311199685366,fish_oil
187,2002,0.9698704505064912,fish_oil
187,2003,0.9725442053073305,fish_oil
187,2004,0.9627361735241073,fish_oil
187,2005,0.966410447556718,fish_oil
187,2006,0.962877851640739,fish_oil
187,2007,0.963268423023722,fish_oil
187,2008,0.9721226083513185,fish_oil
187,2009,0.974604061999503,fish_oil
187,2010,0.9817390458531474,fish_oil
187,2011,0.9783301066488281,fish_oil
187,2012,0.976100733891357,fish_oil
187,2013,0.9809233432378314,fish_oil
187,2014,0.984335691807187,fish_oil
187,2015,0.9791885668223255,fish_oil
187,2016,0.9785948036253894,fish_oil
187,2017,0.9787090883122053,fish_oil
187,2018,0.8975451944664785,fish_oil
187,2019,0.8390841116112425,fish_oil
188,2001,0.9252973987748387,fish_oil
188,2002,0.9961726005619488,fish_oil
188,2003,0.9946456636457334,fish_oil
188,2004,0.9881552206467812,fish_oil
188,2005,0.9918374619973347,fish_oil
188,2006,0.9926120833493897,fish_oil
188,2007,0.9880181954475975,fish_oil
188,2008,0.9860826487098532,fish_oil
188,2009,0.988297614881737,fish_oil
188,2010,0.9891627705228299,fish_oil
188,2011,0.9811446426308108,fish_oil
188,2012,0.909653650319508,fish_oil
188,2013,0.9151859868349096,fish_oil
188,2014,0.9506570857187818,fish_oil
188,2015,0.9192290753700014,fish_oil
188,2016,0.8973745984871687,fish_oil
188,2017,0.7436078759093859,fish_oil
188,2018,0.7050305957840933,fish_oil
188,2019,0.7437615115251467,fish_oil
189,2001,0.9993609973139312,fish_oil
189,2002,0.9990768735716241,fish_oil
189,2003,0.9999900001333327,fish_oil
189,2004,0.9998984345533852,fish_oil
189,2005,0.9999240753393476,fish_oil
189,2006,0.9999737869801738,fish_oil
189,2007,0.9999834861586329,fish_oil
189,2008,0.999864130827492,fish_oil
189,2009,1,fish_oil
189,2010,0.9999366864939482,fish_oil
189,2011,0.9999723308656241,fish_oil
189,2012,0.9999773916369223,fish_oil
189,2013,0.9999539209717185,fish_oil
189,2014,0.9997528624496884,fish_oil
189,2015,0.9994062803667073,fish_oil
189,2016,0.9965228922183189,fish_oil
189,2017,0.9968130742875126,fish_oil
189,2018,0.9978671486608688,fish_oil
189,2019,0.9984179780788209,fish_oil
190,2001,0.7176738072454842,fish_oil
190,2002,0.7118304003925391,fish_oil
190,2003,0.7065951821319827,fish_oil
190,2004,0.6999689049709017,fish_oil
190,2005,0.693261780197008,fish_oil
190,2006,0.6890252822366123,fish_oil
190,2007,0.6828393890434938,fish_oil
190,2008,0.6769305546894883,fish_oil
190,2009,0.6707522378034702,fish_oil
190,2010,0.6648497550878392,fish_oil
190,2011,0.6604007034072837,fish_oil
190,2012,0.6565266332906845,fish_oil
190,2013,0.6475699643850328,fish_oil
190,2014,0.6416724160781389,fish_oil
190,2015,0.6353167991408037,fish_oil
190,2016,0.6320809643807199,fish_oil
190,2017,0.7334330152336132,fish_oil
190,2018,0.7221302562568801,fish_oil
190,2019,0.7376347251589079,fish_oil
191,2001,0.8813538099097235,fish_oil
191,2002,0.8627732621011547,fish_oil
191,2003,0.859197835714486,fish_oil
191,2004,0.8541979827655372,fish_oil
191,2005,0.8734175922312386,fish_oil
191,2006,0.8169632968295072,fish_oil
191,2007,0.8358200305673041,fish_oil
191,2008,0.809889411555792,fish_oil
191,2009,0.8304416042022567,fish_oil
191,2010,0.8956047124858415,fish_oil
191,2011,0.8986043470776579,fish_oil
191,2012,0.8842674856686527,fish_oil
191,2013,0.8832072620392608,fish_oil
191,2014,0.8884848318735002,fish_oil
191,2015,0.8909493498313452,fish_oil
191,2016,0.8883351807316745,fish_oil
191,2017,0.9280218008812506,fish_oil
191,2018,0.9190541809223478,fish_oil
191,2019,0.9485357850899592,fish_oil
192,2001,0.9980796679135397,fish_oil
192,2002,0.9981245805385222,fish_oil
192,2003,0.996432789500505,fish_oil
192,2004,0.9919127598247994,fish_oil
192,2005,0.9801152461945103,fish_oil
192,2006,0.9926956555268068,fish_oil
192,2007,0.9841655202715163,fish_oil
192,2008,0.9695671146436644,fish_oil
192,2009,0.9683276340689579,fish_oil
192,2010,0.9825323479378247,fish_oil
192,2011,0.9356179049541113,fish_oil
192,2012,0.9901548373124521,fish_oil
192,2013,0.971811263184631,fish_oil
192,2014,0.9827358813753425,fish_oil
192,2015,0.9626581164763219,fish_oil
192,2016,0.9732891017657138,fish_oil
192,2017,0.9831624426911306,fish_oil
192,2018,0.9838075482760071,fish_oil
192,2019,0.9844886343039629,fish_oil
193,2001,0.988598781956934,fish_oil
193,2002,0.9758661376629155,fish_oil
193,2003,0.9762292405189854,fish_oil
193,2004,0.9549058440752802,fish_oil
193,2005,0.9398440445084137,fish_oil
193,2006,0.9221872974809571,fish_oil
193,2007,0.8973568901691725,fish_oil
193,2008,0.8815585734186528,fish_oil
193,2009,0.8734879025129332,fish_oil
193,2010,0.85833360747157,fish_oil
193,2011,0.8751620895253512,fish_oil
193,2012,0.8589244577352717,fish_oil
193,2013,0.9007704212715828,fish_oil
193,2014,0.8761250089760148,fish_oil
193,2015,0.8875742911463707,fish_oil
193,2016,0.8999022704515325,fish_oil
193,2017,0.90858368172609,fish_oil
193,2018,0.900346651239379,fish_oil
193,2019,0.8673991201759632,fish_oil
194,2001,0.963313107456995,fish_oil
194,2002,0.9739552561995051,fish_oil
194,2003,0.9821973058365742,fish_oil
194,2004,0.9742810145974192,fish_oil
194,2005,0.953705727561718,fish_oil
194,2006,0.950913149705923,fish_oil
194,2007,0.9588126348701066,fish_oil
194,2008,0.9682223386903065,fish_oil
194,2009,0.9508321034254222,fish_oil
194,2010,0.9584857427395447,fish_oil
194,2011,0.9513718390936178,fish_oil
194,2012,0.956600985724741,fish_oil
194,2013,0.9299907645505721,fish_oil
194,2014,0.9164123459810255,fish_oil
194,2015,0.9096110108716355,fish_oil
194,2016,0.8875983229920121,fish_oil
194,2017,0.8963094120588861,fish_oil
194,2018,0.9078788748285191,fish_oil
194,2019,0.9156460125980953,fish_oil
195,2001,0.9998964583642477,fish_oil
195,2002,0.9999608812431648,fish_oil
195,2003,0.9930978437001727,fish_oil
195,2004,0.9968678151775008,fish_oil
195,2005,0.9938803526834057,fish_oil
195,2006,0.9979813560895586,fish_oil
195,2007,0.9985932604200506,fish_oil
195,2008,0.9984569986984724,fish_oil
195,2009,0.99837038624197,fish_oil
195,2010,0.9719142464445623,fish_oil
195,2011,0.962750620865958,fish_oil
195,2012,0.9587175817837988,fish_oil
195,2013,0.9470041133662994,fish_oil
195,2014,0.849253301385605,fish_oil
195,2015,0.8312067198711655,fish_oil
195,2016,0.7872831617479312,fish_oil
195,2017,0.7703527149026511,fish_oil
195,2018,0.793556222162497,fish_oil
195,2019,0.7820702570609137,fish_oil
196,2001,0.9344256524769622,fish_oil
196,2002,0.9378875529455766,fish_oil
196,2003,0.9348769573961818,fish_oil
196,2004,0.9278944227727863,fish_oil
196,2005,0.9326314183492734,fish_oil
196,2006,0.9352855723550013,fish_oil
196,2007,0.937033202175388,fish_oil
196,2008,0.9381299316579782,fish_oil
196,2009,0.9372629607960105,fish_oil
196,2010,0.9378143434148443,fish_oil
196,2011,0.9368075042335121,fish_oil
196,2012,0.8996794055575166,fish_oil
196,2013,0.8879088139426585,fish_oil
196,2014,0.8715178093127127,fish_oil
196,2015,0.8929574044843944,fish_oil
196,2016,0.8533571894063915,fish_oil
196,2017,0.8217853099249889,fish_oil
196,2018,0.8054456815931604,fish_oil
196,2019,0.7935397578531879,fish_oil
197,2001,0.9560150088145487,fish_oil
197,2002,0.9513434736234415,fish_oil
197,2003,0.9512012495282801,fish_oil
197,2004,0.9650534300336756,fish_oil
197,2005,0.9853510742466552,fish_oil
197,2006,0.9813512985751635,fish_oil
197,2007,0.980270154102157,fish_oil
197,2008,0.9815721988235347,fish_oil
197,2009,0.9833194475365898,fish_oil
197,2010,0.9849707503796261,fish_oil
197,2011,0.9860601680703291,fish_oil
197,2012,0.9873159923528227,fish_oil
197,2013,0.9889516503042299,fish_oil
197,2014,0.9864301479538246,fish_oil
197,2015,0.9902099712607092,fish_oil
197,2016,0.9927625724002715,fish_oil
197,2017,0.9742415762981987,fish_oil
197,2018,0.9733292540084361,fish_oil
197,2019,0.972442276836371,fish_oil
198,2001,0.9950995555165725,fish_oil
198,2002,0.9870880168233973,fish_oil
198,2003,0.989125633803223,fish_oil
198,2004,0.9750720955278207,fish_oil
198,2005,0.9599693240415434,fish_oil
198,2006,0.9399912014185808,fish_oil
198,2007,0.9069552901494832,fish_oil
198,2008,0.9035313477575797,fish_oil
198,2009,0.8840467590726745,fish_oil
198,2010,0.8683721497876573,fish_oil
198,2011,0.8613761222147689,fish_oil
198,2012,0.900482799320769,fish_oil
198,2013,0.9848899827813674,fish_oil
198,2014,0.9452275399339195,fish_oil
198,2015,0.9197999433721209,fish_oil
198,2016,0.8903268241751933,fish_oil
198,2017,0.9066171124594342,fish_oil
198,2018,0.8685552516735698,fish_oil
198,2019,0.8331657770548441,fish_oil
199,2001,0.953419951135979,fish_oil
199,2002,0.9563351913997618,fish_oil
199,2003,0.9590813471961498,fish_oil
199,2004,0.9600107220293475,fish_oil
199,2005,0.9564245409583374,fish_oil
199,2006,0.9582027490810429,fish_oil
199,2007,0.9575978889578468,fish_oil
199,2008,0.959791064271442,fish_oil
199,2009,0.9612214680801375,fish_oil
199,2010,0.9621042375030393,fish_oil
199,2011,0.9253522823253677,fish_oil
199,2012,0.8785012903486014,fish_oil
199,2013,0.8619795035619712,fish_oil
199,2014,0.8428710371622247,fish_oil
199,2015,0.83725453975934,fish_oil
199,2016,0.8619225077602702,fish_oil
199,2017,0.8621823572169444,fish_oil
199,2018,0.847558485550936,fish_oil
199,2019,0.8444768499869969,fish_oil
200,2001,0.92300532155727,fish_oil
200,2002,0.931877583668355,fish_oil
200,2003,0.9245641807361445,fish_oil
200,2004,0.9129552678835915,fish_oil
200,2005,0.915709743831865,fish_oil
200,2006,0.9100935094101847,fish_oil
200,2007,0.9187327001197985,fish_oil
200,2008,0.9075733875367954,fish_oil
200,2009,0.8970144673769067,fish_oil
200,2010,0.8912634164284106,fish_oil
200,2011,0.8344507075715724,fish_oil
200,2012,0.855550159460809,fish_oil
200,2013,0.8000622872317379,fish_oil
200,2014,0.7722260554692004,fish_oil
200,2015,0.7410870703222137,fish_oil
200,2016,0.6953944944351192,fish_oil
200,2017,0.688970181666473,fish_oil
200,2018,0.6834476173278606,fish_oil
200,2019,0.6780897812383349,fish_oil
202,2001,0.8926927485739524,fish_oil
202,2002,0.897392997270684,fish_oil
202,2003,0.896988403493226,fish_oil
202,2004,0.8958586530073749,fish_oil
202,2005,0.8966734469497084,fish_oil
202,2006,0.8912011855020886,fish_oil
202,2007,0.8939869279083494,fish_oil
202,2008,0.8923616349985489,fish_oil
202,2009,0.8931417541790996,fish_oil
202,2010,0.8942566755591278,fish_oil
202,2011,0.8897587830506912,fish_oil
202,2012,0.8880648870332686,fish_oil
202,2013,0.8893998707227372,fish_oil
202,2014,0.8869583348257005,fish_oil
202,2015,0.8884193850366037,fish_oil
202,2016,0.8839001290557412,fish_oil
202,2017,0.875355351542198,fish_oil
202,2018,0.8806905992299072,fish_oil
202,2019,0.8956043436634983,fish_oil
203,2001,0.9187426008003662,fish_oil
203,2002,0.9266311828361407,fish_oil
203,2003,0.9346403733030324,fish_oil
203,2004,0.932565209848486,fish_oil
203,2005,0.9307043547317515,fish_oil
203,2006,0.9336848391143082,fish_oil
203,2007,0.940624717098812,fish_oil
203,2008,0.9299573870831692,fish_oil
203,2009,0.9273878015208371,fish_oil
203,2010,0.937545699003641,fish_oil
203,2011,0.9325230506426898,fish_oil
203,2012,0.9255629841111185,fish_oil
203,2013,0.9140284384563031,fish_oil
203,2014,0.893615615062355,fish_oil
203,2015,0.8746029567744992,fish_oil
203,2016,0.8743024141579893,fish_oil
203,2017,0.8683914527215142,fish_oil
203,2018,0.8648106650058827,fish_oil
203,2019,0.8581400390669005,fish_oil
204,2001,0.9778453487470737,fish_oil
204,2002,0.9781019516701899,fish_oil
204,2003,0.9772118197271757,fish_oil
204,2004,0.980362799831342,fish_oil
204,2005,0.9817857869000873,fish_oil
204,2006,0.9825313371211316,fish_oil
204,2007,0.9824460381146369,fish_oil
204,2008,0.98407279653832,fish_oil
204,2009,0.985241058974655,fish_oil
204,2010,0.985131242609274,fish_oil
204,2011,0.9854901672364668,fish_oil
204,2012,0.9854048626727773,fish_oil
204,2013,0.9872113524140251,fish_oil
204,2014,0.988070977557911,fish_oil
204,2015,0.9889561145301486,fish_oil
204,2016,0.9888571226544691,fish_oil
204,2017,0.9896450512397524,fish_oil
204,2018,0.9902264234248599,fish_oil
204,2019,0.990259465052641,fish_oil
205,2001,0.8561300806217009,fish_oil
205,2002,0.8528606892663098,fish_oil
205,2003,0.8575664556286534,fish_oil
205,2004,0.8515908499661322,fish_oil
205,2005,0.864925467911557,fish_oil
205,2006,0.8623830197427864,fish_oil
205,2007,0.8605916971127472,fish_oil
205,2008,0.8614607015460694,fish_oil
205,2009,0.861432602250149,fish_oil
205,2010,0.8629387928690171,fish_oil
205,2011,0.8606867573035585,fish_oil
205,2012,0.8620316598072814,fish_oil
205,2013,0.8608237704515966,fish_oil
205,2014,0.8618387669666882,fish_oil
205,2015,0.8650403273462651,fish_oil
205,2016,0.866434834927737,fish_oil
205,2017,0.8664464762647067,fish_oil
205,2018,0.866159543141636,fish_oil
205,2019,0.8654631950992666,fish_oil
206,2001,0.878357298423107,fish_oil
206,2002,0.87825205391453,fish_oil
206,2003,0.8710662034276334,fish_oil
206,2004,0.8631599315372532,fish_oil
206,2005,0.8406975839283494,fish_oil
206,2006,0.8363639869273893,fish_oil
206,2007,0.8284266419718268,fish_oil
206,2008,0.8340446572092862,fish_oil
206,2009,0.8356422648185154,fish_oil
206,2010,0.8328100680305163,fish_oil
206,2011,0.8315973985076028,fish_oil
206,2012,0.8300636901404438,fish_oil
206,2013,0.8287093556898021,fish_oil
206,2014,0.8215724842160971,fish_oil
206,2015,0.8192978384201546,fish_oil
206,2016,0.8173468740909932,fish_oil
206,2017,0.8148512022563902,fish_oil
206,2018,0.8144655148229833,fish_oil
206,2019,0.8157056028949946,fish_oil
207,2001,0.6835763113785736,fish_oil
207,2002,0.6746150100941817,fish_oil
207,2003,0.673344593395867,fish_oil
207,2004,0.6611215891544117,fish_oil
207,2005,0.659386549114926,fish_oil
207,2006,0.6585044138636892,fish_oil
207,2007,0.650958882899218,fish_oil
207,2008,0.6459988565942462,fish_oil
207,2009,0.6497563405390028,fish_oil
207,2010,0.6500161241219675,fish_oil
207,2011,0.6471182770910943,fish_oil
207,2012,0.6516728757921727,fish_oil
207,2013,0.661752747724937,fish_oil
207,2014,0.7001473076659699,fish_oil
207,2015,0.707828359025033,fish_oil
207,2016,0.7102301483290461,fish_oil
207,2017,0.7129131037545865,fish_oil
207,2018,0.6758899615308278,fish_oil
207,2019,0.6861736889461308,fish_oil
208,2001,0.8675876912731149,fish_oil
208,2002,0.89140731923603,fish_oil
208,2003,0.8726968305185546,fish_oil
208,2004,0.8908676023432093,fish_oil
208,2005,0.8770776763857712,fish_oil
208,2006,0.8291520199820787,fish_oil
208,2007,0.8370891540680326,fish_oil
208,2008,0.8303805321164988,fish_oil
208,2009,0.8351610415677102,fish_oil
208,2010,0.8396714795590815,fish_oil
208,2011,0.8259942259162693,fish_oil
208,2012,0.7958432702606568,fish_oil
208,2013,0.7422921465288176,fish_oil
208,2014,0.6836892930290455,fish_oil
208,2015,0.6369615839119521,fish_oil
208,2016,0.6021940706968882,fish_oil
208,2017,0.5740244936468436,fish_oil
208,2018,0.5714013821921115,fish_oil
208,2019,0.5723192715965706,fish_oil
209,2001,0.6733823930338164,fish_oil
209,2002,0.6824920455639533,fish_oil
209,2003,0.6947832396507089,fish_oil
209,2004,0.6850808168088252,fish_oil
209,2005,0.7075995527242172,fish_oil
209,2006,0.7149276802134039,fish_oil
209,2007,0.756061993247062,fish_oil
209,2008,0.7550687352371418,fish_oil
209,2009,0.7452037981161626,fish_oil
209,2010,0.7560196619315687,fish_oil
209,2011,0.7326904182177947,fish_oil
209,2012,0.7329253785287033,fish_oil
209,2013,0.718923229816924,fish_oil
209,2014,0.7351800754082338,fish_oil
209,2015,0.734980080485179,fish_oil
209,2016,0.7358779005879056,fish_oil
209,2017,0.7423684865584917,fish_oil
209,2018,0.7315683469822698,fish_oil
209,2019,0.7037451150982534,fish_oil
210,2001,0.854791707821447,fish_oil
210,2002,0.9161318803669934,fish_oil
210,2003,0.9504646203565967,fish_oil
210,2004,0.943938613335704,fish_oil
210,2005,0.9343969156901402,fish_oil
210,2006,0.9148544385301869,fish_oil
210,2007,0.8796228431646049,fish_oil
210,2008,0.8995806804553953,fish_oil
210,2009,0.8701487204273411,fish_oil
210,2010,0.8561050224683842,fish_oil
210,2011,0.7689031620788789,fish_oil
210,2012,0.7707443517472103,fish_oil
210,2013,0.7675626669625989,fish_oil
210,2014,0.8078485462199487,fish_oil
210,2015,0.7714777646865779,fish_oil
210,2016,0.7786905501842931,fish_oil
210,2017,0.8027645580977076,fish_oil
210,2018,0.8804325669946614,fish_oil
210,2019,0.8925942062686943,fish_oil
212,2001,0.7176738072454842,fish_oil
212,2002,0.7118304003925391,fish_oil
212,2003,0.7065951821319827,fish_oil
212,2004,0.6999689049709017,fish_oil
212,2005,0.693261780197008,fish_oil
212,2006,0.6890252822366123,fish_oil
212,2007,0.6828393890434938,fish_oil
212,2008,0.6769305546894883,fish_oil
212,2009,0.6707522378034702,fish_oil
212,2010,0.6648497550878393,fish_oil
212,2011,0.6604007034072837,fish_oil
212,2012,0.6565266332906845,fish_oil
212,2013,0.6475699643850328,fish_oil
212,2014,0.6416724160781389,fish_oil
212,2015,0.6353167991408037,fish_oil
212,2016,0.6320809643807199,fish_oil
212,2017,0.6290594011065287,fish_oil
212,2018,0.6268436945703972,fish_oil
212,2019,0.6276204217892407,fish_oil
214,2001,0.8707819052489374,fish_oil
214,2002,0.883901471211623,fish_oil
214,2003,0.8007767772655829,fish_oil
214,2004,0.7899292080908431,fish_oil
214,2005,0.7932895975818846,fish_oil
214,2006,0.7920585303531593,fish_oil
214,2007,0.8063282929587634,fish_oil
214,2008,0.7954654337279319,fish_oil
214,2009,0.7892659388520088,fish_oil
214,2010,0.7851171813489741,fish_oil
214,2011,0.7772277486954426,fish_oil
214,2012,0.7610630655375146,fish_oil
214,2013,0.7685364663804131,fish_oil
214,2014,0.7514939984127035,fish_oil
214,2015,0.7523463339136102,fish_oil
214,2016,0.7521255671975705,fish_oil
214,2017,0.7529737879837098,fish_oil
214,2018,0.744057592717864,fish_oil
214,2019,0.7486027287563239,fish_oil
215,2001,0.8611631378493715,fish_oil
215,2002,0.8654308637101394,fish_oil
215,2003,0.8605910128057825,fish_oil
215,2004,0.8602333384279333,fish_oil
215,2005,0.8524607205441207,fish_oil
215,2006,0.8553377084925929,fish_oil
215,2007,0.8583004928815239,fish_oil
215,2008,0.8527932168566631,fish_oil
215,2009,0.8620562495791606,fish_oil
215,2010,0.8446854663774404,fish_oil
215,2011,0.8449875268884369,fish_oil
215,2012,0.8416521262146067,fish_oil
215,2013,0.839622254200575,fish_oil
215,2014,0.838481272447409,fish_oil
215,2015,0.8388098318240623,fish_oil
215,2016,0.8388098318240623,fish_oil
215,2017,0.8386687364580475,fish_oil
215,2018,0.8385905019821626,fish_oil
215,2019,0.8385125834346236,fish_oil
216,2001,0.9240236264253389,fish_oil
216,2002,0.9257357980361339,fish_oil
216,2003,0.9162692225963817,fish_oil
216,2004,0.903105371036016,fish_oil
216,2005,0.8961836847469831,fish_oil
216,2006,0.8954381400062416,fish_oil
216,2007,0.8873548581381062,fish_oil
216,2008,0.8922721423462345,fish_oil
216,2009,0.8882959832923455,fish_oil
216,2010,0.8880585012647925,fish_oil
216,2011,0.8876990455892917,fish_oil
216,2012,0.8869916949599117,fish_oil
216,2013,0.8853675469603418,fish_oil
216,2014,0.8804364822478752,fish_oil
216,2015,0.8788801297428838,fish_oil
216,2016,0.8758172710677627,fish_oil
216,2017,0.8770281562262527,fish_oil
216,2018,0.8733215896484184,fish_oil
216,2019,0.873482083031828,fish_oil
218,2001,0.9987318025345471,fish_oil
218,2002,0.9161024556103948,fish_oil
218,2003,0.873530581911362,fish_oil
218,2004,0.9989614323609812,fish_oil
218,2005,0.9945252991066886,fish_oil
218,2006,0.9896624400639606,fish_oil
218,2007,0.9531227545050818,fish_oil
218,2008,0.9983172934881991,fish_oil
218,2009,0.9983374928383388,fish_oil
218,2010,0.9813748170924397,fish_oil
218,2011,0.9703758082440624,fish_oil
218,2012,0.9501565570572071,fish_oil
218,2013,0.9661986657558812,fish_oil
218,2014,0.9645051174345315,fish_oil
218,2015,0.8599865407552825,fish_oil
218,2016,0.7856793830194179,fish_oil
218,2017,0.7356297891658374,fish_oil
218,2018,0.7230514694160003,fish_oil
218,2019,0.7462294790556843,fish_oil
219,2001,0.897092259056855,fish_oil
219,2002,0.8897880004906737,fish_oil
219,2003,0.8832439776649783,fish_oil
219,2004,0.8749611312136271,fish_oil
219,2005,0.8665772252462599,fish_oil
219,2006,0.8612816027957653,fish_oil
219,2007,0.8535492363043672,fish_oil
219,2008,0.8461631933618603,fish_oil
219,2009,0.8384402972543377,fish_oil
219,2010,0.8310621938597988,fish_oil
219,2011,0.8255008792591045,fish_oil
219,2012,0.8206582916133556,fish_oil
219,2013,0.809462455481291,fish_oil
219,2014,0.8020905200976736,fish_oil
219,2015,0.7941459989260048,fish_oil
219,2016,0.7901012054758998,fish_oil
219,2017,0.7863242513831608,fish_oil
219,2018,0.7835546182129963,fish_oil
219,2019,0.7845255272365508,fish_oil
221,2001,1,fish_oil
221,2002,1,fish_oil
221,2003,1,fish_oil
221,2004,1,fish_oil
221,2005,1,fish_oil
221,2006,1,fish_oil
221,2007,1,fish_oil
221,2008,1,fish_oil
221,2009,1,fish_oil
221,2010,1,fish_oil
221,2011,1,fish_oil
221,2012,1,fish_oil
221,2013,1,fish_oil
221,2014,1,fish_oil
221,2015,1,fish_oil
221,2016,1,fish_oil
221,2017,1,fish_oil
221,2018,1,fish_oil
221,2019,1,fish_oil
222,2001,0.9956672532187099,fish_oil
222,2002,0.9980938746431665,fish_oil
222,2003,0.9967472448130056,fish_oil
222,2004,0.9981153729400742,fish_oil
222,2005,0.9988249339887975,fish_oil
222,2006,0.9983193717485375,fish_oil
222,2007,0.9987724112910047,fish_oil
222,2008,0.9991032494107394,fish_oil
222,2009,0.9992541876344322,fish_oil
222,2010,0.9992945938088521,fish_oil
222,2011,0.9988114878153309,fish_oil
222,2012,0.9988887645020142,fish_oil
222,2013,0.9967310287359058,fish_oil
222,2014,0.9987751012467898,fish_oil
222,2015,0.998199827208029,fish_oil
222,2016,0.9985300811724799,fish_oil
222,2017,0.9969079958031879,fish_oil
222,2018,0.998896955005934,fish_oil
222,2019,0.9983204541616889,fish_oil
223,2001,0.9308659445043272,fish_oil
223,2002,0.928864015576715,fish_oil
223,2003,0.9526923935325724,fish_oil
223,2004,0.9923875825551192,fish_oil
223,2005,0.9871414813720313,fish_oil
223,2006,0.9852040800424076,fish_oil
223,2007,0.9946435113336256,fish_oil
223,2008,0.993634325320494,fish_oil
223,2009,0.9452855895100538,fish_oil
223,2010,0.9530902427937769,fish_oil
223,2011,0.8988068720794102,fish_oil
223,2012,0.9096504780208186,fish_oil
223,2013,0.9347908324929365,fish_oil
223,2014,0.9586298054258271,fish_oil
223,2015,0.9460116848051737,fish_oil
223,2016,0.9867758251325286,fish_oil
223,2017,0.9874675407747773,fish_oil
223,2018,0.9204038950419331,fish_oil
223,2019,0.9963489251734396,fish_oil
224,2001,0.8876615443724875,fish_oil
224,2002,0.9587927083498246,fish_oil
224,2003,1,fish_oil
224,2004,1,fish_oil
224,2005,1,fish_oil
224,2006,0.9145011389747177,fish_oil
224,2007,0.8200842112371485,fish_oil
224,2008,0.7597774324501213,fish_oil
224,2009,0.7023659062137932,fish_oil
224,2010,0.7955784088402762,fish_oil
224,2011,0.8690813545656898,fish_oil
224,2012,0.745315265143284,fish_oil
224,2013,0.7893806583175705,fish_oil
224,2014,0.7324687227635537,fish_oil
224,2015,0.741695704937407,fish_oil
224,2016,0.6294267792385596,fish_oil
224,2017,0.9639031367834744,fish_oil
224,2018,0.9930181379825535,fish_oil
224,2019,0.9934260929744058,fish_oil
227,2001,0.5352800772061642,fish_oil
227,2002,0.5819180479415637,fish_oil
227,2003,0.5317257293794374,fish_oil
227,2004,0.6010857192398856,fish_oil
227,2005,0.5628186605750239,fish_oil
227,2006,0.5274531369295385,fish_oil
227,2007,0.508194142727263,fish_oil
227,2008,0.512716624361974,fish_oil
227,2009,0.5323500697141227,fish_oil
227,2010,0.48636832724520546,fish_oil
227,2011,0.5235836645827866,fish_oil
227,2012,0.5096698303846409,fish_oil
227,2013,0.45724315149893774,fish_oil
227,2014,0.48420533779475744,fish_oil
227,2015,0.5111756141874768,fish_oil
227,2016,0.5286282672691389,fish_oil
227,2017,0.5266388089176282,fish_oil
227,2018,0.5143284579298343,fish_oil
227,2019,0.5157514209987871,fish_oil
228,2001,0.5352800772061642,fish_oil
228,2002,0.5819180479415637,fish_oil
228,2003,0.5317257293794374,fish_oil
228,2004,0.6010857192398856,fish_oil
228,2005,0.5628186605750239,fish_oil
228,2006,0.5274531369295385,fish_oil
228,2007,0.508194142727263,fish_oil
228,2008,0.512716624361974,fish_oil
228,2009,0.5323500697141227,fish_oil
228,2010,0.48636832724520546,fish_oil
228,2011,0.5235836645827866,fish_oil
228,2012,0.5096698303846409,fish_oil
228,2013,0.45724315149893774,fish_oil
228,2014,0.48420533779475744,fish_oil
228,2015,0.5111756141874768,fish_oil
228,2016,0.5286282672691389,fish_oil
228,2017,0.5266388089176282,fish_oil
228,2018,0.5143284579298343,fish_oil
228,2019,0.5157514209987871,fish_oil
231,2001,0.8792935618848524,fish_oil
231,2002,0.8559294547734495,fish_oil
231,2003,0.8559294615275799,fish_oil
231,2004,0.8559294595021306,fish_oil
231,2005,0.8672506041492998,fish_oil
231,2006,0.8559294562571983,fish_oil
231,2007,0.8559294720072554,fish_oil
231,2008,0.8519945790832988,fish_oil
231,2009,0.8500817410529186,fish_oil
231,2010,0.8488524273258836,fish_oil
231,2011,0.8469203928303131,fish_oil
231,2012,0.8443088934342374,fish_oil
231,2013,0.8402026323839871,fish_oil
231,2014,0.8340796287043858,fish_oil
231,2015,0.8276359424474792,fish_oil
231,2016,0.8226397942497798,fish_oil
231,2017,0.8186277876609755,fish_oil
231,2018,0.8164406648476995,fish_oil
231,2019,0.8161418664070235,fish_oil
232,2001,0.6849525985238489,fish_oil
232,2002,0.6883544371906458,fish_oil
232,2003,0.6779041226838817,fish_oil
232,2004,0.692825595868905,fish_oil
232,2005,0.681923109345548,fish_oil
232,2006,0.679215777765632,fish_oil
232,2007,0.6746470019531166,fish_oil
232,2008,0.6708385311092663,fish_oil
232,2009,0.665272848417226,fish_oil
232,2010,0.663393081454931,fish_oil
232,2011,0.6543130427506562,fish_oil
232,2012,0.6408523728723027,fish_oil
232,2013,0.6338221479765167,fish_oil
232,2014,0.6311224511385435,fish_oil
232,2015,0.6257397574939505,fish_oil
232,2016,0.6235695104053115,fish_oil
232,2017,0.6207791396032377,fish_oil
232,2018,0.6189682032249274,fish_oil
232,2019,0.6186372163004131,fish_oil
244,2001,0.8970922590568551,fish_oil
244,2002,0.8897880004906739,fish_oil
244,2003,0.8832439776649782,fish_oil
244,2004,0.8749611312136271,fish_oil
244,2005,0.8665772252462598,fish_oil
244,2006,0.8612816027957653,fish_oil
244,2007,0.8535492363043672,fish_oil
244,2008,0.8461631933618603,fish_oil
244,2009,0.8384402972543378,fish_oil
244,2010,0.8310621938597988,fish_oil
244,2011,0.8255008792591046,fish_oil
244,2012,0.8206582916133557,fish_oil
244,2013,0.8094624554812909,fish_oil
244,2014,0.8020905200976737,fish_oil
244,2015,0.7941459989260047,fish_oil
244,2016,0.7901012054758998,fish_oil
244,2017,0.7863242513831608,fish_oil
244,2018,0.7835546182129963,fish_oil
244,2019,0.7845255272365509,fish_oil
245,2001,0.897092259056855,fish_oil
245,2002,0.8897880004906737,fish_oil
245,2003,0.8832439776649783,fish_oil
245,2004,0.8749611312136271,fish_oil
245,2005,0.8665772252462597,fish_oil
245,2006,0.8612816027957653,fish_oil
245,2007,0.8535492363043673,fish_oil
245,2008,0.8461631933618604,fish_oil
245,2009,0.8384402972543377,fish_oil
245,2010,0.8310621938597988,fish_oil
245,2011,0.8255008792591046,fish_oil
245,2012,0.8206582916133556,fish_oil
245,2013,0.8094624554812909,fish_oil
245,2014,0.8020905200976736,fish_oil
245,2015,0.7941459989260047,fish_oil
245,2016,0.7901012054758998,fish_oil
245,2017,0.7863242513831608,fish_oil
245,2018,0.7835546182129963,fish_oil
245,2019,0.7845255272365509,fish_oil
247,2001,0.8152908077393526,fish_oil
247,2002,0.8271164005954932,fish_oil
247,2003,0.8440397483817639,fish_oil
247,2004,0.8401255148732902,fish_oil
247,2005,0.8435873949434771,fish_oil
247,2006,0.8769741079835518,fish_oil
247,2007,0.8494720248737123,fish_oil
247,2008,0.8187506420559186,fish_oil
247,2009,0.8071052002499619,fish_oil
247,2010,0.790317423733995,fish_oil
247,2011,0.788007403986373,fish_oil
247,2012,0.7597492790254561,fish_oil
247,2013,0.7364001622606037,fish_oil
247,2014,0.6932609674546223,fish_oil
247,2015,0.6567744858017656,fish_oil
247,2016,0.6301881804822452,fish_oil
247,2017,0.7639829381093133,fish_oil
247,2018,0.5868377310692175,fish_oil
247,2019,0.7381427362821167,fish_oil
250,2001,0.8489950749098505,fish_oil
250,2002,0.8279886266319615,fish_oil
250,2003,0.8011843120298551,fish_oil
250,2004,0.7815657199082992,fish_oil
250,2005,0.7576775788557292,fish_oil
250,2006,0.7503110748720493,fish_oil
250,2007,0.7276468700423329,fish_oil
250,2008,0.7304540331836442,fish_oil
250,2009,0.6893488243481464,fish_oil
250,2010,0.6162344922527832,fish_oil
250,2011,0.617671821960954,fish_oil
250,2012,0.6194742614254855,fish_oil
250,2013,0.6227983706514161,fish_oil
250,2014,0.6277549107889933,fish_oil
250,2015,0.6330196994655362,fish_oil
250,2016,0.6377062908795141,fish_oil
250,2017,0.6423534020648213,fish_oil
250,2018,0.6475669230512866,fish_oil
250,2019,0.6519633844413469,fish_oil
