rgn_id,year,product,tonnes,usd_per_tonne,total_usd_value,mean_tonnes,mean_usd_per_tonne,usd_product,total_usd,weight
82,2019,ornamentals,0,13.839026417897957,0,0,13.233878334950683,0,2446.728725182957,0
82,2020,ornamentals,0,13.28453454913226,0,0,13.233878334950683,0,2446.728725182957,0
82,2021,ornamentals,0,16.187521677881296,0,0,13.233878334950683,0,2446.728725182957,0
82,2022,ornamentals,0,12.258381992966504,0,0,13.233878334950683,0,2446.728725182957,0
82,2023,ornamentals,0,10.599927036875398,0,0,13.233878334950683,0,2446.728725182957,0
84,2019,ornamentals,0,2.6772366930917326,0,0,6.4158584762022715,0,77631.6728118247,0
84,2020,ornamentals,0,0.368058319123782,0,0,6.4158584762022715,0,77631.6728118247,0
84,2021,ornamentals,0,8.205564718084808,0,0,6.4158584762022715,0,77631.6728118247,0
84,2022,ornamentals,0,7.891014999557552,0,0,6.4158584762022715,0,77631.6728118247,0
84,2023,ornamentals,0,12.937417651153485,0,0,6.4158584762022715,0,77631.6728118247,0
172,2019,ornamentals,0,21.7242787919613,0,0,54.18209284538497,0,86481.32795765549,0
172,2020,ornamentals,0,24.629079034786237,0,0,54.18209284538497,0,86481.32795765549,0
172,2021,ornamentals,0,41.39378413953324,0,0,54.18209284538497,0,86481.32795765549,0
172,2022,ornamentals,0,92.3160922400564,0,0,54.18209284538497,0,86481.32795765549,0
172,2023,ornamentals,0,90.84723002058767,0,0,54.18209284538497,0,86481.32795765549,0
250,2019,ornamentals,0.8,7.0375,5.63,0.16,302.23623175721747,241.78898540577399,252.8303034690832,0.9563291349501569
250,2020,ornamentals,0,584.9666258893922,0,0.16,302.23623175721747,0,11.041318063309213,0
250,2021,ornamentals,0,718.4772831885801,0,0.16,302.23623175721747,0,11.041318063309213,0
250,2022,ornamentals,0,119.35197331496364,0,0.16,302.23623175721747,0,11.041318063309213,0
250,2023,ornamentals,0,81.34777639315145,0,0.16,302.23623175721747,0,11.041318063309213,0
85,2019,ornamentals,0,200.9768418030223,0,0,341.02410011782194,0,0.024938776006714236,0
85,2020,ornamentals,0,584.9666258893922,0,0,341.02410011782194,0,0.024938776006714236,0
85,2021,ornamentals,0,718.4772831885801,0,0,341.02410011782194,0,0.024938776006714236,0
85,2022,ornamentals,0,119.35197331496364,0,0,341.02410011782194,0,0.024938776006714236,0
85,2023,ornamentals,0,81.34777639315145,0,0,341.02410011782194,0,0.024938776006714236,0
16,2019,ornamentals,95.00062291195044,16.457681561194516,1563.49,92.99882062543436,16.469282686190045,1564.5921141010547,49434.24776515848,0.03164996302833979
16,2020,ornamentals,50.19435974335744,16.493088152390595,827.86,92.99882062543436,16.469282686190045,826.6650998656712,48696.32075092309,0.016975925226342708
16,2021,ornamentals,65.78180166206096,16.480241839062376,1084.1,92.99882062543436,16.469282686190045,1083.379087179368,48953.03473823679,0.02213098928334978
16,2022,ornamentals,94.44022734989746,16.465546977547472,1555.0100000000002,92.99882062543436,16.469282686190045,1555.3628011735177,49425.01845223094,0.031469139514369
16,2023,ornamentals,159.57709145990555,16.449854900755273,2625.0199999999995,92.99882062543436,16.469282686190045,2628.1202294931877,50497.77588055061,0.05204427687488346
52,2019,ornamentals,12,2.1808333333333336,26.17,3.24,139.63794153421503,1675.6552984105804,29687.794428580848,0.05644256606672687
52,2020,ornamentals,0,1.8476207219878105,0,3.24,139.63794153421503,0,28012.139130170268,0
52,2021,ornamentals,0.2,638.3,127.66,3.24,139.63794153421503,27.927588306843006,28040.066718477112,9.959886539228529e-4
52,2022,ornamentals,0,55.428753615754005,0,3.24,139.63794153421503,0,28012.139130170268,0
52,2023,ornamentals,4,0.4325,1.73,3.24,139.63794153421503,558.5517661368601,28570.69089630713,0.019549816564255893
204,2019,ornamentals,40.2322725258382,1.5542249063818514,62.53000000000001,8.19845450516764,7.987194159440166,321.34297213937987,2709099.5930004106,1.1861615311952512e-4
204,2020,ornamentals,0,10.632206649943472,0,8.19845450516764,7.987194159440166,0,2708904.213585117,0
204,2021,ornamentals,0,23.17059187245445,0,8.19845450516764,7.987194159440166,0,2708937.36188955,0
204,2022,ornamentals,0.38,2.289473684210526,0.8699999999999999,8.19845450516764,7.987194159440166,3.035133780587263,2708973.5453277635,1.1203999337025776e-6
204,2023,ornamentals,0.38,2.289473684210526,0.8699999999999999,8.19845450516764,7.987194159440166,3.035133780587263,2708993.434310423,1.120391707911193e-6
124,2019,ornamentals,0,689.7153679653678,0,0,379.72408575605016,0,0,0
124,2020,ornamentals,0,376.9125615763547,0,0,379.72408575605016,0,0,0
124,2021,ornamentals,0,436.1070075757576,0,0,379.72408575605016,0,0,0
124,2022,ornamentals,0,276.10143369175626,0,0,379.72408575605016,0,0,0
124,2023,ornamentals,0,119.78405797101448,0,0,379.72408575605016,0,0,0
59,2019,ornamentals,4.29,14.172494172494172,60.8,6.662,19.63179702201992,84.22040922446546,537.628217330403,0.1566517651224903
59,2020,ornamentals,10.47,29.11079274116523,304.78999999999996,6.662,19.63179702201992,205.54491482054857,658.9527229264861,0.31192664916490453
59,2021,ornamentals,5.86,17.668941979522184,103.54,6.662,19.63179702201992,115.04233054903675,568.4501386549744,0.20237892952448142
59,2022,ornamentals,5.89,18.544991511035654,109.23,6.662,19.63179702201992,115.63128445969733,569.039092565635,0.20320446515958832
59,2023,ornamentals,6.8,18.661764705882355,126.9,6.662,19.63179702201992,133.49621974973545,586.904027855673,0.22745834653321517
164,2019,ornamentals,0,5.812758375677731,0,2.34,6.4009744758827,0,122.92027049930087,0
164,2020,ornamentals,0,4.54232919166623,0,2.34,6.4009744758827,0,122.92027049930087,0
164,2021,ornamentals,0,5.341789783072027,0,2.34,6.4009744758827,0,122.92027049930087,0
164,2022,ornamentals,0.34,8.705882352941176,2.96,2.34,6.4009744758827,2.1763313218001183,138.174998558045,0.015750543473940247
164,2023,ornamentals,11.36,7.602112676056338,86.36,2.34,6.4009744758827,72.71507004602746,208.71373728227232,0.34839618605307643
245,2019,ornamentals,0,200.9768418030223,0,0,341.02410011782194,0,5.180859208461731,0
245,2020,ornamentals,0,584.9666258893922,0,0,341.02410011782194,0,5.180859208461731,0
245,2021,ornamentals,0,718.4772831885801,0,0,341.02410011782194,0,5.180859208461731,0
245,2022,ornamentals,0,119.35197331496364,0,0,341.02410011782194,0,5.180859208461731,0
245,2023,ornamentals,0,81.34777639315145,0,0,341.02410011782194,0,5.180859208461731,0
171,2019,ornamentals,2.63,90.95817490494296,239.22,2.126,128.7008681667661,338.48328327859485,59168.21390067575,0.005720694625779959
171,2020,ornamentals,1.49,78.0738255033557,116.33,2.126,128.7008681667661,191.7642935684815,59021.49491096563,0.0032490585651508723
171,2021,ornamentals,1.56,122.88461538461536,191.69999999999996,2.126,128.7008681667661,200.77335434015512,59064.79733356423,0.0033992049986441486
171,2022,ornamentals,2.35,175.4723404255319,412.36,2.126,128.7008681667661,302.4470401919003,59153.61100873088,0.005112909170452167
171,2023,ornamentals,2.6,176.1153846153846,457.9,2.126,128.7008681667661,334.6222572335919,59185.78622577257,0.005653760447772508
247,2019,ornamentals,0,200.9768418030223,0,0,341.02410011782194,0,1759.7961857739942,0
247,2020,ornamentals,0,584.9666258893922,0,0,341.02410011782194,0,1759.7961857739942,0
247,2021,ornamentals,0,718.4772831885801,0,0,341.02410011782194,0,1759.7961857739942,0
247,2022,ornamentals,0,119.35197331496364,0,0,341.02410011782194,0,1759.7961857739942,0
247,2023,ornamentals,0,81.34777639315145,0,0,341.02410011782194,0,1759.7961857739942,0
71,2019,ornamentals,197.26,2.191473182601643,432.2900000000001,263.81,1.9602965509253312,386.6880976355308,11174.34065628363,0.03460500351025953
71,2020,ornamentals,414.68,1.8378749879425096,762.1299999999999,263.81,1.9602965509253312,812.8957737377164,11600.548332385815,0.0700739094779094
71,2021,ornamentals,349.15,1.8959473005871403,661.97,263.81,1.9602965509253312,684.4375407555793,11472.090099403678,0.05966110227735716
71,2022,ornamentals,178.98,1.9380936417476813,346.88,263.81,1.9602965509253312,350.8538766846157,11138.506435332714,0.03149918516648372
71,2023,ornamentals,178.98,1.9380936417476813,346.88,263.81,1.9602965509253312,350.8538766846157,11138.506435332714,0.03149918516648372
24,2019,ornamentals,0,8.105872615766748,0,0,9.312288444396513,0,181974.29289787982,0
24,2020,ornamentals,0,7.556878143801423,0,0,9.312288444396513,0,176105.13121174733,0
24,2021,ornamentals,0,7.429585496521383,0,0,9.312288444396513,0,176105.13121174733,0
24,2022,ornamentals,0,14.71413902706887,0,0,9.312288444396513,0,176105.13121174733,0
24,2023,ornamentals,0,8.754966938824145,0,0,9.312288444396513,0,176105.13121174733,0
197,2019,ornamentals,0.7,0.1285714285714286,0.09000000000000001,1.4173847269764657,0.913357878825012,0.6393505151775083,16343.43286142088,3.9119719865384746e-5
197,2020,ornamentals,0.9,0.08888888888888889,0.08,1.4173847269764657,0.913357878825012,0.8220220909425108,16343.615532996646,5.029622052004981e-5
197,2021,ornamentals,2.7,0.24444444444444444,0.66,1.4173847269764657,0.913357878825012,2.4660662728275327,16345.25957717853,1.508734848280224e-4
197,2022,ornamentals,1.393461817441164,2.052442316110149,2.86,1.4173847269764657,0.913357878825012,1.2727293298017075,16344.066240235505,7.787103350502382e-5
197,2023,ornamentals,1.393461817441164,2.052442316110149,2.86,1.4173847269764657,0.913357878825012,1.2727293298017075,16344.066240235505,7.787103350502382e-5
218,2019,ornamentals,0,39221.16859135755,0,0.242,10872.163279993503,0,289199.05397315533,0
218,2020,ornamentals,0,15093.680939103542,0,0.242,10872.163279993503,0,289199.05397315533,0
218,2021,ornamentals,0.87,10.908045977011495,9.49,0.242,10872.163279993503,9458.782053594348,298657.8360267497,0.031670965608774984
218,2022,ornamentals,0.17,17.52941176470588,2.98,0.242,10872.163279993503,1848.2677575988957,291047.3217307542,0.006350402905644034
218,2023,ornamentals,0.17,17.52941176470588,2.98,0.242,10872.163279993503,1848.2677575988957,291047.3217307542,0.006350402905644034
224,2019,ornamentals,0,21.7242787919613,0,0,54.18209284538497,0,723370.4098726361,0
224,2020,ornamentals,0,24.629079034786237,0,0,54.18209284538497,0,717513.7339843927,0
224,2021,ornamentals,0,41.39378413953324,0,0,54.18209284538497,0,712870.5508867558,0
224,2022,ornamentals,0,92.3160922400564,0,0,54.18209284538497,0,709177.1176014327,0
224,2023,ornamentals,0,90.84723002058767,0,0,54.18209284538497,0,710984.4619220415,0
209,2019,ornamentals,0.07,5886.285714285714,412.04,0.08213987856288134,3881.374686962544,271.6962280873781,41617343.29389796,6.5284375835498105e-6
209,2020,ornamentals,0.08803259261990637,2756.4790809662977,242.66,0.08213987856288134,3881.374686962544,341.6874766225902,43115760.02559276,7.924885851943014e-6
209,2021,ornamentals,0.08375355840023653,3596.3845089494052,301.21,0.08213987856288134,3881.374686962544,325.07894151771717,45929171.92833647,7.077831536456602e-6
209,2022,ornamentals,0.07709127386624673,5089.68110555238,392.37,0.08213987856288134,3881.374686962544,299.22011897014715,61215696.6136001,4.887963962231059e-6
209,2023,ornamentals,0.09182196792801708,2078.043025058923,190.81000000000003,0.08213987856288134,3881.374686962544,356.39546202289205,53963887.40697164,6.604332622205586e-6
132,2019,ornamentals,125.38,10.009092359227948,1254.94,26.65,44.80635503633811,5617.820794456072,15205.402981658644,0.36946214455693865
132,2020,ornamentals,7.73,7.430789133247089,57.44,26.65,44.80635503633811,346.3531244308936,9933.935311633466,0.03486565128175188
132,2021,ornamentals,0.14,23.428571428571423,3.28,26.65,44.80635503633811,6.272889705087336,9593.85507690766,6.538445343192787e-4
132,2022,ornamentals,0,92.3160922400564,0,26.65,44.80635503633811,0,9587.582187202572,0
132,2023,ornamentals,0,90.84723002058767,0,26.65,44.80635503633811,0,9587.582187202572,0
153,2019,ornamentals,0.01,1036,10.36,0.002,217.07464619775533,2.1707464619775534,74.35707373061831,0.02919354343934727
153,2020,ornamentals,0,8.339975212303573,0,0.002,217.07464619775533,0,72.18632726864075,0
153,2021,ornamentals,0,13.633197100835488,0,0.002,217.07464619775533,0,72.18632726864075,0
153,2022,ornamentals,0,14.161968928456607,0,0.002,217.07464619775533,0,72.18632726864075,0
153,2023,ornamentals,0,13.238089747180949,0,0.002,217.07464619775533,0,72.18632726864075,0
130,2019,ornamentals,36.88,6.551789587852494,241.63,28.084,5.904862233594003,217.77131917494685,218.0731950139593,0.998615713228794
130,2020,ornamentals,23.89,5.201758057764755,124.27,28.084,5.904862233594003,141.06715876056074,141.36903459957318,0.9978646254473796
130,2021,ornamentals,37.29,6.997318315902387,260.93,28.084,5.904862233594003,220.19231269072037,220.4941885297328,0.9986309124924091
130,2022,ornamentals,27.46,6.409686817188637,176.01,28.084,5.904862233594003,162.14751693449134,162.44939277350377,0.9981417238078979
130,2023,ornamentals,14.9,4.363758389261744,65.02,28.084,5.904862233594003,87.98244728055064,88.28432311956308,0.9965806404994054
112,2019,ornamentals,0.07,76.28571428571428,5.34,0.416,77.2223772487447,5.40556640741213,3547.959817062114,0.001523570357650839
112,2020,ornamentals,1.14,12.666666666666668,14.44,0.416,77.2223772487447,88.03351006356895,3630.5877607182706,0.024247729531857543
112,2021,ornamentals,0.33,80.63636363636363,26.61,0.416,77.2223772487447,25.483384492085754,3568.0376351467876,0.007142128838850484
112,2022,ornamentals,0.31,80.87096774193549,25.07,0.416,77.2223772487447,23.938936947110857,3566.4931876018127,0.006712177954055737
112,2023,ornamentals,0.23,135.65217391304347,31.2,0.416,77.2223772487447,17.761146767211283,3560.315397421913,0.004988644202722164
244,2019,ornamentals,0.01,583,5.83,0.046,707.9,7.079,20.738143703317395,0.34135167068340844
244,2020,ornamentals,0.01,1157,11.57,0.046,707.9,7.079,20.738143703317395,0.34135167068340844
244,2021,ornamentals,0.01,1424,14.24,0.046,707.9,7.079,20.738143703317395,0.34135167068340844
244,2022,ornamentals,0.08,225.74999999999997,18.06,0.046,707.9,56.632,70.29114370331739,0.805677600567015
244,2023,ornamentals,0.12,149.75,17.97,0.046,707.9,84.948,98.60714370331739,0.8614791668196564
199,2019,ornamentals,0,0.1285714285714286,0,0.368,0.9495526695526695,0,242.10705482345145,0
199,2020,ornamentals,0,0.08888888888888889,0,0.368,0.9495526695526695,0,242.10705482345145,0
199,2021,ornamentals,0.3,0.16666666666666669,0.05,0.368,0.9495526695526695,0.2848658008658008,242.39192062431724,0.001175228118709921
199,2022,ornamentals,0.77,2.1818181818181817,1.68,0.368,0.9495526695526695,0.7311555555555556,242.838210379007,0.0030108752424686906
199,2023,ornamentals,0.77,2.1818181818181817,1.68,0.368,0.9495526695526695,0.7311555555555556,242.838210379007,0.0030108752424686906
175,2019,ornamentals,0,50.43147993643757,0,0.062,44.06962932062085,0,63112.03738223758,0
175,2020,ornamentals,0.03,88.66666666666667,2.66,0.062,44.06962932062085,1.3220888796186254,63267.13923903271,2.089692841371531e-5
175,2021,ornamentals,0.04,15.75,0.63,0.062,44.06962932062085,1.762785172824834,63179.50606824703,2.7901218013965777e-5
175,2022,ornamentals,0.12,34.66666666666667,4.16,0.062,44.06962932062085,5.288355518474502,63169.75065863634,8.371658053634405e-5
175,2023,ornamentals,0.12,30.833333333333336,3.7,0.062,44.06962932062085,5.288355518474502,63208.894599560284,8.36647366162181e-5
46,2019,ornamentals,315.14963740893836,1.6148201983797243,508.91,140.92478742490366,33.32715199579455,10503.03986734723,10503.03986734723,1
46,2020,ornamentals,389.47429971557995,1.6194650082447246,630.74,140.92478742490366,33.32715199579455,12980.069185076776,12980.069185076776,1
46,2021,ornamentals,0,31.550583145729508,0,140.92478742490366,33.32715199579455,0,0,0
46,2022,ornamentals,0,110.99610802432926,0,140.92478742490366,33.32715199579455,0,0,0
46,2023,ornamentals,0,20.85478360228953,0,140.92478742490366,33.32715199579455,0,0,0
115,2019,ornamentals,0.03,16.666666666666668,0.5,0.038,85.01043166588748,2.5503129499766244,3529.722314762328,7.225250947675039e-4
115,2020,ornamentals,0.1,6.999999999999999,0.7,0.038,85.01043166588748,8.50104316658875,3535.67304497894,0.0024043634856625675
115,2021,ornamentals,0.06,5.500000000000001,0.33,0.038,85.01043166588748,5.100625899953249,3532.2726277123047,0.0014440068583428387
115,2022,ornamentals,0,276.10143369175626,0,0.038,85.01043166588748,0,3527.1720018123515,0
115,2023,ornamentals,0,119.78405797101448,0,0.038,85.01043166588748,0,3527.1720018123515,0
137,2019,ornamentals,2,16.385,32.77,1.0660240763881716,43.318244047963894,86.63648809592779,35884.78477833151,0.0024142958814188553
137,2020,ornamentals,1.9901203819408584,8.110062158279852,16.14,1.0660240763881716,43.318244047963894,86.20852038974122,35884.35681062532,0.0024023983722125672
137,2021,ornamentals,1.34,8.932835820895523,11.97,1.0660240763881716,43.318244047963894,58.04644702427162,37007.49624470486,0.0015685051115171586
137,2022,ornamentals,0,92.3160922400564,0,1.0660240763881716,43.318244047963894,0,36949.44979768059,0
137,2023,ornamentals,0,90.84723002058767,0,1.0660240763881716,43.318244047963894,0,36949.44979768059,0
214,2019,ornamentals,35.32,2.6772366930917326,94.56,69.54,1.705520292676462,60.23897673733264,27718.89804683397,0.002173209650526244
214,2020,ornamentals,65.78,0.6967163271511098,45.83,69.54,1.705520292676462,112.18912485225768,27770.848194948896,0.004039816287378043
214,2021,ornamentals,58.64,1.5001705320600272,87.97,69.54,1.705520292676462,100.01170996254774,27758.670780059187,0.003602899820202936
214,2022,ornamentals,105.42,1.669227850502751,175.97,69.54,1.705520292676462,179.79594925395264,27838.45501935059,0.006458546249386899
214,2023,ornamentals,82.54,1.98425006057669,163.78,69.54,1.705520292676462,140.7736449575152,27799.432715054154,0.005063903512005207
134,2019,ornamentals,0,5.812758375677731,0,0,27.511580833131237,0,224.6618030717552,0
134,2020,ornamentals,0,4.54232919166623,0,0,27.511580833131237,0,224.6618030717552,0
134,2021,ornamentals,0,5.341789783072027,0,0,27.511580833131237,0,224.6618030717552,0
134,2022,ornamentals,0,5.875928475662274,0,0,27.511580833131237,0,224.6618030717552,0
134,2023,ornamentals,0,115.98509833957792,0,0,27.511580833131237,0,224.6618030717552,0
104,2019,ornamentals,0,0.1285714285714286,0,0,0.9314552741888407,0,334.36140881305465,0
104,2020,ornamentals,0,0.08888888888888889,0,0,0.9314552741888407,0,334.36140881305465,0
104,2021,ornamentals,0,0.20555555555555555,0,0,0.9314552741888407,0,334.36140881305465,0
104,2022,ornamentals,0,2.1171302489641652,0,0,0.9314552741888407,0,334.36140881305465,0
104,2023,ornamentals,0,2.1171302489641652,0,0,0.9314552741888407,0,334.36140881305465,0
45,2019,ornamentals,0,4.026383769885308,0,0,34.077905862444354,0,8569.939493077753,0
45,2020,ornamentals,0,2.9616707699881712,0,0,34.077905862444354,0,8569.939493077753,0
45,2021,ornamentals,0,31.550583145729508,0,0,34.077905862444354,0,8569.939493077753,0
45,2022,ornamentals,0,110.99610802432926,0,0,34.077905862444354,0,8569.939493077753,0
45,2023,ornamentals,0,20.85478360228953,0,0,34.077905862444354,0,8569.939493077753,0
18,2019,ornamentals,153.1,7.717308948399739,1181.52,177.052,9.459341820113389,1448.2252326593598,3118.788554160876,0.464355055660069
18,2020,ornamentals,168.15,9.289979185251262,1562.1099999999997,177.052,9.459341820113389,1590.5883270520665,3268.3531077485377,0.4866635503003441
18,2021,ornamentals,213.77,9.710436450390608,2075.8,177.052,9.459341820113389,2022.1235008856393,3633.6961460029524,0.5564921830654346
18,2022,ornamentals,218.89,9.976015350175889,2183.65,177.052,9.459341820113389,2070.55533100462,3672.168511277847,0.563850848523317
18,2023,ornamentals,131.35,10.60296916634945,1392.7,177.052,9.459341820113389,1242.4845480718936,3090.786011406334,0.40199630239252715
179,2019,ornamentals,30.03,49.91008991008991,1498.8,26.622,55.55603937972971,1668.3478625732832,72682.59689022273,0.022953883514826773
179,2020,ornamentals,25.54,52.219655442443234,1333.69,26.622,55.55603937972971,1418.9012457582967,72423.38708629261,0.01959175485769083
179,2021,ornamentals,31.33,58.79508458346633,1842.05,26.622,55.55603937972971,1740.5707137669317,72749.67554612515,0.023925477339941752
179,2022,ornamentals,28.56,49.663865546218496,1418.4,26.622,55.55603937972971,1586.6804846850805,72623.46366387315,0.021848042005112756
179,2023,ornamentals,17.65,67.1915014164306,1185.9299999999998,26.622,55.55603937972971,980.5640950522293,72004.85915996357,0.013618026706695463
147,2019,ornamentals,55.02,9.718466012359142,534.71,47.292,11.77061508517021,647.6192419860649,4610.898976325824,0.1404540080602932
147,2020,ornamentals,41.05,6.513763702801461,267.39,47.292,11.77061508517021,483.1837492462371,4446.463483585996,0.10866697793198961
147,2021,ornamentals,32.27,15.215370312984197,491.00000000000006,47.292,11.77061508517021,379.8377487984427,4343.117483138202,0.08745739673705158
147,2022,ornamentals,54.06,13.702737698853126,740.77,47.292,11.77061508517021,636.3194515043016,4599.599185844061,0.13834236980097478
147,2023,ornamentals,54.06,13.702737698853126,740.77,47.292,11.77061508517021,636.3194515043016,4599.599185844061,0.13834236980097478
176,2019,ornamentals,1.2,328.6416666666667,394.37000000000006,0.558,425.6048523698523,510.72582284382275,45413.25210171619,0.011246184741403317
176,2020,ornamentals,0.45,390.4888888888889,175.72,0.558,425.6048523698523,191.52218356643354,45094.048462438805,0.004247172079170545
176,2021,ornamentals,0.39,401.38461538461536,156.54,0.558,425.6048523698523,165.98589242424242,45068.512171296614,0.0036829680951827844
176,2022,ornamentals,0.2,633.5999999999999,126.71999999999998,0.558,425.6048523698523,85.12097047397047,44987.647249346344,0.0018920965126756491
176,2023,ornamentals,0.55,373.9090909090909,205.65,0.558,425.6048523698523,234.08266880341878,45136.60894767579,0.005186093378764386
106,2019,ornamentals,104.63,0.6933002007072542,72.54,27.608,1.4417960138478858,150.8551169289043,148763.8255082327,0.0010140577953916348
106,2020,ornamentals,2.44,0.6639344262295083,1.62,27.608,1.4417960138478858,3.5179822737888413,148616.4883735776,2.36715475670888e-5
106,2021,ornamentals,2.67,0.9775280898876404,2.61,27.608,1.4417960138478858,3.849595356973855,148616.81998666076,2.590282417104187e-5
106,2022,ornamentals,27.52,3.835755813953488,105.56,27.608,1.4417960138478858,39.678226301093815,148652.6486176049,2.6691906716820336e-4
106,2023,ornamentals,0.78,1.0384615384615383,0.8099999999999999,27.608,1.4417960138478858,1.124600890801351,148614.0949921946,7.567255924550201e-6
80,2019,ornamentals,0,13.839026417897957,0,0,13.233878334950683,0,268437.4549851565,0
80,2020,ornamentals,0,13.28453454913226,0,0,13.233878334950683,0,268437.4549851565,0
80,2021,ornamentals,0,16.187521677881296,0,0,13.233878334950683,0,268437.4549851565,0
80,2022,ornamentals,0,12.258381992966504,0,0,13.233878334950683,0,268437.4549851565,0
80,2023,ornamentals,0,10.599927036875398,0,0,13.233878334950683,0,268437.4549851565,0
140,2019,ornamentals,0,200.9768418030223,0,0,341.02410011782194,0,300.0707141184658,0
140,2020,ornamentals,0,584.9666258893922,0,0,341.02410011782194,0,300.0707141184658,0
140,2021,ornamentals,0,718.4772831885801,0,0,341.02410011782194,0,300.0707141184658,0
140,2022,ornamentals,0,119.35197331496364,0,0,341.02410011782194,0,300.0707141184658,0
140,2023,ornamentals,0,81.34777639315145,0,0,341.02410011782194,0,300.0707141184658,0
136,2019,ornamentals,0,5.812758375677731,0,0,27.511580833131237,0,1898.107168920342,0
136,2020,ornamentals,0,4.54232919166623,0,0,27.511580833131237,0,1898.107168920342,0
136,2021,ornamentals,0,5.341789783072027,0,0,27.511580833131237,0,1898.107168920342,0
136,2022,ornamentals,0,5.875928475662274,0,0,27.511580833131237,0,1898.107168920342,0
136,2023,ornamentals,0,115.98509833957792,0,0,27.511580833131237,0,1898.107168920342,0
194,2019,ornamentals,0.05,25.8,1.29,0.042,24.22817680381634,1.211408840190817,93517.60366213635,1.2953805409379788e-5
194,2020,ornamentals,0.01,53,0.53,0.042,24.22817680381634,0.2422817680381634,93516.6345350642,2.590787930326123e-6
194,2021,ornamentals,0.15,37.46666666666667,5.62,0.042,24.22817680381634,3.634226520572451,93520.02647981673,3.8860409447775134e-5
194,2022,ornamentals,0,3.835755813953488,0,0.042,24.22817680381634,0,93516.39225329616,0
194,2023,ornamentals,0,1.0384615384615383,0,0.042,24.22817680381634,0,93516.39225329616,0
193,2019,ornamentals,0,13.246650100353628,0,0,11.104490481416915,0,53672.39783240203,0
193,2020,ornamentals,0,18.179487576038767,0,0,11.104490481416915,0,53672.39783240203,0
193,2021,ornamentals,0,19.222097378277155,0,0,11.104490481416915,0,53672.39783240203,0
193,2022,ornamentals,0,3.835755813953488,0,0,11.104490481416915,0,53672.39783240203,0
193,2023,ornamentals,0,1.0384615384615383,0,0,11.104490481416915,0,53672.39783240203,0
167,2019,ornamentals,3.31,1.0332326283987916,3.4200000000000004,0.662,50.04388361267247,165.64525475794588,2713.7787159007166,0.061038600453083514
167,2020,ornamentals,0,24.629079034786237,0,0.662,50.04388361267247,0,2548.1334611427706,0
167,2021,ornamentals,0,41.39378413953324,0,0.662,50.04388361267247,0,2548.1334611427706,0
167,2022,ornamentals,0,92.3160922400564,0,0.662,50.04388361267247,0,2548.1334611427706,0
167,2023,ornamentals,0,90.84723002058767,0,0.662,50.04388361267247,0,2548.1334611427706,0
114,2019,ornamentals,0.22,2663.9090909090905,586.06,0.152,1351.7299134199134,297.38058095238097,7606.438634707545,0.03909590219994127
114,2020,ornamentals,0.21,1479.190476190476,310.62999999999994,0.152,1351.7299134199134,283.8632818181818,7592.921335573346,0.03738525256257605
114,2021,ornamentals,0.08,1652.25,132.18,0.152,1351.7299134199134,108.13839307359308,7417.196446828757,0.014579416070316965
114,2022,ornamentals,0.2,744.0999999999999,148.82,0.152,1351.7299134199134,270.3459826839827,7579.404036439147,0.03566850129433039
114,2023,ornamentals,0.05,219.2,10.96,0.152,1351.7299134199134,67.58649567099567,7376.64454942616,0.009162227516608935
133,2019,ornamentals,0,5.812758375677731,0,0,27.511580833131237,0,131.22381644371922,0
133,2020,ornamentals,0,4.54232919166623,0,0,27.511580833131237,0,131.22381644371922,0
133,2021,ornamentals,0,5.341789783072027,0,0,27.511580833131237,0,131.22381644371922,0
133,2022,ornamentals,0,5.875928475662274,0,0,27.511580833131237,0,131.22381644371922,0
133,2023,ornamentals,0,115.98509833957792,0,0,27.511580833131237,0,131.22381644371922,0
203,2019,ornamentals,48.45,15.81155830753354,766.07,26.368000000000002,52.56740297701955,2546.890674236597,979147.535427248,0.0026011306591557414
203,2020,ornamentals,40.06,9.9236145781328,397.54,26.368000000000002,52.56740297701955,2105.8501632594034,978706.4949162707,0.0021516666888366375
203,2021,ornamentals,7,71.97285714285714,503.80999999999995,26.368000000000002,52.56740297701955,367.97182083913685,976968.6165738505,3.7664651105128035e-4
203,2022,ornamentals,17.6,30.27954545454545,532.92,26.368000000000002,52.56740297701955,925.1862923955441,977525.8310454069,9.46457129839844e-4
203,2023,ornamentals,18.73,134.84943940202882,2525.73,26.368000000000002,52.56740297701955,984.5874577595762,982475.0659264764,0.0010021500716978582
216,2019,ornamentals,437.15,14.788516527507722,6464.8,503.98199999999997,13.430360286052187,5871.081999047713,12038375.25933396,4.876972076855277e-4
216,2020,ornamentals,424.48,14.114469468526195,5991.3099999999995,503.98199999999997,13.430360286052187,5700.919334223432,11814847.97829977,4.825215986438642e-4
216,2021,ornamentals,462.64,14.371044440601764,6648.62,503.98199999999997,13.430360286052187,6213.421882739183,11028820.733340817,5.633804404813308e-4
216,2022,ornamentals,521.58,13.119099658729244,6842.66,503.98199999999997,13.430360286052187,7005.0073179991,11323055.801087633,6.186498981420048e-4
216,2023,ornamentals,674.06,10.758671334896004,7251.99,503.98199999999997,13.430360286052187,9052.868654416336,11915982.474443257,7.597249050871323e-4
191,2019,ornamentals,28.25,2.7146902654867255,76.69,127.99400000000001,2.4472719510479854,69.1354326171056,251634.75854517668,2.747451624601119e-4
191,2020,ornamentals,581.21,2.2683195402694376,1318.37,127.99400000000001,2.4472719510479854,1422.3789306685997,252988.0020432282,0.005622317735153136
191,2021,ornamentals,16.71,3.640933572710951,60.84,127.99400000000001,2.4472719510479854,40.89391430201184,251606.5170268616,1.625312205154288e-4
191,2022,ornamentals,10.1,1.917821782178218,19.37,127.99400000000001,2.4472719510479854,24.717446705584653,251590.34055926517,9.824481596010304e-5
191,2023,ornamentals,3.7,1.6945945945945944,6.27,127.99400000000001,2.4472719510479854,9.054906218877546,251574.67801877845,3.599291586175321e-5
181,2019,ornamentals,0,50.43147993643757,0,0.602,34.01621152488009,0,152683.29912915692,0
181,2020,ornamentals,2.89,5.868512110726644,16.96,0.602,34.01621152488009,98.30685130690347,152781.60598046382,6.434469036768338e-4
181,2021,ornamentals,0,61.650525816802805,0,0.602,34.01621152488009,0,152696.69782877312,0
181,2022,ornamentals,0,45.0472064271001,0,0.602,34.01621152488009,0,152718.43176594126,0
181,2023,ornamentals,0.12,7.083333333333333,0.85,0.602,34.01621152488009,4.0819453829856105,152725.55178856282,2.672732450583489e-5
79,2019,ornamentals,0.03,3100,93,1.2329316708461986,638.1909286586979,19.145727859760935,26455.558128640623,7.236939688312185e-4
79,2020,ornamentals,0,1.8476207219878105,0,1.2329316708461986,638.1909286586979,0,26436.41240078086,0
79,2021,ornamentals,6.134658354230993,29.830512056761453,183,1.2329316708461986,638.1909286586979,3915.0833120905168,30351.495712871376,0.12899144573063723
79,2022,ornamentals,0,55.428753615754005,0,1.2329316708461986,638.1909286586979,0,26436.41240078086,0
79,2023,ornamentals,0,3.847756898986307,0,1.2329316708461986,638.1909286586979,0,26436.41240078086,0
184,2019,ornamentals,37.04,9.374730021598271,347.23999999999995,19.83,8.798283444756397,325.8884187937769,91124.67963152383,0.0035762915174193765
184,2020,ornamentals,26.12,8.931852986217457,233.3,19.83,8.798283444756397,229.8111635770371,91028.60237630708,0.002524603889083244
184,2021,ornamentals,15,10.189333333333334,152.84,19.83,8.798283444756397,131.97425167134594,90930.7654644014,0.0014513707324174314
184,2022,ornamentals,11.89,7.953742640874684,94.57,19.83,8.798283444756397,104.61159015815356,90903.4028028882,0.0011507994963069724
184,2023,ornamentals,9.1,7.541758241758242,68.63,19.83,8.798283444756397,80.06437934728321,90878.85559207734,8.810011836709691e-4
195,2019,ornamentals,0,13.246650100353628,0,0,11.104490481416915,0,15790.499594684014,0
195,2020,ornamentals,0,18.179487576038767,0,0,11.104490481416915,0,15790.499594684014,0
195,2021,ornamentals,0,19.222097378277155,0,0,11.104490481416915,0,15790.499594684014,0
195,2022,ornamentals,0,3.835755813953488,0,0,11.104490481416915,0,15790.499594684014,0
195,2023,ornamentals,0,1.0384615384615383,0,0,11.104490481416915,0,15790.499594684014,0
166,2019,ornamentals,0,689.7153679653678,0,0,379.72408575605016,0,3272.9084553249686,0
166,2020,ornamentals,0,376.9125615763547,0,0,379.72408575605016,0,3272.9084553249686,0
166,2021,ornamentals,0,436.1070075757576,0,0,379.72408575605016,0,3272.9084553249686,0
166,2022,ornamentals,0,276.10143369175626,0,0,379.72408575605016,0,3272.9084553249686,0
166,2023,ornamentals,0,119.78405797101448,0,0,379.72408575605016,0,3272.9084553249686,0
210,2019,ornamentals,0.93,234.6774193548387,218.25,1.6680000000000001,219.05145763600117,203.7178556014811,1637824.7626982606,1.2438318203582588e-4
210,2020,ornamentals,2.45,205.27346938775509,502.92,1.6680000000000001,219.05145763600117,536.6760712082029,1659161.8383793486,3.234621595036336e-4
210,2021,ornamentals,1.8,262.5722222222222,472.62999999999994,1.6680000000000001,219.05145763600117,394.29262374480214,1647321.5102287459,2.3935377599121555e-4
210,2022,ornamentals,1.58,175.60759493670884,277.46,1.6680000000000001,219.05145763600117,346.10130306488185,1627767.8530573286,2.1262325731204401e-4
210,2023,ornamentals,1.58,217.126582278481,343.06,1.6680000000000001,219.05145763600117,346.10130306488185,1631816.6345422924,2.1209570716378907e-4
215,2019,ornamentals,0,689.5303074939351,0,0.27633541794788813,177.59972673456147,0,394.8097131239656,0
215,2020,ornamentals,0,1.8476207219878105,0,0.27633541794788813,177.59972673456147,0,394.8097131239656,0
215,2021,ornamentals,0,140.4681937304791,0,0.27633541794788813,177.59972673456147,0,394.8097131239656,0
215,2022,ornamentals,0,55.428753615754005,0,0.27633541794788813,177.59972673456147,0,394.8097131239656,0
215,2023,ornamentals,1.3816770897394406,0.7237581106512969,1,0.27633541794788813,177.59972673456147,245.38547357312882,640.1951866970944,0.38329790456427143
43,2019,ornamentals,99.06,0.5524934383202099,54.73,375.886,1.1564718659441584,114.56010304042833,2874.888177256262,0.0398485422656551
43,2020,ornamentals,407.88,0.6618368147494361,269.95,375.886,1.1564718659441584,471.70174468130335,3291.2838122738654,0.14331846525122865
43,2021,ornamentals,507.47,1.081384121228841,548.77,375.886,1.1564718659441584,586.8747778106821,3524.9648321567,0.16649095969891167
43,2022,ornamentals,448.22,1.492882959261077,669.14,375.886,1.1564718659441584,518.3538197534907,3476.195205225085,0.14911527953733747
43,2023,ornamentals,416.8,1.9937619961612283,831,375.886,1.1564718659441584,482.01747372552524,3479.3615214482716,0.1385361856634223
212,2019,ornamentals,1.8095444534782068,53.29518145554719,96.44,0.6869788723069019,60.97816553780842,110.34270123221717,2340.7074123249276,0.047140749267170615
212,2020,ornamentals,0.26,91.6923076923077,23.84,0.6869788723069019,60.97816553780842,15.85432303983019,2246.2190341325404,0.007058226646161831
212,2021,ornamentals,0,64.56033253661762,0,0.6869788723069019,60.97816553780842,0,2230.3647110927104,0
212,2022,ornamentals,0,68.34626342414677,0,0.6869788723069019,60.97816553780842,0,2230.3647110927104,0
212,2023,ornamentals,1.3653499080563027,26.99674258042284,36.86,0.6869788723069019,60.97816553780842,83.25653271048874,2313.6212438031994,0.03598537700735717
69,2019,ornamentals,0,50.43147993643757,0,0,50.023861967655726,0,38195.93958831471,0
69,2020,ornamentals,0,47.564140449049454,0,0,50.023861967655726,0,38195.93958831471,0
69,2021,ornamentals,0,61.650525816802805,0,0,50.023861967655726,0,38195.93958831471,0
69,2022,ornamentals,0,45.0472064271001,0,0,50.023861967655726,0,38195.93958831471,0
69,2023,ornamentals,0,45.42595720888871,0,0,50.023861967655726,0,38195.93958831471,0
78,2019,ornamentals,0,689.5303074939351,0,1.686170065581851,149.41676245862277,0,18237.86873294286,0
78,2020,ornamentals,4.74,0.7067510548523207,3.35,1.686170065581851,149.41676245862277,708.235454053872,18946.104186996734,0.03738158763741808
78,2021,ornamentals,2.88,0.8506944444444445,2.45,1.686170065581851,149.41676245862277,430.32027588083355,18668.189008823694,0.023050992020567106
78,2022,ornamentals,0,55.428753615754005,0,1.686170065581851,149.41676245862277,0,18237.86873294286,0
78,2023,ornamentals,0.8108503279092554,0.5673056841280331,0.4600000000000001,1.686170065581851,149.41676245862277,121.15463083471359,18359.023363777575,0.0065991871372500215
97,2019,ornamentals,0,13.246650100353628,0,0,11.104490481416915,0,12518.140101430383,0
97,2020,ornamentals,0,18.179487576038767,0,0,11.104490481416915,0,12518.140101430383,0
97,2021,ornamentals,0,19.222097378277155,0,0,11.104490481416915,0,12518.140101430383,0
97,2022,ornamentals,0,3.835755813953488,0,0,11.104490481416915,0,12518.140101430383,0
97,2023,ornamentals,0,1.0384615384615383,0,0,11.104490481416915,0,12518.140101430383,0
67,2019,ornamentals,0,2.6772366930917326,0,0,6.4158584762022715,0,8402.352064342393,0
67,2020,ornamentals,0,0.368058319123782,0,0,6.4158584762022715,0,8402.352064342393,0
67,2021,ornamentals,0,8.205564718084808,0,0,6.4158584762022715,0,8402.352064342393,0
67,2022,ornamentals,0,7.891014999557552,0,0,6.4158584762022715,0,8402.352064342393,0
67,2023,ornamentals,0,12.937417651153485,0,0,6.4158584762022715,0,8402.352064342393,0
189,2019,ornamentals,38.71,5.3820718160681995,208.34,30.068,6.653419077666223,257.5538524964595,87600.2674789665,0.0029401034940709533
189,2020,ornamentals,23.97,6.004589069670422,143.93,30.068,6.653419077666223,159.48245529165936,87502.1960817617,0.0018226108878757695
189,2021,ornamentals,25.71,7.619603267211202,195.9,30.068,6.653419077666223,171.0594044867986,87513.77303095684,0.0019546569478416684
189,2022,ornamentals,35.28,6.661281179138322,235.01,30.068,6.653419077666223,234.73262506006435,87577.4462515301,0.00268028625070765
189,2023,ornamentals,26.67,7.599550056242969,202.68,30.068,6.653419077666223,177.4466868013582,87520.1603132714,0.002027494992767404
42,2019,ornamentals,1.02,3.8823529411764706,3.96,0.374,44.42299369053953,45.311453564350316,9281.947866324503,0.004881675076924656
42,2020,ornamentals,0,2.9616707699881712,0,0.374,44.42299369053953,0,8558.584465540083,0
42,2021,ornamentals,0.01,113,1.13,0.374,44.42299369053953,0.4442299369053953,11665.135572811932,3.808184946780792e-5
42,2022,ornamentals,0.33,59.87878787878788,19.76,0.374,44.42299369053953,14.659587917878046,15293.90984772103,9.585245410651151e-4
42,2023,ornamentals,0.51,42.3921568627451,21.62,0.374,44.42299369053953,22.655726782175158,25706.7455840098,8.813144669805093e-4
206,2019,ornamentals,67.63191511177715,12.893025409066924,871.98,70.3966998891811,12.936068596248354,874.8910931815949,856686.2608758092,0.0010212502909608641
206,2020,ornamentals,49.56371459894797,12.933251778784276,641.02,70.3966998891811,12.936068596248354,641.1596119368669,833590.2565117049,7.691543980131251e-4
206,2021,ornamentals,55.72629596253938,12.954566377160363,721.91,70.3966998891811,12.936068596248354,720.8791871862471,821622.0231577605,8.773854240368024e-4
206,2022,ornamentals,74.92928817211339,12.953946629927303,970.63,70.3966998891811,12.936068596248354,969.2904116625192,1309774.0147792194,7.400440081458682e-4
206,2023,ornamentals,104.13228560052758,12.945552786302908,1348.05,70.3966998891811,12.936068596248354,1347.0623896125496,996877.7603109013,0.001351281414074715
39,2019,ornamentals,286.71,1.5000174392243033,430.07,305.95766383152846,1.4744069578332175,422.72721888036176,519.7398974709686,0.8133437916491186
39,2020,ornamentals,286.9683191576424,1.3720329866228524,393.73,305.95766383152846,1.4744069578332175,423.10808644373134,520.1207650343382,0.8134804739353136
39,2021,ornamentals,304.69,1.4999835898782368,457.03,305.95766383152846,1.4744069578332175,449.23705598220306,546.2497345728099,0.8224023327599879
39,2022,ornamentals,333.91,1.499985025905184,500.86,305.95766383152846,1.4744069578332175,492.3192272900897,589.3319058806966,0.8353853276522824
39,2023,ornamentals,317.51,1.5000157475355107,476.27,305.95766383152846,1.4744069578332175,468.13895318162486,565.1516317722317,0.8283422127148612
11,2019,ornamentals,0.31,606.0967741935483,187.88999999999996,4.326451313152794,566.0514249903656,175.47594174701334,613.8367620977435,0.28586743672265047
11,2020,ornamentals,0.14,1945.1428571428569,272.32,4.326451313152794,566.0514249903656,79.2471994986512,517.6080198493813,0.15310272727557686
11,2021,ornamentals,5.972256565763969,98.36315528833174,587.45,4.326451313152794,566.0514249903656,3380.604339458762,3818.965159809492,0.885214763160448
11,2022,ornamentals,7.2,98.68055555555556,710.5,4.326451313152794,566.0514249903656,4075.5702599306323,4513.9310802813625,0.902887125976366
11,2023,ornamentals,8.01,81.97378277153558,656.61,4.326451313152794,566.0514249903656,4534.071914172829,4972.432734523559,0.9118417797173616
37,2019,ornamentals,5.3,11.847169811320756,62.79,2.038,16.57536007063854,87.84940837438425,386.67155967240865,0.22719387081069783
37,2020,ornamentals,1,4.38,4.38,2.038,16.57536007063854,16.57536007063854,315.3975113686629,0.05255387082386924
37,2021,ornamentals,1.05,7.904761904761905,8.3,2.038,16.57536007063854,17.404128074170465,316.2262793721948,0.055036944142412655
37,2022,ornamentals,1.68,19.68452380952381,33.07,2.038,16.57536007063854,27.846604918672742,326.66875621669715,0.08524416366345294
37,2023,ornamentals,1.16,39.06034482758621,45.31,2.038,16.57536007063854,19.227417681940704,318.0495689799651,0.06045415418611021
29,2019,ornamentals,0,4.026383769885308,0,0,34.077905862444354,0,58.13284767272063,0
29,2020,ornamentals,0,2.9616707699881712,0,0,34.077905862444354,0,58.13284767272063,0
29,2021,ornamentals,0,31.550583145729508,0,0,34.077905862444354,0,58.13284767272063,0
29,2022,ornamentals,0,110.99610802432926,0,0,34.077905862444354,0,58.13284767272063,0
29,2023,ornamentals,0,20.85478360228953,0,0,34.077905862444354,0,58.13284767272063,0
135,2019,ornamentals,8.75046754812837,5.30828778514071,46.45,32.970717252086764,94.1325494490735,823.7038191767067,471870.77911629813,0.001745613111961093
135,2020,ornamentals,22.082504005403223,5.434619188595439,120.01,32.970717252086764,94.1325494490735,2078.6824002479825,473125.7576973694,0.00439350926562234
135,2021,ornamentals,20.82400832071528,5.370243724343593,111.83,32.970717252086764,94.1325494490735,1960.216992977649,473007.2922900991,0.004144158081553281
135,2022,ornamentals,113.18660638618697,5.549596547287743,628.14,32.970717252086764,94.1325494490735,10654.543822620562,481701.619119742,0.022118555138117654
135,2023,ornamentals,0.01,449,4.49,32.970717252086764,94.1325494490735,0.941325494490735,471048.0166226159,1.9983642033777755e-6
9,2019,ornamentals,0.05,2111,105.55,1.4961271141498258,462.76467740464125,23.138233870232064,136.751610261826,0.1691989865854696
9,2020,ornamentals,1.0365525721256468,25.12173593530337,26.04,1.4961271141498258,462.76467740464125,479.67991665267607,593.29329304427,0.8085038585071004
9,2021,ornamentals,2.3889866588743836,63.683905238584984,152.14,1.4961271141498258,462.76467740464125,1105.5386405179959,1219.1520169095897,0.9068095079073152
9,2022,ornamentals,2.4763325968743786,65.12856964511441,161.28,1.4961271141498258,462.76467740464125,1145.9592553391694,1259.5726317307633,0.9098000595364801
9,2023,ornamentals,1.5287637428747196,48.889176204203615,74.74,1.4961271141498258,462.76467740464125,707.4578602993315,821.0712366909254,0.8616278694045141
62,2019,ornamentals,0,2.6772366930917326,0,0,6.4158584762022715,0,436276.5595173841,0
62,2020,ornamentals,0,0.368058319123782,0,0,6.4158584762022715,0,435593.33965439466,0
62,2021,ornamentals,0,8.205564718084808,0,0,6.4158584762022715,0,434719.61497030547,0
62,2022,ornamentals,0,7.891014999557552,0,0,6.4158584762022715,0,435461.3196813526,0
62,2023,ornamentals,0,12.937417651153485,0,0,6.4158584762022715,0,434315.31205411244,0
41,2019,ornamentals,0.4,8.1,3.24,0.134,106.7861191689634,42.71444766758536,116098.62539975591,3.6791518866402675e-4
41,2020,ornamentals,0.06,7,0.42,0.134,106.7861191689634,6.407167150137804,116062.31811923847,5.5204542300760344e-5
41,2021,ornamentals,0,31.550583145729508,0,0.134,106.7861191689634,0,116055.91095208832,0
41,2022,ornamentals,0.11,467.2800126990875,51.400801396899624,0.134,106.7861191689634,11.746473108585974,116067.65742519691,1.0120367179940994e-4
41,2023,ornamentals,0.1,20,2,0.134,106.7861191689634,10.67861191689634,116066.58956400522,9.200418446867168e-5
205,2019,ornamentals,0.68,8.132352941176471,5.53,0.304,9.652580182667815,6.563754524214115,471883.60963264655,1.3909689572231354e-5
205,2020,ornamentals,0.55,8.454545454545455,4.65,0.304,9.652580182667815,5.308919100467299,471870.3790779025,1.1250799659943974e-5
205,2021,ornamentals,0.29,8.206896551724139,2.38,0.304,9.652580182667815,2.7992482529736664,471867.869407055,5.932271371838004e-6
205,2022,ornamentals,0,14.71413902706887,0,0.304,9.652580182667815,0,471865.07015880203,0
205,2023,ornamentals,0,8.754966938824145,0,0.304,9.652580182667815,0,471865.07015880203,0
101,2019,ornamentals,0,3.829818538499264,0,0.9019999999999999,4.634749041247002,0,3033.057355126361,0
101,2020,ornamentals,0,5.613207547169811,0,0.9019999999999999,4.634749041247002,0,3033.057355126361,0
101,2021,ornamentals,0,11.70204081632653,0,0.9019999999999999,4.634749041247002,0,3033.057355126361,0
101,2022,ornamentals,0.5,0.5,0.25,0.9019999999999999,4.634749041247002,2.317374520623501,3035.3747296469846,7.634558257302921e-4
101,2023,ornamentals,4.01,1.5286783042394017,6.13,0.9019999999999999,4.634749041247002,18.585343655400475,3051.6426987817613,0.006090275137000765
177,2019,ornamentals,817.71,14.178119382177057,11593.590000000002,1472.152,11.274521721516065,9219.289156900903,45036.413232843996,0.20470744659962156
177,2020,ornamentals,1277.23,10.681560877837194,13642.81,1472.152,11.274521721516065,14400.157378371963,50291.10619012102,0.2863360635563167
177,2021,ornamentals,2190.94,10.872378978885775,23820.730000000003,1472.152,11.274521721516065,24701.800620538408,60592.74943228747,0.4076692484163097
177,2022,ornamentals,1740.04,10.117692696719615,17605.19,1472.152,11.274521721516065,19618.118776306812,55588.642882229884,0.3529159511569614
177,2023,ornamentals,1334.84,10.522856671960684,14046.329999999998,1472.152,11.274521721516065,15049.682574748504,51094.18683697398,0.29454784401927103
5,2019,ornamentals,2.91,58.439862542955325,170.06,1.206,167.58478463538088,487.6717232889584,521.0832361878442,0.9358806605575747
5,2020,ornamentals,0.99,115.8989898989899,114.74,1.206,167.58478463538088,165.90893678902708,199.32044968791294,0.8323728801976912
5,2021,ornamentals,0.73,253.8904109589041,185.34,1.206,167.58478463538088,122.33689278382805,155.7484056827139,0.7854776570429183
5,2022,ornamentals,0.86,185.04651162790697,159.14,1.206,167.58478463538088,144.12291478642757,177.53442768531343,0.8118026270481518
5,2023,ornamentals,0.54,224.64814814814812,121.31,1.206,167.58478463538088,90.49578370310569,123.90729660199153,0.7303507233620911
162,2019,ornamentals,1.3,24.56923076923077,31.940000000000005,0.302,24.95487965922394,32.44134355699112,59679.50935023981,5.435926653921253e-4
162,2020,ornamentals,0.21,50.80952380952381,10.67,0.302,24.95487965922394,5.240524728437028,59652.30853141126,8.785116380998921e-5
162,2021,ornamentals,0,16.480241839062376,0,0.302,24.95487965922394,0,59647.06800668282,0
162,2022,ornamentals,0,16.465546977547472,0,0.302,24.95487965922394,0,59647.06800668282,0
162,2023,ornamentals,0,16.449854900755273,0,0.302,24.95487965922394,0,59647.06800668282,0
131,2019,ornamentals,511.14,5.578197754039989,2851.24,109.134,3.6079371739747512,1844.1610071054542,1844.1610071054542,1
131,2020,ornamentals,6.39,2.9906103286384975,19.11,109.134,3.6079371739747512,23.05471854169866,23.05471854169866,1
131,2021,ornamentals,6.02,3.6578073089701,22.020000000000003,109.134,3.6079371739747512,21.719781787328,21.719781787328,1
131,2022,ornamentals,7.99,2.8385481852315393,22.68,109.134,3.6079371739747512,28.827418020058264,28.827418020058264,1
131,2023,ornamentals,14.13,2.9745222929936306,42.03,109.134,3.6079371739747512,50.98015226826324,50.98015226826324,1
196,2019,ornamentals,0,13.246650100353628,0,4.24,7.643498626586521,0,56953.23855192841,0
196,2020,ornamentals,21.2,0.8745283018867924,18.54,4.24,7.643498626586521,162.04217088363424,57115.280722812044,0.0028371071424833955
196,2021,ornamentals,0,19.222097378277155,0,4.24,7.643498626586521,0,56953.23855192841,0
196,2022,ornamentals,0,3.835755813953488,0,4.24,7.643498626586521,0,56953.23855192841,0
196,2023,ornamentals,0,1.0384615384615383,0,4.24,7.643498626586521,0,56953.23855192841,0
223,2019,ornamentals,0,50.43147993643757,0,0,50.023861967655726,0,311629.3826540219,0
223,2020,ornamentals,0,47.564140449049454,0,0,50.023861967655726,0,311941.07058038935,0
223,2021,ornamentals,0,61.650525816802805,0,0,50.023861967655726,0,311821.3987438961,0
223,2022,ornamentals,0,45.0472064271001,0,0,50.023861967655726,0,311786.0296104337,0
223,2023,ornamentals,0,45.42595720888871,0,0,50.023861967655726,0,311583.0478949453,0
48,2019,ornamentals,0,689.5303074939351,0,0,178.22452649222845,0,80558.00551669761,0
48,2020,ornamentals,0,1.8476207219878105,0,0,178.22452649222845,0,80558.00551669761,0
48,2021,ornamentals,0,140.4681937304791,0,0,178.22452649222845,0,80558.00551669761,0
48,2022,ornamentals,0,55.428753615754005,0,0,178.22452649222845,0,80558.00551669761,0
48,2023,ornamentals,0,3.847756898986307,0,0,178.22452649222845,0,80558.00551669761,0
53,2019,ornamentals,3.69,1.6775067750677508,6.19,4.222,10.5285707178714,38.850425948945464,116435.8835582578,3.336636847824232e-4
53,2020,ornamentals,0,10.632206649943472,0,4.222,10.5285707178714,0,116397.03313230886,0
53,2021,ornamentals,0,23.17059187245445,0,4.222,10.5285707178714,0,116397.03313230886,0
53,2022,ornamentals,0,15.316968498550342,0,4.222,10.5285707178714,0,116397.03313230886,0
53,2023,ornamentals,17.42,1.8455797933409872,32.15,4.222,10.5285707178714,183.4077019053198,116580.44083421418,0.0015732287559809353
8,2019,ornamentals,5.04,30.305555555555557,152.74,7.142,36.57804014081959,184.35332230973071,522.381028262524,0.3529096815075824
8,2020,ornamentals,6.09,33.10673234811166,201.62000000000003,7.142,36.57804014081959,222.7602644575913,560.7879704103846,0.39722725202998804
8,2021,ornamentals,10.49,31.633937082936125,331.84,7.142,36.57804014081959,383.7036410771975,721.7313470299907,0.531643308353147
8,2022,ornamentals,8.36,41.22966507177034,344.68,7.142,36.57804014081959,305.79241557725175,643.820121530045,0.47496560817411704
8,2023,ornamentals,5.73,46.61431064572426,267.1,7.142,36.57804014081959,209.59217000689625,547.6198759596895,0.38273294890838555
129,2019,ornamentals,0,5.812758375677731,0,0,27.511580833131237,0,162650.03854266662,0
129,2020,ornamentals,0,4.54232919166623,0,0,27.511580833131237,0,162650.03854266662,0
129,2021,ornamentals,0,5.341789783072027,0,0,27.511580833131237,0,162650.03854266662,0
129,2022,ornamentals,0,5.875928475662274,0,0,27.511580833131237,0,162650.03854266662,0
129,2023,ornamentals,0,115.98509833957792,0,0,27.511580833131237,0,162650.03854266662,0
17,2019,ornamentals,31.07,11.43257161248793,355.21,6.576,4699.564462548768,146015.46785139022,148065.9555729756,0.9861515247468566
17,2020,ornamentals,0.02,13109,262.18,6.576,4699.564462548768,93.99128925097536,2144.4790108363577,0.043829428395439636
17,2021,ornamentals,0.02,10210,204.2,6.576,4699.564462548768,93.99128925097536,2144.4790108363577,0.043829428395439636
17,2022,ornamentals,1.49,117.60402684563758,175.23,6.576,4699.564462548768,7002.351049197664,9145.884319510875,0.7656286483155685
17,2023,ornamentals,0.28,49.78571428571428,13.94,6.576,4699.564462548768,1315.878049513655,3505.9340941907813,0.37532880372566674
138,2019,ornamentals,0.33,4.454545454545454,1.47,0.066,50.7281461779018,16.740288238707596,4200516.275024776,3.98529303129741e-6
138,2020,ornamentals,0,24.629079034786237,0,0.066,50.7281461779018,0,4200499.534736537,0
138,2021,ornamentals,0,41.39378413953324,0,0.066,50.7281461779018,0,4200499.534736537,0
138,2022,ornamentals,0,92.3160922400564,0,0.066,50.7281461779018,0,4200499.534736537,0
138,2023,ornamentals,0,90.84723002058767,0,0.066,50.7281461779018,0,4200499.534736537,0
15,2019,ornamentals,5123.36,1.207477124387121,6186.339999999999,6224.26,0.8788876023259132,4502.85758625249,3201430.0177407907,0.0014065144517605606
15,2020,ornamentals,3788.98,1.0481343263886322,3971.36,6224.26,0.8788876023259132,3330.087547460839,3148163.369507785,0.001057787400652431
15,2021,ornamentals,7079.06,0.8212008373993157,5813.33,6224.26,0.8788876023259132,6221.69807012128,2935251.655517611,0.0021196472399311623
15,2022,ornamentals,7904.13,0.6532660773544969,5163.5,6224.26,0.8788876023259132,6946.841864172321,3284378.2869016477,0.0021151162434232557
15,2023,ornamentals,7225.77,0.6643596461000004,4800.51,6224.26,0.8788876023259132,6350.639670258514,3422187.5574208423,0.0018557251943972124
178,2019,ornamentals,0.38,6.605263157894736,2.51,0.342,7.652719298245613,2.908033333333333,75312.54211402407,3.861286914111247e-5
178,2020,ornamentals,0.87,3.333333333333333,2.9,0.342,7.652719298245613,6.657865789473684,75316.2919464802,8.839874637222936e-5
178,2021,ornamentals,0.4,2.8249999999999997,1.13,0.342,7.652719298245613,3.0610877192982455,75312.69516841002,4.064504281055422e-5
178,2022,ornamentals,0.04,14.499999999999998,0.58,0.342,7.652719298245613,0.30610877192982455,75309.94018946265,4.0646529682499364e-6
178,2023,ornamentals,0.02,11,0.22,0.342,7.652719298245613,0.15305438596491228,75309.7871350767,2.0323306144843003e-6
183,2019,ornamentals,30.25,25.949421487603303,784.9699999999999,59.208000000000006,23.885127820009703,722.5251165552935,37564.15214507611,0.019234431640166853
183,2020,ornamentals,40.27,24.258008443009683,976.87,59.208000000000006,23.885127820009703,961.8540973117908,37835.503961784205,0.025421997769167096
183,2021,ornamentals,67.01,31.04402328010745,2080.26,59.208000000000006,23.885127820009703,1600.5424152188505,38474.19227969127,0.04160041628901725
183,2022,ornamentals,67.89,22.18058624245102,1505.84,59.208000000000006,23.885127820009703,1621.5613277004588,38495.21119217288,0.04212371558647706
183,2023,ornamentals,90.62,15.993599646877067,1449.34,59.208000000000006,23.885127820009703,2164.4702830492793,39183.20044850666,0.05523975219670376
100,2019,ornamentals,0,0.1285714285714286,0,0,0.9314552741888407,0,3194.8546502479185,0
100,2020,ornamentals,0,0.08888888888888889,0,0,0.9314552741888407,0,3194.8546502479185,0
100,2021,ornamentals,0,0.20555555555555555,0,0,0.9314552741888407,0,3194.8546502479185,0
100,2022,ornamentals,0,2.1171302489641652,0,0,0.9314552741888407,0,3194.8546502479185,0
100,2023,ornamentals,0,2.1171302489641652,0,0,0.9314552741888407,0,3194.8546502479185,0
72,2019,ornamentals,16.52,12.963075060532688,214.15,4.143141464412783,8.231156510964052,135.97870556112613,668.3409117001326,0.20345710277592027
72,2020,ornamentals,4.1657073220639145,10.946520356453492,45.6,4.143141464412783,8.231156510964052,34.28858894677701,566.6507950857834,0.060510969443863874
72,2021,ornamentals,0,2.36047365029357,0,4.143141464412783,8.231156510964052,0,532.3622061390064,0
72,2022,ornamentals,0,8.21904682087384,0,4.143141464412783,8.231156510964052,0,532.3622061390064,0
72,2023,ornamentals,0.03,6.666666666666667,0.2,4.143141464412783,8.231156510964052,0.24693469532892154,532.6091408343353,4.6363210166107345e-4
248,2019,ornamentals,0,200.9768418030223,0,0,341.02410011782194,0,0,0
248,2020,ornamentals,0,584.9666258893922,0,0,341.02410011782194,0,0,0
248,2021,ornamentals,0,718.4772831885801,0,0,341.02410011782194,0,0,0
248,2022,ornamentals,0,119.35197331496364,0,0,341.02410011782194,0,0,0
248,2023,ornamentals,0,81.34777639315145,0,0,341.02410011782194,0,0,0
86,2019,ornamentals,0,50.43147993643757,0,0,50.023861967655726,0,0,0
86,2020,ornamentals,0,47.564140449049454,0,0,50.023861967655726,0,0,0
86,2021,ornamentals,0,61.650525816802805,0,0,50.023861967655726,0,0,0
86,2022,ornamentals,0,45.0472064271001,0,0,50.023861967655726,0,0,0
86,2023,ornamentals,0,45.42595720888871,0,0,50.023861967655726,0,0,0
152,2019,ornamentals,0,351.7606673920769,0,0,80.22677967617071,0,468.9334032537097,0
152,2020,ornamentals,0,8.339975212303573,0,0,80.22677967617071,0,468.9334032537097,0
152,2021,ornamentals,0,13.633197100835488,0,0,80.22677967617071,0,468.9334032537097,0
152,2022,ornamentals,0,14.161968928456607,0,0,80.22677967617071,0,469.13997889813743,0
152,2023,ornamentals,0,13.238089747180949,0,0,80.22677967617071,0,469.35130578238704,0
103,2019,ornamentals,0,0.1285714285714286,0,0,0.9314552741888407,0,84.13774409790089,0
103,2020,ornamentals,0,0.08888888888888889,0,0,0.9314552741888407,0,84.13774409790089,0
103,2021,ornamentals,0,0.20555555555555555,0,0,0.9314552741888407,0,84.13774409790089,0
103,2022,ornamentals,0,2.1171302489641652,0,0,0.9314552741888407,0,84.13774409790089,0
103,2023,ornamentals,0,2.1171302489641652,0,0,0.9314552741888407,0,84.13774409790089,0
50,2019,ornamentals,0,689.5303074939351,0,0,178.22452649222845,0,167812.95260338066,0
50,2020,ornamentals,0,1.8476207219878105,0,0,178.22452649222845,0,167812.95260338066,0
50,2021,ornamentals,0,140.4681937304791,0,0,178.22452649222845,0,167812.95260338066,0
50,2022,ornamentals,0,55.428753615754005,0,0,178.22452649222845,0,167812.95260338066,0
50,2023,ornamentals,0,3.847756898986307,0,0,178.22452649222845,0,167812.95260338066,0
96,2019,ornamentals,0,13.246650100353628,0,0,11.104490481416915,0,82547.11273607222,0
96,2020,ornamentals,0,18.179487576038767,0,0,11.104490481416915,0,82547.11273607222,0
96,2021,ornamentals,0,19.222097378277155,0,0,11.104490481416915,0,82547.11273607222,0
96,2022,ornamentals,0,3.835755813953488,0,0,11.104490481416915,0,82547.11273607222,0
96,2023,ornamentals,0,1.0384615384615383,0,0,11.104490481416915,0,82547.11273607222,0
208,2019,ornamentals,1959.354455310342,0.22176181487855293,434.51,2004.4062796225553,0.10029131728284259,196.50623934708074,1613.791663678084,0.12176679541100878
208,2020,ornamentals,1974.24484487022,0.0984275078670771,194.32,2004.4062796225553,0.10029131728284259,197.9996161308956,1615.285040461899,0.12257874689056528
208,2021,ornamentals,2004.969060538715,0.10375222445782138,208.02,2004.4062796225553,0.10029131728284259,201.0809881927711,1618.3664125237742,0.12424935826442034
208,2022,ornamentals,2027.3594537530223,0.04345060755601524,88.09,2004.4062796225553,0.10029131728284259,203.3265502227148,1620.611974553718,0.12546282109183265
208,2023,ornamentals,2056.103583640477,0.03406443165474631,70.04,2004.4062796225553,0.10029131728284259,206.20933687327675,1623.49476120428,0.12701570821227307
249,2019,ornamentals,0,200.9768418030223,0,0,341.02410011782194,0,0,0
249,2020,ornamentals,0,584.9666258893922,0,0,341.02410011782194,0,0,0
249,2021,ornamentals,0,718.4772831885801,0,0,341.02410011782194,0,0,0
249,2022,ornamentals,0,119.35197331496364,0,0,341.02410011782194,0,0,0
249,2023,ornamentals,0,81.34777639315145,0,0,341.02410011782194,0,0,0
220,2019,ornamentals,0,200.9768418030223,0,0,341.02410011782194,0,0,0
220,2020,ornamentals,0,584.9666258893922,0,0,341.02410011782194,0,0,0
220,2021,ornamentals,0,718.4772831885801,0,0,341.02410011782194,0,0,0
220,2022,ornamentals,0,119.35197331496364,0,0,341.02410011782194,0,0,0
220,2023,ornamentals,0,81.34777639315145,0,0,341.02410011782194,0,0,0
188,2019,ornamentals,0,13.839026417897957,0,0,13.233878334950683,0,55.622003664475855,0
188,2020,ornamentals,0,13.28453454913226,0,0,13.233878334950683,0,55.622003664475855,0
188,2021,ornamentals,0,16.187521677881296,0,0,13.233878334950683,0,55.622003664475855,0
188,2022,ornamentals,0,12.258381992966504,0,0,13.233878334950683,0,55.622003664475855,0
188,2023,ornamentals,0,10.599927036875398,0,0,13.233878334950683,0,55.622003664475855,0
7,2019,ornamentals,0,25.863247701280997,0,0,1452.6761822112658,0,5702.581723703893,0
7,2020,ornamentals,0,4411.396323028081,0,0,1452.6761822112658,0,5600.76302108281,0
7,2021,ornamentals,0,2626.9002118523235,0,0,1452.6761822112658,0,12683.007246778492,0
7,2022,ornamentals,0,104.20885127457348,0,0,1452.6761822112658,0,12087.938021179838,0
7,2023,ornamentals,0,95.0122772000706,0,0,1452.6761822112658,0,715.6319972626267,0
44,2019,ornamentals,1.1,2.1,2.3100000000000005,16.786,6.06409435477685,6.670503790254536,42873.21011300437,1.5558675855324462e-4
44,2020,ornamentals,10.44,4.021072796934866,41.98,16.786,6.06409435477685,63.30914506387032,42929.84875427798,0.001474711579494245
44,2021,ornamentals,36.45,4.216186556927298,153.68,16.786,6.06409435477685,221.0362392316162,43087.575848445726,0.0051299297971433575
44,2022,ornamentals,17.91,6.644332774986041,119,16.786,6.06409435477685,108.6079298940534,42975.14753910816,0.0025272264579247394
44,2023,ornamentals,18.03,13.33887964503605,240.5,16.786,6.06409435477685,109.33562121662662,42975.875230430735,0.0025441162193994664
102,2019,ornamentals,20.39,3.829818538499264,78.08999999999999,10.58,5.669763289326838,115.60647346937422,46420.668793904115,0.002490409476490685
102,2020,ornamentals,2.12,5.613207547169811,11.9,10.58,5.669763289326838,12.019898173372896,47675.87042501787,2.5211701571924454e-4
102,2021,ornamentals,2.45,11.70204081632653,28.67,10.58,5.669763289326838,13.890920058850753,46702.51489349426,2.9743409087346133e-4
102,2022,ornamentals,10.38,4.850674373795761,50.35,10.58,5.669763289326838,58.85214294321258,47709.18845413112,0.001233559925249925
102,2023,ornamentals,17.56,2.353075170842825,41.32,10.58,5.669763289326838,99.56104336057926,46859.61356771802,0.0021246663337652384
20,2019,ornamentals,0.05,67,3.35,0.57,74.08546850998464,3.704273425499232,1162499.7249088872,3.1864725179092497e-6
20,2020,ornamentals,0.1,101.5,10.15,0.57,74.08546850998464,7.408546850998464,1188076.7215253331,6.235747840835457e-6
20,2021,ornamentals,0.35,117.77142857142856,41.21999999999999,0.57,74.08546850998464,25.92991397849462,1216203.7780409202,2.132036953565703e-5
20,2022,ornamentals,0.18,35.833333333333336,6.45,0.57,74.08546850998464,13.335384331797234,1102871.9131383135,1.2091507792460044e-5
20,2023,ornamentals,2.17,48.32258064516129,104.86,0.57,74.08546850998464,160.76546666666667,1174585.6124590866,1.3686994371580257e-4
182,2019,ornamentals,5127.36,6.192927744492293,31753.37,3488.384,7.018223740085946,35984.959675967075,143068.3862173673,0.25152279009629874
182,2020,ornamentals,4957.06,6.663742218169641,33032.57,3488.384,7.018223740085946,34789.756173030444,141870.06918359143,0.24522266305523305
182,2021,ornamentals,4758.08,7.329208420203107,34872.96,3488.384,7.018223740085946,33393.27001322814,140472.41685813703,0.23772118939871287
182,2022,ornamentals,1273.78,6.640817095573804,8458.94,3488.384,7.018223740085946,8939.673035646676,116018.19078958381,0.07705406346027321
182,2023,ornamentals,1325.64,8.264423221990887,10955.65,3488.384,7.018223740085946,9303.638118807534,116373.3955462277,0.07994643513784724
40,2019,ornamentals,224.42,29.05823901613047,6521.25,274.63,31.06737995394164,6972.141409263582,295188.143799181,0.023619313836692538
40,2020,ornamentals,176.15,28.964859494748794,5102.16,274.63,31.06737995394164,5472.51897888682,293834.6193002403,0.01862448676714638
40,2021,ornamentals,560.77,15.568593184371489,8730.4,274.63,31.06737995394164,17421.654656771854,305613.5997543773,0.05700549540587754
40,2022,ornamentals,194.61,40.59801654591233,7900.779999999999,274.63,31.06737995394164,6046.0228128365825,294282.2400108772,0.0205449802632096
40,2023,ornamentals,217.2,41.14719152854512,8937.17,274.63,31.06737995394164,6747.834925996123,296201.9525473287,0.022781196639539095
49,2019,ornamentals,0,2.6772366930917326,0,3.5150440820737567,11.126196659728082,0,0,0
49,2020,ornamentals,1.0152204103687836,0.03940031109645423,0.04,3.5150440820737567,11.126196659728082,11.295541938732933,11.295541938732933,1
49,2021,ornamentals,1.46,14.91095890410959,21.77,3.5150440820737567,11.126196659728082,16.244247123203,16.244247123203,1
49,2022,ornamentals,11.17,14.112802148612351,157.63999999999996,3.5150440820737567,11.126196659728082,124.27961668916268,124.27961668916268,1
49,2023,ornamentals,3.93,23.89058524173028,93.89,3.5150440820737567,11.126196659728082,43.72595287273136,43.72595287273136,1
168,2019,ornamentals,2.1943535312971254,7.50562740465264,16.47,4.332870706259425,7.495060030667443,16.446811445579044,6089.825462557746,0.0027007032544199274
168,2020,ornamentals,5.49,4.9016393442622945,26.909999999999997,4.332870706259425,7.495060030667443,41.14787956836427,6114.52653068053,0.00672952833909523
168,2021,ornamentals,4.74,10.329113924050631,48.959999999999994,4.332870706259425,7.495060030667443,35.52658454536368,6108.90523565753,0.00581554029320931
168,2022,ornamentals,5.13,9.159844054580898,46.99,4.332870706259425,7.495060030667443,38.449657957323986,6111.82830906949,0.006291023898735442
168,2023,ornamentals,4.11,5.579075425790753,22.93,4.332870706259425,7.495060030667443,30.804696726043193,6104.18334783821,0.00504648942711602
222,2019,ornamentals,0.31,134.16129032258067,41.59000000000001,0.322,142.77756109481916,44.26104393939394,481608.52333861234,9.190253451613981e-5
222,2020,ornamentals,0.33,119.8181818181818,39.53999999999999,0.322,142.77756109481916,47.11659516129033,481611.3788898342,9.783115023133199e-5
222,2021,ornamentals,0.3,191.50000000000003,57.45000000000001,0.322,142.77756109481916,42.83326832844575,481607.0955630014,8.893820029452311e-5
222,2022,ornamentals,0.4,132.075,52.83,0.322,142.77756109481916,57.11102443792767,481621.3733191109,1.18580751606485e-4
222,2023,ornamentals,0.27,136.33333333333334,36.81,0.322,142.77756109481916,38.549941495601175,481602.81223616854,8.004509217171481e-5
77,2019,ornamentals,1.246562602087721,4.644772745711295,5.79,0.6867822070002262,16.439036996127143,20.492288733708563,3663.7193991147615,0.005593301915714388
77,2020,ornamentals,0,1.8476207219878105,0,0.6867822070002262,16.439036996127143,0,3643.227110381053,0
77,2021,ornamentals,2.18734843291341,16.426280998196297,35.93,0.6867822070002262,16.439036996127143,35.95790181208428,3679.1850121931375,0.00977333341294789
77,2022,ornamentals,0,55.428753615754005,0,0.6867822070002262,16.439036996127143,0,3643.227110381053,0
77,2023,ornamentals,0,3.847756898986307,0,0.6867822070002262,16.439036996127143,0,3643.227110381053,0
14,2019,ornamentals,47.57,55.20727349169645,2626.21,30.28,79.33971312803257,3774.1901535005095,2245503.2592193307,0.0016807769652548358
14,2020,ornamentals,33.17,64.34971359662345,2134.4799999999996,30.28,79.33971312803257,2631.6982844568406,2247079.3813963756,0.001171163914477047
14,2021,ornamentals,25.05,91.84590818363272,2300.74,30.28,79.33971312803257,1987.459813857216,2241045.338297557,8.868449825147308e-4
14,2022,ornamentals,22.06,92.88123300090662,2048.96,30.28,79.33971312803257,1750.2340716043984,2240437.4350112523,7.812019404128587e-4
14,2023,ornamentals,23.55,92.4144373673036,2176.36,30.28,79.33971312803257,1868.450244165167,2240907.7053249404,8.33791699553389e-4
202,2019,ornamentals,200,0.08785,17.57,160.326,30.213149890453472,6042.629978090695,125360.84548398,0.048201892343354445
202,2020,ornamentals,600,0.08765,52.59,160.326,30.213149890453472,18127.889934272083,131246.3374801124,0.13812111089971546
202,2021,ornamentals,0,31.550583145729508,0,160.326,30.213149890453472,0,152204.01461694422,0
202,2022,ornamentals,0,110.99610802432926,0,160.326,30.213149890453472,0,156108.71607947059,0
202,2023,ornamentals,1.63,8.343558282208589,13.6,160.326,30.213149890453472,49.24743432143916,196042.508919579,2.512079374664683e-4
25,2019,ornamentals,601.86,23.68997773568604,14258.05,396.758,29.45411459121476,17727.253407868517,984429.1776974445,0.018007647283811847
25,2020,ornamentals,439.15,21.5597404076056,9467.959999999995,396.758,29.45411459121476,12934.774422731962,979636.6987123078,0.013203644207831527
25,2021,ornamentals,497.08,20.95372978192645,10415.68,396.758,29.45411459121476,14641.051281001033,981342.975570577,0.014919402946241465
25,2022,ornamentals,8.14,59.749385749385745,486.36,396.758,29.45411459121476,239.75649277248817,966941.6807823484,2.479534159480045e-4
25,2023,ornamentals,437.56,21.317739281469972,9327.79,396.758,29.45411459121476,12887.942380531931,979589.8666701078,0.013156467639198382
155,2019,ornamentals,10.318359057686848,9.563536163871577,98.68000000000002,11.44548955543767,11.83507774558658,122.11858165460133,514.1414470172899,0.2375194265372942
155,2020,ornamentals,6.176357145331622,10.166186721805683,62.789999999999985,11.44548955543767,11.83507774558658,73.09766699950893,467.2671303281804,0.15643656969444764
155,2021,ornamentals,21.27951967971285,12.05102388868678,256.44,11.44548955543767,11.83507774558658,251.8447697981412,645.2987004714851,0.3902762699105573
155,2022,ornamentals,5.994035992434419,14.62120015806009,87.64,11.44548955543767,11.83507774558658,70.93988198030556,464.3938126536494,0.1527580257259228
155,2023,ornamentals,13.459175902022608,12.773441795508766,171.92,11.44548955543767,11.83507774558658,159.29039319196295,552.7443238653068,0.28818096598089893
126,2019,ornamentals,0.06,2,0.12,0.152,4.933620689655172,0.29601724137931035,355.3499176097242,8.330302800419443e-4
126,2020,ornamentals,0.29,8.793103448275861,2.5499999999999994,0.152,4.933620689655172,1.43075,356.48465036834483,0.004013496790174974
126,2021,ornamentals,0.24,6.041666666666667,1.45,0.152,4.933620689655172,1.1840689655172414,356.2379693338621,0.0033238146055328136
126,2022,ornamentals,0.15,3.3333333333333335,0.5,0.152,4.933620689655172,0.7400431034482758,355.7939434717931,0.0020799766747770553
126,2023,ornamentals,0.02,4.5,0.09,0.152,4.933620689655172,0.09867241379310344,355.15257278213795,2.778310544680533e-4
88,2019,ornamentals,0,200.9768418030223,0,0,341.02410011782194,0,0,0
88,2020,ornamentals,0,584.9666258893922,0,0,341.02410011782194,0,0,0
88,2021,ornamentals,0,718.4772831885801,0,0,341.02410011782194,0,0,0
88,2022,ornamentals,0,119.35197331496364,0,0,341.02410011782194,0,0,0
88,2023,ornamentals,0,81.34777639315145,0,0,341.02410011782194,0,0,0
61,2019,ornamentals,0,2.6772366930917326,0,0,6.4158584762022715,0,21033.59016218132,0
61,2020,ornamentals,0,0.368058319123782,0,0,6.4158584762022715,0,20918.606005615457,0
61,2021,ornamentals,0,8.205564718084808,0,0,6.4158584762022715,0,20956.93405780408,0
61,2022,ornamentals,0,7.891014999557552,0,0,6.4158584762022715,0,21144.741513528326,0
61,2023,ornamentals,0,12.937417651153485,0,0,6.4158584762022715,0,21077.667422198236,0
76,2019,ornamentals,0.1,332.09999999999997,33.21,2.734,92.56274815548403,9.256274815548403,425797.3611398394,2.1738685253402684e-5
76,2020,ornamentals,2.16,2.5555555555555554,5.52,2.734,92.56274815548403,199.93553601584551,425988.0404010397,4.693454206545784e-4
76,2021,ornamentals,4.51,16.933481152993348,76.36999999999999,2.734,92.56274815548403,417.45799418123295,426205.5628592051,9.794757050581673e-4
76,2022,ornamentals,4.71,104.98726114649682,494.49,2.734,92.56274815548403,435.97054381232977,426224.0754088362,0.0010228670057977009
76,2023,ornamentals,2.19,6.23744292237443,13.660000000000002,2.734,92.56274815548403,202.71241846051,425990.8172834844,4.7586100506389755e-4
54,2019,ornamentals,27.11,8.725931390630764,236.56,8.512,33.724540907890876,914.2723040129216,10799.12897284003,0.08466167098405158
54,2020,ornamentals,10.8,2.280555555555555,24.629999999999995,8.512,33.724540907890876,364.2250418052215,10249.081710632328,0.035537334181595694
54,2021,ornamentals,0,140.4681937304791,0,8.512,33.724540907890876,0,9884.856668827108,0
54,2022,ornamentals,4.47,5.8702460850111855,26.24,8.512,33.724540907890876,150.7486978582722,10035.60536668538,0.015021385591616023
54,2023,ornamentals,0.18,11.277777777777777,2.03,8.512,33.724540907890876,6.070417363420358,9890.927086190528,6.137359329941606e-4
180,2019,ornamentals,127.59,11.751077670663843,1499.3199999999997,61.338,22.60248882029232,2883.851548581097,365027.62097365886,0.007900365295340765
180,2020,ornamentals,115.31,17.462752580001734,2013.63,61.338,22.60248882029232,2606.292985867907,364750.06241094565,0.007145421631022306
180,2021,ornamentals,8,31.7325,253.86,61.338,22.60248882029232,180.81991056233855,362324.58933564014,4.990550348622231e-4
180,2022,ornamentals,52.4,6.78587786259542,355.58,61.338,22.60248882029232,1184.3704141833175,363328.1398392611,0.0032597816802939937
180,2023,ornamentals,3.39,45.28023598820059,153.5,61.338,22.60248882029232,76.62243710079096,362220.39186217857,2.115354044726037e-4
163,2019,ornamentals,0.1146176965515142,39221.16859135755,4495.44,0.19153868844886973,18294.526519533636,2096.8764891695355,592041.24058363,0.0035417743654182765
163,2020,ornamentals,0.1935617966079466,15093.680939103542,2921.56,0.19153868844886973,18294.526519533636,3541.1214212126547,593862.379024779,0.005962865381416763
163,2021,ornamentals,0.2100668667737544,12800.305166145086,2688.92,0.19153868844886973,18294.526519533636,3843.0738650677895,595387.0294747633,0.006454749053666924
163,2022,ornamentals,0.2275728309948004,10698.90456324125,2434.78,0.19153868844886973,18294.526519533636,4163.337191759722,598083.3605762529,0.006961131952824017
163,2023,ornamentals,0.21187425131633297,13658.573337820755,2893.8999999999996,0.19153868844886973,18294.526519533636,3876.139109512988,596396.9926107036,0.006499259985442493
6,2019,ornamentals,0,25.863247701280997,0,0.002,934.0961398408011,0,239.1149396189673,0
6,2020,ornamentals,0,4411.396323028081,0,0.002,934.0961398408011,0,239.1149396189673,0
6,2021,ornamentals,0.01,34,0.34,0.002,934.0961398408011,9.34096139840801,248.4559010173753,0.03759605370674922
6,2022,ornamentals,0,104.20885127457348,0,0.002,934.0961398408011,0,239.1149396189673,0
6,2023,ornamentals,0,95.0122772000706,0,0.002,934.0961398408011,0,239.1149396189673,0
139,2019,ornamentals,0,21.7242787919613,0,0,54.18209284538497,0,136812.25941591416,0
139,2020,ornamentals,0,24.629079034786237,0,0,54.18209284538497,0,138013.2966948185,0
139,2021,ornamentals,0,41.39378413953324,0,0,54.18209284538497,0,135363.73566741744,0
139,2022,ornamentals,0,92.3160922400564,0,0,54.18209284538497,0,221144.4870984959,0
139,2023,ornamentals,0,90.84723002058767,0,0,54.18209284538497,0,147267.34958722483,0
207,2019,ornamentals,2006.7393112610737,0.5951495509645807,1194.31,1601.4291680608662,2.3574966868355602,4730.881277640655,559814.9510468083,0.008450794800664563
207,2020,ornamentals,1970.2297921904249,0.06595169787557509,129.94,1601.4291680608662,2.3574966868355602,4644.810207393641,558020.7052866076,0.008323723767575968
207,2021,ornamentals,2007.128133601378,0.12088914301880294,242.64,1601.4291680608662,2.3574966868355602,4731.79792501969,558227.083556213,0.008476475012418853
207,2022,ornamentals,2022.5586032514548,0.00549304231884288,11.109999999999989,1601.4291680608662,2.3574966868355602,4768.175206096063,551595.1601037532,0.00864433836801466
207,2023,ornamentals,0.49,11,5.39,1601.4291680608662,2.3574966868355602,1.1551733765494245,547333.2119393834,2.1105486591180196e-6
47,2019,ornamentals,0,689.5303074939351,0,0,178.22452649222845,0,44520.01512189671,0
47,2020,ornamentals,0,1.8476207219878105,0,0,178.22452649222845,0,44520.01512189671,0
47,2021,ornamentals,0,140.4681937304791,0,0,178.22452649222845,0,44520.01512189671,0
47,2022,ornamentals,0,55.428753615754005,0,0,178.22452649222845,0,44520.01512189671,0
47,2023,ornamentals,0,3.847756898986307,0,0,178.22452649222845,0,44520.01512189671,0
1,2019,ornamentals,0,20.513456165212645,0,0,20.712081172706995,0,62.738580004226684,0
1,2020,ornamentals,0,33.651305980957204,0,0,20.712081172706995,0,62.738580004226684,0
1,2021,ornamentals,0,16.480241839062376,0,0,20.712081172706995,0,62.738580004226684,0
1,2022,ornamentals,0,16.465546977547472,0,0,20.712081172706995,0,62.738580004226684,0
1,2023,ornamentals,0,16.449854900755273,0,0,20.712081172706995,0,62.738580004226684,0
2,2019,ornamentals,0,20.513456165212645,0,0,20.712081172706995,0,2.936042261036199,0
2,2020,ornamentals,0,33.651305980957204,0,0,20.712081172706995,0,2.936042261036199,0
2,2021,ornamentals,0,16.480241839062376,0,0,20.712081172706995,0,2.936042261036199,0
2,2022,ornamentals,0,16.465546977547472,0,0,20.712081172706995,0,2.936042261036199,0
2,2023,ornamentals,0,16.449854900755273,0,0,20.712081172706995,0,2.936042261036199,0
3,2019,ornamentals,0,20.513456165212645,0,0,20.712081172706995,0,0.05710567913529631,0
3,2020,ornamentals,0,33.651305980957204,0,0,20.712081172706995,0,0.05710567913529631,0
3,2021,ornamentals,0,16.480241839062376,0,0,20.712081172706995,0,0.05710567913529631,0
3,2022,ornamentals,0,16.465546977547472,0,0,20.712081172706995,0,0.05710567913529631,0
3,2023,ornamentals,0,16.449854900755273,0,0,20.712081172706995,0,0.05710567913529631,0
4,2019,ornamentals,0,20.513456165212645,0,0,20.712081172706995,0,0,0
4,2020,ornamentals,0,33.651305980957204,0,0,20.712081172706995,0,0,0
4,2021,ornamentals,0,16.480241839062376,0,0,20.712081172706995,0,0,0
4,2022,ornamentals,0,16.465546977547472,0,0,20.712081172706995,0,0,0
4,2023,ornamentals,0,16.449854900755273,0,0,20.712081172706995,0,0,0
10,2019,ornamentals,0,700.1743778011628,0,0,281.59307701840874,0,0,0
10,2020,ornamentals,0,523.7659082796449,0,0,281.59307701840874,0,0,0
10,2021,ornamentals,0,64.56033253661762,0,0,281.59307701840874,0,0,0
10,2022,ornamentals,0,68.34626342414677,0,0,281.59307701840874,0,0,0
10,2023,ornamentals,0,51.118503050471574,0,0,281.59307701840874,0,0,0
12,2019,ornamentals,0,200.9768418030223,0,0,341.02410011782194,0,0.09565053664703314,0
12,2020,ornamentals,0,584.9666258893922,0,0,341.02410011782194,0,0.09565053664703314,0
12,2021,ornamentals,0,718.4772831885801,0,0,341.02410011782194,0,0.09565053664703314,0
12,2022,ornamentals,0,119.35197331496364,0,0,341.02410011782194,0,0.09565053664703314,0
12,2023,ornamentals,0,81.34777639315145,0,0,341.02410011782194,0,0.09565053664703314,0
13,2019,ornamentals,0,200.9768418030223,0,0,341.02410011782194,0,28.163540270736856,0
13,2020,ornamentals,0,584.9666258893922,0,0,341.02410011782194,0,28.163540270736856,0
13,2021,ornamentals,0,718.4772831885801,0,0,341.02410011782194,0,28.163540270736856,0
13,2022,ornamentals,0,119.35197331496364,0,0,341.02410011782194,0,28.163540270736856,0
13,2023,ornamentals,0,81.34777639315145,0,0,341.02410011782194,0,28.163540270736856,0
19,2019,ornamentals,0,351.7606673920769,0,0,80.22677967617071,0,79.19386396919278,0
19,2020,ornamentals,0,8.339975212303573,0,0,80.22677967617071,0,79.19386396919278,0
19,2021,ornamentals,0,13.633197100835488,0,0,80.22677967617071,0,79.19386396919278,0
19,2022,ornamentals,0,14.161968928456607,0,0,80.22677967617071,0,79.19386396919278,0
19,2023,ornamentals,0,13.238089747180949,0,0,80.22677967617071,0,79.19386396919278,0
21,2019,ornamentals,0,1560.7926017830623,0,0,1063.4628315591406,0,549472.9463588605,0
21,2020,ornamentals,0,781.9005659876691,0,0,1063.4628315591406,0,549472.9463588605,0
21,2021,ornamentals,0,1017.1435169816722,0,0,1063.4628315591406,0,549472.9463588605,0
21,2022,ornamentals,0,1348.5008167058322,0,0,1063.4628315591406,0,549472.9463588605,0
21,2023,ornamentals,0,608.9766563374673,0,0,1063.4628315591406,0,549472.9463588605,0
26,2019,ornamentals,0,8.719372784970775,0,0,17.678704452858995,0,22414.07853571442,0
26,2020,ornamentals,0,10.632206649943472,0,0,17.678704452858995,0,22414.07853571442,0
26,2021,ornamentals,0,23.17059187245445,0,0,17.678704452858995,0,22414.07853571442,0
26,2022,ornamentals,0,15.316968498550342,0,0,17.678704452858995,0,22414.07853571442,0
26,2023,ornamentals,0,30.55438245837593,0,0,17.678704452858995,0,22414.07853571442,0
28,2019,ornamentals,0,4.026383769885308,0,0,34.077905862444354,0,240.58845439793518,0
28,2020,ornamentals,0,2.9616707699881712,0,0,34.077905862444354,0,240.58845439793518,0
28,2021,ornamentals,0,31.550583145729508,0,0,34.077905862444354,0,240.58845439793518,0
28,2022,ornamentals,0,110.99610802432926,0,0,34.077905862444354,0,240.58845439793518,0
28,2023,ornamentals,0,20.85478360228953,0,0,34.077905862444354,0,240.58845439793518,0
30,2019,ornamentals,0,200.9768418030223,0,0,341.02410011782194,0,0,0
30,2020,ornamentals,0,584.9666258893922,0,0,341.02410011782194,0,0,0
30,2021,ornamentals,0,718.4772831885801,0,0,341.02410011782194,0,0,0
30,2022,ornamentals,0,119.35197331496364,0,0,341.02410011782194,0,0,0
30,2023,ornamentals,0,81.34777639315145,0,0,341.02410011782194,0,0,0
31,2019,ornamentals,0,4.026383769885308,0,0,34.077905862444354,0,2098.4870290023987,0
31,2020,ornamentals,0,2.9616707699881712,0,0,34.077905862444354,0,2098.4870290023987,0
31,2021,ornamentals,0,31.550583145729508,0,0,34.077905862444354,0,2098.4870290023987,0
31,2022,ornamentals,0,110.99610802432926,0,0,34.077905862444354,0,2098.4870290023987,0
31,2023,ornamentals,0,20.85478360228953,0,0,34.077905862444354,0,2098.4870290023987,0
32,2019,ornamentals,0,4.026383769885308,0,0,34.077905862444354,0,0.1834114440725833,0
32,2020,ornamentals,0,2.9616707699881712,0,0,34.077905862444354,0,0.1834114440725833,0
32,2021,ornamentals,0,31.550583145729508,0,0,34.077905862444354,0,0.1834114440725833,0
32,2022,ornamentals,0,110.99610802432926,0,0,34.077905862444354,0,0.1834114440725833,0
32,2023,ornamentals,0,20.85478360228953,0,0,34.077905862444354,0,0.1834114440725833,0
33,2019,ornamentals,0,200.9768418030223,0,0,341.02410011782194,0,0,0
33,2020,ornamentals,0,584.9666258893922,0,0,341.02410011782194,0,0,0
33,2021,ornamentals,0,718.4772831885801,0,0,341.02410011782194,0,0,0
33,2022,ornamentals,0,119.35197331496364,0,0,341.02410011782194,0,0,0
33,2023,ornamentals,0,81.34777639315145,0,0,341.02410011782194,0,0,0
34,2019,ornamentals,0,200.9768418030223,0,0,341.02410011782194,0,0,0
34,2020,ornamentals,0,584.9666258893922,0,0,341.02410011782194,0,0,0
34,2021,ornamentals,0,718.4772831885801,0,0,341.02410011782194,0,0,0
34,2022,ornamentals,0,119.35197331496364,0,0,341.02410011782194,0,0,0
34,2023,ornamentals,0,81.34777639315145,0,0,341.02410011782194,0,0,0
35,2019,ornamentals,0,200.9768418030223,0,0,341.02410011782194,0,0,0
35,2020,ornamentals,0,584.9666258893922,0,0,341.02410011782194,0,0,0
35,2021,ornamentals,0,718.4772831885801,0,0,341.02410011782194,0,0,0
35,2022,ornamentals,0,119.35197331496364,0,0,341.02410011782194,0,0,0
35,2023,ornamentals,0,81.34777639315145,0,0,341.02410011782194,0,0,0
36,2019,ornamentals,0,200.9768418030223,0,0,341.02410011782194,0,0,0
36,2020,ornamentals,0,584.9666258893922,0,0,341.02410011782194,0,0,0
36,2021,ornamentals,0,718.4772831885801,0,0,341.02410011782194,0,0,0
36,2022,ornamentals,0,119.35197331496364,0,0,341.02410011782194,0,0,0
36,2023,ornamentals,0,81.34777639315145,0,0,341.02410011782194,0,0,0
38,2019,ornamentals,0,8.719372784970775,0,0,17.678704452858995,0,0,0
38,2020,ornamentals,0,10.632206649943472,0,0,17.678704452858995,0,0,0
38,2021,ornamentals,0,23.17059187245445,0,0,17.678704452858995,0,0,0
38,2022,ornamentals,0,15.316968498550342,0,0,17.678704452858995,0,0,0
38,2023,ornamentals,0,30.55438245837593,0,0,17.678704452858995,0,0,0
51,2019,ornamentals,0,689.5303074939351,0,0,178.22452649222845,0,0,0
51,2020,ornamentals,0,1.8476207219878105,0,0,178.22452649222845,0,0,0
51,2021,ornamentals,0,140.4681937304791,0,0,178.22452649222845,0,0,0
51,2022,ornamentals,0,55.428753615754005,0,0,178.22452649222845,0,0,0
51,2023,ornamentals,0,3.847756898986307,0,0,178.22452649222845,0,0,0
55,2019,ornamentals,0,13.839026417897957,0,0,13.233878334950683,0,1512.4396234122173,0
55,2020,ornamentals,0,13.28453454913226,0,0,13.233878334950683,0,1512.4396234122173,0
55,2021,ornamentals,0,16.187521677881296,0,0,13.233878334950683,0,1512.4396234122173,0
55,2022,ornamentals,0,12.258381992966504,0,0,13.233878334950683,0,1512.4396234122173,0
55,2023,ornamentals,0,10.599927036875398,0,0,13.233878334950683,0,1512.4396234122173,0
56,2019,ornamentals,0,13.246650100353628,0,0,11.104490481416915,0,1346.0997690814077,0
56,2020,ornamentals,0,18.179487576038767,0,0,11.104490481416915,0,1346.0997690814077,0
56,2021,ornamentals,0,19.222097378277155,0,0,11.104490481416915,0,1346.0997690814077,0
56,2022,ornamentals,0,3.835755813953488,0,0,11.104490481416915,0,1346.0997690814077,0
56,2023,ornamentals,0,1.0384615384615383,0,0,11.104490481416915,0,1346.0997690814077,0
57,2019,ornamentals,0,13.839026417897957,0,0,13.233878334950683,0,25.210251234465268,0
57,2020,ornamentals,0,13.28453454913226,0,0,13.233878334950683,0,25.210251234465268,0
57,2021,ornamentals,0,16.187521677881296,0,0,13.233878334950683,0,25.210251234465268,0
57,2022,ornamentals,0,12.258381992966504,0,0,13.233878334950683,0,25.210251234465268,0
57,2023,ornamentals,0,10.599927036875398,0,0,13.233878334950683,0,25.210251234465268,0
58,2019,ornamentals,0,13.839026417897957,0,0,13.233878334950683,0,29105.51307218844,0
58,2020,ornamentals,0,13.28453454913226,0,0,13.233878334950683,0,29105.51307218844,0
58,2021,ornamentals,0,16.187521677881296,0,0,13.233878334950683,0,29105.51307218844,0
58,2022,ornamentals,0,12.258381992966504,0,0,13.233878334950683,0,29105.51307218844,0
58,2023,ornamentals,0,10.599927036875398,0,0,13.233878334950683,0,29105.51307218844,0
60,2019,ornamentals,0,13.839026417897957,0,0,13.233878334950683,0,0,0
60,2020,ornamentals,0,13.28453454913226,0,0,13.233878334950683,0,0,0
60,2021,ornamentals,0,16.187521677881296,0,0,13.233878334950683,0,0,0
60,2022,ornamentals,0,12.258381992966504,0,0,13.233878334950683,0,0,0
60,2023,ornamentals,0,10.599927036875398,0,0,13.233878334950683,0,0,0
63,2019,ornamentals,0,2.6772366930917326,0,0,6.4158584762022715,0,537700.0871904879,0
63,2020,ornamentals,0,0.368058319123782,0,0,6.4158584762022715,0,537700.0871904879,0
63,2021,ornamentals,0,8.205564718084808,0,0,6.4158584762022715,0,537700.0871904879,0
63,2022,ornamentals,0,7.891014999557552,0,0,6.4158584762022715,0,537700.0871904879,0
63,2023,ornamentals,0,12.937417651153485,0,0,6.4158584762022715,0,537700.0871904879,0
64,2019,ornamentals,0,13.246650100353628,0,0,11.104490481416915,0,495247.40522303805,0
64,2020,ornamentals,0,18.179487576038767,0,0,11.104490481416915,0,495247.40522303805,0
64,2021,ornamentals,0,19.222097378277155,0,0,11.104490481416915,0,495247.40522303805,0
64,2022,ornamentals,0,3.835755813953488,0,0,11.104490481416915,0,495247.40522303805,0
64,2023,ornamentals,0,1.0384615384615383,0,0,11.104490481416915,0,495247.40522303805,0
65,2019,ornamentals,0,13.246650100353628,0,0,11.104490481416915,0,5713.580005988064,0
65,2020,ornamentals,0,18.179487576038767,0,0,11.104490481416915,0,5713.580005988064,0
65,2021,ornamentals,0,19.222097378277155,0,0,11.104490481416915,0,5713.580005988064,0
65,2022,ornamentals,0,3.835755813953488,0,0,11.104490481416915,0,5713.580005988064,0
65,2023,ornamentals,0,1.0384615384615383,0,0,11.104490481416915,0,5713.580005988064,0
66,2019,ornamentals,0,13.246650100353628,0,0,11.104490481416915,0,64015.871212568694,0
66,2020,ornamentals,0,18.179487576038767,0,0,11.104490481416915,0,64015.871212568694,0
66,2021,ornamentals,0,19.222097378277155,0,0,11.104490481416915,0,64015.871212568694,0
66,2022,ornamentals,0,3.835755813953488,0,0,11.104490481416915,0,64015.871212568694,0
66,2023,ornamentals,0,1.0384615384615383,0,0,11.104490481416915,0,64015.871212568694,0
68,2019,ornamentals,0,13.839026417897957,0,0,13.233878334950683,0,3060.865005069829,0
68,2020,ornamentals,0,13.28453454913226,0,0,13.233878334950683,0,3060.865005069829,0
68,2021,ornamentals,0,16.187521677881296,0,0,13.233878334950683,0,3060.865005069829,0
68,2022,ornamentals,0,12.258381992966504,0,0,13.233878334950683,0,3060.865005069829,0
68,2023,ornamentals,0,10.599927036875398,0,0,13.233878334950683,0,3060.865005069829,0
70,2019,ornamentals,0,50.43147993643757,0,0,50.023861967655726,0,48804.42538438424,0
70,2020,ornamentals,0,47.564140449049454,0,0,50.023861967655726,0,48804.42538438424,0
70,2021,ornamentals,0,61.650525816802805,0,0,50.023861967655726,0,48804.42538438424,0
70,2022,ornamentals,0,45.0472064271001,0,0,50.023861967655726,0,48804.42538438424,0
70,2023,ornamentals,0,45.42595720888871,0,0,50.023861967655726,0,48804.42538438424,0
73,2019,ornamentals,0,7.253270467009689,0,0,5.948057453378333,0,597994.0593328481,0
73,2020,ornamentals,0,5.3725762259097785,0,0,5.948057453378333,0,638707.0122575947,0
73,2021,ornamentals,0,2.36047365029357,0,0,5.948057453378333,0,650735.5686778021,0
73,2022,ornamentals,0,8.21904682087384,0,0,5.948057453378333,0,669748.7042136694,0
73,2023,ornamentals,0,6.534920102804783,0,0,5.948057453378333,0,709735.419650822,0
74,2019,ornamentals,0,689.5303074939351,0,0,178.22452649222845,0,209245.42863937115,0
74,2020,ornamentals,0,1.8476207219878105,0,0,178.22452649222845,0,209245.42863937115,0
74,2021,ornamentals,0,140.4681937304791,0,0,178.22452649222845,0,209245.42863937115,0
74,2022,ornamentals,0,55.428753615754005,0,0,178.22452649222845,0,209245.42863937115,0
74,2023,ornamentals,0,3.847756898986307,0,0,178.22452649222845,0,209245.42863937115,0
75,2019,ornamentals,0,7.253270467009689,0,0,5.948057453378333,0,36194.165115245436,0
75,2020,ornamentals,0,5.3725762259097785,0,0,5.948057453378333,0,36194.165115245436,0
75,2021,ornamentals,0,2.36047365029357,0,0,5.948057453378333,0,36194.165115245436,0
75,2022,ornamentals,0,8.21904682087384,0,0,5.948057453378333,0,36194.165115245436,0
75,2023,ornamentals,0,6.534920102804783,0,0,5.948057453378333,0,36194.165115245436,0
81,2019,ornamentals,0,689.5303074939351,0,0,178.22452649222845,0,7524.880100364423,0
81,2020,ornamentals,0,1.8476207219878105,0,0,178.22452649222845,0,7524.880100364423,0
81,2021,ornamentals,0,140.4681937304791,0,0,178.22452649222845,0,7524.880100364423,0
81,2022,ornamentals,0,55.428753615754005,0,0,178.22452649222845,0,7524.880100364423,0
81,2023,ornamentals,0,3.847756898986307,0,0,178.22452649222845,0,7524.880100364423,0
89,2019,ornamentals,0,762.3986858156522,0,0,471.84797854577755,0,0.166964605746589,0
89,2020,ornamentals,0,533.8956822859074,0,0,471.84797854577755,0,0.166964605746589,0
89,2021,ornamentals,0,482.4878993830671,0,0,471.84797854577755,0,0.166964605746589,0
89,2022,ornamentals,0,313.3104942475703,0,0,471.84797854577755,0,0.166964605746589,0
89,2023,ornamentals,0,267.14713099669086,0,0,471.84797854577755,0,0.166964605746589,0
90,2019,ornamentals,0,3.829818538499264,0,0,5.15225616528692,0,0,0
90,2020,ornamentals,0,5.613207547169811,0,0,5.15225616528692,0,0,0
90,2021,ornamentals,0,11.70204081632653,0,0,5.15225616528692,0,0,0
90,2022,ornamentals,0,2.6753371868978806,0,0,5.15225616528692,0,0,0
90,2023,ornamentals,0,1.9408767375411131,0,0,5.15225616528692,0,0,0
91,2019,ornamentals,0,200.9768418030223,0,0,341.02410011782194,0,0,0
91,2020,ornamentals,0,584.9666258893922,0,0,341.02410011782194,0,0,0
91,2021,ornamentals,0,718.4772831885801,0,0,341.02410011782194,0,0,0
91,2022,ornamentals,0,119.35197331496364,0,0,341.02410011782194,0,0,0
91,2023,ornamentals,0,81.34777639315145,0,0,341.02410011782194,0,0,0
92,2019,ornamentals,0,200.9768418030223,0,0,341.02410011782194,0,0,0
92,2020,ornamentals,0,584.9666258893922,0,0,341.02410011782194,0,0,0
92,2021,ornamentals,0,718.4772831885801,0,0,341.02410011782194,0,0,0
92,2022,ornamentals,0,119.35197331496364,0,0,341.02410011782194,0,0,0
92,2023,ornamentals,0,81.34777639315145,0,0,341.02410011782194,0,0,0
93,2019,ornamentals,0,200.9768418030223,0,0,341.02410011782194,0,0,0
93,2020,ornamentals,0,584.9666258893922,0,0,341.02410011782194,0,0,0
93,2021,ornamentals,0,718.4772831885801,0,0,341.02410011782194,0,0,0
93,2022,ornamentals,0,119.35197331496364,0,0,341.02410011782194,0,0,0
93,2023,ornamentals,0,81.34777639315145,0,0,341.02410011782194,0,0,0
94,2019,ornamentals,0,762.3986858156522,0,0,471.84797854577755,0,167.15420239291282,0
94,2020,ornamentals,0,533.8956822859074,0,0,471.84797854577755,0,167.15420239291282,0
94,2021,ornamentals,0,482.4878993830671,0,0,471.84797854577755,0,167.15420239291282,0
94,2022,ornamentals,0,313.3104942475703,0,0,471.84797854577755,0,167.15420239291282,0
94,2023,ornamentals,0,267.14713099669086,0,0,471.84797854577755,0,167.15420239291282,0
95,2019,ornamentals,0,50.43147993643757,0,0,50.023861967655726,0,1740.3997671541067,0
95,2020,ornamentals,0,47.564140449049454,0,0,50.023861967655726,0,1740.3997671541067,0
95,2021,ornamentals,0,61.650525816802805,0,0,50.023861967655726,0,1740.3997671541067,0
95,2022,ornamentals,0,45.0472064271001,0,0,50.023861967655726,0,1740.3997671541067,0
95,2023,ornamentals,0,45.42595720888871,0,0,50.023861967655726,0,1740.3997671541067,0
98,2019,ornamentals,0,13.246650100353628,0,0,11.104490481416915,0,6854.671675666588,0
98,2020,ornamentals,0,18.179487576038767,0,0,11.104490481416915,0,6854.671675666588,0
98,2021,ornamentals,0,19.222097378277155,0,0,11.104490481416915,0,6854.671675666588,0
98,2022,ornamentals,0,3.835755813953488,0,0,11.104490481416915,0,6854.671675666588,0
98,2023,ornamentals,0,1.0384615384615383,0,0,11.104490481416915,0,6854.671675666588,0
99,2019,ornamentals,0,13.246650100353628,0,0,11.104490481416915,0,3192.209850147443,0
99,2020,ornamentals,0,18.179487576038767,0,0,11.104490481416915,0,3192.209850147443,0
99,2021,ornamentals,0,19.222097378277155,0,0,11.104490481416915,0,3192.209850147443,0
99,2022,ornamentals,0,3.835755813953488,0,0,11.104490481416915,0,3192.209850147443,0
99,2023,ornamentals,0,1.0384615384615383,0,0,11.104490481416915,0,3192.209850147443,0
105,2019,ornamentals,0,762.3986858156522,0,0,471.84797854577755,0,0,0
105,2020,ornamentals,0,533.8956822859074,0,0,471.84797854577755,0,0,0
105,2021,ornamentals,0,482.4878993830671,0,0,471.84797854577755,0,0,0
105,2022,ornamentals,0,313.3104942475703,0,0,471.84797854577755,0,0,0
105,2023,ornamentals,0,267.14713099669086,0,0,471.84797854577755,0,0,0
107,2019,ornamentals,0,200.9768418030223,0,0,341.02410011782194,0,0,0
107,2020,ornamentals,0,584.9666258893922,0,0,341.02410011782194,0,0,0
107,2021,ornamentals,0,718.4772831885801,0,0,341.02410011782194,0,0,0
107,2022,ornamentals,0,119.35197331496364,0,0,341.02410011782194,0,0,0
107,2023,ornamentals,0,81.34777639315145,0,0,341.02410011782194,0,0,0
108,2019,ornamentals,0,689.7153679653678,0,0,379.72408575605016,0,38.72776797425517,0
108,2020,ornamentals,0,376.9125615763547,0,0,379.72408575605016,0,38.72776797425517,0
108,2021,ornamentals,0,436.1070075757576,0,0,379.72408575605016,0,38.72776797425517,0
108,2022,ornamentals,0,276.10143369175626,0,0,379.72408575605016,0,38.72776797425517,0
108,2023,ornamentals,0,119.78405797101448,0,0,379.72408575605016,0,38.72776797425517,0
110,2019,ornamentals,0,689.7153679653678,0,0,379.72408575605016,0,13.645782845082694,0
110,2020,ornamentals,0,376.9125615763547,0,0,379.72408575605016,0,13.645782845082694,0
110,2021,ornamentals,0,436.1070075757576,0,0,379.72408575605016,0,13.645782845082694,0
110,2022,ornamentals,0,276.10143369175626,0,0,379.72408575605016,0,13.645782845082694,0
110,2023,ornamentals,0,119.78405797101448,0,0,379.72408575605016,0,13.645782845082694,0
111,2019,ornamentals,0,689.7153679653678,0,0,379.72408575605016,0,128.58329060480142,0
111,2020,ornamentals,0,376.9125615763547,0,0,379.72408575605016,0,128.58329060480142,0
111,2021,ornamentals,0,436.1070075757576,0,0,379.72408575605016,0,128.58329060480142,0
111,2022,ornamentals,0,276.10143369175626,0,0,379.72408575605016,0,128.58329060480142,0
111,2023,ornamentals,0,119.78405797101448,0,0,379.72408575605016,0,128.58329060480142,0
113,2019,ornamentals,0,689.7153679653678,0,0,379.72408575605016,0,0,0
113,2020,ornamentals,0,376.9125615763547,0,0,379.72408575605016,0,0,0
113,2021,ornamentals,0,436.1070075757576,0,0,379.72408575605016,0,0,0
113,2022,ornamentals,0,276.10143369175626,0,0,379.72408575605016,0,0,0
113,2023,ornamentals,0,119.78405797101448,0,0,379.72408575605016,0,0,0
116,2019,ornamentals,0,200.9768418030223,0,0,341.02410011782194,0,121.60071329118128,0
116,2020,ornamentals,0,584.9666258893922,0,0,341.02410011782194,0,121.60071329118128,0
116,2021,ornamentals,0,718.4772831885801,0,0,341.02410011782194,0,121.60071329118128,0
116,2022,ornamentals,0,119.35197331496364,0,0,341.02410011782194,0,121.60071329118128,0
116,2023,ornamentals,0,81.34777639315145,0,0,341.02410011782194,0,121.60071329118128,0
117,2019,ornamentals,0,689.7153679653678,0,0,379.72408575605016,0,851.9608486080945,0
117,2020,ornamentals,0,376.9125615763547,0,0,379.72408575605016,0,851.9608486080945,0
117,2021,ornamentals,0,436.1070075757576,0,0,379.72408575605016,0,851.9608486080945,0
117,2022,ornamentals,0,276.10143369175626,0,0,379.72408575605016,0,851.9608486080945,0
117,2023,ornamentals,0,119.78405797101448,0,0,379.72408575605016,0,851.9608486080945,0
118,2019,ornamentals,0,689.7153679653678,0,0,379.72408575605016,0,154.64247545639563,0
118,2020,ornamentals,0,376.9125615763547,0,0,379.72408575605016,0,154.64247545639563,0
118,2021,ornamentals,0,436.1070075757576,0,0,379.72408575605016,0,154.64247545639563,0
118,2022,ornamentals,0,276.10143369175626,0,0,379.72408575605016,0,154.64247545639563,0
118,2023,ornamentals,0,119.78405797101448,0,0,379.72408575605016,0,154.64247545639563,0
119,2019,ornamentals,0,689.7153679653678,0,0,379.72408575605016,0,469.48419430233116,0
119,2020,ornamentals,0,376.9125615763547,0,0,379.72408575605016,0,479.6156014662603,0
119,2021,ornamentals,0,436.1070075757576,0,0,379.72408575605016,0,479.6156014662603,0
119,2022,ornamentals,0,276.10143369175626,0,0,379.72408575605016,0,479.6156014662603,0
119,2023,ornamentals,0,119.78405797101448,0,0,379.72408575605016,0,479.6156014662603,0
120,2019,ornamentals,0,689.7153679653678,0,0,379.72408575605016,0,343.75124927261794,0
120,2020,ornamentals,0,376.9125615763547,0,0,379.72408575605016,0,343.75124927261794,0
120,2021,ornamentals,0,436.1070075757576,0,0,379.72408575605016,0,343.75124927261794,0
120,2022,ornamentals,0,276.10143369175626,0,0,379.72408575605016,0,343.75124927261794,0
120,2023,ornamentals,0,119.78405797101448,0,0,379.72408575605016,0,343.75124927261794,0
121,2019,ornamentals,0,689.7153679653678,0,0,379.72408575605016,0,5.344466364497361,0
121,2020,ornamentals,0,376.9125615763547,0,0,379.72408575605016,0,5.344466364497361,0
121,2021,ornamentals,0,436.1070075757576,0,0,379.72408575605016,0,5.344466364497361,0
121,2022,ornamentals,0,276.10143369175626,0,0,379.72408575605016,0,5.344466364497361,0
121,2023,ornamentals,0,119.78405797101448,0,0,379.72408575605016,0,5.344466364497361,0
122,2019,ornamentals,0,689.7153679653678,0,0,379.72408575605016,0,1630.8586819318298,0
122,2020,ornamentals,0,376.9125615763547,0,0,379.72408575605016,0,1326.1366661642703,0
122,2021,ornamentals,0,436.1070075757576,0,0,379.72408575605016,0,3179.138908972697,0
122,2022,ornamentals,0,276.10143369175626,0,0,379.72408575605016,0,3135.4331525882444,0
122,2023,ornamentals,0,119.78405797101448,0,0,379.72408575605016,0,2321.165977021459,0
123,2019,ornamentals,0,689.7153679653678,0,0,379.72408575605016,0,251.5269707523504,0
123,2020,ornamentals,0,376.9125615763547,0,0,379.72408575605016,0,251.5269707523504,0
123,2021,ornamentals,0,436.1070075757576,0,0,379.72408575605016,0,251.5269707523504,0
123,2022,ornamentals,0,276.10143369175626,0,0,379.72408575605016,0,251.5269707523504,0
123,2023,ornamentals,0,119.78405797101448,0,0,379.72408575605016,0,251.5269707523504,0
125,2019,ornamentals,0,689.7153679653678,0,0,379.72408575605016,0,463.125387721979,0
125,2020,ornamentals,0,376.9125615763547,0,0,379.72408575605016,0,463.125387721979,0
125,2021,ornamentals,0,436.1070075757576,0,0,379.72408575605016,0,463.125387721979,0
125,2022,ornamentals,0,276.10143369175626,0,0,379.72408575605016,0,496.64036830663287,0
125,2023,ornamentals,0,119.78405797101448,0,0,379.72408575605016,0,496.64036830663287,0
127,2019,ornamentals,0,689.7153679653678,0,0,379.72408575605016,0,369.88330490409913,0
127,2020,ornamentals,0,376.9125615763547,0,0,379.72408575605016,0,535.7269993682361,0
127,2021,ornamentals,0,436.1070075757576,0,0,379.72408575605016,0,534.8221623758362,0
127,2022,ornamentals,0,276.10143369175626,0,0,379.72408575605016,0,534.8221623758362,0
127,2023,ornamentals,0,119.78405797101448,0,0,379.72408575605016,0,534.8221623758362,0
141,2019,ornamentals,0,50.43147993643757,0,0,50.023861967655726,0,213656.63993914987,0
141,2020,ornamentals,0,47.564140449049454,0,0,50.023861967655726,0,213769.95514371697,0
141,2021,ornamentals,0,61.650525816802805,0,0,50.023861967655726,0,213807.7268785727,0
141,2022,ornamentals,0,45.0472064271001,0,0,50.023861967655726,0,213845.49861342838,0
141,2023,ornamentals,0,45.42595720888871,0,0,50.023861967655726,0,213883.2703482841,0
143,2019,ornamentals,0,50.43147993643757,0,0,50.023861967655726,0,6666.014107471064,0
143,2020,ornamentals,0,47.564140449049454,0,0,50.023861967655726,0,6666.014107471064,0
143,2021,ornamentals,0,61.650525816802805,0,0,50.023861967655726,0,6666.014107471064,0
143,2022,ornamentals,0,45.0472064271001,0,0,50.023861967655726,0,6666.014107471064,0
143,2023,ornamentals,0,45.42595720888871,0,0,50.023861967655726,0,6666.014107471064,0
144,2019,ornamentals,0,50.43147993643757,0,0,50.023861967655726,0,0.6819430253753643,0
144,2020,ornamentals,0,47.564140449049454,0,0,50.023861967655726,0,0.6819430253753643,0
144,2021,ornamentals,0,61.650525816802805,0,0,50.023861967655726,0,0.6819430253753643,0
144,2022,ornamentals,0,45.0472064271001,0,0,50.023861967655726,0,0.6819430253753643,0
144,2023,ornamentals,0,45.42595720888871,0,0,50.023861967655726,0,0.6819430253753643,0
145,2019,ornamentals,0,50.43147993643757,0,0,50.023861967655726,0,812.8942457267588,0
145,2020,ornamentals,0,47.564140449049454,0,0,50.023861967655726,0,812.8942457267588,0
145,2021,ornamentals,0,61.650525816802805,0,0,50.023861967655726,0,812.8942457267588,0
145,2022,ornamentals,0,45.0472064271001,0,0,50.023861967655726,0,812.8942457267588,0
145,2023,ornamentals,0,45.42595720888871,0,0,50.023861967655726,0,812.8942457267588,0
146,2019,ornamentals,0,351.7606673920769,0,0,80.22677967617071,0,0,0
146,2020,ornamentals,0,8.339975212303573,0,0,80.22677967617071,0,0,0
146,2021,ornamentals,0,13.633197100835488,0,0,80.22677967617071,0,0,0
146,2022,ornamentals,0,14.161968928456607,0,0,80.22677967617071,0,0,0
146,2023,ornamentals,0,13.238089747180949,0,0,80.22677967617071,0,0,0
148,2019,ornamentals,0,700.1743778011628,0,0,281.59307701840874,0,109.21514557253978,0
148,2020,ornamentals,0,523.7659082796449,0,0,281.59307701840874,0,109.21514557253978,0
148,2021,ornamentals,0,64.56033253661762,0,0,281.59307701840874,0,109.21514557253978,0
148,2022,ornamentals,0,68.34626342414677,0,0,281.59307701840874,0,109.21514557253978,0
148,2023,ornamentals,0,51.118503050471574,0,0,281.59307701840874,0,109.21514557253978,0
149,2019,ornamentals,0,200.9768418030223,0,0,341.02410011782194,0,0,0
149,2020,ornamentals,0,584.9666258893922,0,0,341.02410011782194,0,0,0
149,2021,ornamentals,0,718.4772831885801,0,0,341.02410011782194,0,0,0
149,2022,ornamentals,0,119.35197331496364,0,0,341.02410011782194,0,0,0
149,2023,ornamentals,0,81.34777639315145,0,0,341.02410011782194,0,0,0
150,2019,ornamentals,0,200.9768418030223,0,0,341.02410011782194,0,0,0
150,2020,ornamentals,0,584.9666258893922,0,0,341.02410011782194,0,0,0
150,2021,ornamentals,0,718.4772831885801,0,0,341.02410011782194,0,0,0
150,2022,ornamentals,0,119.35197331496364,0,0,341.02410011782194,0,0,0
150,2023,ornamentals,0,81.34777639315145,0,0,341.02410011782194,0,0,0
151,2019,ornamentals,0,351.7606673920769,0,0,80.22677967617071,0,113.13235890575278,0
151,2020,ornamentals,0,8.339975212303573,0,0,80.22677967617071,0,113.13235890575278,0
151,2021,ornamentals,0,13.633197100835488,0,0,80.22677967617071,0,113.13235890575278,0
151,2022,ornamentals,0,14.161968928456607,0,0,80.22677967617071,0,113.13235890575278,0
151,2023,ornamentals,0,13.238089747180949,0,0,80.22677967617071,0,113.13235890575278,0
154,2019,ornamentals,0,351.7606673920769,0,0,80.22677967617071,0,11.783184357319199,0
154,2020,ornamentals,0,8.339975212303573,0,0,80.22677967617071,0,11.783184357319199,0
154,2021,ornamentals,0,13.633197100835488,0,0,80.22677967617071,0,11.783184357319199,0
154,2022,ornamentals,0,14.161968928456607,0,0,80.22677967617071,0,11.783184357319199,0
154,2023,ornamentals,0,13.238089747180949,0,0,80.22677967617071,0,11.783184357319199,0
156,2019,ornamentals,0,351.7606673920769,0,0,80.22677967617071,0,34.66389712752139,0
156,2020,ornamentals,0,8.339975212303573,0,0,80.22677967617071,0,34.66389712752139,0
156,2021,ornamentals,0,13.633197100835488,0,0,80.22677967617071,0,34.66389712752139,0
156,2022,ornamentals,0,14.161968928456607,0,0,80.22677967617071,0,34.66389712752139,0
156,2023,ornamentals,0,13.238089747180949,0,0,80.22677967617071,0,34.66389712752139,0
157,2019,ornamentals,0,700.1743778011628,0,0,281.59307701840874,0,1.384056624933982,0
157,2020,ornamentals,0,523.7659082796449,0,0,281.59307701840874,0,1.384056624933982,0
157,2021,ornamentals,0,64.56033253661762,0,0,281.59307701840874,0,1.384056624933982,0
157,2022,ornamentals,0,68.34626342414677,0,0,281.59307701840874,0,1.384056624933982,0
157,2023,ornamentals,0,51.118503050471574,0,0,281.59307701840874,0,1.384056624933982,0
158,2019,ornamentals,0,200.9768418030223,0,0,341.02410011782194,0,0,0
158,2020,ornamentals,0,584.9666258893922,0,0,341.02410011782194,0,0,0
158,2021,ornamentals,0,718.4772831885801,0,0,341.02410011782194,0,0,0
158,2022,ornamentals,0,119.35197331496364,0,0,341.02410011782194,0,0,0
158,2023,ornamentals,0,81.34777639315145,0,0,341.02410011782194,0,0,0
159,2019,ornamentals,0,200.9768418030223,0,0,341.02410011782194,0,0,0
159,2020,ornamentals,0,584.9666258893922,0,0,341.02410011782194,0,0,0
159,2021,ornamentals,0,718.4772831885801,0,0,341.02410011782194,0,0,0
159,2022,ornamentals,0,119.35197331496364,0,0,341.02410011782194,0,0,0
159,2023,ornamentals,0,81.34777639315145,0,0,341.02410011782194,0,0,0
161,2019,ornamentals,0,351.7606673920769,0,0,80.22677967617071,0,43.00977615183878,0
161,2020,ornamentals,0,8.339975212303573,0,0,80.22677967617071,0,43.00977615183878,0
161,2021,ornamentals,0,13.633197100835488,0,0,80.22677967617071,0,43.00977615183878,0
161,2022,ornamentals,0,14.161968928456607,0,0,80.22677967617071,0,43.00977615183878,0
161,2023,ornamentals,0,13.238089747180949,0,0,80.22677967617071,0,43.00977615183878,0
169,2019,ornamentals,0,21.7242787919613,0,0,54.18209284538497,0,317.6376992080345,0
169,2020,ornamentals,0,24.629079034786237,0,0,54.18209284538497,0,317.6376992080345,0
169,2021,ornamentals,0,41.39378413953324,0,0,54.18209284538497,0,317.6376992080345,0
169,2022,ornamentals,0,92.3160922400564,0,0,54.18209284538497,0,317.6376992080345,0
169,2023,ornamentals,0,90.84723002058767,0,0,54.18209284538497,0,317.6376992080345,0
173,2019,ornamentals,0,21.7242787919613,0,0,54.18209284538497,0,3941.409326288837,0
173,2020,ornamentals,0,24.629079034786237,0,0,54.18209284538497,0,3941.409326288837,0
173,2021,ornamentals,0,41.39378413953324,0,0,54.18209284538497,0,3941.409326288837,0
173,2022,ornamentals,0,92.3160922400564,0,0,54.18209284538497,0,3941.409326288837,0
173,2023,ornamentals,0,90.84723002058767,0,0,54.18209284538497,0,3941.409326288837,0
174,2019,ornamentals,0,50.43147993643757,0,0,50.023861967655726,0,75599.83331072496,0
174,2020,ornamentals,0,47.564140449049454,0,0,50.023861967655726,0,75599.83331072496,0
174,2021,ornamentals,0,61.650525816802805,0,0,50.023861967655726,0,75599.83331072496,0
174,2022,ornamentals,0,45.0472064271001,0,0,50.023861967655726,0,75599.83331072496,0
174,2023,ornamentals,0,45.42595720888871,0,0,50.023861967655726,0,75599.83331072496,0
185,2019,ornamentals,0,101.72559253285696,0,0,128.01680262327952,0,0,0
185,2020,ornamentals,0,120.62522448758364,0,0,128.01680262327952,0,0,0
185,2021,ornamentals,0,122.1802552316224,0,0,128.01680262327952,0,0,0
185,2022,ornamentals,0,177.9816374384934,0,0,128.01680262327952,0,0,0
185,2023,ornamentals,0,117.57130342584112,0,0,128.01680262327952,0,0,0
186,2019,ornamentals,0,200.9768418030223,0,0,341.02410011782194,0,524.572259918848,0
186,2020,ornamentals,0,584.9666258893922,0,0,341.02410011782194,0,524.572259918848,0
186,2021,ornamentals,0,718.4772831885801,0,0,341.02410011782194,0,524.572259918848,0
186,2022,ornamentals,0,119.35197331496364,0,0,341.02410011782194,0,524.572259918848,0
186,2023,ornamentals,0,81.34777639315145,0,0,341.02410011782194,0,524.572259918848,0
187,2019,ornamentals,0,13.839026417897957,0,0,13.233878334950683,0,137729.9969063824,0
187,2020,ornamentals,0,13.28453454913226,0,0,13.233878334950683,0,137729.9969063824,0
187,2021,ornamentals,0,16.187521677881296,0,0,13.233878334950683,0,137729.9969063824,0
187,2022,ornamentals,0,12.258381992966504,0,0,13.233878334950683,0,137729.9969063824,0
187,2023,ornamentals,0,10.599927036875398,0,0,13.233878334950683,0,137729.9969063824,0
190,2019,ornamentals,0,689.5303074939351,0,0,178.22452649222845,0,23189.506570128146,0
190,2020,ornamentals,0,1.8476207219878105,0,0,178.22452649222845,0,23189.506570128146,0
190,2021,ornamentals,0,140.4681937304791,0,0,178.22452649222845,0,23189.506570128146,0
190,2022,ornamentals,0,55.428753615754005,0,0,178.22452649222845,0,23189.506570128146,0
190,2023,ornamentals,0,3.847756898986307,0,0,178.22452649222845,0,23189.506570128146,0
192,2019,ornamentals,0,689.5303074939351,0,0,178.22452649222845,0,22529.772325154812,0
192,2020,ornamentals,0,1.8476207219878105,0,0,178.22452649222845,0,22529.772325154812,0
192,2021,ornamentals,0,140.4681937304791,0,0,178.22452649222845,0,22529.772325154812,0
192,2022,ornamentals,0,55.428753615754005,0,0,178.22452649222845,0,22529.772325154812,0
192,2023,ornamentals,0,3.847756898986307,0,0,178.22452649222845,0,22529.772325154812,0
198,2019,ornamentals,0,0.1285714285714286,0,0,0.9314552741888407,0,6511.886845920739,0
198,2020,ornamentals,0,0.08888888888888889,0,0,0.9314552741888407,0,6511.886845920739,0
198,2021,ornamentals,0,0.20555555555555555,0,0,0.9314552741888407,0,6511.886845920739,0
198,2022,ornamentals,0,2.1171302489641652,0,0,0.9314552741888407,0,6511.886845920739,0
198,2023,ornamentals,0,2.1171302489641652,0,0,0.9314552741888407,0,6511.886845920739,0
200,2019,ornamentals,0,0.1285714285714286,0,0,0.9314552741888407,0,25387.650185363178,0
200,2020,ornamentals,0,0.08888888888888889,0,0,0.9314552741888407,0,25387.650185363178,0
200,2021,ornamentals,0,0.20555555555555555,0,0,0.9314552741888407,0,25387.650185363178,0
200,2022,ornamentals,0,2.1171302489641652,0,0,0.9314552741888407,0,25387.650185363178,0
200,2023,ornamentals,0,2.1171302489641652,0,0,0.9314552741888407,0,25387.650185363178,0
219,2019,ornamentals,0,39221.16859135755,0,0,14583.34489976357,0,11.89126614971599,0
219,2020,ornamentals,0,15093.680939103542,0,0,14583.34489976357,0,11.89126614971599,0
219,2021,ornamentals,0,6405.606606061049,0,0,14583.34489976357,0,11.89126614971599,0
219,2022,ornamentals,0,5358.216987502979,0,0,14583.34489976357,0,11.89126614971599,0
219,2023,ornamentals,0,6838.051374792732,0,0,14583.34489976357,0,11.89126614971599,0
221,2019,ornamentals,0,689.7153679653678,0,0,379.72408575605016,0,13.351383301146607,0
221,2020,ornamentals,0,376.9125615763547,0,0,379.72408575605016,0,13.351383301146607,0
221,2021,ornamentals,0,436.1070075757576,0,0,379.72408575605016,0,13.351383301146607,0
221,2022,ornamentals,0,276.10143369175626,0,0,379.72408575605016,0,13.351383301146607,0
221,2023,ornamentals,0,119.78405797101448,0,0,379.72408575605016,0,13.351383301146607,0
227,2019,ornamentals,0,50.43147993643757,0,0,50.023861967655726,0,873.2135548646013,0
227,2020,ornamentals,0,47.564140449049454,0,0,50.023861967655726,0,873.2135548646013,0
227,2021,ornamentals,0,61.650525816802805,0,0,50.023861967655726,0,873.2135548646013,0
227,2022,ornamentals,0,45.0472064271001,0,0,50.023861967655726,0,873.2135548646013,0
227,2023,ornamentals,0,45.42595720888871,0,0,50.023861967655726,0,873.2135548646013,0
228,2019,ornamentals,0,50.43147993643757,0,0,50.023861967655726,0,873.2135548646013,0
228,2020,ornamentals,0,47.564140449049454,0,0,50.023861967655726,0,873.2135548646013,0
228,2021,ornamentals,0,61.650525816802805,0,0,50.023861967655726,0,873.2135548646013,0
228,2022,ornamentals,0,45.0472064271001,0,0,50.023861967655726,0,873.2135548646013,0
228,2023,ornamentals,0,45.42595720888871,0,0,50.023861967655726,0,873.2135548646013,0
231,2019,ornamentals,0,8.105872615766748,0,0,9.312288444396513,0,3947.840652110657,0
231,2020,ornamentals,0,7.556878143801423,0,0,9.312288444396513,0,3947.840652110657,0
231,2021,ornamentals,0,7.429585496521383,0,0,9.312288444396513,0,3947.840652110657,0
231,2022,ornamentals,0,14.71413902706887,0,0,9.312288444396513,0,3947.840652110657,0
231,2023,ornamentals,0,8.754966938824145,0,0,9.312288444396513,0,3947.840652110657,0
232,2019,ornamentals,0,13.839026417897957,0,0,13.233878334950683,0,37.1051614996964,0
232,2020,ornamentals,0,13.28453454913226,0,0,13.233878334950683,0,37.1051614996964,0
232,2021,ornamentals,0,16.187521677881296,0,0,13.233878334950683,0,37.1051614996964,0
232,2022,ornamentals,0,12.258381992966504,0,0,13.233878334950683,0,37.1051614996964,0
232,2023,ornamentals,0,10.599927036875398,0,0,13.233878334950683,0,37.1051614996964,0
237,2019,ornamentals,0,8.105872615766748,0,0,9.312288444396513,0,0,0
237,2020,ornamentals,0,7.556878143801423,0,0,9.312288444396513,0,0,0
237,2021,ornamentals,0,7.429585496521383,0,0,9.312288444396513,0,0,0
237,2022,ornamentals,0,14.71413902706887,0,0,9.312288444396513,0,0,0
237,2023,ornamentals,0,8.754966938824145,0,0,9.312288444396513,0,0,0
7,2019,seaweeds,5544,1.6577540106951871,9190.588235294115,7153.575264,1.0284717436472979,5701.84734678062,5702.581723703893,0.9998712202720006
7,2020,seaweeds,5445,1.182230016074821,6437.2424375273995,7153.575264,1.0284717436472979,5600.028644159537,5600.76302108281,0.9998688791294135
7,2021,seaweeds,12331.1826,0.764188790560472,9423.351517274335,7153.575264,1.0284717436472979,12682.27286985522,12683.007246778492,0.9999420975712634
7,2022,seaweeds,11752.587,0.8104659855469724,9525.072005681535,7153.575264,1.0284717436472979,12087.203644256566,12087.938021179838,0.9999392471303223
7,2023,seaweeds,695.10672,0.7277199153590371,505.84300344389794,7153.575264,1.0284717436472979,714.897620339354,715.6319972626267,0.9989738064730452
9,2019,seaweeds,0,12.69438158351965,0,0,11.595925266781856,0,136.751610261826,0
9,2020,seaweeds,0,13.195661535326474,0,0,11.595925266781856,0,593.29329304427,0
9,2021,seaweeds,0,12.608422069047505,0,0,11.595925266781856,0,1219.1520169095897,0
9,2022,seaweeds,0,9.005880754555477,0,0,11.595925266781856,0,1259.5726317307633,0
9,2023,seaweeds,0,10.475280391460174,0,0,11.595925266781856,0,821.0712366909254,0
14,2019,seaweeds,928.2932,4.365061178606944,4052.056609684811,650.276304,4.089146184323477,3795.92659671343,2245503.2592193307,0.0016904569526356946
14,2020,seaweeds,1593.1298,4.722663454661799,7523.81588499266,650.276304,4.089146184323477,6514.540642802023,2247079.3813963756,0.0028991146003724045
14,2021,seaweeds,275.054,3.600616704652098,990.364027081378,650.276304,4.089146184323477,1124.7360145829095,2241045.338297557,5.018800804080705e-4
14,2022,seaweeds,184.40487,3.8080263955289206,702.2186124240792,650.276304,4.089146184323477,754.0584705311668,2240437.4350112523,3.365675196939296e-4
14,2023,seaweeds,270.49965,3.949363188167625,1068.3013601222267,650.276304,4.089146184323477,1106.112611658336,2240907.7053249404,4.93600253607029e-4
15,2019,seaweeds,1477067.50504,1.9335629247821924,2856002.965145878,1474732.088514,1.7621728880649217,2602848.311223185,3201430.0177407907,0.8130267714113528
15,2020,seaweeds,1447505.20809,1.7057102650773666,2469024.4921920625,1474732.088514,1.7621728880649217,2550754.433028971,3148163.369507785,0.8102357259266951
15,2021,seaweeds,1325040.87671,1.4666495835217754,1943370.6499760495,1474732.088514,1.7621728880649217,2334951.1085161366,2935251.655517611,0.7954858330892873
15,2022,seaweeds,1522752.17391,1.6947416915718667,2580671.5950569706,1474732.088514,1.7621728880649217,2683352.5961061222,3284378.2869016477,0.8170047301821285
15,2023,seaweeds,1601294.67882,2.0101999753714077,3218922.5239263303,1474732.088514,1.7621728880649217,2821758.0688192304,3422187.5574208423,0.8245480475494072
17,2019,seaweeds,495,1.3288770053475936,657.7941176470588,544.5,0.9398540275538305,465.2277436391461,148065.9555729756,0.0031420304676982587
17,2020,seaweeds,495,1.182230016074821,585.2038579570363,544.5,0.9398540275538305,465.2277436391461,2144.4790108363577,0.21694208303661827
17,2021,seaweeds,495,0.764188790560472,378.2734513274336,544.5,0.9398540275538305,465.2277436391461,2144.4790108363577,0.21694208303661827
17,2022,seaweeds,594,0.8104659855469724,481.4167954149016,544.5,0.9398540275538305,558.2732923669753,9145.884319510875,0.0610409308562993
17,2023,seaweeds,643.5,0.6135083402392936,394.7926169439854,544.5,0.9398540275538305,604.79606673089,3505.9340941907813,0.17250639928828593
18,2019,seaweeds,135,1,135,148.392,0.851236311460363,114.91690204714901,3118.788554160876,0.03684664736050627
18,2020,seaweeds,143.46,1.182230016074821,169.60271810609382,148.392,0.851236311460363,122.11836124210369,3268.3531077485377,0.037363882425245985
18,2021,seaweeds,65.7,0.764188790560472,50.20720353982301,148.392,0.851236311460363,55.92622566294585,3633.6961460029524,0.015391002278620468
18,2022,seaweeds,54,0.8104659855469724,43.765163219536504,148.392,0.851236311460363,45.966760818859605,3672.168511277847,0.012517606607019246
18,2023,seaweeds,343.8,0.4992967651195499,171.65822784810126,148.392,0.851236311460363,292.6550438800728,3090.786011406334,0.09468628458911403
20,2019,seaweeds,79503.5,12.15188560584328,966117.4372641612,80096.812988,10.634017440379472,845441.6055712093,1162499.7249088872,0.7272617682877063
20,2020,seaweeds,81908.35710000001,11.84915275630305,970544.6352957196,80096.812988,10.634017440379472,871014.8979142298,1188076.7215253331,0.7331301776504484
20,2021,seaweeds,84551.62295,12.90028565922668,1090740.0890062265,80096.812988,10.634017440379472,899123.4330626893,1216203.7780409202,0.7392868278299638
20,2022,seaweeds,73895.32386,6.39101585931827,472266.1867187198,80096.812988,10.634017440379472,785804.1626897294,1102871.9131383135,0.7125071854025719
20,2023,seaweeds,80625.26103000001,9.87774732120608,796395.9561606236,80096.812988,10.634017440379472,857370.4319281675,1174585.6124590866,0.7299343894849823
21,2019,seaweeds,60030,0.10193378665872968,6119.085213123542,60030,6.807160969849477,408633.8730200641,549472.9463588605,0.7436833345989441
21,2020,seaweeds,60030,10.05404253422988,603544.1733298197,60030,6.807160969849477,408633.8730200641,549472.9463588605,0.7436833345989441
21,2021,seaweeds,60030,3.833333333333334,230115.00000000003,60030,6.807160969849477,408633.8730200641,549472.9463588605,0.7436833345989441
21,2022,seaweeds,60030,7.934426229508197,476303.60655737703,60030,6.807160969849477,408633.8730200641,549472.9463588605,0.7436833345989441
21,2023,seaweeds,60030,12.112068965517242,727087.5,60030,6.807160969849477,408633.8730200641,549472.9463588605,0.7436833345989441
24,2019,seaweeds,1894.5,6.972999462991069,13210.34748263658,1098.9,5.901620599429341,11180.620225618886,181974.29289787982,0.06144065762021242
24,2020,seaweeds,900,5.423973723947675,4881.576351552908,1098.9,5.901620599429341,5311.458539486407,176105.13121174733,0.03016072560145879
24,2021,seaweeds,900,5.288803709910198,4759.923338919178,1098.9,5.901620599429341,5311.458539486407,176105.13121174733,0.03016072560145879
24,2022,seaweeds,900,5.179908080013903,4661.9172720125125,1098.9,5.901620599429341,5311.458539486407,176105.13121174733,0.03016072560145879
24,2023,seaweeds,900,6.642418020283862,5978.176218255476,1098.9,5.901620599429341,5311.458539486407,176105.13121174733,0.03016072560145879
40,2019,seaweeds,244.332,1.557496109285838,380.54613937402735,571.527,0.8437602522425576,206.15762995092857,295188.143799181,6.983940049136234e-4
40,2020,seaweeds,417.483,0.6787151827402995,283.35205063596845,571.527,0.8437602522425576,352.25556138697965,293834.6193002403,0.0011988225288969263
40,2021,seaweeds,215.82,0.7948051948051948,171.5348571428571,571.527,0.8437602522425576,182.10033763898878,305613.5997543773,5.958515517154454e-4
40,2022,seaweeds,268.29,0.684537190890431,183.65448294399377,571.527,0.8437602522425576,226.37243807415578,294282.2400108772,7.692358127550906e-4
40,2023,seaweeds,1711.71,0.5032475834910244,861.4139211374214,571.527,0.8437602522425576,1444.2728613661081,296201.9525473287,0.004875973466566985
41,2019,seaweeds,0,0.9738114640380738,0,0,2.5941578173359625,0,116098.62539975591,0
41,2020,seaweeds,0,2.002664005660222,0,0,2.5941578173359625,0,116062.31811923847,0
41,2021,seaweeds,0,2.591681444977273,0,0,2.5941578173359625,0,116055.91095208832,0
41,2022,seaweeds,0,4.950798845421858,0,0,2.5941578173359625,0,116067.65742519691,0
41,2023,seaweeds,0,2.451833326582386,0,0,2.5941578173359625,0,116066.58956400522,0
42,2019,seaweeds,7978.131,0.7789036333573579,6214.1952233009715,12997.886400000001,0.9657869096332973,7705.174483139608,9281.947866324503,0.8301247318027363
42,2020,seaweeds,7276.059,0.8967257197790272,6524.6292439296685,12997.886400000001,0.9657869096332973,7027.12253591954,8558.584465540083,0.8210613056648847
42,2021,seaweeds,10492.2,0.891405370489988,9352.803428255052,12997.886400000001,0.9657869096332973,10133.229413254483,11665.135572811932,0.8686765233035199
42,2022,seaweeds,14234.805,1.047992383762535,14917.967224344851,12997.886400000001,0.9657869096332973,13747.788330182608,15293.90984772103,0.8989060656867405
42,2023,seaweeds,25008.237,1.2139074407775785,30357.684975029148,12997.886400000001,0.9657869096332973,24152.62792760708,25706.7455840098,0.939544363897645
43,2019,seaweeds,684,0.3999400239904038,273.5589764094362,867.6,0.731530782428741,500.3670551812589,2874.888177256262,0.17404748439948003
43,2020,seaweeds,765,0.514720812182741,393.76142131979685,867.6,0.731530782428741,559.6210485579869,3291.2838122738654,0.17003123415581678
43,2021,seaweeds,927,0.3926582278481013,363.9941772151899,867.6,0.731530782428741,678.129035311443,3524.9648321567,0.19237895059978208
43,2022,seaweeds,954,0.6003348481224587,572.7194451088257,867.6,0.731530782428741,697.8803664370189,3476.195205225085,0.2007598322982644
43,2023,seaweeds,1008,1.7500000000000002,1764.0000000000002,867.6,0.731530782428741,737.383028688171,3479.3615214482716,0.21193055798962734
61,2019,seaweeds,47.5,9.72108553566354,461.7515629440182,45.695,4.0345318093285805,191.64026094310756,21033.59016218132,0.009111153134840448
61,2020,seaweeds,19,4.227137767220903,80.31561757719714,45.695,4.0345318093285805,76.65610437724303,20918.606005615457,0.0036644939130583186
61,2021,seaweeds,28.5,1.666233766233766,47.487662337662336,45.695,4.0345318093285805,114.98415656586454,20956.93405780408,0.005486687902376922
61,2022,seaweeds,75.05,1.6548545432778643,124.19683347300372,45.695,4.0345318093285805,302.7916122901099,21144.741513528326,0.0143199486310289
61,2023,seaweeds,58.425,2.903347434246828,169.62807384587092,45.695,4.0345318093285805,235.7175209600223,21077.667422198236,0.011183283056823127
62,2019,seaweeds,204.6015,11.584045936031956,2370.113174581042,113.40344999999999,11.001664420174071,2250.957042864245,436276.5595173841,0.005159472801734497
62,2020,seaweeds,142.5,12.80202210390576,1824.2881498065708,113.40344999999999,11.001664420174071,1567.7371798748052,435593.33965439466,0.0035990843687340765
62,2021,seaweeds,63.0825,11.343750607955362,715.5921477263441,113.40344999999999,11.001664420174071,694.0124957856309,434719.61497030547,0.0015964600443277377
62,2022,seaweeds,130.5,9.978894652119475,1302.2457521015915,113.40344999999999,11.001664420174071,1435.7172068327163,435461.3196813526,0.00329700283800935
62,2023,seaweeds,26.33325,9.2996088008578,244.88892345518863,113.40344999999999,11.001664420174071,289.70957959254883,434315.31205411244,6.670489654678654e-4
73,2019,seaweeds,5286.5,6.418803418803419,33933.00427350427,12265.2,7.937021722340727,41959.06533515426,597994.0593328481,0.07016635814403555
73,2020,seaweeds,10416,6.696428571428571,69750,12265.2,7.937021722340727,82672.01825990101,638707.0122575947,0.12943652828812038
73,2021,seaweeds,11931.5,6.749054224464061,80526.34047919294,12265.2,7.937021722340727,94700.57468010839,650735.5686778021,0.14552850533823727
73,2022,seaweeds,14327,9.214261968085106,132012.73121675532,12265.2,7.937021722340727,113713.7102159756,669748.7042136694,0.16978563676279634
73,2023,seaweeds,19365,10.606560428922482,205396.04270608383,12265.2,7.937021722340727,153700.4256531282,709735.419650822,0.21656017354854046
101,2019,seaweeds,0,1.9523809523809523,0,0,3.097579978987122,0,3033.057355126361,0
101,2020,seaweeds,0,1.4562646654687663,0,0,3.097579978987122,0,3033.057355126361,0
101,2021,seaweeds,0,8.35,0,0,3.097579978987122,0,3033.057355126361,0
101,2022,seaweeds,0,2.2348769343120476,0,0,3.097579978987122,0,3035.3747296469846,0
101,2023,seaweeds,0,1.4943773427738445,0,0,3.097579978987122,0,3051.6426987817613,0
102,2019,seaweeds,1077.27,1.9206125898159776,2069.018324631058,1484.111,1.7415226361582588,1876.0900902542073,46420.668793904115,0.040414973308195254
102,2020,seaweeds,1857.5,1.4562646654687663,2705.0116161082333,1484.111,1.7415226361582588,3234.8782966639656,47675.87042501787,0.06785147849060488
102,2021,seaweeds,1297.515,1.4743830302546397,1913.034097500849,1484.111,1.7415226361582588,2259.651743254883,46702.51489349426,0.0483839413874831
102,2022,seaweeds,1849.74,2.2348769343120476,4133.941260474367,1484.111,1.7415226361582588,3221.3640810073775,47709.18845413112,0.06752083163402543
102,2023,seaweeds,1338.53,1.6214759609398623,2170.394217996834,1484.111,1.7415226361582588,2331.080294176914,46859.61356771802,0.04974604177664014
119,2019,seaweeds,0.99,7.690095617169096,7.613194660997404,1.782,10.233744610029396,10.1314071639291,469.48419430233116,0.02157986847456005
119,2020,seaweeds,1.98,8.306753325581568,16.447371584651503,1.782,10.233744610029396,20.2628143278582,479.6156014662603,0.042248030018021916
119,2021,seaweeds,1.98,12.584028343854218,24.91637612083135,1.782,10.233744610029396,20.2628143278582,479.6156014662603,0.042248030018021916
119,2022,seaweeds,1.98,10.371848997569243,20.5362610151871,1.782,10.233744610029396,20.2628143278582,479.6156014662603,0.042248030018021916
119,2023,seaweeds,1.98,12.215996765972854,24.18767359662625,1.782,10.233744610029396,20.2628143278582,479.6156014662603,0.042248030018021916
120,2019,seaweeds,10,7.690095617169096,76.90095617169095,10,10.233744610029396,102.33744610029396,343.75124927261794,0.2977078521658941
120,2020,seaweeds,10,8.306753325581568,83.06753325581568,10,10.233744610029396,102.33744610029396,343.75124927261794,0.2977078521658941
120,2021,seaweeds,10,12.584028343854218,125.84028343854216,10,10.233744610029396,102.33744610029396,343.75124927261794,0.2977078521658941
120,2022,seaweeds,10,10.371848997569243,103.71848997569244,10,10.233744610029396,102.33744610029396,343.75124927261794,0.2977078521658941
120,2023,seaweeds,10,12.215996765972854,122.15996765972854,10,10.233744610029396,102.33744610029396,343.75124927261794,0.2977078521658941
122,2019,seaweeds,92.25,18.189808917197453,1678.009872611465,132.8922,16.920540605672684,1560.9198708733052,1630.8586819318298,0.9571153455333856
122,2020,seaweeds,74.241,15.406669671022982,1143.8065630464173,132.8922,16.920540605672684,1256.1978551057457,1326.1366661642703,0.9472612341978175
122,2021,seaweeds,183.753,17.671650179856112,3247.2187354990997,132.8922,16.920540605672684,3109.2000979141726,3179.138908972697,0.9780007061468338
122,2022,seaweeds,181.17,15.446742780389522,2798.4863895231697,132.8922,16.920540605672684,3065.49434152972,3135.4331525882444,0.977694051298529
122,2023,seaweeds,133.04700000000005,17.887831479897347,2379.9223149059035,132.8922,16.920540605672684,2251.2271659629346,2321.165977021459,0.9698691038250221
125,2019,seaweeds,19.8,7.690095617169096,152.2638932199481,20.88,12.412955772094016,245.7765242874615,463.125387721979,0.5306911061308623
125,2020,seaweeds,19.8,9.571428571428571,189.5142857142857,20.88,12.412955772094016,245.7765242874615,463.125387721979,0.5306911061308623
125,2021,seaweeds,19.8,11.0718954248366,219.22352941176467,20.88,12.412955772094016,245.7765242874615,463.125387721979,0.5306911061308623
125,2022,seaweeds,22.5,10.114197530864198,227.56944444444449,20.88,12.412955772094016,279.29150487211535,496.64036830663287,0.5623616658959885
125,2023,seaweeds,22.5,23.617161716171616,531.3861386138614,20.88,12.412955772094016,279.29150487211535,496.64036830663287,0.5623616658959885
127,2019,seaweeds,0.2376,3.576923076923077,0.8498769230769231,10.35738,13.05681085714014,3.1022982596564974,369.88330490409913,0.008387235159101978
127,2020,seaweeds,12.9393,4,51.7572,10.35738,13.05681085714014,168.9459927237934,535.7269993682361,0.3153583689510244
127,2021,seaweeds,12.87,16.04109589041096,206.44890410958905,10.35738,13.05681085714014,168.0411557313936,534.8221623758362,0.3142000604180382
127,2022,seaweeds,12.87,19.838449111470112,255.3208400646203,10.35738,13.05681085714014,168.0411557313936,534.8221623758362,0.3142000604180382
127,2023,seaweeds,12.87,21.827586206896555,280.92103448275867,10.35738,13.05681085714014,168.0411557313936,534.8221623758362,0.3142000604180382
137,2019,seaweeds,59.4,25.649768329245024,1523.5962387571544,83.16,29.07327039002548,1726.9522611675136,35884.78477833151,0.04812491622383389
137,2020,seaweeds,59.4,28.693,1704.3642,83.16,29.07327039002548,1726.9522611675136,35884.35681062532,0.04812549017615845
137,2021,seaweeds,99,31.052039381153303,3074.151898734177,83.16,29.07327039002548,2878.2537686125224,37007.49624470486,0.07777488510923922
137,2022,seaweeds,99,29.73485784919654,2943.7509270704577,83.16,29.07327039002548,2878.2537686125224,36949.44979768059,0.07789706705709047
137,2023,seaweeds,99,30.236686390532544,2993.431952662722,83.16,29.07327039002548,2878.2537686125224,36949.44979768059,0.07789706705709047
138,2019,seaweeds,0,0.6250710999196539,0,0,0.9844141692996672,0,4200516.275024776,0
138,2020,seaweeds,0,0.6722931098814571,0,0,0.9844141692996672,0,4200499.534736537,0
138,2021,seaweeds,0,0.8940083019734222,0,0,0.9844141692996672,0,4200499.534736537,0
138,2022,seaweeds,0,1.4668702933576536,0,0,0.9844141692996672,0,4200499.534736537,0
138,2023,seaweeds,0,1.263828041366149,0,0,0.9844141692996672,0,4200499.534736537,0
139,2019,seaweeds,4233.15,0.2984153403377371,1263.2368979506916,7739.91,5.391862082623276,22824.56097505672,136812.25941591416,0.16683125527274012
139,2020,seaweeds,4455.9,23.304788231953484,103843.80588276152,7739.91,5.391862082623276,24025.598253961052,138013.2966948185,0.17408176479609486
139,2021,seaweeds,3964.5,0.3856498746118164,1528.908927898546,7739.91,5.391862082623276,21376.037226559976,135363.73566741744,0.1579155386127931
139,2022,seaweeds,19873.8,1.3569950331125826,26968.647889072843,7739.91,5.391862082623276,107156.78865763846,221144.4870984959,0.4845555503715167
139,2023,seaweeds,6172.2,1.6134619331007594,9958.609743484509,7739.91,5.391862082623276,33279.65114636738,147267.34958722483,0.22598119161950567
141,2019,seaweeds,66.9,30.319999999999997,2028.408,84,7.951944180148144,531.9850656519109,213656.63993914987,0.0024899065425882483
141,2020,seaweeds,81.15,2.1842105263157894,177.2486842105263,84,7.951944180148144,645.3002702190219,213769.95514371697,0.0030186668177255697
141,2021,seaweeds,85.9,2.0264731680089305,174.07404513196715,84,7.951944180148144,683.0720050747256,213807.7268785727,0.0031947956935282373
141,2022,seaweeds,90.65,2.7682225063938617,250.9393702046036,84,7.951944180148144,720.8437399304293,213845.49861342838,0.003370862349707482
141,2023,seaweeds,95.4,2.4608147000221385,234.76172238211203,84,7.951944180148144,758.615474786133,213883.2703482841,0.0035468668192272152
152,2019,seaweeds,0.02,1.7407281388227287,0.03481456277645457,0.038138000000000005,6.885854814259337,0.13771709628518675,468.9334032537097,2.9368156614485594e-4
152,2020,seaweeds,0.02,1.5032215893173964,0.03006443178634792,0.038138000000000005,6.885854814259337,0.13771709628518675,468.9334032537097,2.9368156614485594e-4
152,2021,seaweeds,0.02,24.82506136044881,0.4965012272089762,0.038138000000000005,6.885854814259337,0.13771709628518675,468.9334032537097,2.9368156614485594e-4
152,2022,seaweeds,0.05,3.359086819613135,0.16795434098065676,0.038138000000000005,6.885854814259337,0.3442927407129669,469.13997889813743,7.338806245453702e-4
152,2023,seaweeds,0.08069000000000001,3.001176163094616,0.24216490460010465,0.038138000000000005,6.885854814259337,0.555619624962586,469.35130578238704,0.0011838033006777164
155,2019,seaweeds,9,1.4814562776454576,13.33310649880912,9.9,1.4310653106551945,12.87958779589675,514.1414470172899,0.025050670142653615
155,2020,seaweeds,10.5,1.5032215893173964,15.78382668783266,9.9,1.4310653106551945,15.026185761879542,467.2671303281804,0.03215759206372178
155,2021,seaweeds,10,1.4501227208976155,14.501227208976156,9.9,1.4310653106551945,14.310653106551944,645.2987004714851,0.022176788975548718
155,2022,seaweeds,10,1.7181736392262708,17.181736392262707,9.9,1.4310653106551945,14.310653106551944,464.3938126536494,0.03081577040137054
155,2023,seaweeds,10,1.0023523261892318,10.023523261892318,9.9,1.4310653106551945,14.310653106551944,552.7443238653068,0.02589018554994547
163,2019,seaweeds,124.1,12.303259514848628,1526.8345057927147,259.42,12.605134083807062,1564.2971398004563,592041.24058363,0.002642209752581397
163,2020,seaweeds,154,12.323485260883192,1897.8167301760116,259.42,12.605134083807062,1941.1906489062876,593862.379024779,0.003268755047413588
163,2021,seaweeds,251,12.716480401038268,3191.8365806606053,259.42,12.605134083807062,3163.888655035573,595387.0294747633,0.005314003326250964
163,2022,seaweeds,439.5,12.568451519536904,5523.834442836469,259.42,12.605134083807062,5539.956429833203,598083.3605762529,0.009262849955389929
163,2023,seaweeds,328.5,13.113993722728315,4307.946937916252,259.42,12.605134083807062,4140.78654653062,596396.9926107036,0.006943003733812432
164,2019,seaweeds,8.96,11,98.56,9.360000000000001,13.078396736943976,117.18243476301804,122.92027049930087,0.9533206710904898
164,2020,seaweeds,8.96,13.714285714285712,122.88,9.360000000000001,13.078396736943976,117.18243476301804,122.92027049930087,0.9533206710904898
164,2021,seaweeds,8.96,19,170.24,9.360000000000001,13.078396736943976,117.18243476301804,122.92027049930087,0.9533206710904898
164,2022,seaweeds,9.96,3.4276979704341715,34.13987178552435,9.360000000000001,13.078396736943976,130.26083149996202,138.174998558045,0.942723595869926
164,2023,seaweeds,9.96,18.25,181.77,9.360000000000001,13.078396736943976,130.26083149996202,208.71373728227232,0.6241124000563143
171,2019,seaweeds,1027.5,1.021744414018828,1049.8423854043458,1063.14,0.43299699276421527,444.9044100652312,59168.21390067575,0.007519314522694254
171,2020,seaweeds,1027.5,0.26338512848100715,270.62821951423484,1063.14,0.43299699276421527,444.9044100652312,59021.49491096563,0.007538006462499347
171,2021,seaweeds,1106.7,0.30703886115631424,339.799907641693,1063.14,0.43299699276421527,479.19777189215705,59064.79733356423,0.008113085856977072
171,2022,seaweeds,1077,0.3394008928362013,365.5347615845888,1063.14,0.43299699276421527,466.3377612070598,59153.61100873088,0.007883504544434827
171,2023,seaweeds,1077,0.23341566732872557,251.38867371303743,1063.14,0.43299699276421527,466.3377612070598,59185.78622577257,0.007879218828455676
175,2019,seaweeds,0,6.827124596959926,0,9.879999999999999,7.357883632321103,0,63112.03738223758,0
175,2020,seaweeds,20.9,6.714717531790703,140.3375964144257,9.879999999999999,7.357883632321103,153.77976791551106,63267.13923903271,0.0024306420325804225
175,2021,seaweeds,8.93,8.566173755041142,76.4959316325174,9.879999999999999,7.357883632321103,65.70590083662745,63179.50606824703,0.0010399875675769195
175,2022,seaweeds,7.125,7.268823650174503,51.790368507493334,9.879999999999999,7.357883632321103,52.42492088028786,63169.75065863634,8.299054584462019e-4
175,2023,seaweeds,12.445,7.412578627639242,92.24954102097036,9.879999999999999,7.357883632321103,91.56886180423614,63208.894599560284,0.0014486705136095377
177,2019,seaweeds,23.77,18.30734473158716,435.1655842698268,30.57,15.542049643361938,369.4345200227133,45036.413232843996,0.008203018257974714
177,2020,seaweeds,28.52,18.766827390098733,535.2299171656158,30.57,15.542049643361938,443.25925582868246,50291.10619012102,0.008813869676140758
177,2021,seaweeds,28.52,19.428181477315334,554.0917357330334,30.57,15.542049643361938,443.25925582868246,60592.74943228747,0.007315384431004004
177,2022,seaweeds,33.64,11.483522094318603,386.3056832528778,30.57,15.542049643361938,522.8345500026957,55588.642882229884,0.009405420296199228
177,2023,seaweeds,38.4,9.724372523489858,373.41590490201054,30.57,15.542049643361938,596.8147063050984,51094.18683697398,0.011680677260005188
179,2019,seaweeds,11.7233,1.3841726799043352,16.227071578322494,14.201178,1.4264468544585154,16.722664408873513,72682.59689022273,2.3007797085361224e-4
179,2020,seaweeds,4.87889,1.2632046914597692,6.163036737116154,14.201178,1.4264468544585154,6.9594772937491065,72423.38708629261,9.609433601133396e-5
179,2021,seaweeds,8.117,1.3358131150598,10.842795054940398,14.201178,1.4264468544585154,11.57846911763977,72749.67554612515,1.591549244820855e-4
179,2022,seaweeds,27.5207,1.6107799872994588,44.32979279647222,14.201178,1.4264468544585154,39.25681594749646,72623.46366387315,5.405527906131106e-4
179,2023,seaweeds,18.766,1.538263798569214,28.86705844394987,14.201178,1.4264468544585154,26.768701670768497,72004.85915996357,3.71762433578268e-4
181,2019,seaweeds,6.3,0.4697767430925682,2.95959348148318,39.69,0.5193294424888155,3.2717754876795375,152683.29912915692,2.142850924980274e-5
181,2020,seaweeds,6.3,0.45167405268693034,2.845546531927661,39.69,0.5193294424888155,3.2717754876795375,152781.60598046382,2.1414721141875543e-5
181,2021,seaweeds,32.1,0.4973043896465701,15.9634709076549,39.69,0.5193294424888155,16.67047510389098,152696.69782877312,1.0917377612569241e-4
181,2022,seaweeds,73.95,0.5235302788512687,38.71506412105132,39.69,0.5193294424888155,38.40441227204791,152718.43176594126,2.5147201832786714e-4
181,2023,seaweeds,79.8,0.6543617481667401,52.21806750370586,39.69,0.5193294424888155,41.44248951060748,152725.55178856282,2.713526913163917e-4
182,2019,seaweeds,1.09185,12.588050356357824,13.74426278158929,0.67695,12.519223318294385,13.669113980079723,143068.3862173673,9.554251880154644e-5
182,2020,seaweeds,0.8431500000000001,13.70423874186494,11.554728895203423,0.67695,12.519223318294385,10.55558314081991,141870.06918359143,7.44031718710176e-5
182,2021,seaweeds,0.75,11.0777974159561,8.308348061967076,0.67695,12.519223318294385,9.389417488720788,140472.41685813703,6.684171667810879e-5
182,2022,seaweeds,0.69975,13.88429712988794,9.715536916639088,0.67695,12.519223318294385,8.760326516976496,116018.19078958381,7.550821519760334e-5
182,2023,seaweeds,0,11.34173294740512,0,0.67695,12.519223318294385,0,116373.3955462277,0
183,2019,seaweeds,26.25,4.225257669032629,110.91301381210651,34.354,6.741649674022509,176.96830394309086,37564.15214507611,0.004711095388486967
183,2020,seaweeds,31,5.971604260123898,185.1197320638408,34.354,6.741649674022509,208.99113989469777,37835.503961784205,0.005523677974681915
183,2021,seaweeds,31,6.335578385677218,196.40292995599376,34.354,6.741649674022509,208.99113989469777,38474.19227969127,0.005431982518968031
183,2022,seaweeds,31,8.341211627275195,258.57756044553105,34.354,6.741649674022509,208.99113989469777,38495.21119217288,0.0054290165821246706
183,2023,seaweeds,52.52,8.834596428003604,463.9930043987493,34.354,6.741649674022509,354.0714408796622,39183.20044850666,0.009036307316064493
184,2019,seaweeds,0,13.00578257214466,0,0,10.903163604686709,0,91124.67963152383,0
184,2020,seaweeds,0,8.02461919292183,0,0,10.903163604686709,0,91028.60237630708,0
184,2021,seaweeds,0,10.117593211391473,0,0,10.903163604686709,0,90930.7654644014,0
184,2022,seaweeds,0,12.175075338405298,0,0,10.903163604686709,0,90903.4028028882,0
184,2023,seaweeds,0,11.19274770857028,0,0,10.903163604686709,0,90878.85559207734,0
202,2019,seaweeds,88366.50000000001,0.6174548303834808,54562.322269081866,124225.578,0.7816797615597116,69074.30464986627,125360.84548398,0.5510038192801863
202,2020,seaweeds,80435.16,0.7282417487436358,58576.24157887415,124225.578,0.7816797615597116,62874.53668981726,131246.3374801124,0.47905745712214304
202,2021,seaweeds,130437.18,0.7215510704598922,94117.08685676965,124225.578,0.7816797615597116,101960.10376092118,152204.01461694422,0.6698910276284552
202,2022,seaweeds,135432.44999999998,0.8548681498024394,115776.88795471138,124225.578,0.7816797615597116,105864.80522344756,156108.71607947059,0.6781479463936834
202,2023,seaweeds,186456.6,0.98628300840911,183898.97638573407,124225.578,0.7816797615597116,145749.35062923454,196042.508919579,0.743457893048207
203,2019,seaweeds,3975,15.729396615158205,62524.35154525386,4038.6,15.37683558397943,61122.921446318236,979147.535427248,0.062424628806983046
203,2020,seaweeds,3975,16.189262811418192,64352.31967538731,4038.6,15.37683558397943,61122.921446318236,978706.4949162707,0.06245275960036146
203,2021,seaweeds,3975,12.939334706272469,51433.85545743306,4038.6,15.37683558397943,61122.921446318236,976968.6165738505,0.06256385354595254
203,2022,seaweeds,3975,13.523365523365523,53755.37795537795,4038.6,15.37683558397943,61122.921446318236,977525.8310454069,0.06252819056551256
203,2023,seaweeds,4293,18.50281826368276,79432.59880599008,4038.6,15.37683558397943,66012.75516202369,982475.0659264764,0.0671902600396006
204,2019,seaweeds,30,2.943502824858757,88.30508474576271,61.2,4.41977392440961,132.5932177322883,2709099.5930004106,4.894364831579974e-5
204,2020,seaweeds,58.5,7.328859060402684,428.73825503355704,61.2,4.41977392440961,258.5567745779622,2708904.213585117,9.544699782343856e-5
204,2021,seaweeds,66,6.020666666666667,397.364,61.2,4.41977392440961,291.7050790110343,2708937.36188955,1.0768247472786261e-4
204,2022,seaweeds,73.5,2.369286577992745,174.14256348246676,61.2,4.41977392440961,324.8533834441064,2708973.5453277635,1.1991751783785021e-4
204,2023,seaweeds,78,3.4365544921271995,268.05125038592155,61.2,4.41977392440961,344.7423661039496,2708993.434310423,1.2725847236750654e-4
205,2019,seaweeds,11.30778,1.3186282186080844,14.910757797812124,2.2615559999999997,1.059069005615855,11.97571932032285,471883.60963264655,2.5378544784900978e-5
205,2020,seaweeds,0,0.4437271144540616,0,2.2615559999999997,1.059069005615855,0,471870.3790779025,0
205,2021,seaweeds,0,0.5653430066450515,0,2.2615559999999997,1.059069005615855,0,471867.869407055,0
205,2022,seaweeds,0,0.6123543123543125,0,2.2615559999999997,1.059069005615855,0,471865.07015880203,0
205,2023,seaweeds,0,2.3552923760177644,0,2.2615559999999997,1.059069005615855,0,471865.07015880203,0
206,2019,seaweeds,186228.9,2.656609242512673,494737.4169629683,214253.18838,3.81768968956547,710964.1514291189,856686.2608758092,0.829900260921991
206,2020,seaweeds,180240.39,2.321597035040431,418445.555018531,214253.18838,3.81768968956547,688101.8785462594,833590.2565117049,0.8254677560960639
206,2021,seaweeds,177084.56699999998,2.8341963774183596,501892.4382880987,214253.18838,3.81768968956547,676053.9256170656,821622.0231577605,0.8228283889211863
206,2022,seaweeds,304885.3104,3.30717674523684,1008309.6085191956,214253.18838,3.81768968956547,1163957.5060140481,1309774.0147792194,0.8886704827551868
206,2023,seaweeds,222826.7745,7.968869047619047,1775677.3862938392,214253.18838,3.81768968956547,850683.47956778,996877.7603109013,0.8533478360501021
207,2019,seaweeds,11314.8,5.7169638033495405,64686.302042139374,9790.878552,2.5337338388322563,28668.691639619214,559814.9510468083,0.05121101461475993
207,2020,seaweeds,10640.6271,2.0655755201742902,21979.018857063147,9790.878552,2.5337338388322563,26960.51694966554,558020.7052866076,0.04831454584793269
207,2021,seaweeds,10687.7475,1.633289639261745,17456.187258795617,9790.878552,2.5337338388322563,27079.907501644848,558227.083556213,0.04851055833610038
207,2022,seaweeds,8055.9396,1.708219491660233,13761.31304835754,9790.878552,2.5337338388322563,20411.60676810879,551595.1601037532,0.03700468793864949
207,2023,seaweeds,8255.278559999999,1.544620739715472,12751.274475904476,9790.878552,2.5337338388322563,20916.67863645842,547333.2119393834,0.03821562108819174
209,2019,seaweeds,4374443.4,7.406769813620748,32400495.326512516,5239055.7016,8.733372664708883,38203644.41287619,41617343.29389796,0.917974127831406
209,2020,seaweeds,4546009.048,7.798653751860232,35452750.518175766,5239055.7016,8.733372664708883,39701991.15332246,43115760.02559276,0.9208231776444634
209,2021,seaweeds,4868155.9,8.384203083193304,40815607.70624568,5239055.7016,8.733372664708883,42515419.664601274,45929171.92833647,0.9256735508085865
209,2022,seaweeds,6618516.4,10.746388627723135,71125149.37335907,5239055.7016,8.733372664708883,57801970.20868745,61215696.6136001,0.9442344595625457
209,2023,seaweeds,5788153.76,9.330848047146995,54008383.208082534,5239055.7016,8.733372664708883,50550103.82671594,53963887.40697164,0.9367394799690677
210,2019,seaweeds,8813.210000000001,15.756788024085637,138867.88178175178,8995.344000000001,15.329906042799564,135105.68123546155,1637824.7626982606,0.08249092596016167
210,2020,seaweeds,10183.35,15.84570017409444,161362.3108678646,8995.344000000001,15.329906042799564,156109.79870094295,1659161.8383793486,0.09408955479197215
210,2021,seaweeds,9420.27,14.457222777986631,136190.94201878412,8995.344000000001,15.329906042799564,144411.85399780347,1647321.5102287459,0.08766464415179678
210,2022,seaweeds,8147.89,13.550348106639497,110406.74583460687,8995.344000000001,15.329906042799564,124906.38814706614,1627767.8530573286,0.07673476774495991
210,2023,seaweeds,8412,17.03947113119162,143336.03115558389,8995.344000000001,15.329906042799564,128955.16963202994,1631816.6345422924,0.07902552707351247
212,2019,seaweeds,0,12.69438158351965,0,0,11.595925266781856,0,2340.7074123249276,0
212,2020,seaweeds,0,13.195661535326474,0,0,11.595925266781856,0,2246.2190341325404,0
212,2021,seaweeds,0,12.608422069047505,0,0,11.595925266781856,0,2230.3647110927104,0
212,2022,seaweeds,0,9.005880754555477,0,0,11.595925266781856,0,2230.3647110927104,0
212,2023,seaweeds,0,10.475280391460174,0,0,11.595925266781856,0,2313.6212438031994,0
216,2019,seaweeds,8622067.47,1.165587194050378,10049771.429270342,8293255.4124880005,1.262290656285809,10883555.205246825,12038375.25933396,0.9040717680575918
216,2020,seaweeds,8445121.6,1.0693979659354933,9031195.861117898,8293255.4124880005,1.262290656285809,10660198.08687746,11814847.97829977,0.9022712866434637
216,2021,seaweeds,7822016.4985,1.1478370571267975,8978400.398435498,8293255.4124880005,1.262290656285809,9873658.33936999,11028820.733340817,0.8952596635759345
216,2022,seaweeds,8054485.526810001,1.7372674490975633,13992795.524954451,8293255.4124880005,1.262290656285809,10167101.821681546,11323055.801087633,0.8979114825791946
216,2023,seaweeds,8522585.96713,1.1913636152188125,10153498.828813115,8293255.4124880005,1.262290656285809,10757980.633700753,11915982.474443257,0.9028194407615048
223,2019,seaweeds,69.03935,1.4165385372497488,97.79689986167344,134.49036,1.876261996803306,129.53590868900233,311629.3826540219,4.1567296249730106e-4
223,2020,seaweeds,235.1611,1.5450086490080404,363.32593341024466,134.49036,1.876261996803306,441.22383505646195,311941.07058038935,0.001414446113926366
223,2021,seaweeds,171.37905,1.794858400160524,307.60112750403044,134.49036,1.876261996803306,321.5519985632536,311821.3987438961,0.0010312056833128038
223,2022,seaweeds,152.5282,2.438419056896812,371.92766959416826,134.49036,1.876261996803306,286.182865100814,311786.0296104337,9.178822587349088e-4
223,2023,seaweeds,44.3441,2.186485340701405,96.95772459659716,134.49036,1.876261996803306,83.20114961244548,311583.0478949453,2.6702720245710526e-4
224,2019,seaweeds,16255.8,1.9000037406802917,30886.080807750684,12509.91,2.29242049798161,37265.12913108945,723370.4098726361,0.051515971102067515
224,2020,seaweeds,13701,1.695262921404965,23226.797286169425,12509.91,2.29242049798161,31408.45324284604,717513.7339843927,0.043774009827565526
224,2021,seaweeds,11675.55,1.966280345641701,22957.40448955696,12509.91,2.29242049798161,26765.270145209186,712870.5508867558,0.03754576495257836
224,2022,seaweeds,10064.4,2.9460167563619732,29649.891042729443,12509.91,2.29242049798161,23071.836859886116,709177.1176014327,0.0325332505621717
224,2023,seaweeds,10852.8,2.95453872581912,32065.01788356974,12509.91,2.29242049798161,24879.181180494816,710984.4619220415,0.03499258072846996
231,2019,seaweeds,630,0.927083799883549,584.0627939266359,630,1.0352433686295472,652.2033222366148,3947.840652110657,0.16520507784120503
231,2020,seaweeds,630,0.35366666666666663,222.80999999999997,630,1.0352433686295472,652.2033222366148,3947.840652110657,0.16520507784120503
231,2021,seaweeds,630,0.6331147540983606,398.8622950819672,630,1.0352433686295472,652.2033222366148,3947.840652110657,0.16520507784120503
231,2022,seaweeds,630,1.6316742081447964,1027.9547511312217,630,1.0352433686295472,652.2033222366148,3947.840652110657,0.16520507784120503
231,2023,seaweeds,630,1.630677414354364,1027.3267710432494,630,1.0352433686295472,652.2033222366148,3947.840652110657,0.16520507784120503
1,2019,seaweeds,0,30.156647871492645,0,0,20.508280941343884,0,62.738580004226684,0
1,2020,seaweeds,0,30.053584375880416,0,0,20.508280941343884,0,62.738580004226684,0
1,2021,seaweeds,0,7.994751571738844,0,0,20.508280941343884,0,62.738580004226684,0
1,2022,seaweeds,0,15.338744718866344,0,0,20.508280941343884,0,62.738580004226684,0
1,2023,seaweeds,0,18.99767616874116,0,0,20.508280941343884,0,62.738580004226684,0
2,2019,seaweeds,0,30.156647871492645,0,0,20.508280941343884,0,2.936042261036199,0
2,2020,seaweeds,0,30.053584375880416,0,0,20.508280941343884,0,2.936042261036199,0
2,2021,seaweeds,0,7.994751571738844,0,0,20.508280941343884,0,2.936042261036199,0
2,2022,seaweeds,0,15.338744718866344,0,0,20.508280941343884,0,2.936042261036199,0
2,2023,seaweeds,0,18.99767616874116,0,0,20.508280941343884,0,2.936042261036199,0
3,2019,seaweeds,0,30.156647871492645,0,0,20.508280941343884,0,0.05710567913529631,0
3,2020,seaweeds,0,30.053584375880416,0,0,20.508280941343884,0,0.05710567913529631,0
3,2021,seaweeds,0,7.994751571738844,0,0,20.508280941343884,0,0.05710567913529631,0
3,2022,seaweeds,0,15.338744718866344,0,0,20.508280941343884,0,0.05710567913529631,0
3,2023,seaweeds,0,18.99767616874116,0,0,20.508280941343884,0,0.05710567913529631,0
4,2019,seaweeds,0,30.156647871492645,0,0,20.508280941343884,0,0,0
4,2020,seaweeds,0,30.053584375880416,0,0,20.508280941343884,0,0,0
4,2021,seaweeds,0,7.994751571738844,0,0,20.508280941343884,0,0,0
4,2022,seaweeds,0,15.338744718866344,0,0,20.508280941343884,0,0,0
4,2023,seaweeds,0,18.99767616874116,0,0,20.508280941343884,0,0,0
5,2019,seaweeds,0,1.3288770053475936,0,0,0.9398540275538305,0,521.0832361878442,0
5,2020,seaweeds,0,1.182230016074821,0,0,0.9398540275538305,0,199.32044968791294,0
5,2021,seaweeds,0,0.764188790560472,0,0,0.9398540275538305,0,155.7484056827139,0
5,2022,seaweeds,0,0.8104659855469724,0,0,0.9398540275538305,0,177.53442768531343,0
5,2023,seaweeds,0,0.6135083402392936,0,0,0.9398540275538305,0,123.90729660199153,0
6,2019,seaweeds,0,1.3288770053475936,0,0,0.9398540275538305,0,239.1149396189673,0
6,2020,seaweeds,0,1.182230016074821,0,0,0.9398540275538305,0,239.1149396189673,0
6,2021,seaweeds,0,0.764188790560472,0,0,0.9398540275538305,0,248.4559010173753,0
6,2022,seaweeds,0,0.8104659855469724,0,0,0.9398540275538305,0,239.1149396189673,0
6,2023,seaweeds,0,0.6135083402392936,0,0,0.9398540275538305,0,239.1149396189673,0
8,2019,seaweeds,0,12.69438158351965,0,0,11.595925266781856,0,522.381028262524,0
8,2020,seaweeds,0,13.195661535326474,0,0,11.595925266781856,0,560.7879704103846,0
8,2021,seaweeds,0,12.608422069047505,0,0,11.595925266781856,0,721.7313470299907,0
8,2022,seaweeds,0,9.005880754555477,0,0,11.595925266781856,0,643.820121530045,0
8,2023,seaweeds,0,10.475280391460174,0,0,11.595925266781856,0,547.6198759596895,0
10,2019,seaweeds,0,12.69438158351965,0,0,11.595925266781856,0,0,0
10,2020,seaweeds,0,13.195661535326474,0,0,11.595925266781856,0,0,0
10,2021,seaweeds,0,12.608422069047505,0,0,11.595925266781856,0,0,0
10,2022,seaweeds,0,9.005880754555477,0,0,11.595925266781856,0,0,0
10,2023,seaweeds,0,10.475280391460174,0,0,11.595925266781856,0,0,0
11,2019,seaweeds,0,12.69438158351965,0,0,11.595925266781856,0,613.8367620977435,0
11,2020,seaweeds,0,13.195661535326474,0,0,11.595925266781856,0,517.6080198493813,0
11,2021,seaweeds,0,12.608422069047505,0,0,11.595925266781856,0,3818.965159809492,0
11,2022,seaweeds,0,9.005880754555477,0,0,11.595925266781856,0,4513.9310802813625,0
11,2023,seaweeds,0,10.475280391460174,0,0,11.595925266781856,0,4972.432734523559,0
12,2019,seaweeds,0,7.721455306187844,0,0,26.184132156830284,0,0.09565053664703314,0
12,2020,seaweeds,0,13.415586823971829,0,0,26.184132156830284,0,0.09565053664703314,0
12,2021,seaweeds,0,35.35252514707192,0,0,26.184132156830284,0,0.09565053664703314,0
12,2022,seaweeds,0,35.09600963246095,0,0,26.184132156830284,0,0.09565053664703314,0
12,2023,seaweeds,0,39.335083874458874,0,0,26.184132156830284,0,0.09565053664703314,0
13,2019,seaweeds,0,7.721455306187844,0,0,26.184132156830284,0,28.163540270736856,0
13,2020,seaweeds,0,13.415586823971829,0,0,26.184132156830284,0,28.163540270736856,0
13,2021,seaweeds,0,35.35252514707192,0,0,26.184132156830284,0,28.163540270736856,0
13,2022,seaweeds,0,35.09600963246095,0,0,26.184132156830284,0,28.163540270736856,0
13,2023,seaweeds,0,39.335083874458874,0,0,26.184132156830284,0,28.163540270736856,0
16,2019,seaweeds,0,1.788754344869276,0,0,2.9015100965086025,0,49434.24776515848,0
16,2020,seaweeds,0,3.079180854635269,0,0,2.9015100965086025,0,48696.32075092309,0
16,2021,seaweeds,0,3.557564766839378,0,0,2.9015100965086025,0,48953.03473823679,0
16,2022,seaweeds,0,3.1276072696258574,0,0,2.9015100965086025,0,49425.01845223094,0
16,2023,seaweeds,0,2.954443246573233,0,0,2.9015100965086025,0,50497.77588055061,0
19,2019,seaweeds,0,1.7407281388227287,0,0,6.885854814259337,0,79.19386396919278,0
19,2020,seaweeds,0,1.5032215893173964,0,0,6.885854814259337,0,79.19386396919278,0
19,2021,seaweeds,0,24.82506136044881,0,0,6.885854814259337,0,79.19386396919278,0
19,2022,seaweeds,0,3.359086819613135,0,0,6.885854814259337,0,79.19386396919278,0
19,2023,seaweeds,0,3.001176163094616,0,0,6.885854814259337,0,79.19386396919278,0
25,2019,seaweeds,0,12.767007672634271,0,0,12.822074226148375,0,984429.1776974445,0
25,2020,seaweeds,0,9.9859460397328,0,0,12.822074226148375,0,979636.6987123078,0
25,2021,seaweeds,0,10.530134644154732,0,0,12.822074226148375,0,981342.975570577,0
25,2022,seaweeds,0,16.252560116381893,0,0,12.822074226148375,0,966941.6807823484,0
25,2023,seaweeds,0,14.574722657838182,0,0,12.822074226148375,0,979589.8666701078,0
26,2019,seaweeds,0,4.8454149226139105,0,0,5.299650463657564,0,22414.07853571442,0
26,2020,seaweeds,0,6.377988050536175,0,0,5.299650463657564,0,22414.07853571442,0
26,2021,seaweeds,0,4.56870426600309,0,0,5.299650463657564,0,22414.07853571442,0
26,2022,seaweeds,0,4.209019804181845,0,0,5.299650463657564,0,22414.07853571442,0
26,2023,seaweeds,0,6.497125274952799,0,0,5.299650463657564,0,22414.07853571442,0
28,2019,seaweeds,0,0.9738114640380738,0,0,2.5941578173359625,0,240.58845439793518,0
28,2020,seaweeds,0,2.002664005660222,0,0,2.5941578173359625,0,240.58845439793518,0
28,2021,seaweeds,0,2.591681444977273,0,0,2.5941578173359625,0,240.58845439793518,0
28,2022,seaweeds,0,4.950798845421858,0,0,2.5941578173359625,0,240.58845439793518,0
28,2023,seaweeds,0,2.451833326582386,0,0,2.5941578173359625,0,240.58845439793518,0
29,2019,seaweeds,0,0.9738114640380738,0,0,2.5941578173359625,0,58.13284767272063,0
29,2020,seaweeds,0,2.002664005660222,0,0,2.5941578173359625,0,58.13284767272063,0
29,2021,seaweeds,0,2.591681444977273,0,0,2.5941578173359625,0,58.13284767272063,0
29,2022,seaweeds,0,4.950798845421858,0,0,2.5941578173359625,0,58.13284767272063,0
29,2023,seaweeds,0,2.451833326582386,0,0,2.5941578173359625,0,58.13284767272063,0
30,2019,seaweeds,0,7.721455306187844,0,0,26.184132156830284,0,0,0
30,2020,seaweeds,0,13.415586823971829,0,0,26.184132156830284,0,0,0
30,2021,seaweeds,0,35.35252514707192,0,0,26.184132156830284,0,0,0
30,2022,seaweeds,0,35.09600963246095,0,0,26.184132156830284,0,0,0
30,2023,seaweeds,0,39.335083874458874,0,0,26.184132156830284,0,0,0
31,2019,seaweeds,0,0.9738114640380738,0,0,2.5941578173359625,0,2098.4870290023987,0
31,2020,seaweeds,0,2.002664005660222,0,0,2.5941578173359625,0,2098.4870290023987,0
31,2021,seaweeds,0,2.591681444977273,0,0,2.5941578173359625,0,2098.4870290023987,0
31,2022,seaweeds,0,4.950798845421858,0,0,2.5941578173359625,0,2098.4870290023987,0
31,2023,seaweeds,0,2.451833326582386,0,0,2.5941578173359625,0,2098.4870290023987,0
32,2019,seaweeds,0,0.9738114640380738,0,0,2.5941578173359625,0,0.1834114440725833,0
32,2020,seaweeds,0,2.002664005660222,0,0,2.5941578173359625,0,0.1834114440725833,0
32,2021,seaweeds,0,2.591681444977273,0,0,2.5941578173359625,0,0.1834114440725833,0
32,2022,seaweeds,0,4.950798845421858,0,0,2.5941578173359625,0,0.1834114440725833,0
32,2023,seaweeds,0,2.451833326582386,0,0,2.5941578173359625,0,0.1834114440725833,0
33,2019,seaweeds,0,7.721455306187844,0,0,26.184132156830284,0,0,0
33,2020,seaweeds,0,13.415586823971829,0,0,26.184132156830284,0,0,0
33,2021,seaweeds,0,35.35252514707192,0,0,26.184132156830284,0,0,0
33,2022,seaweeds,0,35.09600963246095,0,0,26.184132156830284,0,0,0
33,2023,seaweeds,0,39.335083874458874,0,0,26.184132156830284,0,0,0
34,2019,seaweeds,0,7.721455306187844,0,0,26.184132156830284,0,0,0
34,2020,seaweeds,0,13.415586823971829,0,0,26.184132156830284,0,0,0
34,2021,seaweeds,0,35.35252514707192,0,0,26.184132156830284,0,0,0
34,2022,seaweeds,0,35.09600963246095,0,0,26.184132156830284,0,0,0
34,2023,seaweeds,0,39.335083874458874,0,0,26.184132156830284,0,0,0
35,2019,seaweeds,0,7.721455306187844,0,0,26.184132156830284,0,0,0
35,2020,seaweeds,0,13.415586823971829,0,0,26.184132156830284,0,0,0
35,2021,seaweeds,0,35.35252514707192,0,0,26.184132156830284,0,0,0
35,2022,seaweeds,0,35.09600963246095,0,0,26.184132156830284,0,0,0
35,2023,seaweeds,0,39.335083874458874,0,0,26.184132156830284,0,0,0
36,2019,seaweeds,0,7.721455306187844,0,0,26.184132156830284,0,0,0
36,2020,seaweeds,0,13.415586823971829,0,0,26.184132156830284,0,0,0
36,2021,seaweeds,0,35.35252514707192,0,0,26.184132156830284,0,0,0
36,2022,seaweeds,0,35.09600963246095,0,0,26.184132156830284,0,0,0
36,2023,seaweeds,0,39.335083874458874,0,0,26.184132156830284,0,0,0
37,2019,seaweeds,0,2.0989473684210527,0,0,7.8976338157221,0,386.67155967240865,0
37,2020,seaweeds,0,5.870967741935484,0,0,7.8976338157221,0,315.3975113686629,0
37,2021,seaweeds,0,8.36111111111111,0,0,7.8976338157221,0,316.2262793721948,0
37,2022,seaweeds,0,17.299999999999997,0,0,7.8976338157221,0,326.66875621669715,0
37,2023,seaweeds,0,5.857142857142856,0,0,7.8976338157221,0,318.0495689799651,0
38,2019,seaweeds,0,4.8454149226139105,0,0,5.299650463657564,0,0,0
38,2020,seaweeds,0,6.377988050536175,0,0,5.299650463657564,0,0,0
38,2021,seaweeds,0,4.56870426600309,0,0,5.299650463657564,0,0,0
38,2022,seaweeds,0,4.209019804181845,0,0,5.299650463657564,0,0,0
38,2023,seaweeds,0,6.497125274952799,0,0,5.299650463657564,0,0,0
39,2019,seaweeds,0,4.8454149226139105,0,0,5.299650463657564,0,519.7398974709686,0
39,2020,seaweeds,0,6.377988050536175,0,0,5.299650463657564,0,520.1207650343382,0
39,2021,seaweeds,0,4.56870426600309,0,0,5.299650463657564,0,546.2497345728099,0
39,2022,seaweeds,0,4.209019804181845,0,0,5.299650463657564,0,589.3319058806966,0
39,2023,seaweeds,0,6.497125274952799,0,0,5.299650463657564,0,565.1516317722317,0
44,2019,seaweeds,0,0.9738114640380738,0,0,2.5941578173359625,0,42873.21011300437,0
44,2020,seaweeds,0,2.002664005660222,0,0,2.5941578173359625,0,42929.84875427798,0
44,2021,seaweeds,0,2.591681444977273,0,0,2.5941578173359625,0,43087.575848445726,0
44,2022,seaweeds,0,4.950798845421858,0,0,2.5941578173359625,0,42975.14753910816,0
44,2023,seaweeds,0,2.451833326582386,0,0,2.5941578173359625,0,42975.875230430735,0
45,2019,seaweeds,0,0.9738114640380738,0,0,2.5941578173359625,0,8569.939493077753,0
45,2020,seaweeds,0,2.002664005660222,0,0,2.5941578173359625,0,8569.939493077753,0
45,2021,seaweeds,0,2.591681444977273,0,0,2.5941578173359625,0,8569.939493077753,0
45,2022,seaweeds,0,4.950798845421858,0,0,2.5941578173359625,0,8569.939493077753,0
45,2023,seaweeds,0,2.451833326582386,0,0,2.5941578173359625,0,8569.939493077753,0
46,2019,seaweeds,0,0.9738114640380738,0,0,2.5941578173359625,0,10503.03986734723,0
46,2020,seaweeds,0,2.002664005660222,0,0,2.5941578173359625,0,12980.069185076776,0
46,2021,seaweeds,0,2.591681444977273,0,0,2.5941578173359625,0,0,0
46,2022,seaweeds,0,4.950798845421858,0,0,2.5941578173359625,0,0,0
46,2023,seaweeds,0,2.451833326582386,0,0,2.5941578173359625,0,0,0
47,2019,seaweeds,0,9.211885795598922,0,0,11.02553597515899,0,44520.01512189671,0
47,2020,seaweeds,0,13.054814707322212,0,0,11.02553597515899,0,44520.01512189671,0
47,2021,seaweeds,0,10.010092416212007,0,0,11.02553597515899,0,44520.01512189671,0
47,2022,seaweeds,0,11.869973789113288,0,0,11.02553597515899,0,44520.01512189671,0
47,2023,seaweeds,0,10.980913167548522,0,0,11.02553597515899,0,44520.01512189671,0
48,2019,seaweeds,0,9.211885795598922,0,0,11.02553597515899,0,80558.00551669761,0
48,2020,seaweeds,0,13.054814707322212,0,0,11.02553597515899,0,80558.00551669761,0
48,2021,seaweeds,0,10.010092416212007,0,0,11.02553597515899,0,80558.00551669761,0
48,2022,seaweeds,0,11.869973789113288,0,0,11.02553597515899,0,80558.00551669761,0
48,2023,seaweeds,0,10.980913167548522,0,0,11.02553597515899,0,80558.00551669761,0
49,2019,seaweeds,0,7.373491477328102,0,0,6.862283263047397,0,0,0
49,2020,seaweeds,0,8.514579935563333,0,0,6.862283263047397,0,11.295541938732933,0
49,2021,seaweeds,0,6.504992187094564,0,0,6.862283263047397,0,16.244247123203,0
49,2022,seaweeds,0,5.81687459769867,0,0,6.862283263047397,0,124.27961668916268,0
49,2023,seaweeds,0,6.101478117552313,0,0,6.862283263047397,0,43.72595287273136,0
50,2019,seaweeds,0,9.211885795598922,0,0,11.02553597515899,0,167812.95260338066,0
50,2020,seaweeds,0,13.054814707322212,0,0,11.02553597515899,0,167812.95260338066,0
50,2021,seaweeds,0,10.010092416212007,0,0,11.02553597515899,0,167812.95260338066,0
50,2022,seaweeds,0,11.869973789113288,0,0,11.02553597515899,0,167812.95260338066,0
50,2023,seaweeds,0,10.980913167548522,0,0,11.02553597515899,0,167812.95260338066,0
51,2019,seaweeds,0,9.211885795598922,0,0,11.02553597515899,0,0,0
51,2020,seaweeds,0,13.054814707322212,0,0,11.02553597515899,0,0,0
51,2021,seaweeds,0,10.010092416212007,0,0,11.02553597515899,0,0,0
51,2022,seaweeds,0,11.869973789113288,0,0,11.02553597515899,0,0,0
51,2023,seaweeds,0,10.980913167548522,0,0,11.02553597515899,0,0,0
52,2019,seaweeds,0,8.07213578500707,0,0,7.079693643708775,0,29687.794428580848,0
52,2020,seaweeds,0,7.883268482490272,0,0,7.079693643708775,0,28012.139130170268,0
52,2021,seaweeds,0,5.368836291913214,0,0,7.079693643708775,0,28040.066718477112,0
52,2022,seaweeds,0,5.283018867924529,0,0,7.079693643708775,0,28012.139130170268,0
52,2023,seaweeds,0,8.79120879120879,0,0,7.079693643708775,0,28570.69089630713,0
53,2019,seaweeds,0,1.8842530282637957,0,0,4.530554958676316,0,116435.8835582578,0
53,2020,seaweeds,0,6.377988050536175,0,0,4.530554958676316,0,116397.03313230886,0
53,2021,seaweeds,0,1.8806552262090483,0,0,4.530554958676316,0,116397.03313230886,0
53,2022,seaweeds,0,3.4119556397078714,0,0,4.530554958676316,0,116397.03313230886,0
53,2023,seaweeds,0,9.097922848664687,0,0,4.530554958676316,0,116580.44083421418,0
54,2019,seaweeds,0,15.952235772357724,0,0,24.27948930563972,0,10799.12897284003,0
54,2020,seaweeds,0,28.389102916895983,0,0,24.27948930563972,0,10249.081710632328,0
54,2021,seaweeds,0,27.439505287685964,0,0,24.27948930563972,0,9884.856668827108,0
54,2022,seaweeds,0,28.218322981366455,0,0,24.27948930563972,0,10035.60536668538,0
54,2023,seaweeds,0,21.398279569892473,0,0,24.27948930563972,0,9890.927086190528,0
55,2019,seaweeds,0,18.93734595223284,0,0,19.43554855650606,0,1512.4396234122173,0
55,2020,seaweeds,0,15.232121707046842,0,0,19.43554855650606,0,1512.4396234122173,0
55,2021,seaweeds,0,22.258482257657008,0,0,19.43554855650606,0,1512.4396234122173,0
55,2022,seaweeds,0,15.950282976495712,0,0,19.43554855650606,0,1512.4396234122173,0
55,2023,seaweeds,0,24.79950988909789,0,0,19.43554855650606,0,1512.4396234122173,0
56,2019,seaweeds,0,34.87737232790993,0,0,16.802335198676978,0,1346.0997690814077,0
56,2020,seaweeds,0,36.54010494752624,0,0,16.802335198676978,0,1346.0997690814077,0
56,2021,seaweeds,0,0.8175,0,0,16.802335198676978,0,1346.0997690814077,0
56,2022,seaweeds,0,6.885705128205129,0,0,16.802335198676978,0,1346.0997690814077,0
56,2023,seaweeds,0,4.89099358974359,0,0,16.802335198676978,0,1346.0997690814077,0
57,2019,seaweeds,0,18.93734595223284,0,0,19.43554855650606,0,25.210251234465268,0
57,2020,seaweeds,0,15.232121707046842,0,0,19.43554855650606,0,25.210251234465268,0
57,2021,seaweeds,0,22.258482257657008,0,0,19.43554855650606,0,25.210251234465268,0
57,2022,seaweeds,0,15.950282976495712,0,0,19.43554855650606,0,25.210251234465268,0
57,2023,seaweeds,0,24.79950988909789,0,0,19.43554855650606,0,25.210251234465268,0
58,2019,seaweeds,0,18.93734595223284,0,0,19.43554855650606,0,29105.51307218844,0
58,2020,seaweeds,0,15.232121707046842,0,0,19.43554855650606,0,29105.51307218844,0
58,2021,seaweeds,0,22.258482257657008,0,0,19.43554855650606,0,29105.51307218844,0
58,2022,seaweeds,0,15.950282976495712,0,0,19.43554855650606,0,29105.51307218844,0
58,2023,seaweeds,0,24.79950988909789,0,0,19.43554855650606,0,29105.51307218844,0
59,2019,seaweeds,0,10.061073593073594,0,0,9.937979552698186,0,537.628217330403,0
59,2020,seaweeds,0,5.831311164691775,0,0,9.937979552698186,0,658.9527229264861,0
59,2021,seaweeds,0,9.813302470967614,0,0,9.937979552698186,0,568.4501386549744,0
59,2022,seaweeds,0,9.245212894885675,0,0,9.937979552698186,0,569.039092565635,0
59,2023,seaweeds,0,14.738997639872276,0,0,9.937979552698186,0,586.904027855673,0
60,2019,seaweeds,0,18.93734595223284,0,0,19.43554855650606,0,0,0
60,2020,seaweeds,0,15.232121707046842,0,0,19.43554855650606,0,0,0
60,2021,seaweeds,0,22.258482257657008,0,0,19.43554855650606,0,0,0
60,2022,seaweeds,0,15.950282976495712,0,0,19.43554855650606,0,0,0
60,2023,seaweeds,0,24.79950988909789,0,0,19.43554855650606,0,0,0
63,2019,seaweeds,0,7.373491477328102,0,0,6.862283263047397,0,537700.0871904879,0
63,2020,seaweeds,0,8.514579935563333,0,0,6.862283263047397,0,537700.0871904879,0
63,2021,seaweeds,0,6.504992187094564,0,0,6.862283263047397,0,537700.0871904879,0
63,2022,seaweeds,0,5.81687459769867,0,0,6.862283263047397,0,537700.0871904879,0
63,2023,seaweeds,0,6.101478117552313,0,0,6.862283263047397,0,537700.0871904879,0
64,2019,seaweeds,0,34.87737232790993,0,0,16.802335198676978,0,495247.40522303805,0
64,2020,seaweeds,0,36.54010494752624,0,0,16.802335198676978,0,495247.40522303805,0
64,2021,seaweeds,0,0.8175,0,0,16.802335198676978,0,495247.40522303805,0
64,2022,seaweeds,0,6.885705128205129,0,0,16.802335198676978,0,495247.40522303805,0
64,2023,seaweeds,0,4.89099358974359,0,0,16.802335198676978,0,495247.40522303805,0
65,2019,seaweeds,0,34.87737232790993,0,0,16.802335198676978,0,5713.580005988064,0
65,2020,seaweeds,0,36.54010494752624,0,0,16.802335198676978,0,5713.580005988064,0
65,2021,seaweeds,0,0.8175,0,0,16.802335198676978,0,5713.580005988064,0
65,2022,seaweeds,0,6.885705128205129,0,0,16.802335198676978,0,5713.580005988064,0
65,2023,seaweeds,0,4.89099358974359,0,0,16.802335198676978,0,5713.580005988064,0
66,2019,seaweeds,0,2.965317919075144,0,0,13.997020470756175,0,64015.871212568694,0
66,2020,seaweeds,0,36.54010494752624,0,0,13.997020470756175,0,64015.871212568694,0
66,2021,seaweeds,0,0.8175,0,0,13.997020470756175,0,64015.871212568694,0
66,2022,seaweeds,0,18.82051282051282,0,0,13.997020470756175,0,64015.871212568694,0
66,2023,seaweeds,0,10.841666666666669,0,0,13.997020470756175,0,64015.871212568694,0
67,2019,seaweeds,0,7.373491477328102,0,0,6.862283263047397,0,8402.352064342393,0
67,2020,seaweeds,0,8.514579935563333,0,0,6.862283263047397,0,8402.352064342393,0
67,2021,seaweeds,0,6.504992187094564,0,0,6.862283263047397,0,8402.352064342393,0
67,2022,seaweeds,0,5.81687459769867,0,0,6.862283263047397,0,8402.352064342393,0
67,2023,seaweeds,0,6.101478117552313,0,0,6.862283263047397,0,8402.352064342393,0
68,2019,seaweeds,0,16.196434256606178,0,0,18.887366217380727,0,3060.865005069829,0
68,2020,seaweeds,0,15.232121707046842,0,0,18.887366217380727,0,3060.865005069829,0
68,2021,seaweeds,0,22.258482257657008,0,0,18.887366217380727,0,3060.865005069829,0
68,2022,seaweeds,0,15.950282976495712,0,0,18.887366217380727,0,3060.865005069829,0
68,2023,seaweeds,0,24.79950988909789,0,0,18.887366217380727,0,3060.865005069829,0
69,2019,seaweeds,0,5.05172581429266,0,0,3.895233358273686,0,38195.93958831471,0
69,2020,seaweeds,0,5.592745259686727,0,0,3.895233358273686,0,38195.93958831471,0
69,2021,seaweeds,0,4.364423834106221,0,0,3.895233358273686,0,38195.93958831471,0
69,2022,seaweeds,0,2.1847267712463365,0,0,3.895233358273686,0,38195.93958831471,0
69,2023,seaweeds,0,2.282545112036486,0,0,3.895233358273686,0,38195.93958831471,0
70,2019,seaweeds,0,36.641025641025635,0,0,24.098686158686156,0,48804.42538438424,0
70,2020,seaweeds,0,35.96396396396396,0,0,24.098686158686156,0,48804.42538438424,0
70,2021,seaweeds,0,10.953703703703704,0,0,24.098686158686156,0,48804.42538438424,0
70,2022,seaweeds,0,29.373626373626372,0,0,24.098686158686156,0,48804.42538438424,0
70,2023,seaweeds,0,7.56111111111111,0,0,24.098686158686156,0,48804.42538438424,0
71,2019,seaweeds,0,6.695407407407407,0,0,6.393340256050234,0,11174.34065628363,0
71,2020,seaweeds,0,6.0882797731569,0,0,6.393340256050234,0,11600.548332385815,0
71,2021,seaweeds,0,9.58995163051958,0,0,6.393340256050234,0,11472.090099403678,0
71,2022,seaweeds,0,5.088543506417049,0,0,6.393340256050234,0,11138.506435332714,0
71,2023,seaweeds,0,4.504518962750232,0,0,6.393340256050234,0,11138.506435332714,0
72,2019,seaweeds,0,22.97058823529412,0,0,28.700134331963575,0,668.3409117001326,0
72,2020,seaweeds,0,42.04761904761905,0,0,28.700134331963575,0,566.6507950857834,0
72,2021,seaweeds,0,42.16901408450705,0,0,28.700134331963575,0,532.3622061390064,0
72,2022,seaweeds,0,21.555555555555554,0,0,28.700134331963575,0,532.3622061390064,0
72,2023,seaweeds,0,14.757894736842106,0,0,28.700134331963575,0,532.6091408343353,0
74,2019,seaweeds,0,2.8,0,0,6.475962941464442,0,209245.42863937115,0
74,2020,seaweeds,0,13.054814707322212,0,0,6.475962941464442,0,209245.42863937115,0
74,2021,seaweeds,0,5.625,0,0,6.475962941464442,0,209245.42863937115,0
74,2022,seaweeds,0,5.45,0,0,6.475962941464442,0,209245.42863937115,0
74,2023,seaweeds,0,5.45,0,0,6.475962941464442,0,209245.42863937115,0
75,2019,seaweeds,0,4.892257579553997,0,0,6.049019189591216,0,36194.165115245436,0
75,2020,seaweeds,0,5.281279178338002,0,0,6.049019189591216,0,36194.165115245436,0
75,2021,seaweeds,0,8.643343815513628,0,0,6.049019189591216,0,36194.165115245436,0
75,2022,seaweeds,0,5.437258687258687,0,0,6.049019189591216,0,36194.165115245436,0
75,2023,seaweeds,0,5.9909566872917654,0,0,6.049019189591216,0,36194.165115245436,0
76,2019,seaweeds,0,3.360515021459228,0,0,3.178812932504161,0,425797.3611398394,0
76,2020,seaweeds,0,3.8028503562945377,0,0,3.178812932504161,0,425988.0404010397,0
76,2021,seaweeds,0,2.003921568627451,0,0,3.178812932504161,0,426205.5628592051,0
76,2022,seaweeds,0,2.655761024182077,0,0,3.178812932504161,0,426224.0754088362,0
76,2023,seaweeds,0,4.071016691957512,0,0,3.178812932504161,0,425990.8172834844,0
77,2019,seaweeds,0,9.211885795598922,0,0,4.776079176898271,0,3663.7193991147615,0
77,2020,seaweeds,0,1.0476190476190477,0,0,4.776079176898271,0,3643.227110381053,0
77,2021,seaweeds,0,10.010092416212007,0,0,4.776079176898271,0,3679.1850121931375,0
77,2022,seaweeds,0,1.5552430695058257,0,0,4.776079176898271,0,3643.227110381053,0
77,2023,seaweeds,0,2.055555555555556,0,0,4.776079176898271,0,3643.227110381053,0
78,2019,seaweeds,0,32.82,0,0,16.75733958716925,0,18237.86873294286,0
78,2020,seaweeds,0,24.41895261845387,0,0,16.75733958716925,0,18946.104186996734,0
78,2021,seaweeds,0,13.75287797390637,0,0,16.75733958716925,0,18668.189008823694,0
78,2022,seaweeds,0,8.83750618060862,0,0,16.75733958716925,0,18237.86873294286,0
78,2023,seaweeds,0,3.957361162877376,0,0,16.75733958716925,0,18359.023363777575,0
79,2019,seaweeds,0,1.146439375330186,0,0,3.950305405822182,0,26455.558128640623,0
79,2020,seaweeds,0,2.1752428628351117,0,0,3.950305405822182,0,26436.41240078086,0
79,2021,seaweeds,0,6.380505791351048,0,0,3.950305405822182,0,30351.495712871376,0
79,2022,seaweeds,0,5.442696810008448,0,0,3.950305405822182,0,26436.41240078086,0
79,2023,seaweeds,0,4.606642189586115,0,0,3.950305405822182,0,26436.41240078086,0
80,2019,seaweeds,0,18.683148335015137,0,0,18.74789301121913,0,268437.4549851565,0
80,2020,seaweeds,0,17.998136067101584,0,0,18.74789301121913,0,268437.4549851565,0
80,2021,seaweeds,0,9.595073465859985,0,0,18.74789301121913,0,268437.4549851565,0
80,2022,seaweeds,0,22.456531845653185,0,0,18.74789301121913,0,268437.4549851565,0
80,2023,seaweeds,0,25.006575342465755,0,0,18.74789301121913,0,268437.4549851565,0
81,2019,seaweeds,0,0.3318746150382417,0,0,21.808623291307523,0,7524.880100364423,0
81,2020,seaweeds,0,23.666666666666668,0,0,21.808623291307523,0,7524.880100364423,0
81,2021,seaweeds,0,10.010092416212007,0,0,21.808623291307523,0,7524.880100364423,0
81,2022,seaweeds,0,37.51724137931035,0,0,21.808623291307523,0,7524.880100364423,0
81,2023,seaweeds,0,37.51724137931035,0,0,21.808623291307523,0,7524.880100364423,0
82,2019,seaweeds,0,37.166666666666664,0,0,29.873389928632474,0,2446.728725182957,0
82,2020,seaweeds,0,4.999999999999999,0,0,29.873389928632474,0,2446.728725182957,0
82,2021,seaweeds,0,37.99999999999999,0,0,29.873389928632474,0,2446.728725182957,0
82,2022,seaweeds,0,15.950282976495712,0,0,29.873389928632474,0,2446.728725182957,0
82,2023,seaweeds,0,53.24999999999999,0,0,29.873389928632474,0,2446.728725182957,0
84,2019,seaweeds,0,7.373491477328102,0,0,6.862283263047397,0,77631.6728118247,0
84,2020,seaweeds,0,8.514579935563333,0,0,6.862283263047397,0,77631.6728118247,0
84,2021,seaweeds,0,6.504992187094564,0,0,6.862283263047397,0,77631.6728118247,0
84,2022,seaweeds,0,5.81687459769867,0,0,6.862283263047397,0,77631.6728118247,0
84,2023,seaweeds,0,6.101478117552313,0,0,6.862283263047397,0,77631.6728118247,0
85,2019,seaweeds,0,7.721455306187844,0,0,26.184132156830284,0,0.024938776006714236,0
85,2020,seaweeds,0,13.415586823971829,0,0,26.184132156830284,0,0.024938776006714236,0
85,2021,seaweeds,0,35.35252514707192,0,0,26.184132156830284,0,0.024938776006714236,0
85,2022,seaweeds,0,35.09600963246095,0,0,26.184132156830284,0,0.024938776006714236,0
85,2023,seaweeds,0,39.335083874458874,0,0,26.184132156830284,0,0.024938776006714236,0
86,2019,seaweeds,0,10.029240233939625,0,0,7.884370274143826,0,0,0
86,2020,seaweeds,0,8.08059822539885,0,0,7.884370274143826,0,0,0
86,2021,seaweeds,0,6.877501948843852,0,0,7.884370274143826,0,0,0
86,2022,seaweeds,0,8.511875344318732,0,0,7.884370274143826,0,0,0
86,2023,seaweeds,0,5.9226356182180755,0,0,7.884370274143826,0,0,0
88,2019,seaweeds,0,7.721455306187844,0,0,26.184132156830284,0,0,0
88,2020,seaweeds,0,13.415586823971829,0,0,26.184132156830284,0,0,0
88,2021,seaweeds,0,35.35252514707192,0,0,26.184132156830284,0,0,0
88,2022,seaweeds,0,35.09600963246095,0,0,26.184132156830284,0,0,0
88,2023,seaweeds,0,39.335083874458874,0,0,26.184132156830284,0,0,0
89,2019,seaweeds,0,12.69438158351965,0,0,11.595925266781856,0,0.166964605746589,0
89,2020,seaweeds,0,13.195661535326474,0,0,11.595925266781856,0,0.166964605746589,0
89,2021,seaweeds,0,12.608422069047505,0,0,11.595925266781856,0,0.166964605746589,0
89,2022,seaweeds,0,9.005880754555477,0,0,11.595925266781856,0,0.166964605746589,0
89,2023,seaweeds,0,10.475280391460174,0,0,11.595925266781856,0,0.166964605746589,0
90,2019,seaweeds,0,1.936496771098465,0,0,2.41955130757269,0,0,0
90,2020,seaweeds,0,1.4562646654687663,0,0,2.41955130757269,0,0,0
90,2021,seaweeds,0,4.912191515127319,0,0,2.41955130757269,0,0,0
90,2022,seaweeds,0,2.2348769343120476,0,0,2.41955130757269,0,0,0
90,2023,seaweeds,0,1.5579266518568533,0,0,2.41955130757269,0,0,0
91,2019,seaweeds,0,7.721455306187844,0,0,26.184132156830284,0,0,0
91,2020,seaweeds,0,13.415586823971829,0,0,26.184132156830284,0,0,0
91,2021,seaweeds,0,35.35252514707192,0,0,26.184132156830284,0,0,0
91,2022,seaweeds,0,35.09600963246095,0,0,26.184132156830284,0,0,0
91,2023,seaweeds,0,39.335083874458874,0,0,26.184132156830284,0,0,0
92,2019,seaweeds,0,7.721455306187844,0,0,26.184132156830284,0,0,0
92,2020,seaweeds,0,13.415586823971829,0,0,26.184132156830284,0,0,0
92,2021,seaweeds,0,35.35252514707192,0,0,26.184132156830284,0,0,0
92,2022,seaweeds,0,35.09600963246095,0,0,26.184132156830284,0,0,0
92,2023,seaweeds,0,39.335083874458874,0,0,26.184132156830284,0,0,0
93,2019,seaweeds,0,7.721455306187844,0,0,26.184132156830284,0,0,0
93,2020,seaweeds,0,13.415586823971829,0,0,26.184132156830284,0,0,0
93,2021,seaweeds,0,35.35252514707192,0,0,26.184132156830284,0,0,0
93,2022,seaweeds,0,35.09600963246095,0,0,26.184132156830284,0,0,0
93,2023,seaweeds,0,39.335083874458874,0,0,26.184132156830284,0,0,0
94,2019,seaweeds,0,12.69438158351965,0,0,11.595925266781856,0,167.15420239291282,0
94,2020,seaweeds,0,13.195661535326474,0,0,11.595925266781856,0,167.15420239291282,0
94,2021,seaweeds,0,12.608422069047505,0,0,11.595925266781856,0,167.15420239291282,0
94,2022,seaweeds,0,9.005880754555477,0,0,11.595925266781856,0,167.15420239291282,0
94,2023,seaweeds,0,10.475280391460174,0,0,11.595925266781856,0,167.15420239291282,0
95,2019,seaweeds,0,10.029240233939625,0,0,7.884370274143826,0,1740.3997671541067,0
95,2020,seaweeds,0,8.08059822539885,0,0,7.884370274143826,0,1740.3997671541067,0
95,2021,seaweeds,0,6.877501948843852,0,0,7.884370274143826,0,1740.3997671541067,0
95,2022,seaweeds,0,8.511875344318732,0,0,7.884370274143826,0,1740.3997671541067,0
95,2023,seaweeds,0,5.9226356182180755,0,0,7.884370274143826,0,1740.3997671541067,0
96,2019,seaweeds,0,34.87737232790993,0,0,16.802335198676978,0,82547.11273607222,0
96,2020,seaweeds,0,36.54010494752624,0,0,16.802335198676978,0,82547.11273607222,0
96,2021,seaweeds,0,0.8175,0,0,16.802335198676978,0,82547.11273607222,0
96,2022,seaweeds,0,6.885705128205129,0,0,16.802335198676978,0,82547.11273607222,0
96,2023,seaweeds,0,4.89099358974359,0,0,16.802335198676978,0,82547.11273607222,0
97,2019,seaweeds,0,0.0775047258979206,0,0,0.08967335897268756,0,12518.140101430383,0
97,2020,seaweeds,0,0.27586206896551724,0,0,0.08967335897268756,0,12518.140101430383,0
97,2021,seaweeds,0,0.03499999999999999,0,0,0.08967335897268756,0,12518.140101430383,0
97,2022,seaweeds,0,0.03,0,0,0.08967335897268756,0,12518.140101430383,0
97,2023,seaweeds,0,0.03,0,0,0.08967335897268756,0,12518.140101430383,0
98,2019,seaweeds,0,34.87737232790993,0,0,16.802335198676978,0,6854.671675666588,0
98,2020,seaweeds,0,36.54010494752624,0,0,16.802335198676978,0,6854.671675666588,0
98,2021,seaweeds,0,0.8175,0,0,16.802335198676978,0,6854.671675666588,0
98,2022,seaweeds,0,6.885705128205129,0,0,16.802335198676978,0,6854.671675666588,0
98,2023,seaweeds,0,4.89099358974359,0,0,16.802335198676978,0,6854.671675666588,0
99,2019,seaweeds,0,34.87737232790993,0,0,16.802335198676978,0,3192.209850147443,0
99,2020,seaweeds,0,36.54010494752624,0,0,16.802335198676978,0,3192.209850147443,0
99,2021,seaweeds,0,0.8175,0,0,16.802335198676978,0,3192.209850147443,0
99,2022,seaweeds,0,6.885705128205129,0,0,16.802335198676978,0,3192.209850147443,0
99,2023,seaweeds,0,4.89099358974359,0,0,16.802335198676978,0,3192.209850147443,0
100,2019,seaweeds,0,12.69438158351965,0,0,11.595925266781856,0,3194.8546502479185,0
100,2020,seaweeds,0,13.195661535326474,0,0,11.595925266781856,0,3194.8546502479185,0
100,2021,seaweeds,0,12.608422069047505,0,0,11.595925266781856,0,3194.8546502479185,0
100,2022,seaweeds,0,9.005880754555477,0,0,11.595925266781856,0,3194.8546502479185,0
100,2023,seaweeds,0,10.475280391460174,0,0,11.595925266781856,0,3194.8546502479185,0
103,2019,seaweeds,0,12.69438158351965,0,0,11.595925266781856,0,84.13774409790089,0
103,2020,seaweeds,0,13.195661535326474,0,0,11.595925266781856,0,84.13774409790089,0
103,2021,seaweeds,0,12.608422069047505,0,0,11.595925266781856,0,84.13774409790089,0
103,2022,seaweeds,0,9.005880754555477,0,0,11.595925266781856,0,84.13774409790089,0
103,2023,seaweeds,0,10.475280391460174,0,0,11.595925266781856,0,84.13774409790089,0
104,2019,seaweeds,0,12.69438158351965,0,0,11.595925266781856,0,334.36140881305465,0
104,2020,seaweeds,0,13.195661535326474,0,0,11.595925266781856,0,334.36140881305465,0
104,2021,seaweeds,0,12.608422069047505,0,0,11.595925266781856,0,334.36140881305465,0
104,2022,seaweeds,0,9.005880754555477,0,0,11.595925266781856,0,334.36140881305465,0
104,2023,seaweeds,0,10.475280391460174,0,0,11.595925266781856,0,334.36140881305465,0
105,2019,seaweeds,0,12.69438158351965,0,0,11.595925266781856,0,0,0
105,2020,seaweeds,0,13.195661535326474,0,0,11.595925266781856,0,0,0
105,2021,seaweeds,0,12.608422069047505,0,0,11.595925266781856,0,0,0
105,2022,seaweeds,0,9.005880754555477,0,0,11.595925266781856,0,0,0
105,2023,seaweeds,0,10.475280391460174,0,0,11.595925266781856,0,0,0
106,2019,seaweeds,0,133.66666666666666,0,0,42.2911259754738,0,148763.8255082327,0
106,2020,seaweeds,0,72.80434782608695,0,0,42.2911259754738,0,148616.4883735776,0
106,2021,seaweeds,0,1.6,0,0,42.2911259754738,0,148616.81998666076,0
106,2022,seaweeds,0,1.6923076923076923,0,0,42.2911259754738,0,148652.6486176049,0
106,2023,seaweeds,0,1.6923076923076923,0,0,42.2911259754738,0,148614.0949921946,0
107,2019,seaweeds,0,7.721455306187844,0,0,26.184132156830284,0,0,0
107,2020,seaweeds,0,13.415586823971829,0,0,26.184132156830284,0,0,0
107,2021,seaweeds,0,35.35252514707192,0,0,26.184132156830284,0,0,0
107,2022,seaweeds,0,35.09600963246095,0,0,26.184132156830284,0,0,0
107,2023,seaweeds,0,39.335083874458874,0,0,26.184132156830284,0,0,0
108,2019,seaweeds,0,7.690095617169096,0,0,10.233744610029396,0,38.72776797425517,0
108,2020,seaweeds,0,8.306753325581568,0,0,10.233744610029396,0,38.72776797425517,0
108,2021,seaweeds,0,12.584028343854218,0,0,10.233744610029396,0,38.72776797425517,0
108,2022,seaweeds,0,10.371848997569243,0,0,10.233744610029396,0,38.72776797425517,0
108,2023,seaweeds,0,12.215996765972854,0,0,10.233744610029396,0,38.72776797425517,0
110,2019,seaweeds,0,14.14579256360078,0,0,11.055732940201072,0,13.645782845082694,0
110,2020,seaweeds,0,5.21875,0,0,11.055732940201072,0,13.645782845082694,0
110,2021,seaweeds,0,15.91412213740458,0,0,11.055732940201072,0,13.645782845082694,0
110,2022,seaweeds,0,10,0,0,11.055732940201072,0,13.645782845082694,0
110,2023,seaweeds,0,10,0,0,11.055732940201072,0,13.645782845082694,0
111,2019,seaweeds,0,7.690095617169096,0,0,10.233744610029396,0,128.58329060480142,0
111,2020,seaweeds,0,8.306753325581568,0,0,10.233744610029396,0,128.58329060480142,0
111,2021,seaweeds,0,12.584028343854218,0,0,10.233744610029396,0,128.58329060480142,0
111,2022,seaweeds,0,10.371848997569243,0,0,10.233744610029396,0,128.58329060480142,0
111,2023,seaweeds,0,12.215996765972854,0,0,10.233744610029396,0,128.58329060480142,0
112,2019,seaweeds,0,7.690095617169096,0,0,10.233744610029396,0,3547.959817062114,0
112,2020,seaweeds,0,8.306753325581568,0,0,10.233744610029396,0,3630.5877607182706,0
112,2021,seaweeds,0,12.584028343854218,0,0,10.233744610029396,0,3568.0376351467876,0
112,2022,seaweeds,0,10.371848997569243,0,0,10.233744610029396,0,3566.4931876018127,0
112,2023,seaweeds,0,12.215996765972854,0,0,10.233744610029396,0,3560.315397421913,0
113,2019,seaweeds,0,7.690095617169096,0,0,10.233744610029396,0,0,0
113,2020,seaweeds,0,8.306753325581568,0,0,10.233744610029396,0,0,0
113,2021,seaweeds,0,12.584028343854218,0,0,10.233744610029396,0,0,0
113,2022,seaweeds,0,10.371848997569243,0,0,10.233744610029396,0,0,0
113,2023,seaweeds,0,12.215996765972854,0,0,10.233744610029396,0,0,0
114,2019,seaweeds,0,7.690095617169096,0,0,10.233744610029396,0,7606.438634707545,0
114,2020,seaweeds,0,8.306753325581568,0,0,10.233744610029396,0,7592.921335573346,0
114,2021,seaweeds,0,12.584028343854218,0,0,10.233744610029396,0,7417.196446828757,0
114,2022,seaweeds,0,10.371848997569243,0,0,10.233744610029396,0,7579.404036439147,0
114,2023,seaweeds,0,12.215996765972854,0,0,10.233744610029396,0,7376.64454942616,0
115,2019,seaweeds,0,12.4468085106383,0,0,5.184973423739382,0,3529.722314762328,0
115,2020,seaweeds,0,4.761904761904762,0,0,5.184973423739382,0,3535.67304497894,0
115,2021,seaweeds,0,4.801282051282051,0,0,5.184973423739382,0,3532.2726277123047,0
115,2022,seaweeds,0,1.544871794871795,0,0,5.184973423739382,0,3527.1720018123515,0
115,2023,seaweeds,0,2.37,0,0,5.184973423739382,0,3527.1720018123515,0
116,2019,seaweeds,0,7.721455306187844,0,0,26.184132156830284,0,121.60071329118128,0
116,2020,seaweeds,0,13.415586823971829,0,0,26.184132156830284,0,121.60071329118128,0
116,2021,seaweeds,0,35.35252514707192,0,0,26.184132156830284,0,121.60071329118128,0
116,2022,seaweeds,0,35.09600963246095,0,0,26.184132156830284,0,121.60071329118128,0
116,2023,seaweeds,0,39.335083874458874,0,0,26.184132156830284,0,121.60071329118128,0
117,2019,seaweeds,0,7.690095617169096,0,0,10.233744610029396,0,851.9608486080945,0
117,2020,seaweeds,0,8.306753325581568,0,0,10.233744610029396,0,851.9608486080945,0
117,2021,seaweeds,0,12.584028343854218,0,0,10.233744610029396,0,851.9608486080945,0
117,2022,seaweeds,0,10.371848997569243,0,0,10.233744610029396,0,851.9608486080945,0
117,2023,seaweeds,0,12.215996765972854,0,0,10.233744610029396,0,851.9608486080945,0
118,2019,seaweeds,0,7.690095617169096,0,0,10.233744610029396,0,154.64247545639563,0
118,2020,seaweeds,0,8.306753325581568,0,0,10.233744610029396,0,154.64247545639563,0
118,2021,seaweeds,0,12.584028343854218,0,0,10.233744610029396,0,154.64247545639563,0
118,2022,seaweeds,0,10.371848997569243,0,0,10.233744610029396,0,154.64247545639563,0
118,2023,seaweeds,0,12.215996765972854,0,0,10.233744610029396,0,154.64247545639563,0
121,2019,seaweeds,0,7.690095617169096,0,0,10.233744610029396,0,5.344466364497361,0
121,2020,seaweeds,0,8.306753325581568,0,0,10.233744610029396,0,5.344466364497361,0
121,2021,seaweeds,0,12.584028343854218,0,0,10.233744610029396,0,5.344466364497361,0
121,2022,seaweeds,0,10.371848997569243,0,0,10.233744610029396,0,5.344466364497361,0
121,2023,seaweeds,0,12.215996765972854,0,0,10.233744610029396,0,5.344466364497361,0
123,2019,seaweeds,0,7.690095617169096,0,0,10.233744610029396,0,251.5269707523504,0
123,2020,seaweeds,0,8.306753325581568,0,0,10.233744610029396,0,251.5269707523504,0
123,2021,seaweeds,0,12.584028343854218,0,0,10.233744610029396,0,251.5269707523504,0
123,2022,seaweeds,0,10.371848997569243,0,0,10.233744610029396,0,251.5269707523504,0
123,2023,seaweeds,0,12.215996765972854,0,0,10.233744610029396,0,251.5269707523504,0
124,2019,seaweeds,0,1,0,0,8.895725486595577,0,0,0
124,2020,seaweeds,0,8.306753325581568,0,0,8.895725486595577,0,0,0
124,2021,seaweeds,0,12.584028343854218,0,0,8.895725486595577,0,0,0
124,2022,seaweeds,0,10.371848997569243,0,0,8.895725486595577,0,0,0
124,2023,seaweeds,0,12.215996765972854,0,0,8.895725486595577,0,0,0
126,2019,seaweeds,0,2.4713362518240567,0,0,3.1743751776351683,0,355.3499176097242,0
126,2020,seaweeds,0,2.253552257657089,0,0,3.1743751776351683,0,356.48465036834483,0
126,2021,seaweeds,0,2.6538461538461537,0,0,3.1743751776351683,0,356.2379693338621,0
126,2022,seaweeds,0,4.200348432055749,0,0,3.1743751776351683,0,355.7939434717931,0
126,2023,seaweeds,0,4.292792792792792,0,0,3.1743751776351683,0,355.15257278213795,0
129,2019,seaweeds,0,38.25392067700763,0,0,8.6108380991202509,0,162650.03854266662,0
129,2020,seaweeds,0,1.2,0,0,8.6108380991202509,0,162650.03854266662,0
129,2021,seaweeds,0,1.2,0,0,8.6108380991202509,0,162650.03854266662,0
129,2022,seaweeds,0,1.1997600479904018,0,0,8.6108380991202509,0,162650.03854266662,0
129,2023,seaweeds,0,1.2005097706032286,0,0,8.6108380991202509,0,162650.03854266662,0
130,2019,seaweeds,0,0.76,0,0,12.620079864786879,0,218.0731950139593,0
130,2020,seaweeds,0,45.72751616831504,0,0,12.620079864786879,0,141.36903459957318,0
130,2021,seaweeds,0,5,0,0,12.620079864786879,0,220.4941885297328,0
130,2022,seaweeds,0,3.4276979704341715,0,0,12.620079864786879,0,162.44939277350377,0
130,2023,seaweeds,0,8.185185185185185,0,0,12.620079864786879,0,88.28432311956308,0
131,2019,seaweeds,0,38.25392067700763,0,0,29.64220968513602,0,1844.1610071054542,0
131,2020,seaweeds,0,45.72751616831504,0,0,29.64220968513602,0,23.05471854169866,0
131,2021,seaweeds,0,39.964238350899755,0,0,29.64220968513602,0,21.719781787328,0
131,2022,seaweeds,0,3.4276979704341715,0,0,29.64220968513602,0,28.827418020058264,0
131,2023,seaweeds,0,20.8376752590235,0,0,29.64220968513602,0,50.98015226826324,0
132,2019,seaweeds,0,24.58250048736692,0,0,15.616801166002457,0,15205.402981658644,0
132,2020,seaweeds,0,23.304788231953484,0,0,15.616801166002457,0,9933.935311633466,0
132,2021,seaweeds,0,15.767502794089427,0,0,15.616801166002457,0,9593.85507690766,0
132,2022,seaweeds,0,7.16882816497299,0,0,15.616801166002457,0,9587.582187202572,0
132,2023,seaweeds,0,7.26038615162946,0,0,15.616801166002457,0,9587.582187202572,0
133,2019,seaweeds,0,173.679012345679,0,0,133.31723949912006,0,131.22381644371922,0
133,2020,seaweeds,0,201.8,0,0,133.31723949912006,0,131.22381644371922,0
133,2021,seaweeds,0,201.5,0,0,133.31723949912006,0,131.22381644371922,0
133,2022,seaweeds,0,3.4276979704341715,0,0,133.31723949912006,0,131.22381644371922,0
133,2023,seaweeds,0,86.17948717948717,0,0,133.31723949912006,0,131.22381644371922,0
134,2019,seaweeds,0,38.25392067700763,0,0,29.64220968513602,0,224.6618030717552,0
134,2020,seaweeds,0,45.72751616831504,0,0,29.64220968513602,0,224.6618030717552,0
134,2021,seaweeds,0,39.964238350899755,0,0,29.64220968513602,0,224.6618030717552,0
134,2022,seaweeds,0,3.4276979704341715,0,0,29.64220968513602,0,224.6618030717552,0
134,2023,seaweeds,0,20.8376752590235,0,0,29.64220968513602,0,224.6618030717552,0
135,2019,seaweeds,0,4.324835181115583,0,0,6.222605314343,0,471870.77911629813,0
135,2020,seaweeds,0,4.9232951272894825,0,0,6.222605314343,0,473125.7576973694,0
135,2021,seaweeds,0,6.492760084168481,0,0,6.222605314343,0,473007.2922900991,0
135,2022,seaweeds,0,6.453704233682483,0,0,6.222605314343,0,481701.619119742,0
135,2023,seaweeds,0,8.918431945458973,0,0,6.222605314343,0,471048.0166226159,0
136,2019,seaweeds,0,1.5057558582435564,0,0,4.004098596501934,0,1898.107168920342,0
136,2020,seaweeds,0,7,0,0,4.004098596501934,0,1898.107168920342,0
136,2021,seaweeds,0,6.592670021230049,0,0,4.004098596501934,0,1898.107168920342,0
136,2022,seaweeds,0,2.6296296296296293,0,0,4.004098596501934,0,1898.107168920342,0
136,2023,seaweeds,0,2.292437473406436,0,0,4.004098596501934,0,1898.107168920342,0
140,2019,seaweeds,0,7.721455306187844,0,0,26.184132156830284,0,300.0707141184658,0
140,2020,seaweeds,0,13.415586823971829,0,0,26.184132156830284,0,300.0707141184658,0
140,2021,seaweeds,0,35.35252514707192,0,0,26.184132156830284,0,300.0707141184658,0
140,2022,seaweeds,0,35.09600963246095,0,0,26.184132156830284,0,300.0707141184658,0
140,2023,seaweeds,0,39.335083874458874,0,0,26.184132156830284,0,300.0707141184658,0
143,2019,seaweeds,0,0.9799447666097724,0,0,1.578874038810929,0,6666.014107471064,0
143,2020,seaweeds,0,1.342157652161456,0,0,1.578874038810929,0,6666.014107471064,0
143,2021,seaweeds,0,1.8310982049728963,0,0,1.578874038810929,0,6666.014107471064,0
143,2022,seaweeds,0,1.8026340959522535,0,0,1.578874038810929,0,6666.014107471064,0
143,2023,seaweeds,0,1.9385354743582663,0,0,1.578874038810929,0,6666.014107471064,0
144,2019,seaweeds,0,10.029240233939625,0,0,7.884370274143826,0,0.6819430253753643,0
144,2020,seaweeds,0,8.08059822539885,0,0,7.884370274143826,0,0.6819430253753643,0
144,2021,seaweeds,0,6.877501948843852,0,0,7.884370274143826,0,0.6819430253753643,0
144,2022,seaweeds,0,8.511875344318732,0,0,7.884370274143826,0,0.6819430253753643,0
144,2023,seaweeds,0,5.9226356182180755,0,0,7.884370274143826,0,0.6819430253753643,0
145,2019,seaweeds,0,8.25,0,0,4.6027871177412685,0,812.8942457267588,0
145,2020,seaweeds,0,1.9710144927536235,0,0,4.6027871177412685,0,812.8942457267588,0
145,2021,seaweeds,0,2.392156862745098,0,0,4.6027871177412685,0,812.8942457267588,0
145,2022,seaweeds,0,8.511875344318732,0,0,4.6027871177412685,0,812.8942457267588,0
145,2023,seaweeds,0,1.888888888888889,0,0,4.6027871177412685,0,812.8942457267588,0
146,2019,seaweeds,0,1.7407281388227287,0,0,6.885854814259337,0,0,0
146,2020,seaweeds,0,1.5032215893173964,0,0,6.885854814259337,0,0,0
146,2021,seaweeds,0,24.82506136044881,0,0,6.885854814259337,0,0,0
146,2022,seaweeds,0,3.359086819613135,0,0,6.885854814259337,0,0,0
146,2023,seaweeds,0,3.001176163094616,0,0,6.885854814259337,0,0,0
147,2019,seaweeds,0,2,0,0,12.34064431786348,0,4610.898976325824,0
147,2020,seaweeds,0,1.5032215893173964,0,0,12.34064431786348,0,4446.463483585996,0
147,2021,seaweeds,0,48.2,0,0,12.34064431786348,0,4343.117483138202,0
147,2022,seaweeds,0,5,0,0,12.34064431786348,0,4599.599185844061,0
147,2023,seaweeds,0,5,0,0,12.34064431786348,0,4599.599185844061,0
148,2019,seaweeds,0,12.69438158351965,0,0,11.595925266781856,0,109.21514557253978,0
148,2020,seaweeds,0,13.195661535326474,0,0,11.595925266781856,0,109.21514557253978,0
148,2021,seaweeds,0,12.608422069047505,0,0,11.595925266781856,0,109.21514557253978,0
148,2022,seaweeds,0,9.005880754555477,0,0,11.595925266781856,0,109.21514557253978,0
148,2023,seaweeds,0,10.475280391460174,0,0,11.595925266781856,0,109.21514557253978,0
149,2019,seaweeds,0,7.721455306187844,0,0,26.184132156830284,0,0,0
149,2020,seaweeds,0,13.415586823971829,0,0,26.184132156830284,0,0,0
149,2021,seaweeds,0,35.35252514707192,0,0,26.184132156830284,0,0,0
149,2022,seaweeds,0,35.09600963246095,0,0,26.184132156830284,0,0,0
149,2023,seaweeds,0,39.335083874458874,0,0,26.184132156830284,0,0,0
150,2019,seaweeds,0,7.721455306187844,0,0,26.184132156830284,0,0,0
150,2020,seaweeds,0,13.415586823971829,0,0,26.184132156830284,0,0,0
150,2021,seaweeds,0,35.35252514707192,0,0,26.184132156830284,0,0,0
150,2022,seaweeds,0,35.09600963246095,0,0,26.184132156830284,0,0,0
150,2023,seaweeds,0,39.335083874458874,0,0,26.184132156830284,0,0,0
151,2019,seaweeds,0,1.7407281388227287,0,0,6.885854814259337,0,113.13235890575278,0
151,2020,seaweeds,0,1.5032215893173964,0,0,6.885854814259337,0,113.13235890575278,0
151,2021,seaweeds,0,24.82506136044881,0,0,6.885854814259337,0,113.13235890575278,0
151,2022,seaweeds,0,3.359086819613135,0,0,6.885854814259337,0,113.13235890575278,0
151,2023,seaweeds,0,3.001176163094616,0,0,6.885854814259337,0,113.13235890575278,0
153,2019,seaweeds,0,1.7407281388227287,0,0,6.885854814259337,0,74.35707373061831,0
153,2020,seaweeds,0,1.5032215893173964,0,0,6.885854814259337,0,72.18632726864075,0
153,2021,seaweeds,0,24.82506136044881,0,0,6.885854814259337,0,72.18632726864075,0
153,2022,seaweeds,0,3.359086819613135,0,0,6.885854814259337,0,72.18632726864075,0
153,2023,seaweeds,0,3.001176163094616,0,0,6.885854814259337,0,72.18632726864075,0
154,2019,seaweeds,0,1.7407281388227287,0,0,6.885854814259337,0,11.783184357319199,0
154,2020,seaweeds,0,1.5032215893173964,0,0,6.885854814259337,0,11.783184357319199,0
154,2021,seaweeds,0,24.82506136044881,0,0,6.885854814259337,0,11.783184357319199,0
154,2022,seaweeds,0,3.359086819613135,0,0,6.885854814259337,0,11.783184357319199,0
154,2023,seaweeds,0,3.001176163094616,0,0,6.885854814259337,0,11.783184357319199,0
156,2019,seaweeds,0,1.7407281388227287,0,0,6.885854814259337,0,34.66389712752139,0
156,2020,seaweeds,0,1.5032215893173964,0,0,6.885854814259337,0,34.66389712752139,0
156,2021,seaweeds,0,24.82506136044881,0,0,6.885854814259337,0,34.66389712752139,0
156,2022,seaweeds,0,3.359086819613135,0,0,6.885854814259337,0,34.66389712752139,0
156,2023,seaweeds,0,3.001176163094616,0,0,6.885854814259337,0,34.66389712752139,0
157,2019,seaweeds,0,12.69438158351965,0,0,11.595925266781856,0,1.384056624933982,0
157,2020,seaweeds,0,13.195661535326474,0,0,11.595925266781856,0,1.384056624933982,0
157,2021,seaweeds,0,12.608422069047505,0,0,11.595925266781856,0,1.384056624933982,0
157,2022,seaweeds,0,9.005880754555477,0,0,11.595925266781856,0,1.384056624933982,0
157,2023,seaweeds,0,10.475280391460174,0,0,11.595925266781856,0,1.384056624933982,0
158,2019,seaweeds,0,7.721455306187844,0,0,26.184132156830284,0,0,0
158,2020,seaweeds,0,13.415586823971829,0,0,26.184132156830284,0,0,0
158,2021,seaweeds,0,35.35252514707192,0,0,26.184132156830284,0,0,0
158,2022,seaweeds,0,35.09600963246095,0,0,26.184132156830284,0,0,0
158,2023,seaweeds,0,39.335083874458874,0,0,26.184132156830284,0,0,0
159,2019,seaweeds,0,7.721455306187844,0,0,26.184132156830284,0,0,0
159,2020,seaweeds,0,13.415586823971829,0,0,26.184132156830284,0,0,0
159,2021,seaweeds,0,35.35252514707192,0,0,26.184132156830284,0,0,0
159,2022,seaweeds,0,35.09600963246095,0,0,26.184132156830284,0,0,0
159,2023,seaweeds,0,39.335083874458874,0,0,26.184132156830284,0,0,0
161,2019,seaweeds,0,1.7407281388227287,0,0,6.885854814259337,0,43.00977615183878,0
161,2020,seaweeds,0,1.5032215893173964,0,0,6.885854814259337,0,43.00977615183878,0
161,2021,seaweeds,0,24.82506136044881,0,0,6.885854814259337,0,43.00977615183878,0
161,2022,seaweeds,0,3.359086819613135,0,0,6.885854814259337,0,43.00977615183878,0
161,2023,seaweeds,0,3.001176163094616,0,0,6.885854814259337,0,43.00977615183878,0
162,2019,seaweeds,0,58.524541398116014,0,0,38.11505178617916,0,59679.50935023981,0
162,2020,seaweeds,0,57.02798789712556,0,0,38.11505178617916,0,59652.30853141126,0
162,2021,seaweeds,0,12.43193837663831,0,0,38.11505178617916,0,59647.06800668282,0
162,2022,seaweeds,0,27.54988216810683,0,0,38.11505178617916,0,59647.06800668282,0
162,2023,seaweeds,0,35.04090909090909,0,0,38.11505178617916,0,59647.06800668282,0
166,2019,seaweeds,0,2,0,0,11.168842617157125,0,3272.9084553249686,0
166,2020,seaweeds,0,16.934968017057567,0,0,11.168842617157125,0,3272.9084553249686,0
166,2021,seaweeds,0,19.934306569343065,0,0,11.168842617157125,0,3272.9084553249686,0
166,2022,seaweeds,0,11.458333333333332,0,0,11.168842617157125,0,3272.9084553249686,0
166,2023,seaweeds,0,5.516605166051661,0,0,11.168842617157125,0,3272.9084553249686,0
167,2019,seaweeds,0,24.58250048736692,0,0,15.616801166002457,0,2713.7787159007166,0
167,2020,seaweeds,0,23.304788231953484,0,0,15.616801166002457,0,2548.1334611427706,0
167,2021,seaweeds,0,15.767502794089427,0,0,15.616801166002457,0,2548.1334611427706,0
167,2022,seaweeds,0,7.16882816497299,0,0,15.616801166002457,0,2548.1334611427706,0
167,2023,seaweeds,0,7.26038615162946,0,0,15.616801166002457,0,2548.1334611427706,0
168,2019,seaweeds,0,24.58250048736692,0,0,15.616801166002457,0,6089.825462557746,0
168,2020,seaweeds,0,23.304788231953484,0,0,15.616801166002457,0,6114.52653068053,0
168,2021,seaweeds,0,15.767502794089427,0,0,15.616801166002457,0,6108.90523565753,0
168,2022,seaweeds,0,7.16882816497299,0,0,15.616801166002457,0,6111.82830906949,0
168,2023,seaweeds,0,7.26038615162946,0,0,15.616801166002457,0,6104.18334783821,0
169,2019,seaweeds,0,24.58250048736692,0,0,15.616801166002457,0,317.6376992080345,0
169,2020,seaweeds,0,23.304788231953484,0,0,15.616801166002457,0,317.6376992080345,0
169,2021,seaweeds,0,15.767502794089427,0,0,15.616801166002457,0,317.6376992080345,0
169,2022,seaweeds,0,7.16882816497299,0,0,15.616801166002457,0,317.6376992080345,0
169,2023,seaweeds,0,7.26038615162946,0,0,15.616801166002457,0,317.6376992080345,0
172,2019,seaweeds,0,24.58250048736692,0,0,15.616801166002457,0,86481.32795765549,0
172,2020,seaweeds,0,23.304788231953484,0,0,15.616801166002457,0,86481.32795765549,0
172,2021,seaweeds,0,15.767502794089427,0,0,15.616801166002457,0,86481.32795765549,0
172,2022,seaweeds,0,7.16882816497299,0,0,15.616801166002457,0,86481.32795765549,0
172,2023,seaweeds,0,7.26038615162946,0,0,15.616801166002457,0,86481.32795765549,0
173,2019,seaweeds,0,118,0,0,55.52584286332049,0,3941.409326288837,0
173,2020,seaweeds,0,85.19999999999999,0,0,55.52584286332049,0,3941.409326288837,0
173,2021,seaweeds,0,60.00000000000001,0,0,55.52584286332049,0,3941.409326288837,0
173,2022,seaweeds,0,7.16882816497299,0,0,55.52584286332049,0,3941.409326288837,0
173,2023,seaweeds,0,7.26038615162946,0,0,55.52584286332049,0,3941.409326288837,0
174,2019,seaweeds,0,7.560243168066726,0,0,4.598819393705395,0,75599.83331072496,0
174,2020,seaweeds,0,5.136738056013179,0,0,4.598819393705395,0,75599.83331072496,0
174,2021,seaweeds,0,5.268442622950819,0,0,4.598819393705395,0,75599.83331072496,0
174,2022,seaweeds,0,1.3584142394822007,0,0,4.598819393705395,0,75599.83331072496,0
174,2023,seaweeds,0,3.67025888201405,0,0,4.598819393705395,0,75599.83331072496,0
176,2019,seaweeds,0,9.873536862071864,0,0,10.956344013464866,0,45413.25210171619,0
176,2020,seaweeds,0,10.70379537360147,0,0,10.956344013464866,0,45094.048462438805,0
176,2021,seaweeds,0,10.78141032603487,0,0,10.956344013464866,0,45068.512171296614,0
176,2022,seaweeds,0,10.92768083122419,0,0,10.956344013464866,0,44987.647249346344,0
176,2023,seaweeds,0,12.495296674391936,0,0,10.956344013464866,0,45136.60894767579,0
178,2019,seaweeds,0,4.4357223506640135,0,0,6.265171637118922,0,75312.54211402407,0
178,2020,seaweeds,0,5.717242751940555,0,0,6.265171637118922,0,75316.2919464802,0
178,2021,seaweeds,0,5.039549445803945,0,0,6.265171637118922,0,75312.69516841002,0
178,2022,seaweeds,0,12.028138528138529,0,0,6.265171637118922,0,75309.94018946265,0
178,2023,seaweeds,0,4.105205109047568,0,0,6.265171637118922,0,75309.7871350767,0
180,2019,seaweeds,0,4.154024704887087,0,0,5.182378712441721,0,365027.62097365886,0
180,2020,seaweeds,0,4.427494436201781,0,0,5.182378712441721,0,364750.06241094565,0
180,2021,seaweeds,0,5.0956300145334374,0,0,5.182378712441721,0,362324.58933564014,0
180,2022,seaweeds,0,5.844735732919183,0,0,5.182378712441721,0,363328.1398392611,0
180,2023,seaweeds,0,6.390008673667116,0,0,5.182378712441721,0,362220.39186217857,0
185,2019,seaweeds,0,9.906531966659236,0,0,9.465705015995875,0,0,0
185,2020,seaweeds,0,9.141284654962936,0,0,9.465705015995875,0,0,0
185,2021,seaweeds,0,10.339676847344403,0,0,9.465705015995875,0,0,0
185,2022,seaweeds,0,8.316798951931982,0,0,9.465705015995875,0,0,0
185,2023,seaweeds,0,9.62423265908082,0,0,9.465705015995875,0,0,0
186,2019,seaweeds,0,7.721455306187844,0,0,26.184132156830284,0,524.572259918848,0
186,2020,seaweeds,0,13.415586823971829,0,0,26.184132156830284,0,524.572259918848,0
186,2021,seaweeds,0,35.35252514707192,0,0,26.184132156830284,0,524.572259918848,0
186,2022,seaweeds,0,35.09600963246095,0,0,26.184132156830284,0,524.572259918848,0
186,2023,seaweeds,0,39.335083874458874,0,0,26.184132156830284,0,524.572259918848,0
187,2019,seaweeds,0,30.199999999999996,0,0,39.00841472853097,0,137729.9969063824,0
187,2020,seaweeds,0,25.666666666666668,0,0,39.00841472853097,0,137729.9969063824,0
187,2021,seaweeds,0,62.0331916816548,0,0,39.00841472853097,0,137729.9969063824,0
187,2022,seaweeds,0,26.84146341463415,0,0,39.00841472853097,0,137729.9969063824,0
187,2023,seaweeds,0,50.30075187969925,0,0,39.00841472853097,0,137729.9969063824,0
188,2019,seaweeds,0,19.43342776203966,0,0,18.80328796928157,0,55.622003664475855,0
188,2020,seaweeds,0,30.25958702064897,0,0,18.80328796928157,0,55.622003664475855,0
188,2021,seaweeds,0,18.65014164305949,0,0,18.80328796928157,0,55.622003664475855,0
188,2022,seaweeds,0,12.003118503118506,0,0,18.80328796928157,0,55.622003664475855,0
188,2023,seaweeds,0,13.670164917541229,0,0,18.80328796928157,0,55.622003664475855,0
189,2019,seaweeds,0,5.781818181818181,0,0,6.273838875587566,0,87600.2674789665,0
189,2020,seaweeds,0,3.037182345073562,0,0,6.273838875587566,0,87502.1960817617,0
189,2021,seaweeds,0,8.201232114467409,0,0,6.273838875587566,0,87513.77303095684,0
189,2022,seaweeds,0,7.1531768331369525,0,0,6.273838875587566,0,87577.4462515301,0
189,2023,seaweeds,0,7.195784903441725,0,0,6.273838875587566,0,87520.1603132714,0
190,2019,seaweeds,0,9.211885795598922,0,0,11.02553597515899,0,23189.506570128146,0
190,2020,seaweeds,0,13.054814707322212,0,0,11.02553597515899,0,23189.506570128146,0
190,2021,seaweeds,0,10.010092416212007,0,0,11.02553597515899,0,23189.506570128146,0
190,2022,seaweeds,0,11.869973789113288,0,0,11.02553597515899,0,23189.506570128146,0
190,2023,seaweeds,0,10.980913167548522,0,0,11.02553597515899,0,23189.506570128146,0
191,2019,seaweeds,0,2.1124260355029585,0,0,1.3273275989799056,0,251634.75854517668,0
191,2020,seaweeds,0,1.3151151475835228,0,0,1.3273275989799056,0,252988.0020432282,0
191,2021,seaweeds,0,1.2080595360620696,0,0,1.3273275989799056,0,251606.5170268616,0
191,2022,seaweeds,0,1.0559540889526542,0,0,1.3273275989799056,0,251590.34055926517,0
191,2023,seaweeds,0,0.9450831867983228,0,0,1.3273275989799056,0,251574.67801877845,0
192,2019,seaweeds,0,9.211885795598922,0,0,11.02553597515899,0,22529.772325154812,0
192,2020,seaweeds,0,13.054814707322212,0,0,11.02553597515899,0,22529.772325154812,0
192,2021,seaweeds,0,10.010092416212007,0,0,11.02553597515899,0,22529.772325154812,0
192,2022,seaweeds,0,11.869973789113288,0,0,11.02553597515899,0,22529.772325154812,0
192,2023,seaweeds,0,10.980913167548522,0,0,11.02553597515899,0,22529.772325154812,0
193,2019,seaweeds,0,34.87737232790993,0,0,16.802335198676978,0,53672.39783240203,0
193,2020,seaweeds,0,36.54010494752624,0,0,16.802335198676978,0,53672.39783240203,0
193,2021,seaweeds,0,0.8175,0,0,16.802335198676978,0,53672.39783240203,0
193,2022,seaweeds,0,6.885705128205129,0,0,16.802335198676978,0,53672.39783240203,0
193,2023,seaweeds,0,4.89099358974359,0,0,16.802335198676978,0,53672.39783240203,0
194,2019,seaweeds,0,34.87737232790993,0,0,16.802335198676978,0,93517.60366213635,0
194,2020,seaweeds,0,36.54010494752624,0,0,16.802335198676978,0,93516.6345350642,0
194,2021,seaweeds,0,0.8175,0,0,16.802335198676978,0,93520.02647981673,0
194,2022,seaweeds,0,6.885705128205129,0,0,16.802335198676978,0,93516.39225329616,0
194,2023,seaweeds,0,4.89099358974359,0,0,16.802335198676978,0,93516.39225329616,0
195,2019,seaweeds,0,2.8000000000000003,0,0,10.831520989505249,0,15790.499594684014,0
195,2020,seaweeds,0,36.54010494752624,0,0,10.831520989505249,0,15790.499594684014,0
195,2021,seaweeds,0,0.8175,0,0,10.831520989505249,0,15790.499594684014,0
195,2022,seaweeds,0,7.000000000000001,0,0,10.831520989505249,0,15790.499594684014,0
195,2023,seaweeds,0,7.000000000000001,0,0,10.831520989505249,0,15790.499594684014,0
196,2019,seaweeds,0,34.87737232790993,0,0,16.802335198676978,0,56953.23855192841,0
196,2020,seaweeds,0,36.54010494752624,0,0,16.802335198676978,0,57115.280722812044,0
196,2021,seaweeds,0,0.8175,0,0,16.802335198676978,0,56953.23855192841,0
196,2022,seaweeds,0,6.885705128205129,0,0,16.802335198676978,0,56953.23855192841,0
196,2023,seaweeds,0,4.89099358974359,0,0,16.802335198676978,0,56953.23855192841,0
197,2019,seaweeds,0,12.69438158351965,0,0,11.595925266781856,0,16343.43286142088,0
197,2020,seaweeds,0,13.195661535326474,0,0,11.595925266781856,0,16343.615532996646,0
197,2021,seaweeds,0,12.608422069047505,0,0,11.595925266781856,0,16345.25957717853,0
197,2022,seaweeds,0,9.005880754555477,0,0,11.595925266781856,0,16344.066240235505,0
197,2023,seaweeds,0,10.475280391460174,0,0,11.595925266781856,0,16344.066240235505,0
198,2019,seaweeds,0,12.69438158351965,0,0,11.595925266781856,0,6511.886845920739,0
198,2020,seaweeds,0,13.195661535326474,0,0,11.595925266781856,0,6511.886845920739,0
198,2021,seaweeds,0,12.608422069047505,0,0,11.595925266781856,0,6511.886845920739,0
198,2022,seaweeds,0,9.005880754555477,0,0,11.595925266781856,0,6511.886845920739,0
198,2023,seaweeds,0,10.475280391460174,0,0,11.595925266781856,0,6511.886845920739,0
199,2019,seaweeds,0,12.69438158351965,0,0,11.595925266781856,0,242.10705482345145,0
199,2020,seaweeds,0,13.195661535326474,0,0,11.595925266781856,0,242.10705482345145,0
199,2021,seaweeds,0,12.608422069047505,0,0,11.595925266781856,0,242.39192062431724,0
199,2022,seaweeds,0,9.005880754555477,0,0,11.595925266781856,0,242.838210379007,0
199,2023,seaweeds,0,10.475280391460174,0,0,11.595925266781856,0,242.838210379007,0
200,2019,seaweeds,0,12.69438158351965,0,0,11.595925266781856,0,25387.650185363178,0
200,2020,seaweeds,0,13.195661535326474,0,0,11.595925266781856,0,25387.650185363178,0
200,2021,seaweeds,0,12.608422069047505,0,0,11.595925266781856,0,25387.650185363178,0
200,2022,seaweeds,0,9.005880754555477,0,0,11.595925266781856,0,25387.650185363178,0
200,2023,seaweeds,0,10.475280391460174,0,0,11.595925266781856,0,25387.650185363178,0
208,2019,seaweeds,0,24.98216262762947,0,0,20.836760212428626,0,1613.791663678084,0
208,2020,seaweeds,0,22.343792495593046,0,0,20.836760212428626,0,1615.285040461899,0
208,2021,seaweeds,0,21.04525728456292,0,0,20.836760212428626,0,1618.3664125237742,0
208,2022,seaweeds,0,12.62253929088666,0,0,20.836760212428626,0,1620.611974553718,0
208,2023,seaweeds,0,23.19004936347103,0,0,20.836760212428626,0,1623.49476120428,0
214,2019,seaweeds,0,0.8153429602888087,0,0,5.550653559639538,0,27718.89804683397,0
214,2020,seaweeds,0,8.514579935563333,0,0,5.550653559639538,0,27770.848194948896,0
214,2021,seaweeds,0,6.504992187094564,0,0,5.550653559639538,0,27758.670780059187,0
214,2022,seaweeds,0,5.81687459769867,0,0,5.550653559639538,0,27838.45501935059,0
214,2023,seaweeds,0,6.101478117552313,0,0,5.550653559639538,0,27799.432715054154,0
215,2019,seaweeds,0,9.211885795598922,0,0,10.92351749191659,0,394.8097131239656,0
215,2020,seaweeds,0,13.054814707322212,0,0,10.92351749191659,0,394.8097131239656,0
215,2021,seaweeds,0,9.5,0,0,10.92351749191659,0,394.8097131239656,0
215,2022,seaweeds,0,11.869973789113288,0,0,10.92351749191659,0,394.8097131239656,0
215,2023,seaweeds,0,10.980913167548522,0,0,10.92351749191659,0,640.1951866970944,0
218,2019,seaweeds,0,2.8874468053872344,0,0,2.8819016313032315,0,289199.05397315533,0
218,2020,seaweeds,0,2.5355440123391757,0,0,2.8819016313032315,0,289199.05397315533,0
218,2021,seaweeds,0,2.617426851715922,0,0,2.8819016313032315,0,298657.8360267497,0
218,2022,seaweeds,0,2.976593489142721,0,0,2.8819016313032315,0,291047.3217307542,0
218,2023,seaweeds,0,3.3924969979311044,0,0,2.8819016313032315,0,291047.3217307542,0
219,2019,seaweeds,0,7.595353160117932,0,0,7.743517857555147,0,11.89126614971599,0
219,2020,seaweeds,0,7.429514636611184,0,0,7.743517857555147,0,11.89126614971599,0
219,2021,seaweeds,0,7.6669536263770945,0,0,7.743517857555147,0,11.89126614971599,0
219,2022,seaweeds,0,7.772522504339812,0,0,7.743517857555147,0,11.89126614971599,0
219,2023,seaweeds,0,8.25324536032971,0,0,7.743517857555147,0,11.89126614971599,0
220,2019,seaweeds,0,7.721455306187844,0,0,26.184132156830284,0,0,0
220,2020,seaweeds,0,13.415586823971829,0,0,26.184132156830284,0,0,0
220,2021,seaweeds,0,35.35252514707192,0,0,26.184132156830284,0,0,0
220,2022,seaweeds,0,35.09600963246095,0,0,26.184132156830284,0,0,0
220,2023,seaweeds,0,39.335083874458874,0,0,26.184132156830284,0,0,0
221,2019,seaweeds,0,7.690095617169096,0,0,10.233744610029396,0,13.351383301146607,0
221,2020,seaweeds,0,8.306753325581568,0,0,10.233744610029396,0,13.351383301146607,0
221,2021,seaweeds,0,12.584028343854218,0,0,10.233744610029396,0,13.351383301146607,0
221,2022,seaweeds,0,10.371848997569243,0,0,10.233744610029396,0,13.351383301146607,0
221,2023,seaweeds,0,12.215996765972854,0,0,10.233744610029396,0,13.351383301146607,0
222,2019,seaweeds,0,12.8986606532732,0,0,26.676406382717833,0,481608.52333861234,0
222,2020,seaweeds,0,28.60027173913044,0,0,26.676406382717833,0,481611.3788898342,0
222,2021,seaweeds,0,31.538526315789476,0,0,26.676406382717833,0,481607.0955630014,0
222,2022,seaweeds,0,32.914319248826295,0,0,26.676406382717833,0,481621.3733191109,0
222,2023,seaweeds,0,27.430253956569743,0,0,26.676406382717833,0,481602.81223616854,0
227,2019,seaweeds,0,10.029240233939625,0,0,7.884370274143826,0,873.2135548646013,0
227,2020,seaweeds,0,8.08059822539885,0,0,7.884370274143826,0,873.2135548646013,0
227,2021,seaweeds,0,6.877501948843852,0,0,7.884370274143826,0,873.2135548646013,0
227,2022,seaweeds,0,8.511875344318732,0,0,7.884370274143826,0,873.2135548646013,0
227,2023,seaweeds,0,5.9226356182180755,0,0,7.884370274143826,0,873.2135548646013,0
228,2019,seaweeds,0,10.029240233939625,0,0,7.884370274143826,0,873.2135548646013,0
228,2020,seaweeds,0,8.08059822539885,0,0,7.884370274143826,0,873.2135548646013,0
228,2021,seaweeds,0,6.877501948843852,0,0,7.884370274143826,0,873.2135548646013,0
228,2022,seaweeds,0,8.511875344318732,0,0,7.884370274143826,0,873.2135548646013,0
228,2023,seaweeds,0,5.9226356182180755,0,0,7.884370274143826,0,873.2135548646013,0
232,2019,seaweeds,0,18.93734595223284,0,0,19.43554855650606,0,37.1051614996964,0
232,2020,seaweeds,0,15.232121707046842,0,0,19.43554855650606,0,37.1051614996964,0
232,2021,seaweeds,0,22.258482257657008,0,0,19.43554855650606,0,37.1051614996964,0
232,2022,seaweeds,0,15.950282976495712,0,0,19.43554855650606,0,37.1051614996964,0
232,2023,seaweeds,0,24.79950988909789,0,0,19.43554855650606,0,37.1051614996964,0
237,2019,seaweeds,0,6.972999462991069,0,0,5.901620599429341,0,0,0
237,2020,seaweeds,0,5.423973723947675,0,0,5.901620599429341,0,0,0
237,2021,seaweeds,0,5.288803709910198,0,0,5.901620599429341,0,0,0
237,2022,seaweeds,0,5.179908080013903,0,0,5.901620599429341,0,0,0
237,2023,seaweeds,0,6.642418020283862,0,0,5.901620599429341,0,0,0
244,2019,seaweeds,0,7.721455306187844,0,0,26.184132156830284,0,20.738143703317395,0
244,2020,seaweeds,0,13.415586823971829,0,0,26.184132156830284,0,20.738143703317395,0
244,2021,seaweeds,0,35.35252514707192,0,0,26.184132156830284,0,20.738143703317395,0
244,2022,seaweeds,0,35.09600963246095,0,0,26.184132156830284,0,70.29114370331739,0
244,2023,seaweeds,0,39.335083874458874,0,0,26.184132156830284,0,98.60714370331739,0
245,2019,seaweeds,0,7.721455306187844,0,0,26.184132156830284,0,5.180859208461731,0
245,2020,seaweeds,0,13.415586823971829,0,0,26.184132156830284,0,5.180859208461731,0
245,2021,seaweeds,0,35.35252514707192,0,0,26.184132156830284,0,5.180859208461731,0
245,2022,seaweeds,0,35.09600963246095,0,0,26.184132156830284,0,5.180859208461731,0
245,2023,seaweeds,0,39.335083874458874,0,0,26.184132156830284,0,5.180859208461731,0
247,2019,seaweeds,0,12.786301369863017,0,0,48.55057462409509,0,1759.7961857739942,0
247,2020,seaweeds,0,24.509576612903224,0,0,48.55057462409509,0,1759.7961857739942,0
247,2021,seaweeds,0,67.87085391672548,0,0,48.55057462409509,0,1759.7961857739942,0
247,2022,seaweeds,0,66.88484251968505,0,0,48.55057462409509,0,1759.7961857739942,0
247,2023,seaweeds,0,70.7012987012987,0,0,48.55057462409509,0,1759.7961857739942,0
248,2019,seaweeds,0,7.721455306187844,0,0,26.184132156830284,0,0,0
248,2020,seaweeds,0,13.415586823971829,0,0,26.184132156830284,0,0,0
248,2021,seaweeds,0,35.35252514707192,0,0,26.184132156830284,0,0,0
248,2022,seaweeds,0,35.09600963246095,0,0,26.184132156830284,0,0,0
248,2023,seaweeds,0,39.335083874458874,0,0,26.184132156830284,0,0,0
249,2019,seaweeds,0,7.721455306187844,0,0,26.184132156830284,0,0,0
249,2020,seaweeds,0,13.415586823971829,0,0,26.184132156830284,0,0,0
249,2021,seaweeds,0,35.35252514707192,0,0,26.184132156830284,0,0,0
249,2022,seaweeds,0,35.09600963246095,0,0,26.184132156830284,0,0,0
249,2023,seaweeds,0,39.335083874458874,0,0,26.184132156830284,0,0,0
250,2019,seaweeds,0,7.721455306187844,0,0,26.184132156830284,0,252.8303034690832,0
250,2020,seaweeds,0,13.415586823971829,0,0,26.184132156830284,0,11.041318063309213,0
250,2021,seaweeds,0,35.35252514707192,0,0,26.184132156830284,0,11.041318063309213,0
250,2022,seaweeds,0,35.09600963246095,0,0,26.184132156830284,0,11.041318063309213,0
250,2023,seaweeds,0,39.335083874458874,0,0,26.184132156830284,0,11.041318063309213,0
1,2019,fish_oil,19.076750991,2.325102362270121,44.35539879361297,19.076750991,3.288745553885218,62.738580004226684,62.738580004226684,1
2,2019,fish_oil,0.89275446,2.325102362270121,2.0757455038731862,0.89275446,3.288745553885218,2.936042261036199,2.936042261036199,1
3,2019,fish_oil,0.01736397,2.325102362270121,0.04037300766538751,0.01736397,3.288745553885218,0.05710567913529631,0.05710567913529631,1
5,2019,fish_oil,20.297703556529996,1.7890581938796284,36.313772864749666,20.297703556529996,1.6460735474746353,33.41151289888585,521.0832361878442,0.06411933944242529
6,2019,fish_oil,145.263824928,1.7890581938796284,259.8854362617342,145.263824928,1.6460735474746353,239.1149396189673,239.1149396189673,1
7,2019,fish_oil,0.50190948,1.0593784683684797,0.5317120961820201,0.50190948,1.463166073835872,0.7343769232726042,5702.581723703893,1.2877972799934164e-4
8,2019,fish_oil,43.853757480000006,4.173549943898697,183.0258470704011,43.853757480000006,7.708067116186213,338.0277059527932,522.381028262524,0.6470903184924176
9,2019,fish_oil,14.73954166188,4.173549943898697,61.51621327603179,14.73954166188,7.708067116186213,113.61337639159392,136.751610261826,0.8308010134145304
11,2019,fish_oil,56.87039484,4.173549943898697,237.3514331939788,56.87039484,7.708067116186213,438.36082035073014,613.8367620977435,0.7141325632773494
12,2019,fish_oil,0.04010662160999999,1.4235776800097977,0.0570948913445946,0.04010662160999999,2.3849063523012894,0.09565053664703314,0.09565053664703314,1
13,2019,fish_oil,11.809075959549,1.4235776800097977,16.81113695755424,11.809075959549,2.3849063523012894,28.163540270736856,28.163540270736856,1
14,2019,fish_oil,64055.88247080591,64.8,4150821.184108223,64055.88247080591,34.93719946000395,2237933.142469117,2245503.2592193307,0.9966287660821095
15,2019,fish_oil,219968.57785838997,2.920833947976594,642491.689696918,219968.57785838997,2.7007441458925356,594078.8489313532,3201430.0177407907,0.18556671413688663
16,2019,fish_oil,13431.633552928486,2.318758401811254,31144.71315090287,13431.633552928486,3.563948901853449,47869.65565105742,49434.24776515848,0.9683500369716602
17,2019,fish_oil,911.3277735,1.9069961132704052,1737.8985219798722,911.3277735,1.7395058331844377,1585.2599779462362,148065.9555729756,0.010706444785445138
18,2019,fish_oil,896.34268846539,2.4008000000000003,2151.9395264677087,896.34268846539,1.7355487354035966,1555.6464194543676,3118.788554160876,0.4987982969794248
19,2019,fish_oil,10.2741534,4.173549943898697,42.87969234617661,10.2741534,7.708067116186213,79.19386396919278,79.19386396919278,1
20,2019,fish_oil,114301.21142381184,1.8988884712452343,217045.25262204037,114301.21142381184,2.7738499978680187,317054.4150642524,1162499.7249088872,0.27273504523977593
21,2019,fish_oil,11901.8138006583,18.49917644352171,220173.7534963196,11901.8138006583,11.833412595566443,140839.07333879644,549472.9463588605,0.256316665401056
24,2019,fish_oil,16188.090965334,3.826366335350629,61941.56630334769,16188.090965334,10.550575298718494,170793.67267226093,181974.29289787982,0.9385593423797876
25,2019,fish_oil,259308.48591954,4.565070511245297,1183761.5223869584,259308.48591954,3.7279995710959137,966701.9242895759,984429.1776974445,0.9819923527161881
26,2019,fish_oil,1921.19167004112,8.531915993565814,16391.445936329248,1921.19167004112,11.666758129986418,22414.07853571442,22414.07853571442,1
28,2019,fish_oil,41.85,6.633200333565745,277.59943395972647,41.85,5.748828062077304,240.58845439793518,240.58845439793518,1
29,2019,fish_oil,10.1121214698,6.633200333565745,67.07572750653469,10.1121214698,5.748828062077304,58.13284767272063,58.13284767272063,1
31,2019,fish_oil,475.762008144744,5.058790310595928,2406.780236952292,475.762008144744,4.410791515668824,2098.4870290023987,2098.4870290023987,1
32,2019,fish_oil,0.031904145,6.633200333565745,0.21162658525612993,0.031904145,5.748828062077304,0.1834114440725833,0.1834114440725833,1
33,2019,fish_oil,0,1.4235776800097977,0,0,2.3849063523012894,0,0,0
34,2019,fish_oil,0,1.4235776800097977,0,0,2.3849063523012894,0,0,0
35,2019,fish_oil,0,1.4235776800097977,0,0,2.3849063523012894,0,0,0
37,2019,fish_oil,85.9258736172,3.735403468233413,320.9678063206748,85.9258736172,3.477673705469413,298.8221512980244,386.67155967240865,0.7728061291893021
38,2019,fish_oil,0,8.531915993565814,0,0,11.666758129986418,0,0,0
39,2019,fish_oil,8.315307261000001,8.531915993565814,70.94550301153986,8.315307261000001,11.666758129986418,97.01267859060685,519.7398974709686,0.18665620835088143
40,2019,fish_oil,12040.58856555,23.26554621848739,280130.86976959434,12040.58856555,23.919914146390443,288009.8447599665,295188.143799181,0.9756822921583939
41,2019,fish_oil,8724.121473059748,12.695246364228348,110754.87141194822,8724.121473059748,13.302876548712804,116055.91095208832,116098.62539975591,0.9996320848113359
42,2019,fish_oil,701.7717081382201,6.633200333565745,4654.992328509445,701.7717081382201,2.182279382113405,1531.461929620544,9281.947866324503,0.16499359312033904
43,2019,fish_oil,452.702411946,5.177606177606178,2343.914804708826,452.702411946,4.992155905067614,2259.961019034575,2874.888177256262,0.7861039733348649
44,2019,fish_oil,6996.11574087,6.498955347164861,45467.44380351134,6996.11574087,6.127191315431761,42866.53960921411,42873.21011300437,0.9998444132414467
45,2019,fish_oil,1490.7280928455978,6.633200333565745,9888.298082719246,1490.7280928455978,5.748828062077304,8569.939493077753,8569.939493077753,1
47,2019,fish_oil,12145.93781459274,8.000714285714286,97176.1781866095,12145.93781459274,3.6654242596572595,44520.01512189671,44520.01512189671,1
48,2019,fish_oil,41682.145178034,1.3337140927982378,55592.064442006056,41682.145178034,1.9326741743404976,80558.00551669761,80558.00551669761,1
49,2019,fish_oil,0,1.7825488641525438,0,0,2.5773899383593672,0,0,0
50,2019,fish_oil,4469.819862662747,2.9499054849198525,13185.54612947254,4469.819862662747,37.543560537003756,167812.95260338066,167812.95260338066,1
51,2019,fish_oil,0,2.9499054849198525,0,0,37.543560537003756,0,0,0
52,2019,fish_oil,1058.6182582800002,2.9499054849198525,3122.8238065364735,1058.6182582800002,26.461039105525394,28012.139130170268,29687.794428580848,0.9435574339332732
53,2019,fish_oil,85036.1103483822,1.0059748843357568,85544.19127207642,85036.1103483822,1.3687953582947872,116397.03313230886,116435.8835582578,0.9996663363152176
54,2019,fish_oil,1952.242716438,4.670069437247383,9117.109044125911,1952.242716438,5.06333387011565,9884.856668827108,10799.12897284003,0.9153383290159484
55,2019,fish_oil,144.9242590850892,3.513087883902964,509.1316586754409,144.9242590850892,10.436069385210523,1512.4396234122173,1512.4396234122173,1
56,2019,fish_oil,1091.375391416022,0.8032126897218085,876.6065636354546,1091.375391416022,1.2333975822332677,1346.0997690814077,1346.0997690814077,1
57,2019,fish_oil,2.415684517217946,3.513087883902964,8.486512008770346,2.415684517217946,10.436069385210523,25.210251234465268,25.210251234465268,1
58,2019,fish_oil,2788.934415617754,3.513087883902964,9797.771704506724,2788.934415617754,10.436069385210523,29105.51307218844,29105.51307218844,1
59,2019,fish_oil,179.639216054127,1.7220827626467885,309.35359746219433,179.639216054127,2.523991242365039,453.4078081059376,537.628217330403,0.8433482348775098
61,2019,fish_oil,9455.153464730673,1.7825488641525438,16854.27306894365,9455.153464730673,2.2042952532692595,20841.949901238215,21033.59016218132,0.9908888468651597
62,2019,fish_oil,140860.348805256,1.7825488641525438,251090.45476694024,140860.348805256,3.0812475345675474,434025.60247451987,436276.5595173841,0.9948405271982655
63,2019,fish_oil,208621.93926804877,1.7825488641525438,371878.8008795613,208621.93926804877,2.5773899383593672,537700.0871904879,537700.0871904879,1
64,2019,fish_oil,444247.7517112001,1.1643232102230856,517247.9684067728,444247.7517112001,1.1148000261462037,495247.40522303805,495247.40522303805,1
65,2019,fish_oil,24779.54161007756,0.2916016033741689,7225.754064375551,24779.54161007756,0.2305765012079326,5713.580005988064,5713.580005988064,1
66,2019,fish_oil,55440.37828577113,0.6931928382231615,38430.87317607942,55440.37828577113,1.1546795529170926,64015.871212568694,64015.871212568694,1
67,2019,fish_oil,3260.0236150882524,1.7825488641525438,5811.151392186034,3260.0236150882524,2.5773899383593672,8402.352064342393,8402.352064342393,1
68,2019,fish_oil,106.98741516465,3.513087883902964,375.8561919450281,106.98741516465,28.609579924510385,3060.865005069829,3060.865005069829,1
69,2019,fish_oil,24968.68183268567,1.0354010684792152,25852.599848080314,24968.68183268567,1.529753947135234,38195.93958831471,38195.93958831471,1
70,2019,fish_oil,20403.483529990383,1.5144192990727643,30899.429226130727,20403.483529990383,2.391965338303544,48804.42538438424,48804.42538438424,1
71,2019,fish_oil,841.4393159776679,19.96875,16802.491340929057,841.4393159776679,12.820476003208777,10787.652558648098,11174.34065628363,0.9653949964897404
72,2019,fish_oil,92.1629313,2.749762492874786,253.4261717221356,92.1629313,5.776315907380503,532.3622061390064,668.3409117001326,0.7965428972240797
73,2019,fish_oil,316368.6181807075,2.1185897435897436,670255.3096713066,316368.6181807075,1.7575542011568623,556034.9939976938,597994.0593328481,0.9298336418559644
74,2019,fish_oil,87319.53863457122,1.644915163630355,143633.23318121285,87319.53863457122,2.396318532041894,209245.42863937115,209245.42863937115,1
75,2019,fish_oil,8552.4923990826,2.5176767676767677,21532.411418902404,8552.4923990826,4.232002020735836,36194.165115245436,36194.165115245436,1
76,2019,fish_oil,142584.31349260092,1.7908807100059752,255351.4965833437,142584.31349260092,2.986219833271625,425788.10486502387,425797.3611398394,0.9999782613147467
77,2019,fish_oil,97.03999989,2.9499054849198525,286.2588279321329,97.03999989,37.543560537003756,3643.227110381053,3663.7193991147615,0.9944066980842856
78,2019,fish_oil,485.77887851013,2.9499054849198525,1433.0017781752472,485.77887851013,37.543560537003756,18237.86873294286,18237.86873294286,1
79,2019,fish_oil,115.140469275,0.2591392201228768,29.83741141250556,115.140469275,229.60139529777732,26436.41240078086,26455.558128640623,0.9992763060311687
80,2019,fish_oil,13433.056518078442,1.4451423550744955,19412.67893238468,13433.056518078442,19.983348884439568,268437.4549851565,268437.4549851565,1
81,2019,fish_oil,266.442142622283,2.9499054849198525,785.9791379352702,266.442142622283,28.24207922330041,7524.880100364423,7524.880100364423,1
82,2019,fish_oil,234.44925813260105,3.513087883902964,823.6408481356791,234.44925813260105,10.436069385210523,2446.728725182957,2446.728725182957,1
84,2019,fish_oil,30120.26688567,1.7825488641525438,53690.84752502254,30120.26688567,2.5773899383593672,77631.6728118247,77631.6728118247,1
85,2019,fish_oil,0.01045692044999999,1.4235776800097977,0.01488623855425799,0.01045692044999999,2.3849063523012894,0.024938776006714236,0.024938776006714236,1
89,2019,fish_oil,0.02166102126899999,4.173549943898697,0.0904033541020234,0.02166102126899999,7.708067116186213,0.166964605746589,0.166964605746589,1
90,2019,fish_oil,0,1.4622851743564145,0,0,2.1521520399948773,0,0,0
93,2019,fish_oil,0,1.4235776800097977,0,0,2.3849063523012894,0,0,0
94,2019,fish_oil,21.68561844018,4.173549943898697,90.5060116244218,21.68561844018,7.708067116186213,167.15420239291282,167.15420239291282,1
95,2019,fish_oil,499.46721264855,3.713604198153352,1854.823537731608,499.46721264855,3.4845125427256796,1740.3997671541067,1740.3997671541067,1
96,2019,fish_oil,57606.67887502738,1.4760552140249767,85030.63871614664,57606.67887502738,1.4329434424635192,82547.11273607222,82547.11273607222,1
97,2019,fish_oil,8735.962446577216,1.4760552140249767,12894.762918796692,8735.962446577216,1.4329434424635192,12518.140101430383,12518.140101430383,1
98,2019,fish_oil,4783.630304265201,1.4760552140249767,7060.902452578535,4783.630304265201,1.4329434424635192,6854.671675666588,6854.671675666588,1
99,2019,fish_oil,2227.729131206595,1.4760552140249767,3288.251199552826,2227.729131206595,1.4329434424635192,3192.209850147443,3192.209850147443,1
100,2019,fish_oil,7097.137855821,0.35544,2522.606679473016,7097.137855821,0.4501609966090107,3194.8546502479185,3194.8546502479185,1
101,2019,fish_oil,1877.22405387,1.5,2815.836080805,1877.22405387,1.6157140906401382,3033.057355126361,3033.057355126361,1
102,2019,fish_oil,16525.0084267881,1.424570348712829,23541.03701703196,16525.0084267881,2.688589989349616,44428.97223018053,46420.668793904115,0.957094617215314
103,2019,fish_oil,179.81853810511498,0.39618250579125025,71.24095901420387,179.81853810511498,0.4679036154143196,84.13774409790089,84.13774409790089,1
104,2019,fish_oil,714.5946254700001,0.39618250579125025,283.10988934366463,714.5946254700001,0.4679036154143196,334.36140881305465,334.36140881305465,1
106,2019,fish_oil,58473.45202547699,4.35380249373547,254581.8612458431,58473.45202547699,2.541546039158982,148612.9703913038,148763.8255082327,0.9989859422046085
108,2019,fish_oil,9.036658242,8.507692307692308,76.88110781270768,9.036658242,4.285629370629371,38.72776797425517,38.72776797425517,1
110,2019,fish_oil,3.184079085,8.507692307692308,27.089165138538466,3.184079085,4.285629370629371,13.645782845082694,13.645782845082694,1
111,2019,fish_oil,30.00336228,8.507692307692308,255.2593744744615,30.00336228,4.285629370629371,128.58329060480142,128.58329060480142,1
112,2019,fish_oil,826.6123699199999,8.507692307692308,7032.563701011692,826.6123699199999,4.285629370629371,3542.5542506547017,3547.959817062114,0.9984764296423492
113,2019,fish_oil,0,8.507692307692308,0,0,4.285629370629371,0,0,0
114,2019,fish_oil,1705.4806707846003,8.507692307692308,14509.70478375206,1705.4806707846003,4.285629370629371,7309.058053755164,7606.438634707545,0.9609040978000587
115,2019,fish_oil,725.60416653,11.384615384615383,8260.724357418461,725.60416653,4.861013986013986,3527.1720018123515,3529.722314762328,0.9992774749052324
116,2019,fish_oil,50.98762606499999,1.4235776800097977,72.58484642281978,50.98762606499999,2.3849063523012894,121.60071329118128,121.60071329118128,1
117,2019,fish_oil,198.7948035,8.507692307692308,1691.285020546154,198.7948035,4.285629370629371,851.9608486080945,851.9608486080945,1
118,2019,fish_oil,36.0839592234,8.507692307692308,306.9912223160031,36.0839592234,4.285629370629371,154.64247545639563,154.64247545639563,1
119,2019,fish_oil,107.18444069999998,8.507692307692308,911.892241647692,107.18444069999998,4.285629370629371,459.35278713840205,469.48419430233116,0.9784201315254399
120,2019,fish_oil,56.33100352233,8.507692307692308,479.2468453515152,56.33100352233,4.285629370629371,241.41380317232398,343.75124927261794,0.7022921478341059
121,2019,fish_oil,1.2470668605000002,8.507692307692308,10.609661136253848,1.2470668605000002,4.285629370629371,5.344466364497361,5.344466364497361,1
122,2019,fish_oil,16.319379258,8.507692307692308,138.84025737960002,16.319379258,4.285629370629371,69.93881105852455,1630.8586819318298,0.0428846544666143
123,2019,fish_oil,58.690789380000005,8.507692307692308,499.3231773406154,58.690789380000005,4.285629370629371,251.5269707523504,251.5269707523504,1
124,2019,fish_oil,0,5.630769230769231,0,0,3.7102447552447555,0,0,0
125,2019,fish_oil,50.7157396587,8.507692307692308,431.4739081732477,50.7157396587,4.285629370629371,217.3488634345175,463.125387721979,0.46930889386913777
126,2019,fish_oil,82.847551587552,8.507692307692308,704.8414773525578,82.847551587552,4.285629370629371,355.05390036834484,355.3499176097242,0.999166969719958
127,2019,fish_oil,85.58393060260799,8.507692307692308,728.1217480498804,85.58393060260799,4.285629370629371,366.78100664444264,369.88330490409913,0.991612764840898
129,2019,fish_oil,72623.42847,1.4332686205378853,104088.88114192868,72623.42847,2.2396359132212504,162650.03854266662,162650.03854266662,1
130,2019,fish_oil,0.26603397,0.8830697129466901,0.23492654152196835,0.26603397,1.134726662961296,0.3018758390124455,218.0731950139593,0.001384286771205979
132,2019,fish_oil,1428.497824845591,1.4959554744275725,2136.9691412856414,1428.497824845591,6.711653332926084,9587.582187202572,15205.402981658644,0.6305378554430613
133,2019,fish_oil,145.86218018999998,0.9930232558139536,144.84453707239533,145.86218018999998,0.899642500014652,131.22381644371922,131.22381644371922,1
134,2019,fish_oil,156.47671989,1.2975409836065577,203.0349570375984,156.47671989,1.4357522526653674,224.6618030717552,224.6618030717552,1
135,2019,fish_oil,189181.672421508,1.520945452049897,287735.00428068603,189181.672421508,2.4899191833318852,471047.0752971214,471870.77911629813,0.9982543868880389
136,2019,fish_oil,1258.406908483347,1.5696842105263158,1975.3014546635443,1258.406908483347,1.508341345016909,1898.107168920342,1898.107168920342,1
137,2019,fish_oil,15405.67905970122,1.5454501000222272,23808.70824372558,15405.67905970122,2.211599754677016,34071.196029068065,35884.78477833151,0.9494607878947472
138,2019,fish_oil,1181547.4283075866,2.2847736999881767,2699568.4894858394,1181547.4283075866,3.555083303556598,4200499.534736537,4200516.275024776,0.9999960147069686
139,2019,fish_oil,36330.5781055224,1.4959554744275725,54348.92720607474,36330.5781055224,3.137514027709095,113987.69844085745,136812.25941591416,0.83316874472726
140,2019,fish_oil,125.820753435,1.4235776800097977,179.1156162720821,125.820753435,2.3849063523012894,300.0707141184658,300.0707141184658,1
141,2019,fish_oil,109669.32348468545,1.2095340694855912,132648.7831321633,109669.32348468545,1.9433388307830615,213124.65487349796,213656.63993914987,0.9975100934574117
143,2019,fish_oil,2193.750133170966,2.2807284051215406,5003.348242462184,2193.750133170966,3.0386387249288247,6666.014107471064,6666.014107471064,1
144,2019,fish_oil,0.195706864881,3.713604198153352,0.7267778350295124,0.195706864881,3.4845125427256796,0.6819430253753643,0.6819430253753643,1
145,2019,fish_oil,272.88732179825973,3.713604198153352,1013.395503852842,272.88732179825973,2.978864098082635,812.8942457267588,812.8942457267588,1
146,2019,fish_oil,0,4.173549943898697,0,0,7.708067116186213,0,0,0
147,2019,fish_oil,514.1729664000001,4.173549943898697,2145.926555072947,514.1729664000001,7.708067116186213,3963.279734339759,4610.898976325824,0.8595459919397068
148,2019,fish_oil,14.16894066,4.173549943898697,59.13478149664697,14.16894066,7.708067116186213,109.21514557253978,109.21514557253978,1
151,2019,fish_oil,14.677137238229998,4.173549943898697,61.25576529720829,14.677137238229998,7.708067116186213,113.13235890575278,113.13235890575278,1
152,2019,fish_oil,60.818838119999995,4.173549943898697,253.83045842370993,60.818838119999995,7.708067116186213,468.7956861574245,468.9334032537097,0.9997063184338552
153,2019,fish_oil,9.36503616024,4.173549943898697,39.08544614117893,9.36503616024,7.708067116186213,72.18632726864075,74.35707373061831,0.9708064565606527
154,2019,fish_oil,1.5286821170219995,4.173549943898697,6.380031163736108,1.5286821170219995,7.708067116186213,11.783184357319199,11.783184357319199,1
155,2019,fish_oil,49.187853693,4.173549943898697,205.28796402091749,49.187853693,7.708067116186213,379.1432775667919,514.1414470172899,0.7374299033200523
156,2019,fish_oil,4.4970933186,4.173549943898697,18.76884356755024,4.4970933186,7.708067116186213,34.66389712752139,34.66389712752139,1
157,2019,fish_oil,0.1795594932,4.173549943898697,0.7494005127713386,0.1795594932,7.708067116186213,1.384056624933982,1.384056624933982,1
158,2019,fish_oil,0,1.4235776800097977,0,0,2.3849063523012894,0,0,0
161,2019,fish_oil,5.579839342800001,4.173549943898697,23.28773817610669,5.579839342800001,7.708067116186213,43.00977615183878,43.00977615183878,1
162,2019,fish_oil,19793.00900102472,2.331446322728988,46146.33805118084,19793.00900102472,3.0135422059169876,59647.06800668282,59679.50935023981,0.9994564073346079
163,2019,fish_oil,170104.28316426955,2.106996823030891,358409.184211063,170104.28316426955,3.458937400103335,588380.06695466,592041.24058363,0.9938160158820002
164,2019,fish_oil,3.63640617,1.2829220392468832,4.665225619146348,3.63640617,1.5778863713353657,5.737835736282835,122.92027049930087,0.04667932890951025
166,2019,fish_oil,763.6937710374899,8.507692307692308,6497.271621288183,763.6937710374899,4.285629370629371,3272.9084553249686,3272.9084553249686,1
167,2019,fish_oil,812.15046009,1.4959554744275725,1214.9409268305074,812.15046009,3.137514027709095,2548.1334611427706,2713.7787159007166,0.9389613995469164
168,2019,fish_oil,1935.72956088,1.4959554744275725,2895.765233609717,1935.72956088,3.137514027709095,6073.378651112166,6089.825462557746,0.99729929674558
169,2019,fish_oil,101.238654681,1.4959554744275725,151.4485196937245,101.238654681,3.137514027709095,317.6376992080345,317.6376992080345,1
171,2019,fish_oil,41045.710021942745,0.8243895400105817,33837.6540043971,41045.710021942745,1.4224343098491854,58384.82620733192,59168.21390067575,0.9867599908515258
172,2019,fish_oil,27692.810979927486,1.4959554744275725,41427.21218771051,27692.810979927486,3.1228800868333497,86481.32795765549,86481.32795765549,1
173,2019,fish_oil,1256.2204635517498,1.4959554744275725,1879.249879538183,1256.2204635517498,3.137514027709095,3941.409326288837,3941.409326288837,1
174,2019,fish_oil,30496.825507251535,1.5123171447708983,46120.872075702944,30496.825507251535,2.478941071842013,75599.83331072496,75599.83331072496,1
175,2019,fish_oil,25248.637453543684,1.6991732154886985,42901.80848864621,25248.637453543684,2.4996215141653004,63112.03738223758,63112.03738223758,1
176,2019,fish_oil,13824.144297818497,2.537681416003223,35081.274076720925,13824.144297818497,3.2481233783097996,44902.52627887237,45413.25210171619,0.9887538152585967
177,2019,fish_oil,8787.688803130473,3.519524100250483,30928.482528119024,8787.688803130473,4.033789810956062,35447.68955592038,45036.413232843996,0.7870895351424037
178,2019,fish_oil,32162.36556513069,2.870012763175644,92306.39966584592,32162.36556513069,2.3415452426278867,75309.63408069072,75312.54211402407,0.9999613871308588
179,2019,fish_oil,22303.823654389267,2.16726215598509,48338.232939922935,22303.823654389267,3.18319977163506,70997.52636324057,72682.59689022273,0.9768160385143195
180,2019,fish_oil,160078.35359367882,1.8792366314484392,300825.10597519716,160078.35359367882,2.2622906926210296,362143.7694250778,365027.62097365886,0.9920996347046592
181,2019,fish_oil,68767.56876788016,1.5140181496622305,104115.34722271613,68767.56876788016,2.2202330268360853,152680.02735366923,152683.29912915692,0.9999785714907501
182,2019,fish_oil,34345.42334380266,2.562146006924755,87997.98927646424,34345.42334380266,3.117438860940405,107069.75742742016,143068.3862173673,0.7483816673848998
183,2019,fish_oil,17093.521513415642,1.3774745790573704,23545.891351300317,17093.521513415642,2.1449447204779837,36664.65872457772,37564.15214507611,0.9760544729713461
184,2019,fish_oil,30089.013061412337,2.5168766185313607,75730.33344895343,30089.013061412337,3.0176726311164717,90798.79121273005,91124.67963152383,0.9964237084825806
186,2019,fish_oil,219.95507681577,1.4235776800097977,313.1231379597707,219.95507681577,2.3849063523012894,524.572259918848,524.572259918848,1
187,2019,fish_oil,16718.94596387286,1.0102210771631386,16889.831600655947,16718.94596387286,8.237959330928895,137729.9969063824,137729.9969063824,1
188,2019,fish_oil,7.0039305035009995,12.166666666666666,85.21448779259549,7.0039305035009995,7.9415413440599565,55.622003664475855,55.622003664475855,1
189,2019,fish_oil,7826.234520874347,19.458231954582317,152284.6866381325,7826.234520874347,11.160247420839122,87342.71362647004,87600.2674789665,0.997059896505929
190,2019,fish_oil,617.66934831,2.9499054849198525,1822.06619844654,617.66934831,37.543560537003756,23189.506570128146,23189.506570128146,1
191,2019,fish_oil,26986.838593285294,8.531915993565814,230249.43980982996,26986.838593285294,9.321789295288283,251565.62311255958,251634.75854517668,0.9997252548375399
192,2019,fish_oil,600.0968475792,2.9499054849198525,1770.2289821569948,600.0968475792,37.543560537003756,22529.772325154812,22529.772325154812,1
193,2019,fish_oil,25745.424711813845,1.4760552140249767,38001.66838316031,25745.424711813845,2.0847353824298454,53672.39783240203,53672.39783240203,1
194,2019,fish_oil,65261.746892482086,1.4760552140249767,96329.94177702651,65261.746892482086,1.4329434424635192,93516.39225329616,93517.60366213635,0.9999870461945907
195,2019,fish_oil,9450.47126399373,1.5501984488721658,14650.105894554055,9450.47126399373,1.6708690131513098,15790.499594684014,15790.499594684014,1
196,2019,fish_oil,39745.62907661888,1.4760552140249767,58666.74303324603,39745.62907661888,1.4329434424635192,56953.23855192841,56953.23855192841,1
197,2019,fish_oil,34927.6923120897,0.39618250579125025,13837.740661709484,34927.6923120897,0.4679036154143196,16342.793510905703,16343.43286142088,0.9999608802801346
198,2019,fish_oil,13917.154369825908,0.39618250579125025,5513.733091721277,13917.154369825908,0.4679036154143196,6511.886845920739,6511.886845920739,1
199,2019,fish_oil,517.42933127172,0.39618250579125025,204.99644903312097,517.42933127172,0.4679036154143196,242.10705482345145,242.10705482345145,1
200,2019,fish_oil,52276.01574252479,0.43692501158250047,22840.69878378962,52276.01574252479,0.48564623421962844,25387.650185363178,25387.650185363178,1
202,2019,fish_oil,8739.852768855937,6.633200333565745,57973.1943016907,8739.852768855937,5.748828062077304,50243.91085602303,125360.84548398,0.40079428837645925
203,2019,fish_oil,389716.2087415488,1.3242268778742974,516072.6783588292,389716.2087415488,2.349088138424896,915477.7233066931,979147.535427248,0.9349742405338612
204,2019,fish_oil,126724.98556514338,8.531915993565814,1081206.9311276437,126724.98556514338,21.374203711533674,2708645.656810539,2709099.5930004106,0.9998324401985647
205,2019,fish_oil,44724.10809826799,3.826366335350629,171130.8216057951,44724.10809826799,10.550575298718494,471865.07015880203,471883.60963264655,0.9999607117656429
206,2019,fish_oil,90008.22510062947,1.4235776800097977,128133.70027055372,90008.22510062947,1.609266466387589,144847.21835350868,856686.2608758092,0.1690784887870481
207,2019,fish_oil,394632.2595472988,1.4211550364990428,560833.6232206412,394632.2595472988,1.3339390417129715,526415.3781295484,559814.9510468083,0.9403381905845755
208,2019,fish_oil,33.03024921099,8.179516250944822,270.1714601940501,33.03024921099,42.90871120219815,1417.2854243310032,1613.791663678084,0.8782332045889912
209,2019,fish_oil,490934.8838322549,5.324530452954436,2613997.7393824896,490934.8838322549,6.952912284717577,3413427.184793682,41617343.29389796,0.08201934373101051
210,2019,fish_oil,562805.4677527555,1.973286849887172,1110576.6285611114,562805.4677527555,2.6696886396762287,1502515.3636071975,1637824.7626982606,0.9173846908578025
212,2019,fish_oil,289.35460439999997,4.173549943898697,1207.6358929604496,289.35460439999997,7.708067116186213,2230.3647110927104,2340.7074123249276,0.9528592507328294
214,2019,fish_oil,11304.812201508,1.7825488641525438,20151.380149255903,11304.812201508,2.446627027241295,27658.659070096637,27718.89804683397,0.9978267903494737
215,2019,fish_oil,10.51604343,2.9499054849198525,31.02133419381238,10.51604343,37.543560537003756,394.8097131239656,394.8097131239656,1
216,2019,fish_oil,551985.8821979382,2.0452559300873903,1128952.3988898527,551985.8821979382,2.081482532692897,1148948.9720880876,12038375.25933396,0.09544053473472255
218,2019,fish_oil,62460.28584410968,3.5942517513095513,224497.9917824864,62460.28584410968,4.630126968918255,289199.05397315533,289199.05397315533,1
219,2019,fish_oil,2.94008444172,2.850624287170221,8.381076115898333,2.94008444172,4.044532184510794,11.89126614971599,11.89126614971599,1
221,2019,fish_oil,3.1153844969999995,8.507692307692308,26.504732720630766,3.1153844969999995,4.285629370629371,13.351383301146607,13.351383301146607,1
222,2019,fish_oil,64226.34122804093,7.386479686176331,474406.56479835376,64226.34122804093,7.497924575601142,481564.26229467295,481608.52333861234,0.9999080974654838
223,2019,fish_oil,171877.98479880363,1.3601065553988447,233772.3738535958,171877.98479880363,1.8123312715701627,311499.8467453329,311629.3826540219,0.9995843270375027
224,2019,fish_oil,380866.30844279926,1.3292085576893042,506250.7565177029,380866.30844279926,1.801433378412336,686105.2807415467,723370.4098726361,0.9484840288979325
227,2019,fish_oil,250.598482329339,3.713604198153352,930.623576029092,250.598482329339,3.4845125427256796,873.2135548646013,873.2135548646013,1
228,2019,fish_oil,250.598482329339,3.713604198153352,930.623576029092,250.598482329339,3.4845125427256796,873.2135548646013,873.2135548646013,1
231,2019,fish_oil,312.3656517834,3.826366335350629,1195.225414303859,312.3656517834,10.550575298718494,3295.6373298740423,3947.840652110657,0.8347949221587949
232,2019,fish_oil,3.5554728634019996,3.513087883902964,12.490688637963345,3.5554728634019996,10.436069385210523,37.1051614996964,37.1051614996964,1
244,2019,fish_oil,3.19715775,1.4235776800097977,4.5514024123703445,3.19715775,4.272277057119686,13.659143703317396,20.738143703317395,0.6586483293165916
245,2019,fish_oil,2.1723533099999996,1.4235776800097977,3.0925136852114044,2.1723533099999996,2.3849063523012894,5.180859208461731,5.180859208461731,1
247,2019,fish_oil,737.8890093843299,1.4235776800097977,1050.4423240840722,737.8890093843299,2.3849063523012894,1759.7961857739942,1759.7961857739942,1
250,2019,fish_oil,8.672266921319999,1.4235776800097977,12.345645624278434,8.672266921319999,1.2731755333965924,11.041318063309213,252.8303034690832,0.04367086504984311
4,2019,fish_oil,0,2.325102362270121,0,0,3.288745553885218,0,0,0
10,2019,fish_oil,0,4.173549943898697,0,0,7.708067116186213,0,0,0
30,2019,fish_oil,0,1.4235776800097977,0,0,2.3849063523012894,0,0,0
36,2019,fish_oil,0,1.4235776800097977,0,0,2.3849063523012894,0,0,0
46,2019,fish_oil,0,6.633200333565745,0,0,5.748828062077304,0,10503.03986734723,0
60,2019,fish_oil,0,3.513087883902964,0,0,10.436069385210523,0,0,0
86,2019,fish_oil,0,3.713604198153352,0,0,3.4845125427256796,0,0,0
88,2019,fish_oil,0,1.4235776800097977,0,0,2.3849063523012894,0,0,0
91,2019,fish_oil,0,1.4235776800097977,0,0,2.3849063523012894,0,0,0
92,2019,fish_oil,0,1.4235776800097977,0,0,2.3849063523012894,0,0,0
105,2019,fish_oil,0,4.173549943898697,0,0,7.708067116186213,0,0,0
107,2019,fish_oil,0,1.4235776800097977,0,0,2.3849063523012894,0,0,0
131,2019,fish_oil,0,1.2829220392468832,0,0,1.3371867421361994,0,1844.1610071054542,0
149,2019,fish_oil,0,1.4235776800097977,0,0,2.3849063523012894,0,0,0
150,2019,fish_oil,0,1.4235776800097977,0,0,2.3849063523012894,0,0,0
159,2019,fish_oil,0,1.4235776800097977,0,0,2.3849063523012894,0,0,0
185,2019,fish_oil,0,2.486637608721396,0,0,3.2472760508164895,0,0,0
220,2019,fish_oil,0,1.4235776800097977,0,0,2.3849063523012894,0,0,0
237,2019,fish_oil,0,3.826366335350629,0,0,10.550575298718494,0,0,0
248,2019,fish_oil,0,1.4235776800097977,0,0,2.3849063523012894,0,0,0
249,2019,fish_oil,0,1.4235776800097977,0,0,2.3849063523012894,0,0,0
1,2020,fish_oil,19.076750991,3.670908232948931,70.02900227077858,19.076750991,3.288745553885218,62.738580004226684,62.738580004226684,1
2,2020,fish_oil,0.89275446,3.670908232948931,3.277219697215877,0.89275446,3.288745553885218,2.936042261036199,2.936042261036199,1
3,2020,fish_oil,0.01736397,3.670908232948931,0.06374154042967825,0.01736397,3.288745553885218,0.05710567913529631,0.05710567913529631,1
5,2020,fish_oil,20.297703556529996,1.3084646916784708,26.558828425876023,20.297703556529996,1.6460735474746353,33.41151289888585,199.32044968791294,0.16762711980230882
6,2020,fish_oil,145.263824928,1.3084646916784708,190.07258589645087,145.263824928,1.6460735474746353,239.1149396189673,239.1149396189673,1
7,2020,fish_oil,0.50190948,1.2864514421804711,0.6456821743900504,0.50190948,1.463166073835872,0.7343769232726042,5600.76302108281,1.311208705864197e-4
8,2020,fish_oil,43.853757480000006,8.734880162391821,383.057316258394,43.853757480000006,7.708067116186213,338.0277059527932,560.7879704103846,0.6027727479700119
9,2020,fish_oil,14.73954166188,8.734880162391821,128.7481300651034,14.73954166188,7.708067116186213,113.61337639159392,593.29329304427,0.1914961414928997
11,2020,fish_oil,56.87039484,8.734880162391821,496.7560837153062,56.87039484,7.708067116186213,438.36082035073014,517.6080198493813,0.8468972727244232
12,2020,fish_oil,0.04010662160999999,1.587472022331214,0.06366813971609946,0.04010662160999999,2.3849063523012894,0.09565053664703314,0.09565053664703314,1
13,2020,fish_oil,11.809075959549,1.587472022331214,18.746577695368178,11.809075959549,2.3849063523012894,28.163540270736856,28.163540270736856,1
14,2020,fish_oil,64055.88247080591,36.07692307692307,2310939.14452369,64055.88247080591,34.93719946000395,2237933.142469117,2247079.3813963756,0.9959297214851507
15,2020,fish_oil,219968.57785838997,1.9611959165693056,431401.4766694318,219968.57785838997,2.7007441458925356,594078.8489313532,3148163.369507785,0.18870648667265236
16,2020,fish_oil,13431.633552928486,3.5046782081142296,47073.55341232437,13431.633552928486,3.563948901853449,47869.65565105742,48696.32075092309,0.9830240747736573
17,2020,fish_oil,911.3277735,1.3304779411764704,1212.5014998232168,911.3277735,1.7395058331844377,1585.2599779462362,2144.4790108363577,0.7392284885679421
18,2020,fish_oil,896.34268846539,1.3084646916784708,1172.832759501118,896.34268846539,1.7355487354035966,1555.6464194543676,3268.3531077485377,0.4759725672744099
19,2020,fish_oil,10.2741534,8.734880162391821,89.74349871903048,10.2741534,7.708067116186213,79.19386396919278,79.19386396919278,1
20,2020,fish_oil,114301.21142381184,1.8042007746194664,206222.33419078472,114301.21142381184,2.7738499978680187,317054.4150642524,1188076.7215253331,0.26686358660171083
21,2020,fish_oil,11901.8138006583,11.440945395971468,136168.00180635124,11901.8138006583,11.833412595566443,140839.07333879644,549472.9463588605,0.256316665401056
24,2020,fish_oil,16188.090965334,4.196917254546686,67940.07829058159,16188.090965334,10.550575298718494,170793.67267226093,176105.13121174733,0.9698392743985412
25,2020,fish_oil,259308.48591954,3.615823054019566,937613.6014907808,259308.48591954,3.7279995710959137,966701.9242895759,979636.6987123078,0.9867963557921685
26,2020,fish_oil,1921.19167004112,13.221330088697108,25400.709233268903,1921.19167004112,11.666758129986418,22414.07853571442,22414.07853571442,1
28,2020,fish_oil,41.85,6.942571391070415,290.54661271629686,41.85,5.748828062077304,240.58845439793518,240.58845439793518,1
29,2020,fish_oil,10.1121214698,6.942571391070415,70.2041252192624,10.1121214698,5.748828062077304,58.13284767272063,58.13284767272063,1
31,2020,fish_oil,475.762008144744,5.2911555688265155,2517.3307988311485,475.762008144744,4.410791515668824,2098.4870290023987,2098.4870290023987,1
32,2020,fish_oil,0.031904145,6.942571391070415,0.22149680433356225,0.031904145,5.748828062077304,0.1834114440725833,0.1834114440725833,1
33,2020,fish_oil,0,1.587472022331214,0,0,2.3849063523012894,0,0,0
34,2020,fish_oil,0,1.587472022331214,0,0,2.3849063523012894,0,0,0
35,2020,fish_oil,0,1.587472022331214,0,0,2.3849063523012894,0,0,0
37,2020,fish_oil,85.9258736172,3.815400955921402,327.84166033744646,85.9258736172,3.477673705469413,298.8221512980244,315.3975113686629,0.9474461291761308
38,2020,fish_oil,0,13.221330088697108,0,0,11.666758129986418,0,0,0
39,2020,fish_oil,8.315307261000001,13.221330088697108,109.93942208662084,8.315307261000001,11.666758129986418,97.01267859060685,520.1207650343382,0.18651952606468636
40,2020,fish_oil,12040.58856555,29.585882352941177,356231.4367605311,12040.58856555,23.919914146390443,288009.8447599665,293834.6193002403,0.9801766907039566
41,2020,fish_oil,8724.121473059748,14.58293281020108,127223.27726966277,8724.121473059748,13.302876548712804,116055.91095208832,116062.31811923847,0.9999447954576992
42,2020,fish_oil,701.7717081382201,1.234468339307049,866.3149551180596,701.7717081382201,2.182279382113405,1531.461929620544,8558.584465540083,0.1789386943351154
43,2020,fish_oil,452.702411946,9.833333333333334,4451.573717469,452.702411946,4.992155905067614,2259.961019034575,3291.2838122738654,0.6866503005929546
44,2020,fish_oil,6996.11574087,6.898137338833113,48260.16721889343,6996.11574087,6.127191315431761,42866.53960921411,42929.84875427798,0.9985252884205058
45,2020,fish_oil,1490.7280928455978,6.942571391070415,10349.486209254808,1490.7280928455978,5.748828062077304,8569.939493077753,8569.939493077753,1
47,2020,fish_oil,12145.93781459274,4.1389677596629415,50271.64502547032,12145.93781459274,3.6654242596572595,44520.01512189671,44520.01512189671,1
48,2020,fish_oil,41682.145178034,1.709994645498569,71276.24506733214,41682.145178034,1.9326741743404976,80558.00551669761,80558.00551669761,1
49,2020,fish_oil,0,1.231115717341926,0,0,2.5773899383593672,0,11.295541938732933,0
50,2020,fish_oil,4469.819862662747,55.41276923723147,247685.0965817245,4469.819862662747,37.543560537003756,167812.95260338066,167812.95260338066,1
51,2020,fish_oil,0,55.41276923723147,0,0,37.543560537003756,0,0,0
52,2020,fish_oil,1058.6182582800002,1.6207983966132406e-4,0.17158067756457257,1058.6182582800002,26.461039105525394,28012.139130170268,28012.139130170268,1
53,2020,fish_oil,85036.1103483822,1.344205633467085,114306.01857842405,85036.1103483822,1.3687953582947872,116397.03313230886,116397.03313230886,1
54,2020,fish_oil,1952.242716438,4.338141606671156,8469.105354500407,1952.242716438,5.06333387011565,9884.856668827108,10249.081710632328,0.9644626658184043
55,2020,fish_oil,144.9242590850892,12.688876901113854,1838.926083515828,144.9242590850892,10.436069385210523,1512.4396234122173,1512.4396234122173,1
56,2020,fish_oil,1091.375391416022,0.8350765499469457,911.3819965606892,1091.375391416022,1.2333975822332677,1346.0997690814077,1346.0997690814077,1
57,2020,fish_oil,2.415684517217946,12.688876901113854,30.652323470905166,2.415684517217946,10.436069385210523,25.210251234465268,25.210251234465268,1
58,2020,fish_oil,2788.934415617754,12.688876901113854,35388.445485053584,2788.934415617754,10.436069385210523,29105.51307218844,29105.51307218844,1
59,2020,fish_oil,179.639216054127,1.7832258814398492,320.3372993892841,179.639216054127,2.523991242365039,453.4078081059376,658.9527229264861,0.6880733508350956
61,2020,fish_oil,9455.153464730673,1.231115717341926,11640.3880403099,9455.153464730673,2.2042952532692595,20841.949901238215,20918.606005615457,0.9963355060869418
62,2020,fish_oil,140860.348805256,1.884930272932288,265511.9357188285,140860.348805256,3.0812475345675474,434025.60247451987,435593.33965439466,0.996400915631266
63,2020,fish_oil,208621.93926804877,1.231115717341926,256837.7484152476,208621.93926804877,2.5773899383593672,537700.0871904879,537700.0871904879,1
64,2020,fish_oil,444247.7517112001,1.0024569670330628,445339.2537916667,444247.7517112001,1.1148000261462037,495247.40522303805,495247.40522303805,1
65,2020,fish_oil,24779.54161007756,0.14583952251060037,3613.836516445264,24779.54161007756,0.2305765012079326,5713.580005988064,5713.580005988064,1
66,2020,fish_oil,55440.37828577113,1.1777894714386283,65297.093837555985,55440.37828577113,1.1546795529170926,64015.871212568694,64015.871212568694,1
67,2020,fish_oil,3260.0236150882524,1.231115717341926,4013.4663114409927,3260.0236150882524,2.5773899383593672,8402.352064342393,8402.352064342393,1
68,2020,fish_oil,106.98741516465,61.9,6622.520998691835,106.98741516465,28.609579924510385,3060.865005069829,3060.865005069829,1
69,2020,fish_oil,24968.68183268567,1.0549830163828362,26341.535274950053,24968.68183268567,1.529753947135234,38195.93958831471,38195.93958831471,1
70,2020,fish_oil,20403.483529990383,1.5395311624929997,31411.798717832866,20403.483529990383,2.391965338303544,48804.42538438424,48804.42538438424,1
71,2020,fish_oil,841.4393159776679,4.020388097391727,3382.9126106340527,841.4393159776679,12.820476003208777,10787.652558648098,11600.548332385815,0.9299260905220905
72,2020,fish_oil,92.1629313,4.857508969759098,447.6822654690415,92.1629313,5.776315907380503,532.3622061390064,566.6507950857834,0.9394890305561361
73,2020,fish_oil,316368.6181807075,1.182306477093207,374044.6664240782,316368.6181807075,1.7575542011568623,556034.9939976938,638707.0122575947,0.8705634717118796
74,2020,fish_oil,87319.53863457122,1.7889300894417062,156208.550059552,87319.53863457122,2.396318532041894,209245.42863937115,209245.42863937115,1
75,2020,fish_oil,8552.4923990826,8.11111111111111,69370.21612589218,8552.4923990826,4.232002020735836,36194.165115245436,36194.165115245436,1
76,2020,fish_oil,142584.31349260092,1.9131884795062817,272790.66593235615,142584.31349260092,2.986219833271625,425788.10486502387,425988.0404010397,0.9995306545793454
77,2020,fish_oil,97.03999989,55.41276923723147,5377.255120685538,97.03999989,37.543560537003756,3643.227110381053,3643.227110381053,1
78,2020,fish_oil,485.77887851013,55.41276923723147,26918.352895202937,485.77887851013,37.543560537003756,18237.86873294286,18946.104186996734,0.9626184123625818
79,2020,fish_oil,115.140469275,374,43062.53550885,115.140469275,229.60139529777732,26436.41240078086,26436.41240078086,1
80,2020,fish_oil,13433.056518078442,1.5380942433376108,20661.30690088522,13433.056518078442,19.983348884439568,268437.4549851565,268437.4549851565,1
81,2020,fish_oil,266.442142622283,55.41276923723147,14764.296964202082,266.442142622283,28.24207922330041,7524.880100364423,7524.880100364423,1
82,2020,fish_oil,234.44925813260105,12.688876901113854,2974.8977760020407,234.44925813260105,10.436069385210523,2446.728725182957,2446.728725182957,1
84,2020,fish_oil,30120.26688567,1.231115717341926,37081.533973481884,30120.26688567,2.5773899383593672,77631.6728118247,77631.6728118247,1
85,2020,fish_oil,0.01045692044999999,1.587472022331214,0.01660006865411811,0.01045692044999999,2.3849063523012894,0.024938776006714236,0.024938776006714236,1
89,2020,fish_oil,0.02166102126899999,8.734880162391821,0.18920642497973533,0.02166102126899999,7.708067116186213,0.166964605746589,0.166964605746589,1
90,2020,fish_oil,0,1.5070031770391226,0,0,2.1521520399948773,0,0,0
93,2020,fish_oil,0,1.587472022331214,0,0,2.3849063523012894,0,0,0
94,2020,fish_oil,21.68561844018,8.734880162391821,189.42127832232657,21.68561844018,7.708067116186213,167.15420239291282,167.15420239291282,1
95,2020,fish_oil,499.46721264855,3.3550710938831796,1675.7480074995533,499.46721264855,3.4845125427256796,1740.3997671541067,1740.3997671541067,1
96,2020,fish_oil,57606.67887502738,1.0056378755706212,57931.45816256152,57606.67887502738,1.4329434424635192,82547.11273607222,82547.11273607222,1
97,2020,fish_oil,8735.962446577216,1.0056378755706212,8785.214715840639,8735.962446577216,1.4329434424635192,12518.140101430383,12518.140101430383,1
98,2020,fish_oil,4783.630304265201,1.0056378755706212,4810.599816696501,4783.630304265201,1.4329434424635192,6854.671675666588,6854.671675666588,1
99,2020,fish_oil,2227.729131206595,1.0056378755706212,2240.2887908533858,2227.729131206595,1.4329434424635192,3192.209850147443,3192.209850147443,1
100,2020,fish_oil,7097.137855821,0.35405882352941176,2512.8042796580353,7097.137855821,0.4501609966090107,3194.8546502479185,3194.8546502479185,1
101,2020,fish_oil,1877.22405387,1.2057194643036957,2263.4055806101483,1877.22405387,1.6157140906401382,3033.057355126361,3033.057355126361,1
102,2020,fish_oil,16525.0084267881,1.80828688977455,29881.956091574884,16525.0084267881,2.688589989349616,44428.97223018053,47675.87042501787,0.9318964044936758
103,2020,fish_oil,179.81853810511498,0.40202941176470586,72.29234109878873,179.81853810511498,0.4679036154143196,84.13774409790089,84.13774409790089,1
104,2020,fish_oil,714.5946254700001,0.40202941176470586,287.28805692792446,714.5946254700001,0.4679036154143196,334.36140881305465,334.36140881305465,1
106,2020,fish_oil,58473.45202547699,1.2659345391903531,74023.56254474143,58473.45202547699,2.541546039158982,148612.9703913038,148616.4883735776,0.9999763284524329
108,2020,fish_oil,9.036658242,3,27.109974725999997,9.036658242,4.285629370629371,38.72776797425517,38.72776797425517,1
110,2020,fish_oil,3.184079085,3,9.552237255,3.184079085,4.285629370629371,13.645782845082694,13.645782845082694,1
111,2020,fish_oil,30.00336228,3,90.01008684,30.00336228,4.285629370629371,128.58329060480142,128.58329060480142,1
112,2020,fish_oil,826.6123699199999,3,2479.8371097599997,826.6123699199999,4.285629370629371,3542.5542506547017,3630.5877607182706,0.9757522704681425
113,2020,fish_oil,0,3,0,0,4.285629370629371,0,0,0
114,2020,fish_oil,1705.4806707846003,3,5116.442012353801,1705.4806707846003,4.285629370629371,7309.058053755164,7592.921335573346,0.9626147474374239
115,2020,fish_oil,725.60416653,3,2176.81249959,725.60416653,4.861013986013986,3527.1720018123515,3535.67304497894,0.9975956365143375
116,2020,fish_oil,50.98762606499999,1.587472022331214,80.94142986327326,50.98762606499999,2.3849063523012894,121.60071329118128,121.60071329118128,1
117,2020,fish_oil,198.7948035,3,596.3844105000001,198.7948035,4.285629370629371,851.9608486080945,851.9608486080945,1
118,2020,fish_oil,36.0839592234,3,108.2518776702,36.0839592234,4.285629370629371,154.64247545639563,154.64247545639563,1
119,2020,fish_oil,107.18444069999998,3,321.55332209999995,107.18444069999998,4.285629370629371,459.35278713840205,479.6156014662603,0.9577519699819781
120,2020,fish_oil,56.33100352233,3,168.99301056699,56.33100352233,4.285629370629371,241.41380317232398,343.75124927261794,0.7022921478341059
121,2020,fish_oil,1.2470668605000002,3,3.7412005815,1.2470668605000002,4.285629370629371,5.344466364497361,5.344466364497361,1
122,2020,fish_oil,16.319379258,3,48.95813777400001,16.319379258,4.285629370629371,69.93881105852455,1326.1366661642703,0.052738765802182515
123,2020,fish_oil,58.690789380000005,3,176.07236814,58.690789380000005,4.285629370629371,251.5269707523504,251.5269707523504,1
124,2020,fish_oil,0,3,0,0,3.7102447552447555,0,0,0
125,2020,fish_oil,50.7157396587,3,152.14721897610002,50.7157396587,4.285629370629371,217.3488634345175,463.125387721979,0.46930889386913777
126,2020,fish_oil,82.847551587552,3,248.542654762656,82.847551587552,4.285629370629371,355.05390036834484,356.48465036834483,0.9959865032098251
127,2020,fish_oil,85.58393060260799,3,256.75179180782396,85.58393060260799,4.285629370629371,366.78100664444264,535.7269993682361,0.6846416310489756
129,2020,fish_oil,72623.42847,1.7838141893859314,129546.70218664022,72623.42847,2.2396359132212504,162650.03854266662,162650.03854266662,1
130,2020,fish_oil,0.26603397,0.8158110521032101,0.21703345296089385,0.26603397,1.134726662961296,0.3018758390124455,141.36903459957318,0.002135374552620429
132,2020,fish_oil,1428.497824845591,0.14250951848878557,203.57453718102272,1428.497824845591,6.711653332926084,9587.582187202572,9933.935311633466,0.9651343487182481
133,2020,fish_oil,145.86218018999998,0.6173015087806084,90.04094390531596,145.86218018999998,0.899642500014652,131.22381644371922,131.22381644371922,1
134,2020,fish_oil,156.47671989,1.3363636363636364,209.10979839845456,156.47671989,1.4357522526653674,224.6618030717552,224.6618030717552,1
135,2020,fish_oil,189181.672421508,1.887437218194018,357068.52952854306,189181.672421508,2.4899191833318852,471047.0752971214,473125.7576973694,0.9956064907343777
136,2020,fish_oil,1258.406908483347,1.2971362504446815,1632.3252188037725,1258.406908483347,1.508341345016909,1898.107168920342,1898.107168920342,1
137,2020,fish_oil,15405.67905970122,1.5973396036278134,24608.101282840453,15405.67905970122,2.211599754677016,34071.196029068065,35884.35681062532,0.9494721114516289
138,2020,fish_oil,1181547.4283075866,2.5813015362819027,3049930.1918803044,1181547.4283075866,3.555083303556598,4200499.534736537,4200499.534736537,1
139,2020,fish_oil,36330.5781055224,1.3051305686265848,47416.148061393,36330.5781055224,3.137514027709095,113987.69844085745,138013.2966948185,0.8259182352039051
140,2020,fish_oil,125.820753435,1.587472022331214,199.73692590669648,125.820753435,2.3849063523012894,300.0707141184658,300.0707141184658,1
141,2020,fish_oil,109669.32348468545,0.7275060269072244,79785.09380194667,109669.32348468545,1.9433388307830615,213124.65487349796,213769.95514371697,0.9969813331822744
143,2020,fish_oil,2193.750133170966,2.6689540757781463,5855.0183591655,2193.750133170966,3.0386387249288247,6666.014107471064,6666.014107471064,1
144,2020,fish_oil,0.195706864881,3.3550710938831796,0.6566104452367443,0.195706864881,3.4845125427256796,0.6819430253753643,0.6819430253753643,1
145,2020,fish_oil,272.88732179825973,3.3550710938831796,915.5563652525384,272.88732179825973,2.978864098082635,812.8942457267588,812.8942457267588,1
146,2020,fish_oil,0,8.734880162391821,0,0,7.708067116186213,0,0,0
147,2020,fish_oil,514.1729664000001,8.734880162391821,4491.239244245517,514.1729664000001,7.708067116186213,3963.279734339759,4446.463483585996,0.8913330220680105
148,2020,fish_oil,14.16894066,8.734880162391821,123.76399869314088,14.16894066,7.708067116186213,109.21514557253978,109.21514557253978,1
151,2020,fish_oil,14.677137238229998,8.734880162391821,128.2030349029175,14.677137238229998,7.708067116186213,113.13235890575278,113.13235890575278,1
152,2020,fish_oil,60.818838119999995,8.734880162391821,531.2452625941074,60.818838119999995,7.708067116186213,468.7956861574245,468.9334032537097,0.9997063184338552
153,2020,fish_oil,9.36503616024,8.734880162391821,81.80246857616245,9.36503616024,7.708067116186213,72.18632726864075,72.18632726864075,1
154,2020,fish_oil,1.5286821170219995,8.734880162391821,13.352855098578596,1.5286821170219995,7.708067116186213,11.783184357319199,11.783184357319199,1
155,2020,fish_oil,49.187853693,8.734880162391821,429.650007453617,49.187853693,7.708067116186213,379.1432775667919,467.2671303281804,0.8114058382418305
156,2020,fish_oil,4.4970933186,8.734880162391821,39.28157121706394,4.4970933186,7.708067116186213,34.66389712752139,34.66389712752139,1
157,2020,fish_oil,0.1795594932,8.734880162391821,1.5684306551218092,0.1795594932,7.708067116186213,1.384056624933982,1.384056624933982,1
158,2020,fish_oil,0,1.587472022331214,0,0,2.3849063523012894,0,0,0
161,2020,fish_oil,5.579839342800001,8.734880162391821,48.73922798475714,5.579839342800001,7.708067116186213,43.00977615183878,43.00977615183878,1
162,2020,fish_oil,19793.00900102472,3.837138257783632,75948.51207448773,19793.00900102472,3.0135422059169876,59647.06800668282,59652.30853141126,0.99991214883619
163,2020,fish_oil,170104.28316426955,2.706269706224828,460348.0684265527,170104.28316426955,3.458937400103335,588380.06695466,593862.379024779,0.9907683795711696
164,2020,fish_oil,3.63640617,1.1054115993312974,4.019725560197897,3.63640617,1.5778863713353657,5.737835736282835,122.92027049930087,0.04667932890951025
166,2020,fish_oil,763.6937710374899,3,2291.0813131124696,763.6937710374899,4.285629370629371,3272.9084553249686,3272.9084553249686,1
167,2020,fish_oil,812.15046009,1.3051305686265848,1059.9623917876042,812.15046009,3.137514027709095,2548.1334611427706,2548.1334611427706,1
168,2020,fish_oil,1935.72956088,1.3051305686265848,2526.379822498604,1935.72956088,3.137514027709095,6073.378651112166,6114.52653068053,0.9932704716609048
169,2020,fish_oil,101.238654681,1.3051305686265848,132.129662950804,101.238654681,3.137514027709095,317.6376992080345,317.6376992080345,1
171,2020,fish_oil,41045.710021942745,0.959410027897976,39379.66579724432,41045.710021942745,1.4224343098491854,58384.82620733192,59021.49491096563,0.9892129349723499
172,2020,fish_oil,27692.810979927486,1.2319608642478597,34116.45934828409,27692.810979927486,3.1228800868333497,86481.32795765549,86481.32795765549,1
173,2020,fish_oil,1256.2204635517498,1.3051305686265848,1639.5317279156473,1256.2204635517498,3.137514027709095,3941.409326288837,3941.409326288837,1
174,2020,fish_oil,30496.825507251535,1.5794208052073289,48167.32069893063,30496.825507251535,2.478941071842013,75599.83331072496,75599.83331072496,1
175,2020,fish_oil,25248.637453543684,2.009935781831478,50748.13986036786,25248.637453543684,2.4996215141653004,63112.03738223758,63267.13923903271,0.9975484610390059
176,2020,fish_oil,13824.144297818497,2.442831042594605,33770.048828018225,13824.144297818497,3.2481233783097996,44902.52627887237,45094.048462438805,0.9957528279208294
177,2020,fish_oil,8787.688803130473,3.5985914007390605,31623.301359316247,8787.688803130473,4.033789810956062,35447.68955592038,50291.10619012102,0.7048500667675426
178,2020,fish_oil,32162.36556513069,1.9306258316034943,62093.49376551603,32162.36556513069,2.3415452426278867,75309.63408069072,75316.2919464802,0.9999116012536278
179,2020,fish_oil,22303.823654389267,2.1385714875518116,47698.32133066054,22303.823654389267,3.18319977163506,70997.52636324057,72423.38708629261,0.9803121508062979
180,2020,fish_oil,160078.35359367882,1.780869702817986,285078.6899919673,160078.35359367882,2.2622906926210296,362143.7694250778,364750.06241094565,0.9928545783689777
181,2020,fish_oil,68767.56876788016,1.817645498940769,124995.0618440372,68767.56876788016,2.2202330268360853,152680.02735366923,152781.60598046382,0.9993351383751812
182,2020,fish_oil,34345.42334380266,2.56911942816589,88237.49438114569,34345.42334380266,3.117438860940405,107069.75742742016,141870.06918359143,0.7547029337728959
183,2020,fish_oil,17093.521513415642,1.6959534879206422,28989.817431523792,17093.521513415642,2.1449447204779837,36664.65872457772,37835.503961784205,0.969054324256151
184,2020,fish_oil,30089.013061412337,2.14927417867587,64669.53883473452,30089.013061412337,3.0176726311164717,90798.79121273005,91028.60237630708,0.9974753961109168
186,2020,fish_oil,219.95507681577,1.587472022331214,349.1725306147479,219.95507681577,2.3849063523012894,524.572259918848,524.572259918848,1
187,2020,fish_oil,16718.94596387286,15.666666666666666,261930.1534340081,16718.94596387286,8.237959330928895,137729.9969063824,137729.9969063824,1
188,2020,fish_oil,7.0039305035009995,3.303030303030303,23.134194693382092,7.0039305035009995,7.9415413440599565,55.622003664475855,55.622003664475855,1
189,2020,fish_oil,7826.234520874347,15.982295662437297,125081.19403618712,7826.234520874347,11.160247420839122,87342.71362647004,87502.1960817617,0.9981773891121243
190,2020,fish_oil,617.66934831,55.41276923723147,34226.76906281318,617.66934831,37.543560537003756,23189.506570128146,23189.506570128146,1
191,2020,fish_oil,26986.838593285294,13.221330088697108,356801.9010922152,26986.838593285294,9.321789295288283,251565.62311255958,252988.0020432282,0.9943776822648468
192,2020,fish_oil,600.0968475792,55.41276923723147,33253.02813489628,600.0968475792,37.543560537003756,22529.772325154812,22529.772325154812,1
193,2020,fish_oil,25745.424711813845,1.1200415407154647,28835.945160593976,25745.424711813845,2.0847353824298454,53672.39783240203,53672.39783240203,1
194,2020,fish_oil,65261.746892482086,1.0056378755706212,65629.68450098328,65261.746892482086,1.4329434424635192,93516.39225329616,93516.6345350642,0.9999974092120697
195,2020,fish_oil,9450.47126399373,1.4923265381592934,14103.189065369645,9450.47126399373,1.6708690131513098,15790.499594684014,15790.499594684014,1
196,2020,fish_oil,39745.62907661888,1.0056378755706212,39969.70998782892,39745.62907661888,1.4329434424635192,56953.23855192841,57115.280722812044,0.9971628928575166
197,2020,fish_oil,34927.6923120897,0.40202941176470586,14041.95959452806,34927.6923120897,0.4679036154143196,16342.793510905703,16343.615532996646,0.99994970377948
198,2020,fish_oil,13917.154369825908,0.40202941176470586,5595.105384739715,13917.154369825908,0.4679036154143196,6511.886845920739,6511.886845920739,1
199,2020,fish_oil,517.42933127172,0.40202941176470586,208.0218096809747,517.42933127172,0.4679036154143196,242.10705482345145,242.10705482345145,1
200,2020,fish_oil,52276.01574252479,0.45,23524.207084136156,52276.01574252479,0.48564623421962844,25387.650185363178,25387.650185363178,1
202,2020,fish_oil,8739.852768855937,6.942571391070415,60677.051795226784,8739.852768855937,5.748828062077304,50243.91085602303,131246.3374801124,0.3828214319781414
203,2020,fish_oil,389716.2087415488,1.7244631376109392,672051.236104291,389716.2087415488,2.349088138424896,915477.7233066931,978706.4949162707,0.935395573710802
204,2020,fish_oil,126724.98556514338,20.23076923076923,2563743.9387409776,126724.98556514338,21.374203711533674,2708645.656810539,2708904.213585117,0.9999045530021765
205,2020,fish_oil,44724.10809826799,4.196917254546686,187703.3809718321,44724.10809826799,10.550575298718494,471865.07015880203,471870.3790779025,0.9999887492003401
206,2020,fish_oil,90008.22510062947,1.587472022331214,142885.5391269394,90008.22510062947,1.609266466387589,144847.21835350868,833590.2565117049,0.17376308950592298
207,2020,fish_oil,394632.2595472988,1.4236160831045577,561804.8316034267,394632.2595472988,1.3339390417129715,526415.3781295484,558020.7052866076,0.9433617303844912
208,2020,fish_oil,33.03024921099,11.937553101104504,394.3003538989082,33.03024921099,42.90871120219815,1417.2854243310032,1615.285040461899,0.8774212531094346
209,2020,fish_oil,490934.8838322549,5.607192483788934,2752766.390654013,490934.8838322549,6.952912284717577,3413427.184793682,43115760.02559276,0.07916889746968467
210,2020,fish_oil,562805.4677527555,2.275465248554399,1280644.2835677986,562805.4677527555,2.6696886396762287,1502515.3636071975,1659161.8383793486,0.9055869830485243
212,2020,fish_oil,289.35460439999997,8.734880162391821,2527.4777938702928,289.35460439999997,7.708067116186213,2230.3647110927104,2246.2190341325404,0.9929417733538383
214,2020,fish_oil,11304.812201508,0.5773011617515639,6526.281217313824,11304.812201508,2.446627027241295,27658.659070096637,27770.848194948896,0.995960183712622
215,2020,fish_oil,10.51604343,55.41276923723147,582.7230878752941,10.51604343,37.543560537003756,394.8097131239656,394.8097131239656,1
216,2020,fish_oil,551985.8821979382,2.046398117935498,1129582.8704568262,551985.8821979382,2.081482532692897,1148948.9720880876,11814847.97829977,0.09724619175789247
218,2020,fish_oil,62460.28584410968,4.107586278666539,256561.0130948548,62460.28584410968,4.630126968918255,289199.05397315533,289199.05397315533,1
219,2020,fish_oil,2.94008444172,3.4069279924456835,10.016655984649908,2.94008444172,4.044532184510794,11.89126614971599,11.89126614971599,1
221,2020,fish_oil,3.1153844969999995,3,9.346153491,3.1153844969999995,4.285629370629371,13.351383301146607,13.351383301146607,1
222,2020,fish_oil,64226.34122804093,6.265669797330698,402421.0464255915,64226.34122804093,7.497924575601142,481564.26229467295,481611.3788898342,0.9999021688497687
223,2020,fish_oil,171877.98479880363,1.478970502588214,254202.469561736,171877.98479880363,1.8123312715701627,311499.8467453329,311941.07058038935,0.9985855538860736
224,2020,fish_oil,380866.30844279926,1.3182618612151715,502081.52864195616,380866.30844279926,1.801433378412336,686105.2807415467,717513.7339843927,0.9562259901724345
227,2020,fish_oil,250.598482329339,3.3550710938831796,840.7757242341601,250.598482329339,3.4845125427256796,873.2135548646013,873.2135548646013,1
228,2020,fish_oil,250.598482329339,3.3550710938831796,840.7757242341601,250.598482329339,3.4845125427256796,873.2135548646013,873.2135548646013,1
231,2020,fish_oil,312.3656517834,4.196917254546686,1310.9727936974732,312.3656517834,10.550575298718494,3295.6373298740423,3947.840652110657,0.8347949221587949
232,2020,fish_oil,3.5554728634019996,12.688876901113854,45.114957488958765,3.5554728634019996,10.436069385210523,37.1051614996964,37.1051614996964,1
244,2020,fish_oil,3.19715775,1.587472022331214,5.075398479104414,3.19715775,4.272277057119686,13.659143703317396,20.738143703317395,0.6586483293165916
245,2020,fish_oil,2.1723533099999996,1.587472022331214,3.448550102243606,2.1723533099999996,2.3849063523012894,5.180859208461731,5.180859208461731,1
247,2020,fish_oil,737.8890093843299,1.587472022331214,1171.3781579833185,737.8890093843299,2.3849063523012894,1759.7961857739942,1759.7961857739942,1
250,2020,fish_oil,8.672266921319999,1.587472022331214,13.766981107783948,8.672266921319999,1.2731755333965924,11.041318063309213,11.041318063309213,1
4,2020,fish_oil,0,3.670908232948931,0,0,3.288745553885218,0,0,0
10,2020,fish_oil,0,8.734880162391821,0,0,7.708067116186213,0,0,0
30,2020,fish_oil,0,1.587472022331214,0,0,2.3849063523012894,0,0,0
36,2020,fish_oil,0,1.587472022331214,0,0,2.3849063523012894,0,0,0
46,2020,fish_oil,0,6.942571391070415,0,0,5.748828062077304,0,12980.069185076776,0
60,2020,fish_oil,0,12.688876901113854,0,0,10.436069385210523,0,0,0
86,2020,fish_oil,0,3.3550710938831796,0,0,3.4845125427256796,0,0,0
88,2020,fish_oil,0,1.587472022331214,0,0,2.3849063523012894,0,0,0
91,2020,fish_oil,0,1.587472022331214,0,0,2.3849063523012894,0,0,0
92,2020,fish_oil,0,1.587472022331214,0,0,2.3849063523012894,0,0,0
105,2020,fish_oil,0,8.734880162391821,0,0,7.708067116186213,0,0,0
107,2020,fish_oil,0,1.587472022331214,0,0,2.3849063523012894,0,0,0
131,2020,fish_oil,0,1.7340046995195882e-5,0,0,1.3371867421361994,0,23.05471854169866,0
149,2020,fish_oil,0,1.587472022331214,0,0,2.3849063523012894,0,0,0
150,2020,fish_oil,0,1.587472022331214,0,0,2.3849063523012894,0,0,0
159,2020,fish_oil,0,1.587472022331214,0,0,2.3849063523012894,0,0,0
185,2020,fish_oil,0,2.490804953081331,0,0,3.2472760508164895,0,0,0
220,2020,fish_oil,0,1.587472022331214,0,0,2.3849063523012894,0,0,0
237,2020,fish_oil,0,4.196917254546686,0,0,10.550575298718494,0,0,0
248,2020,fish_oil,0,1.587472022331214,0,0,2.3849063523012894,0,0,0
249,2020,fish_oil,0,1.587472022331214,0,0,2.3849063523012894,0,0,0
1,2021,fish_oil,19.076750991,3.5278152980448,67.2992539830411,19.076750991,3.288745553885218,62.738580004226684,62.738580004226684,1
2,2021,fish_oil,0.89275446,3.5278152980448,3.1494728413857245,0.89275446,3.288745553885218,2.936042261036199,2.936042261036199,1
3,2021,fish_oil,0.01736397,3.5278152980448,0.06125687900079096,0.01736397,3.288745553885218,0.05710567913529631,0.05710567913529631,1
5,2021,fish_oil,20.297703556529996,1.410261839747558,28.625076760282543,20.297703556529996,1.6460735474746353,33.41151289888585,155.7484056827139,0.21452234295708178
6,2021,fish_oil,145.263824928,1.410261839747558,204.86002899172843,145.263824928,1.6460735474746353,239.1149396189673,248.4559010173753,0.9624039462932508
7,2021,fish_oil,0.50190948,1.0135509701262704,0.5087108403695719,0.50190948,1.463166073835872,0.7343769232726042,12683.007246778492,5.7902428736618225e-5
8,2021,fish_oil,43.853757480000006,9.479579859767002,415.71519618251455,43.853757480000006,7.708067116186213,338.0277059527932,721.7313470299907,0.468356691646853
9,2021,fish_oil,14.73954166188,9.479579859767002,139.7246622801543,14.73954166188,7.708067116186213,113.61337639159392,1219.1520169095897,0.09319049209268486
11,2021,fish_oil,56.87039484,9.479579859767002,539.1074495422613,56.87039484,7.708067116186213,438.36082035073014,3818.965159809492,0.11478523683955201
12,2021,fish_oil,0.04010662160999999,1.7024125352346209,0.06827801537477572,0.04010662160999999,2.3849063523012894,0.09565053664703314,0.09565053664703314,1
13,2021,fish_oil,11.809075959549,1.7024125352346209,20.103918943074028,11.809075959549,2.3849063523012894,28.163540270736856,28.163540270736856,1
14,2021,fish_oil,64055.88247080591,0.08936268463516703,5724.205624265952,64055.88247080591,34.93719946000395,2237933.142469117,2241045.338297557,0.9986112749370772
15,2021,fish_oil,219968.57785838997,3.1013142514380636,682191.685380788,219968.57785838997,2.7007441458925356,594078.8489313532,2935251.655517611,0.20239451967078154
16,2021,fish_oil,13431.633552928486,4.414607052091405,59295.38420386563,13431.633552928486,3.563948901853449,47869.65565105742,48953.03473823679,0.9778690107166502
17,2021,fish_oil,911.3277735,1.8069727093688457,1646.7444160043729,911.3277735,1.7395058331844377,1585.2599779462362,2144.4790108363577,0.7392284885679421
18,2021,fish_oil,896.34268846539,1.410261839747558,1264.077888879473,896.34268846539,1.7355487354035966,1555.6464194543676,3633.6961460029524,0.428116814655945
19,2021,fish_oil,10.2741534,9.479579859767002,97.39465764679666,10.2741534,7.708067116186213,79.19386396919278,79.19386396919278,1
20,2021,fish_oil,114301.21142381184,2.1930925393482306,250673.13401202648,114301.21142381184,2.7738499978680187,317054.4150642524,1216203.7780409202,0.26069185180050053
21,2021,fish_oil,11901.8138006583,3.533952748710662,42060.44759547889,11901.8138006583,11.833412595566443,140839.07333879644,549472.9463588605,0.256316665401056
24,2021,fish_oil,16188.090965334,14.573864422390765,235923.04298610656,16188.090965334,10.550575298718494,170793.67267226093,176105.13121174733,0.9698392743985412
25,2021,fish_oil,259308.48591954,3.276378370890284,849592.7146550886,259308.48591954,3.7279995710959137,966701.9242895759,981342.975570577,0.9850805970537585
26,2021,fish_oil,1921.19167004112,10.677540646744092,20513.602147050224,1921.19167004112,11.666758129986418,22414.07853571442,22414.07853571442,1
28,2021,fish_oil,41.85,5.812489553582919,243.2526878174452,41.85,5.748828062077304,240.58845439793518,240.58845439793518,1
29,2021,fish_oil,10.1121214698,5.812489553582919,58.776600407774055,10.1121214698,5.748828062077304,58.13284767272063,58.13284767272063,1
31,2021,fish_oil,475.762008144744,4.20827633378933,2002.1379993916128,475.762008144744,4.410791515668824,2098.4870290023987,2098.4870290023987,1
32,2021,fish_oil,0.031904145,5.812489553582919,0.18544250952849473,0.031904145,5.748828062077304,0.1834114440725833,0.1834114440725833,1
33,2021,fish_oil,0,1.7024125352346209,0,0,2.3849063523012894,0,0,0
34,2021,fish_oil,0,1.7024125352346209,0,0,2.3849063523012894,0,0,0
35,2021,fish_oil,0,1.7024125352346209,0,0,2.3849063523012894,0,0,0
37,2021,fish_oil,85.9258736172,2.2071280457120017,189.6494055128271,85.9258736172,3.477673705469413,298.8221512980244,316.2262793721948,0.9449630558575874
38,2021,fish_oil,0,10.677540646744092,0,0,11.666758129986418,0,0,0
39,2021,fish_oil,8.315307261000001,10.677540646744092,88.7870312694938,8.315307261000001,11.666758129986418,97.01267859060685,546.2497345728099,0.17759766724001216
40,2021,fish_oil,12040.58856555,13.298730395817774,160124.54114021573,12040.58856555,23.919914146390443,288009.8447599665,305613.5997543773,0.942398653042407
41,2021,fish_oil,8724.121473059748,13.630667236954665,118915.59673404816,8724.121473059748,13.302876548712804,116055.91095208832,116055.91095208832,1
42,2021,fish_oil,701.7717081382201,0.977956989247312,686.302546829797,701.7717081382201,2.182279382113405,1531.461929620544,11665.135572811932,0.13128539484701235
43,2021,fish_oil,452.702411946,7.7,3485.8085719842,452.702411946,4.992155905067614,2259.961019034575,3524.9648321567,0.6411300897013062
44,2021,fish_oil,6996.11574087,6.150908715794211,43032.46928722235,6996.11574087,6.127191315431761,42866.53960921411,43087.575848445726,0.9948700702028567
45,2021,fish_oil,1490.7280928455978,5.812489553582919,8664.841466897626,1490.7280928455978,5.748828062077304,8569.939493077753,8569.939493077753,1
47,2021,fish_oil,12145.93781459274,1.6576514647946694,20133.73160966462,12145.93781459274,3.6654242596572595,44520.01512189671,44520.01512189671,1
48,2021,fish_oil,41682.145178034,1.6104722044981816,67127.93623308167,41682.145178034,1.9326741743404976,80558.00551669761,80558.00551669761,1
49,2021,fish_oil,0,2.1753688277089696,0,0,2.5773899383593672,0,16.244247123203,0
50,2021,fish_oil,4469.819862662747,59.00740656851673,263752.47792417236,4469.819862662747,37.543560537003756,167812.95260338066,167812.95260338066,1
51,2021,fish_oil,0,59.00740656851673,0,0,37.543560537003756,0,0,0
52,2021,fish_oil,1058.6182582800002,59.00740656851673,62466.31796718302,1058.6182582800002,26.461039105525394,28012.139130170268,28040.066718477112,0.9990040113460771
53,2021,fish_oil,85036.1103483822,0.9796082209377006,83302.07277384067,85036.1103483822,1.3687953582947872,116397.03313230886,116397.03313230886,1
54,2021,fish_oil,1952.242716438,6.292115606936417,12283.736864627484,1952.242716438,5.06333387011565,9884.856668827108,9884.856668827108,1
55,2021,fish_oil,144.9242590850892,12.963175178808166,1878.6785581789925,144.9242590850892,10.436069385210523,1512.4396234122173,1512.4396234122173,1
56,2021,fish_oil,1091.375391416022,0.9855978260869565,1075.6572132244326,1091.375391416022,1.2333975822332677,1346.0997690814077,1346.0997690814077,1
57,2021,fish_oil,2.415684517217946,12.963175178808166,31.314941573430865,2.415684517217946,10.436069385210523,25.210251234465268,25.210251234465268,1
58,2021,fish_oil,2788.934415617754,12.963175178808166,36153.445391859925,2788.934415617754,10.436069385210523,29105.51307218844,29105.51307218844,1
59,2021,fish_oil,179.639216054127,2.0360150109299435,365.74814043788984,179.639216054127,2.523991242365039,453.4078081059376,568.4501386549744,0.7976210704755186
61,2021,fish_oil,9455.153464730673,2.1753688277089696,20568.446108379565,9455.153464730673,2.2042952532692595,20841.949901238215,20956.93405780408,0.9945133120976231
62,2021,fish_oil,140860.348805256,2.1753688277089696,306423.2118511663,140860.348805256,3.0812475345675474,434025.60247451987,434719.61497030547,0.9984035399556723
63,2021,fish_oil,208621.93926804877,2.1753688277089696,453829.6634599071,208621.93926804877,2.5773899383593672,537700.0871904879,537700.0871904879,1
64,2021,fish_oil,444247.7517112001,1.098215491418535,487879.76295709494,444247.7517112001,1.1148000261462037,495247.40522303805,495247.40522303805,1
65,2021,fish_oil,24779.54161007756,0.14166666666666666,3510.435061427654,24779.54161007756,0.2305765012079326,5713.580005988064,5713.580005988064,1
66,2021,fish_oil,55440.37828577113,1.1056038947586493,61295.098159641406,55440.37828577113,1.1546795529170926,64015.871212568694,64015.871212568694,1
67,2021,fish_oil,3260.0236150882524,2.1753688277089696,7091.753749858089,3260.0236150882524,2.5773899383593672,8402.352064342393,8402.352064342393,1
68,2021,fish_oil,106.98741516465,29.34857142857143,3139.9277959179567,106.98741516465,28.609579924510385,3060.865005069829,3060.865005069829,1
69,2021,fish_oil,24968.68183268567,1.219647638416988,30452.99383162023,24968.68183268567,1.529753947135234,38195.93958831471,38195.93958831471,1
70,2021,fish_oil,20403.483529990383,1.7367123838269702,35434.98251974392,20403.483529990383,2.391965338303544,48804.42538438424,48804.42538438424,1
71,2021,fish_oil,841.4393159776679,21.015384615384615,17683.170855776836,841.4393159776679,12.820476003208777,10787.652558648098,11472.090099403678,0.9403388977226428
72,2021,fish_oil,92.1629313,3.8884192730346583,358.36811832628916,92.1629313,5.776315907380503,532.3622061390064,532.3622061390064,1
73,2021,fish_oil,316368.6181807075,1.6235662148070906,513645.399903401,316368.6181807075,1.7575542011568623,556034.9939976938,650735.5686778021,0.8544714946617628
74,2021,fish_oil,87319.53863457122,1.818840298167811,158820.2956859792,87319.53863457122,2.396318532041894,209245.42863937115,209245.42863937115,1
75,2021,fish_oil,8552.4923990826,3.857142857142857,32988.184967890025,8552.4923990826,4.232002020735836,36194.165115245436,36194.165115245436,1
76,2021,fish_oil,142584.31349260092,2.216244666089597,316001.72424602375,142584.31349260092,2.986219833271625,425788.10486502387,426205.5628592051,0.9990205242949418
77,2021,fish_oil,97.03999989,59.00740656851673,5726.078726918049,97.03999989,37.543560537003756,3643.227110381053,3679.1850121931375,0.990226666587052
78,2021,fish_oil,485.77887851013,59.00740656851673,28664.551786645337,485.77887851013,37.543560537003756,18237.86873294286,18668.189008823694,0.976949007979433
79,2021,fish_oil,115.140469275,386.9565217391304,44554.35550206521,115.140469275,229.60139529777732,26436.41240078086,30351.495712871376,0.8710085542693629
80,2021,fish_oil,13433.056518078442,35.54915003695492,477533.7416160658,13433.056518078442,19.983348884439568,268437.4549851565,268437.4549851565,1
81,2021,fish_oil,266.442142622283,12.5,3330.5267827785374,266.442142622283,28.24207922330041,7524.880100364423,7524.880100364423,1
82,2021,fish_oil,234.44925813260105,12.963175178808166,3039.2068037145223,234.44925813260105,10.436069385210523,2446.728725182957,2446.728725182957,1
84,2021,fish_oil,30120.26688567,2.1753688277089696,65522.68966536124,30120.26688567,2.5773899383593672,77631.6728118247,77631.6728118247,1
85,2021,fish_oil,0.01045692044999999,1.7024125352346209,0.01780199245403123,0.01045692044999999,2.3849063523012894,0.024938776006714236,0.024938776006714236,1
89,2021,fish_oil,0.02166102126899999,9.479579859767002,0.205337380963597,0.02166102126899999,7.708067116186213,0.166964605746589,0.166964605746589,1
90,2021,fish_oil,0,1.7031288423348037,0,0,2.1521520399948773,0,0,0
93,2021,fish_oil,0,1.7024125352346209,0,0,2.3849063523012894,0,0,0
94,2021,fish_oil,21.68561844018,9.479579859767002,205.57055181212223,21.68561844018,7.708067116186213,167.15420239291282,167.15420239291282,1
95,2021,fish_oil,499.46721264855,2.21169171000455,1104.6674936338777,499.46721264855,3.4845125427256796,1740.3997671541067,1740.3997671541067,1
96,2021,fish_oil,57606.67887502738,1.1470895464253457,66080.0191418257,57606.67887502738,1.4329434424635192,82547.11273607222,82547.11273607222,1
97,2021,fish_oil,8735.962446577216,1.1470895464253457,10020.931200433111,8735.962446577216,1.4329434424635192,12518.140101430383,12518.140101430383,1
98,2021,fish_oil,4783.630304265201,1.1470895464253457,5487.2523159861075,4783.630304265201,1.4329434424635192,6854.671675666588,6854.671675666588,1
99,2021,fish_oil,2227.729131206595,1.1470895464253457,2555.4047986743026,2227.729131206595,1.4329434424635192,3192.209850147443,3192.209850147443,1
100,2021,fish_oil,7097.137855821,0.4022489631611747,2854.81634391592,7097.137855821,0.4501609966090107,3194.8546502479185,3194.8546502479185,1
101,2021,fish_oil,1877.22405387,1.3947710871879806,2618.297834511688,1877.22405387,1.6157140906401382,3033.057355126361,3033.057355126361,1
102,2021,fish_oil,16525.0084267881,2.0114865974816265,33239.8329737552,16525.0084267881,2.688589989349616,44428.97223018053,46702.51489349426,0.9513186245216435
103,2021,fish_oil,179.81853810511498,0.4022489631611747,72.33182050994068,179.81853810511498,0.4679036154143196,84.13774409790089,84.13774409790089,1
104,2021,fish_oil,714.5946254700001,0.4022489631611747,287.4449471758555,714.5946254700001,0.4679036154143196,334.36140881305465,334.36140881305465,1
106,2021,fish_oil,58473.45202547699,1.4108187134502923,82495.44035758084,58473.45202547699,2.541546039158982,148612.9703913038,148616.81998666076,0.999974097175829
108,2021,fish_oil,9.036658242,3,27.109974725999997,9.036658242,4.285629370629371,38.72776797425517,38.72776797425517,1
110,2021,fish_oil,3.184079085,3,9.552237255,3.184079085,4.285629370629371,13.645782845082694,13.645782845082694,1
111,2021,fish_oil,30.00336228,3,90.01008684,30.00336228,4.285629370629371,128.58329060480142,128.58329060480142,1
112,2021,fish_oil,826.6123699199999,3,2479.8371097599997,826.6123699199999,4.285629370629371,3542.5542506547017,3568.0376351467876,0.9928578711611495
113,2021,fish_oil,0,3,0,0,4.285629370629371,0,0,0
114,2021,fish_oil,1705.4806707846003,3,5116.442012353801,1705.4806707846003,4.285629370629371,7309.058053755164,7417.196446828757,0.985420583929683
115,2021,fish_oil,725.60416653,3,2176.81249959,725.60416653,4.861013986013986,3527.1720018123515,3532.2726277123047,0.9985559931416572
116,2021,fish_oil,50.98762606499999,1.7024125352346209,86.80197375491147,50.98762606499999,2.3849063523012894,121.60071329118128,121.60071329118128,1
117,2021,fish_oil,198.7948035,3,596.3844105000001,198.7948035,4.285629370629371,851.9608486080945,851.9608486080945,1
118,2021,fish_oil,36.0839592234,3,108.2518776702,36.0839592234,4.285629370629371,154.64247545639563,154.64247545639563,1
119,2021,fish_oil,107.18444069999998,3,321.55332209999995,107.18444069999998,4.285629370629371,459.35278713840205,479.6156014662603,0.9577519699819781
120,2021,fish_oil,56.33100352233,3,168.99301056699,56.33100352233,4.285629370629371,241.41380317232398,343.75124927261794,0.7022921478341059
121,2021,fish_oil,1.2470668605000002,3,3.7412005815,1.2470668605000002,4.285629370629371,5.344466364497361,5.344466364497361,1
122,2021,fish_oil,16.319379258,3,48.95813777400001,16.319379258,4.285629370629371,69.93881105852455,3179.138908972697,0.021999293853166197
123,2021,fish_oil,58.690789380000005,3,176.07236814,58.690789380000005,4.285629370629371,251.5269707523504,251.5269707523504,1
124,2021,fish_oil,0,3,0,0,3.7102447552447555,0,0,0
125,2021,fish_oil,50.7157396587,3,152.14721897610002,50.7157396587,4.285629370629371,217.3488634345175,463.125387721979,0.46930889386913777
126,2021,fish_oil,82.847551587552,3,248.542654762656,82.847551587552,4.285629370629371,355.05390036834484,356.2379693338621,0.9966761853944671
127,2021,fish_oil,85.58393060260799,3,256.75179180782396,85.58393060260799,4.285629370629371,366.78100664444264,534.8221623758362,0.6857999395819618
129,2021,fish_oil,72623.42847,1.5246238541478616,110723.41141536292,72623.42847,2.2396359132212504,162650.03854266662,162650.03854266662,1
130,2021,fish_oil,0.26603397,0.9308834505244136,0.24764661995030832,0.26603397,1.134726662961296,0.3018758390124455,220.4941885297328,0.00136908750759088
132,2021,fish_oil,1428.497824845591,11.574585635359115,16534.27040359952,1428.497824845591,6.711653332926084,9587.582187202572,9593.85507690766,0.9993461554656807
133,2021,fish_oil,145.86218018999998,0.5300492610837438,77.31414082977338,145.86218018999998,0.899642500014652,131.22381644371922,131.22381644371922,1
134,2021,fish_oil,156.47671989,1.356818181818182,212.31045857802275,156.47671989,1.4357522526653674,224.6618030717552,224.6618030717552,1
135,2021,fish_oil,189181.672421508,1.7478828369654087,330667.398293966,189181.672421508,2.4899191833318852,471047.0752971214,473007.2922900991,0.9958558419184467
136,2021,fish_oil,1258.406908483347,1.331779725416688,1675.9208070424152,1258.406908483347,1.508341345016909,1898.107168920342,1898.107168920342,1
137,2021,fish_oil,15405.67905970122,1.7565496513850674,27060.840181668413,15405.67905970122,2.211599754677016,34071.196029068065,37007.49624470486,0.9206566097792436
138,2021,fish_oil,1181547.4283075866,2.3483877012702714,2774731.449105054,1181547.4283075866,3.555083303556598,4200499.534736537,4200499.534736537,1
139,2021,fish_oil,36330.5781055224,3.6412683917116913,132289.38570825153,36330.5781055224,3.137514027709095,113987.69844085745,135363.73566741744,0.8420844613872068
140,2021,fish_oil,125.820753435,1.7024125352346209,214.19882784040848,125.820753435,2.3849063523012894,300.0707141184658,300.0707141184658,1
141,2021,fish_oil,109669.32348468545,1.080525812619503,118500.53487772089,109669.32348468545,1.9433388307830615,213124.65487349796,213807.7268785727,0.9968052043064717
143,2021,fish_oil,2193.750133170966,2.9615833592660024,6496.973888786709,2193.750133170966,3.0386387249288247,6666.014107471064,6666.014107471064,1
144,2021,fish_oil,0.195706864881,2.21169171000455,0.4328432506482882,0.195706864881,3.4845125427256796,0.6819430253753643,0.6819430253753643,1
145,2021,fish_oil,272.88732179825973,2.21169171000455,603.542627386555,272.88732179825973,2.978864098082635,812.8942457267588,812.8942457267588,1
146,2021,fish_oil,0,9.479579859767002,0,0,7.708067116186213,0,0,0
147,2021,fish_oil,514.1729664000001,9.479579859767002,4874.143696722096,514.1729664000001,7.708067116186213,3963.279734339759,4343.117483138202,0.9125426032629483
148,2021,fish_oil,14.16894066,9.479579859767002,134.31560451476977,14.16894066,7.708067116186213,109.21514557253978,109.21514557253978,1
151,2021,fish_oil,14.677137238229998,9.479579859767002,139.13309456256135,14.677137238229998,7.708067116186213,113.13235890575278,113.13235890575278,1
152,2021,fish_oil,60.818838119999995,9.479579859767002,576.5370329367815,60.818838119999995,7.708067116186213,468.7956861574245,468.9334032537097,0.9997063184338552
153,2021,fish_oil,9.36503616024,9.479579859767002,88.77660817060081,9.36503616024,7.708067116186213,72.18632726864075,72.18632726864075,1
154,2021,fish_oil,1.5286821170219995,9.479579859767002,14.49126420850773,1.5286821170219995,7.708067116186213,11.783184357319199,11.783184357319199,1
155,2021,fish_oil,49.187853693,9.479579859767002,466.2801872133288,49.187853693,7.708067116186213,379.1432775667919,645.2987004714851,0.5875469411138938
156,2021,fish_oil,4.4970933186,9.479579859767002,42.63055525049331,4.4970933186,7.708067116186213,34.66389712752139,34.66389712752139,1
157,2021,fish_oil,0.1795594932,9.479579859767002,1.70214855536869,0.1795594932,7.708067116186213,1.384056624933982,1.384056624933982,1
158,2021,fish_oil,0,1.7024125352346209,0,0,2.3849063523012894,0,0,0
161,2021,fish_oil,5.579839342800001,9.479579859767002,52.89453265474243,5.579839342800001,7.708067116186213,43.00977615183878,43.00977615183878,1
162,2021,fish_oil,19793.00900102472,2.6410235439981946,52273.80277827447,19793.00900102472,3.0135422059169876,59647.06800668282,59647.06800668282,1
163,2021,fish_oil,170104.28316426955,2.9593901164495886,503404.93436208146,170104.28316426955,3.458937400103335,588380.06695466,595387.0294747633,0.9882312476200822
164,2021,fish_oil,3.63640617,1.0602939835442362,3.855659583774139,3.63640617,1.5778863713353657,5.737835736282835,122.92027049930087,0.04667932890951025
166,2021,fish_oil,763.6937710374899,3,2291.0813131124696,763.6937710374899,4.285629370629371,3272.9084553249686,3272.9084553249686,1
167,2021,fish_oil,812.15046009,3.6412683917116913,2957.2577996398245,812.15046009,3.137514027709095,2548.1334611427706,2548.1334611427706,1
168,2021,fish_oil,1935.72956088,3.6412683917116913,7048.510864934296,1935.72956088,3.137514027709095,6073.378651112166,6108.90523565753,0.9941844597067906
169,2021,fish_oil,101.238654681,3.6412683917116913,368.6371133093402,101.238654681,3.137514027709095,317.6376992080345,317.6376992080345,1
171,2021,fish_oil,41045.710021942745,1.092040991514544,44823.59786978081,41045.710021942745,1.4224343098491854,58384.82620733192,59064.79733356423,0.9884877091443788
172,2021,fish_oil,27692.810979927486,3.6412683917116913,100836.95729885642,27692.810979927486,3.1228800868333497,86481.32795765549,86481.32795765549,1
173,2021,fish_oil,1256.2204635517498,3.6412683917116913,4574.235866952396,1256.2204635517498,3.137514027709095,3941.409326288837,3941.409326288837,1
174,2021,fish_oil,30496.825507251535,1.712178505174297,52216.009109567305,30496.825507251535,2.478941071842013,75599.83331072496,75599.83331072496,1
175,2021,fish_oil,25248.637453543684,2.043934345921505,51606.55727901802,25248.637453543684,2.4996215141653004,63112.03738223758,63179.50606824703,0.9989321112144092
176,2021,fish_oil,13824.144297818497,2.704089718442686,37381.72646199908,13824.144297818497,3.2481233783097996,44902.52627887237,45068.512171296614,0.9963170319048172
177,2021,fish_oil,8787.688803130473,3.0730965985073735,27005.41656964159,8787.688803130473,4.033789810956062,35447.68955592038,60592.74943228747,0.5850153671526863
178,2021,fish_oil,32162.36556513069,1.718874656553539,55283.07506471339,32162.36556513069,2.3415452426278867,75309.63408069072,75312.69516841002,0.9999593549571895
179,2021,fish_oil,22303.823654389267,2.4231638218055283,54045.81856724644,22303.823654389267,3.18319977163506,70997.52636324057,72749.67554612515,0.9759153677355761
180,2021,fish_oil,160078.35359367882,2.0076800533372654,321386.11748109874,160078.35359367882,2.2622906926210296,362143.7694250778,362324.58933564014,0.9995009449651377
181,2021,fish_oil,68767.56876788016,1.7020374104721507,117044.9746701483,68767.56876788016,2.2202330268360853,152680.02735366923,152696.69782877312,0.9998908262238743
182,2021,fish_oil,34345.42334380266,2.658988758263209,91324.09456896206,34345.42334380266,3.117438860940405,107069.75742742016,140472.41685813703,0.762211968884609
183,2021,fish_oil,17093.521513415642,1.817973558554829,31075.57013397776,17093.521513415642,2.1449447204779837,36664.65872457772,38474.19227969127,0.9529676011920146
184,2021,fish_oil,30089.013061412337,2.7938393362876086,84063.86828104543,30089.013061412337,3.0176726311164717,90798.79121273005,90930.7654644014,0.9985486292675826
186,2021,fish_oil,219.95507681577,1.7024125352346209,374.4542799596608,219.95507681577,2.3849063523012894,524.572259918848,524.572259918848,1
187,2021,fish_oil,16718.94596387286,12.87878787878788,215319.75862563532,16718.94596387286,8.237959330928895,137729.9969063824,137729.9969063824,1
188,2021,fish_oil,7.0039305035009995,5.694915254237288,39.886790664005694,7.0039305035009995,7.9415413440599565,55.622003664475855,55.622003664475855,1
189,2021,fish_oil,7826.234520874347,3.153055117253387,24676.548804867973,7826.234520874347,11.160247420839122,87342.71362647004,87513.77303095684,0.9980453430521583
190,2021,fish_oil,617.66934831,59.00740656851673,36447.06636063894,617.66934831,37.543560537003756,23189.506570128146,23189.506570128146,1
191,2021,fish_oil,26986.838593285294,10.677540646744092,288153.0660069259,26986.838593285294,9.321789295288283,251565.62311255958,251606.5170268616,0.9998374687794845
192,2021,fish_oil,600.0968475792,59.00740656851673,35410.15866559107,600.0968475792,37.543560537003756,22529.772325154812,22529.772325154812,1
193,2021,fish_oil,25745.424711813845,1.4868421052631575,38279.38147940742,25745.424711813845,2.0847353824298454,53672.39783240203,53672.39783240203,1
194,2021,fish_oil,65261.746892482086,1.1470895464253457,74861.06764182299,65261.746892482086,1.4329434424635192,93516.39225329616,93520.02647981673,0.9999611395905522
195,2021,fish_oil,9450.47126399373,1.800882127333163,17019.184794201952,9450.47126399373,1.6708690131513098,15790.499594684014,15790.499594684014,1
196,2021,fish_oil,39745.62907661888,1.1470895464253457,45591.79562988879,39745.62907661888,1.4329434424635192,56953.23855192841,56953.23855192841,1
197,2021,fish_oil,34927.6923120897,0.4022489631611747,14049.628018150614,34927.6923120897,0.4679036154143196,16342.793510905703,16345.25957717853,0.999849126515172
198,2021,fish_oil,13917.154369825908,0.4022489631611747,5598.1609154164835,13917.154369825908,0.4679036154143196,6511.886845920739,6511.886845920739,1
199,2021,fish_oil,517.42933127172,0.4022489631611747,208.13541201322937,517.42933127172,0.4679036154143196,242.10705482345145,242.39192062431724,0.9988247718812902
200,2021,fish_oil,52276.01574252479,0.4022489631611747,21027.97313062784,52276.01574252479,0.48564623421962844,25387.650185363178,25387.650185363178,1
202,2021,fish_oil,8739.852768855937,5.812489553582919,50800.30291882789,8739.852768855937,5.748828062077304,50243.91085602303,152204.01461694422,0.33010897237154474
203,2021,fish_oil,389716.2087415488,2.5318239702208944,986692.838875463,389716.2087415488,2.349088138424896,915477.7233066931,976968.6165738505,0.9370594999429962
204,2021,fish_oil,126724.98556514338,25.9,3282177.1261372133,126724.98556514338,21.374203711533674,2708645.656810539,2708937.36188955,0.9998923175252721
205,2021,fish_oil,44724.10809826799,14.573864422390765,651803.0878365065,44724.10809826799,10.550575298718494,471865.07015880203,471867.869407055,0.9999940677286281
206,2021,fish_oil,90008.22510062947,1.7024125352346209,153231.13068553104,90008.22510062947,1.609266466387589,144847.21835350868,821622.0231577605,0.17629422565477704
207,2021,fish_oil,394632.2595472988,1.2343155460159814,487100.73291864456,394632.2595472988,1.3339390417129715,526415.3781295484,558227.083556213,0.9430129666514807
208,2021,fish_oil,33.03024921099,63.73026819923372,2105.0266409039205,33.03024921099,42.90871120219815,1417.2854243310032,1618.3664125237742,0.8757506417355797
209,2021,fish_oil,490934.8838322549,8.929164275715287,4383638.2264174055,490934.8838322549,6.952912284717577,3413427.184793682,45929171.92833647,0.07431937135987712
210,2021,fish_oil,562805.4677527555,2.9241914951439645,1645750.9622231284,562805.4677527555,2.6696886396762287,1502515.3636071975,1647321.5102287459,0.912096002072212
212,2021,fish_oil,289.35460439999997,9.479579859767002,2742.960080201088,289.35460439999997,7.708067116186213,2230.3647110927104,2230.3647110927104,1
214,2021,fish_oil,11304.812201508,2.1753688277089696,24592.136066264517,11304.812201508,2.446627027241295,27658.659070096637,27758.670780059187,0.996397100179797
215,2021,fish_oil,10.51604343,59.00740656851673,620.5244501661891,10.51604343,37.543560537003756,394.8097131239656,394.8097131239656,1
216,2021,fish_oil,551985.8821979382,1.5270457443757663,842907.6923658645,551985.8821979382,2.081482532692897,1148948.9720880876,11028820.733340817,0.10417695598358424
218,2021,fish_oil,62460.28584410968,4.052182326070946,253100.4663788406,62460.28584410968,4.630126968918255,289199.05397315533,298657.8360267497,0.968329034391225
219,2021,fish_oil,2.94008444172,3.5057862212602675,10.307307525123662,2.94008444172,4.044532184510794,11.89126614971599,11.89126614971599,1
221,2021,fish_oil,3.1153844969999995,3,9.346153491,3.1153844969999995,4.285629370629371,13.351383301146607,13.351383301146607,1
222,2021,fish_oil,64226.34122804093,5.0933367139129935,327126.3817770846,64226.34122804093,7.497924575601142,481564.26229467295,481607.0955630014,0.9999110617997055
223,2021,fish_oil,171877.98479880363,1.6179174698489858,278084.39428842283,171877.98479880363,1.8123312715701627,311499.8467453329,311821.3987438961,0.9989687943166873
224,2021,fish_oil,380866.30844279926,1.434777979029458,546458.5923079697,380866.30844279926,1.801433378412336,686105.2807415467,712870.5508867558,0.9624542350474217
227,2021,fish_oil,250.598482329339,2.21169171000455,554.2465859075207,250.598482329339,3.4845125427256796,873.2135548646013,873.2135548646013,1
228,2021,fish_oil,250.598482329339,2.21169171000455,554.2465859075207,250.598482329339,3.4845125427256796,873.2135548646013,873.2135548646013,1
231,2021,fish_oil,312.3656517834,14.573864422390765,4552.3746593029955,312.3656517834,10.550575298718494,3295.6373298740423,3947.840652110657,0.8347949221587949
232,2021,fish_oil,3.5554728634019996,12.963175178808166,46.0902175717788,3.5554728634019996,10.436069385210523,37.1051614996964,37.1051614996964,1
244,2021,fish_oil,3.19715775,1.7024125352346209,5.442881430722516,3.19715775,4.272277057119686,13.659143703317396,20.738143703317395,0.6586483293165916
245,2021,fish_oil,2.1723533099999996,1.7024125352346209,3.69824150590242,2.1723533099999996,2.3849063523012894,5.180859208461731,5.180859208461731,1
247,2021,fish_oil,737.8890093843299,1.7024125352346209,1256.1914991877402,737.8890093843299,2.3849063523012894,1759.7961857739942,1759.7961857739942,1
250,2021,fish_oil,8.672266921319999,1.7024125352346209,14.76377591575572,8.672266921319999,1.2731755333965924,11.041318063309213,11.041318063309213,1
4,2021,fish_oil,0,3.5278152980448,0,0,3.288745553885218,0,0,0
10,2021,fish_oil,0,9.479579859767002,0,0,7.708067116186213,0,0,0
30,2021,fish_oil,0,1.7024125352346209,0,0,2.3849063523012894,0,0,0
36,2021,fish_oil,0,1.7024125352346209,0,0,2.3849063523012894,0,0,0
46,2021,fish_oil,0,5.812489553582919,0,0,5.748828062077304,0,0,0
60,2021,fish_oil,0,12.963175178808166,0,0,10.436069385210523,0,0,0
86,2021,fish_oil,0,2.21169171000455,0,0,3.4845125427256796,0,0,0
88,2021,fish_oil,0,1.7024125352346209,0,0,2.3849063523012894,0,0,0
91,2021,fish_oil,0,1.7024125352346209,0,0,2.3849063523012894,0,0,0
92,2021,fish_oil,0,1.7024125352346209,0,0,2.3849063523012894,0,0,0
105,2021,fish_oil,0,9.479579859767002,0,0,7.708067116186213,0,0,0
107,2021,fish_oil,0,1.7024125352346209,0,0,2.3849063523012894,0,0,0
131,2021,fish_oil,0,2.057485335651256e-5,0,0,1.3371867421361994,0,21.719781787328,0
149,2021,fish_oil,0,1.7024125352346209,0,0,2.3849063523012894,0,0,0
150,2021,fish_oil,0,1.7024125352346209,0,0,2.3849063523012894,0,0,0
159,2021,fish_oil,0,1.7024125352346209,0,0,2.3849063523012894,0,0,0
185,2021,fish_oil,0,2.5590912874213827,0,0,3.2472760508164895,0,0,0
220,2021,fish_oil,0,1.7024125352346209,0,0,2.3849063523012894,0,0,0
237,2021,fish_oil,0,14.573864422390765,0,0,10.550575298718494,0,0,0
248,2021,fish_oil,0,1.7024125352346209,0,0,2.3849063523012894,0,0,0
249,2021,fish_oil,0,1.7024125352346209,0,0,2.3849063523012894,0,0,0
1,2022,fish_oil,19.076750991,3.0101488204920854,57.42385949437987,19.076750991,3.288745553885218,62.738580004226684,62.738580004226684,1
2,2022,fish_oil,0.89275446,3.0101488204920854,2.687323784758049,0.89275446,3.288745553885218,2.936042261036199,2.936042261036199,1
3,2022,fish_oil,0.01736397,3.0101488204920854,0.05226813381455995,0.01736397,3.288745553885218,0.05710567913529631,0.05710567913529631,1
5,2022,fish_oil,20.297703556529996,1.4311338122586197,29.048729870952116,20.297703556529996,1.6460735474746353,33.41151289888585,177.53442768531343,0.18819737295184819
6,2022,fish_oil,145.263824928,1.4311338122586197,207.89197155247737,145.263824928,1.6460735474746353,239.1149396189673,239.1149396189673,1
7,2022,fish_oil,0.50190948,1.2603305785123966,0.6325718652892561,0.50190948,1.463166073835872,0.7343769232726042,12087.938021179838,6.075286967767937e-5
8,2022,fish_oil,43.853757480000006,9.100285927081371,399.0817320448835,43.853757480000006,7.708067116186213,338.0277059527932,643.820121530045,0.525034391825883
9,2022,fish_oil,14.73954166188,9.100285927081371,134.13404355723614,14.73954166188,7.708067116186213,113.61337639159392,1259.5726317307633,0.0901999404635199
11,2022,fish_oil,56.87039484,9.100285927081371,517.536853830013,56.87039484,7.708067116186213,438.36082035073014,4513.9310802813625,0.09711287402363401
12,2022,fish_oil,0.04010662160999999,1.6479230480227982,0.0660926261294482,0.04010662160999999,2.3849063523012894,0.09565053664703314,0.09565053664703314,1
13,2022,fish_oil,11.809075959549,1.6479230480227982,19.46044844959274,11.809075959549,2.3849063523012894,28.163540270736856,28.163540270736856,1
14,2022,fish_oil,64055.88247080591,58.4,3740863.536295065,64055.88247080591,34.93719946000395,2237933.142469117,2240437.4350112523,0.9988822305398933
15,2022,fish_oil,219968.57785838997,3.0938950922834887,680559.7034926512,219968.57785838997,2.7007441458925356,594078.8489313532,3284378.2869016477,0.18088015357444823
16,2022,fish_oil,13431.633552928486,3.0004645581994525,40301.14043428451,13431.633552928486,3.563948901853449,47869.65565105742,49425.01845223094,0.968530860485631
17,2022,fish_oil,911.3277735,1.6019370460048423,1459.88972142276,911.3277735,1.7395058331844377,1585.2599779462362,9145.884319510875,0.17333042082813227
18,2022,fish_oil,896.34268846539,1.4311338122586197,1282.786328833614,896.34268846539,1.7355487354035966,1555.6464194543676,3672.168511277847,0.42363154486966376
19,2022,fish_oil,10.2741534,9.100285927081371,93.49773359869522,10.2741534,7.708067116186213,79.19386396919278,79.19386396919278,1
20,2022,fish_oil,114301.21142381184,2.385777474438567,272697.2555159705,114301.21142381184,2.7738499978680187,317054.4150642524,1102871.9131383135,0.28748072308963585
21,2022,fish_oil,11901.8138006583,17.891573542637257,212942.176905253,11901.8138006583,11.833412595566443,140839.07333879644,549472.9463588605,0.256316665401056
24,2022,fish_oil,16188.090965334,15.469033137719894,250414.11557917568,16188.090965334,10.550575298718494,170793.67267226093,176105.13121174733,0.9698392743985412
25,2022,fish_oil,259308.48591954,3.137910089014196,813686.7141339201,259308.48591954,3.7279995710959137,966701.9242895759,966941.6807823484,0.999752046584052
26,2022,fish_oil,1921.19167004112,13.961943531218187,26823.56960976088,1921.19167004112,11.666758129986418,22414.07853571442,22414.07853571442,1
28,2022,fish_oil,41.85,4.39079772574889,183.75488482259107,41.85,5.748828062077304,240.58845439793518,240.58845439793518,1
29,2022,fish_oil,10.1121214698,4.39079772574889,44.400279952094365,10.1121214698,5.748828062077304,58.13284767272063,58.13284767272063,1
31,2022,fish_oil,475.762008144744,3.601477332531389,1713.4460880129095,475.762008144744,4.410791515668824,2098.4870290023987,2098.4870290023987,1
32,2022,fish_oil,0.031904145,4.39079772574889,0.14008464730796283,0.031904145,5.748828062077304,0.1834114440725833,0.1834114440725833,1
33,2022,fish_oil,0,1.6479230480227982,0,0,2.3849063523012894,0,0,0
34,2022,fish_oil,0,1.6479230480227982,0,0,2.3849063523012894,0,0,0
35,2022,fish_oil,0,1.6479230480227982,0,0,2.3849063523012894,0,0,0
37,2022,fish_oil,85.9258736172,3.403042549946622,292.40940406066744,85.9258736172,3.477673705469413,298.8221512980244,326.66875621669715,0.914755836336547
38,2022,fish_oil,0,13.961943531218187,0,0,11.666758129986418,0,0,0
39,2022,fish_oil,8.315307261000001,13.961943531218187,116.09785042281058,8.315307261000001,11.666758129986418,97.01267859060685,589.3319058806966,0.16461467234771768
40,2022,fish_oil,12040.58856555,24.948235294117648,300391.4366130039,12040.58856555,23.919914146390443,288009.8447599665,294282.2400108772,0.9786857839240354
41,2022,fish_oil,8724.121473059748,12.802768166089963,111692.90467239122,8724.121473059748,13.302876548712804,116055.91095208832,116067.65742519691,0.9998987963282006
42,2022,fish_oil,701.7717081382201,0.8516129032258064,597.6378417693229,701.7717081382201,2.182279382113405,1531.461929620544,15293.90984772103,0.10013540977219436
43,2022,fish_oil,452.702411946,0.5555555555555555,251.50133996999995,452.702411946,4.992155905067614,2259.961019034575,3476.195205225085,0.6501248881643981
44,2022,fish_oil,6996.11574087,5.130329847144006,35892.381399459366,6996.11574087,6.127191315431761,42866.53960921411,42975.14753910816,0.9974727735420753
45,2022,fish_oil,1490.7280928455978,4.39079772574889,6545.485519776431,1490.7280928455978,5.748828062077304,8569.939493077753,8569.939493077753,1
47,2022,fish_oil,12145.93781459274,1.3508255167437715,16407.042724734954,12145.93781459274,3.6654242596572595,44520.01512189671,44520.01512189671,1
48,2022,fish_oil,41682.145178034,1.882636718165588,78472.33700407553,41682.145178034,1.9326741743404976,80558.00551669761,80558.00551669761,1
49,2022,fish_oil,0,2.810645172715364,0,0,2.5773899383593672,0,124.27961668916268,0
50,2022,fish_oil,4469.819862662747,55.591812672190194,248485.38848358236,4469.819862662747,37.543560537003756,167812.95260338066,167812.95260338066,1
51,2022,fish_oil,0,55.591812672190194,0,0,37.543560537003756,0,0,0
52,2022,fish_oil,1058.6182582800002,55.591812672190194,58850.50790566202,1058.6182582800002,26.461039105525394,28012.139130170268,28012.139130170268,1
53,2022,fish_oil,85036.1103483822,1.3505626346731927,114846.5932344714,85036.1103483822,1.3687953582947872,116397.03313230886,116397.03313230886,1
54,2022,fish_oil,1952.242716438,3.846569350758853,7509.436998292617,1952.242716438,5.06333387011565,9884.856668827108,10035.60536668538,0.9849786144083839
55,2022,fish_oil,144.9242590850892,9.038014004857269,1309.8274832545994,144.9242590850892,10.436069385210523,1512.4396234122173,1512.4396234122173,1
56,2022,fish_oil,1091.375391416022,1.006868961352657,1098.8720068008995,1091.375391416022,1.2333975822332677,1346.0997690814077,1346.0997690814077,1
57,2022,fish_oil,2.415684517217946,9.038014004857269,21.832990497932663,2.415684517217946,10.436069385210523,25.210251234465268,25.210251234465268,1
58,2022,fish_oil,2788.934415617754,9.038014004857269,25206.428306981685,2788.934415617754,10.436069385210523,29105.51307218844,29105.51307218844,1
59,2022,fish_oil,179.639216054127,2.786999304013906,500.6543701164556,179.639216054127,2.523991242365039,453.4078081059376,569.039092565635,0.7967955348404115
61,2022,fish_oil,9455.153464730673,2.1421428571428573,20254.28945766235,9455.153464730673,2.2042952532692595,20841.949901238215,21144.741513528326,0.9856800513689711
62,2022,fish_oil,140860.348805256,3.47914748828787,490073.9287451597,140860.348805256,3.0812475345675474,434025.60247451987,435461.3196813526,0.9967029971619906
63,2022,fish_oil,208621.93926804877,2.810645172715364,586362.2465262591,208621.93926804877,2.5773899383593672,537700.0871904879,537700.0871904879,1
64,2022,fish_oil,444247.7517112001,1.1857976311410945,526787.9316188982,444247.7517112001,1.1148000261462037,495247.40522303805,495247.40522303805,1
65,2022,fish_oil,24779.54161007756,0.2387847589571918,5916.976870432074,24779.54161007756,0.2305765012079326,5713.580005988064,5713.580005988064,1
66,2022,fish_oil,55440.37828577113,1.1936973716716706,66179.03384420816,55440.37828577113,1.1546795529170926,64015.871212568694,64015.871212568694,1
67,2022,fish_oil,3260.0236150882524,2.810645172715364,9162.769636685884,3260.0236150882524,2.5773899383593672,8402.352064342393,8402.352064342393,1
68,2022,fish_oil,106.98741516465,25.82790697674419,2763.26100655489,106.98741516465,28.609579924510385,3060.865005069829,3060.865005069829,1
69,2022,fish_oil,24968.68183268567,1.470641201293848,36719.97224514473,24968.68183268567,1.529753947135234,38195.93958831471,38195.93958831471,1
70,2022,fish_oil,20403.483529990383,2.7793573251186587,56708.57140701668,20403.483529990383,2.391965338303544,48804.42538438424,48804.42538438424,1
71,2022,fish_oil,841.4393159776679,0.00261920802944971,2.2039046127033797,841.4393159776679,12.820476003208777,10787.652558648098,11138.506435332714,0.9685008148335162
72,2022,fish_oil,92.1629313,5.042980999815533,464.7759114332042,92.1629313,5.776315907380503,532.3622061390064,532.3622061390064,1
73,2022,fish_oil,316368.6181807075,1.3746529484917722,434897.0537923773,316368.6181807075,1.7575542011568623,556034.9939976938,669748.7042136694,0.8302143632372035
74,2022,fish_oil,87319.53863457122,2.551080165283769,222759.1430523844,87319.53863457122,2.396318532041894,209245.42863937115,209245.42863937115,1
75,2022,fish_oil,8552.4923990826,4.776315789473684,40849.40448509189,8552.4923990826,4.232002020735836,36194.165115245436,36194.165115245436,1
76,2022,fish_oil,142584.31349260092,2.9738183362432404,424019.8459249511,142584.31349260092,2.986219833271625,425788.10486502387,426224.0754088362,0.9989771329942023
77,2022,fish_oil,97.03999989,55.591812672190194,5394.629495594238,97.03999989,37.543560537003756,3643.227110381053,3643.227110381053,1
78,2022,fish_oil,485.77887851013,55.591812672190194,27005.328414241787,485.77887851013,37.543560537003756,18237.86873294286,18237.86873294286,1
79,2022,fish_oil,115.140469275,320.94594594594594,36953.866828125,115.140469275,229.60139529777732,26436.41240078086,26436.41240078086,1
80,2022,fish_oil,13433.056518078442,7.787665674871516,104612.15315444856,13433.056518078442,19.983348884439568,268437.4549851565,268437.4549851565,1
81,2022,fish_oil,266.442142622283,55.591812672190194,14812.001680634938,266.442142622283,28.24207922330041,7524.880100364423,7524.880100364423,1
82,2022,fish_oil,234.44925813260105,9.038014004857269,2118.955678430845,234.44925813260105,10.436069385210523,2446.728725182957,2446.728725182957,1
84,2022,fish_oil,30120.26688567,2.810645172715364,84657.38272310681,30120.26688567,2.5773899383593672,77631.6728118247,77631.6728118247,1
85,2022,fish_oil,0.01045692044999999,1.6479230480227982,0.01723220022089591,0.01045692044999999,2.3849063523012894,0.024938776006714236,0.024938776006714236,1
89,2022,fish_oil,0.02166102126899999,9.100285927081371,0.1971214870204909,0.02166102126899999,7.708067116186213,0.166964605746589,0.166964605746589,1
90,2022,fish_oil,0,2.218704915663421,0,0,2.1521520399948773,0,0,0
93,2022,fish_oil,0,1.6479230480227982,0,0,2.3849063523012894,0,0,0
94,2022,fish_oil,21.68561844018,9.100285927081371,197.34532831122633,21.68561844018,7.708067116186213,167.15420239291282,167.15420239291282,1
95,2022,fish_oil,499.46721264855,2.9078841597276552,1452.392795964043,499.46721264855,3.4845125427256796,1740.3997671541067,1740.3997671541067,1
96,2022,fish_oil,57606.67887502738,1.4663671035997392,84472.53884997418,57606.67887502738,1.4329434424635192,82547.11273607222,82547.11273607222,1
97,2022,fish_oil,8735.962446577216,1.4663671035997392,12810.127949943524,8735.962446577216,1.4329434424635192,12518.140101430383,12518.140101430383,1
98,2022,fish_oil,4783.630304265201,1.4663671035997392,7014.558113957301,4783.630304265201,1.4329434424635192,6854.671675666588,6854.671675666588,1
99,2022,fish_oil,2227.729131206595,1.4663671035997392,3266.668713732178,2227.729131206595,1.4329434424635192,3192.209850147443,3192.209850147443,1
100,2022,fish_oil,7097.137855821,0.5683060109289617,4033.346103854557,7097.137855821,0.4501609966090107,3194.8546502479185,3194.8546502479185,1
101,2022,fish_oil,1877.22405387,1.4626262626262627,2745.677202024,1877.22405387,1.6157140906401382,3033.057355126361,3035.3747296469846,0.9992365441742697
102,2022,fish_oil,16525.0084267881,2.974783568700579,49158.32354064784,16525.0084267881,2.688589989349616,44428.97223018053,47709.18845413112,0.9312456084407246
103,2022,fish_oil,179.81853810511498,0.5683060109289617,102.19195608159539,179.81853810511498,0.4679036154143196,84.13774409790089,84.13774409790089,1
104,2022,fish_oil,714.5946254700001,0.5683060109289617,406.1084210321312,714.5946254700001,0.4679036154143196,334.36140881305465,334.36140881305465,1
106,2022,fish_oil,58473.45202547699,2.027943078913325,118580.8323352364,58473.45202547699,2.541546039158982,148612.9703913038,148652.6486176049,0.9997330809328318
108,2022,fish_oil,9.036658242,2.545454545454546,23.002402797818185,9.036658242,4.285629370629371,38.72776797425517,38.72776797425517,1
110,2022,fish_oil,3.184079085,2.545454545454546,8.104928580000001,3.184079085,4.285629370629371,13.645782845082694,13.645782845082694,1
111,2022,fish_oil,30.00336228,2.545454545454546,76.37219489454547,30.00336228,4.285629370629371,128.58329060480142,128.58329060480142,1
112,2022,fish_oil,826.6123699199999,2.545454545454546,2104.104214341818,826.6123699199999,4.285629370629371,3542.5542506547017,3566.4931876018127,0.9932878220459442
113,2022,fish_oil,0,2.545454545454546,0,0,4.285629370629371,0,0,0
114,2022,fish_oil,1705.4806707846003,2.545454545454546,4341.223525633529,1705.4806707846003,4.285629370629371,7309.058053755164,7579.404036439147,0.9643314987056696
115,2022,fish_oil,725.60416653,2.545454545454546,1846.992423894546,725.60416653,4.861013986013986,3527.1720018123515,3527.1720018123515,1
116,2022,fish_oil,50.98762606499999,1.6479230480227982,84.02368415648147,50.98762606499999,2.3849063523012894,121.60071329118128,121.60071329118128,1
117,2022,fish_oil,198.7948035,2.545454545454546,506.02313618181824,198.7948035,4.285629370629371,851.9608486080945,851.9608486080945,1
118,2022,fish_oil,36.0839592234,2.545454545454546,91.8500780232,36.0839592234,4.285629370629371,154.64247545639563,154.64247545639563,1
119,2022,fish_oil,107.18444069999998,2.545454545454546,272.8331217818182,107.18444069999998,4.285629370629371,459.35278713840205,479.6156014662603,0.9577519699819781
120,2022,fish_oil,56.33100352233,2.545454545454546,143.38800896593094,56.33100352233,4.285629370629371,241.41380317232398,343.75124927261794,0.7022921478341059
121,2022,fish_oil,1.2470668605000002,2.545454545454546,3.1743520085454553,1.2470668605000002,4.285629370629371,5.344466364497361,5.344466364497361,1
122,2022,fish_oil,16.319379258,2.545454545454546,41.540238111272735,16.319379258,4.285629370629371,69.93881105852455,3135.4331525882444,0.022305948701470898
123,2022,fish_oil,58.690789380000005,2.545454545454546,149.3947366036364,58.690789380000005,4.285629370629371,251.5269707523504,251.5269707523504,1
124,2022,fish_oil,0,2.545454545454546,0,0,3.7102447552447555,0,0,0
125,2022,fish_oil,50.7157396587,2.545454545454546,129.0946100403273,50.7157396587,4.285629370629371,217.3488634345175,496.64036830663287,0.4376383341040115
126,2022,fish_oil,82.847551587552,2.545454545454546,210.88467676831425,82.847551587552,4.285629370629371,355.05390036834484,355.7939434717931,0.997920023325223
127,2022,fish_oil,85.58393060260799,2.545454545454546,217.85000517027493,85.58393060260799,4.285629370629371,366.78100664444264,534.8221623758362,0.6857999395819618
129,2022,fish_oil,72623.42847,2.0093526732383293,145926.0801359271,72623.42847,2.2396359132212504,162650.03854266662,162650.03854266662,1
130,2022,fish_oil,0.26603397,1.372808873969204,0.365213794793257,0.26603397,1.134726662961296,0.3018758390124455,162.44939277350377,0.0018582761921021032
132,2022,fish_oil,1428.497824845591,9.905840286054826,14150.471301897143,1428.497824845591,6.711653332926084,9587.582187202572,9587.582187202572,1
133,2022,fish_oil,145.86218018999998,0.7576773445906796,110.5164693625664,145.86218018999998,0.899642500014652,131.22381644371922,131.22381644371922,1
134,2022,fish_oil,156.47671989,1.511,236.43632375379,156.47671989,1.4357522526653674,224.6618030717552,224.6618030717552,1
135,2022,fish_oil,189181.672421508,2.6989205019452656,510586.2942907011,189181.672421508,2.4899191833318852,471047.0752971214,481701.619119742,0.9778814448618823
136,2022,fish_oil,1258.406908483347,1.364007910349374,1716.476977609586,1258.406908483347,1.508341345016909,1898.107168920342,1898.107168920342,1
137,2022,fish_oil,15405.67905970122,2.313750627345231,35644.89958906299,15405.67905970122,2.211599754677016,34071.196029068065,36949.44979768059,0.9221029329429096
138,2022,fish_oil,1181547.4283075866,3.8509247370045783,4550050.219613829,1181547.4283075866,3.555083303556598,4200499.534736537,4200499.534736537,1
139,2022,fish_oil,36330.5781055224,3.9514513763839143,143558.5128598898,36330.5781055224,3.137514027709095,113987.69844085745,221144.4870984959,0.5154444496284833
140,2022,fish_oil,125.820753435,1.6479230480227982,207.34291950513017,125.820753435,2.3849063523012894,300.0707141184658,300.0707141184658,1
141,2022,fish_oil,109669.32348468545,2.873400973411901,315123.94085431984,109669.32348468545,1.9433388307830615,213124.65487349796,213845.49861342838,0.9966291376502926
143,2022,fish_oil,2193.750133170966,2.7963410757796403,6134.473607383028,2193.750133170966,3.0386387249288247,6666.014107471064,6666.014107471064,1
144,2022,fish_oil,0.195706864881,2.9078841597276552,0.5690928923374204,0.195706864881,3.4845125427256796,0.6819430253753643,0.6819430253753643,1
145,2022,fish_oil,272.88732179825973,1.813953488372093,495.0049093084711,272.88732179825973,2.978864098082635,812.8942457267588,812.8942457267588,1
146,2022,fish_oil,0,9.100285927081371,0,0,7.708067116186213,0,0,0
147,2022,fish_oil,514.1729664000001,9.100285927081371,4679.121010215604,514.1729664000001,7.708067116186213,3963.279734339759,4599.599185844061,0.8616576301990252
148,2022,fish_oil,14.16894066,9.100285927081371,128.94141128984904,14.16894066,7.708067116186213,109.21514557253978,109.21514557253978,1
151,2022,fish_oil,14.677137238229998,9.100285927081371,133.5661454589064,14.677137238229998,7.708067116186213,113.13235890575278,113.13235890575278,1
152,2022,fish_oil,60.818838119999995,9.100285927081371,553.468816644876,60.818838119999995,7.708067116186213,468.7956861574245,469.13997889813743,0.9992661193754547
153,2022,fish_oil,9.36503616024,9.100285927081371,85.22450677564024,9.36503616024,7.708067116186213,72.18632726864075,72.18632726864075,1
154,2022,fish_oil,1.5286821170219995,9.100285927081371,13.91144435651626,1.5286821170219995,7.708067116186213,11.783184357319199,11.783184357319199,1
155,2022,fish_oil,49.187853693,9.100285927081371,447.62353274574536,49.187853693,7.708067116186213,379.1432775667919,464.3938126536494,0.8164262038727066
156,2022,fish_oil,4.4970933186,9.100285927081371,40.92483504002724,4.4970933186,7.708067116186213,34.66389712752139,34.66389712752139,1
157,2022,fish_oil,0.1795594932,9.100285927081371,1.6340427290418231,0.1795594932,7.708067116186213,1.384056624933982,1.384056624933982,1
158,2022,fish_oil,0,1.6479230480227982,0,0,2.3849063523012894,0,0,0
161,2022,fish_oil,5.579839342800001,9.100285927081371,50.77813344665781,5.579839342800001,7.708067116186213,43.00977615183878,43.00977615183878,1
162,2022,fish_oil,19793.00900102472,3.0198330827847184,59771.58338915015,19793.00900102472,3.0135422059169876,59647.06800668282,59647.06800668282,1
163,2022,fish_oil,170104.28316426955,4.148802489409522,705729.0734511437,170104.28316426955,3.458937400103335,588380.06695466,598083.3605762529,0.983776018091786
164,2022,fish_oil,3.63640617,1.6189612173488086,5.887200559757918,3.63640617,1.5778863713353657,5.737835736282835,138.174998558045,0.04152586065613358
166,2022,fish_oil,763.6937710374899,2.545454545454546,1943.9477808227016,763.6937710374899,4.285629370629371,3272.9084553249686,3272.9084553249686,1
167,2022,fish_oil,812.15046009,3.9514513763839143,3209.1730533534596,812.15046009,3.137514027709095,2548.1334611427706,2548.1334611427706,1
168,2022,fish_oil,1935.72956088,3.9514513763839143,7648.941237646306,1935.72956088,3.137514027709095,6073.378651112166,6111.82830906949,0.9937089761012645
169,2022,fish_oil,101.238654681,3.9514513763839143,400.0396213824933,101.238654681,3.137514027709095,317.6376992080345,317.6376992080345,1
171,2022,fish_oil,41045.710021942745,1.7480146652888466,71748.5030655493,41045.710021942745,1.4224343098491854,58384.82620733192,59153.61100873088,0.9870035862851131
172,2022,fish_oil,27692.810979927486,3.9514513763839143,109426.79606257404,27692.810979927486,3.1228800868333497,86481.32795765549,86481.32795765549,1
173,2022,fish_oil,1256.2204635517498,3.9514513763839143,4963.894079743201,1256.2204635517498,3.137514027709095,3941.409326288837,3941.409326288837,1
174,2022,fish_oil,30496.825507251535,2.61958984572311,79889.17442558566,30496.825507251535,2.478941071842013,75599.83331072496,75599.83331072496,1
175,2022,fish_oil,25248.637453543684,2.674993005614864,67539.92858953484,25248.637453543684,2.4996215141653004,63112.03738223758,63169.75065863634,0.9990863779610175
176,2022,fish_oil,13824.144297818497,3.750504278431652,51847.51233462479,13824.144297818497,3.2481233783097996,44902.52627887237,44987.647249346344,0.9981079034873243
177,2022,fish_oil,8787.688803130473,3.513871595896184,30878.8100788951,8787.688803130473,4.033789810956062,35447.68955592038,55588.642882229884,0.6376786285468393
178,2022,fish_oil,32162.36556513069,2.298237874521149,73916.76667597816,32162.36556513069,2.3415452426278867,75309.63408069072,75309.94018946265,0.9999959353470318
179,2022,fish_oil,22303.823654389267,3.5722637206125984,79675.14007151588,22303.823654389267,3.18319977163506,70997.52636324057,72623.46366387315,0.9776114052042741
180,2022,fish_oil,160078.35359367882,2.405154982967282,385013.2498110351,160078.35359367882,2.2622906926210296,362143.7694250778,363328.1398392611,0.996740218319706
181,2022,fish_oil,68767.56876788016,2.590522662270923,178143.94532246768,68767.56876788016,2.2202330268360853,152680.02735366923,152718.43176594126,0.9997485279816722
182,2022,fish_oil,34345.42334380266,3.2623226800203247,112045.8535293869,34345.42334380266,3.117438860940405,107069.75742742016,116018.19078958381,0.9228704283245293
183,2022,fish_oil,17093.521513415642,2.4191838312441325,41352.370864278855,17093.521513415642,2.1449447204779837,36664.65872457772,38495.21119217288,0.9524472678313982
184,2022,fish_oil,30089.013061412337,4.409972914168997,132691.73261490557,30089.013061412337,3.0176726311164717,90798.79121273005,90903.4028028882,0.9988492005036931
186,2022,fish_oil,219.95507681577,1.6479230480227982,362.4690406143324,219.95507681577,2.3849063523012894,524.572259918848,524.572259918848,1
187,2022,fish_oil,16718.94596387286,6.670157068062828,111517.99559148704,16718.94596387286,8.237959330928895,137729.9969063824,137729.9969063824,1
188,2022,fish_oil,7.0039305035009995,12.88888888888889,90.272882045124,7.0039305035009995,7.9415413440599565,55.622003664475855,55.622003664475855,1
189,2022,fish_oil,7826.234520874347,5.247604844540853,41068.98618625309,7826.234520874347,11.160247420839122,87342.71362647004,87577.4462515301,0.9973197137492924
190,2022,fish_oil,617.66934831,55.591812672190194,34337.35870460332,617.66934831,37.543560537003756,23189.506570128146,23189.506570128146,1
191,2022,fish_oil,26986.838593285294,13.961943531218187,376788.71652554895,26986.838593285294,9.321789295288283,251565.62311255958,251590.34055926517,0.9999017551840399
192,2022,fish_oil,600.0968475792,55.591812672190194,33360.47153579476,600.0968475792,37.543560537003756,22529.772325154812,22529.772325154812,1
193,2022,fish_oil,25745.424711813845,2.9343718592964825,75546.64977998279,25745.424711813845,2.0847353824298454,53672.39783240203,53672.39783240203,1
194,2022,fish_oil,65261.746892482086,1.4663671035997392,95697.67876658824,65261.746892482086,1.4329434424635192,93516.39225329616,93516.39225329616,1
195,2022,fish_oil,9450.47126399373,1.677106063865753,15849.44266323293,9450.47126399373,1.6708690131513098,15790.499594684014,15790.499594684014,1
196,2022,fish_oil,39745.62907661888,1.4663671035997392,58281.682989831206,39745.62907661888,1.4329434424635192,56953.23855192841,56953.23855192841,1
197,2022,fish_oil,34927.6923120897,0.5683060109289617,19849.61748883786,34927.6923120897,0.4679036154143196,16342.793510905703,16344.066240235505,0.999922128966495
198,2022,fish_oil,13917.154369825908,0.5683060109289617,7909.20248339833,13917.154369825908,0.4679036154143196,6511.886845920739,6511.886845920739,1
199,2022,fish_oil,517.42933127172,0.5683060109289617,294.05819919267145,517.42933127172,0.4679036154143196,242.10705482345145,242.838210379007,0.9969891247575313
200,2022,fish_oil,52276.01574252479,0.5683060109289617,29708.77397389387,52276.01574252479,0.48564623421962844,25387.650185363178,25387.650185363178,1
202,2022,fish_oil,8739.852768855937,4.39079772574889,38374.92566087279,8739.852768855937,5.748828062077304,50243.91085602303,156108.71607947059,0.32185205360631663
203,2022,fish_oil,389716.2087415488,2.715642862748571,1058330.0407664194,389716.2087415488,2.349088138424896,915477.7233066931,977525.8310454069,0.9365253523046476
204,2022,fish_oil,126724.98556514338,26.833333333333336,3400453.779331347,126724.98556514338,21.374203711533674,2708645.656810539,2708973.5453277635,0.9998789620822285
205,2022,fish_oil,44724.10809826799,15.469033137719894,691838.7102270742,44724.10809826799,10.550575298718494,471865.07015880203,471865.07015880203,1
206,2022,fish_oil,90008.22510062947,1.6479230480227982,148326.62865495143,90008.22510062947,1.609266466387589,144847.21835350868,1309774.0147792194,0.11058947323666724
207,2022,fish_oil,394632.2595472988,1.334075689527364,526469.3037653043,394632.2595472988,1.3339390417129715,526415.3781295484,551595.1601037532,0.9543509736933359
208,2022,fish_oil,33.03024921099,67.94732221246709,2244.316985897224,33.03024921099,42.90871120219815,1417.2854243310032,1620.611974553718,0.8745371789081673
209,2022,fish_oil,490934.8838322549,8.29506443828728,4072336.496391635,490934.8838322549,6.952912284717577,3413427.184793682,61215696.6136001,0.055760652473492094
210,2022,fish_oil,562805.4677527555,2.485452257823188,1398826.1205413216,562805.4677527555,2.6696886396762287,1502515.3636071975,1627767.8530573286,0.923052608997728
212,2022,fish_oil,289.35460439999997,9.100285927081371,2633.209634357517,289.35460439999997,7.708067116186213,2230.3647110927104,2230.3647110927104,1
214,2022,fish_oil,11304.812201508,2.810645172715364,31773.815842622207,11304.812201508,2.446627027241295,27658.659070096637,27838.45501935059,0.9935414537506131
215,2022,fish_oil,10.51604343,55.591812672190194,584.6059164131764,10.51604343,37.543560537003756,394.8097131239656,394.8097131239656,1
216,2022,fish_oil,551985.8821979382,1.8319626053073357,1011217.4948442028,551985.8821979382,2.081482532692897,1148948.9720880876,11323055.801087633,0.10146986752266342
218,2022,fish_oil,62460.28584410968,6.902622385875465,431139.76729573193,62460.28584410968,4.630126968918255,289199.05397315533,291047.3217307542,0.993649597094356
219,2022,fish_oil,2.94008444172,5.525712437642493,16.24606116733139,2.94008444172,4.044532184510794,11.89126614971599,11.89126614971599,1
221,2022,fish_oil,3.1153844969999995,2.545454545454546,7.930069628727272,3.1153844969999995,4.285629370629371,13.351383301146607,13.351383301146607,1
222,2022,fish_oil,64226.34122804093,5.658501540102903,363424.8507540442,64226.34122804093,7.497924575601142,481564.26229467295,481621.3733191109,0.9998814192483935
223,2022,fish_oil,171877.98479880363,1.9645489715357871,337662.71826613334,171877.98479880363,1.8123312715701627,311499.8467453329,311786.0296104337,0.9990821177412651
224,2022,fish_oil,380866.30844279926,1.9387265662260909,738395.6303585154,380866.30844279926,1.801433378412336,686105.2807415467,709177.1176014327,0.9674667494378284
227,2022,fish_oil,250.598482329339,2.9078841597276552,728.7113572172756,250.598482329339,3.4845125427256796,873.2135548646013,873.2135548646013,1
228,2022,fish_oil,250.598482329339,2.9078841597276552,728.7113572172756,250.598482329339,3.4845125427256796,873.2135548646013,873.2135548646013,1
231,2022,fish_oil,312.3656517834,15.469033137719894,4831.994618522887,312.3656517834,10.550575298718494,3295.6373298740423,3947.840652110657,0.8347949221587949
232,2022,fish_oil,3.5554728634019996,9.038014004857269,32.13441353331725,3.5554728634019996,10.436069385210523,37.1051614996964,37.1051614996964,1
244,2022,fish_oil,3.19715775,1.6479230480227982,5.268669944389711,3.19715775,4.272277057119686,13.659143703317396,70.29114370331739,0.19432239943298507
245,2022,fish_oil,2.1723533099999996,1.6479230480227982,3.579871087997614,2.1723533099999996,2.3849063523012894,5.180859208461731,5.180859208461731,1
247,2022,fish_oil,737.8890093843299,1.6479230480227982,1215.9843054471482,737.8890093843299,2.3849063523012894,1759.7961857739942,1759.7961857739942,1
250,2022,fish_oil,8.672266921319999,1.6479230480227982,14.29122853824894,8.672266921319999,1.2731755333965924,11.041318063309213,11.041318063309213,1
4,2022,fish_oil,0,3.0101488204920854,0,0,3.288745553885218,0,0,0
10,2022,fish_oil,0,9.100285927081371,0,0,7.708067116186213,0,0,0
30,2022,fish_oil,0,1.6479230480227982,0,0,2.3849063523012894,0,0,0
36,2022,fish_oil,0,1.6479230480227982,0,0,2.3849063523012894,0,0,0
46,2022,fish_oil,0,4.39079772574889,0,0,5.748828062077304,0,0,0
60,2022,fish_oil,0,9.038014004857269,0,0,10.436069385210523,0,0,0
86,2022,fish_oil,0,2.9078841597276552,0,0,3.4845125427256796,0,0,0
88,2022,fish_oil,0,1.6479230480227982,0,0,2.3849063523012894,0,0,0
91,2022,fish_oil,0,1.6479230480227982,0,0,2.3849063523012894,0,0,0
92,2022,fish_oil,0,1.6479230480227982,0,0,2.3849063523012894,0,0,0
105,2022,fish_oil,0,9.100285927081371,0,0,7.708067116186213,0,0,0
107,2022,fish_oil,0,1.6479230480227982,0,0,2.3849063523012894,0,0,0
131,2022,fish_oil,0,1.6189612173488086,0,0,1.3371867421361994,0,28.827418020058264,0
149,2022,fish_oil,0,1.6479230480227982,0,0,2.3849063523012894,0,0,0
150,2022,fish_oil,0,1.6479230480227982,0,0,2.3849063523012894,0,0,0
159,2022,fish_oil,0,1.6479230480227982,0,0,2.3849063523012894,0,0,0
185,2022,fish_oil,0,3.405909724738585,0,0,3.2472760508164895,0,0,0
220,2022,fish_oil,0,1.6479230480227982,0,0,2.3849063523012894,0,0,0
237,2022,fish_oil,0,15.469033137719894,0,0,10.550575298718494,0,0,0
248,2022,fish_oil,0,1.6479230480227982,0,0,2.3849063523012894,0,0,0
249,2022,fish_oil,0,1.6479230480227982,0,0,2.3849063523012894,0,0,0
1,2023,fish_oil,19.076750991,3.9097530556701545,74.5853854793209,19.076750991,3.288745553885218,62.738580004226684,62.738580004226684,1
2,2023,fish_oil,0.89275446,3.9097530556701545,3.4904494779481587,0.89275446,3.288745553885218,2.936042261036199,2.936042261036199,1
3,2023,fish_oil,0.01736397,3.9097530556701545,0.06788883476606489,0.01736397,3.288745553885218,0.05710567913529631,0.05710567913529631,1
5,2023,fish_oil,20.297703556529996,2.2914491998089,46.51115657256893,20.297703556529996,1.6460735474746353,33.41151289888585,123.90729660199153,0.269649276637909
6,2023,fish_oil,145.263824928,2.2914491998089,332.86467539244575,145.263824928,1.6460735474746353,239.1149396189673,239.1149396189673,1
7,2023,fish_oil,0.50190948,2.696118909991742,1.3532076401321222,0.50190948,1.463166073835872,0.7343769232726042,715.6319972626267,0.0010261935269547462
8,2023,fish_oil,43.853757480000006,7.052039687792173,309.25843820777294,43.853757480000006,7.708067116186213,338.0277059527932,547.6198759596895,0.6172670510916145
9,2023,fish_oil,14.73954166188,7.052039687792173,103.94383277944397,14.73954166188,7.708067116186213,113.61337639159392,821.0712366909254,0.138372130595486
11,2023,fish_oil,56.87039484,7.052039687792173,401.0522814720912,56.87039484,7.708067116186213,438.36082035073014,4972.432734523559,0.08815822028263845
12,2023,fish_oil,0.04010662160999999,5.563146475908016,0.22311901067024772,0.04010662160999999,2.3849063523012894,0.09565053664703314,0.09565053664703314,1
13,2023,fish_oil,11.809075959549,5.563146475908016,65.69561930809509,11.809075959549,2.3849063523012894,28.163540270736856,28.163540270736856,1
14,2023,fish_oil,64055.88247080591,15.319711538461537,981317.6417943414,64055.88247080591,34.93719946000395,2237933.142469117,2240907.7053249404,0.9986726080468397
15,2023,fish_oil,219968.57785838997,2.426481521195225,533749.6894169764,219968.57785838997,2.7007441458925356,594078.8489313532,3422187.5574208423,0.17359622725619553
16,2023,fish_oil,13431.633552928486,4.581236289050904,61533.4870539097,13431.633552928486,3.563948901853449,47869.65565105742,50497.77588055061,0.9479557231251166
17,2023,fish_oil,911.3277735,2.0511453561016246,1869.2657305009584,911.3277735,1.7395058331844377,1585.2599779462362,3505.9340941907813,0.4521647969860473
18,2023,fish_oil,896.34268846539,2.1270833333333337,1906.5955935899235,896.34268846539,1.7355487354035966,1555.6464194543676,3090.786011406334,0.5033174130183588
19,2023,fish_oil,10.2741534,7.052039687792173,72.45373753526489,10.2741534,7.708067116186213,79.19386396919278,79.19386396919278,1
20,2023,fish_oil,114301.21142381184,5.587290729688595,638634.0989804401,114301.21142381184,2.7738499978680187,317054.4150642524,1174585.6124590866,0.2699287405713018
21,2023,fish_oil,11901.8138006583,7.801414846991125,92850.98689057952,11901.8138006583,11.833412595566443,140839.07333879644,549472.9463588605,0.256316665401056
24,2023,fish_oil,16188.090965334,14.686695343584494,237749.5602020931,16188.090965334,10.550575298718494,170793.67267226093,176105.13121174733,0.9698392743985412
25,2023,fish_oil,259308.48591954,4.044815830310225,1048855.0687811314,259308.48591954,3.7279995710959137,966701.9242895759,979589.8666701078,0.9868435323608016
26,2023,fish_oil,1921.19167004112,11.941060389706886,22941.065752162842,1921.19167004112,11.666758129986418,22414.07853571442,22414.07853571442,1
28,2023,fish_oil,41.85,4.965081306418548,207.78865267361624,41.85,5.748828062077304,240.58845439793518,240.58845439793518,1
29,2023,fish_oil,10.1121214698,4.965081306418548,50.20750527793763,10.1121214698,5.748828062077304,58.13284767272063,58.13284767272063,1
31,2023,fish_oil,475.762008144744,3.894258032600958,1852.740021824032,475.762008144744,4.410791515668824,2098.4870290023987,2098.4870290023987,1
32,2023,fish_oil,0.031904145,4.965081306418548,0.1584066739367668,0.031904145,5.748828062077304,0.1834114440725833,0.1834114440725833,1
33,2023,fish_oil,0,5.563146475908016,0,0,2.3849063523012894,0,0,0
34,2023,fish_oil,0,5.563146475908016,0,0,2.3849063523012894,0,0,0
35,2023,fish_oil,0,5.563146475908016,0,0,2.3849063523012894,0,0,0
37,2023,fish_oil,85.9258736172,4.227393507533626,363.24248025850613,85.9258736172,3.477673705469413,298.8221512980244,318.0495689799651,0.9395458458138898
38,2023,fish_oil,0,11.941060389706886,0,0,11.666758129986418,0,0,0
39,2023,fish_oil,8.315307261000001,11.941060389706886,99.29358616256916,8.315307261000001,11.666758129986418,97.01267859060685,565.1516317722317,0.17165778728513884
40,2023,fish_oil,12040.58856555,28.50117647058823,343170.93951648736,12040.58856555,23.919914146390443,288009.8447599665,296201.9525473287,0.9723428298938939
41,2023,fish_oil,8724.121473059748,12.802768166089963,111692.90467239122,8724.121473059748,13.302876548712804,116055.91095208832,116066.58956400522,0.9999079958155314
42,2023,fish_oil,701.7717081382201,1.2141583452211129,852.0619758760951,701.7717081382201,2.182279382113405,1531.461929620544,25706.7455840098,0.05957432163537454
43,2023,fish_oil,452.702411946,1.6942844588430053,767.0066610408518,452.702411946,4.992155905067614,2259.961019034575,3479.3615214482716,0.6495332563469502
44,2023,fish_oil,6996.11574087,5.957625328222618,41680.23633698406,6996.11574087,6.127191315431761,42866.53960921411,42975.875230430735,0.9974558837806006
45,2023,fish_oil,1490.7280928455978,4.965081306418548,7401.586186740651,1490.7280928455978,5.748828062077304,8569.939493077753,8569.939493077753,1
47,2023,fish_oil,12145.93781459274,3.178962271370628,38611.47806300414,12145.93781459274,3.6654242596572595,44520.01512189671,44520.01512189671,1
48,2023,fish_oil,41682.145178034,3.126553210741912,130321.4448369927,41682.145178034,1.9326741743404976,80558.00551669761,80558.00551669761,1
49,2023,fish_oil,0,4.887271109878033,0,0,2.5773899383593672,0,43.72595287273136,0
50,2023,fish_oil,4469.819862662747,14.75590872216053,65956.25389795161,4469.819862662747,37.543560537003756,167812.95260338066,167812.95260338066,1
51,2023,fish_oil,0,14.75590872216053,0,0,37.543560537003756,0,0,0
52,2023,fish_oil,1058.6182582800002,14.75590872216053,15620.874390792244,1058.6182582800002,26.461039105525394,28012.139130170268,28570.69089630713,0.9804501834357441
53,2023,fish_oil,85036.1103483822,2.163625418060201,183986.2898027318,85036.1103483822,1.3687953582947872,116397.03313230886,116580.44083421418,0.998426771244019
54,2023,fish_oil,1952.242716438,6.169773348964441,12044.895082589115,1952.242716438,5.06333387011565,9884.856668827108,9890.927086190528,0.9993862640670058
55,2023,fish_oil,144.9242590850892,13.977192957370365,2025.6343334362268,144.9242590850892,10.436069385210523,1512.4396234122173,1512.4396234122173,1
56,2023,fish_oil,1091.375391416022,2.536231884057971,2767.9810651855632,1091.375391416022,1.2333975822332677,1346.0997690814077,1346.0997690814077,1
57,2023,fish_oil,2.415684517217946,13.977192957370365,33.764488621287306,2.415684517217946,10.436069385210523,25.210251234465268,25.210251234465268,1
58,2023,fish_oil,2788.934415617754,13.977192957370365,38981.47447254031,2788.934415617754,10.436069385210523,29105.51307218844,29105.51307218844,1
59,2023,fish_oil,179.639216054127,4.291633252794706,770.945633123864,179.639216054127,2.523991242365039,453.4078081059376,586.904027855673,0.7725416534667848
61,2023,fish_oil,9455.153464730673,3.6903,34892.3528308956,9455.153464730673,2.2042952532692595,20841.949901238215,21077.667422198236,0.988816716943177
62,2023,fish_oil,140860.348805256,6.084242219756066,857028.4812905046,140860.348805256,3.0812475345675474,434025.60247451987,434315.31205411244,0.9993329510345321
63,2023,fish_oil,208621.93926804877,4.887271109878033,1019591.9766714644,208621.93926804877,2.5773899383593672,537700.0871904879,537700.0871904879,1
64,2023,fish_oil,444247.7517112001,1.1232068309152408,498982.1093407578,444247.7517112001,1.1148000261462037,495247.40522303805,495247.40522303805,1
65,2023,fish_oil,24779.54161007756,0.33498995453103525,8300.897517259777,24779.54161007756,0.2305765012079326,5713.580005988064,5713.580005988064,1
66,2023,fish_oil,55440.37828577113,1.6031141884933535,88877.25704535852,55440.37828577113,1.1546795529170926,64015.871212568694,64015.871212568694,1
67,2023,fish_oil,3260.0236150882524,4.887271109878033,15932.61923154096,3260.0236150882524,2.5773899383593672,8402.352064342393,8402.352064342393,1
68,2023,fish_oil,106.98741516465,22.458333333333336,2402.7590322394317,106.98741516465,28.609579924510385,3060.865005069829,3060.865005069829,1
69,2023,fish_oil,24968.68183268567,2.868096811103282,71612.59674177822,24968.68183268567,1.529753947135234,38195.93958831471,38195.93958831471,1
70,2023,fish_oil,20403.483529990383,4.389806521006327,89567.34505119697,20403.483529990383,2.391965338303544,48804.42538438424,48804.42538438424,1
71,2023,fish_oil,841.4393159776679,19.095238095238095,16067.484081287848,841.4393159776679,12.820476003208777,10787.652558648098,11138.506435332714,0.9685008148335162
72,2023,fish_oil,92.1629313,12.34290780141844,1137.5585637443617,92.1629313,5.776315907380503,532.3622061390064,532.6091408343353,0.9995363678983389
73,2023,fish_oil,316368.6181807075,2.488655621802498,787332.5401973057,316368.6181807075,1.7575542011568623,556034.9939976938,709735.419650822,0.7834398264514596
74,2023,fish_oil,87319.53863457122,4.1778269436858295,364805.92121772736,87319.53863457122,2.396318532041894,209245.42863937115,209245.42863937115,1
75,2023,fish_oil,8552.4923990826,1.8977635782747608,16230.608578450689,8552.4923990826,4.232002020735836,36194.165115245436,36194.165115245436,1
76,2023,fish_oil,142584.31349260092,6.036966974513032,860776.7916384446,142584.31349260092,2.986219833271625,425788.10486502387,425990.8172834844,0.9995241389949361
77,2023,fish_oil,97.03999989,14.75590872216053,1431.913380775308,97.03999989,37.543560537003756,3643.227110381053,3643.227110381053,1
78,2023,fish_oil,485.77887851013,14.75590872216053,7168.108790448989,485.77887851013,37.543560537003756,18237.86873294286,18359.023363777575,0.99340081286275
79,2023,fish_oil,115.140469275,65.84536958368734,7581.466753451572,115.140469275,229.60139529777732,26436.41240078086,26436.41240078086,1
80,2023,fish_oil,13433.056518078442,53.59669211195929,719967.3943219981,13433.056518078442,19.983348884439568,268437.4549851565,268437.4549851565,1
81,2023,fish_oil,266.442142622283,14.75590872216053,3931.595936271285,266.442142622283,28.24207922330041,7524.880100364423,7524.880100364423,1
82,2023,fish_oil,234.44925813260105,13.977192957370365,3276.942519631698,234.44925813260105,10.436069385210523,2446.728725182957,2446.728725182957,1
84,2023,fish_oil,30120.26688567,4.887271109878033,147205.910172151,30120.26688567,2.5773899383593672,77631.6728118247,77631.6728118247,1
85,2023,fish_oil,0.01045692044999999,5.563146475908016,0.0581733801502679,0.01045692044999999,2.3849063523012894,0.024938776006714236,0.024938776006714236,1
89,2023,fish_oil,0.02166102126899999,7.052039687792173,0.15275438166709832,0.02166102126899999,7.708067116186213,0.166964605746589,0.166964605746589,1
90,2023,fish_oil,0,3.869638090580624,0,0,2.1521520399948773,0,0,0
93,2023,fish_oil,0,5.563146475908016,0,0,2.3849063523012894,0,0,0
94,2023,fish_oil,21.68561844018,7.052039687792173,152.92784189446718,21.68561844018,7.708067116186213,167.15420239291282,167.15420239291282,1
95,2023,fish_oil,499.46721264855,5.234311551859661,2614.367000941451,499.46721264855,3.4845125427256796,1740.3997671541067,1740.3997671541067,1
96,2023,fish_oil,57606.67887502738,2.069567472696913,119220.90880985303,57606.67887502738,1.4329434424635192,82547.11273607222,82547.11273607222,1
97,2023,fish_oil,8735.962446577216,2.069567472696913,18079.66372213795,8735.962446577216,1.4329434424635192,12518.140101430383,12518.140101430383,1
98,2023,fish_oil,4783.630304265201,2.069567472696913,9900.045679114495,4783.630304265201,1.4329434424635192,6854.671675666588,6854.671675666588,1
99,2023,fish_oil,2227.729131206595,2.069567472696913,4610.435747924522,2227.729131206595,1.4329434424635192,3192.209850147443,3192.209850147443,1
100,2023,fish_oil,7097.137855821,0.5707511854255054,4050.6998443380658,7097.137855821,0.4501609966090107,3194.8546502479185,3194.8546502479185,1
101,2023,fish_oil,1877.22405387,2.515453639082752,4722.070077680968,1877.22405387,1.6157140906401382,3033.057355126361,3051.6426987817613,0.9939097248629993
102,2023,fish_oil,16525.0084267881,5.223822542078495,86323.71152789277,16525.0084267881,2.688589989349616,44428.97223018053,46859.61356771802,0.9481292918895947
103,2023,fish_oil,179.81853810511498,0.5707511854255054,102.6316437849758,179.81853810511498,0.4679036154143196,84.13774409790089,84.13774409790089,1
104,2023,fish_oil,714.5946254700001,0.5707511854255054,407.8557295856976,714.5946254700001,0.4679036154143196,334.36140881305465,334.36140881305465,1
106,2023,fish_oil,58473.45202547699,3.649231370505471,213383.1554731173,58473.45202547699,2.541546039158982,148612.9703913038,148614.0949921946,0.9999924327440756
108,2023,fish_oil,9.036658242,4.375,39.53537980875,9.036658242,4.285629370629371,38.72776797425517,38.72776797425517,1
110,2023,fish_oil,3.184079085,4.375,13.930345996875,3.184079085,4.285629370629371,13.645782845082694,13.645782845082694,1
111,2023,fish_oil,30.00336228,4.375,131.26470997500002,30.00336228,4.285629370629371,128.58329060480142,128.58329060480142,1
112,2023,fish_oil,826.6123699199999,4.375,3616.4291183999994,826.6123699199999,4.285629370629371,3542.5542506547017,3560.315397421913,0.9950113557972778
113,2023,fish_oil,0,4.375,0,0,4.285629370629371,0,0,0
114,2023,fish_oil,1705.4806707846003,4.375,7461.477934682626,1705.4806707846003,4.285629370629371,7309.058053755164,7376.64454942616,0.9908377724833911
115,2023,fish_oil,725.60416653,4.375,3174.51822856875,725.60416653,4.861013986013986,3527.1720018123515,3527.1720018123515,1
116,2023,fish_oil,50.98762606499999,5.563146475908016,283.6516322584204,50.98762606499999,2.3849063523012894,121.60071329118128,121.60071329118128,1
117,2023,fish_oil,198.7948035,4.375,869.7272653125,198.7948035,4.285629370629371,851.9608486080945,851.9608486080945,1
118,2023,fish_oil,36.0839592234,4.375,157.867321602375,36.0839592234,4.285629370629371,154.64247545639563,154.64247545639563,1
119,2023,fish_oil,107.18444069999998,4.375,468.93192806249994,107.18444069999998,4.285629370629371,459.35278713840205,479.6156014662603,0.9577519699819781
120,2023,fish_oil,56.33100352233,4.375,246.44814041019376,56.33100352233,4.285629370629371,241.41380317232398,343.75124927261794,0.7022921478341059
121,2023,fish_oil,1.2470668605000002,4.375,5.455917514687501,1.2470668605000002,4.285629370629371,5.344466364497361,5.344466364497361,1
122,2023,fish_oil,16.319379258,4.375,71.39728425375,16.319379258,4.285629370629371,69.93881105852455,2321.165977021459,0.030130896174977825
123,2023,fish_oil,58.690789380000005,4.375,256.77220353750005,58.690789380000005,4.285629370629371,251.5269707523504,251.5269707523504,1
124,2023,fish_oil,0,4.375,0,0,3.7102447552447555,0,0,0
125,2023,fish_oil,50.7157396587,4.375,221.8813610068125,50.7157396587,4.285629370629371,217.3488634345175,496.64036830663287,0.4376383341040115
126,2023,fish_oil,82.847551587552,4.375,362.45803819554,82.847551587552,4.285629370629371,355.05390036834484,355.15257278213795,0.9997221689455319
127,2023,fish_oil,85.58393060260799,4.375,374.42969638640994,85.58393060260799,4.285629370629371,366.78100664444264,534.8221623758362,0.6857999395819618
129,2023,fish_oil,72623.42847,4.447120228796244,322965.11783347407,72623.42847,2.2396359132212504,162650.03854266662,162650.03854266662,1
130,2023,fish_oil,0.26603397,1.671060225262962,0.4445587858358001,0.26603397,1.134726662961296,0.3018758390124455,88.28432311956308,0.0034193595005946455
132,2023,fish_oil,1428.497824845591,10.43937575030012,14912.62555204953,1428.497824845591,6.711653332926084,9587.582187202572,9587.582187202572,1
133,2023,fish_oil,145.86218018999998,1.6001611298042746,233.40299104854503,145.86218018999998,0.899642500014652,131.22381644371922,131.22381644371922,1
134,2023,fish_oil,156.47671989,1.6770384615384617,262.4174775909104,156.47671989,1.4357522526653674,224.6618030717552,224.6618030717552,1
135,2023,fish_oil,189181.672421508,4.594409907504836,869178.1500917108,189181.672421508,2.4899191833318852,471047.0752971214,471048.0166226159,0.9999980016357967
136,2023,fish_oil,1258.406908483347,1.9790986283474852,2490.5113864823916,1258.406908483347,1.508341345016909,1898.107168920342,1898.107168920342,1
137,2023,fish_oil,15405.67905970122,3.8449087910047424,59233.430848042895,15405.67905970122,2.211599754677016,34071.196029068065,36949.44979768059,0.9221029329429096
138,2023,fish_oil,1181547.4283075866,6.710028843238059,7928217.323597659,1181547.4283075866,3.555083303556598,4200499.534736537,4200499.534736537,1
139,2023,fish_oil,36330.5781055224,5.293764327395711,192325.51836867817,36330.5781055224,3.137514027709095,113987.69844085745,147267.34958722483,0.7740188083804943
140,2023,fish_oil,125.820753435,5.563146475908016,699.9592810680116,125.820753435,2.3849063523012894,300.0707141184658,300.0707141184658,1
141,2023,fish_oil,109669.32348468545,3.825727271491088,419564.92170133913,109669.32348468545,1.9433388307830615,213124.65487349796,213883.2703482841,0.9964531331807728
143,2023,fish_oil,2193.750133170966,4.485586708698794,9840.256439557896,2193.750133170966,3.0386387249288247,6666.014107471064,6666.014107471064,1
144,2023,fish_oil,0.195706864881,5.234311551859661,1.024390703624856,0.195706864881,3.4845125427256796,0.6819430253753643,0.6819430253753643,1
145,2023,fish_oil,272.88732179825973,3.8,1036.971822833387,272.88732179825973,2.978864098082635,812.8942457267588,812.8942457267588,1
146,2023,fish_oil,0,7.052039687792173,0,0,7.708067116186213,0,0,0
147,2023,fish_oil,514.1729664000001,7.052039687792173,3625.968165442632,514.1729664000001,7.708067116186213,3963.279734339759,4599.599185844061,0.8616576301990252
148,2023,fish_oil,14.16894066,7.052039687792173,99.91993186829224,14.16894066,7.708067116186213,109.21514557253978,109.21514557253978,1
151,2023,fish_oil,14.677137238229998,7.052039687792173,103.50375430717035,14.677137238229998,7.708067116186213,113.13235890575278,113.13235890575278,1
152,2023,fish_oil,60.818838119999995,7.052039687792173,428.89686018764746,60.818838119999995,7.708067116186213,468.7956861574245,469.35130578238704,0.9988161966993223
153,2023,fish_oil,9.36503616024,7.052039687792173,66.0426066796213,9.36503616024,7.708067116186213,72.18632726864075,72.18632726864075,1
154,2023,fish_oil,1.5286821170219995,7.052039687792173,10.7803269592573,1.5286821170219995,7.708067116186213,11.783184357319199,11.783184357319199,1
155,2023,fish_oil,49.187853693,7.052039687792173,346.87469640035084,49.187853693,7.708067116186213,379.1432775667919,552.7443238653068,0.6859288484691556
156,2023,fish_oil,4.4970933186,7.052039687792173,31.713680562472213,4.4970933186,7.708067116186213,34.66389712752139,34.66389712752139,1
157,2023,fish_oil,0.1795594932,7.052039687792173,1.2662606723662488,0.1795594932,7.708067116186213,1.384056624933982,1.384056624933982,1
158,2023,fish_oil,0,5.563146475908016,0,0,2.3849063523012894,0,0,0
161,2023,fish_oil,5.579839342800001,7.052039687792173,39.3492484969298,5.579839342800001,7.708067116186213,43.00977615183878,43.00977615183878,1
162,2023,fish_oil,19793.00900102472,3.2382698222894053,64095.10374032091,19793.00900102472,3.0135422059169876,59647.06800668282,59647.06800668282,1
163,2023,fish_oil,170104.28316426955,5.373227865401845,914009.0743224592,170104.28316426955,3.458937400103335,588380.06695466,596396.9926107036,0.9865577362807452
164,2023,fish_oil,3.63640617,2.8218430172056026,10.26136735853787,3.63640617,1.5778863713353657,5.737835736282835,208.71373728227232,0.02749141389060927
166,2023,fish_oil,763.6937710374899,4.375,3341.1602482890185,763.6937710374899,4.285629370629371,3272.9084553249686,3272.9084553249686,1
167,2023,fish_oil,812.15046009,5.293764327395711,4299.333134102456,812.15046009,3.137514027709095,2548.1334611427706,2548.1334611427706,1
168,2023,fish_oil,1935.72956088,5.293764327395711,10247.296096871907,1935.72956088,3.137514027709095,6073.378651112166,6104.18334783821,0.994953510572884
169,2023,fish_oil,101.238654681,5.293764327395711,535.9335787038106,101.238654681,3.137514027709095,317.6376992080345,317.6376992080345,1
171,2023,fish_oil,41045.710021942745,2.488316324533979,102134.71029968809,41045.710021942745,1.4224343098491854,58384.82620733192,59185.78622577257,0.9864670207237718
172,2023,fish_oil,27692.810979927486,5.293764327395711,146599.2148908524,27692.810979927486,3.1228800868333497,86481.32795765549,86481.32795765549,1
173,2023,fish_oil,1256.2204635517498,5.293764327395711,6650.135077294757,1256.2204635517498,3.137514027709095,3941.409326288837,3941.409326288837,1
174,2023,fish_oil,30496.825507251535,4.97119905833443,151605.79024383824,30496.825507251535,2.478941071842013,75599.83331072496,75599.83331072496,1
175,2023,fish_oil,25248.637453543684,4.070071221969957,102763.75269362096,25248.637453543684,2.4996215141653004,63112.03738223758,63208.894599560284,0.9984676647497743
176,2023,fish_oil,13824.144297818497,4.805510436076832,66432.06969299882,13824.144297818497,3.2481233783097996,44902.52627887237,45136.60894767579,0.9948139066212356
177,2023,fish_oil,8787.688803130473,6.463865359387206,56802.43724362989,8787.688803130473,4.033789810956062,35447.68955592038,51094.18683697398,0.6937714787207238
178,2023,fish_oil,32162.36556513069,2.8899750872856074,92948.4352314002,32162.36556513069,2.3415452426278867,75309.63408069072,75309.7871350767,0.9999979676693854
179,2023,fish_oil,22303.823654389267,5.61473767222027,125230.118906857,22303.823654389267,3.18319977163506,70997.52636324057,72004.85915996357,0.9860102108597263
180,2023,fish_oil,160078.35359367882,3.2385120925341746,518415.6838660903,160078.35359367882,2.2622906926210296,362143.7694250778,362220.39186217857,0.9997884645955274
181,2023,fish_oil,68767.56876788016,3.4769414128343525,239100.80770897676,68767.56876788016,2.2202330268360853,152680.02735366923,152725.55178856282,0.9997019199841778
182,2023,fish_oil,34345.42334380266,4.534617431327846,155743.35538114185,34345.42334380266,3.117438860940405,107069.75742742016,116373.3955462277,0.9200535648621527
183,2023,fish_oil,17093.521513415642,3.414138145612944,58359.64384180784,17093.521513415642,2.1449447204779837,36664.65872457772,39183.20044850666,0.9357239404872318
184,2023,fish_oil,30089.013061412337,3.218400107918522,96838.48288401128,30089.013061412337,3.0176726311164717,90798.79121273005,90878.85559207734,0.999118998816329
186,2023,fish_oil,219.95507681577,5.563146475908016,1223.6423104457278,219.95507681577,2.3849063523012894,524.572259918848,524.572259918848,1
187,2023,fish_oil,16718.94596387286,4.9639639639639634,82992.24528012563,16718.94596387286,8.237959330928895,137729.9969063824,137729.9969063824,1
188,2023,fish_oil,7.0039305035009995,5.654205607476636,39.60166312727201,7.0039305035009995,7.9415413440599565,55.622003664475855,55.622003664475855,1
189,2023,fish_oil,7826.234520874347,11.960049525381756,93602.15246690957,7826.234520874347,11.160247420839122,87342.71362647004,87520.1603132714,0.9979725050072327
190,2023,fish_oil,617.66934831,14.75590872216053,9114.27252413874,617.66934831,37.543560537003756,23189.506570128146,23189.506570128146,1
191,2023,fish_oil,26986.838593285294,0.21621621621621623,5834.992128277901,26986.838593285294,9.321789295288283,251565.62311255958,251574.67801877845,0.9999640070841382
192,2023,fish_oil,600.0968475792,14.75590872216053,8854.974307334956,600.0968475792,37.543560537003756,22529.772325154812,22529.772325154812,1
193,2023,fish_oil,25745.424711813845,3.406366192849145,87698.34435886562,25745.424711813845,2.0847353824298454,53672.39783240203,53672.39783240203,1
194,2023,fish_oil,65261.746892482086,2.069567472696913,135063.58858005976,65261.746892482086,1.4329434424635192,93516.39225329616,93516.39225329616,1
195,2023,fish_oil,9450.47126399373,1.833831887526174,17330.57555606149,9450.47126399373,1.6708690131513098,15790.499594684014,15790.499594684014,1
196,2023,fish_oil,39745.62907661888,2.069567472696913,82256.26111884708,39745.62907661888,1.4329434424635192,56953.23855192841,56953.23855192841,1
197,2023,fish_oil,34927.6923120897,0.5707511854255054,19935.021791302508,34927.6923120897,0.4679036154143196,16342.793510905703,16344.066240235505,0.999922128966495
198,2023,fish_oil,13917.154369825908,0.5707511854255054,7943.23235432789,13917.154369825908,0.4679036154143196,6511.886845920739,6511.886845920739,1
199,2023,fish_oil,517.42933127172,0.5707511854255054,295.32340419726074,517.42933127172,0.4679036154143196,242.10705482345145,242.838210379007,0.9969891247575313
200,2023,fish_oil,52276.01574252479,0.5707511854255054,29836.597954368404,52276.01574252479,0.48564623421962844,25387.650185363178,25387.650185363178,1
202,2023,fish_oil,8739.852768855937,4.965081306418548,43394.079603497,8739.852768855937,5.748828062077304,50243.91085602303,196042.508919579,0.2562908990143265
203,2023,fish_oil,389716.2087415488,3.4492838436697784,1344241.8224284633,389716.2087415488,2.349088138424896,915477.7233066931,982475.0659264764,0.9318075898887016
204,2023,fish_oil,126724.98556514338,25.374999999999996,3215646.5087155127,126724.98556514338,21.374203711533674,2708645.656810539,2708993.434310423,0.9998716211359246
205,2023,fish_oil,44724.10809826799,14.686695343584494,656849.3501528021,44724.10809826799,10.550575298718494,471865.07015880203,471865.07015880203,1
206,2023,fish_oil,90008.22510062947,1.684947046339515,151659.09302956783,90008.22510062947,1.609266466387589,144847.21835350868,996877.7603109013,0.1453008825358231
207,2023,fish_oil,394632.2595472988,1.2565328534179114,495868.39913972514,394632.2595472988,1.3339390417129715,526415.3781295484,547333.2119393834,0.9617822683631491
208,2023,fish_oil,33.03024921099,62.748896247240616,2072.611680760913,33.03024921099,42.90871120219815,1417.2854243310032,1623.49476120428,0.872984291787727
209,2023,fish_oil,490934.8838322549,6.608609772841947,3244397.071122866,490934.8838322549,6.952912284717577,3413427.184793682,53963887.40697164,0.0632539156983101
210,2023,fish_oil,562805.4677527555,3.690047346972421,2076778.8231426275,562805.4677527555,2.6696886396762287,1502515.3636071975,1631816.6345422924,0.9207623772193236
212,2023,fish_oil,289.35460439999997,7.052039687792173,2040.5401540742037,289.35460439999997,7.708067116186213,2230.3647110927104,2313.6212438031994,0.9640146229926427
214,2023,fish_oil,11304.812201508,4.887271109878033,55249.682075026736,11304.812201508,2.446627027241295,27658.659070096637,27799.432715054154,0.9949360964879947
215,2023,fish_oil,10.51604343,14.75590872216053,155.17377697135595,10.51604343,37.543560537003756,394.8097131239656,640.1951866970944,0.6167020954357286
216,2023,fish_oil,551985.8821979382,2.9567502657584943,1632084.4038836905,551985.8821979382,2.081482532692897,1148948.9720880876,11915982.474443257,0.0964208343334081
218,2023,fish_oil,62460.28584410968,4.493992102668771,280696.03131386294,62460.28584410968,4.630126968918255,289199.05397315533,291047.3217307542,0.993649597094356
219,2023,fish_oil,2.94008444172,4.933609984035308,14.505229955576668,2.94008444172,4.044532184510794,11.89126614971599,11.89126614971599,1
221,2023,fish_oil,3.1153844969999995,4.375,13.629807174374998,3.1153844969999995,4.285629370629371,13.351383301146607,13.351383301146607,1
222,2023,fish_oil,64226.34122804093,13.085635140482786,840442.4677182907,64226.34122804093,7.497924575601142,481564.26229467295,481602.81223616854,0.9999199549078284
223,2023,fish_oil,171877.98479880363,2.6401128584789815,453777.2777567764,171877.98479880363,1.8123312715701627,311499.8467453329,311583.0478949453,0.9997329727975429
224,2023,fish_oil,380866.30844279926,2.986191927901655,1137339.895881589,380866.30844279926,1.801433378412336,686105.2807415467,710984.4619220415,0.96500741927153
227,2023,fish_oil,250.598482329339,5.234311551859661,1311.710530934958,250.598482329339,3.4845125427256796,873.2135548646013,873.2135548646013,1
228,2023,fish_oil,250.598482329339,5.234311551859661,1311.710530934958,250.598482329339,3.4845125427256796,873.2135548646013,873.2135548646013,1
231,2023,fish_oil,312.3656517834,14.686695343584494,4587.619163542996,312.3656517834,10.550575298718494,3295.6373298740423,3947.840652110657,0.8347949221587949
232,2023,fish_oil,3.5554728634019996,13.977192957370365,49.69553026646388,3.5554728634019996,10.436069385210523,37.1051614996964,37.1051614996964,1
244,2023,fish_oil,3.19715775,15,47.95736625,3.19715775,4.272277057119686,13.659143703317396,98.60714370331739,0.13852083318034358
245,2023,fish_oil,2.1723533099999996,5.563146475908016,12.08511966095361,2.1723533099999996,2.3849063523012894,5.180859208461731,5.180859208461731,1
247,2023,fish_oil,737.8890093843299,5.563146475908016,4104.984642167692,737.8890093843299,2.3849063523012894,1759.7961857739942,1759.7961857739942,1
250,2023,fish_oil,8.672266921319999,0.00449238138453166,0.03895913047902765,8.672266921319999,1.2731755333965924,11.041318063309213,11.041318063309213,1
4,2023,fish_oil,0,3.9097530556701545,0,0,3.288745553885218,0,0,0
10,2023,fish_oil,0,7.052039687792173,0,0,7.708067116186213,0,0,0
30,2023,fish_oil,0,5.563146475908016,0,0,2.3849063523012894,0,0,0
36,2023,fish_oil,0,5.563146475908016,0,0,2.3849063523012894,0,0,0
46,2023,fish_oil,0,4.965081306418548,0,0,5.748828062077304,0,0,0
60,2023,fish_oil,0,13.977192957370365,0,0,10.436069385210523,0,0,0
86,2023,fish_oil,0,5.234311551859661,0,0,3.4845125427256796,0,0,0
88,2023,fish_oil,0,5.563146475908016,0,0,2.3849063523012894,0,0,0
91,2023,fish_oil,0,5.563146475908016,0,0,2.3849063523012894,0,0,0
92,2023,fish_oil,0,5.563146475908016,0,0,2.3849063523012894,0,0,0
105,2023,fish_oil,0,7.052039687792173,0,0,7.708067116186213,0,0,0
107,2023,fish_oil,0,5.563146475908016,0,0,2.3849063523012894,0,0,0
131,2023,fish_oil,0,3.784012539184953,0,0,1.3371867421361994,0,50.98015226826324,0
149,2023,fish_oil,0,5.563146475908016,0,0,2.3849063523012894,0,0,0
150,2023,fish_oil,0,5.563146475908016,0,0,2.3849063523012894,0,0,0
159,2023,fish_oil,0,5.563146475908016,0,0,2.3849063523012894,0,0,0
185,2023,fish_oil,0,5.293936680119754,0,0,3.2472760508164895,0,0,0
220,2023,fish_oil,0,5.563146475908016,0,0,2.3849063523012894,0,0,0
237,2023,fish_oil,0,14.686695343584494,0,0,10.550575298718494,0,0,0
248,2023,fish_oil,0,5.563146475908016,0,0,2.3849063523012894,0,0,0
249,2023,fish_oil,0,5.563146475908016,0,0,2.3849063523012894,0,0,0
