"rgn_id","count_points","extent_km2"
133,68,146.025250945112
135,597,1282.01580609164
136,8,17.1794412876602
164,38,81.6023461163859
